t_ns,v0,v1,v2,v3,v4,v5,v6,v7,v8,v9,v10,v11,v12,v13,v14,v15,v16,v17,v18,v19,v20,v21,v22,v23,v24,v25,v26,v27,v28,v29,v30,v31
1785945590346969654,0.0,0.012792683206498623,-0.1932772397994995,-0.008250894024968147,0.17134177684783936,-0.06621652096509933,-4.406623702379875e-06,-0.00010628974268911406,0.08749999850988388,0.0925000011920929,0.10000000149011612,0.10750000178813934,0.11999999731779099,0.13500000536441803,0.1574999988079071,0.18250000476837158,0.23250000178813934,0.32249999046325684,0.5149999856948853,0.6274999976158142,0.6274999976158142,0.6324999928474426,0.4000000059604645,0.2800000011920929,0.2199999988079071,0.18250000476837158,0.1574999988079071,0.14000000059604645,0.1274999976158142,0.11500000208616257,0.10750000178813934,0.10249999910593033
1785945590445683042,0.0,0.012792683206498623,-0.19289647042751312,-0.00825906079262495,0.17179463803768158,-0.06622684001922607,-1.3183524060877971e-05,-0.00010629141615936533,0.08749999850988388,0.0925000011920929,0.10000000149011612,0.10750000178813934,0.11999999731779099,0.13500000536441803,0.1574999988079071,0.18250000476837158,0.23250000178813934,0.32249999046325684,0.5149999856948853,0.6274999976158142,0.6274999976158142,0.6324999928474426,0.4000000059604645,0.2800000011920929,0.2199999988079071,0.18250000476837158,0.1574999988079071,0.14000000059604645,0.1274999976158142,0.11500000208616257,0.10750000178813934,0.10249999910593033
1785945590547499114,0.0,0.01528910268098116,-0.19289647042751312,-0.00825906079262495,0.17362801730632782,-0.06872326135635376,-1.3183524060877971e-05,-0.00010629141615936533,0.08749999850988388,0.0925000011920929,0.10000000149011612,0.10750000178813934,0.11999999731779099,0.13500000536441803,0.1574999988079071,0.18250000476837158,0.23250000178813934,0.32249999046325684,0.5149999856948853,0.6274999976158142,0.6274999976158142,0.6324999928474426,0.4000000059604645,0.2800000011920929,0.2199999988079071,0.18250000476837158,0.1574999988079071,0.14000000059604645,0.1274999976158142,0.11500000208616257,0.10750000178813934,0.10249999910593033
1785945590645349244,0.0,0.013169841840863228,-0.19268818199634552,-0.008269269950687885,0.17232058942317963,-0.06661421060562134,-1.3147033314453438e-05,-0.00010192216723226011,0.08749999850988388,0.0925000011920929,0.10000000149011612,0.10750000178813934,0.11999999731779099,0.13500000536441803,0.1574999988079071,0.18250000476837158,0.23250000178813934,0.32249999046325684,0.5149999856948853,0.6274999976158142,0.6274999976158142,0.6324999928474426,0.4000000059604645,0.2800000011920929,0.2199999988079071,0.18250000476837158,0.1574999988079071,0.14000000059604645,0.1274999976158142,0.11500000208616257,0.10750000178813934,0.10249999910593033
1785945590748035198,0.0,0.013169841840863228,-0.19268818199634552,-0.008269269950687885,0.17232058942317963,-0.06661421060562134,-1.3147033314453438e-05,-0.00010192216723226011,0.08749999850988388,0.0925000011920929,0.10000000149011612,0.10750000178813934,0.11999999731779099,0.13500000536441803,0.1574999988079071,0.18250000476837158,0.23250000178813934,0.32249999046325684,0.5149999856948853,0.6274999976158142,0.6274999976158142,0.6324999928474426,0.4000000059604645,0.2800000011920929,0.2199999988079071,0.18250000476837158,0.1574999988079071,0.14000000059604645,0.1274999976158142,0.11500000208616257,0.10750000178813934,0.10249999910593033
1785945590846140023,0.0,0.013571824878454208,-0.19174078106880188,-0.00826111901551485,0.173676997423172,-0.06700801849365234,-7.301938609316494e-08,-0.000106365121609997,0.08749999850988388,0.0925000011920929,0.10000000149011612,0.10750000178813934,0.11999999731779099,0.13500000536441803,0.1574999988079071,0.18250000476837158,0.23250000178813934,0.32249999046325684,0.5149999856948853,0.6274999976158142,0.6274999976158142,0.6324999928474426,0.4000000059604645,0.2800000011920929,0.2199999988079071,0.18250000476837158,0.1574999988079071,0.14000000059604645,0.1274999976158142,0.11500000208616257,0.10750000178813934,0.10249999910593033
1785945590945324177,0.0,0.014819697476923466,-0.19174078106880188,-0.00826111901551485,0.17459283769130707,-0.06825589388608932,-7.301938609316494e-08,-0.000106365121609997,0.08749999850988388,0.0925000011920929,0.10000000149011612,0.10750000178813934,0.11999999731779099,0.13500000536441803,0.1574999988079071,0.18250000476837158,0.23250000178813934,0.32249999046325684,0.5149999856948853,0.6274999976158142,0.6274999976158142,0.6324999928474426,0.4000000059604645,0.2800000011920929,0.2199999988079071,0.18250000476837158,0.1574999988079071,0.14000000059604645,0.1274999976158142,0.11500000208616257,0.10750000178813934,0.10249999910593033
1785945591045752528,0.0,0.014819697476923466,-0.19262419641017914,-0.008203933946788311,0.1735505610704422,-0.06820053607225418,-1.3146769560989924e-05,-0.00011072564666392282,0.08749999850988388,0.0925000011920929,0.10000000149011612,0.10750000178813934,0.11999999731779099,0.13500000536441803,0.1574999988079071,0.18250000476837158,0.23250000178813934,0.32249999046325684,0.5149999856948853,0.6274999976158142,0.6274999976158142,0.6324999928474426,0.4000000059604645,0.2800000011920929,0.2199999988079071,0.18250000476837158,0.1574999988079071,0.14000000059604645,0.1274999976158142,0.11500000208616257,0.10750000178813934,0.10249999910593033
1785945591147913698,0.0,0.012474745512008667,-0.19262419641017914,-0.008203933946788311,0.17187708616256714,-0.06585557758808136,-1.3146769560989924e-05,-0.00011072564666392282,0.08749999850988388,0.0925000011920929,0.10000000149011612,0.10750000178813934,0.11999999731779099,0.13500000536441803,0.1574999988079071,0.18250000476837158,0.23250000178813934,0.32249999046325684,0.5149999856948853,0.6274999976158142,0.6274999976158142,0.6324999928474426,0.4000000059604645,0.2800000011920929,0.2199999988079071,0.18250000476837158,0.1574999988079071,0.14000000059604645,0.1274999976158142,0.11500000208616257,0.10750000178813934,0.10249999910593033
1785945591252523070,0.0,0.013600101694464684,-0.1923687607049942,-0.008175350725650787,0.1729252189397812,-0.06695029884576797,-8.812594387563877e-06,-0.00011072037887061015,0.08749999850988388,0.0925000011920929,0.10000000149011612,0.10750000178813934,0.11999999731779099,0.13500000536441803,0.1574999988079071,0.18250000476837158,0.23250000178813934,0.32249999046325684,0.5149999856948853,0.6274999976158142,0.6274999976158142,0.6324999928474426,0.4000000059604645,0.2800000011920929,0.2199999988079071,0.18250000476837158,0.1574999988079071,0.14000000059604645,0.1274999976158142,0.11500000208616257,0.10750000178813934,0.10249999910593033
1785945591346294198,0.0,0.013223624788224697,-0.19215823709964752,-0.008156975731253624,0.17289328575134277,-0.06655533611774445,-4.4062326196581125e-06,-0.00010634631325956434,0.08749999850988388,0.0925000011920929,0.10000000149011612,0.10750000178813934,0.11999999731779099,0.13500000536441803,0.1574999988079071,0.18250000476837158,0.23250000178813934,0.32249999046325684,0.5149999856948853,0.6274999976158142,0.6274999976158142,0.6324999928474426,0.4000000059604645,0.2800000011920929,0.2199999988079071,0.18250000476837158,0.1574999988079071,0.14000000059604645,0.1274999976158142,0.11500000208616257,0.10750000178813934,0.10249999910593033
1785945591446767702,0.0,0.013223624788224697,-0.19199776649475098,-0.008150850422680378,0.1730804741382599,-0.06654920428991318,-1.3146554920240305e-05,-0.00010627372830640525,0.08749999850988388,0.0925000011920929,0.10000000149011612,0.10750000178813934,0.11999999731779099,0.13500000536441803,0.1574999988079071,0.18250000476837158,0.23250000178813934,0.32249999046325684,0.5149999856948853,0.6274999976158142,0.6274999976158142,0.6324999928474426,0.4000000059604645,0.2800000011920929,0.2199999988079071,0.18250000476837158,0.1574999988079071,0.14000000059604645,0.1274999976158142,0.11500000208616257,0.10750000178813934,0.10249999910593033
1785945591546086196,0.0,0.015866713598370552,-0.19186413288116455,-0.008148808032274246,0.1751977503299713,-0.0691882073879242,-1.3182525435695425e-05,-0.00010627305891830474,0.08749999850988388,0.0925000011920929,0.10000000149011612,0.10750000178813934,0.11999999731779099,0.13500000536441803,0.1574999988079071,0.18250000476837158,0.23250000178813934,0.32249999046325684,0.5149999856948853,0.6274999976158142,0.6274999976158142,0.6324999928474426,0.4000000059604645,0.2800000011920929,0.2199999988079071,0.18250000476837158,0.1574999988079071,0.14000000059604645,0.1274999976158142,0.11500000208616257,0.10750000178813934,0.10249999910593033
1785945591645980707,0.0,0.012450533919036388,-0.19075191020965576,-0.00825499463826418,0.1740742176771164,-0.06587845832109451,-4.4795979192713276e-06,-0.00010199195094173774,0.08749999850988388,0.0925000011920929,0.10000000149011612,0.10750000178813934,0.11999999731779099,0.13500000536441803,0.1574999988079071,0.18250000476837158,0.23250000178813934,0.32249999046325684,0.5149999856948853,0.6274999976158142,0.6274999976158142,0.6324999928474426,0.4000000059604645,0.2800000011920929,0.2199999988079071,0.18250000476837158,0.1574999988079071,0.14000000059604645,0.1274999976158142,0.11500000208616257,0.10750000178813934,0.10249999910593033
1785945591745841680,0.0,0.012644459493458271,-0.18982689082622528,-0.008314203470945358,0.1753142923116684,-0.06613387167453766,-1.469664852038477e-07,-0.00010630042379489169,0.08749999850988388,0.0925000011920929,0.10000000149011612,0.10750000178813934,0.11999999731779099,0.13500000536441803,0.1574999988079071,0.18250000476837158,0.23250000178813934,0.32249999046325684,0.5149999856948853,0.6274999976158142,0.6274999976158142,0.6324999928474426,0.4000000059604645,0.2800000011920929,0.2199999988079071,0.18250000476837158,0.1574999988079071,0.14000000059604645,0.1274999976158142,0.11500000208616257,0.10750000178813934,0.10249999910593033
1785945591848728153,0.0,0.012644459493458271,-0.18982689082622528,-0.008314203470945358,0.1753142923116684,-0.06613387167453766,-1.469664852038477e-07,-0.00010630042379489169,0.08749999850988388,0.0925000011920929,0.10000000149011612,0.10750000178813934,0.11999999731779099,0.13500000536441803,0.1574999988079071,0.18250000476837158,0.23250000178813934,0.32249999046325684,0.5149999856948853,0.6274999976158142,0.6274999976158142,0.6324999928474426,0.4000000059604645,0.2800000011920929,0.2199999988079071,0.18250000476837158,0.1574999988079071,0.14000000059604645,0.1274999976158142,0.11500000208616257,0.10750000178813934,0.10249999910593033
1785945591945767698,0.0,0.011888244189321995,-0.1914062649011612,-0.008324412629008293,0.17301292717456818,-0.06538787484169006,-8.813900421955623e-06,-0.0001020778072415851,0.08749999850988388,0.0925000011920929,0.10000000149011612,0.10750000178813934,0.11999999731779099,0.13500000536441803,0.1574999988079071,0.18250000476837158,0.23250000178813934,0.32249999046325684,0.5149999856948853,0.6274999976158142,0.6274999976158142,0.6324999928474426,0.4000000059604645,0.2800000011920929,0.2199999988079071,0.18250000476837158,0.1574999988079071,0.14000000059604645,0.1274999976158142,0.11500000208616257,0.10750000178813934,0.10249999910593033
1785945592046958504,0.0,0.01270333118736744,-0.1914062649011612,-0.008324412629008293,0.17354872822761536,-0.06620296090841293,-8.813900421955623e-06,-0.0001020778072415851,0.08749999850988388,0.0925000011920929,0.10000000149011612,0.10750000178813934,0.11999999731779099,0.13500000536441803,0.1574999988079071,0.18250000476837158,0.23250000178813934,0.32249999046325684,0.5149999856948853,0.6274999976158142,0.6274999976158142,0.6324999928474426,0.4000000059604645,0.2800000011920929,0.2199999988079071,0.18250000476837158,0.1574999988079071,0.14000000059604645,0.1274999976158142,0.11500000208616257,0.10750000178813934,0.10249999910593033
1785945592145567088,0.0,0.01270333118736744,-0.19235506653785706,-0.008263143710792065,0.17242297530174255,-0.06613942235708237,-8.813362001092173e-06,-0.000106365121609997,0.08749999850988388,0.0925000011920929,0.10000000149011612,0.10750000178813934,0.11999999731779099,0.13500000536441803,0.1574999988079071,0.18250000476837158,0.23250000178813934,0.32249999046325684,0.5149999856948853,0.6274999976158142,0.6274999976158142,0.6324999928474426,0.4000000059604645,0.2800000011920929,0.2199999988079071,0.18250000476837158,0.1574999988079071,0.14000000059604645,0.1274999976158142,0.11500000208616257,0.10750000178813934,0.10249999910593033
1785945592246626498,0.0,0.013624674640595913,-0.19235506653785706,-0.008263143710792065,0.17306183278560638,-0.06706076860427856,-8.813362001092173e-06,-0.000106365121609997,0.08749999850988388,0.0925000011920929,0.10000000149011612,0.10750000178813934,0.11999999731779099,0.13500000536441803,0.1574999988079071,0.18250000476837158,0.23250000178813934,0.32249999046325684,0.5149999856948853,0.6274999976158142,0.6274999976158142,0.6324999928474426,0.4000000059604645,0.2800000011920929,0.2199999988079071,0.18250000476837158,0.1574999988079071,0.14000000059604645,0.1274999976158142,0.11500000208616257,0.10750000178813934,0.10249999910593033
1785945592345695448,0.0,0.014975090511143208,-0.19194258749485016,-0.008389746770262718,0.1746443510055542,-0.0685402899980545,-8.814457032713108e-06,-0.00010194153583142906,0.08749999850988388,0.0925000011920929,0.10000000149011612,0.10750000178813934,0.11999999731779099,0.13500000536441803,0.1574999988079071,0.18250000476837158,0.23250000178813934,0.32249999046325684,0.5149999856948853,0.6274999976158142,0.6274999976158142,0.6324999928474426,0.4000000059604645,0.2800000011920929,0.2199999988079071,0.18250000476837158,0.1574999988079071,0.14000000059604645,0.1274999976158142,0.11500000208616257,0.10750000178813934,0.10249999910593033
1785945592445852911,0.0,0.013486730866134167,-0.19160215556621552,-0.008459181524813175,0.17399545013904572,-0.06712159514427185,-4.44492616225034e-06,-0.00010639921674737707,0.08749999850988388,0.0925000011920929,0.10000000149011612,0.10750000178813934,0.11999999731779099,0.13500000536441803,0.1574999988079071,0.18250000476837158,0.23250000178813934,0.32249999046325684,0.5149999856948853,0.6274999976158142,0.6274999976158142,0.6324999928474426,0.4000000059604645,0.2800000011920929,0.2199999988079071,0.18250000476837158,0.1574999988079071,0.14000000059604645,0.1274999976158142,0.11500000208616257,0.10750000178813934,0.10249999910593033
1785945592546794141,0.0,0.013486730866134167,-0.19186504185199738,-0.00842241384088993,0.17366629838943481,-0.06708472222089767,-8.851994607539382e-06,-0.0001063184390659444,0.08749999850988388,0.0925000011920929,0.10000000149011612,0.10750000178813934,0.11999999731779099,0.13500000536441803,0.1574999988079071,0.18250000476837158,0.23250000178813934,0.32249999046325684,0.5149999856948853,0.6274999976158142,0.6274999976158142,0.6324999928474426,0.4000000059604645,0.2800000011920929,0.2199999988079071,0.18250000476837158,0.1574999988079071,0.14000000059604645,0.1274999976158142,0.11500000208616257,0.10750000178813934,0.10249999910593033
1785945592645652845,0.0,0.013508379459381104,-0.1920831799507141,-0.008404038846492767,0.17341504991054535,-0.06708390265703201,-4.444414571480593e-06,-0.00010638937237672508,0.08749999850988388,0.0925000011920929,0.10000000149011612,0.10750000178813934,0.11999999731779099,0.13500000536441803,0.1574999988079071,0.18250000476837158,0.23250000178813934,0.32249999046325684,0.5149999856948853,0.6274999976158142,0.6274999976158142,0.6324999928474426,0.4000000059604645,0.2800000011920929,0.2199999988079071,0.18250000476837158,0.1574999988079071,0.14000000059604645,0.1274999976158142,0.11500000208616257,0.10750000178813934,0.10249999910593033
1785945592747101034,0.0,0.013508379459381104,-0.1920831799507141,-0.008404038846492767,0.17341504991054535,-0.06708390265703201,-4.444414571480593e-06,-0.00010638937237672508,0.08749999850988388,0.0925000011920929,0.10000000149011612,0.10750000178813934,0.11999999731779099,0.13500000536441803,0.1574999988079071,0.18250000476837158,0.23250000178813934,0.32249999046325684,0.5149999856948853,0.6274999976158142,0.6274999976158142,0.6324999928474426,0.4000000059604645,0.2800000011920929,0.2199999988079071,0.18250000476837158,0.1574999988079071,0.14000000059604645,0.1274999976158142,0.11500000208616257,0.10750000178813934,0.10249999910593033
1785945592851878955,0.0,0.012283256277441978,-0.1929832100868225,-0.008267244324088097,0.1714460700750351,-0.06572558730840683,-8.813413842290174e-06,-0.00011066366278100759,0.08749999850988388,0.0925000011920929,0.10000000149011612,0.10750000178813934,0.11999999731779099,0.13500000536441803,0.1574999988079071,0.18250000476837158,0.23250000178813934,0.32249999046325684,0.5149999856948853,0.6274999976158142,0.6274999976158142,0.6324999928474426,0.4000000059604645,0.2800000011920929,0.2199999988079071,0.18250000476837158,0.1574999988079071,0.14000000059604645,0.1274999976158142,0.11500000208616257,0.10750000178813934,0.10249999910593033
1785945592945549760,0.0,0.013026346452534199,-0.1929832100868225,-0.008267244324088097,0.17194759845733643,-0.06646867841482162,-8.813413842290174e-06,-0.00011066366278100759,0.08749999850988388,0.0925000011920929,0.10000000149011612,0.10750000178813934,0.11999999731779099,0.13500000536441803,0.1574999988079071,0.18250000476837158,0.23250000178813934,0.32249999046325684,0.5149999856948853,0.6274999976158142,0.6274999976158142,0.6324999928474426,0.4000000059604645,0.2800000011920929,0.2199999988079071,0.18250000476837158,0.1574999988079071,0.14000000059604645,0.1274999976158142,0.11500000208616257,0.10750000178813934,0.10249999910593033
1785945593048266147,0.0,0.014447605237364769,-0.1925518959760666,-0.008273351937532425,0.17346809804439545,-0.06789413094520569,-7.31264293563072e-08,-0.00011081073171226308,0.08749999850988388,0.0925000011920929,0.10000000149011612,0.10750000178813934,0.11999999731779099,0.13500000536441803,0.1574999988079071,0.18250000476837158,0.23250000178813934,0.32249999046325684,0.5149999856948853,0.6274999976158142,0.6274999976158142,0.6324999928474426,0.4000000059604645,0.2800000011920929,0.2199999988079071,0.18250000476837158,0.1574999988079071,0.14000000059604645,0.1274999976158142,0.11500000208616257,0.10750000178813934,0.10249999910593033
1785945593145631974,0.0,0.014447605237364769,-0.1921899914741516,-0.008277435787022114,0.1738840788602829,-0.06789810210466385,-4.443322723091114e-06,-0.00010206930892309174,0.08749999850988388,0.0925000011920929,0.10000000149011612,0.10750000178813934,0.11999999731779099,0.13500000536441803,0.1574999988079071,0.18250000476837158,0.23250000178813934,0.32249999046325684,0.5149999856948853,0.6274999976158142,0.6274999976158142,0.6324999928474426,0.4000000059604645,0.2800000011920929,0.2199999988079071,0.18250000476837158,0.1574999988079071,0.14000000059604645,0.1274999976158142,0.11500000208616257,0.10750000178813934,0.10249999910593033
1785945593249093920,0.0,0.013444342650473118,-0.1921899914741516,-0.008277435787022114,0.17315822839736938,-0.06689483672380447,-4.443322723091114e-06,-0.00010206930892309174,0.08749999850988388,0.0925000011920929,0.10000000149011612,0.10750000178813934,0.11999999731779099,0.13500000536441803,0.1574999988079071,0.18250000476837158,0.23250000178813934,0.32249999046325684,0.5149999856948853,0.6274999976158142,0.6274999976158142,0.6324999928474426,0.4000000059604645,0.2800000011920929,0.2199999988079071,0.18250000476837158,0.1574999988079071,0.14000000059604645,0.1274999976158142,0.11500000208616257,0.10750000178813934,0.10249999910593033
1785945593347304700,0.0,0.013444342650473118,-0.19262617826461792,-0.008306036703288555,0.17269349098205566,-0.06692558526992798,-8.813743988866918e-06,-0.00010192784247919917,0.08749999850988388,0.0925000011920929,0.10000000149011612,0.10750000178813934,0.11999999731779099,0.13500000536441803,0.1574999988079071,0.18250000476837158,0.23250000178813934,0.32249999046325684,0.5149999856948853,0.6274999976158142,0.6274999976158142,0.6324999928474426,0.4000000059604645,0.2800000011920929,0.2199999988079071,0.18250000476837158,0.1574999988079071,0.14000000059604645,0.1274999976158142,0.11500000208616257,0.10750000178813934,0.10249999910593033
1785945593450528399,0.0,0.01386394165456295,-0.19262617826461792,-0.008306036703288555,0.17299309372901917,-0.06734518706798553,-8.813743988866918e-06,-0.00010192784247919917,0.08749999850988388,0.0925000011920929,0.10000000149011612,0.10750000178813934,0.11999999731779099,0.13500000536441803,0.1574999988079071,0.18250000476837158,0.23250000178813934,0.32249999046325684,0.5149999856948853,0.6274999976158142,0.6274999976158142,0.6324999928474426,0.4000000059604645,0.2800000011920929,0.2199999988079071,0.18250000476837158,0.1574999988079071,0.14000000059604645,0.1274999976158142,0.11500000208616257,0.10750000178813934,0.10249999910593033
1785945593547210877,0.0,0.01386394165456295,-0.19262617826461792,-0.008306036703288555,0.17299309372901917,-0.06734518706798553,-8.813743988866918e-06,-0.00010192784247919917,0.08749999850988388,0.0925000011920929,0.10000000149011612,0.10750000178813934,0.11999999731779099,0.13500000536441803,0.1574999988079071,0.18250000476837158,0.23250000178813934,0.32249999046325684,0.5149999856948853,0.6274999976158142,0.6274999976158142,0.6324999928474426,0.4000000059604645,0.2800000011920929,0.2199999988079071,0.18250000476837158,0.1574999988079071,0.14000000059604645,0.1274999976158142,0.11500000208616257,0.10750000178813934,0.10249999910593033
1785945593646017547,0.0,0.015170642174780369,-0.19262751936912537,-0.008334620855748653,0.17399822175502777,-0.06867854297161102,-8.81397045304766e-06,-0.00010630342876538634,0.08749999850988388,0.0925000011920929,0.10000000149011612,0.10750000178813934,0.11999999731779099,0.13500000536441803,0.1574999988079071,0.18250000476837158,0.23250000178813934,0.32249999046325684,0.5149999856948853,0.6274999976158142,0.6274999976158142,0.6324999928474426,0.4000000059604645,0.2800000011920929,0.2199999988079071,0.18250000476837158,0.1574999988079071,0.14000000059604645,0.1274999976158142,0.11500000208616257,0.10750000178813934,0.10249999910593033
1785945593746108384,0.0,0.013440560549497604,-0.19262751936912537,-0.008334620855748653,0.1727156937122345,-0.06694845855236053,-8.81397045304766e-06,-0.00010630342876538634,0.08749999850988388,0.0925000011920929,0.10000000149011612,0.10750000178813934,0.11999999731779099,0.13500000536441803,0.1574999988079071,0.18250000476837158,0.23250000178813934,0.32249999046325684,0.5149999856948853,0.6274999976158142,0.6274999976158142,0.6324999928474426,0.4000000059604645,0.2800000011920929,0.2199999988079071,0.18250000476837158,0.1574999988079071,0.14000000059604645,0.1274999976158142,0.11500000208616257,0.10750000178813934,0.10249999910593033
1785945593846278999,0.0,0.013440560549497604,-0.19186735153198242,-0.00846120622009039,0.17369212210178375,-0.06707542389631271,-1.3222612324170768e-05,-0.00010202831617789343,0.08749999850988388,0.0925000011920929,0.10000000149011612,0.10750000178813934,0.11999999731779099,0.13500000536441803,0.1574999988079071,0.18250000476837158,0.23250000178813934,0.32249999046325684,0.5149999856948853,0.6274999976158142,0.6274999976158142,0.6324999928474426,0.4000000059604645,0.2800000011920929,0.2199999988079071,0.18250000476837158,0.1574999988079071,0.14000000059604645,0.1274999976158142,0.11500000208616257,0.10750000178813934,0.10249999910593033
1785945593951660138,0.0,0.011670604348182678,-0.19186735153198242,-0.00846120622009039,0.1724994033575058,-0.06530547142028809,-1.3222612324170768e-05,-0.00010202831617789343,0.08749999850988388,0.0925000011920929,0.10000000149011612,0.10750000178813934,0.11999999731779099,0.13500000536441803,0.1574999988079071,0.18250000476837158,0.23250000178813934,0.32249999046325684,0.5149999856948853,0.6274999976158142,0.6274999976158142,0.6324999928474426,0.4000000059604645,0.2800000011920929,0.2199999988079071,0.18250000476837158,0.1574999988079071,0.14000000059604645,0.1274999976158142,0.11500000208616257,0.10750000178813934,0.10249999910593033
1785945594047760744,0.0,0.013610106892883778,-0.19297169148921967,-0.00842649769037962,0.17253068089485168,-0.06721024960279465,-4.4818452806794085e-06,-0.0001063935924321413,0.08749999850988388,0.0925000011920929,0.10000000149011612,0.10750000178813934,0.11999999731779099,0.13500000536441803,0.1574999988079071,0.18250000476837158,0.23250000178813934,0.32249999046325684,0.5149999856948853,0.6274999976158142,0.6274999976158142,0.6324999928474426,0.4000000059604645,0.2800000011920929,0.2199999988079071,0.18250000476837158,0.1574999988079071,0.14000000059604645,0.1274999976158142,0.11500000208616257,0.10750000178813934,0.10249999910593033
1785945594237848355,-0.0,0.013610106892883778,0.19297169148921967,-0.006608296651393175,0.17253068089485168,0.06673306971788406,0.00023550826881546527,-0.06446389108896255,0.09000000357627869,0.0949999988079071,0.10249999910593033,0.10999999940395355,0.12250000238418579,0.13750000298023224,0.1599999964237213,0.1899999976158142,0.23999999463558197,0.32499998807907104,0.47749999165534973,0.4724999964237213,0.4724999964237213,0.4749999940395355,0.38999998569488525,0.2750000059604645,0.2150000035762787,0.17749999463558197,0.1525000035762787,0.13500000536441803,0.11999999731779099,0.10999999940395355,0.10249999910593033,0.09749999642372131
1785945594251649856,-0.0,0.013610106892883778,0.19297169148921967,-0.006608296651393175,0.17253068089485168,0.06673306971788406,0.00023550826881546527,-0.06446389108896255,0.09000000357627869,0.0949999988079071,0.10249999910593033,0.10999999940395355,0.12250000238418579,0.13750000298023224,0.1599999964237213,0.1899999976158142,0.23999999463558197,0.32499998807907104,0.47749999165534973,0.4724999964237213,0.4724999964237213,0.4749999940395355,0.38999998569488525,0.2750000059604645,0.2150000035762787,0.17749999463558197,0.1525000035762787,0.13500000536441803,0.11999999731779099,0.10999999940395355,0.10249999910593033,0.09749999642372131
1785945594347640314,-0.004598999861627817,0.012748168781399727,0.1948588639497757,-0.0065633575432002544,0.16974303126335144,0.0658281221985817,0.00023553325445391238,-0.06445732712745667,0.09000000357627869,0.0949999988079071,0.10249999910593033,0.10999999940395355,0.12250000238418579,0.13750000298023224,0.1599999964237213,0.1899999976158142,0.23999999463558197,0.32749998569488525,0.47749999165534973,0.4724999964237213,0.4724999964237213,0.4749999940395355,0.38749998807907104,0.2750000059604645,0.2150000035762787,0.17749999463558197,0.1525000035762787,0.13500000536441803,0.11999999731779099,0.10999999940395355,0.10249999910593033,0.09749999642372131
1785945594447272097,-0.039420001208782196,0.012748168781399727,0.1948588639497757,-0.0065633575432002544,0.16974303126335144,0.0658281221985817,0.00023553325445391238,-0.06445732712745667,0.09000000357627869,0.0949999988079071,0.10249999910593033,0.10999999940395355,0.12250000238418579,0.13750000298023224,0.1599999964237213,0.1899999976158142,0.23999999463558197,0.32749998569488525,0.47749999165534973,0.4724999964237213,0.4724999964237213,0.4749999940395355,0.38749998807907104,0.2750000059604645,0.2150000035762787,0.17749999463558197,0.1525000035762787,0.13500000536441803,0.11999999731779099,0.10999999940395355,0.10249999910593033,0.09749999642372131
1785945594546696450,-0.10643400251865387,0.015554220415651798,0.19544780254364014,-0.006442838814109564,0.17107918858528137,0.06851129978895187,0.0002354932075832039,-0.06445396691560745,0.09000000357627869,0.0949999988079071,0.10249999910593033,0.10999999940395355,0.12250000238418579,0.13750000298023224,0.1574999988079071,0.1899999976158142,0.23749999701976776,0.32249999046325684,0.47749999165534973,0.4724999964237213,0.4724999964237213,0.4749999940395355,0.39250001311302185,0.2775000035762787,0.2150000035762787,0.17749999463558197,0.1525000035762787,0.13500000536441803,0.11999999731779099,0.10999999940395355,0.10249999910593033,0.09749999642372131
1785945594648862869,-0.17344799637794495,0.014016657136380672,0.19544780254364014,-0.006442838814109564,0.16989479959011078,0.0669737309217453,0.0002354932075832039,-0.06445396691560745,0.09000000357627869,0.0949999988079071,0.10249999910593033,0.10999999940395355,0.12250000238418579,0.13750000298023224,0.1574999988079071,0.1899999976158142,0.23749999701976776,0.32499998807907104,0.47749999165534973,0.4724999964237213,0.4724999964237213,0.4749999940395355,0.38999998569488525,0.2750000059604645,0.2150000035762787,0.17749999463558197,0.1525000035762787,0.13500000536441803,0.11999999731779099,0.10999999940395355,0.10249999910593033,0.09749999642372131
1785945594746760008,-0.22009499371051788,0.012996526435017586,0.19543832540512085,-0.006414240691810846,0.16914968192577362,0.06592500954866409,0.00023552084167022258,-0.06446484476327896,0.09000000357627869,0.0949999988079071,0.10249999910593033,0.10999999940395355,0.12250000238418579,0.13750000298023224,0.1599999964237213,0.1899999976158142,0.23999999463558197,0.32749998569488525,0.47749999165534973,0.4724999964237213,0.4724999964237213,0.4749999940395355,0.38749998807907104,0.2750000059604645,0.2150000035762787,0.17749999463558197,0.1525000035762787,0.13500000536441803,0.11999999731779099,0.10999999940395355,0.10249999910593033,0.09749999642372131
1785945594847149829,-0.2483460009098053,0.012996526435017586,0.19543832540512085,-0.006414240691810846,0.16914968192577362,0.06592500954866409,0.00023552084167022258,-0.06446484476327896,0.09000000357627869,0.0949999988079071,0.10249999910593033,0.10999999940395355,0.12250000238418579,0.13750000298023224,0.1599999964237213,0.1899999976158142,0.23999999463558197,0.32749998569488525,0.47749999165534973,0.4724999964237213,0.4724999964237213,0.4749999940395355,0.38749998807907104,0.2750000059604645,0.2150000035762787,0.17749999463558197,0.1525000035762787,0.13500000536441803,0.11999999731779099,0.10999999940395355,0.10249999910593033,0.09749999642372131
1785945594947550339,-0.2614859938621521,0.014714001677930355,0.19474303722381592,-0.006473479326814413,0.1712493896484375,0.06770182400941849,0.000235525774769485,-0.06445956230163574,0.09000000357627869,0.0949999988079071,0.10249999910593033,0.10999999940395355,0.12250000238418579,0.13750000298023224,0.1574999988079071,0.1899999976158142,0.23749999701976776,0.32499998807907104,0.47749999165534973,0.4724999964237213,0.4724999964237213,0.4749999940395355,0.39250001311302185,0.2775000035762787,0.2150000035762787,0.17749999463558197,0.1525000035762787,0.13500000536441803,0.11999999731779099,0.10999999940395355,0.10249999910593033,0.09749999642372131
1785945595047659929,-0.2700270116329193,0.014714001677930355,0.19417212903499603,-0.006506162229925394,0.17192959785461426,0.06773257255554199,0.00023552832135464996,-0.0644625797867775,0.09000000357627869,0.0949999988079071,0.10249999910593033,0.10999999940395355,0.12250000238418579,0.13750000298023224,0.1574999988079071,0.1899999976158142,0.23749999701976776,0.32499998807907104,0.47749999165534973,0.4724999964237213,0.4724999964237213,0.4749999940395355,0.39250001311302185,0.2775000035762787,0.2150000035762787,0.17749999463558197,0.1525000035762787,0.13500000536441803,0.11999999731779099,0.10999999940395355,0.10249999910593033,0.09749999642372131
1785945595147331521,-0.27856799960136414,0.011769733391702175,0.19445118308067322,-0.006506175734102726,0.16953714191913605,0.06479034572839737,0.00023107930610422045,-0.06445389986038208,0.09000000357627869,0.0949999988079071,0.10249999910593033,0.10999999940395355,0.12250000238418579,0.13750000298023224,0.1599999964237213,0.1899999976158142,0.23999999463558197,0.32749998569488525,0.47749999165534973,0.4724999964237213,0.4724999964237213,0.4749999940395355,0.38749998807907104,0.2750000059604645,0.2150000035762787,0.17749999463558197,0.1525000035762787,0.13500000536441803,0.11999999731779099,0.10999999940395355,0.10249999910593033,0.09749999642372131
1785945595246437368,-0.2831670045852661,0.01587173342704773,0.1946844458580017,-0.006506162229925394,0.17226260900497437,0.0688943937420845,0.00023997767129912972,-0.06445467472076416,0.09000000357627869,0.0949999988079071,0.10249999910593033,0.10999999940395355,0.12250000238418579,0.13750000298023224,0.1574999988079071,0.1899999976158142,0.23749999701976776,0.32249999046325684,0.47749999165534973,0.4724999964237213,0.4724999964237213,0.4749999940395355,0.39250001311302185,0.2775000035762787,0.2150000035762787,0.17749999463558197,0.1525000035762787,0.13500000536441803,0.11999999731779099,0.10999999940395355,0.10249999910593033,0.09749999642372131
1785945595347318212,-0.2877660095691681,0.01508608739823103,0.19418944418430328,-0.006348874885588884,0.1720590591430664,0.06794898957014084,0.00023993354989215732,-0.06445486098527908,0.09000000357627869,0.0949999988079071,0.10249999910593033,0.10999999940395355,0.12250000238418579,0.13750000298023224,0.1574999988079071,0.1899999976158142,0.23749999701976776,0.32249999046325684,0.47749999165534973,0.4724999964237213,0.4724999964237213,0.4749999940395355,0.39250001311302185,0.2775000035762787,0.2150000035762787,0.17749999463558197,0.1525000035762787,0.13500000536441803,0.11999999731779099,0.10999999940395355,0.10249999910593033,0.09749999642372131
1785945595447551453,-0.29236501455307007,0.01508608739823103,0.1845874935388565,-0.009752181358635426,0.18612442910671234,0.07135555893182755,0.0002402402606094256,-0.06446150690317154,0.09000000357627869,0.0949999988079071,0.10249999910593033,0.10999999940395355,0.12250000238418579,0.13750000298023224,0.1574999988079071,0.1899999976158142,0.23749999701976776,0.32249999046325684,0.47749999165534973,0.4724999964237213,0.4724999964237213,0.4749999940395355,0.39250001311302185,0.2775000035762787,0.2150000035762787,0.17749999463558197,0.1525000035762787,0.13500000536441803,0.11999999731779099,0.10999999940395355,0.10249999910593033,0.09749999642372131
1785945595548314758,-0.29827800393104553,0.01365132350474596,0.17686885595321655,-0.014618346467614174,0.1986280381679535,0.07478311657905579,0.00023172725923359394,-0.06446117907762527,0.09000000357627869,0.0949999988079071,0.10249999910593033,0.10999999940395355,0.12250000238418579,0.13750000298023224,0.1574999988079071,0.1899999976158142,0.23999999463558197,0.32499998807907104,0.47749999165534973,0.4724999964237213,0.4724999964237213,0.4749999940395355,0.38999998569488525,0.2750000059604645,0.2150000035762787,0.17749999463558197,0.1525000035762787,0.13500000536441803,0.11999999731779099,0.10999999940395355,0.10249999910593033,0.09749999642372131
1785945595646611045,-0.30484798550605774,0.01093642134219408,0.146217480301857,-0.03363383561372757,0.2555961012840271,0.09108546376228333,0.00023784619406796992,-0.06445975601673126,0.09000000357627869,0.0949999988079071,0.10249999910593033,0.10999999940395355,0.12250000238418579,0.13750000298023224,0.1599999964237213,0.1899999976158142,0.23999999463558197,0.33000001311302185,0.47749999165534973,0.4724999964237213,0.4724999964237213,0.4749999940395355,0.38499999046325684,0.27250000834465027,0.21250000596046448,0.17749999463558197,0.1525000035762787,0.13500000536441803,0.11999999731779099,0.10999999940395355,0.10249999910593033,0.09749999642372131
1785945595747579732,-0.3120749890804291,0.01093642134219408,0.13638046383857727,-0.040770065039396286,0.2783878743648529,0.09822053462266922,0.00024260820646304637,-0.0644560307264328,0.09000000357627869,0.0949999988079071,0.10249999910593033,0.10999999940395355,0.12250000238418579,0.13750000298023224,0.1599999964237213,0.1899999976158142,0.23999999463558197,0.33000001311302185,0.47749999165534973,0.4724999964237213,0.4724999964237213,0.4749999940395355,0.38499999046325684,0.27250000834465027,0.21250000596046448,0.17749999463558197,0.1525000035762787,0.13500000536441803,0.11999999731779099,0.10999999940395355,0.10249999910593033,0.09749999642372131
1785945595846259327,-0.3403260111808777,0.01699846051633358,0.11075981706380844,-0.06460971385240555,0.32566115260124207,0.12417855113744736,-9.625728853279725e-05,-0.071501225233078,0.09000000357627869,0.0949999988079071,0.10249999910593033,0.10999999940395355,0.12250000238418579,0.13750000298023224,0.1574999988079071,0.1875,0.23749999701976776,0.3199999928474426,0.47749999165534973,0.4724999964237213,0.4724999964237213,0.4749999940395355,0.39500001072883606,0.2800000011920929,0.2175000011920929,0.17749999463558197,0.1525000035762787,0.13500000536441803,0.12250000238418579,0.10999999940395355,0.10249999910593033,0.09749999642372131
1785945595947269871,-0.3633210062980652,0.016930803656578064,0.10136544704437256,-0.07838654518127441,0.3512081205844879,0.13788820803165436,-0.0001012676366372034,-0.07150081545114517,0.09000000357627869,0.0949999988079071,0.10249999910593033,0.10999999940395355,0.12250000238418579,0.13750000298023224,0.1574999988079071,0.1875,0.23749999701976776,0.32249999046325684,0.47749999165534973,0.4724999964237213,0.4724999964237213,0.4749999940395355,0.39500001072883606,0.2800000011920929,0.2175000011920929,0.17749999463558197,0.1525000035762787,0.13500000536441803,0.12250000238418579,0.10999999940395355,0.10249999910593033,0.09749999642372131
1785945596049776300,-0.37711799144744873,0.016930803656578064,0.09892544150352478,-0.08516453206539154,0.36628004908561707,0.1446661353111267,-9.716707427287474e-05,-0.0714949443936348,0.09000000357627869,0.0949999988079071,0.10249999910593033,0.10999999940395355,0.12250000238418579,0.13750000298023224,0.1574999988079071,0.1875,0.23749999701976776,0.32249999046325684,0.47749999165534973,0.4724999964237213,0.4724999964237213,0.4749999940395355,0.39500001072883606,0.2800000011920929,0.2175000011920929,0.17749999463558197,0.1525000035762787,0.13500000536441803,0.12250000238418579,0.10999999940395355,0.10249999910593033,0.09749999642372131
1785945596146562462,-0.37711799144744873,0.006040661595761776,0.0998333990573883,-0.1041574627161026,0.38341644406318665,0.15277107059955597,-9.978139860322699e-05,-0.07150345295667648,0.09000000357627869,0.0949999988079071,0.10249999910593033,0.11249999701976776,0.12250000238418579,0.14000000059604645,0.1599999964237213,0.19249999523162842,0.24500000476837158,0.33500000834465027,0.4749999940395355,0.4724999964237213,0.4724999964237213,0.4749999940395355,0.3774999976158142,0.27000001072883606,0.21250000596046448,0.17499999701976776,0.15000000596046448,0.13249999284744263,0.11999999731779099,0.10999999940395355,0.10249999910593033,0.09749999642372131
1785945596247763924,-0.37711799144744873,-0.013661996461451054,0.10262268781661987,-0.10830507427453995,0.33974769711494446,0.1372165083885193,-9.816817328101024e-05,-0.07149875909090042,0.0949999988079071,0.10000000149011612,0.10750000178813934,0.11749999970197678,0.12999999523162842,0.14749999344348907,0.17249999940395355,0.20749999582767487,0.26750001311302185,0.3774999976158142,0.4749999940395355,0.4724999964237213,0.4724999964237213,0.47749999165534973,0.33500000834465027,0.2475000023841858,0.19499999284744263,0.16500000655651093,0.14249999821186066,0.125,0.11500000208616257,0.10499999672174454,0.09749999642372131,0.0925000011920929
1785945596348382328,-0.37711799144744873,-0.013661996461451054,0.11670319736003876,-0.12572649121284485,0.3880767822265625,0.15463492274284363,-9.56701478571631e-05,-0.07149527966976166,0.0949999988079071,0.10000000149011612,0.10750000178813934,0.11749999970197678,0.12999999523162842,0.14749999344348907,0.17249999940395355,0.20749999582767487,0.26750001311302185,0.3774999976158142,0.4749999940395355,0.4724999964237213,0.4724999964237213,0.47749999165534973,0.33500000834465027,0.2475000023841858,0.19499999284744263,0.16500000655651093,0.14249999821186066,0.125,0.11500000208616257,0.10499999672174454,0.09749999642372131,0.0925000011920929
1785945596446951231,-0.37711799144744873,-0.0275894608348608,0.12377411872148514,-0.13442841172218323,0.3753790855407715,0.14941062033176422,-9.594301809556782e-05,-0.071503646671772,0.09749999642372131,0.10499999672174454,0.11249999701976776,0.12250000238418579,0.13750000298023224,0.1550000011920929,0.18250000476837158,0.2224999964237213,0.2874999940395355,0.4300000071525574,0.4749999940395355,0.4724999964237213,0.4724999964237213,0.45750001072883606,0.3075000047683716,0.23000000417232513,0.1850000023841858,0.1550000011920929,0.13500000536441803,0.11999999731779099,0.10999999940395355,0.10000000149011612,0.0949999988079071,0.09000000357627869
1785945596546128473,-0.37711799144744873,-0.05145341157913208,0.15007728338241577,-0.15669958293437958,0.3783831298351288,0.14781753718852997,-0.00010468159598531201,-0.07150199264287949,0.10249999910593033,0.10999999940395355,0.11749999970197678,0.12999999523162842,0.14499999582767487,0.16750000417232513,0.19750000536441803,0.24250000715255737,0.32249999046325684,0.47749999165534973,0.4724999964237213,0.4724999964237213,0.4724999964237213,0.4025000035762787,0.27250000834465027,0.20749999582767487,0.17000000178813934,0.14499999582767487,0.1274999976158142,0.11249999701976776,0.10249999910593033,0.0949999988079071,0.09000000357627869,0.08500000089406967
1785945596648526610,-0.37711799144744873,-0.05145341157913208,0.15953278541564941,-0.16493375599384308,0.40518081188201904,0.156052827835083,-9.835993114393204e-05,-0.07149501889944077,0.10249999910593033,0.10999999940395355,0.11749999970197678,0.12999999523162842,0.14499999582767487,0.16750000417232513,0.19750000536441803,0.24250000715255737,0.32249999046325684,0.47749999165534973,0.4724999964237213,0.4724999964237213,0.4724999964237213,0.4025000035762787,0.27250000834465027,0.20749999582767487,0.17000000178813934,0.14499999582767487,0.1274999976158142,0.11249999701976776,0.10249999910593033,0.0949999988079071,0.09000000357627869,0.08500000089406967
1785945596746844146,-0.37711799144744873,-0.07609082013368607,0.1902221143245697,-0.18728229403495789,0.41210439801216125,0.15376195311546326,-9.94175934465602e-05,-0.07150023430585861,0.10999999940395355,0.11749999970197678,0.1274999976158142,0.14249999821186066,0.1599999964237213,0.18250000476837158,0.2199999988079071,0.2750000059604645,0.375,0.47749999165534973,0.4724999964237213,0.4724999964237213,0.4749999940395355,0.33250001072883606,0.23499999940395355,0.18250000476837158,0.15000000596046448,0.12999999523162842,0.11500000208616257,0.10249999910593033,0.0949999988079071,0.08749999850988388,0.08250000327825546,0.07999999821186066
1785945596848454836,-0.37711799144744873,-0.09331562370061874,0.20089159905910492,-0.19420626759529114,0.3888729214668274,0.14346224069595337,-8.921499102143571e-05,-0.07150334119796753,0.11500000208616257,0.12250000238418579,0.13500000536441803,0.14749999344348907,0.16750000417232513,0.19499999284744263,0.23499999940395355,0.29750001430511475,0.42750000953674316,0.4749999940395355,0.4724999964237213,0.4724999964237213,0.45500001311302185,0.29750001430511475,0.2150000035762787,0.17000000178813934,0.14249999821186066,0.12250000238418579,0.10750000178813934,0.09749999642372131,0.09000000357627869,0.08250000327825546,0.07999999821186066,0.07500000298023224
1785945596948289825,-0.37251898646354675,-0.09331562370061874,0.2273121029138565,-0.21451544761657715,0.4604890048503876,0.16377320885658264,-9.957970905816182e-05,-0.07150018960237503,0.11500000208616257,0.12250000238418579,0.13500000536441803,0.14749999344348907,0.16750000417232513,0.19499999284744263,0.23499999940395355,0.29750001430511475,0.42750000953674316,0.4749999940395355,0.4724999964237213,0.4724999964237213,0.45500001311302185,0.29750001430511475,0.2150000035762787,0.17000000178813934,0.14249999821186066,0.12250000238418579,0.10750000178813934,0.09749999642372131,0.09000000357627869,0.08250000327825546,0.07999999821186066,0.07500000298023224
1785945597047364952,-0.36397799849510193,-0.12352948635816574,0.2376973032951355,-0.22133173048496246,0.40327706933021545,0.14037305116653442,-9.614783630240709e-05,-0.07149999588727951,0.11999999731779099,0.12999999523162842,0.14249999821186066,0.1574999988079071,0.18000000715255737,0.21250000596046448,0.25999999046325684,0.3375000059604645,0.47999998927116394,0.4749999940395355,0.4724999964237213,0.4724999964237213,0.38749998807907104,0.2549999952316284,0.1899999976158142,0.1525000035762787,0.12999999523162842,0.11249999701976776,0.10000000149011612,0.0925000011920929,0.08500000089406967,0.07999999821186066,0.07500000298023224,0.07249999791383743
1785945597148485963,-0.3587220013141632,-0.1439961940050125,0.21126830577850342,-0.24977850914001465,0.4298146069049835,0.14218281209468842,-0.00010165797721128911,-0.07149970531463623,0.1274999976158142,0.14000000059604645,0.1525000035762787,0.17000000178813934,0.19499999284744263,0.23250000178813934,0.2874999940395355,0.3824999928474426,0.47999998927116394,0.4749999940395355,0.4749999940395355,0.4749999940395355,0.3199999928474426,0.2175000011920929,0.16750000417232513,0.13500000536441803,0.11500000208616257,0.10000000149011612,0.09000000357627869,0.08250000327825546,0.07750000059604645,0.07249999791383743,0.06750000268220901,0.06499999761581421
1785945597246570724,-0.3239009976387024,-0.1439961940050125,0.1862451732158661,-0.26503825187683105,0.48611417412757874,0.15744413435459137,-9.685940312920138e-05,-0.07149991393089294,0.1274999976158142,0.14000000059604645,0.1525000035762787,0.17000000178813934,0.19499999284744263,0.23250000178813934,0.2874999940395355,0.3824999928474426,0.47999998927116394,0.4749999940395355,0.4749999940395355,0.4749999940395355,0.3199999928474426,0.2175000011920929,0.16750000417232513,0.13500000536441803,0.11500000208616257,0.10000000149011612,0.09000000357627869,0.08250000327825546,0.07750000059604645,0.07249999791383743,0.06750000268220901,0.06499999761581421
1785945597346810301,-0.2864519953727722,-0.1837024837732315,-0.1737639456987381,-0.27432507276535034,0.4172956943511963,0.12702398002147675,-0.00010216856753686443,-0.07150134444236755,0.14000000059604645,0.1525000035762787,0.16750000417232513,0.1899999976158142,0.2199999988079071,0.26499998569488525,0.3375000059604645,0.48500001430511475,0.47749999165534973,0.4749999940395355,0.4749999940395355,0.4000000059604645,0.24250000715255737,0.17499999701976776,0.14000000059604645,0.11500000208616257,0.10000000149011612,0.08749999850988388,0.07999999821186066,0.07249999791383743,0.06750000268220901,0.06499999761581421,0.0625,0.05999999865889549
1785945597446040440,-0.2759400010108948,-0.20543859899044037,-0.13590984046459198,-0.29745787382125854,0.44996482133865356,0.12842179834842682,-0.0001014747831504792,-0.07149501889944077,0.14499999582767487,0.1599999964237213,0.17749999463558197,0.20000000298023224,0.23499999940395355,0.2874999940395355,0.3700000047683716,0.48500001430511475,0.47749999165534973,0.4749999940395355,0.4749999940395355,0.33000001311302185,0.21250000596046448,0.1574999988079071,0.1274999976158142,0.10499999672174454,0.0925000011920929,0.08250000327825546,0.07500000298023224,0.07000000029802322,0.06499999761581421,0.05999999865889549,0.057500001043081284,0.057500001043081284
1785945597547127114,-0.23323500156402588,-0.20543859899044037,-0.12532927095890045,-0.30491775274276733,0.478177934885025,0.135878786444664,-0.00010343675967305899,-0.07150065898895264,0.14499999582767487,0.1599999964237213,0.17749999463558197,0.20000000298023224,0.23499999940395355,0.2874999940395355,0.3700000047683716,0.48500001430511475,0.47749999165534973,0.4749999940395355,0.4749999940395355,0.33000001311302185,0.21250000596046448,0.1574999988079071,0.1274999976158142,0.10499999672174454,0.0925000011920929,0.08250000327825546,0.07500000298023224,0.07000000029802322,0.06499999761581421,0.05999999865889549,0.057500001043081284,0.057500001043081284
1785945597645918584,-0.1826460063457489,-0.2419777512550354,-0.08954973518848419,-0.32513299584388733,0.4683702886104584,0.11955803632736206,-9.923514153342694e-05,-0.07149945944547653,0.1574999988079071,0.17249999940395355,0.19499999284744263,0.2224999964237213,0.26499998569488525,0.33000001311302185,0.44999998807907104,0.48249998688697815,0.47749999165534973,0.47749999165534973,0.4300000071525574,0.24500000476837158,0.17000000178813934,0.12999999523162842,0.10499999672174454,0.09000000357627869,0.07999999821186066,0.07249999791383743,0.06499999761581421,0.05999999865889549,0.057500001043081284,0.054999999701976776,0.05249999836087227,0.05000000074505806
1785945597746177106,-0.14256900548934937,-0.26793667674064636,-0.07710342854261398,-0.3302745819091797,0.43046706914901733,0.09873887896537781,-0.00010159434168599546,-0.07150007784366608,0.16500000655651093,0.18250000476837158,0.20499999821186066,0.23749999701976776,0.2874999940395355,0.36250001192092896,0.49000000953674316,0.47999998927116394,0.47749999165534973,0.47749999165534973,0.3449999988079071,0.20499999821186066,0.14749999344348907,0.11500000208616257,0.0949999988079071,0.08250000327825546,0.07249999791383743,0.06499999761581421,0.05999999865889549,0.057500001043081284,0.05249999836087227,0.05000000074505806,0.05000000074505806,0.04749999940395355
1785945597846803671,-0.10183499753475189,-0.26793667674064636,-0.038845308125019073,-0.3445984721183777,0.4836769104003906,0.06289735436439514,0.00016051478451117873,-0.06924090534448624,0.16500000655651093,0.18250000476837158,0.20499999821186066,0.23749999701976776,0.2874999940395355,0.36250001192092896,0.49000000953674316,0.47999998927116394,0.47749999165534973,0.47749999165534973,0.3449999988079071,0.20499999821186066,0.14749999344348907,0.11500000208616257,0.0949999988079071,0.08250000327825546,0.07249999791383743,0.06499999761581421,0.05999999865889549,0.057500001043081284,0.05249999836087227,0.05000000074505806,0.05000000074505806,0.04749999940395355
1785945597945924814,-0.055188000202178955,-0.2858940064907074,-0.017156798392534256,-0.351298451423645,0.45441070199012756,0.051641255617141724,0.00015605085354764014,-0.069235660135746,0.17249999940395355,0.1899999976158142,0.2150000035762787,0.2524999976158142,0.3050000071525574,0.39250001311302185,0.48750001192092896,0.47999998927116394,0.47749999165534973,0.47749999165534973,0.2874999940395355,0.18000000715255737,0.13249999284744263,0.10499999672174454,0.08749999850988388,0.07500000298023224,0.06750000268220901,0.0625,0.057500001043081284,0.05249999836087227,0.05000000074505806,0.04749999940395355,0.04500000178813934,0.04500000178813934
1785945598046078117,-0.015111000277101994,-0.33241283893585205,-0.012492193840444088,-0.3530299663543701,0.33791273832321167,0.0068531036376953125,0.00015722410171292722,-0.06924028694629669,0.19249999523162842,0.2150000035762787,0.2475000023841858,0.29249998927116394,0.36500000953674316,0.4950000047683716,0.48500001430511475,0.47999998927116394,0.47999998927116394,0.33500000834465027,0.18000000715255737,0.125,0.0949999988079071,0.07750000059604645,0.06750000268220901,0.05999999865889549,0.05249999836087227,0.04749999940395355,0.04500000178813934,0.042500000447034836,0.03999999910593033,0.03999999910593033,0.03750000149011612,0.03750000149011612
1785945598148096915,0.024309000000357628,-0.33241283893585205,-0.0412711426615715,-0.3561724126338959,0.343619167804718,0.009996503591537476,0.00016082165529951453,-0.0692356526851654,0.19249999523162842,0.2150000035762787,0.2475000023841858,0.29249998927116394,0.36500000953674316,0.4950000047683716,0.48500001430511475,0.47999998927116394,0.47999998927116394,0.33500000834465027,0.18000000715255737,0.125,0.0949999988079071,0.07750000059604645,0.06750000268220901,0.05999999865889549,0.05249999836087227,0.04749999940395355,0.04500000178813934,0.042500000447034836,0.03999999910593033,0.03999999910593033,0.03750000149011612,0.03750000149011612
1785945598246853408,0.07292699813842773,-0.36450397968292236,-0.053531136363744736,-0.3550427258014679,0.25652027130126953,-0.02322632074356079,0.00015972499386407435,-0.06924158334732056,0.20250000059604645,0.23000000417232513,0.26750001311302185,0.32249999046325684,0.4074999988079071,0.4950000047683716,0.48500001430511475,0.48249998688697815,0.48249998688697815,0.23999999463558197,0.14499999582767487,0.10499999672174454,0.08250000327825546,0.07000000029802322,0.05999999865889549,0.05249999836087227,0.04749999940395355,0.04500000178813934,0.03999999910593033,0.03999999910593033,0.03750000149011612,0.03500000014901161,0.03500000014901161,0.032499998807907104
1785945598346349411,0.11563199758529663,-0.3781822919845581,-0.09090247750282288,-0.35128554701805115,0.20826123654842377,-0.040662676095962524,0.00016190715541597456,-0.0692392960190773,0.20999999344348907,0.23999999463558197,0.2800000011920929,0.3375000059604645,0.4424999952316284,0.4925000071525574,0.48500001430511475,0.48249998688697815,0.4625000059604645,0.20250000059604645,0.1274999976158142,0.0925000011920929,0.07500000298023224,0.0625,0.054999999701976776,0.04749999940395355,0.042500000447034836,0.03999999910593033,0.03750000149011612,0.03500000014901161,0.03500000014901161,0.032499998807907104,0.029999999329447746,0.029999999329447746
1785945598445974602,0.15833699703216553,-0.3878295421600342,-0.10310228168964386,-0.34877973794937134,0.17593058943748474,-0.052813172340393066,0.00015847801114432514,-0.06924036890268326,0.2175000011920929,0.2475000023841858,0.28999999165534973,0.35249999165534973,0.4749999940395355,0.4925000071525574,0.48500001430511475,0.48249998688697815,0.4000000059604645,0.17249999940395355,0.11249999701976776,0.08250000327825546,0.06750000268220901,0.054999999701976776,0.05000000074505806,0.042500000447034836,0.03999999910593033,0.03750000149011612,0.03500000014901161,0.032499998807907104,0.029999999329447746,0.029999999329447746,0.027499999850988388,0.027499999850988388
1785945598545430444,0.20761199295520782,-0.3878295421600342,-0.13379113376140594,-0.340640664100647,0.15590429306030273,-0.06095200777053833,0.0001582279655849561,-0.069236159324646,0.2175000011920929,0.2475000023841858,0.28999999165534973,0.35249999165534973,0.4749999940395355,0.4925000071525574,0.48500001430511475,0.48249998688697815,0.4000000059604645,0.17249999940395355,0.11249999701976776,0.08250000327825546,0.06750000268220901,0.054999999701976776,0.05000000074505806,0.042500000447034836,0.03999999910593033,0.03750000149011612,0.03500000014901161,0.032499998807907104,0.029999999329447746,0.029999999329447746,0.027499999850988388,0.027499999850988388
1785945598646661954,0.2503170073032379,-0.410272479057312,-0.1463567167520523,-0.33629927039146423,0.08485463261604309,-0.08773636817932129,0.0001608901802683249,-0.06923574954271317,0.22750000655651093,0.26249998807907104,0.3075000047683716,0.3799999952316284,0.5024999976158142,0.4925000071525574,0.48500001430511475,0.48500001430511475,0.2750000059604645,0.14000000059604645,0.0925000011920929,0.07249999791383743,0.057500001043081284,0.05000000074505806,0.042500000447034836,0.03999999910593033,0.03500000014901161,0.032499998807907104,0.029999999329447746,0.029999999329447746,0.02500000037252903,0.02500000037252903,0.02500000037252903,0.02500000037252903
1785945598746357643,0.29236501455307007,-0.410272479057312,-0.18129408359527588,-0.3213679790496826,0.044718530029058456,-0.10266897082328796,0.00015876283578108996,-0.0692407414317131,0.22750000655651093,0.26249998807907104,0.3075000047683716,0.3799999952316284,0.5024999976158142,0.4925000071525574,0.48500001430511475,0.48500001430511475,0.2750000059604645,0.14000000059604645,0.0925000011920929,0.07249999791383743,0.057500001043081284,0.05000000074505806,0.042500000447034836,0.03999999910593033,0.03500000014901161,0.032499998807907104,0.029999999329447746,0.029999999329447746,0.02500000037252903,0.02500000037252903,0.02500000037252903,0.02500000037252903
1785945598845164986,0.34098300337791443,-0.4189381003379822,-0.20527681708335876,-0.3102801740169525,-0.01999053731560707,-0.12242370843887329,0.00015874759992584586,-0.06923701614141464,0.23000000417232513,0.26499998569488525,0.3149999976158142,0.38999998569488525,0.5,0.49000000953674316,0.48500001430511475,0.48500001430511475,0.25,0.13249999284744263,0.09000000357627869,0.07000000029802322,0.057500001043081284,0.04749999940395355,0.042500000447034836,0.03750000149011612,0.03500000014901161,0.032499998807907104,0.029999999329447746,0.029999999329447746,0.02500000037252903,0.02500000037252903,0.02500000037252903,0.02500000037252903
1785945598953154491,0.3698909878730774,-0.42272886633872986,-0.21260784566402435,-0.3025534152984619,-0.043612655252218246,-0.13394197821617126,0.00016189755115192384,-0.06923818588256836,0.23250000178813934,0.26750001311302185,0.3174999952316284,0.39250001311302185,0.5,0.49000000953674316,0.48500001430511475,0.48500001430511475,0.24250000715255737,0.12999999523162842,0.09000000357627869,0.07000000029802322,0.057500001043081284,0.04749999940395355,0.042500000447034836,0.03750000149011612,0.03500000014901161,0.032499998807907104,0.029999999329447746,0.029999999329447746,0.02500000037252903,0.02500000037252903,0.02500000037252903,0.02500000037252903
1785945599045719022,0.37711799144744873,-0.42187508940696716,-0.24477136135101318,-0.28233376145362854,-0.09946979582309723,-0.1533035933971405,0.00015522264584433287,-0.06923986226320267,0.23250000178813934,0.26750001311302185,0.3149999976158142,0.39250001311302185,0.5,0.49000000953674316,0.48500001430511475,0.48500001430511475,0.24500000476837158,0.12999999523162842,0.09000000357627869,0.07000000029802322,0.057500001043081284,0.04749999940395355,0.042500000447034836,0.03750000149011612,0.03500000014901161,0.032499998807907104,0.029999999329447746,0.029999999329447746,0.02500000037252903,0.02500000037252903,0.02500000037252903,0.02500000037252903
1785945599146173262,0.37711799144744873,-0.42187508940696716,-0.2534354627132416,-0.27381137013435364,-0.1220988780260086,-0.1618274748325348,0.00016245567530859262,-0.06923963129520416,0.23250000178813934,0.26750001311302185,0.3149999976158142,0.39250001311302185,0.5,0.49000000953674316,0.48500001430511475,0.48500001430511475,0.24500000476837158,0.12999999523162842,0.09000000357627869,0.07000000029802322,0.057500001043081284,0.04749999940395355,0.042500000447034836,0.03750000149011612,0.03500000014901161,0.032499998807907104,0.029999999329447746,0.029999999329447746,0.02500000037252903,0.02500000037252903,0.02500000037252903,0.02500000037252903
1785945599245367496,0.37777501344680786,-0.413547158241272,-0.2283526062965393,-0.2920871376991272,-0.17772743105888367,-0.17987105250358582,0.00016347358177881688,-0.06923936307430267,0.23000000417232513,0.26249998807907104,0.3100000023841858,0.38499999046325684,0.5024999976158142,0.4925000071525574,0.48500001430511475,0.48500001430511475,0.26499998569488525,0.13750000298023224,0.0925000011920929,0.07000000029802322,0.057500001043081284,0.05000000074505806,0.042500000447034836,0.03750000149011612,0.03500000014901161,0.032499998807907104,0.029999999329447746,0.029999999329447746,0.02500000037252903,0.02500000037252903,0.02500000037252903,0.02500000037252903
1785945599345618593,0.37777501344680786,-0.4043092429637909,-0.21895281970500946,-0.2840700149536133,-0.1810527741909027,-0.17864806950092316,0.00015785124560352415,-0.06924118101596832,0.22750000655651093,0.25999999046325684,0.3050000071525574,0.375,0.5024999976158142,0.4925000071525574,0.48500001430511475,0.48500001430511475,0.29249998927116394,0.14249999821186066,0.0949999988079071,0.07249999791383743,0.057500001043081284,0.05000000074505806,0.042500000447034836,0.03999999910593033,0.03500000014901161,0.032499998807907104,0.029999999329447746,0.029999999329447746,0.02500000037252903,0.02500000037252903,0.02500000037252903,0.02500000037252903
1785945599445407021,0.37711799144744873,-0.4043092429637909,-0.20200282335281372,-0.26120808720588684,-0.2434195876121521,-0.20151188969612122,0.00015777410590089858,-0.06923700124025345,0.22750000655651093,0.25999999046325684,0.3050000071525574,0.375,0.5024999976158142,0.4925000071525574,0.48500001430511475,0.48500001430511475,0.29249998927116394,0.14249999821186066,0.0949999988079071,0.07249999791383743,0.057500001043081284,0.05000000074505806,0.042500000447034836,0.03999999910593033,0.03500000014901161,0.032499998807907104,0.029999999329447746,0.029999999329447746,0.02500000037252903,0.02500000037252903,0.02500000037252903,0.02500000037252903
1785945599545188760,0.37711799144744873,-0.3814705014228821,-0.1876964569091797,-0.24754343926906586,-0.23627455532550812,-0.19233456254005432,0.00016277698159683496,-0.0692380964756012,0.21250000596046448,0.23999999463558197,0.2800000011920929,0.3400000035762787,0.44749999046325684,0.4925000071525574,0.48500001430511475,0.48249998688697815,0.4399999976158142,0.19750000536441803,0.125,0.0925000011920929,0.07249999791383743,0.0625,0.05249999836087227,0.04749999940395355,0.042500000447034836,0.03999999910593033,0.03750000149011612,0.03500000014901161,0.03500000014901161,0.032499998807907104,0.029999999329447746,0.029999999329447746
1785945599647182054,0.37711799144744873,-0.3697172701358795,-0.1840677708387375,-0.23992949724197388,-0.23342609405517578,-0.18819697201251984,0.0001611438492545858,-0.0692395493388176,0.20749999582767487,0.23499999940395355,0.2750000059604645,0.33250001072883606,0.4300000071525574,0.4925000071525574,0.48500001430511475,0.48249998688697815,0.48249998688697815,0.21250000596046448,0.12999999523162842,0.0949999988079071,0.07500000298023224,0.0625,0.054999999701976776,0.04749999940395355,0.04500000178813934,0.03999999910593033,0.03750000149011612,0.03500000014901161,0.03500000014901161,0.032499998807907104,0.029999999329447746,0.029999999329447746
1785945599746045142,0.37711799144744873,-0.3697172701358795,-0.1679903268814087,-0.21548393368721008,-0.30053409934043884,-0.21264424920082092,0.00016188950394280255,-0.0692451074719429,0.20749999582767487,0.23499999940395355,0.2750000059604645,0.33250001072883606,0.4300000071525574,0.4925000071525574,0.48500001430511475,0.48249998688697815,0.48249998688697815,0.21250000596046448,0.12999999523162842,0.0949999988079071,0.07500000298023224,0.0625,0.054999999701976776,0.04749999940395355,0.04500000178813934,0.03999999910593033,0.03750000149011612,0.03500000014901161,0.03500000014901161,0.032499998807907104,0.029999999329447746,0.029999999329447746
1785945599846034568,0.37711799144744873,-0.3333319127559662,-0.16303767263889313,-0.206459641456604,-0.2612570822238922,-0.185280442237854,0.00015878485282883048,-0.06923924386501312,0.19249999523162842,0.2150000035762787,0.2475000023841858,0.29499998688697815,0.36500000953674316,0.4950000047683716,0.48500001430511475,0.47999998927116394,0.47999998927116394,0.33250001072883606,0.18000000715255737,0.125,0.0949999988079071,0.07750000059604645,0.06750000268220901,0.05999999865889549,0.05249999836087227,0.04749999940395355,0.04500000178813934,0.042500000447034836,0.03999999910593033,0.03999999910593033,0.03750000149011612,0.03750000149011612
1785945599946270689,0.37711799144744873,-0.3230592608451843,-0.15136805176734924,-0.179971843957901,-0.315428227186203,-0.20149725675582886,0.00015804542636033148,-0.06924101710319519,0.1850000023841858,0.20749999582767487,0.23749999701976776,0.2824999988079071,0.3499999940395355,0.49000000953674316,0.48750001192092896,0.47999998927116394,0.47999998927116394,0.39500001072883606,0.20250000059604645,0.13750000298023224,0.10499999672174454,0.08500000089406967,0.07249999791383743,0.06499999761581421,0.057500001043081284,0.05249999836087227,0.04749999940395355,0.04500000178813934,0.042500000447034836,0.042500000447034836,0.03999999910593033,0.03999999910593033
1785945600046865476,0.37711799144744873,-0.3230592608451843,-0.1490078866481781,-0.1713438332080841,-0.33907392621040344,-0.21012747287750244,0.0001651959028095007,-0.06923586130142212,0.1850000023841858,0.20749999582767487,0.23749999701976776,0.2824999988079071,0.3499999940395355,0.49000000953674316,0.48750001192092896,0.47999998927116394,0.47999998927116394,0.39500001072883606,0.20250000059604645,0.13750000298023224,0.10499999672174454,0.08500000089406967,0.07249999791383743,0.06499999761581421,0.057500001043081284,0.05249999836087227,0.04749999940395355,0.04500000178813934,0.042500000447034836,0.042500000447034836,0.03999999910593033,0.03999999910593033
1785945600145885017,0.37711799144744873,-0.3099544048309326,-0.14802789688110352,-0.1438983678817749,-0.35439708828926086,-0.2259724736213684,0.0012157040182501078,-0.07057549059391022,0.18250000476837158,0.20499999821186066,0.23250000178813934,0.2750000059604645,0.3375000059604645,0.44999998807907104,0.48750001192092896,0.47999998927116394,0.47999998927116394,0.4300000071525574,0.2175000011920929,0.14499999582767487,0.10999999940395355,0.08749999850988388,0.07500000298023224,0.06499999761581421,0.057500001043081284,0.05249999836087227,0.05000000074505806,0.04500000178813934,0.042500000447034836,0.042500000447034836,0.03999999910593033,0.03999999910593033
1785945600246227509,0.37711799144744873,-0.2792878746986389,-0.1499723494052887,-0.1359243094921112,-0.29009512066841125,-0.20327898859977722,0.001222108257934451,-0.07057871669530869,0.17000000178813934,0.1899999976158142,0.2150000035762787,0.2475000023841858,0.30000001192092896,0.3824999928474426,0.48750001192092896,0.47999998927116394,0.47749999165534973,0.47749999165534973,0.30000001192092896,0.1850000023841858,0.13500000536441803,0.10750000178813934,0.09000000357627869,0.07750000059604645,0.06750000268220901,0.0625,0.057500001043081284,0.05249999836087227,0.05000000074505806,0.04749999940395355,0.04749999940395355,0.04500000178813934
1785945600346053730,0.37711799144744873,-0.2792878746986389,-0.16464246809482574,-0.11064999550580978,-0.3384284973144531,-0.2285553216934204,0.0012168678222224116,-0.07057838886976242,0.17000000178813934,0.1899999976158142,0.2150000035762787,0.2475000023841858,0.30000001192092896,0.3824999928474426,0.48750001192092896,0.47999998927116394,0.47749999165534973,0.47749999165534973,0.30000001192092896,0.1850000023841858,0.13500000536441803,0.10750000178813934,0.09000000357627869,0.07750000059604645,0.06750000268220901,0.0625,0.057500001043081284,0.05249999836087227,0.05000000074505806,0.04749999940395355,0.04749999940395355,0.04500000178813934
1785945600446817323,0.37711799144744873,-0.23992526531219482,-0.17606206238269806,-0.09531281888484955,-0.26627957820892334,-0.20452867448329926,0.0012184582883492112,-0.0705782100558281,0.1574999988079071,0.17249999940395355,0.19249999523162842,0.2224999964237213,0.26249998807907104,0.32749998569488525,0.44749999046325684,0.48249998688697815,0.47749999165534973,0.47749999165534973,0.4375,0.2475000023841858,0.17000000178813934,0.12999999523162842,0.10750000178813934,0.09000000357627869,0.07999999821186066,0.07249999791383743,0.06499999761581421,0.05999999865889549,0.057500001043081284,0.054999999701976776,0.05249999836087227,0.05000000074505806
1785945600548275785,0.37711799144744873,-0.22495386004447937,-0.18105599284172058,-0.08553463965654373,-0.2514228820800781,-0.1993354707956314,0.0012158954050391912,-0.07057810574769974,0.1525000035762787,0.16500000655651093,0.1850000023841858,0.21250000596046448,0.25,0.3075000047683716,0.4050000011920929,0.48249998688697815,0.4749999940395355,0.4749999940395355,0.4749999940395355,0.2824999988079071,0.1875,0.14249999821186066,0.11500000208616257,0.09749999642372131,0.08500000089406967,0.07750000059604645,0.07000000029802322,0.06499999761581421,0.05999999865889549,0.057500001043081284,0.054999999701976776,0.05249999836087227
1785945600648166839,0.37711799144744873,-0.1869039237499237,-0.20296436548233032,-0.05829937383532524,-0.21914157271385193,-0.18851813673973083,0.001214552321471274,-0.07058025896549225,0.14000000059604645,0.1525000035762787,0.16750000417232513,0.1899999976158142,0.2224999964237213,0.26750001311302185,0.3425000011920929,0.48500001430511475,0.47749999165534973,0.4749999940395355,0.4749999940395355,0.39250001311302185,0.23999999463558197,0.17499999701976776,0.13750000298023224,0.11500000208616257,0.10000000149011612,0.08749999850988388,0.07999999821186066,0.07249999791383743,0.06750000268220901,0.06499999761581421,0.0625,0.05999999865889549
1785945600746904356,0.37711799144744873,-0.1869039237499237,-0.212265744805336,-0.0496712289750576,-0.24371275305747986,-0.1971486657857895,0.001217623590491712,-0.07058697193861008,0.14000000059604645,0.1525000035762787,0.16750000417232513,0.1899999976158142,0.2224999964237213,0.26750001311302185,0.3425000011920929,0.48500001430511475,0.47749999165534973,0.4749999940395355,0.4749999940395355,0.39250001311302185,0.23999999463558197,0.17499999701976776,0.13750000298023224,0.11500000208616257,0.10000000149011612,0.08749999850988388,0.07999999821186066,0.07249999791383743,0.06750000268220901,0.06499999761581421,0.0625,0.05999999865889549
1785945600846009211,0.37711799144744873,-0.17135962843894958,-0.24039189517498016,-0.0238838829100132,-0.2780330181121826,-0.20738989114761353,0.0012187634129077196,-0.07058792561292648,0.13500000536441803,0.14749999344348907,0.16249999403953552,0.18250000476837158,0.20999999344348907,0.2524999976158142,0.3174999952316284,0.4449999928474426,0.47999998927116394,0.4749999940395355,0.4749999940395355,0.4399999976158142,0.26750001311302185,0.1899999976158142,0.15000000596046448,0.12250000238418579,0.10499999672174454,0.0925000011920929,0.08500000089406967,0.07750000059604645,0.07249999791383743,0.06750000268220901,0.06499999761581421,0.0625
1785945600947252018,0.37711799144744873,-0.17135962843894958,-0.2493785172700882,-0.01622581295669079,-0.30186134576797485,-0.21504972875118256,0.0012228282866999507,-0.07057581841945648,0.13500000536441803,0.14749999344348907,0.16249999403953552,0.18250000476837158,0.20999999344348907,0.2524999976158142,0.3174999952316284,0.4449999928474426,0.47999998927116394,0.4749999940395355,0.4749999940395355,0.4399999976158142,0.26750001311302185,0.1899999976158142,0.15000000596046448,0.12250000238418579,0.10499999672174454,0.0925000011920929,0.08500000089406967,0.07750000059604645,0.07249999791383743,0.06750000268220901,0.06499999761581421,0.0625
1785945601046607985,0.37711799144744873,-0.15534935891628265,-0.26783642172813416,0.007871308363974094,-0.33785155415534973,-0.2231362760066986,0.001211186172440648,-0.07057709246873856,0.12999999523162842,0.14000000059604645,0.1550000011920929,0.17249999940395355,0.20000000298023224,0.23749999701976776,0.29750001430511475,0.39750000834465027,0.47999998927116394,0.4749999940395355,0.4749999940395355,0.47749999165534973,0.30250000953674316,0.20999999344348907,0.16249999403953552,0.13249999284744263,0.11249999701976776,0.10000000149011612,0.09000000357627869,0.08250000327825546,0.07500000298023224,0.07249999791383743,0.06750000268220901,0.06499999761581421
1785945601146910508,0.37711799144744873,-0.11455924808979034,-0.27666157484054565,0.02620912529528141,-0.2854234278202057,-0.19924473762512207,0.0012155456934124231,-0.07058613002300262,0.11999999731779099,0.1274999976158142,0.14000000059604645,0.1574999988079071,0.17749999463558197,0.20749999582767487,0.2524999976158142,0.32749998569488525,0.47999998927116394,0.4749999940395355,0.4724999964237213,0.4724999964237213,0.4099999964237213,0.26249998807907104,0.19499999284744263,0.1550000011920929,0.12999999523162842,0.11500000208616257,0.10249999910593033,0.0925000011920929,0.08500000089406967,0.07999999821186066,0.07500000298023224,0.07249999791383743
1785945601248209285,0.37711799144744873,-0.09631939232349396,-0.2679629325866699,0.035957321524620056,-0.27177366614341736,-0.19075408577919006,0.0012193709844723344,-0.0705874115228653,0.11500000208616257,0.12250000238418579,0.13500000536441803,0.15000000596046448,0.16750000417232513,0.19499999284744263,0.23749999701976776,0.30000001192092896,0.4325000047683716,0.4749999940395355,0.4724999964237213,0.4724999964237213,0.45500001311302185,0.29249998927116394,0.21250000596046448,0.16750000417232513,0.14000000059604645,0.12250000238418579,0.10750000178813934,0.09749999642372131,0.09000000357627869,0.08250000327825546,0.07999999821186066,0.07500000298023224
1785945601346474819,0.37711799144744873,-0.09631939232349396,-0.23831646144390106,0.06273883581161499,-0.3608768582344055,-0.21753567457199097,0.001218315213918686,-0.07057999819517136,0.11500000208616257,0.12250000238418579,0.13500000536441803,0.15000000596046448,0.16750000417232513,0.19499999284744263,0.23749999701976776,0.30000001192092896,0.4325000047683716,0.4749999940395355,0.4724999964237213,0.4724999964237213,0.45500001311302185,0.29249998927116394,0.21250000596046448,0.16750000417232513,0.14000000059604645,0.12250000238418579,0.10750000178813934,0.09749999642372131,0.09000000357627869,0.08250000327825546,0.07999999821186066,0.07500000298023224
1785945601446851680,0.37711799144744873,-0.06256511807441711,-0.23004455864429474,0.0722053274512291,-0.31041666865348816,-0.19324958324432373,0.0012141616316512227,-0.07058053463697433,0.10750000178813934,0.11249999701976776,0.12250000238418579,0.13500000536441803,0.1525000035762787,0.17499999701976776,0.20749999582767487,0.2574999928474426,0.3474999964237213,0.47749999165534973,0.4724999964237213,0.4724999964237213,0.4749999940395355,0.3675000071525574,0.2549999952316284,0.19499999284744263,0.1599999964237213,0.13750000298023224,0.11999999731779099,0.10750000178813934,0.10000000149011612,0.0925000011920929,0.08749999850988388,0.08250000327825546
1785945601546317538,0.37711799144744873,-0.05035509914159775,-0.2024231255054474,0.09794285893440247,-0.3678157329559326,-0.20677438378334045,0.0012198518961668015,-0.07058489322662354,0.10249999910593033,0.10999999940395355,0.11749999970197678,0.12999999523162842,0.14499999582767487,0.16500000655651093,0.19750000536441803,0.24250000715255737,0.32249999046325684,0.47749999165534973,0.4724999964237213,0.4724999964237213,0.4724999964237213,0.4050000011920929,0.2750000059604645,0.20999999344348907,0.17000000178813934,0.14499999582767487,0.1274999976158142,0.11249999701976776,0.10249999910593033,0.0949999988079071,0.09000000357627869,0.08500000089406967
1785945601648868864,0.37711799144744873,-0.05035509914159775,-0.19351454079151154,0.10582757741212845,-0.39444950222969055,-0.2146589756011963,0.0012186962412670255,-0.07057589292526245,0.10249999910593033,0.10999999940395355,0.11749999970197678,0.12999999523162842,0.14499999582767487,0.16500000655651093,0.19750000536441803,0.24250000715255737,0.32249999046325684,0.47749999165534973,0.4724999964237213,0.4724999964237213,0.4724999964237213,0.4050000011920929,0.2750000059604645,0.20999999344348907,0.17000000178813934,0.14499999582767487,0.1274999976158142,0.11249999701976776,0.10249999910593033,0.0949999988079071,0.09000000357627869,0.08500000089406967
1785945601746874775,0.37711799144744873,-0.02098054066300392,-0.16923223435878754,0.13118191063404083,-0.4119777977466583,-0.2106383591890335,0.0012148285750299692,-0.07057799398899078,0.09749999642372131,0.10499999672174454,0.11249999701976776,0.12250000238418579,0.13500000536441803,0.1550000011920929,0.18000000715255737,0.2199999988079071,0.2824999988079071,0.41499999165534973,0.4749999940395355,0.4724999964237213,0.4724999964237213,0.4625000059604645,0.3149999976158142,0.23499999940395355,0.1875,0.1574999988079071,0.13500000536441803,0.11999999731779099,0.10999999940395355,0.10249999910593033,0.0949999988079071,0.09000000357627869
1785945601846760613,0.37711799144744873,-0.006892528384923935,-0.1611022800207138,0.13984937965869904,-0.4099782407283783,-0.2052200585603714,0.001214951858855784,-0.07058299332857132,0.0949999988079071,0.10000000149011612,0.10750000178813934,0.11749999970197678,0.12999999523162842,0.14499999582767487,0.17000000178813934,0.20499999821186066,0.26249998807907104,0.3675000071525574,0.4749999940395355,0.4724999964237213,0.4724999964237213,0.4749999940395355,0.3449999988079071,0.2524999976158142,0.20000000298023224,0.16500000655651093,0.14249999821186066,0.1274999976158142,0.11500000208616257,0.10499999672174454,0.09749999642372131,0.0925000011920929
1785945601947211237,0.37711799144744873,-0.006892528384923935,-0.1389050930738449,0.16670040786266327,-0.5025150775909424,-0.23206934332847595,0.0012126441579312086,-0.07058698683977127,0.0949999988079071,0.10000000149011612,0.10750000178813934,0.11749999970197678,0.12999999523162842,0.14499999582767487,0.17000000178813934,0.20499999821186066,0.26249998807907104,0.3675000071525574,0.4749999940395355,0.4724999964237213,0.4724999964237213,0.4749999940395355,0.3449999988079071,0.2524999976158142,0.20000000298023224,0.16500000655651093,0.14249999821186066,0.1274999976158142,0.11500000208616257,0.10499999672174454,0.09749999642372131,0.0925000011920929
1785945602046456512,0.37711799144744873,0.025335555896162987,-0.13090559840202332,0.18257896602153778,-0.46342289447784424,-0.21685214340686798,0.002721702214330435,-0.07498463988304138,0.08749999850988388,0.0925000011920929,0.09749999642372131,0.10499999672174454,0.11749999970197678,0.12999999523162842,0.15000000596046448,0.18000000715255737,0.2224999964237213,0.30000001192092896,0.47749999165534973,0.4724999964237213,0.4724999964237213,0.4749999940395355,0.42500001192092896,0.29499998688697815,0.22750000655651093,0.1875,0.1599999964237213,0.14000000059604645,0.125,0.11500000208616257,0.10750000178813934,0.10000000149011612
1785945602147859324,0.37711799144744873,0.037712741643190384,-0.13163064420223236,0.1899634152650833,-0.4436196982860565,-0.2118578851222992,0.002714078640565276,-0.07499665021896362,0.08250000327825546,0.08749999850988388,0.0925000011920929,0.10000000149011612,0.10999999940395355,0.125,0.14249999821186066,0.17000000178813934,0.20999999344348907,0.2775000035762787,0.4325000047683716,0.4724999964237213,0.4724999964237213,0.4724999964237213,0.45249998569488525,0.3174999952316284,0.24250000715255737,0.19750000536441803,0.16750000417232513,0.14749999344348907,0.13249999284744263,0.11999999731779099,0.11249999701976776,0.10499999672174454
1785945602252476280,0.37711799144744873,0.037712741643190384,-0.1381712257862091,0.21399646997451782,-0.5097427368164062,-0.2358928769826889,0.002724339021369815,-0.07498816400766373,0.08250000327825546,0.08749999850988388,0.0925000011920929,0.10000000149011612,0.10999999940395355,0.125,0.14249999821186066,0.17000000178813934,0.20999999344348907,0.2775000035762787,0.4325000047683716,0.4724999964237213,0.4724999964237213,0.4724999964237213,0.45249998569488525,0.3174999952316284,0.24250000715255737,0.19750000536441803,0.16750000417232513,0.14749999344348907,0.13249999284744263,0.11999999731779099,0.11249999701976776,0.10499999672174454
1785945602350036065,0.37711799144744873,0.05347946658730507,-0.14130564033985138,0.222164586186409,-0.49086302518844604,-0.2282939851284027,0.002720343414694071,-0.07499606162309647,0.08250000327825546,0.08749999850988388,0.0925000011920929,0.10000000149011612,0.10999999940395355,0.12250000238418579,0.14000000059604645,0.16249999403953552,0.20000000298023224,0.26249998807907104,0.38499999046325684,0.4724999964237213,0.4724999964237213,0.4724999964237213,0.47749999165534973,0.33500000834465027,0.2524999976158142,0.20250000059604645,0.17249999940395355,0.15000000596046448,0.13500000536441803,0.12250000238418579,0.11249999701976776,0.10499999672174454
1785945602447163645,0.37711799144744873,0.09067245572805405,-0.16925768554210663,0.24839915335178375,-0.46552273631095886,-0.21733391284942627,0.002723520155996084,-0.0749954879283905,0.07249999791383743,0.07750000059604645,0.07999999821186066,0.08749999850988388,0.0949999988079071,0.10499999672174454,0.11749999970197678,0.13750000298023224,0.16500000655651093,0.20999999344348907,0.28999999165534973,0.4749999940395355,0.4724999964237213,0.4724999964237213,0.4749999940395355,0.42250001430511475,0.3050000071525574,0.23999999463558197,0.20000000298023224,0.17249999940395355,0.1525000035762787,0.13750000298023224,0.125,0.11749999970197678
1785945602547108558,0.37711799144744873,0.1289954036474228,-0.17629551887512207,0.2571532130241394,-0.3874931037425995,-0.18776549398899078,0.0027113151736557484,-0.07498583197593689,0.06499999761581421,0.07000000029802322,0.07249999791383743,0.07750000059604645,0.08500000089406967,0.0925000011920929,0.10249999910593033,0.11749999970197678,0.14000000059604645,0.17249999940395355,0.23000000417232513,0.3474999964237213,0.4724999964237213,0.4724999964237213,0.4724999964237213,0.47999998927116394,0.36250001192092896,0.2775000035762787,0.22499999403953552,0.19249999523162842,0.16750000417232513,0.15000000596046448,0.13750000298023224,0.1274999976158142
1785945602646133602,0.37186199426651,0.1289954036474228,-0.2150273323059082,0.28084999322891235,-0.46630632877349854,-0.21146489679813385,0.002718812320381403,-0.07499291002750397,0.06499999761581421,0.07000000029802322,0.07249999791383743,0.07750000059604645,0.08500000089406967,0.0925000011920929,0.10249999910593033,0.11749999970197678,0.14000000059604645,0.17249999940395355,0.23000000417232513,0.3474999964237213,0.4724999964237213,0.4724999964237213,0.4724999964237213,0.47999998927116394,0.36250001192092896,0.2775000035762787,0.22499999403953552,0.19249999523162842,0.16750000417232513,0.15000000596046448,0.13750000298023224,0.1274999976158142
1785945602746648068,0.3587220013141632,0.1489425003528595,-0.23216305673122406,0.2963530421257019,-0.46658068895339966,-0.207017719745636,0.002721534576267004,-0.07500199228525162,0.0625,0.06499999761581421,0.07000000029802322,0.07249999791383743,0.07999999821186066,0.08749999850988388,0.09749999642372131,0.10999999940395355,0.12999999523162842,0.1574999988079071,0.20499999821186066,0.30000001192092896,0.47749999165534973,0.4749999940395355,0.4749999940395355,0.47999998927116394,0.39750000834465027,0.29750001430511475,0.23999999463558197,0.20250000059604645,0.17749999463558197,0.1574999988079071,0.14249999821186066,0.13249999284744263
1785945602848005790,0.3534660041332245,0.16791987419128418,-0.24709159135818481,0.3049252927303314,-0.4450174570083618,-0.19661298394203186,0.002718821633607149,-0.0749884620308876,0.0625,0.0625,0.06499999761581421,0.07000000029802322,0.07500000298023224,0.07999999821186066,0.09000000357627869,0.10249999910593033,0.11999999731779099,0.14499999582767487,0.1850000023841858,0.25999999046325684,0.47749999165534973,0.4749999940395355,0.4749999940395355,0.47999998927116394,0.4375,0.32249999046325684,0.2574999928474426,0.2150000035762787,0.1850000023841858,0.16500000655651093,0.15000000596046448,0.13750000298023224
1785945602948012753,0.34426799416542053,0.16791987419128418,-0.218243807554245,0.3305443227291107,-0.5329187512397766,-0.2208469808101654,0.0027184400241822004,-0.07498539239168167,0.0625,0.0625,0.06499999761581421,0.07000000029802322,0.07500000298023224,0.07999999821186066,0.09000000357627869,0.10249999910593033,0.11999999731779099,0.14499999582767487,0.1850000023841858,0.25999999046325684,0.47749999165534973,0.4749999940395355,0.4749999940395355,0.47999998927116394,0.4375,0.32249999046325684,0.2574999928474426,0.2150000035762787,0.1850000023841858,0.16500000655651093,0.15000000596046448,0.13750000298023224
1785945603048158087,0.32127299904823303,0.2086724191904068,-0.2054426521062851,0.3397701382637024,-0.45865052938461304,-0.18931905925273895,0.002717483090236783,-0.07499989122152328,0.057500001043081284,0.057500001043081284,0.057500001043081284,0.0625,0.06499999761581421,0.07000000029802322,0.07750000059604645,0.08749999850988388,0.10000000149011612,0.11999999731779099,0.15000000596046448,0.20000000298023224,0.3100000023841858,0.4749999940395355,0.4749999940395355,0.47749999165534973,0.48249998688697815,0.3824999928474426,0.29499998688697815,0.24250000715255737,0.20749999582767487,0.18250000476837158,0.16249999403953552,0.15000000596046448
1785945603146285697,0.31536000967025757,0.2323261946439743,-0.16694681346416473,0.3687773048877716,-0.5022155046463013,-0.19467468559741974,0.002723139012232423,-0.07499960064888,0.05249999836087227,0.054999999701976776,0.054999999701976776,0.057500001043081284,0.05999999865889549,0.06499999761581421,0.07249999791383743,0.07999999821186066,0.0925000011920929,0.10750000178813934,0.13249999284744263,0.17499999701976776,0.2574999928474426,0.47749999165534973,0.47749999165534973,0.47749999165534973,0.48500001430511475,0.42500001192092896,0.3199999928474426,0.25999999046325684,0.2199999988079071,0.19249999523162842,0.17000000178813934,0.1550000011920929
1785945603247954053,0.27199798822402954,0.27373671531677246,-0.1546187698841095,0.37629449367523193,-0.42617374658584595,-0.1607798933982849,0.0027261150535196066,-0.07498162984848022,0.04500000178813934,0.04749999940395355,0.04749999940395355,0.05000000074505806,0.05000000074505806,0.054999999701976776,0.057500001043081284,0.06499999761581421,0.07249999791383743,0.08500000089406967,0.10249999910593033,0.1274999976158142,0.17749999463558197,0.29499998688697815,0.47749999165534973,0.47749999165534973,0.47999998927116394,0.49000000953674316,0.38499999046325684,0.30250000953674316,0.2524999976158142,0.2175000011920929,0.19249999523162842,0.17249999940395355
1785945603347658894,0.2220660001039505,0.27373671531677246,0.12735220789909363,0.40278375148773193,-0.5229918360710144,-0.1872706115245819,0.0027162106707692146,-0.07499630749225616,0.04500000178813934,0.04749999940395355,0.04749999940395355,0.05000000074505806,0.05000000074505806,0.054999999701976776,0.057500001043081284,0.06499999761581421,0.07249999791383743,0.08500000089406967,0.10249999910593033,0.1274999976158142,0.17749999463558197,0.29499998688697815,0.47749999165534973,0.47749999165534973,0.47999998927116394,0.49000000953674316,0.38499999046325684,0.30250000953674316,0.2524999976158142,0.2175000011920929,0.19249999523162842,0.17249999940395355
1785945603446320408,0.18067499995231628,0.29576748609542847,0.11500921100378036,0.4096556007862091,-0.4952634274959564,-0.17211049795150757,0.0027232058346271515,-0.07499183714389801,0.042500000447034836,0.042500000447034836,0.04500000178813934,0.04749999940395355,0.04749999940395355,0.05000000074505806,0.05249999836087227,0.05999999865889549,0.06750000268220901,0.07750000059604645,0.09000000357627869,0.11249999701976776,0.1525000035762787,0.23749999701976776,0.47749999165534973,0.47749999165534973,0.47999998927116394,0.48750001192092896,0.41999998688697815,0.32499998807907104,0.26750001311302185,0.22750000655651093,0.20000000298023224,0.18000000715255737
1785945603545823227,0.13994100689888,0.3184237480163574,0.08810816705226898,0.42617952823638916,-0.5076872706413269,-0.16597610712051392,0.0027207741513848305,-0.07498691231012344,0.03999999910593033,0.03999999910593033,0.042500000447034836,0.042500000447034836,0.04500000178813934,0.04500000178813934,0.05000000074505806,0.054999999701976776,0.05999999865889549,0.06750000268220901,0.07999999821186066,0.10000000149011612,0.12999999523162842,0.19499999284744263,0.38749998807907104,0.47999998927116394,0.47999998927116394,0.48750001192092896,0.45500001311302185,0.35249999165534973,0.2849999964237213,0.24250000715255737,0.20999999344348907,0.1899999976158142
1785945603647047410,0.09329400211572647,0.3184237480163574,0.06500858813524246,0.4352598786354065,-0.54903244972229,-0.17506054043769836,0.002718490082770586,-0.07499875128269196,0.03999999910593033,0.03999999910593033,0.042500000447034836,0.042500000447034836,0.04500000178813934,0.04500000178813934,0.05000000074505806,0.054999999701976776,0.05999999865889549,0.06750000268220901,0.07999999821186066,0.10000000149011612,0.12999999523162842,0.19499999284744263,0.38749998807907104,0.47999998927116394,0.47999998927116394,0.48750001192092896,0.45500001311302185,0.35249999165534973,0.2849999964237213,0.24250000715255737,0.20999999344348907,0.1899999976158142
1785945603748907323,0.052560001611709595,0.3646763861179352,0.0590793639421463,0.4392000138759613,-0.45749151706695557,-0.13274410367012024,0.0027149810921400785,-0.07498602569103241,0.03500000014901161,0.03500000014901161,0.03500000014901161,0.03750000149011612,0.03999999910593033,0.03999999910593033,0.04500000178813934,0.04500000178813934,0.05000000074505806,0.054999999701976776,0.0625,0.07750000059604645,0.09749999642372131,0.13500000536441803,0.2199999988079071,0.48249998688697815,0.48249998688697815,0.48500001430511475,0.4950000047683716,0.41749998927116394,0.32749998569488525,0.27250000834465027,0.23499999940395355,0.20749999582767487
1785945603846334656,0.012482999823987484,0.3731745183467865,0.03367709740996361,0.4478665590286255,-0.4799825847148895,-0.13340702652931213,0.0006358621758408844,-0.08417186141014099,0.032499998807907104,0.032499998807907104,0.032499998807907104,0.03500000014901161,0.03500000014901161,0.03750000149011612,0.03999999910593033,0.042500000447034836,0.04500000178813934,0.05000000074505806,0.057500001043081284,0.07000000029802322,0.08749999850988388,0.11749999970197678,0.1899999976158142,0.48249998688697815,0.48249998688697815,0.48500001430511475,0.4925000071525574,0.4350000023841858,0.3400000035762787,0.2824999988079071,0.24250000715255737,0.21250000596046448
1785945603945200272,-0.0328500010073185,0.41717833280563354,0.02811644971370697,0.44965457916259766,-0.3752320408821106,-0.09119266271591187,0.0006393810035660863,-0.08419027179479599,0.027499999850988388,0.027499999850988388,0.027499999850988388,0.027499999850988388,0.029999999329447746,0.029999999329447746,0.032499998807907104,0.03500000014901161,0.03750000149011612,0.042500000447034836,0.04500000178813934,0.05249999836087227,0.0625,0.08250000327825546,0.11999999731779099,0.23000000417232513,0.48500001430511475,0.48500001430511475,0.49000000953674316,0.5024999976158142,0.39500001072883606,0.3174999952316284,0.27000001072883606,0.23499999940395355
1785945604044813623,-0.0755549967288971,0.41717833280563354,0.026651207357645035,0.4531106948852539,-0.38647088408470154,-0.09465020895004272,0.0006374212098307908,-0.08417757600545883,0.027499999850988388,0.027499999850988388,0.027499999850988388,0.027499999850988388,0.029999999329447746,0.029999999329447746,0.032499998807907104,0.03500000014901161,0.03750000149011612,0.042500000447034836,0.04500000178813934,0.05249999836087227,0.0625,0.08250000327825546,0.11999999731779099,0.23000000417232513,0.48500001430511475,0.48500001430511475,0.49000000953674316,0.5024999976158142,0.39500001072883606,0.3174999952316284,0.27000001072883606,0.23499999940395355
1785945604146969577,-0.11826000362634659,0.4347696304321289,0.03707261383533478,0.4530320465564728,-0.34127047657966614,-0.07697880268096924,0.000646135420538485,-0.08418899029493332,0.02500000037252903,0.02500000037252903,0.02500000037252903,0.02500000037252903,0.027499999850988388,0.027499999850988388,0.029999999329447746,0.032499998807907104,0.03500000014901161,0.03750000149011612,0.03999999910593033,0.04500000178813934,0.054999999701976776,0.07000000029802322,0.09749999642372131,0.17499999701976776,0.48500001430511475,0.48500001430511475,0.49000000953674316,0.5,0.42250001430511475,0.3375000059604645,0.2824999988079071,0.24500000476837158
1785945604246256486,-0.15505200624465942,0.4477709233760834,0.06696503609418869,0.4480641186237335,-0.2986222207546234,-0.059010475873947144,0.0006392718059942126,-0.08418001234531403,0.02250000089406967,0.02250000089406967,0.02250000089406967,0.02250000089406967,0.02250000089406967,0.02500000037252903,0.02500000037252903,0.027499999850988388,0.029999999329447746,0.032499998807907104,0.03750000149011612,0.03999999910593033,0.04500000178813934,0.057500001043081284,0.08250000327825546,0.13750000298023224,0.48750001192092896,0.48750001192092896,0.4925000071525574,0.5,0.4449999928474426,0.35249999165534973,0.29499998688697815,0.2549999952316284
1785945604344992274,-0.21024000644683838,0.4477709233760834,0.09119894355535507,0.44377726316452026,-0.2881318926811218,-0.05472400784492493,0.0006415717070922256,-0.08419208973646164,0.02250000089406967,0.02250000089406967,0.02250000089406967,0.02250000089406967,0.02250000089406967,0.02500000037252903,0.02500000037252903,0.027499999850988388,0.029999999329447746,0.032499998807907104,0.03750000149011612,0.03999999910593033,0.04500000178813934,0.057500001043081284,0.08250000327825546,0.13750000298023224,0.48750001192092896,0.48750001192092896,0.4925000071525574,0.5,0.4449999928474426,0.35249999165534973,0.29499998688697815,0.2549999952316284
1785945604448422507,-0.25228801369667053,0.4702441394329071,0.10101684182882309,0.43981286883354187,-0.21917153894901276,-0.028284400701522827,0.0006475517875514925,-0.08417104929685593,0.019999999552965164,0.019999999552965164,0.019999999552965164,0.019999999552965164,0.019999999552965164,0.02250000089406967,0.02250000089406967,0.02500000037252903,0.02500000037252903,0.027499999850988388,0.032499998807907104,0.03750000149011612,0.03999999910593033,0.04749999940395355,0.0625,0.10000000149011612,0.25,0.48750001192092896,0.49000000953674316,0.4975000023841858,0.47749999165534973,0.3774999976158142,0.3125,0.26750001311302185
1785945604546789612,-0.30156299471855164,0.46956491470336914,0.1218348890542984,0.43217483162879944,-0.20067399740219116,-0.021327167749404907,0.0006346111185848713,-0.08418726921081543,0.019999999552965164,0.019999999552965164,0.019999999552965164,0.019999999552965164,0.019999999552965164,0.02250000089406967,0.02250000089406967,0.02500000037252903,0.02500000037252903,0.027499999850988388,0.032499998807907104,0.03750000149011612,0.03999999910593033,0.04749999940395355,0.06499999761581421,0.10000000149011612,0.2524999976158142,0.48750001192092896,0.49000000953674316,0.4975000023841858,0.47749999165534973,0.3774999976158142,0.3125,0.26750001311302185
1785945604653409956,-0.3436110019683838,0.48234298825263977,0.14203119277954102,0.42599016427993774,-0.15310004353523254,-0.002363532781600952,0.0006369432667270303,-0.08420778065919876,0.019999999552965164,0.019999999552965164,0.019999999552965164,0.019999999552965164,0.019999999552965164,0.019999999552965164,0.02250000089406967,0.02250000089406967,0.02500000037252903,0.027499999850988388,0.032499998807907104,0.03500000014901161,0.03999999910593033,0.04500000178813934,0.05999999865889549,0.0925000011920929,0.20749999582767487,0.48750001192092896,0.49000000953674316,0.4950000047683716,0.48750001192092896,0.38999998569488525,0.3199999928474426,0.27250000834465027
1785945604745476809,-0.376460999250412,0.48234298825263977,0.17448434233665466,0.41267117857933044,-0.12033382058143616,0.0109538733959198,0.0006469016661867499,-0.08418088406324387,0.019999999552965164,0.019999999552965164,0.019999999552965164,0.019999999552965164,0.019999999552965164,0.019999999552965164,0.02250000089406967,0.02250000089406967,0.02500000037252903,0.027499999850988388,0.032499998807907104,0.03500000014901161,0.03999999910593033,0.04500000178813934,0.05999999865889549,0.0925000011920929,0.20749999582767487,0.48750001192092896,0.49000000953674316,0.4950000047683716,0.48750001192092896,0.38999998569488525,0.3199999928474426,0.27250000834465027
1785945604848915393,-0.37711799144744873,0.47928979992866516,0.1861136257648468,0.40718722343444824,-0.1153237521648407,0.013387113809585571,0.0006413785740733147,-0.08418551832437515,0.019999999552965164,0.019999999552965164,0.019999999552965164,0.019999999552965164,0.019999999552965164,0.019999999552965164,0.02250000089406967,0.02500000037252903,0.02500000037252903,0.027499999850988388,0.032499998807907104,0.03500000014901161,0.03999999910593033,0.04500000178813934,0.0625,0.0949999988079071,0.2175000011920929,0.48750001192092896,0.49000000953674316,0.4975000023841858,0.48750001192092896,0.38749998807907104,0.3174999952316284,0.27000001072883606
1785945604946003388,-0.37711799144744873,0.48219478130340576,0.21928831934928894,0.38572755455970764,-0.05842406302690506,0.03774905204772949,0.0006432715454138815,-0.08417216688394547,0.019999999552965164,0.019999999552965164,0.019999999552965164,0.019999999552965164,0.019999999552965164,0.019999999552965164,0.02250000089406967,0.02250000089406967,0.02500000037252903,0.027499999850988388,0.032499998807907104,0.03500000014901161,0.03999999910593033,0.04500000178813934,0.05999999865889549,0.0925000011920929,0.20749999582767487,0.48750001192092896,0.49000000953674316,0.4950000047683716,0.48750001192092896,0.38999998569488525,0.3199999928474426,0.27250000834465027
1785945605045085235,-0.37711799144744873,0.48219478130340576,0.24439331889152527,0.3698747456073761,-0.04204602167010307,0.05360126495361328,0.0006345118163153529,-0.08418984711170197,0.019999999552965164,0.019999999552965164,0.019999999552965164,0.019999999552965164,0.019999999552965164,0.019999999552965164,0.02250000089406967,0.02250000089406967,0.02500000037252903,0.027499999850988388,0.032499998807907104,0.03500000014901161,0.03999999910593033,0.04500000178813934,0.05999999865889549,0.0925000011920929,0.20749999582767487,0.48750001192092896,0.49000000953674316,0.4950000047683716,0.48750001192092896,0.38999998569488525,0.3199999928474426,0.27250000834465027
1785945605149898805,-0.37711799144744873,0.4689035713672638,0.2558031678199768,0.36259475350379944,-0.06294644623994827,0.047593116760253906,0.0006458652205765247,-0.0841817632317543,0.019999999552965164,0.019999999552965164,0.019999999552965164,0.019999999552965164,0.019999999552965164,0.02250000089406967,0.02250000089406967,0.02500000037252903,0.02500000037252903,0.027499999850988388,0.032499998807907104,0.03750000149011612,0.03999999910593033,0.04749999940395355,0.06499999761581421,0.10249999910593033,0.2549999952316284,0.48750001192092896,0.49000000953674316,0.4975000023841858,0.4749999940395355,0.3774999976158142,0.3100000023841858,0.26750001311302185
1785945605245518052,-0.37711799144744873,0.4632686972618103,0.26150375604629517,0.34057560563087463,0.08259879052639008,0.06497618556022644,0.0006367054302245378,-0.08418338000774384,0.019999999552965164,0.019999999552965164,0.019999999552965164,0.019999999552965164,0.019999999552965164,0.02250000089406967,0.02250000089406967,0.02500000037252903,0.02500000037252903,0.027499999850988388,0.032499998807907104,0.03750000149011612,0.03999999910593033,0.04749999940395355,0.06499999761581421,0.10499999672174454,0.2824999988079071,0.48750001192092896,0.49000000953674316,0.4975000023841858,0.4675000011920929,0.3725000023841858,0.3075000047683716,0.26499998569488525
1785945605346110855,-0.37711799144744873,0.4632686972618103,0.25441163778305054,0.3333842158317566,0.0953599214553833,0.07216683030128479,0.0006372318603098392,-0.08419691026210785,0.019999999552965164,0.019999999552965164,0.019999999552965164,0.019999999552965164,0.019999999552965164,0.02250000089406967,0.02250000089406967,0.02500000037252903,0.02500000037252903,0.027499999850988388,0.032499998807907104,0.03750000149011612,0.03999999910593033,0.04749999940395355,0.06499999761581421,0.10499999672174454,0.2824999988079071,0.48750001192092896,0.49000000953674316,0.4975000023841858,0.4675000011920929,0.3725000023841858,0.3075000047683716,0.26499998569488525
1785945605450337368,-0.37711799144744873,0.4428243935108185,0.2371966689825058,0.31088727712631226,0.12801025807857513,0.07421824336051941,0.0006482342141680419,-0.08418738842010498,0.02500000037252903,0.02500000037252903,0.02500000037252903,0.02500000037252903,0.02500000037252903,0.027499999850988388,0.029999999329447746,0.029999999329447746,0.03500000014901161,0.03750000149011612,0.03999999910593033,0.04500000178813934,0.05249999836087227,0.06750000268220901,0.0949999988079071,0.16249999403953552,0.48500001430511475,0.48500001430511475,0.49000000953674316,0.4975000023841858,0.4325000047683716,0.3425000011920929,0.2874999940395355,0.2475000023841858
1785945605558723365,-0.37711799144744873,0.4428243935108185,0.22628147900104523,0.2972232699394226,0.15704165399074554,0.08788231015205383,0.0006428726483136415,-0.08416987210512161,0.02500000037252903,0.02500000037252903,0.02500000037252903,0.02500000037252903,0.02500000037252903,0.027499999850988388,0.029999999329447746,0.029999999329447746,0.03500000014901161,0.03750000149011612,0.03999999910593033,0.04500000178813934,0.05249999836087227,0.06750000268220901,0.0949999988079071,0.16249999403953552,0.48500001430511475,0.48500001430511475,0.49000000953674316,0.4975000023841858,0.4325000047683716,0.3425000011920929,0.2874999940395355,0.2475000023841858
1785945605645321638,-0.37711799144744873,0.4247051179409027,0.21970193088054657,0.2888948917388916,0.166544571518898,0.07809466123580933,0.0006351715419441462,-0.08417607843875885,0.02500000037252903,0.02500000037252903,0.02500000037252903,0.02500000037252903,0.027499999850988388,0.027499999850988388,0.029999999329447746,0.032499998807907104,0.03500000014901161,0.03750000149011612,0.03999999910593033,0.04500000178813934,0.054999999701976776,0.07249999791383743,0.10249999910593033,0.1899999976158142,0.48500001430511475,0.48500001430511475,0.49000000953674316,0.5,0.4099999964237213,0.33000001311302185,0.2775000035762787,0.24250000715255737
1785945605745160755,-0.37711799144744873,0.3947838842868805,0.2076515108346939,0.26621079444885254,0.20480725169181824,0.07085517048835754,0.0006493240944109857,-0.08419076353311539,0.029999999329447746,0.029999999329447746,0.029999999329447746,0.029999999329447746,0.032499998807907104,0.03500000014901161,0.03750000149011612,0.03999999910593033,0.03999999910593033,0.04500000178813934,0.05000000074505806,0.05999999865889549,0.07500000298023224,0.10000000149011612,0.1525000035762787,0.33000001311302185,0.48249998688697815,0.48500001430511475,0.49000000953674316,0.4675000011920929,0.36500000953674316,0.30000001192092896,0.2549999952316284,0.2224999964237213
1785945605854322103,-0.37711799144744873,0.3947838842868805,0.2052515596151352,0.25848525762557983,0.21630628407001495,0.07858020067214966,0.0006386772729456425,-0.08418156206607819,0.029999999329447746,0.029999999329447746,0.029999999329447746,0.029999999329447746,0.032499998807907104,0.03500000014901161,0.03750000149011612,0.03999999910593033,0.03999999910593033,0.04500000178813934,0.05000000074505806,0.05999999865889549,0.07500000298023224,0.10000000149011612,0.1525000035762787,0.33000001311302185,0.48249998688697815,0.48500001430511475,0.49000000953674316,0.4675000011920929,0.36500000953674316,0.30000001192092896,0.2549999952316284,0.2224999964237213
1785945605945712712,-0.37711799144744873,0.3947838842868805,0.19912640750408173,0.23088371753692627,0.23953449726104736,0.10649797320365906,-0.008382117375731468,-0.08847753703594208,0.029999999329447746,0.029999999329447746,0.029999999329447746,0.029999999329447746,0.032499998807907104,0.03500000014901161,0.03750000149011612,0.03999999910593033,0.03999999910593033,0.04500000178813934,0.05000000074505806,0.05999999865889549,0.07500000298023224,0.10000000149011612,0.1525000035762787,0.33000001311302185,0.48249998688697815,0.48500001430511475,0.49000000953674316,0.4675000011920929,0.36500000953674316,0.30000001192092896,0.2549999952316284,0.2224999964237213
1785945606051119803,-0.37711799144744873,0.3688952624797821,0.19963335990905762,0.21552641689777374,0.20158571004867554,0.09596559405326843,-0.008377340622246265,-0.08848579227924347,0.032499998807907104,0.032499998807907104,0.032499998807907104,0.03500000014901161,0.03500000014901161,0.03750000149011612,0.03999999910593033,0.042500000447034836,0.04500000178813934,0.05000000074505806,0.057500001043081284,0.07000000029802322,0.08749999850988388,0.11999999731779099,0.19750000536441803,0.48249998688697815,0.48249998688697815,0.48500001430511475,0.4925000071525574,0.4300000071525574,0.3375000059604645,0.2800000011920929,0.23999999463558197,0.21250000596046448
1785945606147087189,-0.37711799144744873,0.34404659271240234,0.19902539253234863,0.20447395741939545,-0.17697089910507202,0.08217141032218933,-0.008387270383536816,-0.08847177773714066,0.03750000149011612,0.03750000149011612,0.03750000149011612,0.03999999910593033,0.042500000447034836,0.04500000178813934,0.04500000178813934,0.04749999940395355,0.054999999701976776,0.0625,0.07249999791383743,0.08749999850988388,0.11249999701976776,0.1599999964237213,0.2800000011920929,0.47999998927116394,0.47999998927116394,0.48500001430511475,0.4950000047683716,0.38499999046325684,0.3075000047683716,0.2574999928474426,0.2224999964237213,0.19750000536441803
1785945606246456084,-0.37711799144744873,0.3428252041339874,0.20539957284927368,0.17951542139053345,0.17126335203647614,0.1059112548828125,-0.008387407287955284,-0.08847220242023468,0.03750000149011612,0.03750000149011612,0.03750000149011612,0.03999999910593033,0.042500000447034836,0.04500000178813934,0.04500000178813934,0.05000000074505806,0.054999999701976776,0.0625,0.07249999791383743,0.08749999850988388,0.11249999701976776,0.1599999964237213,0.2849999964237213,0.47999998927116394,0.47999998927116394,0.48500001430511475,0.4950000047683716,0.3824999928474426,0.3075000047683716,0.2574999928474426,0.2224999964237213,0.19750000536441803
1785945606348186010,-0.37711799144744873,0.3428252041339874,0.20910625159740448,0.17104464769363403,0.1774638444185257,0.11437825858592987,-0.008379604667425156,-0.08847127854824066,0.03750000149011612,0.03750000149011612,0.03750000149011612,0.03999999910593033,0.042500000447034836,0.04500000178813934,0.04500000178813934,0.05000000074505806,0.054999999701976776,0.0625,0.07249999791383743,0.08749999850988388,0.11249999701976776,0.1599999964237213,0.2849999964237213,0.47999998927116394,0.47999998927116394,0.48500001430511475,0.4950000047683716,0.3824999928474426,0.3075000047683716,0.2574999928474426,0.2224999964237213,0.19750000536441803
1785945606445980297,-0.37711799144744873,0.30864033102989197,0.22079114615917206,0.14308474957942963,0.13905642926692963,0.10815471410751343,-0.008381195366382599,-0.0884665846824646,0.03999999910593033,0.03999999910593033,0.042500000447034836,0.042500000447034836,0.04500000178813934,0.04500000178813934,0.05000000074505806,0.054999999701976776,0.05999999865889549,0.07000000029802322,0.08250000327825546,0.10249999910593033,0.13500000536441803,0.20499999821186066,0.47999998927116394,0.47999998927116394,0.47999998927116394,0.48750001192092896,0.44749999046325684,0.3425000011920929,0.2800000011920929,0.23749999701976776,0.20749999582767487,0.1875
1785945606545597840,-0.37711799144744873,0.29447656869888306,0.23273403942584991,0.12811632454395294,0.125695139169693,0.10896030068397522,-0.008388265036046505,-0.08846713602542877,0.042500000447034836,0.042500000447034836,0.04500000178813934,0.04749999940395355,0.04749999940395355,0.05000000074505806,0.054999999701976776,0.05999999865889549,0.06750000268220901,0.07750000059604645,0.09000000357627869,0.11249999701976776,0.1525000035762787,0.23999999463558197,0.47749999165534973,0.47749999165534973,0.47999998927116394,0.48750001192092896,0.41999998688697815,0.32499998807907104,0.26750001311302185,0.22750000655651093,0.20000000298023224,0.18000000715255737
1785945606658866063,-0.37711799144744873,0.29447656869888306,0.23745696246623993,0.1188124567270279,0.14650803804397583,0.11826495826244354,-0.008386743254959583,-0.08847297728061676,0.042500000447034836,0.042500000447034836,0.04500000178813934,0.04749999940395355,0.04749999940395355,0.05000000074505806,0.054999999701976776,0.05999999865889549,0.06750000268220901,0.07750000059604645,0.09000000357627869,0.11249999701976776,0.1525000035762787,0.23999999463558197,0.47749999165534973,0.47749999165534973,0.47999998927116394,0.48750001192092896,0.41999998688697815,0.32499998807907104,0.26750001311302185,0.22750000655651093,0.20000000298023224,0.18000000715255737
1785945606748178977,-0.37711799144744873,0.2610357105731964,0.2571408748626709,0.09655842930078506,0.10694000869989395,0.10707490146160126,-0.008386919274926186,-0.08847271651029587,0.04749999940395355,0.05000000074505806,0.05000000074505806,0.05000000074505806,0.05249999836087227,0.057500001043081284,0.0625,0.07000000029802322,0.07999999821186066,0.0925000011920929,0.10999999940395355,0.14249999821186066,0.20000000298023224,0.3425000011920929,0.47749999165534973,0.47749999165534973,0.48249998688697815,0.4749999940395355,0.36250001192092896,0.2874999940395355,0.23999999463558197,0.20749999582767487,0.1850000023841858,0.16750000417232513
1785945606847769095,-0.37711799144744873,0.24589180946350098,0.2632853388786316,0.08421320468187332,0.10184961557388306,0.10427621006965637,-0.00838219653815031,-0.08847785741090775,0.05000000074505806,0.05249999836087227,0.054999999701976776,0.054999999701976776,0.057500001043081284,0.0625,0.06750000268220901,0.07500000298023224,0.08500000089406967,0.10000000149011612,0.12250000238418579,0.1574999988079071,0.22750000655651093,0.4375,0.47749999165534973,0.47749999165534973,0.48249998688697815,0.44749999046325684,0.3400000035762787,0.27250000834465027,0.23000000417232513,0.20000000298023224,0.17749999463558197,0.16249999403953552
1785945606948024257,-0.37711799144744873,0.24589180946350098,0.28774815797805786,0.05877888575196266,0.17866210639476776,0.12971246242523193,-0.008386479690670967,-0.08847606182098389,0.05000000074505806,0.05249999836087227,0.054999999701976776,0.054999999701976776,0.057500001043081284,0.0625,0.06750000268220901,0.07500000298023224,0.08500000089406967,0.10000000149011612,0.12250000238418579,0.1574999988079071,0.22750000655651093,0.4375,0.47749999165534973,0.47749999165534973,0.48249998688697815,0.44749999046325684,0.3400000035762787,0.27250000834465027,0.23000000417232513,0.20000000298023224,0.17749999463558197,0.16249999403953552
1785945607047060630,-0.37711799144744873,0.22905007004737854,0.2967587411403656,0.05110737681388855,0.15783320367336273,0.1205439418554306,-0.008389046415686607,-0.08848033845424652,0.05249999836087227,0.054999999701976776,0.054999999701976776,0.057500001043081284,0.0625,0.06499999761581421,0.07249999791383743,0.07999999821186066,0.0925000011920929,0.10999999940395355,0.13500000536441803,0.17749999463558197,0.26249998807907104,0.4749999940395355,0.4749999940395355,0.4749999940395355,0.48249998688697815,0.41999998688697815,0.3174999952316284,0.2574999928474426,0.2175000011920929,0.1899999976158142,0.17000000178813934,0.1550000011920929
1785945607146741438,-0.37711799144744873,0.1972247064113617,0.31332114338874817,0.02355973795056343,0.1702616810798645,0.11673928797245026,-0.008382161147892475,-0.08847074955701828,0.05999999865889549,0.057500001043081284,0.0625,0.06499999761581421,0.07000000029802322,0.07500000298023224,0.08250000327825546,0.0925000011920929,0.10750000178813934,0.1274999976158142,0.16249999403953552,0.2199999988079071,0.3474999964237213,0.4749999940395355,0.4749999940395355,0.47749999165534973,0.48500001430511475,0.36000001430511475,0.2800000011920929,0.23250000178813934,0.19750000536441803,0.17499999701976776,0.1574999988079071,0.14499999582767487
1785945607253555516,-0.37711799144744873,0.18104495108127594,0.3046590983867645,0.01610662043094635,0.15930049121379852,0.1080145537853241,-0.008377930149435997,-0.08848695456981659,0.05999999865889549,0.05999999865889549,0.0625,0.06499999761581421,0.07000000029802322,0.07750000059604645,0.08500000089406967,0.0949999988079071,0.10999999940395355,0.13249999284744263,0.17000000178813934,0.23499999940395355,0.38999998569488525,0.4749999940395355,0.4749999940395355,0.47749999165534973,0.4650000035762787,0.3425000011920929,0.27000001072883606,0.22499999403953552,0.19249999523162842,0.17249999940395355,0.1550000011920929,0.14249999821186066
1785945607348221391,-0.37711799144744873,0.18104495108127594,0.28696563839912415,0.00020863674581050873,0.21070553362369537,0.12391386926174164,-0.008380968123674393,-0.08847475796937943,0.05999999865889549,0.05999999865889549,0.0625,0.06499999761581421,0.07000000029802322,0.07750000059604645,0.08500000089406967,0.0949999988079071,0.10999999940395355,0.13249999284744263,0.17000000178813934,0.23499999940395355,0.38999998569488525,0.4749999940395355,0.4749999940395355,0.47749999165534973,0.4650000035762787,0.3425000011920929,0.27000001072883606,0.22499999403953552,0.19249999523162842,0.17249999940395355,0.1550000011920929,0.14249999821186066
1785945607446499341,-0.37711799144744873,0.14908473193645477,0.2635289132595062,-0.022833414375782013,0.22196811437606812,0.11499448120594025,-0.008387367241084576,-0.08847176283597946,0.0625,0.06499999761581421,0.07000000029802322,0.07249999791383743,0.07999999821186066,0.08749999850988388,0.09749999642372131,0.10999999940395355,0.12999999523162842,0.1574999988079071,0.20499999821186066,0.29750001430511475,0.47749999165534973,0.4749999940395355,0.4749999940395355,0.47999998927116394,0.4000000059604645,0.29750001430511475,0.23999999463558197,0.20250000059604645,0.17749999463558197,0.1574999988079071,0.14249999821186066,0.13249999284744263
1785945607550218766,-0.37711799144744873,0.13169310986995697,0.25663068890571594,-0.029491625726222992,0.21520556509494781,0.10426250100135803,-0.008380558341741562,-0.08847362548112869,0.06499999761581421,0.07000000029802322,0.07249999791383743,0.07750000059604645,0.08250000327825546,0.0925000011920929,0.10249999910593033,0.11749999970197678,0.14000000059604645,0.17249999940395355,0.22750000655651093,0.3425000011920929,0.4724999964237213,0.4724999964237213,0.4724999964237213,0.47999998927116394,0.36500000953674316,0.2775000035762787,0.22750000655651093,0.19249999523162842,0.16750000417232513,0.15000000596046448,0.13750000298023224,0.1274999976158142
1785945607646508337,-0.37711799144744873,0.13169310986995697,0.2357051968574524,-0.053839921951293945,0.28790566325187683,0.12860901653766632,-0.008386154659092426,-0.08847220242023468,0.06499999761581421,0.07000000029802322,0.07249999791383743,0.07750000059604645,0.08250000327825546,0.0925000011920929,0.10249999910593033,0.11749999970197678,0.14000000059604645,0.17249999940395355,0.22750000655651093,0.3425000011920929,0.4724999964237213,0.4724999964237213,0.4724999964237213,0.47999998927116394,0.36500000953674316,0.2775000035762787,0.22750000655651093,0.19249999523162842,0.16750000417232513,0.15000000596046448,0.13750000298023224,0.1274999976158142
1785945607749700451,-0.37711799144744873,0.09812181442975998,0.22456447780132294,-0.06960996240377426,0.28015461564064026,0.11159668117761612,-0.023248733952641487,-0.012463298626244068,0.07249999791383743,0.07500000298023224,0.07999999821186066,0.08500000089406967,0.0925000011920929,0.10249999910593033,0.11749999970197678,0.13500000536441803,0.16249999403953552,0.20499999821186066,0.2800000011920929,0.4749999940395355,0.4724999964237213,0.4724999964237213,0.4749999940395355,0.4325000047683716,0.3100000023841858,0.24250000715255737,0.20250000059604645,0.17249999940395355,0.1525000035762787,0.13750000298023224,0.1274999976158142,0.11749999970197678
1785945607849243719,-0.37711799144744873,0.09812181442975998,0.2195243090391159,-0.07803571224212646,0.28912296891212463,0.12002290785312653,-0.023254618048667908,-0.012461620382964611,0.07249999791383743,0.07500000298023224,0.07999999821186066,0.08500000089406967,0.0925000011920929,0.10249999910593033,0.11749999970197678,0.13500000536441803,0.16249999403953552,0.20499999821186066,0.2800000011920929,0.4749999940395355,0.4724999964237213,0.4724999964237213,0.4749999940395355,0.4325000047683716,0.3100000023841858,0.24250000715255737,0.20250000059604645,0.17249999940395355,0.1525000035762787,0.13750000298023224,0.1274999976158142,0.11749999970197678
1785945607946476230,-0.37711799144744873,0.08438419550657272,0.2082795351743698,-0.10158225148916245,0.29156431555747986,0.12983353435993195,-0.023252656683325768,-0.012467097491025925,0.07500000298023224,0.07999999821186066,0.08500000089406967,0.09000000357627869,0.09749999642372131,0.10999999940395355,0.12250000238418579,0.14249999821186066,0.17249999940395355,0.2199999988079071,0.3100000023841858,0.4749999940395355,0.4724999964237213,0.4724999964237213,0.4749999940395355,0.4000000059604645,0.28999999165534973,0.23000000417232513,0.19249999523162842,0.16500000655651093,0.14749999344348907,0.13249999284744263,0.12250000238418579,0.11500000208616257
1785945608046838115,-0.37711799144744873,0.057700395584106445,0.20575475692749023,-0.10888200253248215,0.24136856198310852,0.1104457825422287,-0.023251516744494438,-0.012469151057302952,0.07999999821186066,0.08250000327825546,0.09000000357627869,0.0949999988079071,0.10499999672174454,0.11749999970197678,0.13249999284744263,0.1574999988079071,0.19249999523162842,0.25,0.36500000953674316,0.4749999940395355,0.4724999964237213,0.4724999964237213,0.47749999165534973,0.3499999940395355,0.26249998807907104,0.20999999344348907,0.17749999463558197,0.1550000011920929,0.13750000298023224,0.125,0.11749999970197678,0.10999999940395355
1785945608149269086,-0.37711799144744873,0.057700395584106445,0.20237652957439423,-0.13163267076015472,0.2820960283279419,0.13319754600524902,-0.023248303681612015,-0.012463266961276531,0.07999999821186066,0.08250000327825546,0.09000000357627869,0.0949999988079071,0.10499999672174454,0.11749999970197678,0.13249999284744263,0.1574999988079071,0.19249999523162842,0.25,0.36500000953674316,0.4749999940395355,0.4724999964237213,0.4724999964237213,0.47749999165534973,0.3499999940395355,0.26249998807907104,0.20999999344348907,0.17749999463558197,0.1550000011920929,0.13750000298023224,0.125,0.11749999970197678,0.10999999940395355
1785945608246629601,-0.37711799144744873,0.041694656014442444,0.2029983103275299,-0.14666281640529633,0.27440258860588074,0.13222521543502808,-0.023254960775375366,-0.012459049001336098,0.08250000327825546,0.08749999850988388,0.0925000011920929,0.10000000149011612,0.10999999940395355,0.12250000238418579,0.14249999821186066,0.16750000417232513,0.20749999582767487,0.27250000834465027,0.42500001192092896,0.4724999964237213,0.4724999964237213,0.4724999964237213,0.46000000834465027,0.3199999928474426,0.24500000476837158,0.19750000536441803,0.16750000417232513,0.14749999344348907,0.13249999284744263,0.11999999731779099,0.11249999701976776,0.10499999672174454
1785945608348591790,-0.37711799144744873,0.0121300108730793,0.204681396484375,-0.15454550087451935,0.21440821886062622,0.11054253578186035,-0.023249618709087372,-0.01246153749525547,0.09000000357627869,0.0949999988079071,0.10249999910593033,0.10999999940395355,0.12250000238418579,0.13750000298023224,0.1599999964237213,0.1899999976158142,0.23999999463558197,0.32749998569488525,0.47749999165534973,0.4724999964237213,0.4724999964237213,0.4749999940395355,0.38749998807907104,0.2750000059604645,0.2150000035762787,0.17749999463558197,0.1525000035762787,0.13500000536441803,0.11999999731779099,0.10999999940395355,0.10249999910593033,0.09749999642372131
1785945608446427583,-0.37711799144744873,-0.0028814307879656553,0.2129763662815094,-0.17773328721523285,0.23408964276313782,0.11871913075447083,-0.023252809420228004,-0.012469510547816753,0.0949999988079071,0.10000000149011612,0.10750000178813934,0.11500000208616257,0.1274999976158142,0.14499999582767487,0.16750000417232513,0.20250000059604645,0.25999999046325684,0.36000001430511475,0.4749999940395355,0.4724999964237213,0.4724999964237213,0.4749999940395355,0.35249999165534973,0.2549999952316284,0.20000000298023224,0.16750000417232513,0.14499999582767487,0.1274999976158142,0.11500000208616257,0.10499999672174454,0.10000000149011612,0.0925000011920929
1785945608556481310,-0.37711799144744873,-0.0028814307879656553,0.21672827005386353,-0.18492437899112701,0.25504282116889954,0.12591184675693512,-0.023244185373187065,-0.012460236437618732,0.0949999988079071,0.10000000149011612,0.10750000178813934,0.11500000208616257,0.1274999976158142,0.14499999582767487,0.16750000417232513,0.20250000059604645,0.25999999046325684,0.36000001430511475,0.4749999940395355,0.4724999964237213,0.4724999964237213,0.4749999940395355,0.35249999165534973,0.2549999952316284,0.20000000298023224,0.16750000417232513,0.14499999582767487,0.1274999976158142,0.11500000208616257,0.10499999672174454,0.10000000149011612,0.0925000011920929
1785945608652843683,-0.37711799144744873,-0.028499238193035126,0.23203502595424652,-0.20783279836177826,0.2551249563694,0.12320318073034286,-0.02325315773487091,-0.01246604323387146,0.09749999642372131,0.10499999672174454,0.11249999701976776,0.12250000238418579,0.13750000298023224,0.1550000011920929,0.18250000476837158,0.2224999964237213,0.28999999165534973,0.4300000071525574,0.4749999940395355,0.4724999964237213,0.4724999964237213,0.45750001072883606,0.3075000047683716,0.23000000417232513,0.1850000023841858,0.1550000011920929,0.13500000536441803,0.11999999731779099,0.10999999940395355,0.10000000149011612,0.0949999988079071,0.09000000357627869
1785945608747009734,-0.37711799144744873,-0.04485228657722473,0.2378707379102707,-0.21630679070949554,0.23745639622211456,0.11532026529312134,-0.02325412817299366,-0.012467208318412304,0.10249999910593033,0.10999999940395355,0.11749999970197678,0.12999999523162842,0.14499999582767487,0.16500000655651093,0.19499999284744263,0.23999999463558197,0.3149999976158142,0.47999998927116394,0.4724999964237213,0.4724999964237213,0.4724999964237213,0.41749998927116394,0.2800000011920929,0.21250000596046448,0.17249999940395355,0.14499999582767487,0.1274999976158142,0.11500000208616257,0.10499999672174454,0.09749999642372131,0.09000000357627869,0.08500000089406967
1785945608851787463,-0.37120500206947327,-0.04485228657722473,0.25936368107795715,-0.2389446198940277,0.31407856941223145,0.1379590928554535,-0.023253176361322403,-0.012464274652302265,0.10249999910593033,0.10999999940395355,0.11749999970197678,0.12999999523162842,0.14499999582767487,0.16500000655651093,0.19499999284744263,0.23999999463558197,0.3149999976158142,0.47999998927116394,0.4724999964237213,0.4724999964237213,0.4724999964237213,0.41749998927116394,0.2800000011920929,0.21250000596046448,0.17249999940395355,0.14499999582767487,0.1274999976158142,0.11500000208616257,0.10499999672174454,0.09749999642372131,0.09000000357627869,0.08500000089406967
1785945608950173673,-0.36792001128196716,-0.07178071141242981,0.27423280477523804,-0.2546308934688568,0.29661136865615845,0.12671567499637604,-0.023250021040439606,-0.012468378990888596,0.10999999940395355,0.11749999970197678,0.1274999976158142,0.14000000059604645,0.1574999988079071,0.18250000476837158,0.2175000011920929,0.27250000834465027,0.3700000047683716,0.47749999165534973,0.4724999964237213,0.4724999964237213,0.4749999940395355,0.3400000035762787,0.23749999701976776,0.1850000023841858,0.1525000035762787,0.12999999523162842,0.11500000208616257,0.10249999910593033,0.0949999988079071,0.08749999850988388,0.08250000327825546,0.07999999821186066
1785945609047546508,-0.3666059970855713,-0.09149670600891113,0.282038152217865,-0.2624078691005707,0.27263814210891724,0.11477808654308319,-0.023251036182045937,-0.012465831823647022,0.11500000208616257,0.12250000238418579,0.13249999284744263,0.14749999344348907,0.16750000417232513,0.19499999284744263,0.23250000178813934,0.29750001430511475,0.42250001430511475,0.4749999940395355,0.4724999964237213,0.4724999964237213,0.46000000834465027,0.30000001192092896,0.2175000011920929,0.17000000178813934,0.14249999821186066,0.12250000238418579,0.10750000178813934,0.09749999642372131,0.09000000357627869,0.08500000089406967,0.07999999821186066,0.07500000298023224
1785945609148136080,-0.35412299633026123,-0.09149670600891113,0.2510261535644531,-0.28181564807891846,0.3572034239768982,0.13812805712223053,-0.0232499111443758,-0.012460991740226746,0.11500000208616257,0.12250000238418579,0.13249999284744263,0.14749999344348907,0.16750000417232513,0.19499999284744263,0.23250000178813934,0.29750001430511475,0.42250001430511475,0.4749999940395355,0.4724999964237213,0.4724999964237213,0.46000000834465027,0.30000001192092896,0.2175000011920929,0.17000000178813934,0.14249999821186066,0.12250000238418579,0.10750000178813934,0.09749999642372131,0.09000000357627869,0.08500000089406967,0.07999999821186066,0.07500000298023224
1785945609247686740,-0.32324400544166565,-0.11018885672092438,0.22811204195022583,-0.29674872756004333,0.36466944217681885,0.13436873257160187,-0.023247409611940384,-0.012464524246752262,0.11999999731779099,0.1274999976158142,0.14000000059604645,0.1550000011920929,0.17749999463558197,0.20749999582767487,0.25,0.32249999046325684,0.48249998688697815,0.4749999940395355,0.4724999964237213,0.4724999964237213,0.41999998688697815,0.26750001311302185,0.19750000536441803,0.1574999988079071,0.13249999284744263,0.11500000208616257,0.10249999910593033,0.0925000011920929,0.08500000089406967,0.07999999821186066,0.07500000298023224,0.07249999791383743
1785945609347349948,-0.3120749890804291,-0.14523960649967194,0.20535828173160553,-0.3113221228122711,0.3339751958847046,0.11389215290546417,-0.023249074816703796,-0.012463887222111225,0.1274999976158142,0.14000000059604645,0.1525000035762787,0.17249999940395355,0.19750000536441803,0.23250000178813934,0.2874999940395355,0.3824999928474426,0.47999998927116394,0.4749999940395355,0.4749999940395355,0.4749999940395355,0.3174999952316284,0.2175000011920929,0.16500000655651093,0.13500000536441803,0.11500000208616257,0.10000000149011612,0.09000000357627869,0.08250000327825546,0.07750000059604645,0.07249999791383743,0.06750000268220901,0.06499999761581421
1785945609450450667,-0.30484798550605774,-0.14523960649967194,0.19436711072921753,-0.32111674547195435,0.3672679662704468,0.12368910014629364,-0.023243075236678123,-0.012462953105568886,0.1274999976158142,0.14000000059604645,0.1525000035762787,0.17249999940395355,0.19750000536441803,0.23250000178813934,0.2874999940395355,0.3824999928474426,0.47999998927116394,0.4749999940395355,0.4749999940395355,0.4749999940395355,0.3174999952316284,0.2175000011920929,0.16500000655651093,0.13500000536441803,0.11500000208616257,0.10000000149011612,0.09000000357627869,0.08250000327825546,0.07750000059604645,0.07249999791383743,0.06750000268220901,0.06499999761581421
1785945609546309057,-0.2568869888782501,-0.18933182954788208,0.17037253081798553,-0.3377963602542877,0.3292856514453888,0.09627431631088257,-0.02325238659977913,-0.01246707048267126,0.14000000059604645,0.1525000035762787,0.17000000178813934,0.19249999523162842,0.2224999964237213,0.27000001072883606,0.3449999988079071,0.48500001430511475,0.47749999165534973,0.4749999940395355,0.4749999940395355,0.38499999046325684,0.23749999701976776,0.17249999940395355,0.13750000298023224,0.11500000208616257,0.10000000149011612,0.08749999850988388,0.07999999821186066,0.07249999791383743,0.06750000268220901,0.06499999761581421,0.0625,0.05999999865889549
1785945609647691132,-0.21483899652957916,-0.18933182954788208,0.1481127142906189,-0.35070812702178955,0.37927791476249695,0.10918515920639038,-0.023250849917531013,-0.01246060710400343,0.14000000059604645,0.1525000035762787,0.17000000178813934,0.19249999523162842,0.2224999964237213,0.27000001072883606,0.3449999988079071,0.48500001430511475,0.47749999165534973,0.4749999940395355,0.4749999940395355,0.38499999046325684,0.23749999701976776,0.17249999940395355,0.13750000298023224,0.11500000208616257,0.10000000149011612,0.08749999850988388,0.07999999821186066,0.07249999791383743,0.06750000268220901,0.06499999761581421,0.0625,0.05999999865889549
1785945609746236611,-0.17476199567317963,-0.20798803865909576,0.11824766546487808,-0.3687046468257904,0.39209526777267456,0.10824142396450043,-0.13902625441551208,-0.1808471381664276,0.14499999582767487,0.1599999964237213,0.17749999463558197,0.20250000059604645,0.23749999701976776,0.2874999940395355,0.3725000023841858,0.48249998688697815,0.47749999165534973,0.4749999940395355,0.4749999940395355,0.32499998807907104,0.20999999344348907,0.1574999988079071,0.125,0.10499999672174454,0.0925000011920929,0.08250000327825546,0.07500000298023224,0.07000000029802322,0.06499999761581421,0.05999999865889549,0.057500001043081284,0.057500001043081284
1785945609851717753,-0.1445399969816208,-0.25337204337120056,0.10781761258840561,-0.3750928044319153,0.2942522168159485,0.06924501061439514,-0.13902242481708527,-0.1808503270149231,0.16249999403953552,0.18000000715255737,0.20250000059604645,0.23250000178813934,0.2775000035762787,0.3474999964237213,0.49000000953674316,0.48249998688697815,0.47749999165534973,0.47749999165534973,0.38749998807907104,0.2199999988079071,0.1550000011920929,0.11999999731779099,0.09749999642372131,0.08500000089406967,0.07500000298023224,0.06750000268220901,0.0625,0.057500001043081284,0.054999999701976776,0.05249999836087227,0.05000000074505806,0.04749999940395355
1785945609945843803,-0.14256900548934937,-0.25337204337120056,0.08593043684959412,-0.38615792989730835,0.31153404712677,0.08031287789344788,-0.1390276998281479,-0.18084920942783356,0.16249999403953552,0.18000000715255737,0.20250000059604645,0.23250000178813934,0.2775000035762787,0.3474999964237213,0.49000000953674316,0.48249998688697815,0.47749999165534973,0.47749999165534973,0.38749998807907104,0.2199999988079071,0.1550000011920929,0.11999999731779099,0.09749999642372131,0.08500000089406967,0.07500000298023224,0.06750000268220901,0.0625,0.057500001043081284,0.054999999701976776,0.05249999836087227,0.05000000074505806,0.04749999940395355
1785945610049858149,-0.11234699934720993,-0.2968696355819702,0.08171697705984116,-0.389674574136734,0.2143448442220688,0.04032924771308899,-0.13902638852596283,-0.1808469593524933,0.17749999463558197,0.19750000536441803,0.22499999403953552,0.26249998807907104,0.3199999928474426,0.42250001430511475,0.48750001192092896,0.47999998927116394,0.47749999165534973,0.47749999165534973,0.2524999976158142,0.16249999403953552,0.11999999731779099,0.09749999642372131,0.07999999821186066,0.07000000029802322,0.0625,0.057500001043081284,0.05249999836087227,0.05000000074505806,0.04749999940395355,0.04500000178813934,0.042500000447034836,0.042500000447034836
1785945610146543188,-0.08475299924612045,-0.3143121004104614,0.07810983806848526,-0.3989769518375397,0.18825861811637878,0.032189369201660156,-0.1390300989151001,-0.1808493286371231,0.1850000023841858,0.20499999821186066,0.23499999940395355,0.2775000035762787,0.3400000035762787,0.45750001072883606,0.48750001192092896,0.47999998927116394,0.47999998927116394,0.4300000071525574,0.21250000596046448,0.14249999821186066,0.10750000178813934,0.08749999850988388,0.07500000298023224,0.06499999761581421,0.057500001043081284,0.05249999836087227,0.05000000074505806,0.04500000178813934,0.042500000447034836,0.042500000447034836,0.03999999910593033,0.03999999910593033
1785945610246276734,-0.040734000504016876,-0.3143121004104614,0.08478748053312302,-0.4046753942966461,0.20033669471740723,0.037888020277023315,-0.13902398943901062,-0.18085020780563354,0.1850000023841858,0.20499999821186066,0.23499999940395355,0.2775000035762787,0.3400000035762787,0.45750001072883606,0.48750001192092896,0.47999998927116394,0.47999998927116394,0.4300000071525574,0.21250000596046448,0.14249999821186066,0.10750000178813934,0.08749999850988388,0.07500000298023224,0.06499999761581421,0.057500001043081284,0.05249999836087227,0.05000000074505806,0.04500000178813934,0.042500000447034836,0.042500000447034836,0.03999999910593033,0.03999999910593033
1785945610346119595,-0.0,-0.3495900332927704,0.0908752828836441,-0.40735602378845215,0.11849654465913773,0.0052911341190338135,-0.13902519643306732,-0.18084724247455597,0.20000000298023224,0.22499999403953552,0.25999999046325684,0.3100000023841858,0.38999998569488525,0.4925000071525574,0.48500001430511475,0.47999998927116394,0.47999998927116394,0.26750001311302185,0.1550000011920929,0.10999999940395355,0.08500000089406967,0.07000000029802322,0.05999999865889549,0.05249999836087227,0.04749999940395355,0.04500000178813934,0.042500000447034836,0.03999999910593033,0.03750000149011612,0.03500000014901161,0.03500000014901161,0.03500000014901161
1785945610446631245,0.039420001208782196,-0.362051397562027,0.10604235529899597,-0.40871408581733704,0.0870947614312172,-0.005813330411911011,-0.13902606070041656,-0.18085092306137085,0.20250000059604645,0.23000000417232513,0.26499998569488525,0.3199999928474426,0.4050000011920929,0.4950000047683716,0.48500001430511475,0.48249998688697815,0.48249998688697815,0.24500000476837158,0.14749999344348907,0.10499999672174454,0.08250000327825546,0.07000000029802322,0.05999999865889549,0.05249999836087227,0.04749999940395355,0.04500000178813934,0.03999999910593033,0.03999999910593033,0.03750000149011612,0.03500000014901161,0.03500000014901161,0.032499998807907104
1785945610547011402,0.0886949971318245,-0.362051397562027,0.12262653559446335,-0.4091450273990631,0.08683353662490845,-0.005381375551223755,-0.13902647793293,-0.18084970116615295,0.20250000059604645,0.23000000417232513,0.26499998569488525,0.3199999928474426,0.4050000011920929,0.4950000047683716,0.48500001430511475,0.48249998688697815,0.48249998688697815,0.24500000476837158,0.14749999344348907,0.10499999672174454,0.08250000327825546,0.07000000029802322,0.05999999865889549,0.05249999836087227,0.04749999940395355,0.04500000178813934,0.03999999910593033,0.03999999910593033,0.03750000149011612,0.03500000014901161,0.03500000014901161,0.032499998807907104
1785945610645025697,0.131400004029274,-0.38824963569641113,0.15400293469429016,-0.4052971601486206,0.015545304864645004,-0.035427868366241455,-0.13902370631694794,-0.18084768950939178,0.2175000011920929,0.2475000023841858,0.28999999165534973,0.35249999165534973,0.4749999940395355,0.4925000071525574,0.48500001430511475,0.48249998688697815,0.39750000834465027,0.17249999940395355,0.11249999701976776,0.08250000327825546,0.06750000268220901,0.054999999701976776,0.05000000074505806,0.042500000447034836,0.03999999910593033,0.03750000149011612,0.03500000014901161,0.032499998807907104,0.029999999329447746,0.029999999329447746,0.027499999850988388,0.027499999850988388
1785945610745478368,0.17410500347614288,-0.40184342861175537,0.16522574424743652,-0.4037517309188843,-0.033456627279520035,-0.050567567348480225,-0.13902322947978973,-0.1808491349220276,0.2224999964237213,0.2524999976158142,0.29750001430511475,0.36500000953674316,0.5,0.49000000953674316,0.48249998688697815,0.48249998688697815,0.33250001072883606,0.1599999964237213,0.10499999672174454,0.07999999821186066,0.06499999761581421,0.054999999701976776,0.04749999940395355,0.042500000447034836,0.03999999910593033,0.03750000149011612,0.03500000014901161,0.032499998807907104,0.029999999329447746,0.029999999329447746,0.027499999850988388,0.027499999850988388
1785945610846104901,0.22272300720214844,-0.418366402387619,0.19608664512634277,-0.3951120674610138,-0.09982336312532425,-0.07572898268699646,-0.13902617990970612,-0.18084770441055298,0.23000000417232513,0.26499998569488525,0.3125,0.38999998569488525,0.5,0.49000000953674316,0.48500001430511475,0.48500001430511475,0.2524999976158142,0.13249999284744263,0.09000000357627869,0.07000000029802322,0.057500001043081284,0.04749999940395355,0.042500000447034836,0.03750000149011612,0.03500000014901161,0.032499998807907104,0.029999999329447746,0.029999999329447746,0.02500000037252903,0.02500000037252903,0.02500000037252903,0.02500000037252903
1785945610945362113,0.26542800664901733,-0.418366402387619,0.21898764371871948,-0.388057678937912,-0.1233426108956337,-0.08278468251228333,-0.13902293145656586,-0.18084575235843658,0.23000000417232513,0.26499998569488525,0.3125,0.38999998569488525,0.5,0.49000000953674316,0.48500001430511475,0.48500001430511475,0.2524999976158142,0.13249999284744263,0.09000000357627869,0.07000000029802322,0.057500001043081284,0.04749999940395355,0.042500000447034836,0.03750000149011612,0.03500000014901161,0.032499998807907104,0.029999999329447746,0.029999999329447746,0.02500000037252903,0.02500000037252903,0.02500000037252903,0.02500000037252903
1785945611050591855,0.30813300609588623,-0.4217563271522522,0.22798192501068115,-0.38432398438453674,-0.14175023138523102,-0.08990749716758728,-0.1390230357646942,-0.18085098266601562,0.23250000178813934,0.26750001311302185,0.3149999976158142,0.39250001311302185,0.5,0.49000000953674316,0.48500001430511475,0.48500001430511475,0.24500000476837158,0.12999999523162842,0.09000000357627869,0.07000000029802322,0.057500001043081284,0.04749999940395355,0.042500000447034836,0.03750000149011612,0.03500000014901161,0.032499998807907104,0.029999999329447746,0.029999999329447746,0.02500000037252903,0.02500000037252903,0.02500000037252903,0.02500000037252903
1785945611146609930,0.35609400272369385,-0.4255028963088989,-0.2103990763425827,-0.3185250759124756,-0.19634665548801422,-0.10928782820701599,-0.13902397453784943,-0.18085183203220367,0.23749999701976776,0.27250000834465027,0.32499998807907104,0.4050000011920929,0.5,0.49000000953674316,0.48500001430511475,0.48500001430511475,0.21250000596046448,0.11500000208616257,0.07999999821186066,0.0625,0.05000000074505806,0.042500000447034836,0.03750000149011612,0.03500000014901161,0.032499998807907104,0.029999999329447746,0.027499999850988388,0.027499999850988388,0.02250000089406967,0.02250000089406967,0.02250000089406967,0.02250000089406967
1785945611245266932,0.37711799144744873,-0.4255028963088989,-0.20249731838703156,-0.31313398480415344,-0.21120935678482056,-0.11467868089675903,-0.13902680575847626,-0.18084757030010223,0.23749999701976776,0.27250000834465027,0.32499998807907104,0.4050000011920929,0.5,0.49000000953674316,0.48500001430511475,0.48500001430511475,0.21250000596046448,0.11500000208616257,0.07999999821186066,0.0625,0.05000000074505806,0.042500000447034836,0.03750000149011612,0.03500000014901161,0.032499998807907104,0.029999999329447746,0.027499999850988388,0.027499999850988388,0.02250000089406967,0.02250000089406967,0.02250000089406967,0.02250000089406967
1785945611345204548,0.37711799144744873,-0.42284104228019714,-0.17049294710159302,-0.2880750000476837,-0.2766857445240021,-0.13707596063613892,-0.13902418315410614,-0.1808493435382843,0.23250000178813934,0.26750001311302185,0.3174999952316284,0.39250001311302185,0.5,0.49000000953674316,0.48500001430511475,0.48500001430511475,0.24250000715255737,0.12999999523162842,0.09000000357627869,0.07000000029802322,0.057500001043081284,0.04749999940395355,0.042500000447034836,0.03750000149011612,0.03500000014901161,0.032499998807907104,0.029999999329447746,0.029999999329447746,0.02500000037252903,0.02500000037252903,0.02500000037252903,0.02500000037252903
1785945611446109393,0.37711799144744873,-0.4224702715873718,-0.16016189754009247,-0.2797973155975342,-0.29969602823257446,-0.1449817419052124,-0.13902664184570312,-0.18084914982318878,0.23250000178813934,0.26750001311302185,0.3174999952316284,0.39250001311302185,0.5,0.49000000953674316,0.48500001430511475,0.48500001430511475,0.24250000715255737,0.12999999523162842,0.09000000357627869,0.07000000029802322,0.057500001043081284,0.04749999940395355,0.042500000447034836,0.03750000149011612,0.03500000014901161,0.032499998807907104,0.029999999329447746,0.029999999329447746,0.02500000037252903,0.02500000037252903,0.02500000037252903,0.02500000037252903
1785945611545593396,0.37711799144744873,-0.4148728847503662,-0.1351092904806137,-0.25322267413139343,-0.357239305973053,-0.16395950317382812,-0.13901670277118683,-0.18084679543972015,0.23000000417232513,0.26249998807907104,0.3125,0.38499999046325684,0.5024999976158142,0.4925000071525574,0.48500001430511475,0.48500001430511475,0.26249998807907104,0.13500000536441803,0.0925000011920929,0.07000000029802322,0.057500001043081284,0.05000000074505806,0.042500000447034836,0.03750000149011612,0.03500000014901161,0.032499998807907104,0.029999999329447746,0.029999999329447746,0.02500000037252903,0.02500000037252903,0.02500000037252903,0.02500000037252903
1785945611650088268,0.37711799144744873,-0.4148728847503662,-0.1264415830373764,-0.24485847353935242,-0.381255567073822,-0.17232400178909302,-0.13902504742145538,-0.18085114657878876,0.23000000417232513,0.26249998807907104,0.3125,0.38499999046325684,0.5024999976158142,0.4925000071525574,0.48500001430511475,0.48500001430511475,0.26249998807907104,0.13500000536441803,0.0925000011920929,0.07000000029802322,0.057500001043081284,0.05000000074505806,0.042500000447034836,0.03750000149011612,0.03500000014901161,0.032499998807907104,0.029999999329447746,0.029999999329447746,0.02500000037252903,0.02500000037252903,0.02500000037252903,0.02500000037252903
1785945611745902113,0.37711799144744873,-0.39698901772499084,-0.10595738142728806,-0.22288794815540314,-0.4074151813983917,-0.17641204595565796,-0.13902853429317474,-0.1808469146490097,0.2199999988079071,0.25,0.29499998688697815,0.36000001430511475,0.4975000023841858,0.49000000953674316,0.48500001430511475,0.48249998688697815,0.35249999165534973,0.16500000655651093,0.10750000178813934,0.07999999821186066,0.06499999761581421,0.054999999701976776,0.04749999940395355,0.042500000447034836,0.03999999910593033,0.03750000149011612,0.03500000014901161,0.032499998807907104,0.029999999329447746,0.029999999329447746,0.027499999850988388,0.027499999850988388
1785945611847295068,0.37711799144744873,-0.3864927887916565,-0.09624966233968735,-0.20890432596206665,-0.4125296473503113,-0.17997638881206512,-0.05022869631648064,-0.24259883165359497,0.2175000011920929,0.2475000023841858,0.28999999165534973,0.35249999165534973,0.4625000059604645,0.4925000071525574,0.48500001430511475,0.48249998688697815,0.4074999988079071,0.17499999701976776,0.11249999701976776,0.08250000327825546,0.06750000268220901,0.057500001043081284,0.05000000074505806,0.042500000447034836,0.03999999910593033,0.03750000149011612,0.03500000014901161,0.032499998807907104,0.029999999329447746,0.029999999329447746,0.027499999850988388,0.027499999850988388
1785945611946344018,0.37711799144744873,-0.3864927887916565,-0.09321334958076477,-0.20121237635612488,-0.4277277886867523,-0.18766678869724274,-0.050231289118528366,-0.24260063469409943,0.2175000011920929,0.2475000023841858,0.28999999165534973,0.35249999165534973,0.4625000059604645,0.4925000071525574,0.48500001430511475,0.48249998688697815,0.4074999988079071,0.17499999701976776,0.11249999701976776,0.08250000327825546,0.06750000268220901,0.057500001043081284,0.05000000074505806,0.042500000447034836,0.03999999910593033,0.03750000149011612,0.03500000014901161,0.032499998807907104,0.029999999329447746,0.029999999329447746,0.027499999850988388,0.027499999850988388
1785945612045336326,0.37711799144744873,-0.35256409645080566,-0.09171290695667267,-0.17472103238105774,-0.392333984375,-0.18022920191287994,-0.05022403225302696,-0.24260438978672028,0.20000000298023224,0.22499999403953552,0.26249998807907104,0.3125,0.39500001072883606,0.4925000071525574,0.48500001430511475,0.47999998927116394,0.47999998927116394,0.26249998807907104,0.1525000035762787,0.10999999940395355,0.08500000089406967,0.07000000029802322,0.05999999865889549,0.05249999836087227,0.04749999940395355,0.04500000178813934,0.042500000447034836,0.03999999910593033,0.03750000149011612,0.03500000014901161,0.03500000014901161,0.03500000014901161
1785945612146257619,0.37711799144744873,-0.3368033468723297,-0.09435439854860306,-0.16576938331127167,-0.36899372935295105,-0.17342065274715424,-0.05022231116890907,-0.24260398745536804,0.19249999523162842,0.2175000011920929,0.25,0.29750001430511475,0.3700000047683716,0.4950000047683716,0.48500001430511475,0.47999998927116394,0.47999998927116394,0.32249999046325684,0.17749999463558197,0.12250000238418579,0.0949999988079071,0.07750000059604645,0.06750000268220901,0.057500001043081284,0.05249999836087227,0.04749999940395355,0.04500000178813934,0.042500000447034836,0.03999999910593033,0.03999999910593033,0.03750000149011612,0.03750000149011612
1785945612247695568,0.37711799144744873,-0.3368033468723297,-0.10229962319135666,-0.14635507762432098,-0.4161590039730072,-0.19283510744571686,-0.05022306367754936,-0.24260221421718597,0.19249999523162842,0.2175000011920929,0.25,0.29750001430511475,0.3700000047683716,0.4950000047683716,0.48500001430511475,0.47999998927116394,0.47999998927116394,0.32249999046325684,0.17749999463558197,0.12250000238418579,0.0949999988079071,0.07750000059604645,0.06750000268220901,0.057500001043081284,0.05249999836087227,0.04749999940395355,0.04500000178813934,0.042500000447034836,0.03999999910593033,0.03999999910593033,0.03750000149011612,0.03750000149011612
1785945612345621892,0.37711799144744873,-0.3138638138771057,-0.1250244826078415,-0.12030068039894104,-0.4164128005504608,-0.19595181941986084,-0.050228822976350784,-0.24259965121746063,0.1850000023841858,0.20499999821186066,0.23499999940395355,0.2775000035762787,0.3400000035762787,0.45750001072883606,0.48750001192092896,0.47999998927116394,0.47999998927116394,0.4300000071525574,0.2150000035762787,0.14249999821186066,0.10750000178813934,0.08749999850988388,0.07500000298023224,0.06499999761581421,0.057500001043081284,0.05249999836087227,0.05000000074505806,0.04500000178813934,0.042500000447034836,0.042500000447034836,0.03999999910593033,0.03999999910593033
1785945612446490416,0.37711799144744873,-0.2951148748397827,-0.1309250444173813,-0.11126787215471268,-0.39004945755004883,-0.18623557686805725,-0.050228796899318695,-0.24259178340435028,0.17749999463558197,0.19750000536441803,0.2224999964237213,0.26249998807907104,0.3174999952316284,0.4124999940395355,0.48750001192092896,0.47999998927116394,0.47749999165534973,0.47749999165534973,0.2549999952316284,0.16249999403953552,0.11999999731779099,0.09749999642372131,0.08250000327825546,0.07000000029802322,0.0625,0.057500001043081284,0.05249999836087227,0.05000000074505806,0.04749999940395355,0.04500000178813934,0.042500000447034836,0.042500000447034836
1785945612545734700,0.37711799144744873,-0.27717673778533936,-0.15747082233428955,-0.08895876258611679,-0.4006359577178955,-0.1906033754348755,-0.05022238940000534,-0.24259832501411438,0.17000000178813934,0.1875,0.21250000596046448,0.2475000023841858,0.30000001192092896,0.3799999952316284,0.48750001192092896,0.47999998927116394,0.47749999165534973,0.47749999165534973,0.3050000071525574,0.1875,0.13500000536441803,0.10750000178813934,0.09000000357627869,0.07750000059604645,0.06750000268220901,0.0625,0.057500001043081284,0.05249999836087227,0.05000000074505806,0.04749999940395355,0.04749999940395355,0.04500000178813934
1785945612648135910,0.37711799144744873,-0.27717673778533936,-0.1657802015542984,-0.07958924770355225,-0.42864349484443665,-0.19997403025627136,-0.050231918692588806,-0.2425982803106308,0.17000000178813934,0.1875,0.21250000596046448,0.2475000023841858,0.30000001192092896,0.3799999952316284,0.48750001192092896,0.47999998927116394,0.47749999165534973,0.47749999165534973,0.3050000071525574,0.1875,0.13500000536441803,0.10750000178813934,0.09000000357627869,0.07750000059604645,0.06750000268220901,0.0625,0.057500001043081284,0.05249999836087227,0.05000000074505806,0.04749999940395355,0.04749999940395355,0.04500000178813934
1785945612746696652,0.37711799144744873,-0.24205385148525238,-0.1954442709684372,-0.05454282835125923,-0.4049712121486664,-0.18989582359790802,-0.05022294446825981,-0.24259725213050842,0.1574999988079071,0.17249999940395355,0.19499999284744263,0.2224999964237213,0.26499998569488525,0.33000001311302185,0.44999998807907104,0.48249998688697815,0.47749999165534973,0.47749999165534973,0.42750000953674316,0.24500000476837158,0.16750000417232513,0.12999999523162842,0.10499999672174454,0.09000000357627869,0.07999999821186066,0.07249999791383743,0.06499999761581421,0.05999999865889549,0.057500001043081284,0.054999999701976776,0.05249999836087227,0.05000000074505806
1785945612848727579,0.37711799144744873,-0.22409473359584808,-0.20647674798965454,-0.04618309065699577,-0.3808576464653015,-0.18029910326004028,-0.05022554099559784,-0.24259817600250244,0.1525000035762787,0.16500000655651093,0.1850000023841858,0.21250000596046448,0.25,0.3075000047683716,0.4050000011920929,0.48249998688697815,0.4749999940395355,0.4749999940395355,0.4749999940395355,0.2824999988079071,0.1899999976158142,0.14249999821186066,0.11500000208616257,0.09749999642372131,0.08500000089406967,0.07750000059604645,0.07000000029802322,0.06499999761581421,0.05999999865889549,0.057500001043081284,0.054999999701976776,0.05249999836087227
1785945612947474568,0.37711799144744873,-0.22409473359584808,-0.239932581782341,-0.018909910693764687,-0.4658128321170807,-0.2075721025466919,-0.05022939294576645,-0.24258841574192047,0.1525000035762787,0.16500000655651093,0.1850000023841858,0.21250000596046448,0.25,0.3075000047683716,0.4050000011920929,0.48249998688697815,0.4749999940395355,0.4749999940395355,0.4749999940395355,0.2824999988079071,0.1899999976158142,0.14249999821186066,0.11500000208616257,0.09749999642372131,0.08500000089406967,0.07750000059604645,0.07000000029802322,0.06499999761581421,0.05999999865889549,0.057500001043081284,0.054999999701976776,0.05249999836087227
1785945613047207378,0.37777501344680786,-0.18935778737068176,-0.2514404058456421,-0.010527009144425392,-0.39965593814849854,-0.1812172532081604,-0.050225138664245605,-0.242604061961174,0.14000000059604645,0.1525000035762787,0.17000000178813934,0.19249999523162842,0.2224999964237213,0.27000001072883606,0.3449999988079071,0.48500001430511475,0.47749999165534973,0.4749999940395355,0.4749999940395355,0.38499999046325684,0.23749999701976776,0.17249999940395355,0.13750000298023224,0.11500000208616257,0.10000000149011612,0.08749999850988388,0.07999999821186066,0.07249999791383743,0.06750000268220901,0.06499999761581421,0.0625,0.05999999865889549
1785945613146037761,0.37711799144744873,-0.17260725796222687,-0.22479502856731415,0.019830353558063507,-0.45018941164016724,-0.19331826269626617,-0.05022747814655304,-0.2426062375307083,0.13500000536441803,0.14749999344348907,0.16249999403953552,0.18250000476837158,0.20999999344348907,0.2524999976158142,0.3199999928474426,0.44749999046325684,0.47999998927116394,0.4749999940395355,0.4749999940395355,0.4350000023841858,0.26750001311302185,0.1899999976158142,0.15000000596046448,0.12250000238418579,0.10499999672174454,0.0925000011920929,0.08500000089406967,0.07750000059604645,0.07249999791383743,0.06750000268220901,0.06499999761581421,0.0625
1785945613248404570,0.37711799144744873,-0.17260725796222687,-0.20342907309532166,0.03542330116033554,-0.5007891058921814,-0.20891150832176208,-0.05023046210408211,-0.2425990104675293,0.13500000536441803,0.14749999344348907,0.16249999403953552,0.18250000476837158,0.20999999344348907,0.2524999976158142,0.3199999928474426,0.44749999046325684,0.47999998927116394,0.4749999940395355,0.4749999940395355,0.4350000023841858,0.26750001311302185,0.1899999976158142,0.15000000596046448,0.12250000238418579,0.10499999672174454,0.0925000011920929,0.08500000089406967,0.07750000059604645,0.07249999791383743,0.06750000268220901,0.06499999761581421,0.0625
1785945613349785205,0.37711799144744873,-0.15983206033706665,-0.19291558861732483,0.04347384721040726,-0.49465709924697876,-0.20418645441532135,-0.050217267125844955,-0.24259907007217407,0.12999999523162842,0.14000000059604645,0.1550000011920929,0.17499999701976776,0.20250000059604645,0.23999999463558197,0.30000001192092896,0.4050000011920929,0.47999998927116394,0.4749999940395355,0.4749999940395355,0.47749999165534973,0.29499998688697815,0.20749999582767487,0.1599999964237213,0.13249999284744263,0.11249999701976776,0.10000000149011612,0.09000000357627869,0.08250000327825546,0.07500000298023224,0.07249999791383743,0.06750000268220901,0.06499999761581421
1785945613446973267,0.37711799144744873,-0.1231403574347496,-0.1618388295173645,0.06783218681812286,-0.48473694920539856,-0.19185256958007812,-0.050222206860780716,-0.24259325861930847,0.11999999731779099,0.12999999523162842,0.14249999821186066,0.1574999988079071,0.18000000715255737,0.21250000596046448,0.25999999046325684,0.3375000059604645,0.47999998927116394,0.4749999940395355,0.4724999964237213,0.4724999964237213,0.38749998807907104,0.2549999952316284,0.1899999976158142,0.1525000035762787,0.12999999523162842,0.11249999701976776,0.10000000149011612,0.0925000011920929,0.08500000089406967,0.07999999821186066,0.07500000298023224,0.07249999791383743
1785945613550641171,0.37711799144744873,-0.10329614579677582,-0.1516820341348648,0.0759284496307373,-0.4649275839328766,-0.18010437488555908,-0.05022846907377243,-0.24259941279888153,0.11500000208616257,0.125,0.13500000536441803,0.15000000596046448,0.17000000178813934,0.19750000536441803,0.23999999463558197,0.3075000047683716,0.45750001072883606,0.4749999940395355,0.4724999964237213,0.4724999964237213,0.4399999976158142,0.2849999964237213,0.20999999344348907,0.16500000655651093,0.14000000059604645,0.11999999731779099,0.10750000178813934,0.09749999642372131,0.09000000357627869,0.08250000327825546,0.07750000059604645,0.07500000298023224
1785945613647953652,0.37711799144744873,-0.06651727110147476,-0.12076536566019058,0.1066305935382843,-0.4823452830314636,-0.17402902245521545,-0.05022229254245758,-0.24260377883911133,0.10750000178813934,0.11500000208616257,0.12250000238418579,0.13500000536441803,0.1525000035762787,0.17499999701976776,0.20999999344348907,0.25999999046325684,0.35249999165534973,0.47749999165534973,0.4724999964237213,0.4724999964237213,0.4749999940395355,0.36000001430511475,0.2524999976158142,0.19499999284744263,0.1599999964237213,0.13500000536441803,0.11999999731779099,0.10750000178813934,0.09749999642372131,0.0925000011920929,0.08500000089406967,0.08250000327825546
1785945613746581757,0.37711799144744873,-0.06651727110147476,-0.10452531278133392,0.12264995276927948,-0.5266878008842468,-0.18993662297725677,-0.0644540935754776,-0.2669681906700134,0.10750000178813934,0.11500000208616257,0.12250000238418579,0.13500000536441803,0.1525000035762787,0.17499999701976776,0.20999999344348907,0.25999999046325684,0.35249999165534973,0.47749999165534973,0.4724999964237213,0.4724999964237213,0.4749999940395355,0.36000001430511475,0.2524999976158142,0.19499999284744263,0.1599999964237213,0.13500000536441803,0.11999999731779099,0.10750000178813934,0.09749999642372131,0.0925000011920929,0.08500000089406967,0.08250000327825546
1785945613849465573,0.37711799144744873,-0.053070954978466034,-0.09623052924871445,0.1326986849308014,-0.5189154148101807,-0.18654078245162964,-0.06446249783039093,-0.26697421073913574,0.10249999910593033,0.10999999940395355,0.11749999970197678,0.12999999523162842,0.14499999582767487,0.16750000417232513,0.19750000536441803,0.24500000476837158,0.32499998807907104,0.47749999165534973,0.4724999964237213,0.4724999964237213,0.4724999964237213,0.4000000059604645,0.27250000834465027,0.20749999582767487,0.17000000178813934,0.14499999582767487,0.125,0.11249999701976776,0.10249999910593033,0.0949999988079071,0.09000000357627869,0.08500000089406967
1785945613946732453,0.37711799144744873,-0.039304111152887344,-0.08100495487451553,0.15871812403202057,-0.5539377331733704,-0.19879397749900818,-0.06446103006601334,-0.2669694423675537,0.10249999910593033,0.10750000178813934,0.11749999970197678,0.1274999976158142,0.14249999821186066,0.16249999403953552,0.19249999523162842,0.23499999940395355,0.3100000023841858,0.47999998927116394,0.4724999964237213,0.4724999964237213,0.4724999964237213,0.42750000953674316,0.2849999964237213,0.2150000035762787,0.17499999701976776,0.14749999344348907,0.1274999976158142,0.11500000208616257,0.10499999672174454,0.09749999642372131,0.09000000357627869,0.08500000089406967
1785945614047199013,0.37711799144744873,-0.039304111152887344,-0.07941900938749313,0.16643227636814117,-0.5759499669075012,-0.20650802552700043,-0.06446164846420288,-0.2669881582260132,0.10249999910593033,0.10750000178813934,0.11749999970197678,0.1274999976158142,0.14249999821186066,0.16249999403953552,0.19249999523162842,0.23499999940395355,0.3100000023841858,0.47999998927116394,0.4724999964237213,0.4724999964237213,0.4724999964237213,0.42750000953674316,0.2849999964237213,0.2150000035762787,0.17499999701976776,0.14749999344348907,0.1274999976158142,0.11500000208616257,0.10499999672174454,0.09749999642372131,0.09000000357627869,0.08500000089406967
1785945614146554724,0.37711799144744873,-0.01212737150490284,-0.08474303036928177,0.1909354329109192,-0.5740649700164795,-0.20383282005786896,-0.06445741653442383,-0.266976535320282,0.0949999988079071,0.10000000149011612,0.10750000178813934,0.11749999970197678,0.12999999523162842,0.14749999344348907,0.17249999940395355,0.20749999582767487,0.26750001311302185,0.375,0.4749999940395355,0.4724999964237213,0.4724999964237213,0.47749999165534973,0.3375000059604645,0.2475000023841858,0.19750000536441803,0.16500000655651093,0.14249999821186066,0.125,0.11500000208616257,0.10499999672174454,0.09749999642372131,0.0925000011920929
1785945614247796667,0.37711799144744873,0.0034728562459349632,-0.08992323279380798,0.19865459203720093,-0.5541097521781921,-0.1959543377161026,-0.06446053832769394,-0.26697951555252075,0.09000000357627869,0.0949999988079071,0.10249999910593033,0.11249999701976776,0.12250000238418579,0.14000000059604645,0.16249999403953552,0.19499999284744263,0.24500000476837158,0.3400000035762787,0.4749999940395355,0.4724999964237213,0.4724999964237213,0.4749999940395355,0.3725000023841858,0.26750001311302185,0.20999999344348907,0.17499999701976776,0.15000000596046448,0.13249999284744263,0.11999999731779099,0.10999999940395355,0.10249999910593033,0.09749999642372131
1785945614346999733,0.37711799144744873,0.03120465762913227,-0.11161547899246216,0.22339893877506256,-0.5550984740257263,-0.19296465814113617,-0.06445493549108505,-0.26698583364486694,0.08749999850988388,0.09000000357627869,0.09749999642372131,0.10499999672174454,0.11500000208616257,0.12999999523162842,0.15000000596046448,0.17749999463558197,0.2199999988079071,0.29499998688697815,0.47749999165534973,0.4724999964237213,0.4724999964237213,0.4749999940395355,0.4300000071525574,0.30000001192092896,0.23000000417232513,0.1899999976158142,0.1599999964237213,0.14249999821186066,0.1274999976158142,0.11500000208616257,0.10750000178813934,0.10000000149011612
1785945614448239981,0.37711799144744873,0.03120465762913227,-0.13078007102012634,0.24182268977165222,-0.6150096654891968,-0.21138791739940643,-0.06445939838886261,-0.26697537302970886,0.08749999850988388,0.09000000357627869,0.09749999642372131,0.10499999672174454,0.11500000208616257,0.12999999523162842,0.15000000596046448,0.17749999463558197,0.2199999988079071,0.29499998688697815,0.47749999165534973,0.4724999964237213,0.4724999964237213,0.4749999940395355,0.4300000071525574,0.30000001192092896,0.23000000417232513,0.1899999976158142,0.1599999964237213,0.14249999821186066,0.1274999976158142,0.11500000208616257,0.10750000178813934,0.10000000149011612
1785945614547593867,0.37711799144744873,0.05055641382932663,-0.14878670871257782,0.2514936029911041,-0.5918272137641907,-0.20170748233795166,-0.06445521861314774,-0.26697951555252075,0.08250000327825546,0.08749999850988388,0.0925000011920929,0.10000000149011612,0.10999999940395355,0.12250000238418579,0.14000000059604645,0.16500000655651093,0.20250000059604645,0.26499998569488525,0.38999998569488525,0.4724999964237213,0.4724999964237213,0.4724999964237213,0.4699999988079071,0.33250001072883606,0.25,0.20250000059604645,0.17000000178813934,0.15000000596046448,0.13249999284744263,0.12250000238418579,0.11249999701976776,0.10499999672174454
1785945614647241619,0.37711799144744873,0.0635310634970665,-0.1874392330646515,0.2766478657722473,-0.6408860683441162,-0.21388834714889526,-0.06445672363042831,-0.2669801712036133,0.07999999821186066,0.08250000327825546,0.08749999850988388,0.0949999988079071,0.10499999672174454,0.11500000208616257,0.13249999284744263,0.1550000011920929,0.1899999976158142,0.24500000476837158,0.35249999165534973,0.4749999940395355,0.4724999964237213,0.4724999964237213,0.47749999165534973,0.35749998688697815,0.26750001311302185,0.2150000035762787,0.18000000715255737,0.1574999988079071,0.14000000059604645,0.1274999976158142,0.11749999970197678,0.10999999940395355
1785945614752659559,0.37711799144744873,0.0635310634970665,-0.1999625414609909,0.28554898500442505,-0.671678900718689,-0.22278833389282227,-0.06445948034524918,-0.26697155833244324,0.07999999821186066,0.08250000327825546,0.08749999850988388,0.0949999988079071,0.10499999672174454,0.11500000208616257,0.13249999284744263,0.1550000011920929,0.1899999976158142,0.24500000476837158,0.35249999165534973,0.4749999940395355,0.4724999964237213,0.4724999964237213,0.47749999165534973,0.35749998688697815,0.26750001311302185,0.2150000035762787,0.18000000715255737,0.1574999988079071,0.14000000059604645,0.1274999976158142,0.11749999970197678,0.10999999940395355
1785945614846390941,0.37711799144744873,0.09390422701835632,0.233167365193367,0.31100571155548096,-0.6744009256362915,-0.21673911809921265,-0.06445973366498947,-0.2669825553894043,0.07249999791383743,0.07500000298023224,0.07999999821186066,0.08749999850988388,0.0949999988079071,0.10499999672174454,0.11749999970197678,0.13500000536441803,0.16249999403953552,0.20749999582767487,0.2849999964237213,0.4749999940395355,0.4724999964237213,0.4724999964237213,0.4749999940395355,0.42750000953674316,0.3075000047683716,0.24250000715255737,0.20000000298023224,0.17249999940395355,0.1525000035762787,0.13750000298023224,0.1274999976158142,0.11749999970197678
1785945614946886430,0.37711799144744873,0.11526090651750565,0.22122541069984436,0.3189842402935028,-0.6452696323394775,-0.2033635675907135,-0.06445761770009995,-0.2669784128665924,0.07000000029802322,0.07249999791383743,0.07750000059604645,0.08250000327825546,0.08749999850988388,0.09749999642372131,0.10999999940395355,0.125,0.15000000596046448,0.1875,0.2524999976158142,0.39250001311302185,0.4724999964237213,0.4724999964237213,0.4749999940395355,0.46000000834465027,0.3375000059604645,0.25999999046325684,0.2150000035762787,0.18250000476837158,0.1599999964237213,0.14499999582767487,0.13249999284744263,0.12250000238418579
1785945615047024532,0.37711799144744873,0.13605570793151855,0.18116649985313416,0.3441254496574402,-0.6800709366798401,-0.2077106535434723,-0.06445702910423279,-0.2669675052165985,0.06499999761581421,0.07000000029802322,0.07249999791383743,0.07750000059604645,0.08250000327825546,0.0925000011920929,0.10249999910593033,0.11749999970197678,0.13750000298023224,0.17000000178813934,0.22499999403953552,0.33250001072883606,0.4749999940395355,0.4749999940395355,0.4749999940395355,0.48249998688697815,0.3700000047683716,0.2824999988079071,0.22750000655651093,0.19249999523162842,0.17000000178813934,0.1525000035762787,0.13750000298023224,0.1274999976158142
1785945615146413460,0.37711799144744873,0.13605570793151855,0.1570134460926056,0.36089926958084106,-0.7406986951828003,-0.22448360919952393,-0.06446641683578491,-0.26698264479637146,0.06499999761581421,0.07000000029802322,0.07249999791383743,0.07750000059604645,0.08250000327825546,0.0925000011920929,0.10249999910593033,0.11749999970197678,0.13750000298023224,0.17000000178813934,0.22499999403953552,0.33250001072883606,0.4749999940395355,0.4749999940395355,0.4749999940395355,0.48249998688697815,0.3700000047683716,0.2824999988079071,0.22750000655651093,0.19249999523162842,0.17000000178813934,0.1525000035762787,0.13750000298023224,0.1274999976158142
1785945615247188413,0.37711799144744873,0.1762392669916153,0.14613011479377747,0.3698316514492035,-0.6682835817337036,-0.19323207437992096,-0.06445088982582092,-0.26697883009910583,0.0625,0.0625,0.06499999761581421,0.07000000029802322,0.07500000298023224,0.07999999821186066,0.09000000357627869,0.10000000149011612,0.11749999970197678,0.14000000059604645,0.18000000715255737,0.2524999976158142,0.47749999165534973,0.4749999940395355,0.4749999940395355,0.47749999165534973,0.4449999928474426,0.33000001311302185,0.26249998807907104,0.2175000011920929,0.1875,0.16750000417232513,0.15000000596046448,0.13750000298023224
1785945615348266671,0.3705480098724365,0.198105126619339,0.11312771588563919,0.39613425731658936,-0.7076826691627502,-0.19767111539840698,-0.06446181237697601,-0.2669701874256134,0.057500001043081284,0.057500001043081284,0.057500001043081284,0.0625,0.06499999761581421,0.07249999791383743,0.07999999821186066,0.09000000357627869,0.10249999910593033,0.12250000238418579,0.1525000035762787,0.20749999582767487,0.33000001311302185,0.4749999940395355,0.4749999940395355,0.47749999165534973,0.48500001430511475,0.3700000047683716,0.2874999940395355,0.23749999701976776,0.20250000059604645,0.18000000715255737,0.16249999403953552,0.14749999344348907
1785945615451471041,0.3370409905910492,0.198105126619339,0.10545907914638519,0.4057255983352661,-0.7423449158668518,-0.20726081728935242,-0.06446091085672379,-0.266971617937088,0.057500001043081284,0.057500001043081284,0.057500001043081284,0.0625,0.06499999761581421,0.07249999791383743,0.07999999821186066,0.09000000357627869,0.10249999910593033,0.12250000238418579,0.1525000035762787,0.20749999582767487,0.33000001311302185,0.4749999940395355,0.4749999940395355,0.47749999165534973,0.48500001430511475,0.3700000047683716,0.2874999940395355,0.23749999701976776,0.20250000059604645,0.18000000715255737,0.16249999403953552,0.14749999344348907
1785945615546388731,0.304190993309021,0.24038065969944,0.08023319393396378,0.4312254786491394,-0.7293709516525269,-0.19048325717449188,-0.06445751339197159,-0.2669803500175476,0.05000000074505806,0.05249999836087227,0.054999999701976776,0.054999999701976776,0.057500001043081284,0.0625,0.06750000268220901,0.07500000298023224,0.08500000089406967,0.10000000149011612,0.12250000238418579,0.1599999964237213,0.23250000178813934,0.47999998927116394,0.47749999165534973,0.47749999165534973,0.48249998688697815,0.4399999976158142,0.33500000834465027,0.27000001072883606,0.22750000655651093,0.19750000536441803,0.17749999463558197,0.1599999964237213
1785945615648075136,0.2930220067501068,0.25938543677330017,0.07321256399154663,0.43950557708740234,-0.7126957178115845,-0.17976084351539612,-0.06445435434579849,-0.2669910192489624,0.04749999940395355,0.05000000074505806,0.05000000074505806,0.05000000074505806,0.054999999701976776,0.057500001043081284,0.0625,0.07000000029802322,0.07999999821186066,0.0925000011920929,0.11249999701976776,0.14249999821186066,0.20250000059604645,0.3474999964237213,0.47749999165534973,0.47749999165534973,0.48249998688697815,0.4724999964237213,0.36000001430511475,0.2874999940395355,0.23999999463558197,0.20749999582767487,0.1850000023841858,0.16750000417232513
1785945615747319899,0.24900299310684204,0.25938543677330017,0.06560271233320236,0.46469780802726746,-0.8060540556907654,-0.2049521505832672,-0.06445756554603577,-0.2669811546802521,0.04749999940395355,0.05000000074505806,0.05000000074505806,0.05000000074505806,0.054999999701976776,0.057500001043081284,0.0625,0.07000000029802322,0.07999999821186066,0.0925000011920929,0.11249999701976776,0.14249999821186066,0.20250000059604645,0.3474999964237213,0.47749999165534973,0.47749999165534973,0.48249998688697815,0.4724999964237213,0.36000001430511475,0.2874999940395355,0.23999999463558197,0.20749999582767487,0.1850000023841858,0.16750000417232513
1785945615846058919,0.20104199647903442,0.3073854148387909,0.06993891298770905,0.4801706075668335,-0.7291735410690308,-0.17247077822685242,-0.07150331139564514,-0.2966971695423126,0.042500000447034836,0.042500000447034836,0.04500000178813934,0.04749999940395355,0.05000000074505806,0.05000000074505806,0.05249999836087227,0.057500001043081284,0.06499999761581421,0.07500000298023224,0.08749999850988388,0.10999999940395355,0.14499999582767487,0.2224999964237213,0.47999998927116394,0.47999998927116394,0.48249998688697815,0.48750001192092896,0.4375,0.33500000834465027,0.27250000834465027,0.23250000178813934,0.20499999821186066,0.18250000476837158
1785945615948464865,0.17344799637794495,0.3278214931488037,0.07537756860256195,0.4864272475242615,-0.6942636966705322,-0.15829265117645264,-0.07150058448314667,-0.2967037260532379,0.03750000149011612,0.03750000149011612,0.03999999910593033,0.03999999910593033,0.042500000447034836,0.04500000178813934,0.04500000178813934,0.05000000074505806,0.054999999701976776,0.0625,0.07500000298023224,0.09000000357627869,0.11749999970197678,0.17249999940395355,0.32499998807907104,0.47999998927116394,0.47999998927116394,0.48500001430511475,0.4749999940395355,0.3675000071525574,0.29750001430511475,0.25,0.2175000011920929,0.19499999284744263
1785945616045676192,0.1333709955215454,0.3493707478046417,0.09906716644763947,0.49864527583122253,-0.6818077564239502,-0.14895889163017273,-0.0715029388666153,-0.29671165347099304,0.03500000014901161,0.03500000014901161,0.03500000014901161,0.03750000149011612,0.03999999910593033,0.042500000447034836,0.042500000447034836,0.04500000178813934,0.05000000074505806,0.054999999701976776,0.06499999761581421,0.07999999821186066,0.10249999910593033,0.14249999821186066,0.2475000023841858,0.47999998927116394,0.47999998927116394,0.48500001430511475,0.4925000071525574,0.39750000834465027,0.3174999952316284,0.26499998569488525,0.23000000417232513,0.20250000059604645
1785945616145526573,0.08672399818897247,0.3493707478046417,0.1165313571691513,0.5050598382949829,-0.7080455422401428,-0.1553741991519928,-0.07150539010763168,-0.29669758677482605,0.03500000014901161,0.03500000014901161,0.03500000014901161,0.03750000149011612,0.03999999910593033,0.042500000447034836,0.042500000447034836,0.04500000178813934,0.05000000074505806,0.054999999701976776,0.06499999761581421,0.07999999821186066,0.10249999910593033,0.14249999821186066,0.2475000023841858,0.47999998927116394,0.47999998927116394,0.48500001430511475,0.4925000071525574,0.39750000834465027,0.3174999952316284,0.26499998569488525,0.23000000417232513,0.20250000059604645
1785945616246574943,0.046647001057863235,0.38915181159973145,0.12603791058063507,0.5087069272994995,-0.6116279363632202,-0.11924093961715698,-0.07150135189294815,-0.29669883847236633,0.029999999329447746,0.029999999329447746,0.029999999329447746,0.029999999329447746,0.032499998807907104,0.03500000014901161,0.03750000149011612,0.03999999910593033,0.03999999910593033,0.04500000178813934,0.05000000074505806,0.05999999865889549,0.07500000298023224,0.10249999910593033,0.1574999988079071,0.35749998688697815,0.48249998688697815,0.48500001430511475,0.4925000071525574,0.46000000834465027,0.36000001430511475,0.29499998688697815,0.2524999976158142,0.2224999964237213
1785945616346139620,0.006570000201463699,0.38915181159973145,0.14870312809944153,0.5167173743247986,-0.645810604095459,-0.1272515058517456,-0.0715026929974556,-0.29671338200569153,0.029999999329447746,0.029999999329447746,0.029999999329447746,0.029999999329447746,0.032499998807907104,0.03500000014901161,0.03750000149011612,0.03999999910593033,0.03999999910593033,0.04500000178813934,0.05000000074505806,0.05999999865889549,0.07500000298023224,0.10249999910593033,0.1574999988079071,0.35749998688697815,0.48249998688697815,0.48500001430511475,0.4925000071525574,0.46000000834465027,0.36000001430511475,0.29499998688697815,0.2524999976158142,0.2224999964237213
1785945616447651363,-0.040077000856399536,0.40636593103408813,0.17325937747955322,0.5200579762458801,-0.6180940866470337,-0.11337822675704956,-0.07150138169527054,-0.29669618606567383,0.027499999850988388,0.027499999850988388,0.027499999850988388,0.027499999850988388,0.029999999329447746,0.029999999329447746,0.032499998807907104,0.03500000014901161,0.03999999910593033,0.042500000447034836,0.04500000178813934,0.05249999836087227,0.06499999761581421,0.08500000089406967,0.1274999976158142,0.2574999928474426,0.48500001430511475,0.48500001430511475,0.4925000071525574,0.48750001192092896,0.38499999046325684,0.3125,0.26499998569488525,0.23000000417232513
1785945616550286628,-0.08212500065565109,0.45009559392929077,0.21017464995384216,0.5200597643852234,-0.5119189620018005,-0.06965315341949463,-0.07150810211896896,-0.29669785499572754,0.02250000089406967,0.02250000089406967,0.02250000089406967,0.02250000089406967,0.02250000089406967,0.02500000037252903,0.02500000037252903,0.027499999850988388,0.029999999329447746,0.032499998807907104,0.03750000149011612,0.03999999910593033,0.04500000178813934,0.057500001043081284,0.07999999821186066,0.13500000536441803,0.48750001192092896,0.48750001192092896,0.49000000953674316,0.5,0.44999998807907104,0.35499998927116394,0.29499998688697815,0.2549999952316284
1785945616650363736,-0.12483000010251999,0.464080274105072,0.23480746150016785,0.5188466310501099,-0.48134976625442505,-0.05445301532745361,-0.07150421291589737,-0.29670166969299316,0.019999999552965164,0.019999999552965164,0.019999999552965164,0.019999999552965164,0.019999999552965164,0.02250000089406967,0.02250000089406967,0.02500000037252903,0.02500000037252903,0.027499999850988388,0.032499998807907104,0.03750000149011612,0.03999999910593033,0.04749999940395355,0.06499999761581421,0.10499999672174454,0.2775000035762787,0.48750001192092896,0.49000000953674316,0.4975000023841858,0.4675000011920929,0.3725000023841858,0.3075000047683716,0.26499998569488525
1785945616746776351,-0.17476199567317963,0.464080274105072,0.24892033636569977,0.5160672664642334,-0.4793507158756256,-0.051670849323272705,-0.07150106877088547,-0.2967013418674469,0.019999999552965164,0.019999999552965164,0.019999999552965164,0.019999999552965164,0.019999999552965164,0.02250000089406967,0.02250000089406967,0.02500000037252903,0.02500000037252903,0.027499999850988388,0.032499998807907104,0.03750000149011612,0.03999999910593033,0.04749999940395355,0.06499999761581421,0.10499999672174454,0.2775000035762787,0.48750001192092896,0.49000000953674316,0.4975000023841858,0.4675000011920929,0.3725000023841858,0.3075000047683716,0.26499998569488525
1785945616844389641,-0.21681000292301178,0.4862098693847656,0.28683218359947205,0.5080358386039734,-0.41456156969070435,-0.021512269973754883,-0.07149612903594971,-0.296712189912796,0.017500000074505806,0.017500000074505806,0.017500000074505806,0.017500000074505806,0.017500000074505806,0.017500000074505806,0.019999999552965164,0.019999999552965164,0.02250000089406967,0.02500000037252903,0.027499999850988388,0.029999999329447746,0.03750000149011612,0.03750000149011612,0.05000000074505806,0.07500000298023224,0.16500000655651093,0.48750001192092896,0.49000000953674316,0.4950000047683716,0.5024999976158142,0.4000000059604645,0.32749998569488525,0.2775000035762787
1785945616946316309,-0.2595149874687195,0.5019246935844421,0.2979593575000763,0.5056618452072144,-0.37107136845588684,-0.003425300121307373,-0.07149951159954071,-0.2966916859149933,0.017500000074505806,0.017500000074505806,0.017500000074505806,0.017500000074505806,0.017500000074505806,0.017500000074505806,0.019999999552965164,0.019999999552965164,0.02250000089406967,0.02500000037252903,0.027499999850988388,0.029999999329447746,0.03500000014901161,0.042500000447034836,0.04749999940395355,0.07000000029802322,0.13750000298023224,0.49000000953674316,0.49000000953674316,0.4975000023841858,0.5074999928474426,0.41749998927116394,0.3375000059604645,0.2849999964237213
1785945617045484782,-0.30813300609588623,0.5019246935844421,0.2994593679904938,0.49617189168930054,-0.3650857210159302,0.006561100482940674,-0.07150180637836456,-0.29670628905296326,0.017500000074505806,0.017500000074505806,0.017500000074505806,0.017500000074505806,0.017500000074505806,0.017500000074505806,0.019999999552965164,0.019999999552965164,0.02250000089406967,0.02500000037252903,0.027499999850988388,0.029999999329447746,0.03500000014901161,0.042500000447034836,0.04749999940395355,0.07000000029802322,0.13750000298023224,0.49000000953674316,0.49000000953674316,0.4975000023841858,0.5074999928474426,0.41749998927116394,0.3375000059604645,0.2849999964237213
1785945617145608260,-0.3501810133457184,0.5126999616622925,0.2966797351837158,0.49263256788253784,-0.3336748480796814,0.02087545394897461,-0.0714980736374855,-0.29668158292770386,0.014999999664723873,0.014999999664723873,0.014999999664723873,0.014999999664723873,0.014999999664723873,0.014999999664723873,0.014999999664723873,0.017500000074505806,0.017500000074505806,0.019999999552965164,0.02250000089406967,0.02500000037252903,0.029999999329447746,0.03500000014901161,0.03999999910593033,0.05249999836087227,0.09749999642372131,0.49000000953674316,0.49000000953674316,0.4950000047683716,0.5049999952316284,0.4350000023841858,0.3499999940395355,0.29499998688697815
1785945617245971872,-0.37711799144744873,0.5153969526290894,0.28974786400794983,0.48216304183006287,-0.3171359896659851,0.034043192863464355,-0.0714937299489975,-0.296701043844223,0.014999999664723873,0.014999999664723873,0.014999999664723873,0.014999999664723873,0.014999999664723873,0.014999999664723873,0.014999999664723873,0.017500000074505806,0.017500000074505806,0.019999999552965164,0.02250000089406967,0.02500000037252903,0.029999999329447746,0.03500000014901161,0.03999999910593033,0.05249999836087227,0.0949999988079071,0.49000000953674316,0.49000000953674316,0.4950000047683716,0.5049999952316284,0.4399999976158142,0.35249999165534973,0.29750001430511475
1785945617344558760,-0.37711799144744873,0.5153969526290894,0.2857207953929901,0.4594484567642212,-0.28842559456825256,0.05675479769706726,-0.07149087637662888,-0.2967034578323364,0.014999999664723873,0.014999999664723873,0.014999999664723873,0.014999999664723873,0.014999999664723873,0.014999999664723873,0.014999999664723873,0.017500000074505806,0.017500000074505806,0.019999999552965164,0.02250000089406967,0.02500000037252903,0.029999999329447746,0.03500000014901161,0.03999999910593033,0.05249999836087227,0.0949999988079071,0.49000000953674316,0.49000000953674316,0.4950000047683716,0.5049999952316284,0.4399999976158142,0.35249999165534973,0.29750001430511475
1785945617446160106,-0.37711799144744873,0.5197710394859314,0.2847253084182739,0.4508317708969116,-0.27208712697029114,0.06974875926971436,-0.07150031626224518,-0.29669445753097534,0.014999999664723873,0.014999999664723873,0.014999999664723873,0.014999999664723873,0.014999999664723873,0.014999999664723873,0.014999999664723873,0.017500000074505806,0.017500000074505806,0.019999999552965164,0.02250000089406967,0.02500000037252903,0.027499999850988388,0.03500000014901161,0.03999999910593033,0.05249999836087227,0.0925000011920929,0.49000000953674316,0.49000000953674316,0.4950000047683716,0.5049999952316284,0.4449999928474426,0.35499998927116394,0.30000001192092896
1785945617544304741,-0.37711799144744873,0.5157521963119507,0.2865402400493622,0.42087846994400024,-0.2588733732700348,0.09568199515342712,-0.07149099558591843,-0.29670920968055725,0.014999999664723873,0.014999999664723873,0.014999999664723873,0.014999999664723873,0.014999999664723873,0.014999999664723873,0.014999999664723873,0.017500000074505806,0.017500000074505806,0.019999999552965164,0.02250000089406967,0.02500000037252903,0.029999999329447746,0.03500000014901161,0.03999999910593033,0.05249999836087227,0.0949999988079071,0.49000000953674316,0.49000000953674316,0.4950000047683716,0.5049999952316284,0.4399999976158142,0.35249999165534973,0.29750001430511475
1785945617644890760,-0.37711799144744873,0.5157521963119507,0.2882847189903259,0.41190436482429504,-0.2573659121990204,0.104657381772995,-0.07149607688188553,-0.296695351600647,0.014999999664723873,0.014999999664723873,0.014999999664723873,0.014999999664723873,0.014999999664723873,0.014999999664723873,0.014999999664723873,0.017500000074505806,0.017500000074505806,0.019999999552965164,0.02250000089406967,0.02500000037252903,0.029999999329447746,0.03500000014901161,0.03999999910593033,0.05249999836087227,0.0949999988079071,0.49000000953674316,0.49000000953674316,0.4950000047683716,0.5049999952316284,0.4399999976158142,0.35249999165534973,0.29750001430511475
1785945617745123361,-0.37711799144744873,0.5129141211509705,0.29809555411338806,0.39105185866355896,-0.21845950186252594,0.12274399399757385,-0.06923966109752655,-0.30000001192092896,0.014999999664723873,0.014999999664723873,0.014999999664723873,0.014999999664723873,0.014999999664723873,0.014999999664723873,0.014999999664723873,0.017500000074505806,0.017500000074505806,0.019999999552965164,0.02250000089406967,0.02500000037252903,0.029999999329447746,0.03500000014901161,0.03999999910593033,0.05249999836087227,0.09749999642372131,0.49000000953674316,0.49000000953674316,0.4950000047683716,0.5049999952316284,0.4350000023841858,0.3499999940395355,0.29499998688697815
1785945617845416604,-0.37711799144744873,0.5005464553833008,0.30078747868537903,0.3844619393348694,-0.21410344541072845,0.1169673502445221,-0.06923214346170425,-0.30000001192092896,0.017500000074505806,0.017500000074505806,0.017500000074505806,0.017500000074505806,0.017500000074505806,0.017500000074505806,0.019999999552965164,0.019999999552965164,0.02250000089406967,0.02500000037252903,0.027499999850988388,0.029999999329447746,0.03500000014901161,0.042500000447034836,0.04749999940395355,0.07000000029802322,0.14000000059604645,0.49000000953674316,0.49000000953674316,0.4975000023841858,0.5074999928474426,0.41499999165534973,0.3375000059604645,0.2849999964237213
1785945617944349326,-0.37711799144744873,0.4817611575126648,0.3088267743587494,0.36212417483329773,-0.18085642158985138,0.12052005529403687,-0.06924087554216385,-0.30000001192092896,0.019999999552965164,0.019999999552965164,0.019999999552965164,0.019999999552965164,0.019999999552965164,0.019999999552965164,0.02250000089406967,0.02250000089406967,0.02500000037252903,0.027499999850988388,0.032499998807907104,0.03500000014901161,0.03999999910593033,0.04500000178813934,0.05999999865889549,0.0925000011920929,0.20999999344348907,0.48750001192092896,0.49000000953674316,0.4950000047683716,0.48750001192092896,0.38999998569488525,0.3174999952316284,0.27250000834465027
1785945618045315677,-0.37711799144744873,0.4817611575126648,0.3176657259464264,0.35018208622932434,-0.1511075347661972,0.13246357440948486,-0.06923084706068039,-0.30000001192092896,0.019999999552965164,0.019999999552965164,0.019999999552965164,0.019999999552965164,0.019999999552965164,0.019999999552965164,0.02250000089406967,0.02250000089406967,0.02500000037252903,0.027499999850988388,0.032499998807907104,0.03500000014901161,0.03999999910593033,0.04500000178813934,0.05999999865889549,0.0925000011920929,0.20999999344348907,0.48750001192092896,0.49000000953674316,0.4950000047683716,0.48750001192092896,0.38999998569488525,0.3174999952316284,0.27250000834465027
1785945618146326733,-0.37711799144744873,0.4458447992801666,0.3233763575553894,0.3394908308982849,-0.17440827190876007,0.10723745822906494,-0.06924160569906235,-0.30000001192092896,0.02250000089406967,0.02250000089406967,0.02250000089406967,0.02250000089406967,0.02250000089406967,0.02500000037252903,0.02500000037252903,0.027499999850988388,0.029999999329447746,0.032499998807907104,0.03750000149011612,0.03750000149011612,0.04500000178813934,0.057500001043081284,0.08250000327825546,0.14000000059604645,0.48500001430511475,0.48500001430511475,0.49000000953674316,0.4975000023841858,0.4424999952316284,0.35249999165534973,0.29249998927116394,0.2524999976158142
1785945618246402017,-0.37711799144744873,0.4268711805343628,0.34176722168922424,0.31436052918434143,-0.1414080262184143,0.1133926510810852,-0.06924177706241608,-0.30000001192092896,0.02500000037252903,0.02500000037252903,0.02500000037252903,0.02500000037252903,0.027499999850988388,0.027499999850988388,0.029999999329447746,0.032499998807907104,0.03500000014901161,0.03750000149011612,0.03999999910593033,0.04500000178813934,0.054999999701976776,0.07000000029802322,0.10249999910593033,0.1875,0.48500001430511475,0.48500001430511475,0.49000000953674316,0.5,0.4124999940395355,0.33000001311302185,0.2775000035762787,0.24250000715255737
1785945618346664155,-0.37711799144744873,0.4095739722251892,0.3484638035297394,0.3041403889656067,-0.15145622193813324,0.10631874203681946,-0.0692334920167923,-0.30000001192092896,0.027499999850988388,0.027499999850988388,0.027499999850988388,0.027499999850988388,0.029999999329447746,0.029999999329447746,0.032499998807907104,0.03500000014901161,0.03999999910593033,0.042500000447034836,0.04500000178813934,0.05249999836087227,0.06499999761581421,0.08500000089406967,0.125,0.25,0.48500001430511475,0.48500001430511475,0.4925000071525574,0.4925000071525574,0.38749998807907104,0.3149999976158142,0.26499998569488525,0.23250000178813934
1785945618446355748,-0.37711799144744873,0.4095739722251892,0.3701578676700592,0.2769731879234314,-0.07214369624853134,0.1334841251373291,-0.0692448616027832,-0.30000001192092896,0.027499999850988388,0.027499999850988388,0.027499999850988388,0.027499999850988388,0.029999999329447746,0.029999999329447746,0.032499998807907104,0.03500000014901161,0.03999999910593033,0.042500000447034836,0.04500000178813934,0.05249999836087227,0.06499999761581421,0.08500000089406967,0.125,0.25,0.48500001430511475,0.48500001430511475,0.4925000071525574,0.4925000071525574,0.38749998807907104,0.3149999976158142,0.26499998569488525,0.23250000178813934
1785945618546458393,-0.37777501344680786,0.39316514134407043,0.3777814209461212,0.2699698209762573,-0.0942615196108818,0.12407845258712769,-0.06924460083246231,-0.30000001192092896,0.029999999329447746,0.029999999329447746,0.029999999329447746,0.029999999329447746,0.032499998807907104,0.03500000014901161,0.03750000149011612,0.03999999910593033,0.03999999910593033,0.04500000178813934,0.05000000074505806,0.05999999865889549,0.07500000298023224,0.10000000149011612,0.1525000035762787,0.3375000059604645,0.48249998688697815,0.48500001430511475,0.49000000953674316,0.4650000035762787,0.36500000953674316,0.29750001430511475,0.2549999952316284,0.2224999964237213
1785945618645367210,-0.37777501344680786,0.3795959949493408,0.39941760897636414,0.24710528552532196,-0.07176583260297775,0.1333753615617752,-0.06923167407512665,-0.30000001192092896,0.032499998807907104,0.032499998807907104,0.032499998807907104,0.03500000014901161,0.03500000014901161,0.03750000149011612,0.03999999910593033,0.042500000447034836,0.04500000178813934,0.05000000074505806,0.057500001043081284,0.06750000268220901,0.08500000089406967,0.11500000208616257,0.18250000476837158,0.48249998688697815,0.48249998688697815,0.48500001430511475,0.4925000071525574,0.4449999928474426,0.3449999988079071,0.2849999964237213,0.24500000476837158,0.2150000035762787
1785945618746132147,-0.37711799144744873,0.3795959949493408,0.41439729928970337,0.23275355994701385,-0.04969121515750885,0.14772456884384155,-0.0692446380853653,-0.30000001192092896,0.032499998807907104,0.032499998807907104,0.032499998807907104,0.03500000014901161,0.03500000014901161,0.03750000149011612,0.03999999910593033,0.042500000447034836,0.04500000178813934,0.05000000074505806,0.057500001043081284,0.06750000268220901,0.08500000089406967,0.11500000208616257,0.18250000476837158,0.48249998688697815,0.48249998688697815,0.48500001430511475,0.4925000071525574,0.4449999928474426,0.3449999988079071,0.2849999964237213,0.24500000476837158,0.2150000035762787
1785945618848580302,-0.37711799144744873,0.347065269947052,0.4224623441696167,0.2256048619747162,-0.11793746054172516,0.12234383821487427,-0.0692390650510788,-0.30000001192092896,0.03500000014901161,0.03500000014901161,0.03500000014901161,0.03750000149011612,0.03999999910593033,0.042500000447034836,0.042500000447034836,0.04500000178813934,0.05000000074505806,0.057500001043081284,0.06499999761581421,0.07999999821186066,0.10249999910593033,0.14499999582767487,0.2524999976158142,0.47999998927116394,0.47999998927116394,0.48500001430511475,0.4925000071525574,0.39500001072883606,0.3149999976158142,0.26499998569488525,0.22750000655651093,0.20250000059604645
1785945618946382111,-0.37711799144744873,0.33380016684532166,0.4377458989620209,0.20112279057502747,-0.11895971745252609,0.13324308395385742,-0.06923571228981018,-0.30000001192092896,0.03750000149011612,0.03750000149011612,0.03999999910593033,0.03999999910593033,0.042500000447034836,0.04500000178813934,0.04500000178813934,0.05000000074505806,0.054999999701976776,0.0625,0.07249999791383743,0.09000000357627869,0.11500000208616257,0.16750000417232513,0.3075000047683716,0.47999998927116394,0.47999998927116394,0.48500001430511475,0.47999998927116394,0.375,0.30000001192092896,0.2524999976158142,0.2199999988079071,0.19499999284744263
1785945619047056933,-0.37711799144744873,0.31789430975914,0.43383848667144775,0.19348570704460144,-0.14559835195541382,0.12497532367706299,-0.0692339614033699,-0.30000001192092896,0.03999999910593033,0.03999999910593033,0.042500000447034836,0.042500000447034836,0.04500000178813934,0.04500000178813934,0.05000000074505806,0.054999999701976776,0.05999999865889549,0.06750000268220901,0.07999999821186066,0.10000000149011612,0.13249999284744263,0.19499999284744263,0.38999998569488525,0.47999998927116394,0.47999998927116394,0.48750001192092896,0.45500001311302185,0.35249999165534973,0.2849999964237213,0.24250000715255737,0.20999999344348907,0.1899999976158142
1785945619146944275,-0.37711799144744873,0.31789430975914,0.42347562313079834,0.16953982412815094,-0.14082537591457367,0.14891986548900604,-0.0692385882139206,-0.30000001192092896,0.03999999910593033,0.03999999910593033,0.042500000447034836,0.042500000447034836,0.04500000178813934,0.04500000178813934,0.05000000074505806,0.054999999701976776,0.05999999865889549,0.06750000268220901,0.07999999821186066,0.10000000149011612,0.13249999284744263,0.19499999284744263,0.38999998569488525,0.47999998927116394,0.47999998927116394,0.48750001192092896,0.45500001311302185,0.35249999165534973,0.2849999964237213,0.24250000715255737,0.20999999344348907,0.1899999976158142
1785945619246422902,-0.37711799144744873,0.2898949384689331,0.42036423087120056,0.15979121625423431,-0.17577330768108368,0.13067106902599335,-0.06924458593130112,-0.30000001192092896,0.042500000447034836,0.042500000447034836,0.04500000178813934,0.04749999940395355,0.04749999940395355,0.05000000074505806,0.054999999701976776,0.05999999865889549,0.06750000268220901,0.07750000059604645,0.0925000011920929,0.11500000208616257,0.1550000011920929,0.2475000023841858,0.47749999165534973,0.47749999165534973,0.47999998927116394,0.48750001192092896,0.4124999940395355,0.3199999928474426,0.26499998569488525,0.22750000655651093,0.20000000298023224,0.18000000715255737
1785945619346467241,-0.37711799144744873,0.2779611051082611,0.4079746603965759,0.1309005469083786,0.190359964966774,0.14762592315673828,-0.06923986226320267,-0.30000001192092896,0.04500000178813934,0.04749999940395355,0.04749999940395355,0.05000000074505806,0.05000000074505806,0.05249999836087227,0.057500001043081284,0.06499999761581421,0.07249999791383743,0.08500000089406967,0.10000000149011612,0.1274999976158142,0.17499999701976776,0.2849999964237213,0.47749999165534973,0.47749999165534973,0.47999998927116394,0.48750001192092896,0.38999998569488525,0.3050000071525574,0.2524999976158142,0.2175000011920929,0.19249999523162842,0.17499999701976776
1785945619446207795,-0.37777501344680786,0.2779611051082611,0.4059046506881714,0.12333183735609055,0.198774054646492,0.15519565343856812,-0.06923355907201767,-0.30000001192092896,0.04500000178813934,0.04749999940395355,0.04749999940395355,0.05000000074505806,0.05000000074505806,0.05249999836087227,0.057500001043081284,0.06499999761581421,0.07249999791383743,0.08500000089406967,0.10000000149011612,0.1274999976158142,0.17499999701976776,0.2849999964237213,0.47749999165534973,0.47749999165534973,0.47999998927116394,0.48750001192092896,0.38999998569488525,0.3050000071525574,0.2524999976158142,0.2175000011920929,0.19249999523162842,0.17499999701976776
1785945619548196513,-0.37777501344680786,0.24250468611717224,0.39974546432495117,0.10093265771865845,-0.2209794670343399,0.14270107448101044,-0.070582315325737,-0.28117838501930237,0.05000000074505806,0.05249999836087227,0.054999999701976776,0.054999999701976776,0.057500001043081284,0.0625,0.06750000268220901,0.07500000298023224,0.08500000089406967,0.10000000149011612,0.12250000238418579,0.1599999964237213,0.23000000417232513,0.47999998927116394,0.47749999165534973,0.47749999165534973,0.48249998688697815,0.4424999952316284,0.3375000059604645,0.27000001072883606,0.22750000655651093,0.19750000536441803,0.17749999463558197,0.1599999964237213
1785945619648169010,-0.37777501344680786,0.2258889377117157,0.39883366227149963,0.09360914677381516,-0.20987112820148468,0.13341021537780762,-0.07058005779981613,-0.28120172023773193,0.05249999836087227,0.054999999701976776,0.054999999701976776,0.057500001043081284,0.0625,0.06750000268220901,0.07249999791383743,0.08250000327825546,0.0925000011920929,0.10999999940395355,0.13500000536441803,0.17749999463558197,0.26499998569488525,0.4749999940395355,0.4749999940395355,0.4749999940395355,0.48249998688697815,0.41499999165534973,0.3149999976158142,0.2549999952316284,0.2175000011920929,0.1899999976158142,0.17000000178813934,0.1550000011920929
1785945619748709812,-0.37711799144744873,0.2258889377117157,0.3972399830818176,0.06987839192152023,0.17390938103199005,0.15714144706726074,-0.07057797163724899,-0.28119903802871704,0.05249999836087227,0.054999999701976776,0.054999999701976776,0.057500001043081284,0.0625,0.06750000268220901,0.07249999791383743,0.08250000327825546,0.0925000011920929,0.10999999940395355,0.13500000536441803,0.17749999463558197,0.26499998569488525,0.4749999940395355,0.4749999940395355,0.4749999940395355,0.48249998688697815,0.41499999165534973,0.3149999976158142,0.2549999952316284,0.2175000011920929,0.1899999976158142,0.17000000178813934,0.1550000011920929
1785945619847156024,-0.37711799144744873,0.21161679923534393,0.3981449604034424,0.05251549184322357,0.15191583335399628,0.160230353474617,-0.07058199495077133,-0.2811791002750397,0.057500001043081284,0.057500001043081284,0.057500001043081284,0.05999999865889549,0.06499999761581421,0.07000000029802322,0.07750000059604645,0.08749999850988388,0.10000000149011612,0.11999999731779099,0.14749999344348907,0.19750000536441803,0.30250000953674316,0.4749999940395355,0.4749999940395355,0.47749999165534973,0.48249998688697815,0.38749998807907104,0.29750001430511475,0.24250000715255737,0.20749999582767487,0.18250000476837158,0.16249999403953552,0.15000000596046448
1785945619946748542,-0.37711799144744873,0.17612126469612122,0.39833980798721313,0.04493121802806854,-0.13258890807628632,0.1323186606168747,-0.0705820843577385,-0.2811858654022217,0.0625,0.0625,0.06499999761581421,0.07000000029802322,0.07500000298023224,0.07999999821186066,0.09000000357627869,0.10000000149011612,0.11749999970197678,0.14000000059604645,0.18000000715255737,0.2524999976158142,0.47749999165534973,0.4749999940395355,0.4749999940395355,0.47749999165534973,0.4449999928474426,0.33000001311302185,0.25999999046325684,0.2175000011920929,0.1875,0.16750000417232513,0.15000000596046448,0.13750000298023224
1785945620048024598,-0.37711799144744873,0.16286279261112213,0.40225791931152344,0.021619154140353203,-0.09126868844032288,0.1423739343881607,-0.07058122754096985,-0.2811969518661499,0.0625,0.0625,0.06499999761581421,0.07000000029802322,0.07500000298023224,0.08250000327825546,0.09000000357627869,0.10249999910593033,0.11999999731779099,0.14499999582767487,0.1875,0.26750001311302185,0.47749999165534973,0.4749999940395355,0.4749999940395355,0.47999998927116394,0.4300000071525574,0.3174999952316284,0.2524999976158142,0.21250000596046448,0.1850000023841858,0.16500000655651093,0.14749999344348907,0.13750000298023224
1785945620147412021,-0.37711799144744873,0.16286279261112213,0.40420347452163696,0.013793351128697395,0.08302072435617447,0.15020179748535156,-0.07058383524417877,-0.28119945526123047,0.0625,0.0625,0.06499999761581421,0.07000000029802322,0.07500000298023224,0.08250000327825546,0.09000000357627869,0.10249999910593033,0.11999999731779099,0.14499999582767487,0.1875,0.26750001311302185,0.47749999165534973,0.4749999940395355,0.4749999940395355,0.47999998927116394,0.4300000071525574,0.3174999952316284,0.2524999976158142,0.21250000596046448,0.1850000023841858,0.16500000655651093,0.14749999344348907,0.13750000298023224
1785945620246833558,-0.37711799144744873,0.13021411001682281,0.4080762565135956,-0.009893139824271202,-0.04518822953104973,0.1412382870912552,-0.0705753043293953,-0.2812028229236603,0.06499999761581421,0.07000000029802322,0.07249999791383743,0.07750000059604645,0.08500000089406967,0.0925000011920929,0.10249999910593033,0.11749999970197678,0.14000000059604645,0.17249999940395355,0.23000000417232513,0.3449999988079071,0.4724999964237213,0.4724999964237213,0.4724999964237213,0.47999998927116394,0.36250001192092896,0.2775000035762787,0.22499999403953552,0.19249999523162842,0.16750000417232513,0.15000000596046448,0.13750000298023224,0.1274999976158142
1785945620347406713,-0.37711799144744873,0.11071254312992096,0.4110771417617798,-0.018204757943749428,-0.04069031774997711,0.1300489455461502,-0.07057709246873856,-0.28119438886642456,0.07000000029802322,0.07249999791383743,0.07750000059604645,0.08250000327825546,0.09000000357627869,0.09749999642372131,0.10999999940395355,0.1274999976158142,0.1525000035762787,0.1899999976158142,0.2574999928474426,0.41999998688697815,0.4724999964237213,0.4724999964237213,0.4749999940395355,0.46000000834465027,0.33250001072883606,0.2574999928474426,0.21250000596046448,0.18250000476837158,0.1599999964237213,0.14249999821186066,0.13249999284744263,0.12250000238418579
1785945620446541265,-0.37711799144744873,0.09905681759119034,0.42073243856430054,-0.0381987988948822,0.004005369730293751,0.1383865475654602,-0.0705844834446907,-0.28118109703063965,0.07249999791383743,0.07500000298023224,0.07999999821186066,0.08500000089406967,0.0925000011920929,0.10249999910593033,0.11749999970197678,0.13500000536441803,0.16249999403953552,0.20499999821186066,0.2800000011920929,0.4749999940395355,0.4724999964237213,0.4724999964237213,0.4749999940395355,0.4325000047683716,0.3125,0.24500000476837158,0.20250000059604645,0.17249999940395355,0.1525000035762787,0.13750000298023224,0.1274999976158142,0.11749999970197678
1785945620547575298,-0.37711799144744873,0.09905681759119034,0.4290413558483124,-0.05594464763998985,0.06162220612168312,0.1561308354139328,-0.0705806165933609,-0.2812058627605438,0.07249999791383743,0.07500000298023224,0.07999999821186066,0.08500000089406967,0.0925000011920929,0.10249999910593033,0.11749999970197678,0.13500000536441803,0.16249999403953552,0.20499999821186066,0.2800000011920929,0.4749999940395355,0.4724999964237213,0.4724999964237213,0.4749999940395355,0.4325000047683716,0.3125,0.24500000476837158,0.20250000059604645,0.17249999940395355,0.1525000035762787,0.13750000298023224,0.1274999976158142,0.11749999970197678
1785945620647047076,-0.37711799144744873,0.06372072547674179,0.43338480591773987,-0.06296780705451965,-0.04767885059118271,0.1278180480003357,-0.07057884335517883,-0.28119054436683655,0.07999999821186066,0.08250000327825546,0.08749999850988388,0.0949999988079071,0.10499999672174454,0.11500000208616257,0.13249999284744263,0.1550000011920929,0.1899999976158142,0.24500000476837158,0.35249999165534973,0.4749999940395355,0.4724999964237213,0.4724999964237213,0.47749999165534973,0.35749998688697815,0.26750001311302185,0.2150000035762787,0.18000000715255737,0.1574999988079071,0.14000000059604645,0.1274999976158142,0.11749999970197678,0.10999999940395355
1785945620747112856,-0.37711799144744873,0.0502716526389122,0.44798800349235535,-0.08585847169160843,0.07952579855918884,0.13726195693016052,-0.07057572901248932,-0.2811984121799469,0.08250000327825546,0.08749999850988388,0.0925000011920929,0.10000000149011612,0.10999999940395355,0.12250000238418579,0.14000000059604645,0.16500000655651093,0.20250000059604645,0.26499998569488525,0.39250001311302185,0.4724999964237213,0.4724999964237213,0.4724999964237213,0.4699999988079071,0.33000001311302185,0.25,0.20250000059604645,0.17000000178813934,0.15000000596046448,0.13249999284744263,0.12250000238418579,0.11249999701976776,0.10499999672174454
1785945620846952422,-0.37711799144744873,0.020176276564598083,0.4519173204898834,-0.09353248029947281,-0.10359843820333481,0.11483942717313766,-0.07058354467153549,-0.2811928391456604,0.08749999850988388,0.0925000011920929,0.09749999642372131,0.10750000178813934,0.11749999970197678,0.13249999284744263,0.1525000035762787,0.18000000715255737,0.22750000655651093,0.3075000047683716,0.47749999165534973,0.4724999964237213,0.4724999964237213,0.4749999940395355,0.41499999165534973,0.28999999165534973,0.22499999403953552,0.1850000023841858,0.1574999988079071,0.14000000059604645,0.125,0.11500000208616257,0.10750000178813934,0.10000000149011612
1785945620946421704,-0.3705480098724365,0.020176276564598083,0.43311968445777893,-0.11812194436788559,0.12829279899597168,0.13863688707351685,-0.07057312875986099,-0.281193345785141,0.08749999850988388,0.0925000011920929,0.09749999642372131,0.10750000178813934,0.11749999970197678,0.13249999284744263,0.1525000035762787,0.18000000715255737,0.22750000655651093,0.3075000047683716,0.47749999165534973,0.4724999964237213,0.4724999964237213,0.4749999940395355,0.41499999165534973,0.28999999165534973,0.22499999403953552,0.1850000023841858,0.1574999988079071,0.14000000059604645,0.125,0.11500000208616257,0.10750000178813934,0.10000000149011612
1785945621047367222,-0.37448999285697937,0.009463967755436897,0.4262087941169739,-0.12557998299598694,0.1399318277835846,0.13538241386413574,-0.07058282941579819,-0.28119492530822754,0.09000000357627869,0.0949999988079071,0.10249999910593033,0.10999999940395355,0.12250000238418579,0.13750000298023224,0.1599999964237213,0.19249999523162842,0.24250000715255737,0.33000001311302185,0.47749999165534973,0.4724999964237213,0.4724999964237213,0.4749999940395355,0.3824999928474426,0.27250000834465027,0.21250000596046448,0.17499999701976776,0.15000000596046448,0.13249999284744263,0.11999999731779099,0.10999999940395355,0.10249999910593033,0.09749999642372131
1785945621147194563,-0.37711799144744873,-0.006549469660967588,0.4072108864784241,-0.14882135391235352,0.17967934906482697,0.14261190593242645,-0.07057782262563705,-0.28119969367980957,0.0949999988079071,0.10000000149011612,0.10750000178813934,0.11749999970197678,0.12999999523162842,0.14499999582767487,0.17000000178813934,0.20499999821186066,0.26249998807907104,0.36500000953674316,0.4749999940395355,0.4724999964237213,0.4724999964237213,0.4749999940395355,0.3449999988079071,0.2524999976158142,0.20000000298023224,0.16500000655651093,0.14249999821186066,0.1274999976158142,0.11500000208616257,0.10499999672174454,0.09749999642372131,0.0925000011920929
1785945621249755745,-0.37711799144744873,-0.006549469660967588,0.40145713090896606,-0.1539669632911682,0.19521716237068176,0.14775827527046204,-0.0705752745270729,-0.2811787724494934,0.0949999988079071,0.10000000149011612,0.10750000178813934,0.11749999970197678,0.12999999523162842,0.14499999582767487,0.17000000178813934,0.20499999821186066,0.26249998807907104,0.36500000953674316,0.4749999940395355,0.4724999964237213,0.4724999964237213,0.4749999940395355,0.3449999988079071,0.2524999976158142,0.20000000298023224,0.16500000655651093,0.14249999821186066,0.1274999976158142,0.11500000208616257,0.10499999672174454,0.09749999642372131,0.0925000011920929
1785945621348199589,-0.37711799144744873,-0.03354974836111069,0.38560205698013306,-0.17776237428188324,0.23055952787399292,0.14455261826515198,-0.07058451324701309,-0.28118956089019775,0.09749999642372131,0.10499999672174454,0.11249999701976776,0.12250000238418579,0.13750000298023224,0.1574999988079071,0.1850000023841858,0.22499999403953552,0.29499998688697815,0.45500001311302185,0.4749999940395355,0.4724999964237213,0.4724999964237213,0.4449999928474426,0.30250000953674316,0.22499999403953552,0.18250000476837158,0.1525000035762787,0.13249999284744263,0.11999999731779099,0.10750000178813934,0.10000000149011612,0.0949999988079071,0.09000000357627869
1785945621446464003,-0.37711799144744873,-0.05006591975688934,0.3750826120376587,-0.1941266655921936,0.2445024847984314,0.14565759897232056,-0.07498092949390411,-0.25456705689430237,0.10249999910593033,0.10999999940395355,0.11749999970197678,0.12999999523162842,0.14499999582767487,0.16500000655651093,0.19750000536441803,0.24250000715255737,0.32249999046325684,0.47999998927116394,0.4724999964237213,0.4724999964237213,0.4724999964237213,0.4050000011920929,0.2750000059604645,0.20999999344348907,0.17000000178813934,0.14499999582767487,0.1274999976158142,0.11249999701976776,0.10249999910593033,0.0949999988079071,0.09000000357627869,0.08500000089406967
1785945621547492852,-0.37711799144744873,-0.06520293653011322,0.370552659034729,-0.20098592340946198,0.22447271645069122,0.13738086819648743,-0.07498990744352341,-0.2545618414878845,0.10750000178813934,0.11500000208616257,0.12250000238418579,0.13500000536441803,0.1525000035762787,0.17499999701976776,0.20749999582767487,0.25999999046325684,0.3499999940395355,0.47749999165534973,0.4724999964237213,0.4724999964237213,0.4749999940395355,0.36250001192092896,0.2524999976158142,0.19499999284744263,0.1599999964237213,0.13750000298023224,0.11999999731779099,0.10750000178813934,0.09749999642372131,0.0925000011920929,0.08749999850988388,0.08250000327825546
1785945621653948167,-0.37711799144744873,-0.06520293653011322,0.362302303314209,-0.21544139087200165,0.2321862280368805,0.15183642506599426,-0.0749840959906578,-0.2545717656612396,0.10750000178813934,0.11500000208616257,0.12250000238418579,0.13500000536441803,0.1525000035762787,0.17499999701976776,0.20749999582767487,0.25999999046325684,0.3499999940395355,0.47749999165534973,0.4724999964237213,0.4724999964237213,0.4749999940395355,0.36250001192092896,0.2524999976158142,0.19499999284744263,0.1599999964237213,0.13750000298023224,0.11999999731779099,0.10750000178813934,0.09749999642372131,0.0925000011920929,0.08749999850988388,0.08250000327825546
1785945621748109962,-0.37711799144744873,-0.0994788259267807,0.3551236689090729,-0.2296673208475113,0.18384620547294617,0.13178737461566925,-0.0749870091676712,-0.25456905364990234,0.11500000208616257,0.12250000238418579,0.13500000536441803,0.15000000596046448,0.17000000178813934,0.19750000536441803,0.23749999701976776,0.3050000071525574,0.4375,0.4749999940395355,0.4724999964237213,0.4724999964237213,0.44999998807907104,0.28999999165534973,0.21250000596046448,0.16750000417232513,0.14000000059604645,0.11999999731779099,0.10750000178813934,0.09749999642372131,0.09000000357627869,0.08250000327825546,0.07999999821186066,0.07500000298023224
1785945621846764724,-0.36923399567604065,-0.1179911345243454,0.34629207849502563,-0.2522933781147003,0.1720392107963562,0.13589845597743988,-0.07498683780431747,-0.2545773684978485,0.11999999731779099,0.12999999523162842,0.14000000059604645,0.1574999988079071,0.17749999463558197,0.20999999344348907,0.2549999952316284,0.33250001072883606,0.47999998927116394,0.4749999940395355,0.4724999964237213,0.4724999964237213,0.4000000059604645,0.25999999046325684,0.19249999523162842,0.1550000011920929,0.12999999523162842,0.11249999701976776,0.10000000149011612,0.0925000011920929,0.08500000089406967,0.07999999821186066,0.07500000298023224,0.07249999791383743
1785945621948411831,-0.3370409905910492,-0.1572696566581726,0.34424519538879395,-0.2613195776939392,0.1148090660572052,0.10564747452735901,-0.0749874860048294,-0.25457265973091125,0.12999999523162842,0.14000000059604645,0.1550000011920929,0.17499999701976776,0.20000000298023224,0.23749999701976776,0.29750001430511475,0.4025000035762787,0.47999998927116394,0.4749999940395355,0.4749999940395355,0.47749999165534973,0.30000001192092896,0.20749999582767487,0.1599999964237213,0.13249999284744263,0.11249999701976776,0.10000000149011612,0.09000000357627869,0.08250000327825546,0.07500000298023224,0.07249999791383743,0.06750000268220901,0.06499999761581421
1785945622048098112,-0.3009060025215149,-0.1572696566581726,0.339638888835907,-0.28566232323646545,0.1429949402809143,0.1299893856048584,-0.07498636841773987,-0.254569411277771,0.12999999523162842,0.14000000059604645,0.1550000011920929,0.17499999701976776,0.20000000298023224,0.23749999701976776,0.29750001430511475,0.4025000035762787,0.47999998927116394,0.4749999940395355,0.4749999940395355,0.47749999165534973,0.30000001192092896,0.20749999582767487,0.1599999964237213,0.13249999284744263,0.11249999701976776,0.10000000149011612,0.09000000357627869,0.08250000327825546,0.07500000298023224,0.07249999791383743,0.06750000268220901,0.06499999761581421
1785945622146879021,-0.25425899028778076,-0.1769845187664032,0.33884236216545105,-0.2937707006931305,0.11322663724422455,0.1183854341506958,-0.07499136030673981,-0.25456783175468445,0.13500000536441803,0.14749999344348907,0.16249999403953552,0.18250000476837158,0.21250000596046448,0.2549999952316284,0.32249999046325684,0.4675000011920929,0.47749999165534973,0.4749999940395355,0.4749999940395355,0.42750000953674316,0.26249998807907104,0.1875,0.14749999344348907,0.12250000238418579,0.10499999672174454,0.0925000011920929,0.08500000089406967,0.07750000059604645,0.07249999791383743,0.06750000268220901,0.06499999761581421,0.0625
1785945622247048260,-0.21352499723434448,-0.19595320522785187,0.33963438868522644,-0.3139740228652954,0.11514995247125626,0.1196167916059494,-0.0749894380569458,-0.25456199049949646,0.14000000059604645,0.1525000035762787,0.17000000178813934,0.19249999523162842,0.22499999403953552,0.27250000834465027,0.3499999940395355,0.48500001430511475,0.47749999165534973,0.4749999940395355,0.4749999940395355,0.3675000071525574,0.23000000417232513,0.17000000178813934,0.13500000536441803,0.11249999701976776,0.09749999642372131,0.08749999850988388,0.07999999821186066,0.07249999791383743,0.06750000268220901,0.06499999761581421,0.0625,0.05999999865889549
1785945622356572307,-0.1727910041809082,-0.19595320522785187,0.340242862701416,-0.3198031783103943,0.13411518931388855,0.12544812262058258,-0.07498710602521896,-0.25456809997558594,0.14000000059604645,0.1525000035762787,0.17000000178813934,0.19249999523162842,0.22499999403953552,0.27250000834465027,0.3499999940395355,0.48500001430511475,0.47749999165534973,0.4749999940395355,0.4749999940395355,0.3675000071525574,0.23000000417232513,0.17000000178813934,0.13500000536441803,0.11249999701976776,0.09749999642372131,0.08749999850988388,0.07999999821186066,0.07249999791383743,0.06750000268220901,0.06499999761581421,0.0625,0.05999999865889549
1785945622446940453,-0.13402800261974335,-0.23568888008594513,0.3439263701438904,-0.3354126513004303,0.08245601505041122,0.10132129490375519,-0.07499219477176666,-0.254573792219162,0.1574999988079071,0.17249999940395355,0.19249999523162842,0.2199999988079071,0.26249998807907104,0.32499998807907104,0.4399999976158142,0.48249998688697815,0.47749999165534973,0.47749999165534973,0.45500001311302185,0.2524999976158142,0.17249999940395355,0.13249999284744263,0.10750000178813934,0.0925000011920929,0.07999999821186066,0.07249999791383743,0.06499999761581421,0.05999999865889549,0.057500001043081284,0.054999999701976776,0.05249999836087227,0.05000000074505806
1785945622547070267,-0.08803799748420715,-0.26141828298568726,0.3486737608909607,-0.3432849943637848,0.06013535335659981,0.08346530795097351,-0.07498683780431747,-0.25456875562667847,0.16500000655651093,0.18000000715255737,0.20499999821186066,0.23499999940395355,0.2824999988079071,0.35499998927116394,0.49000000953674316,0.48249998688697815,0.47749999165534973,0.47749999165534973,0.36250001192092896,0.21250000596046448,0.15000000596046448,0.11749999970197678,0.09749999642372131,0.08250000327825546,0.07249999791383743,0.06750000268220901,0.05999999865889549,0.057500001043081284,0.05249999836087227,0.05000000074505806,0.05000000074505806,0.04749999940395355
1785945622647559900,-0.045990001410245895,-0.26141828298568726,0.3512590825557709,-0.34629929065704346,0.07693951576948166,0.08647698163986206,-0.07498864084482193,-0.254580020904541,0.16500000655651093,0.18000000715255737,0.20499999821186066,0.23499999940395355,0.2824999988079071,0.35499998927116394,0.49000000953674316,0.48249998688697815,0.47749999165534973,0.47749999165534973,0.36250001192092896,0.21250000596046448,0.15000000596046448,0.11749999970197678,0.09749999642372131,0.08250000327825546,0.07249999791383743,0.06750000268220901,0.05999999865889549,0.057500001043081284,0.05249999836087227,0.05000000074505806,0.05000000074505806,0.04749999940395355
1785945622746691988,0.0006569999968633056,-0.3070152699947357,0.361819863319397,-0.3520861566066742,-0.10269157588481903,0.046670109033584595,-0.07498901337385178,-0.2545686662197113,0.18000000715255737,0.20000000298023224,0.22750000655651093,0.26750001311302185,0.32749998569488525,0.4375,0.48750001192092896,0.48249998688697815,0.47999998927116394,0.46000000834465027,0.23749999701976776,0.1550000011920929,0.11749999970197678,0.0949999988079071,0.07999999821186066,0.07000000029802322,0.0625,0.057500001043081284,0.05249999836087227,0.05000000074505806,0.04749999940395355,0.04500000178813934,0.042500000447034836,0.042500000447034836
1785945622852161545,0.041391000151634216,-0.3236222267150879,0.3518550992012024,-0.35294896364212036,-0.13339054584503174,0.031211018562316895,-0.07499166578054428,-0.25455981492996216,0.1875,0.20749999582767487,0.23999999463558197,0.2824999988079071,0.3499999940395355,0.4925000071525574,0.48750001192092896,0.47999998927116394,0.47999998927116394,0.39250001311302185,0.20250000059604645,0.13750000298023224,0.10499999672174454,0.08500000089406967,0.07249999791383743,0.06499999761581421,0.057500001043081284,0.05249999836087227,0.04749999940395355,0.04500000178813934,0.042500000447034836,0.042500000447034836,0.03999999910593033,0.03999999910593033
1785945622946761786,0.08343899995088577,-0.3236222267150879,0.3312171399593353,-0.3543606400489807,-0.14589379727840424,0.03261977434158325,-0.07498099654912949,-0.2545655071735382,0.1875,0.20749999582767487,0.23999999463558197,0.2824999988079071,0.3499999940395355,0.4925000071525574,0.48750001192092896,0.47999998927116394,0.47999998927116394,0.39250001311302185,0.20250000059604645,0.13750000298023224,0.10499999672174454,0.08500000089406967,0.07249999791383743,0.06499999761581421,0.057500001043081284,0.05249999836087227,0.04749999940395355,0.04500000178813934,0.042500000447034836,0.042500000447034836,0.03999999910593033,0.03999999910593033
1785945623047480769,0.1333709955215454,-0.3556686043739319,0.3106309175491333,-0.3528948724269867,-0.21716855466365814,-0.0008901059627532959,-0.07498607039451599,-0.2545783519744873,0.20000000298023224,0.22750000655651093,0.26249998807907104,0.3149999976158142,0.39750000834465027,0.4950000047683716,0.48750001192092896,0.48249998688697815,0.48249998688697815,0.2549999952316284,0.15000000596046448,0.10750000178813934,0.08500000089406967,0.07000000029802322,0.05999999865889549,0.05249999836087227,0.04749999940395355,0.04500000178813934,0.042500000447034836,0.03999999910593033,0.03750000149011612,0.03500000014901161,0.03500000014901161,0.032499998807907104
1785945623145874563,0.1760759949684143,-0.3556686043739319,0.30019086599349976,-0.35174089670181274,-0.22695223987102509,-0.002045929431915283,-0.07498826831579208,-0.25456854701042175,0.20000000298023224,0.22750000655651093,0.26249998807907104,0.3149999976158142,0.39750000834465027,0.4950000047683716,0.48750001192092896,0.48249998688697815,0.48249998688697815,0.2549999952316284,0.15000000596046448,0.10750000178813934,0.08500000089406967,0.07000000029802322,0.05999999865889549,0.05249999836087227,0.04749999940395355,0.04500000178813934,0.042500000447034836,0.03999999910593033,0.03750000149011612,0.03500000014901161,0.03500000014901161,0.032499998807907104
1785945623245531851,0.2187809944152832,-0.3628357946872711,0.2629464268684387,-0.34016719460487366,-0.28955328464508057,-0.020784497261047363,-0.07498791813850403,-0.2545663118362427,0.20250000059604645,0.23000000417232513,0.26499998569488525,0.3199999928474426,0.4074999988079071,0.4950000047683716,0.48500001430511475,0.48249998688697815,0.48249998688697815,0.24250000715255737,0.14499999582767487,0.10499999672174454,0.08250000327825546,0.07000000029802322,0.05999999865889549,0.05249999836087227,0.04749999940395355,0.04500000178813934,0.03999999910593033,0.03999999910593033,0.03750000149011612,0.03500000014901161,0.03500000014901161,0.032499998807907104
1785945623350303596,0.26739901304244995,-0.375808984041214,0.25457602739334106,-0.3356437087059021,-0.32923951745033264,-0.03828531503677368,-0.07499033212661743,-0.25457480549812317,0.20999999344348907,0.23749999701976776,0.2775000035762787,0.3375000059604645,0.4399999976158142,0.4925000071525574,0.48500001430511475,0.48249998688697815,0.4625000059604645,0.20499999821186066,0.1274999976158142,0.0949999988079071,0.07500000298023224,0.0625,0.054999999701976776,0.04749999940395355,0.042500000447034836,0.03999999910593033,0.03750000149011612,0.03500000014901161,0.03500000014901161,0.032499998807907104,0.029999999329447746,0.029999999329447746
1785945623445736885,0.3094469904899597,-0.375808984041214,0.2317282259464264,-0.3219233453273773,-0.3365806043148041,-0.05170586705207825,-0.08418365567922592,-0.22148258984088898,0.20999999344348907,0.23749999701976776,0.2775000035762787,0.3375000059604645,0.4399999976158142,0.4925000071525574,0.48500001430511475,0.48249998688697815,0.4625000059604645,0.20499999821186066,0.1274999976158142,0.0949999988079071,0.07500000298023224,0.0625,0.054999999701976776,0.04749999940395355,0.042500000447034836,0.03999999910593033,0.03750000149011612,0.03500000014901161,0.03500000014901161,0.032499998807907104,0.029999999329447746,0.029999999329447746
1785945623546000367,0.35149499773979187,-0.3845553398132324,0.22482353448867798,-0.31541702151298523,-0.3646501898765564,-0.06695792078971863,-0.08418227732181549,-0.22147497534751892,0.2175000011920929,0.24500000476837158,0.2874999940395355,0.3499999940395355,0.46000000834465027,0.4925000071525574,0.48500001430511475,0.48249998688697815,0.41999998688697815,0.17749999463558197,0.11249999701976776,0.08500000089406967,0.06750000268220901,0.057500001043081284,0.05000000074505806,0.04500000178813934,0.03999999910593033,0.03750000149011612,0.03500000014901161,0.032499998807907104,0.032499998807907104,0.029999999329447746,0.027499999850988388,0.027499999850988388
1785945623647273031,0.37777501344680786,-0.38409703969955444,0.20776213705539703,-0.294807493686676,-0.39457452297210693,-0.08710867166519165,-0.08417654782533646,-0.2214772254228592,0.21250000596046448,0.24250000715255737,0.2824999988079071,0.3425000011920929,0.45249998569488525,0.4925000071525574,0.48500001430511475,0.48249998688697815,0.4325000047683716,0.19499999284744263,0.12250000238418579,0.0925000011920929,0.07249999791383743,0.0625,0.05249999836087227,0.04749999940395355,0.042500000447034836,0.03999999910593033,0.03750000149011612,0.03500000014901161,0.03500000014901161,0.032499998807907104,0.029999999329447746,0.029999999329447746
1785945623746961104,0.37777501344680786,-0.38409703969955444,0.20345436036586761,-0.28802433609962463,-0.4066613018512726,-0.09389325976371765,-0.08417852967977524,-0.22147293388843536,0.21250000596046448,0.24250000715255737,0.2824999988079071,0.3425000011920929,0.45249998569488525,0.4925000071525574,0.48500001430511475,0.48249998688697815,0.4325000047683716,0.19499999284744263,0.12250000238418579,0.0925000011920929,0.07249999791383743,0.0625,0.05249999836087227,0.04749999940395355,0.042500000447034836,0.03999999910593033,0.03750000149011612,0.03500000014901161,0.03500000014901161,0.032499998807907104,0.029999999329447746,0.029999999329447746
1785945623845365490,0.37711799144744873,-0.37761175632476807,0.19589930772781372,-0.2642665207386017,-0.4403782784938812,-0.11116668581962585,-0.08418595045804977,-0.22147507965564728,0.20999999344348907,0.23999999463558197,0.2800000011920929,0.3375000059604645,0.4424999952316284,0.4925000071525574,0.48500001430511475,0.48249998688697815,0.4625000059604645,0.20250000059604645,0.1274999976158142,0.0925000011920929,0.07500000298023224,0.0625,0.054999999701976776,0.04749999940395355,0.042500000447034836,0.03999999910593033,0.03750000149011612,0.03500000014901161,0.03500000014901161,0.032499998807907104,0.029999999329447746,0.029999999329447746
1785945623953574522,0.37711799144744873,-0.371694415807724,0.19448429346084595,-0.24705840647220612,-0.4647200107574463,-0.12245437502861023,-0.08418252319097519,-0.22147715091705322,0.20999999344348907,0.23749999701976776,0.2750000059604645,0.33250001072883606,0.4350000023841858,0.4925000071525574,0.48500001430511475,0.48249998688697815,0.4724999964237213,0.20999999344348907,0.12999999523162842,0.0949999988079071,0.07500000298023224,0.0625,0.054999999701976776,0.04749999940395355,0.04500000178813934,0.03999999910593033,0.03750000149011612,0.03500000014901161,0.03500000014901161,0.032499998807907104,0.029999999329447746,0.029999999329447746
1785945624056721386,0.37711799144744873,-0.371694415807724,0.19490858912467957,-0.23986954987049103,-0.48059728741645813,-0.12964613735675812,-0.08417738229036331,-0.2214704006910324,0.20999999344348907,0.23749999701976776,0.2750000059604645,0.33250001072883606,0.4350000023841858,0.4925000071525574,0.48500001430511475,0.48249998688697815,0.4724999964237213,0.20999999344348907,0.12999999523162842,0.0949999988079071,0.07500000298023224,0.0625,0.054999999701976776,0.04749999940395355,0.04500000178813934,0.03999999910593033,0.03750000149011612,0.03500000014901161,0.03500000014901161,0.032499998807907104,0.029999999329447746,0.029999999329447746
1785945624149500868,0.37711799144744873,-0.35066279768943787,0.20254190266132355,-0.21791933476924896,-0.4760996103286743,-0.13056419789791107,-0.08417576551437378,-0.2214922308921814,0.20000000298023224,0.22499999403953552,0.25999999046325684,0.3125,0.39250001311302185,0.4925000071525574,0.48500001430511475,0.47999998927116394,0.47999998927116394,0.26499998569488525,0.1550000011920929,0.10999999940395355,0.08500000089406967,0.07000000029802322,0.05999999865889549,0.05249999836087227,0.04749999940395355,0.04500000178813934,0.042500000447034836,0.03999999910593033,0.03750000149011612,0.03500000014901161,0.03500000014901161,0.03500000014901161
1785945624247670335,0.37711799144744873,-0.33516642451286316,0.2058517187833786,-0.20994406938552856,-0.45439550280570984,-0.12304313480854034,-0.08417646586894989,-0.22146646678447723,0.19249999523162842,0.2150000035762787,0.2475000023841858,0.29499998688697815,0.3675000071525574,0.4950000047683716,0.48500001430511475,0.47999998927116394,0.47999998927116394,0.32749998569488525,0.17749999463558197,0.125,0.0949999988079071,0.07750000059604645,0.06750000268220901,0.05999999865889549,0.05249999836087227,0.04749999940395355,0.04500000178813934,0.042500000447034836,0.03999999910593033,0.03999999910593033,0.03750000149011612,0.03750000149011612
1785945624346976924,0.37711799144744873,-0.3346388638019562,0.22120800614356995,-0.18566913902759552,-0.5197622179985046,-0.14678944647312164,-0.08417757600545883,-0.2214667797088623,0.19249999523162842,0.2150000035762787,0.2475000023841858,0.29499998688697815,0.3675000071525574,0.4950000047683716,0.48500001430511475,0.47999998927116394,0.47999998927116394,0.33000001311302185,0.18000000715255737,0.125,0.0949999988079071,0.07750000059604645,0.06750000268220901,0.05999999865889549,0.05249999836087227,0.04749999940395355,0.04500000178813934,0.042500000447034836,0.03999999910593033,0.03999999910593033,0.03750000149011612,0.03750000149011612
1785945624446687909,0.37711799144744873,-0.3346388638019562,0.22783035039901733,-0.1770412176847458,-0.5441189408302307,-0.1554185003042221,-0.08418358117341995,-0.22148142755031586,0.19249999523162842,0.2150000035762787,0.2475000023841858,0.29499998688697815,0.3675000071525574,0.4950000047683716,0.48500001430511475,0.47999998927116394,0.47999998927116394,0.33000001311302185,0.18000000715255737,0.125,0.0949999988079071,0.07750000059604645,0.06750000268220901,0.05999999865889549,0.05249999836087227,0.04749999940395355,0.04500000178813934,0.042500000447034836,0.03999999910593033,0.03999999910593033,0.03750000149011612,0.03750000149011612
1785945624547848954,0.37711799144744873,-0.2979244291782379,0.2430524080991745,-0.1572275310754776,-0.5028063654899597,-0.13851788640022278,-0.08417820930480957,-0.22147804498672485,0.17749999463558197,0.19750000536441803,0.22499999403953552,0.26249998807907104,0.3199999928474426,0.42500001192092896,0.48500001430511475,0.47999998927116394,0.47749999165534973,0.47749999165534973,0.25,0.16249999403953552,0.11999999731779099,0.09749999642372131,0.07999999821186066,0.07000000029802322,0.0625,0.057500001043081284,0.05249999836087227,0.05000000074505806,0.04749999940395355,0.04500000178813934,0.042500000447034836,0.042500000447034836
1785945624646451778,0.37711799144744873,-0.2807786762714386,0.26003777980804443,-0.13991546630859375,-0.5074452757835388,-0.13868285715579987,-0.08417606353759766,-0.22149118781089783,0.17000000178813934,0.1899999976158142,0.2150000035762787,0.25,0.30250000953674316,0.38499999046325684,0.48750001192092896,0.47999998927116394,0.47749999165534973,0.47749999165534973,0.29750001430511475,0.18250000476837158,0.13500000536441803,0.10499999672174454,0.08749999850988388,0.07750000059604645,0.06750000268220901,0.0625,0.057500001043081284,0.05249999836087227,0.05000000074505806,0.04749999940395355,0.04500000178813934,0.04500000178813934
1785945624746090666,0.37711799144744873,-0.24828162789344788,0.26745542883872986,-0.11272811144590378,-0.5048121213912964,-0.13329707086086273,-0.08417868614196777,-0.22146816551685333,0.1574999988079071,0.17499999701976776,0.19499999284744263,0.22499999403953552,0.26750001311302185,0.33500000834465027,0.4724999964237213,0.48249998688697815,0.47749999165534973,0.47749999165534973,0.42750000953674316,0.23749999701976776,0.16500000655651093,0.1274999976158142,0.10499999672174454,0.09000000357627869,0.07999999821186066,0.07000000029802322,0.06499999761581421,0.05999999865889549,0.057500001043081284,0.054999999701976776,0.05249999836087227,0.05000000074505806
1785945624846067963,0.37711799144744873,-0.24828162789344788,0.2462633103132248,-0.0965479165315628,-0.5550327301025391,-0.14947810769081116,-0.08417879045009613,-0.22148771584033966,0.1574999988079071,0.17499999701976776,0.19499999284744263,0.22499999403953552,0.26750001311302185,0.33500000834465027,0.4724999964237213,0.48249998688697815,0.47749999165534973,0.47749999165534973,0.42750000953674316,0.23749999701976776,0.16500000655651093,0.1274999976158142,0.10499999672174454,0.09000000357627869,0.07999999821186066,0.07000000029802322,0.06499999761581421,0.05999999865889549,0.057500001043081284,0.054999999701976776,0.05249999836087227,0.05000000074505806
1785945624947858178,0.37711799144744873,-0.2281988114118576,0.23679471015930176,-0.08560192584991455,-0.5386977195739746,-0.14034032821655273,-0.08417560160160065,-0.22146399319171906,0.1525000035762787,0.16750000417232513,0.1850000023841858,0.21250000596046448,0.2524999976158142,0.3100000023841858,0.41999998688697815,0.48249998688697815,0.4749999940395355,0.4749999940395355,0.4749999940395355,0.2775000035762787,0.1850000023841858,0.14249999821186066,0.11500000208616257,0.09749999642372131,0.08500000089406967,0.07750000059604645,0.07000000029802322,0.06499999761581421,0.05999999865889549,0.057500001043081284,0.054999999701976776,0.05249999836087227
1785945625047499210,0.37711799144744873,-0.21161864697933197,0.20854486525058746,-0.059813957661390305,-0.579131007194519,-0.14954769611358643,-0.08417890965938568,-0.22146165370941162,0.14499999582767487,0.1599999964237213,0.17749999463558197,0.20250000059604645,0.23749999701976776,0.28999999165534973,0.3774999976158142,0.48249998688697815,0.47749999165534973,0.4749999940395355,0.4749999940395355,0.3199999928474426,0.20749999582767487,0.1550000011920929,0.125,0.10499999672174454,0.0925000011920929,0.08250000327825546,0.07500000298023224,0.06750000268220901,0.06499999761581421,0.05999999865889549,0.057500001043081284,0.057500001043081284
1785945625147239412,0.37711799144744873,-0.21161864697933197,0.20217442512512207,-0.04643286392092705,-0.6226156949996948,-0.16293026506900787,-0.08418352901935577,-0.22147609293460846,0.14499999582767487,0.1599999964237213,0.17749999463558197,0.20250000059604645,0.23749999701976776,0.28999999165534973,0.3774999976158142,0.48249998688697815,0.47749999165534973,0.4749999940395355,0.4749999940395355,0.3199999928474426,0.20749999582767487,0.1550000011920929,0.125,0.10499999672174454,0.0925000011920929,0.08250000327825546,0.07500000298023224,0.06750000268220901,0.06499999761581421,0.05999999865889549,0.057500001043081284,0.057500001043081284
1785945625247305992,0.37711799144744873,-0.1734493523836136,0.1800951212644577,-0.01912669464945793,-0.6162680983543396,-0.15206514298915863,-0.08418060839176178,-0.22147516906261444,0.13500000536441803,0.14749999344348907,0.16249999403953552,0.18250000476837158,0.21250000596046448,0.2524999976158142,0.3199999928474426,0.46000000834465027,0.47999998927116394,0.4749999940395355,0.4749999940395355,0.4325000047683716,0.26499998569488525,0.1899999976158142,0.14749999344348907,0.12250000238418579,0.10499999672174454,0.0925000011920929,0.08500000089406967,0.07750000059604645,0.07249999791383743,0.06750000268220901,0.06499999761581421,0.0625
1785945625347936141,0.37711799144744873,-0.15752291679382324,0.17348462343215942,-0.010869920253753662,-0.6006008982658386,-0.1482773721218109,-0.08847223222255707,-0.14813819527626038,0.12999999523162842,0.14000000059604645,0.1550000011920929,0.17499999701976776,0.20000000298023224,0.23999999463558197,0.29750001430511475,0.4025000035762787,0.47999998927116394,0.4749999940395355,0.4749999940395355,0.47749999165534973,0.30000001192092896,0.20749999582767487,0.1599999964237213,0.13249999284744263,0.11249999701976776,0.10000000149011612,0.09000000357627869,0.08250000327825546,0.07500000298023224,0.07249999791383743,0.06750000268220901,0.06499999761581421
1785945625446214507,0.37711799144744873,-0.11850114911794662,0.1611180305480957,0.01850244216620922,-0.5716939568519592,-0.1386266052722931,-0.08847267180681229,-0.14813077449798584,0.11999999731779099,0.12999999523162842,0.14000000059604645,0.1574999988079071,0.18000000715255737,0.20999999344348907,0.2549999952316284,0.33250001072883606,0.47999998927116394,0.4749999940395355,0.4724999964237213,0.4724999964237213,0.4000000059604645,0.25999999046325684,0.19249999523162842,0.1550000011920929,0.12999999523162842,0.11249999701976776,0.10000000149011612,0.0925000011920929,0.08500000089406967,0.07999999821186066,0.07500000298023224,0.07249999791383743
1785945625548387166,0.37711799144744873,-0.11850114911794662,0.15865494310855865,0.02606598287820816,-0.5914708971977234,-0.1461915522813797,-0.08847621083259583,-0.14812307059764862,0.11999999731779099,0.12999999523162842,0.14000000059604645,0.1574999988079071,0.18000000715255737,0.20999999344348907,0.2549999952316284,0.33250001072883606,0.47999998927116394,0.4749999940395355,0.4724999964237213,0.4724999964237213,0.4000000059604645,0.25999999046325684,0.19249999523162842,0.1550000011920929,0.12999999523162842,0.11249999701976776,0.10000000149011612,0.0925000011920929,0.08500000089406967,0.07999999821186066,0.07500000298023224,0.07249999791383743
1785945625646574682,0.37711799144744873,-0.10496652126312256,0.15879468619823456,0.050208866596221924,-0.6225818395614624,-0.1567983329296112,-0.08848757296800613,-0.14812703430652618,0.11500000208616257,0.125,0.13500000536441803,0.15000000596046448,0.17000000178813934,0.20000000298023224,0.23999999463558197,0.3100000023841858,0.46000000834465027,0.4749999940395355,0.4724999964237213,0.4724999964237213,0.4350000023841858,0.2824999988079071,0.20749999582767487,0.16500000655651093,0.13750000298023224,0.11999999731779099,0.10750000178813934,0.09749999642372131,0.09000000357627869,0.08250000327825546,0.07750000059604645,0.07500000298023224
1785945625747095900,0.37711799144744873,-0.08597201853990555,0.1625257432460785,0.06515112519264221,-0.6121053695678711,-0.15274980664253235,-0.08847879618406296,-0.14814384281635284,0.10999999940395355,0.11999999731779099,0.12999999523162842,0.14249999821186066,0.16249999403953552,0.1875,0.22499999403953552,0.2849999964237213,0.39250001311302185,0.4749999940395355,0.4724999964237213,0.4724999964237213,0.4749999940395355,0.3174999952316284,0.22750000655651093,0.18000000715255737,0.14749999344348907,0.1274999976158142,0.11249999701976776,0.10249999910593033,0.0925000011920929,0.08749999850988388,0.08250000327825546,0.07750000059604645
1785945625847637694,0.37711799144744873,-0.08597201853990555,0.16734065115451813,0.0753995031118393,-0.6436238288879395,-0.16299569606781006,-0.08847322314977646,-0.14812815189361572,0.10999999940395355,0.11999999731779099,0.12999999523162842,0.14249999821186066,0.16249999403953552,0.1875,0.22499999403953552,0.2849999964237213,0.39250001311302185,0.4749999940395355,0.4724999964237213,0.4724999964237213,0.4749999940395355,0.3174999952316284,0.22750000655651093,0.18000000715255737,0.14749999344348907,0.1274999976158142,0.11249999701976776,0.10249999910593033,0.0925000011920929,0.08749999850988388,0.08250000327825546,0.07750000059604645
1785945625947196067,0.37711799144744873,-0.05261465534567833,0.18410839140415192,0.10231716185808182,-0.6327702403068542,-0.1565525233745575,-0.0884798988699913,-0.14813028275966644,0.10249999910593033,0.10999999940395355,0.11749999970197678,0.12999999523162842,0.14499999582767487,0.16750000417232513,0.19750000536441803,0.24500000476837158,0.32499998807907104,0.47749999165534973,0.4724999964237213,0.4724999964237213,0.4724999964237213,0.4000000059604645,0.27250000834465027,0.20749999582767487,0.17000000178813934,0.14499999582767487,0.125,0.11249999701976776,0.10249999910593033,0.0949999988079071,0.09000000357627869,0.08500000089406967
1785945626053764345,0.37711799144744873,-0.03876521810889244,0.19088640809059143,0.11145108938217163,-0.6225675940513611,-0.15183992683887482,-0.08847709000110626,-0.1481298804283142,0.10249999910593033,0.10750000178813934,0.11749999970197678,0.1274999976158142,0.14249999821186066,0.16249999403953552,0.19249999523162842,0.23499999940395355,0.3100000023841858,0.47999998927116394,0.4724999964237213,0.4724999964237213,0.4724999964237213,0.42750000953674316,0.2849999964237213,0.2150000035762787,0.17499999701976776,0.14749999344348907,0.1274999976158142,0.11500000208616257,0.10499999672174454,0.09749999642372131,0.09000000357627869,0.08500000089406967
1785945626149195298,0.37711799144744873,-0.03876521810889244,0.21667158603668213,0.13973790407180786,-0.714046061038971,-0.1801266372203827,-0.0884798914194107,-0.14813603460788727,0.10249999910593033,0.10750000178813934,0.11749999970197678,0.1274999976158142,0.14249999821186066,0.16249999403953552,0.19249999523162842,0.23499999940395355,0.3100000023841858,0.47999998927116394,0.4724999964237213,0.4724999964237213,0.4724999964237213,0.42750000953674316,0.2849999964237213,0.2150000035762787,0.17499999701976776,0.14749999344348907,0.1274999976158142,0.11500000208616257,0.10499999672174454,0.09749999642372131,0.09000000357627869,0.08500000089406967
1785945626253329200,0.37711799144744873,-0.015785498544573784,0.2260931134223938,0.14863409101963043,-0.6792608499526978,-0.16604375839233398,-0.08847220987081528,-0.14814485609531403,0.0949999988079071,0.10000000149011612,0.10750000178813934,0.11749999970197678,0.12999999523162842,0.14749999344348907,0.17249999940395355,0.20999999344348907,0.27000001072883606,0.3824999928474426,0.4749999940395355,0.4724999964237213,0.4724999964237213,0.47749999165534973,0.33250001072883606,0.24500000476837158,0.19499999284744263,0.16249999403953552,0.14249999821186066,0.125,0.11500000208616257,0.10499999672174454,0.09749999642372131,0.0925000011920929
1785945626349325162,0.37711799144744873,-0.00144239142537117,0.2562439441680908,0.17447173595428467,-0.7266597151756287,-0.1775379329919815,-0.08848138898611069,-0.14814411103725433,0.0925000011920929,0.10000000149011612,0.10750000178813934,0.11500000208616257,0.1274999976158142,0.14499999582767487,0.16750000417232513,0.20250000059604645,0.2574999928474426,0.35749998688697815,0.4749999940395355,0.4724999964237213,0.4724999964237213,0.4749999940395355,0.35249999165534973,0.2549999952316284,0.20250000059604645,0.16750000417232513,0.14499999582767487,0.1274999976158142,0.11500000208616257,0.10499999672174454,0.10000000149011612,0.0925000011920929
1785945626448300926,0.37711799144744873,-0.00144239142537117,0.2756967842578888,0.1894615888595581,-0.7773085832595825,-0.1925283521413803,-0.08847486227750778,-0.14812666177749634,0.0925000011920929,0.10000000149011612,0.10750000178813934,0.11500000208616257,0.1274999976158142,0.14499999582767487,0.16750000417232513,0.20250000059604645,0.2574999928474426,0.35749998688697815,0.4749999940395355,0.4724999964237213,0.4724999964237213,0.4749999940395355,0.35249999165534973,0.2549999952316284,0.20250000059604645,0.16750000417232513,0.14499999582767487,0.1274999976158142,0.11500000208616257,0.10499999672174454,0.10000000149011612,0.0925000011920929
1785945626547069483,0.37711799144744873,0.011457000859081745,0.2861442565917969,0.19809119403362274,-0.7718783020973206,-0.18825866281986237,-0.08846825361251831,-0.14812256395816803,0.09000000357627869,0.0949999988079071,0.10249999910593033,0.10999999940395355,0.12250000238418579,0.13750000298023224,0.1599999964237213,0.1899999976158142,0.23999999463558197,0.32749998569488525,0.47749999165534973,0.4724999964237213,0.4724999964237213,0.4749999940395355,0.38499999046325684,0.2750000059604645,0.2150000035762787,0.17749999463558197,0.1525000035762787,0.13500000536441803,0.11999999731779099,0.10999999940395355,0.10249999910593033,0.09749999642372131
1785945626646956569,0.37711799144744873,0.047874633222818375,0.29029831290245056,0.22288303077220917,-0.7595540285110474,-0.17674171924591064,-0.08848196268081665,-0.14814266562461853,0.08250000327825546,0.08749999850988388,0.0925000011920929,0.10000000149011612,0.10999999940395355,0.12250000238418579,0.14000000059604645,0.16500000655651093,0.20250000059604645,0.26750001311302185,0.4099999964237213,0.4724999964237213,0.4724999964237213,0.4724999964237213,0.4625000059604645,0.32749998569488525,0.2475000023841858,0.20000000298023224,0.17000000178813934,0.14749999344348907,0.13249999284744263,0.11999999731779099,0.11249999701976776,0.10499999672174454
1785945626751099303,0.37711799144744873,0.06371847540140152,0.28462550044059753,0.23186075687408447,-0.7485679984092712,-0.16987738013267517,-0.08847984671592712,-0.1481364667415619,0.07999999821186066,0.08250000327825546,0.08749999850988388,0.0949999988079071,0.10499999672174454,0.11500000208616257,0.13249999284744263,0.1550000011920929,0.1899999976158142,0.24500000476837158,0.35249999165534973,0.4749999940395355,0.4724999964237213,0.4724999964237213,0.47749999165534973,0.35749998688697815,0.26750001311302185,0.2150000035762787,0.18000000715255737,0.1574999988079071,0.14000000059604645,0.1274999976158142,0.11749999970197678,0.10999999940395355
1785945626849887893,0.37711799144744873,0.06371847540140152,0.2676273584365845,0.2583059072494507,-0.8413815498352051,-0.19631928205490112,-0.08847068250179291,-0.14813239872455597,0.07999999821186066,0.08250000327825546,0.08749999850988388,0.0949999988079071,0.10499999672174454,0.11500000208616257,0.13249999284744263,0.1550000011920929,0.1899999976158142,0.24500000476837158,0.35249999165534973,0.4749999940395355,0.4724999964237213,0.4724999964237213,0.47749999165534973,0.35749998688697815,0.26750001311302185,0.2150000035762787,0.18000000715255737,0.1574999988079071,0.14000000059604645,0.1274999976158142,0.11749999970197678,0.10999999940395355
1785945626952611417,0.37711799144744873,0.10075711458921432,0.262824147939682,0.26708129048347473,-0.774773359298706,-0.1680583357810974,-0.08848167210817337,-0.1481359601020813,0.07249999791383743,0.07500000298023224,0.07999999821186066,0.08500000089406967,0.0925000011920929,0.10249999910593033,0.11500000208616257,0.13500000536441803,0.1599999964237213,0.20250000059604645,0.2775000035762787,0.47749999165534973,0.4724999964237213,0.4724999964237213,0.4749999940395355,0.4325000047683716,0.3125,0.24500000476837158,0.20250000059604645,0.17499999701976776,0.1525000035762787,0.13750000298023224,0.1274999976158142,0.11749999970197678
1785945627045918626,0.37711799144744873,0.11788271367549896,0.25470229983329773,0.2907910943031311,-0.8161223530769348,-0.17464210093021393,-0.08846952021121979,-0.14814427495002747,0.07000000029802322,0.07249999791383743,0.07750000059604645,0.08250000327825546,0.08749999850988388,0.09749999642372131,0.10999999940395355,0.125,0.15000000596046448,0.1850000023841858,0.25,0.38499999046325684,0.4724999964237213,0.4724999964237213,0.4749999940395355,0.4650000035762787,0.3400000035762787,0.26249998807907104,0.2150000035762787,0.18250000476837158,0.1599999964237213,0.14499999582767487,0.13249999284744263,0.12250000238418579
1785945627147298557,0.37711799144744873,0.11788271367549896,0.2526457905769348,0.297853022813797,-0.8420992493629456,-0.18170706927776337,-0.08847413212060928,-0.14813195168972015,0.07000000029802322,0.07249999791383743,0.07750000059604645,0.08250000327825546,0.08749999850988388,0.09749999642372131,0.10999999940395355,0.125,0.15000000596046448,0.1850000023841858,0.25,0.38499999046325684,0.4724999964237213,0.4724999964237213,0.4749999940395355,0.4650000035762787,0.3400000035762787,0.26249998807907104,0.2150000035762787,0.18250000476837158,0.1599999964237213,0.14499999582767487,0.13249999284744263,0.12250000238418579
1785945627246233904,0.37711799144744873,0.154312402009964,0.25063443183898926,0.32041844725608826,-0.8321794271469116,-0.16784065961837769,-0.08848647773265839,-0.14812691509723663,0.0625,0.06499999761581421,0.07000000029802322,0.07249999791383743,0.07750000059604645,0.08500000089406967,0.0949999988079071,0.10999999940395355,0.1274999976158142,0.1550000011920929,0.20250000059604645,0.28999999165534973,0.47749999165534973,0.4749999940395355,0.4749999940395355,0.47999998927116394,0.4074999988079071,0.30250000953674316,0.24250000715255737,0.20499999821186066,0.17749999463558197,0.1574999988079071,0.14499999582767487,0.13249999284744263
1785945627346328580,0.37120500206947327,0.1783948540687561,0.2525201439857483,0.3379945755004883,-0.8284201622009277,-0.17210635542869568,-0.012458188459277153,-0.09692483395338058,0.0625,0.0625,0.06499999761581421,0.06750000268220901,0.07249999791383743,0.07999999821186066,0.09000000357627869,0.10000000149011612,0.11749999970197678,0.14000000059604645,0.18000000715255737,0.25,0.4350000023841858,0.4749999940395355,0.4749999940395355,0.47749999165534973,0.44749999046325684,0.33250001072883606,0.26249998807907104,0.2175000011920929,0.1875,0.16750000417232513,0.15000000596046448,0.14000000059604645
1785945627451039651,0.37448999285697937,0.20243513584136963,0.2546384930610657,0.34625083208084106,-0.7882528305053711,-0.15632376074790955,-0.012463725171983242,-0.09692317247390747,0.057500001043081284,0.057500001043081284,0.057500001043081284,0.0625,0.06499999761581421,0.07249999791383743,0.07750000059604645,0.08749999850988388,0.10249999910593033,0.11999999731779099,0.1525000035762787,0.20499999821186066,0.3199999928474426,0.4749999940395355,0.4749999940395355,0.47749999165534973,0.48500001430511475,0.375,0.28999999165534973,0.23999999463558197,0.20499999821186066,0.18000000715255737,0.16249999403953552,0.14749999344348907
1785945627546460012,0.36923399567604065,0.20243513584136963,0.2649812400341034,0.3732025623321533,-0.8769704103469849,-0.1832747459411621,-0.012465986423194408,-0.09692419320344925,0.057500001043081284,0.057500001043081284,0.057500001043081284,0.0625,0.06499999761581421,0.07249999791383743,0.07750000059604645,0.08749999850988388,0.10249999910593033,0.11999999731779099,0.1525000035762787,0.20499999821186066,0.3199999928474426,0.4749999940395355,0.4749999940395355,0.47749999165534973,0.48500001430511475,0.375,0.28999999165534973,0.23999999463558197,0.20499999821186066,0.18000000715255737,0.16249999403953552,0.14749999344348907
1785945627647897001,0.3633210062980652,0.24135413765907288,0.2697622776031494,0.38142555952072144,-0.7958557605743408,-0.15257856249809265,-0.012459177523851395,-0.09693258255720139,0.05000000074505806,0.05249999836087227,0.054999999701976776,0.054999999701976776,0.057500001043081284,0.0625,0.06750000268220901,0.07500000298023224,0.08500000089406967,0.10000000149011612,0.12250000238418579,0.1599999964237213,0.23250000178813934,0.47999998927116394,0.47749999165534973,0.47749999165534973,0.48249998688697815,0.4399999976158142,0.33500000834465027,0.27000001072883606,0.22750000655651093,0.19750000536441803,0.17749999463558197,0.1599999964237213
1785945627746797562,0.36134999990463257,0.258779376745224,0.2870383858680725,0.40629151463508606,-0.8324156999588013,-0.16001984477043152,-0.012458943761885166,-0.09691692143678665,0.04749999940395355,0.05000000074505806,0.05000000074505806,0.05000000074505806,0.054999999701976776,0.057500001043081284,0.0625,0.07000000029802322,0.07999999821186066,0.0925000011920929,0.11249999701976776,0.14249999821186066,0.20250000059604645,0.3499999940395355,0.47749999165534973,0.47749999165534973,0.48249998688697815,0.4699999988079071,0.36000001430511475,0.2874999940395355,0.23999999463558197,0.20749999582767487,0.1850000023841858,0.16750000417232513
1785945627848680677,0.3140459954738617,0.3017142713069916,0.29410409927368164,0.4144928455352783,-0.7414364218711853,-0.12528392672538757,-0.012464046478271484,-0.09692610800266266,0.042500000447034836,0.042500000447034836,0.04500000178813934,0.04749999940395355,0.05000000074505806,0.05000000074505806,0.05249999836087227,0.057500001043081284,0.06499999761581421,0.07500000298023224,0.09000000357627869,0.11249999701976776,0.15000000596046448,0.23000000417232513,0.47999998927116394,0.47999998927116394,0.48249998688697815,0.48750001192092896,0.4300000071525574,0.33000001311302185,0.27000001072883606,0.23000000417232513,0.20250000059604645,0.18250000476837158
1785945627946611577,0.2746259868144989,0.3017142713069916,0.3163486123085022,0.4382883608341217,-0.8265017867088318,-0.14908036589622498,-0.012468301691114902,-0.09691857546567917,0.042500000447034836,0.042500000447034836,0.04500000178813934,0.04749999940395355,0.05000000074505806,0.05000000074505806,0.05249999836087227,0.057500001043081284,0.06499999761581421,0.07500000298023224,0.09000000357627869,0.11249999701976776,0.15000000596046448,0.23000000417232513,0.47999998927116394,0.47999998927116394,0.48249998688697815,0.48750001192092896,0.4300000071525574,0.33000001311302185,0.27000001072883606,0.23000000417232513,0.20250000059604645,0.18250000476837158
1785945628051194260,0.23389199376106262,0.32505351305007935,0.3246203064918518,0.4461721181869507,-0.7898275852203369,-0.13362371921539307,-0.012458434328436852,-0.096913643181324,0.03999999910593033,0.03999999910593033,0.042500000447034836,0.042500000447034836,0.04500000178813934,0.04749999940395355,0.05000000074505806,0.05249999836087227,0.05999999865889549,0.06750000268220901,0.07999999821186066,0.09749999642372131,0.1274999976158142,0.1875,0.36000001430511475,0.47999998927116394,0.47999998927116394,0.48500001430511475,0.4650000035762787,0.35749998688697815,0.28999999165534973,0.24500000476837158,0.21250000596046448,0.1899999976158142
1785945628148355089,0.18724499642848969,0.34830769896507263,0.3514658808708191,0.46940526366233826,-0.8116203546524048,-0.13360264897346497,-0.012454293668270111,-0.09693070501089096,0.03500000014901161,0.03500000014901161,0.03500000014901161,0.03750000149011612,0.03999999910593033,0.042500000447034836,0.042500000447034836,0.04500000178813934,0.05000000074505806,0.057500001043081284,0.06499999761581421,0.07999999821186066,0.10249999910593033,0.14499999582767487,0.25,0.47999998927116394,0.47999998927116394,0.48500001430511475,0.4925000071525574,0.39750000834465027,0.3149999976158142,0.26499998569488525,0.23000000417232513,0.20250000059604645
1785945628245711412,0.1465110033750534,0.34830769896507263,0.37082579731941223,0.48343852162361145,-0.8655006885528564,-0.14763709902763367,-0.012465124949812889,-0.09692270308732986,0.03500000014901161,0.03500000014901161,0.03500000014901161,0.03750000149011612,0.03999999910593033,0.042500000447034836,0.042500000447034836,0.04500000178813934,0.05000000074505806,0.057500001043081284,0.06499999761581421,0.07999999821186066,0.10249999910593033,0.14499999582767487,0.25,0.47999998927116394,0.47999998927116394,0.48500001430511475,0.4925000071525574,0.39750000834465027,0.3149999976158142,0.26499998569488525,0.23000000417232513,0.20250000059604645
1785945628346603393,0.10577700287103653,0.3992560803890228,0.381266325712204,0.4890492856502533,-0.7464935779571533,-0.10230091214179993,-0.01246936246752739,-0.09692706912755966,0.029999999329447746,0.029999999329447746,0.029999999329447746,0.029999999329447746,0.032499998807907104,0.03500000014901161,0.03750000149011612,0.03999999910593033,0.03999999910593033,0.04500000178813934,0.05000000074505806,0.05999999865889549,0.07249999791383743,0.09749999642372131,0.14749999344348907,0.3125,0.48249998688697815,0.48249998688697815,0.49000000953674316,0.4749999940395355,0.3700000047683716,0.30250000953674316,0.2574999928474426,0.22499999403953552
1785945628444974626,0.059787001460790634,0.4005853235721588,0.4127073585987091,0.5026564002037048,-0.8030368685722351,-0.11457929015159607,-0.012453291565179825,-0.09692344069480896,0.029999999329447746,0.029999999329447746,0.029999999329447746,0.029999999329447746,0.032499998807907104,0.03500000014901161,0.03750000149011612,0.03999999910593033,0.03999999910593033,0.04500000178813934,0.05000000074505806,0.05999999865889549,0.07249999791383743,0.09749999642372131,0.14749999344348907,0.3075000047683716,0.48249998688697815,0.48249998688697815,0.49000000953674316,0.47749999165534973,0.3725000023841858,0.30250000953674316,0.2574999928474426,0.22499999403953552
1785945628545601703,0.01905299909412861,0.4416463375091553,0.42364341020584106,0.5065554976463318,-0.7079297304153442,-0.07741713523864746,-0.012459197081625462,-0.09692281484603882,0.02500000037252903,0.02500000037252903,0.02500000037252903,0.02500000037252903,0.02500000037252903,0.027499999850988388,0.029999999329447746,0.029999999329447746,0.03500000014901161,0.03750000149011612,0.03999999910593033,0.04500000178813934,0.05249999836087227,0.06750000268220901,0.0949999988079071,0.16500000655651093,0.48500001430511475,0.48500001430511475,0.49000000953674316,0.4975000023841858,0.4300000071525574,0.3425000011920929,0.2849999964237213,0.2475000023841858
1785945628644705470,-0.020367000252008438,0.4416463375091553,0.4454723298549652,0.5127708315849304,-0.7470702528953552,-0.08358633518218994,-0.012456621043384075,-0.0969378724694252,0.02500000037252903,0.02500000037252903,0.02500000037252903,0.02500000037252903,0.02500000037252903,0.027499999850988388,0.029999999329447746,0.029999999329447746,0.03500000014901161,0.03750000149011612,0.03999999910593033,0.04500000178813934,0.05249999836087227,0.06750000268220901,0.0949999988079071,0.16500000655651093,0.48500001430511475,0.48500001430511475,0.49000000953674316,0.4975000023841858,0.4300000071525574,0.3425000011920929,0.2849999964237213,0.2475000023841858
1785945628746761677,-0.06832800060510635,0.46364426612854004,0.4455220401287079,0.5143697261810303,-0.6983625888824463,-0.0631873607635498,-0.012468326836824417,-0.09693553298711777,0.019999999552965164,0.019999999552965164,0.019999999552965164,0.019999999552965164,0.019999999552965164,0.02250000089406967,0.02250000089406967,0.02500000037252903,0.02500000037252903,0.027499999850988388,0.032499998807907104,0.03750000149011612,0.03999999910593033,0.04749999940395355,0.06499999761581421,0.10499999672174454,0.2800000011920929,0.48750001192092896,0.49000000953674316,0.4975000023841858,0.4675000011920929,0.3725000023841858,0.3075000047683716,0.26499998569488525
1785945628846675069,-0.11103300005197525,0.48203617334365845,0.4480121433734894,0.5143799781799316,-0.6707745790481567,-0.04480463266372681,-0.012457690201699734,-0.09690672159194946,0.019999999552965164,0.019999999552965164,0.019999999552965164,0.019999999552965164,0.019999999552965164,0.019999999552965164,0.02250000089406967,0.02250000089406967,0.02500000037252903,0.027499999850988388,0.032499998807907104,0.03500000014901161,0.03999999910593033,0.04500000178813934,0.05999999865889549,0.0925000011920929,0.20999999344348907,0.48750001192092896,0.49000000953674316,0.4950000047683716,0.48750001192092896,0.38999998569488525,0.3199999928474426,0.27250000834465027
1785945628945393928,-0.15373800694942474,0.48203617334365845,0.4511467218399048,0.5123575925827026,-0.6809420585632324,-0.0427820086479187,-0.01247344259172678,-0.09692864120006561,0.019999999552965164,0.019999999552965164,0.019999999552965164,0.019999999552965164,0.019999999552965164,0.019999999552965164,0.02250000089406967,0.02250000089406967,0.02500000037252903,0.027499999850988388,0.032499998807907104,0.03500000014901161,0.03999999910593033,0.04500000178813934,0.05999999865889549,0.0925000011920929,0.20999999344348907,0.48750001192092896,0.49000000953674316,0.4950000047683716,0.48750001192092896,0.38999998569488525,0.3199999928474426,0.27250000834465027
1785945629044825705,-0.20366999506950378,0.5132604241371155,0.45258358120918274,0.5096195340156555,-0.5960412621498108,-0.008819282054901123,-0.012471966445446014,-0.09692893922328949,0.014999999664723873,0.014999999664723873,0.014999999664723873,0.014999999664723873,0.014999999664723873,0.014999999664723873,0.014999999664723873,0.017500000074505806,0.017500000074505806,0.019999999552965164,0.02250000089406967,0.02500000037252903,0.029999999329447746,0.03500000014901161,0.03999999910593033,0.05249999836087227,0.09749999642372131,0.49000000953674316,0.49000000953674316,0.4950000047683716,0.5049999952316284,0.4375,0.35249999165534973,0.29499998688697815
1785945629146166371,-0.24571800231933594,0.5237647294998169,0.4600584805011749,0.49897506833076477,-0.5636718273162842,0.012326836585998535,-0.012460093945264816,-0.09692433476448059,0.012500000186264515,0.012500000186264515,0.012500000186264515,0.012500000186264515,0.012500000186264515,0.012500000186264515,0.012500000186264515,0.012500000186264515,0.014999999664723873,0.014999999664723873,0.017500000074505806,0.019999999552965164,0.02250000089406967,0.027499999850988388,0.03500000014901161,0.042500000447034836,0.06750000268220901,0.32749998569488525,0.4925000071525574,0.4975000023841858,0.5074999928474426,0.45750001072883606,0.36500000953674316,0.3075000047683716
1785945629247309592,-0.28185299038887024,0.5237647294998169,0.4637010097503662,0.49598681926727295,-0.5652347803115845,0.01531749963760376,-0.012465783394873142,-0.0969296544790268,0.012500000186264515,0.012500000186264515,0.012500000186264515,0.012500000186264515,0.012500000186264515,0.012500000186264515,0.012500000186264515,0.012500000186264515,0.014999999664723873,0.014999999664723873,0.017500000074505806,0.019999999552965164,0.02250000089406967,0.027499999850988388,0.03500000014901161,0.042500000447034836,0.06750000268220901,0.32749998569488525,0.4925000071525574,0.4975000023841858,0.5074999928474426,0.45750001072883606,0.36500000953674316,0.3075000047683716
1785945629344216077,-0.3370409905910492,0.5335415601730347,0.47571614384651184,0.48043304681777954,-0.5272966623306274,-0.02391791343688965,-0.18085087835788727,-0.08253440260887146,0.012500000186264515,0.012500000186264515,0.012500000186264515,0.012500000186264515,0.012500000186264515,0.012500000186264515,0.012500000186264515,0.012500000186264515,0.014999999664723873,0.014999999664723873,0.017500000074505806,0.019999999552965164,0.02250000089406967,0.027499999850988388,0.03500000014901161,0.042500000447034836,0.0625,0.23000000417232513,0.4925000071525574,0.4975000023841858,0.5049999952316284,0.4675000011920929,0.3725000023841858,0.3125
1785945629445102906,-0.37251898646354675,0.5388138890266418,0.4842599332332611,0.4693792164325714,-0.48454949259757996,-0.0075966715812683105,-0.18084844946861267,-0.08253313601016998,0.012500000186264515,0.012500000186264515,0.012500000186264515,0.012500000186264515,0.012500000186264515,0.012500000186264515,0.012500000186264515,0.012500000186264515,0.014999999664723873,0.014999999664723873,0.017500000074505806,0.019999999552965164,0.02250000089406967,0.027499999850988388,0.03500000014901161,0.042500000447034836,0.05999999865889549,0.20000000298023224,0.4925000071525574,0.4975000023841858,0.5049999952316284,0.4699999988079071,0.3774999976158142,0.3149999976158142
1785945629546142571,-0.37711799144744873,0.5388138890266418,0.48877206444740295,0.4638954997062683,-0.46976834535598755,-0.0021089911460876465,-0.1808447539806366,-0.08252090960741043,0.012500000186264515,0.012500000186264515,0.012500000186264515,0.012500000186264515,0.012500000186264515,0.012500000186264515,0.012500000186264515,0.012500000186264515,0.014999999664723873,0.014999999664723873,0.017500000074505806,0.019999999552965164,0.02250000089406967,0.027499999850988388,0.03500000014901161,0.042500000447034836,0.05999999865889549,0.20000000298023224,0.4925000071525574,0.4975000023841858,0.5049999952316284,0.4699999988079071,0.3774999976158142,0.3149999976158142
1785945629645508170,-0.37711799144744873,0.5429348945617676,0.5036898255348206,0.44413599371910095,-0.4068294167518616,0.02176952362060547,-0.18083679676055908,-0.08253344148397446,0.012500000186264515,0.012500000186264515,0.012500000186264515,0.012500000186264515,0.012500000186264515,0.012500000186264515,0.012500000186264515,0.012500000186264515,0.014999999664723873,0.014999999664723873,0.017500000074505806,0.019999999552965164,0.02250000089406967,0.027499999850988388,0.032499998807907104,0.042500000447034836,0.057500001043081284,0.18000000715255737,0.4925000071525574,0.4950000047683716,0.5049999952316284,0.4749999940395355,0.3799999952316284,0.3174999952316284
1785945629744554751,-0.37711799144744873,0.5380050539970398,0.51451176404953,0.4294118285179138,-0.37896955013275146,0.03156393766403198,-0.1808508187532425,-0.08254969120025635,0.012500000186264515,0.012500000186264515,0.012500000186264515,0.012500000186264515,0.012500000186264515,0.012500000186264515,0.012500000186264515,0.012500000186264515,0.014999999664723873,0.014999999664723873,0.017500000074505806,0.019999999552965164,0.02250000089406967,0.027499999850988388,0.03500000014901161,0.042500000447034836,0.05999999865889549,0.20250000059604645,0.4925000071525574,0.4975000023841858,0.5049999952316284,0.4675000011920929,0.3774999976158142,0.3149999976158142
1785945629853565855,-0.37711799144744873,0.5380050539970398,0.520176887512207,0.42200517654418945,-0.3588847815990448,0.03897097706794739,-0.18085099756717682,-0.08251911401748657,0.012500000186264515,0.012500000186264515,0.012500000186264515,0.012500000186264515,0.012500000186264515,0.012500000186264515,0.012500000186264515,0.012500000186264515,0.014999999664723873,0.014999999664723873,0.017500000074505806,0.019999999552965164,0.02250000089406967,0.027499999850988388,0.03500000014901161,0.042500000447034836,0.05999999865889549,0.20250000059604645,0.4925000071525574,0.4975000023841858,0.5049999952316284,0.4675000011920929,0.3774999976158142,0.3149999976158142
1785945629947720386,-0.37711799144744873,0.5352317690849304,0.5387168526649475,0.4002528488636017,-0.30767348408699036,0.05794909596443176,-0.18085399270057678,-0.08252847194671631,0.012500000186264515,0.012500000186264515,0.012500000186264515,0.012500000186264515,0.012500000186264515,0.012500000186264515,0.012500000186264515,0.012500000186264515,0.014999999664723873,0.014999999664723873,0.017500000074505806,0.019999999552965164,0.02250000089406967,0.027499999850988388,0.03500000014901161,0.042500000447034836,0.05999999865889549,0.2199999988079071,0.4925000071525574,0.4975000023841858,0.5049999952316284,0.4675000011920929,0.375,0.3125
1785945630047809911,-0.37711799144744873,0.5352317690849304,0.5446208715438843,0.3933199346065521,-0.2888930141925812,0.06488120555877686,-0.18084408342838287,-0.08252843469381332,0.012500000186264515,0.012500000186264515,0.012500000186264515,0.012500000186264515,0.012500000186264515,0.012500000186264515,0.012500000186264515,0.012500000186264515,0.014999999664723873,0.014999999664723873,0.017500000074505806,0.019999999552965164,0.02250000089406967,0.027499999850988388,0.03500000014901161,0.042500000447034836,0.05999999865889549,0.2199999988079071,0.4925000071525574,0.4975000023841858,0.5049999952316284,0.4675000011920929,0.375,0.3125
1785945630144646890,-0.37711799144744873,0.5169272422790527,0.5573503375053406,0.3788496255874634,-0.2965095043182373,0.06104898452758789,-0.1808537393808365,-0.08252941071987152,0.014999999664723873,0.014999999664723873,0.014999999664723873,0.014999999664723873,0.014999999664723873,0.014999999664723873,0.014999999664723873,0.017500000074505806,0.017500000074505806,0.019999999552965164,0.02250000089406967,0.02500000037252903,0.029999999329447746,0.03500000014901161,0.03999999910593033,0.05249999836087227,0.0949999988079071,0.49000000953674316,0.49000000953674316,0.4950000047683716,0.5049999952316284,0.4399999976158142,0.35499998927116394,0.29750001430511475
1785945630244447606,-0.37711799144744873,0.49559855461120605,0.577003538608551,0.35440900921821594,-0.2868836224079132,0.06416040658950806,-0.1808537393808365,-0.0825401321053505,0.017500000074505806,0.017500000074505806,0.017500000074505806,0.017500000074505806,0.017500000074505806,0.017500000074505806,0.019999999552965164,0.019999999552965164,0.02250000089406967,0.02500000037252903,0.027499999850988388,0.029999999329447746,0.03500000014901161,0.042500000447034836,0.04749999940395355,0.07249999791383743,0.14749999344348907,0.49000000953674316,0.49000000953674316,0.4975000023841858,0.5074999928474426,0.4099999964237213,0.33250001072883606,0.2824999988079071
1785945630345865426,-0.37711799144744873,0.49559855461120605,0.5840182900428772,0.3474295735359192,-0.2688877284526825,0.07113957405090332,-0.1808479130268097,-0.08254007995128632,0.017500000074505806,0.017500000074505806,0.017500000074505806,0.017500000074505806,0.017500000074505806,0.017500000074505806,0.019999999552965164,0.019999999552965164,0.02250000089406967,0.02500000037252903,0.027499999850988388,0.029999999329447746,0.03500000014901161,0.042500000447034836,0.04749999940395355,0.07249999791383743,0.14749999344348907,0.49000000953674316,0.49000000953674316,0.4975000023841858,0.5074999928474426,0.4099999964237213,0.33250001072883606,0.2824999988079071
1785945630444575518,-0.37711799144744873,0.46699392795562744,0.5962355136871338,0.3300374746322632,-0.30021214485168457,0.05992609262466431,-0.18085405230522156,-0.0825333520770073,0.019999999552965164,0.019999999552965164,0.019999999552965164,0.019999999552965164,0.019999999552965164,0.02250000089406967,0.02250000089406967,0.02500000037252903,0.02500000037252903,0.027499999850988388,0.032499998807907104,0.03750000149011612,0.03999999910593033,0.04749999940395355,0.06499999761581421,0.10249999910593033,0.26249998807907104,0.48750001192092896,0.49000000953674316,0.4975000023841858,0.4724999964237213,0.375,0.3100000023841858,0.26499998569488525
1785945630545102688,-0.37711799144744873,0.45252183079719543,0.6163400411605835,0.30764204263687134,-0.2843573987483978,0.06784990429878235,-0.18085096776485443,-0.08254006505012512,0.02250000089406967,0.02250000089406967,0.02250000089406967,0.02250000089406967,0.02250000089406967,0.02500000037252903,0.02500000037252903,0.027499999850988388,0.029999999329447746,0.032499998807907104,0.03750000149011612,0.03999999910593033,0.04500000178813934,0.057500001043081284,0.07999999821186066,0.13249999284744263,0.48750001192092896,0.48750001192092896,0.49000000953674316,0.5,0.45249998569488525,0.35749998688697815,0.29750001430511475,0.2549999952316284
1785945630648546297,-0.37711799144744873,0.45252183079719543,0.6237000823020935,0.30118393898010254,-0.26991748809814453,0.07430842518806458,-0.18084610998630524,-0.08253219723701477,0.02250000089406967,0.02250000089406967,0.02250000089406967,0.02250000089406967,0.02250000089406967,0.02500000037252903,0.02500000037252903,0.027499999850988388,0.029999999329447746,0.032499998807907104,0.03750000149011612,0.03999999910593033,0.04500000178813934,0.057500001043081284,0.07999999821186066,0.13249999284744263,0.48750001192092896,0.48750001192092896,0.49000000953674316,0.5,0.45249998569488525,0.35749998688697815,0.29750001430511475,0.2549999952316284
1785945630745330314,-0.37711799144744873,0.4390171766281128,0.6309301853179932,0.27153289318084717,-0.23381519317626953,0.09038257598876953,-0.1808391958475113,-0.08251889050006866,0.02500000037252903,0.02500000037252903,0.02500000037252903,0.02500000037252903,0.02500000037252903,0.027499999850988388,0.029999999329447746,0.029999999329447746,0.03500000014901161,0.03750000149011612,0.03999999910593033,0.04500000178813934,0.05249999836087227,0.06750000268220901,0.09749999642372131,0.16750000417232513,0.48500001430511475,0.48500001430511475,0.49000000953674316,0.4975000023841858,0.42750000953674316,0.3400000035762787,0.2849999964237213,0.2475000023841858
1785945630850147469,-0.37711799144744873,0.41037678718566895,0.6295032501220703,0.25713977217674255,-0.28410613536834717,0.0761343240737915,-0.18084324896335602,-0.08253050595521927,0.027499999850988388,0.027499999850988388,0.027499999850988388,0.027499999850988388,0.029999999329447746,0.029999999329447746,0.032499998807907104,0.03500000014901161,0.03999999910593033,0.042500000447034836,0.04500000178813934,0.05249999836087227,0.06499999761581421,0.08500000089406967,0.125,0.2475000023841858,0.48500001430511475,0.48500001430511475,0.4925000071525574,0.4925000071525574,0.38749998807907104,0.3149999976158142,0.26499998569488525,0.23250000178813934
1785945630945625783,-0.37711799144744873,0.41037678718566895,0.6268848776817322,0.2466624528169632,-0.2596350908279419,0.08661139011383057,-0.18085028231143951,-0.08253265917301178,0.027499999850988388,0.027499999850988388,0.027499999850988388,0.027499999850988388,0.029999999329447746,0.029999999329447746,0.032499998807907104,0.03500000014901161,0.03999999910593033,0.042500000447034836,0.04500000178813934,0.05249999836087227,0.06499999761581421,0.08500000089406967,0.125,0.2475000023841858,0.48500001430511475,0.48500001430511475,0.4925000071525574,0.4925000071525574,0.38749998807907104,0.3149999976158142,0.26499998569488525,0.23250000178813934
1785945631045993268,-0.37711799144744873,0.3973579406738281,0.6248951554298401,0.22246842086315155,-0.2516930103302002,0.09778851270675659,-0.18084567785263062,-0.08253340423107147,0.029999999329447746,0.029999999329447746,0.029999999329447746,0.029999999329447746,0.032499998807907104,0.03500000014901161,0.03750000149011612,0.03999999910593033,0.03999999910593033,0.04500000178813934,0.05000000074505806,0.05999999865889549,0.07500000298023224,0.09749999642372131,0.15000000596046448,0.3199999928474426,0.48249998688697815,0.48500001430511475,0.49000000953674316,0.4724999964237213,0.3675000071525574,0.30000001192092896,0.2549999952316284,0.22499999403953552
1785945631146608185,-0.37711799144744873,0.371952623128891,0.6230306029319763,0.21212181448936462,-0.2962304651737213,0.08272990584373474,-0.18084417283535004,-0.08253923058509827,0.032499998807907104,0.032499998807907104,0.032499998807907104,0.03500000014901161,0.03500000014901161,0.03750000149011612,0.03999999910593033,0.042500000447034836,0.04500000178813934,0.05000000074505806,0.057500001043081284,0.07000000029802322,0.08749999850988388,0.11999999731779099,0.19249999523162842,0.48249998688697815,0.48249998688697815,0.48500001430511475,0.4925000071525574,0.4350000023841858,0.3400000035762787,0.2800000011920929,0.24250000715255737,0.21250000596046448
1785945631245524746,-0.37711799144744873,0.3598836064338684,0.6230159997940063,0.18873412907123566,-0.2939331829547882,0.09404802322387695,-0.18084806203842163,-0.08254753798246384,0.03500000014901161,0.03500000014901161,0.03500000014901161,0.03750000149011612,0.03999999910593033,0.03999999910593033,0.04500000178813934,0.04500000178813934,0.05000000074505806,0.054999999701976776,0.06499999761581421,0.07750000059604645,0.09749999642372131,0.13750000298023224,0.23000000417232513,0.48249998688697815,0.48249998688697815,0.48500001430511475,0.4950000047683716,0.4099999964237213,0.32499998807907104,0.27000001072883606,0.23250000178813934,0.20499999821186066
1785945631346514810,-0.37711799144744873,0.3598836064338684,0.6220247149467468,0.17864404618740082,-0.28029918670654297,0.10413575172424316,-0.18084882199764252,-0.08252613991498947,0.03500000014901161,0.03500000014901161,0.03500000014901161,0.03750000149011612,0.03999999910593033,0.03999999910593033,0.04500000178813934,0.04500000178813934,0.05000000074505806,0.054999999701976776,0.06499999761581421,0.07750000059604645,0.09749999642372131,0.13750000298023224,0.23000000417232513,0.48249998688697815,0.48249998688697815,0.48500001430511475,0.4950000047683716,0.4099999964237213,0.32499998807907104,0.27000001072883606,0.23250000178813934,0.20499999821186066
1785945631445605905,-0.37711799144744873,0.3302452266216278,0.6238949298858643,0.15635472536087036,-0.30658042430877686,0.07337909936904907,-0.24260418117046356,-0.0716635063290596,0.03750000149011612,0.03750000149011612,0.03999999910593033,0.03999999910593033,0.042500000447034836,0.04500000178813934,0.04500000178813934,0.05000000074505806,0.054999999701976776,0.0625,0.07249999791383743,0.09000000357627869,0.11749999970197678,0.17000000178813934,0.3174999952316284,0.47999998927116394,0.47999998927116394,0.48500001430511475,0.4749999940395355,0.3700000047683716,0.29750001430511475,0.2524999976158142,0.2199999988079071,0.19499999284744263
1785945631546865896,-0.37711799144744873,0.32619401812553406,0.625154435634613,0.149166077375412,-0.2924993634223938,0.07651901245117188,-0.2426062822341919,-0.07166660577058792,0.03999999910593033,0.03999999910593033,0.042500000447034836,0.042500000447034836,0.04500000178813934,0.04749999940395355,0.05000000074505806,0.05249999836087227,0.05999999865889549,0.06750000268220901,0.07999999821186066,0.09749999642372131,0.1274999976158142,0.1875,0.35749998688697815,0.47999998927116394,0.47999998927116394,0.48500001430511475,0.4675000011920929,0.36000001430511475,0.28999999165534973,0.24500000476837158,0.21250000596046448,0.1899999976158142
1785945631646926044,-0.37711799144744873,0.32619401812553406,0.627892255783081,0.12395729124546051,-0.2220683991909027,0.10172858834266663,-0.2426036298274994,-0.07165157794952393,0.03999999910593033,0.03999999910593033,0.042500000447034836,0.042500000447034836,0.04500000178813934,0.04749999940395355,0.05000000074505806,0.05249999836087227,0.05999999865889549,0.06750000268220901,0.07999999821186066,0.09749999642372131,0.1274999976158142,0.1875,0.35749998688697815,0.47999998927116394,0.47999998927116394,0.48500001430511475,0.4675000011920929,0.36000001430511475,0.28999999165534973,0.24500000476837158,0.21250000596046448,0.1899999976158142
1785945631748241205,-0.37711799144744873,0.3015952408313751,0.6317976117134094,0.10883057862520218,-0.21813765168190002,0.09225533902645111,-0.24259008467197418,-0.07166485488414764,0.042500000447034836,0.042500000447034836,0.04500000178813934,0.04749999940395355,0.05000000074505806,0.05000000074505806,0.05249999836087227,0.057500001043081284,0.06499999761581421,0.07500000298023224,0.09000000357627869,0.11249999701976776,0.15000000596046448,0.23000000417232513,0.47999998927116394,0.47999998927116394,0.48249998688697815,0.48750001192092896,0.4300000071525574,0.33000001311302185,0.27000001072883606,0.23000000417232513,0.20250000059604645,0.18250000476837158
1785945631847433999,-0.37711799144744873,0.28376251459121704,0.6334805488586426,0.09998954832553864,-0.2260349839925766,0.08326511085033417,-0.24259862303733826,-0.07166675478219986,0.04500000178813934,0.04500000178813934,0.04749999940395355,0.05000000074505806,0.05000000074505806,0.05249999836087227,0.057500001043081284,0.06499999761581421,0.07249999791383743,0.08250000327825546,0.10000000149011612,0.125,0.17000000178813934,0.2750000059604645,0.47749999165534973,0.47749999165534973,0.47999998927116394,0.48750001192092896,0.39750000834465027,0.3100000023841858,0.2549999952316284,0.2199999988079071,0.19499999284744263,0.17499999701976776
1785945631947510532,-0.37711799144744873,0.272463321685791,0.6404274106025696,0.07741213589906693,-0.17945118248462677,0.09454299509525299,-0.24260589480400085,-0.07165151089429855,0.04500000178813934,0.04749999940395355,0.04749999940395355,0.05000000074505806,0.05000000074505806,0.054999999701976776,0.057500001043081284,0.06499999761581421,0.07249999791383743,0.08500000089406967,0.10249999910593033,0.12999999523162842,0.18000000715255737,0.29750001430511475,0.47749999165534973,0.47749999165534973,0.47999998927116394,0.49000000953674316,0.3824999928474426,0.30250000953674316,0.25,0.2150000035762787,0.1899999976158142,0.17249999940395355
1785945632054223646,-0.37711799144744873,0.272463321685791,0.6426488757133484,0.06914926320314407,-0.15380041301250458,0.10280700027942657,-0.24260033667087555,-0.07165919989347458,0.04500000178813934,0.04749999940395355,0.04749999940395355,0.05000000074505806,0.05000000074505806,0.054999999701976776,0.057500001043081284,0.06499999761581421,0.07249999791383743,0.08500000089406967,0.10249999910593033,0.12999999523162842,0.18000000715255737,0.29750001430511475,0.47749999165534973,0.47749999165534973,0.47999998927116394,0.49000000953674316,0.3824999928474426,0.30250000953674316,0.25,0.2150000035762787,0.1899999976158142,0.17249999940395355
1785945632146293411,-0.37711799144744873,0.2427666187286377,0.6511816382408142,0.0476834699511528,-0.15445348620414734,0.09457346796989441,-0.24260395765304565,-0.07166602462530136,0.05000000074505806,0.05249999836087227,0.054999999701976776,0.054999999701976776,0.057500001043081284,0.0625,0.06750000268220901,0.07500000298023224,0.08500000089406967,0.10000000149011612,0.12250000238418579,0.1599999964237213,0.23000000417232513,0.47999998927116394,0.47749999165534973,0.47749999165534973,0.48249998688697815,0.4424999952316284,0.3375000059604645,0.27000001072883606,0.22750000655651093,0.19750000536441803,0.17749999463558197,0.1599999964237213
1785945632246317014,-0.37711799144744873,0.22523190081119537,0.6544343829154968,0.04043933376669884,-0.1776568442583084,0.08428370952606201,-0.2426058053970337,-0.07163845002651215,0.05249999836087227,0.054999999701976776,0.054999999701976776,0.057500001043081284,0.0625,0.06750000268220901,0.07249999791383743,0.08250000327825546,0.0925000011920929,0.10999999940395355,0.13500000536441803,0.18000000715255737,0.26750001311302185,0.4749999940395355,0.4749999940395355,0.4749999940395355,0.48249998688697815,0.41499999165534973,0.3149999976158142,0.2549999952316284,0.2175000011920929,0.1899999976158142,0.17000000178813934,0.1550000011920929
1785945632347997338,-0.37711799144744873,0.22523190081119537,0.6648699045181274,0.016331512480974197,-0.1036604791879654,0.10838916897773743,-0.24260295927524567,-0.07164712250232697,0.05249999836087227,0.054999999701976776,0.054999999701976776,0.057500001043081284,0.0625,0.06750000268220901,0.07249999791383743,0.08250000327825546,0.0925000011920929,0.10999999940395355,0.13500000536441803,0.18000000715255737,0.26750001311302185,0.4749999940395355,0.4749999940395355,0.4749999940395355,0.48249998688697815,0.41499999165534973,0.3149999976158142,0.2549999952316284,0.2175000011920929,0.1899999976158142,0.17000000178813934,0.1550000011920929
1785945632446493567,-0.37711799144744873,0.207322895526886,0.6725771427154541,0.0018484190804883838,-0.11379266530275345,0.10496564209461212,-0.24259845912456512,-0.07165396213531494,0.057500001043081284,0.057500001043081284,0.057500001043081284,0.0625,0.06499999761581421,0.07000000029802322,0.07750000059604645,0.08749999850988388,0.10000000149011612,0.11999999731779099,0.15000000596046448,0.20000000298023224,0.3125,0.4749999940395355,0.4749999940395355,0.47749999165534973,0.48249998688697815,0.3824999928474426,0.29499998688697815,0.24250000715255737,0.20499999821186066,0.18000000715255737,0.16249999403953552,0.15000000596046448
1785945632547251304,-0.37711799144744873,0.17943315207958221,0.6764751076698303,-0.005522619467228651,-0.17237956821918488,0.08444741368293762,-0.2425994873046875,-0.0716685950756073,0.0625,0.0625,0.06499999761581421,0.06750000268220901,0.07249999791383743,0.07999999821186066,0.08749999850988388,0.10000000149011612,0.11749999970197678,0.14000000059604645,0.17749999463558197,0.2475000023841858,0.4325000047683716,0.4749999940395355,0.4749999940395355,0.47749999165534973,0.44999998807907104,0.33250001072883606,0.26249998807907104,0.2199999988079071,0.1875,0.16750000417232513,0.15000000596046448,0.14000000059604645
1785945632648661380,-0.37711799144744873,0.16187335550785065,0.6691628694534302,-0.028087100014090538,-0.16965071856975555,0.08888986706733704,-0.24259570240974426,-0.07163689285516739,0.0625,0.0625,0.06499999761581421,0.07000000029802322,0.07500000298023224,0.08250000327825546,0.09000000357627869,0.10249999910593033,0.11999999731779099,0.14499999582767487,0.1875,0.26750001311302185,0.47749999165534973,0.4749999940395355,0.4749999940395355,0.47999998927116394,0.4300000071525574,0.3174999952316284,0.2524999976158142,0.21250000596046448,0.1850000023841858,0.16249999403953552,0.14749999344348907,0.13750000298023224
1785945632747127944,-0.37711799144744873,0.16187335550785065,0.66468745470047,-0.03572199121117592,-0.154328852891922,0.09652192145586014,-0.24260717630386353,-0.07165225595235825,0.0625,0.0625,0.06499999761581421,0.07000000029802322,0.07500000298023224,0.08250000327825546,0.09000000357627869,0.10249999910593033,0.11999999731779099,0.14499999582767487,0.1875,0.26750001311302185,0.47749999165534973,0.4749999940395355,0.4749999940395355,0.47999998927116394,0.4300000071525574,0.3174999952316284,0.2524999976158142,0.21250000596046448,0.1850000023841858,0.16249999403953552,0.14749999344348907,0.13750000298023224
1785945632846783632,-0.37711799144744873,0.13318176567554474,0.6526559591293335,-0.05858732759952545,-0.18728186190128326,0.09069467335939407,-0.24259184300899506,-0.07164666056632996,0.06499999761581421,0.07000000029802322,0.07249999791383743,0.07750000059604645,0.08250000327825546,0.0925000011920929,0.10249999910593033,0.11749999970197678,0.13750000298023224,0.17000000178813934,0.22750000655651093,0.3400000035762787,0.4724999964237213,0.4724999964237213,0.4724999964237213,0.47999998927116394,0.3675000071525574,0.2800000011920929,0.22750000655651093,0.19249999523162842,0.16750000417232513,0.15000000596046448,0.13750000298023224,0.1274999976158142
1785945632946173743,-0.37711799144744873,0.11498600244522095,0.6490446925163269,-0.06604533642530441,-0.21851681172847748,0.07995864748954773,-0.24260766804218292,-0.07166647911071777,0.07000000029802322,0.07249999791383743,0.07750000059604645,0.08250000327825546,0.08749999850988388,0.09749999642372131,0.10999999940395355,0.125,0.15000000596046448,0.1875,0.2524999976158142,0.39250001311302185,0.4724999964237213,0.4724999964237213,0.4749999940395355,0.46000000834465027,0.3375000059604645,0.25999999046325684,0.21250000596046448,0.18250000476837158,0.1599999964237213,0.14499999582767487,0.13249999284744263,0.12250000238418579
1785945633046433481,-0.37711799144744873,0.11498600244522095,0.6397202610969543,-0.08749306946992874,-0.20409943163394928,0.10140500962734222,-0.24259531497955322,-0.07166433334350586,0.07000000029802322,0.07249999791383743,0.07750000059604645,0.08250000327825546,0.08749999850988388,0.09749999642372131,0.10999999940395355,0.125,0.15000000596046448,0.1875,0.2524999976158142,0.39250001311302185,0.4724999964237213,0.4724999964237213,0.4749999940395355,0.46000000834465027,0.3375000059604645,0.25999999046325684,0.21250000596046448,0.18250000476837158,0.1599999964237213,0.14499999582767487,0.13249999284744263,0.12250000238418579
1785945633148231217,-0.37711799144744873,0.08756469935178757,0.636946439743042,-0.09447074681520462,-0.24919281899929047,0.08096152544021606,-0.24259965121746063,-0.07166296243667603,0.07500000298023224,0.07999999821186066,0.08500000089406967,0.09000000357627869,0.09749999642372131,0.10750000178813934,0.12250000238418579,0.14249999821186066,0.17249999940395355,0.2199999988079071,0.3050000071525574,0.4749999940395355,0.4724999964237213,0.4724999964237213,0.4749999940395355,0.4050000011920929,0.29249998927116394,0.23250000178813934,0.19249999523162842,0.16500000655651093,0.14749999344348907,0.13249999284744263,0.12250000238418579,0.11500000208616257
1785945633248286757,-0.37711799144744873,0.07217371463775635,0.6289981603622437,-0.11500277370214462,-0.2669677436351776,0.08610454946756363,-0.24260316789150238,-0.07165937125682831,0.07750000059604645,0.07999999821186066,0.08500000089406967,0.0925000011920929,0.10000000149011612,0.10999999940395355,0.125,0.14749999344348907,0.17749999463558197,0.23000000417232513,0.32749998569488525,0.4749999940395355,0.4724999964237213,0.4724999964237213,0.47749999165534973,0.3799999952316284,0.2800000011920929,0.22499999403953552,0.1875,0.16249999403953552,0.14499999582767487,0.12999999523162842,0.11999999731779099,0.11249999701976776
1785945633347272824,-0.37580400705337524,0.07217371463775635,0.6264858245849609,-0.12282733619213104,-0.24958838522434235,0.0638815313577652,-0.2669849693775177,-0.0587153285741806,0.07750000059604645,0.07999999821186066,0.08500000089406967,0.0925000011920929,0.10000000149011612,0.10999999940395355,0.125,0.14749999344348907,0.17749999463558197,0.23000000417232513,0.32749998569488525,0.4749999940395355,0.4724999964237213,0.4724999964237213,0.47749999165534973,0.3799999952316284,0.2800000011920929,0.22499999403953552,0.1875,0.16249999403953552,0.14499999582767487,0.12999999523162842,0.11999999731779099,0.11249999701976776
1785945633446235723,-0.37711799144744873,0.058775801211595535,0.619917631149292,-0.14545412361621857,-0.20616811513900757,0.07310845702886581,-0.2669786512851715,-0.05872463807463646,0.07999999821186066,0.08250000327825546,0.09000000357627869,0.0949999988079071,0.10499999672174454,0.11749999970197678,0.13249999284744263,0.1574999988079071,0.1899999976158142,0.25,0.36250001192092896,0.4749999940395355,0.4724999964237213,0.4724999964237213,0.47749999165534973,0.35249999165534973,0.26249998807907104,0.21250000596046448,0.17749999463558197,0.1550000011920929,0.13750000298023224,0.125,0.11749999970197678,0.10999999940395355
1785945633546312800,-0.37711799144744873,0.029615085572004318,0.6164787411689758,-0.1614609956741333,-0.19414544105529785,0.05995524674654007,-0.2669816017150879,-0.058708008378744125,0.08749999850988388,0.09000000357627869,0.09749999642372131,0.10499999672174454,0.11500000208616257,0.12999999523162842,0.15000000596046448,0.17749999463558197,0.2199999988079071,0.29499998688697815,0.47749999165534973,0.4724999964237213,0.4724999964237213,0.4749999940395355,0.4300000071525574,0.30000001192092896,0.23000000417232513,0.1875,0.1599999964237213,0.14000000059604645,0.1274999976158142,0.11500000208616257,0.10750000178813934,0.10000000149011612
1785945633650427085,-0.37711799144744873,0.029615085572004318,0.6146246194839478,-0.16957174241542816,-0.17163711786270142,0.06806592643260956,-0.2669755816459656,-0.058720242232084274,0.08749999850988388,0.09000000357627869,0.09749999642372131,0.10499999672174454,0.11500000208616257,0.12999999523162842,0.15000000596046448,0.17749999463558197,0.2199999988079071,0.29499998688697815,0.47749999165534973,0.4724999964237213,0.4724999964237213,0.4749999940395355,0.4300000071525574,0.30000001192092896,0.23000000417232513,0.1875,0.1599999964237213,0.14000000059604645,0.1274999976158142,0.11500000208616257,0.10750000178813934,0.10000000149011612
1785945633750781993,-0.37711799144744873,0.0023338187020272017,0.6109982132911682,-0.19099247455596924,-0.14211034774780273,0.06220390647649765,-0.26697272062301636,-0.05871250480413437,0.09000000357627869,0.0949999988079071,0.10249999910593033,0.11249999701976776,0.12250000238418579,0.14000000059604645,0.16249999403953552,0.19499999284744263,0.2475000023841858,0.3400000035762787,0.4749999940395355,0.4724999964237213,0.4724999964237213,0.4749999940395355,0.3700000047683716,0.26750001311302185,0.20999999344348907,0.17499999701976776,0.15000000596046448,0.13249999284744263,0.11999999731779099,0.10999999940395355,0.10249999910593033,0.09749999642372131
1785945633848722974,-0.37711799144744873,-0.009275400079786777,0.6099851131439209,-0.1981228142976761,-0.138100728392601,0.057724885642528534,-0.26697999238967896,-0.05871718004345894,0.0949999988079071,0.10000000149011612,0.10750000178813934,0.11749999970197678,0.12999999523162842,0.14749999344348907,0.17000000178813934,0.20749999582767487,0.26499998569488525,0.3700000047683716,0.4749999940395355,0.4724999964237213,0.4724999964237213,0.47749999165534973,0.3425000011920929,0.25,0.19750000536441803,0.16500000655651093,0.14249999821186066,0.1274999976158142,0.11500000208616257,0.10499999672174454,0.09749999642372131,0.0925000011920929
1785945633946976475,-0.37711799144744873,-0.009275400079786777,0.6083729267120361,-0.2195947915315628,-0.07608214020729065,0.07919952273368835,-0.2669737935066223,-0.05872644856572151,0.0949999988079071,0.10000000149011612,0.10750000178813934,0.11749999970197678,0.12999999523162842,0.14749999344348907,0.17000000178813934,0.20749999582767487,0.26499998569488525,0.3700000047683716,0.4749999940395355,0.4724999964237213,0.4724999964237213,0.47749999165534973,0.3425000011920929,0.25,0.19750000536441803,0.16500000655651093,0.14249999821186066,0.1274999976158142,0.11500000208616257,0.10499999672174454,0.09749999642372131,0.0925000011920929
1785945634048653920,-0.37711799144744873,-0.03812957555055618,0.6082004308700562,-0.22699321806430817,-0.09620550274848938,0.05774229019880295,-0.26697424054145813,-0.05870760977268219,0.10249999910593033,0.10750000178813934,0.11749999970197678,0.1274999976158142,0.14249999821186066,0.16249999403953552,0.19249999523162842,0.23499999940395355,0.3075000047683716,0.47999998927116394,0.4724999964237213,0.4724999964237213,0.4724999964237213,0.42750000953674316,0.2874999940395355,0.2150000035762787,0.17499999701976776,0.14749999344348907,0.1274999976158142,0.11500000208616257,0.10499999672174454,0.09749999642372131,0.09000000357627869,0.08500000089406967
1785945634146850396,-0.37711799144744873,-0.052583906799554825,0.6065923571586609,-0.2502760887145996,-0.04717138409614563,0.0665709376335144,-0.266977995634079,-0.058737706393003464,0.10249999910593033,0.10999999940395355,0.11749999970197678,0.12999999523162842,0.14499999582767487,0.16750000417232513,0.19750000536441803,0.24500000476837158,0.32499998807907104,0.47749999165534973,0.4724999964237213,0.4724999964237213,0.4724999964237213,0.4000000059604645,0.27250000834465027,0.20749999582767487,0.17000000178813934,0.14499999582767487,0.125,0.11249999701976776,0.10249999910593033,0.0949999988079071,0.09000000357627869,0.08500000089406967
1785945634248863050,-0.37711799144744873,-0.052583906799554825,0.6070061326026917,-0.2577320635318756,-0.020891809836030006,0.07402752339839935,-0.2669740915298462,-0.058713387697935104,0.10249999910593033,0.10999999940395355,0.11749999970197678,0.12999999523162842,0.14499999582767487,0.16750000417232513,0.19750000536441803,0.24500000476837158,0.32499998807907104,0.47749999165534973,0.4724999964237213,0.4724999964237213,0.4724999964237213,0.4000000059604645,0.27250000834465027,0.20749999582767487,0.17000000178813934,0.14499999582767487,0.125,0.11249999701976776,0.10249999910593033,0.0949999988079071,0.09000000357627869,0.08500000089406967
1785945634346489749,-0.37711799144744873,-0.06546769291162491,0.6078726053237915,-0.279983788728714,0.0296965129673481,0.08339575678110123,-0.2669875919818878,-0.058730799704790115,0.10750000178813934,0.11500000208616257,0.12250000238418579,0.13500000536441803,0.1525000035762787,0.17499999701976776,0.20749999582767487,0.25999999046325684,0.3499999940395355,0.47749999165534973,0.4724999964237213,0.4724999964237213,0.4749999940395355,0.36250001192092896,0.2524999976158142,0.19499999284744263,0.1599999964237213,0.13750000298023224,0.11999999731779099,0.10750000178813934,0.09749999642372131,0.0925000011920929,0.08500000089406967,0.08250000327825546
1785945634447927122,-0.37711799144744873,-0.10027576982975006,0.6090755462646484,-0.29505184292793274,-0.05211110785603523,0.06239600479602814,-0.2669740915298462,-0.05870852991938591,0.11500000208616257,0.12250000238418579,0.13500000536441803,0.15000000596046448,0.17000000178813934,0.19750000536441803,0.23749999701976776,0.3050000071525574,0.4399999976158142,0.4749999940395355,0.4724999964237213,0.4724999964237213,0.44749999046325684,0.28999999165534973,0.20999999344348907,0.16750000417232513,0.14000000059604645,0.11999999731779099,0.10750000178813934,0.09749999642372131,0.09000000357627869,0.08250000327825546,0.07999999821186066,0.07500000298023224
1785945634548441779,-0.37711799144744873,-0.10027576982975006,0.6016666889190674,-0.3016309440135956,-0.055478233844041824,0.06897667050361633,-0.2669747471809387,-0.058722395449876785,0.11500000208616257,0.12250000238418579,0.13500000536441803,0.15000000596046448,0.17000000178813934,0.19750000536441803,0.23749999701976776,0.3050000071525574,0.4399999976158142,0.4749999940395355,0.4724999964237213,0.4724999964237213,0.44749999046325684,0.28999999165534973,0.20999999344348907,0.16750000417232513,0.14000000059604645,0.11999999731779099,0.10750000178813934,0.09749999642372131,0.09000000357627869,0.08250000327825546,0.07999999821186066,0.07500000298023224
1785945634646173249,-0.37711799144744873,-0.1137872114777565,0.5793260335922241,-0.32279106974601746,0.09390205144882202,0.0766252800822258,-0.26697972416877747,-0.05871530994772911,0.11999999731779099,0.1274999976158142,0.14000000059604645,0.1550000011920929,0.17749999463558197,0.20749999582767487,0.2524999976158142,0.32749998569488525,0.48249998688697815,0.4749999940395355,0.4724999964237213,0.4724999964237213,0.4099999964237213,0.26249998807907104,0.19499999284744263,0.1574999988079071,0.13249999284744263,0.11500000208616257,0.10249999910593033,0.0925000011920929,0.08500000089406967,0.07999999821186066,0.07500000298023224,0.07249999791383743
1785945634747691393,-0.37711799144744873,-0.15772172808647156,0.5720565319061279,-0.3301418423652649,-0.12548890709877014,0.04004088044166565,-0.2669713497161865,-0.058709003031253815,0.12999999523162842,0.14000000059604645,0.1550000011920929,0.17499999701976776,0.20000000298023224,0.23999999463558197,0.29750001430511475,0.4025000035762787,0.47999998927116394,0.4749999940395355,0.4749999940395355,0.47749999165534973,0.29750001430511475,0.20749999582767487,0.1599999964237213,0.13249999284744263,0.11249999701976776,0.10000000149011612,0.09000000357627869,0.08250000327825546,0.07500000298023224,0.07249999791383743,0.06750000268220901,0.06499999761581421
1785945634849053180,-0.3705480098724365,-0.1746995896100998,0.5501885414123535,-0.3521892726421356,-0.14570686221122742,0.04511258006095886,-0.26697906851768494,-0.05871813744306564,0.13500000536441803,0.14749999344348907,0.16249999403953552,0.18250000476837158,0.21250000596046448,0.2549999952316284,0.3199999928474426,0.4625000059604645,0.47749999165534973,0.4749999940395355,0.4749999940395355,0.42750000953674316,0.26499998569488525,0.1899999976158142,0.14749999344348907,0.12250000238418579,0.10499999672174454,0.0925000011920929,0.08500000089406967,0.07750000059604645,0.07249999791383743,0.06750000268220901,0.06499999761581421,0.0625
1785945634948497565,-0.3278430104255676,-0.1746995896100998,0.5431169271469116,-0.35944709181785583,-0.15296603739261627,0.05236847698688507,-0.26697543263435364,-0.05871878191828728,0.13500000536441803,0.14749999344348907,0.16249999403953552,0.18250000476837158,0.21250000596046448,0.2549999952316284,0.3199999928474426,0.4625000059604645,0.47749999165534973,0.4749999940395355,0.4749999940395355,0.42750000953674316,0.26499998569488525,0.1899999976158142,0.14749999344348907,0.12250000238418579,0.10499999672174454,0.0925000011920929,0.08500000089406967,0.07750000059604645,0.07249999791383743,0.06750000268220901,0.06499999761581421,0.0625
1785945635046899103,-0.2792249917984009,-0.21663475036621094,0.5234431028366089,-0.3817176818847656,-0.19667157530784607,0.03270252048969269,-0.26697129011154175,-0.05871390551328659,0.15000000596046448,0.16500000655651093,0.18250000476837158,0.20999999344348907,0.24500000476837158,0.30250000953674316,0.39250001311302185,0.48249998688697815,0.4749999940395355,0.4749999940395355,0.4749999940395355,0.29499998688697815,0.19499999284744263,0.14499999582767487,0.11749999970197678,0.10000000149011612,0.08749999850988388,0.07750000059604645,0.07000000029802322,0.06499999761581421,0.05999999865889549,0.057500001043081284,0.054999999701976776,0.05249999836087227
1785945635150986315,-0.24309000372886658,-0.23466840386390686,0.5172707438468933,-0.38895919919013977,-0.21512088179588318,0.02191343903541565,-0.2669730484485626,-0.058713141828775406,0.1550000011920929,0.17249999940395355,0.19249999523162842,0.2199999988079071,0.25999999046325684,0.32249999046325684,0.4375,0.48249998688697815,0.47749999165534973,0.47749999165534973,0.45750001072883606,0.2549999952316284,0.17249999940395355,0.13249999284744263,0.10750000178813934,0.0925000011920929,0.07999999821186066,0.07249999791383743,0.06499999761581421,0.05999999865889549,0.057500001043081284,0.054999999701976776,0.05249999836087227,0.05000000074505806
1785945635245736768,-0.20301300287246704,-0.23466840386390686,0.49923503398895264,-0.40772727131843567,-0.2323729246854782,0.04067978262901306,-0.2669731676578522,-0.05872289463877678,0.1550000011920929,0.17249999940395355,0.19249999523162842,0.2199999988079071,0.25999999046325684,0.32249999046325684,0.4375,0.48249998688697815,0.47749999165534973,0.47749999165534973,0.45750001072883606,0.2549999952316284,0.17249999940395355,0.13249999284744263,0.10750000178813934,0.0925000011920929,0.07999999821186066,0.07249999791383743,0.06499999761581421,0.05999999865889549,0.057500001043081284,0.054999999701976776,0.05249999836087227,0.05000000074505806
1785945635348344224,-0.15570899844169617,-0.27603593468666077,0.4934285283088684,-0.4131805896759033,-0.24402639269828796,-0.028548642992973328,-0.29670053720474243,-0.04405226930975914,0.17000000178813934,0.1875,0.21250000596046448,0.2475000023841858,0.29750001430511475,0.3799999952316284,0.48750001192092896,0.47999998927116394,0.47749999165534973,0.47749999165534973,0.3075000047683716,0.1875,0.13500000536441803,0.10750000178813934,0.09000000357627869,0.07750000059604645,0.06750000268220901,0.0625,0.057500001043081284,0.05249999836087227,0.05000000074505806,0.04749999940395355,0.04749999940395355,0.04500000178813934
1785945635445526238,-0.11563199758529663,-0.2958320379257202,0.47619497776031494,-0.429321825504303,-0.20806007087230682,-0.032208144664764404,-0.2966940999031067,-0.04406096041202545,0.17749999463558197,0.19750000536441803,0.22499999403953552,0.26249998807907104,0.3199999928474426,0.4124999940395355,0.48750001192092896,0.47999998927116394,0.47749999165534973,0.47749999165534973,0.2524999976158142,0.16249999403953552,0.11999999731779099,0.09749999642372131,0.08250000327825546,0.07000000029802322,0.0625,0.057500001043081284,0.05249999836087227,0.05000000074505806,0.04749999940395355,0.04500000178813934,0.042500000447034836,0.042500000447034836
1785945635545614034,-0.07424099743366241,-0.2958320379257202,0.4663492739200592,-0.43621826171875,-0.17420388758182526,-0.025311648845672607,-0.2966983914375305,-0.044062282890081406,0.17749999463558197,0.19750000536441803,0.22499999403953552,0.26249998807907104,0.3199999928474426,0.4124999940395355,0.48750001192092896,0.47999998927116394,0.47749999165534973,0.47749999165534973,0.2524999976158142,0.16249999403953552,0.11999999731779099,0.09749999642372131,0.08250000327825546,0.07000000029802322,0.0625,0.057500001043081284,0.05249999836087227,0.05000000074505806,0.04749999940395355,0.04500000178813934,0.042500000447034836,0.042500000447034836
1785945635646941676,-0.028250999748706818,-0.34065476059913635,0.461914598941803,-0.4387705326080322,-0.2373678833246231,-0.06758156418800354,-0.29669442772865295,-0.04405594244599342,0.19499999284744263,0.2175000011920929,0.25,0.30000001192092896,0.3725000023841858,0.4950000047683716,0.48500001430511475,0.47999998927116394,0.47999998927116394,0.3125,0.17499999701976776,0.12250000238418579,0.0949999988079071,0.07750000059604645,0.06750000268220901,0.057500001043081284,0.05249999836087227,0.04749999940395355,0.04500000178813934,0.042500000447034836,0.03999999910593033,0.03750000149011612,0.03750000149011612,0.03750000149011612
1785945635745721210,0.010511999949812889,-0.36394309997558594,0.4504651129245758,-0.443671852350235,-0.25258809328079224,-0.0859670639038086,-0.2966943383216858,-0.04406072199344635,0.20250000059604645,0.23000000417232513,0.26750001311302185,0.3199999928474426,0.4074999988079071,0.4950000047683716,0.48500001430511475,0.48249998688697815,0.48249998688697815,0.23999999463558197,0.14499999582767487,0.10499999672174454,0.08250000327825546,0.07000000029802322,0.05999999865889549,0.05249999836087227,0.04749999940395355,0.04500000178813934,0.03999999910593033,0.03999999910593033,0.03750000149011612,0.03500000014901161,0.03500000014901161,0.032499998807907104
1785945635847249465,0.052560001611709595,-0.36394309997558594,0.4470267593860626,-0.4444754421710968,-0.24162936210632324,-0.08516490459442139,-0.296700656414032,-0.04406216740608215,0.20250000059604645,0.23000000417232513,0.26750001311302185,0.3199999928474426,0.4074999988079071,0.4950000047683716,0.48500001430511475,0.48249998688697815,0.48249998688697815,0.23999999463558197,0.14499999582767487,0.10499999672174454,0.08250000327825546,0.07000000029802322,0.05999999865889549,0.05249999836087227,0.04749999940395355,0.04500000178813934,0.03999999910593033,0.03999999910593033,0.03750000149011612,0.03500000014901161,0.03500000014901161,0.032499998807907104
1785945635945732222,0.10117799788713455,-0.37029513716697693,0.43869948387145996,-0.442800909280777,-0.23923233151435852,-0.09319186210632324,-0.2967039942741394,-0.044059474021196365,0.20999999344348907,0.23749999701976776,0.2750000059604645,0.33250001072883606,0.4325000047683716,0.4925000071525574,0.48500001430511475,0.48249998688697815,0.48249998688697815,0.21250000596046448,0.12999999523162842,0.0949999988079071,0.07500000298023224,0.0625,0.054999999701976776,0.04749999940395355,0.04500000178813934,0.03999999910593033,0.03750000149011612,0.03500000014901161,0.03500000014901161,0.032499998807907104,0.029999999329447746,0.029999999329447746
1785945636050930988,0.1445399969816208,-0.40311336517333984,0.4366415739059448,-0.44125810265541077,-0.32761523127555847,-0.12755289673805237,-0.29670536518096924,-0.04405748471617699,0.2224999964237213,0.2524999976158142,0.29750001430511475,0.3675000071525574,0.5,0.49000000953674316,0.48249998688697815,0.48249998688697815,0.32749998569488525,0.1599999964237213,0.10499999672174454,0.07999999821186066,0.06499999761581421,0.054999999701976776,0.04749999940395355,0.042500000447034836,0.03999999910593033,0.03500000014901161,0.03500000014901161,0.032499998807907104,0.029999999329447746,0.029999999329447746,0.027499999850988388,0.027499999850988388
1785945636145348951,0.18724499642848969,-0.4168638586997986,0.43300923705101013,-0.4338630437850952,-0.3719835579395294,-0.1486983597278595,-0.296701043844223,-0.044067494571208954,0.23000000417232513,0.26499998569488525,0.3125,0.38749998807907104,0.5024999976158142,0.49000000953674316,0.48500001430511475,0.48500001430511475,0.2574999928474426,0.13500000536441803,0.0925000011920929,0.07000000029802322,0.057500001043081284,0.05000000074505806,0.042500000447034836,0.03750000149011612,0.03500000014901161,0.032499998807907104,0.029999999329447746,0.029999999329447746,0.02500000037252903,0.02500000037252903,0.02500000037252903,0.02500000037252903
1785945636246084127,0.22272300720214844,-0.4168638586997986,0.43246224522590637,-0.42643874883651733,-0.3861677050590515,-0.15612289309501648,-0.2967001497745514,-0.044062595814466476,0.23000000417232513,0.26499998569488525,0.3125,0.38749998807907104,0.5024999976158142,0.49000000953674316,0.48500001430511475,0.48500001430511475,0.2574999928474426,0.13500000536441803,0.0925000011920929,0.07000000029802322,0.057500001043081284,0.05000000074505806,0.042500000447034836,0.03750000149011612,0.03500000014901161,0.032499998807907104,0.029999999329447746,0.029999999329447746,0.02500000037252903,0.02500000037252903,0.02500000037252903,0.02500000037252903
1785945636345767271,0.27856799960136414,-0.4354713261127472,0.43257901072502136,-0.4221342206001282,-0.4475085139274597,-0.17903456091880798,-0.2966983914375305,-0.044067516922950745,0.23999999463558197,0.2775000035762787,0.33250001072883606,0.41499999165534973,0.5,0.49000000953674316,0.48500001430511475,0.48500001430511475,0.19499999284744263,0.10999999940395355,0.07750000059604645,0.05999999865889549,0.05000000074505806,0.042500000447034836,0.03750000149011612,0.03500000014901161,0.032499998807907104,0.029999999329447746,0.027499999850988388,0.02250000089406967,0.02250000089406967,0.02250000089406967,0.02250000089406967,0.02250000089406967
1785945636445270762,0.3193019926548004,-0.4361586570739746,0.43561479449272156,-0.4070877432823181,-0.4856836199760437,-0.19476842880249023,-0.29670533537864685,-0.0440656952559948,0.23999999463558197,0.2775000035762787,0.33250001072883606,0.41499999165534973,0.5,0.49000000953674316,0.48500001430511475,0.48500001430511475,0.19249999523162842,0.10999999940395355,0.07750000059604645,0.05999999865889549,0.05000000074505806,0.042500000447034836,0.03750000149011612,0.03500000014901161,0.032499998807907104,0.029999999329447746,0.027499999850988388,0.02250000089406967,0.02250000089406967,0.02250000089406967,0.02250000089406967,0.02250000089406967
1785945636547228599,0.36594900488853455,-0.4361586570739746,0.43077370524406433,-0.4013131856918335,-0.5014451146125793,-0.2008393108844757,-0.2967016100883484,-0.04405907914042473,0.23999999463558197,0.2775000035762787,0.33250001072883606,0.41499999165534973,0.5,0.49000000953674316,0.48500001430511475,0.48500001430511475,0.19249999523162842,0.10999999940395355,0.07750000059604645,0.05999999865889549,0.05000000074505806,0.042500000447034836,0.03750000149011612,0.03500000014901161,0.032499998807907104,0.029999999329447746,0.027499999850988388,0.02250000089406967,0.02250000089406967,0.02250000089406967,0.02250000089406967,0.02250000089406967
1785945636648238279,0.37711799144744873,-0.439973384141922,0.40834546089172363,-0.38759738206863403,-0.549382746219635,-0.21837127208709717,-0.2967003583908081,-0.04404429346323013,0.24250000715255737,0.2800000011920929,0.33500000834465027,0.41999998688697815,0.4975000023841858,0.49000000953674316,0.48500001430511475,0.48500001430511475,0.1875,0.10750000178813934,0.07750000059604645,0.05999999865889549,0.05000000074505806,0.042500000447034836,0.03750000149011612,0.03500000014901161,0.029999999329447746,0.029999999329447746,0.027499999850988388,0.02250000089406967,0.02250000089406967,0.02250000089406967,0.02250000089406967,0.02250000089406967
1785945636749777127,0.37711799144744873,-0.439973384141922,0.380132257938385,-0.36499401926994324,-0.6117411255836487,-0.2409728467464447,-0.29670029878616333,-0.044061847031116486,0.24250000715255737,0.2800000011920929,0.33500000834465027,0.41999998688697815,0.4975000023841858,0.49000000953674316,0.48500001430511475,0.48500001430511475,0.1875,0.10750000178813934,0.07750000059604645,0.05999999865889549,0.05000000074505806,0.042500000447034836,0.03750000149011612,0.03500000014901161,0.029999999329447746,0.029999999329447746,0.027499999850988388,0.02250000089406967,0.02250000089406967,0.02250000089406967,0.02250000089406967,0.02250000089406967
1785945636853673486,0.37711799144744873,-0.4316278100013733,0.3707358241081238,-0.3572506606578827,-0.6110706925392151,-0.24037034809589386,-0.29668986797332764,-0.044066186994314194,0.23999999463558197,0.2750000059604645,0.32749998569488525,0.4099999964237213,0.5,0.49000000953674316,0.48500001430511475,0.48500001430511475,0.20000000298023224,0.11249999701976776,0.07750000059604645,0.05999999865889549,0.05000000074505806,0.042500000447034836,0.03750000149011612,0.03500000014901161,0.032499998807907104,0.029999999329447746,0.027499999850988388,0.02250000089406967,0.02250000089406967,0.02250000089406967,0.02250000089406967,0.02250000089406967
1785945636945917239,0.37711799144744873,-0.4316278100013733,0.34538599848747253,-0.3334893584251404,-0.6781926155090332,-0.26413023471832275,-0.2967010736465454,-0.04404623061418533,0.23999999463558197,0.2750000059604645,0.32749998569488525,0.4099999964237213,0.5,0.49000000953674316,0.48500001430511475,0.48500001430511475,0.20000000298023224,0.11249999701976776,0.07750000059604645,0.05999999865889549,0.05000000074505806,0.042500000447034836,0.03750000149011612,0.03500000014901161,0.032499998807907104,0.029999999329447746,0.027499999850988388,0.02250000089406967,0.02250000089406967,0.02250000089406967,0.02250000089406967,0.02250000089406967
1785945637046372471,0.37711799144744873,-0.4142634868621826,0.33780041337013245,-0.3257407546043396,-0.6557601690292358,-0.2545173168182373,-0.29669681191444397,-0.044056251645088196,0.23000000417232513,0.26249998807907104,0.3100000023841858,0.38499999046325684,0.5024999976158142,0.4925000071525574,0.48500001430511475,0.48500001430511475,0.26249998807907104,0.13500000536441803,0.0925000011920929,0.07000000029802322,0.057500001043081284,0.05000000074505806,0.042500000447034836,0.03750000149011612,0.03500000014901161,0.032499998807907104,0.029999999329447746,0.029999999329447746,0.02500000037252903,0.02500000037252903,0.02500000037252903,0.02500000037252903
1785945637151554244,0.37711799144744873,-0.40582868456840515,0.31657323241233826,-0.3049248456954956,-0.6931734681129456,-0.2668965458869934,-0.2966923117637634,-0.04405292868614197,0.22750000655651093,0.25999999046325684,0.3050000071525574,0.3774999976158142,0.5024999976158142,0.4925000071525574,0.48500001430511475,0.48500001430511475,0.2874999940395355,0.14249999821186066,0.0949999988079071,0.07249999791383743,0.057500001043081284,0.05000000074505806,0.042500000447034836,0.03999999910593033,0.03500000014901161,0.032499998807907104,0.029999999329447746,0.029999999329447746,0.02500000037252903,0.02500000037252903,0.02500000037252903,0.02500000037252903
1785945637246712581,0.37711799144744873,-0.40582868456840515,0.310701459646225,-0.2974662482738495,-0.7149335741996765,-0.2743564546108246,-0.2966938316822052,-0.04405131936073303,0.22750000655651093,0.25999999046325684,0.3050000071525574,0.3774999976158142,0.5024999976158142,0.4925000071525574,0.48500001430511475,0.48500001430511475,0.2874999940395355,0.14249999821186066,0.0949999988079071,0.07249999791383743,0.057500001043081284,0.05000000074505806,0.042500000447034836,0.03999999910593033,0.03500000014901161,0.032499998807907104,0.029999999329447746,0.029999999329447746,0.02500000037252903,0.02500000037252903,0.02500000037252903,0.02500000037252903
1785945637348119105,0.37711799144744873,-0.3729074001312256,0.2995232939720154,-0.28315287828445435,-0.6762129664421082,-0.25574758648872375,-0.2966984808444977,-0.044067200273275375,0.20999999344348907,0.23749999701976776,0.2775000035762787,0.33500000834465027,0.4350000023841858,0.4925000071525574,0.48500001430511475,0.48249998688697815,0.4625000059604645,0.20749999582767487,0.12999999523162842,0.0949999988079071,0.07500000298023224,0.0625,0.054999999701976776,0.04749999940395355,0.04500000178813934,0.03999999910593033,0.03750000149011612,0.03500000014901161,0.03500000014901161,0.032499998807907104,0.029999999329447746,0.029999999329447746
1785945637448286520,0.37711799144744873,-0.3729074001312256,0.2870028018951416,-0.259343683719635,-0.746855616569519,-0.27955716848373413,-0.29669466614723206,-0.04406855255365372,0.20999999344348907,0.23749999701976776,0.2775000035762787,0.33500000834465027,0.4350000023841858,0.4925000071525574,0.48500001430511475,0.48249998688697815,0.4625000059604645,0.20749999582767487,0.12999999523162842,0.0949999988079071,0.07500000298023224,0.0625,0.054999999701976776,0.04749999940395355,0.04500000178813934,0.03999999910593033,0.03750000149011612,0.03500000014901161,0.03500000014901161,0.032499998807907104,0.029999999329447746,0.029999999329447746
1785945637547177865,0.37711799144744873,-0.36173397302627563,0.28410932421684265,-0.2506885230541229,-0.7460330128669739,-0.2770378291606903,-0.29670554399490356,-0.044059474021196365,0.20250000059604645,0.23000000417232513,0.26499998569488525,0.3199999928474426,0.4050000011920929,0.4950000047683716,0.48500001430511475,0.48249998688697815,0.48249998688697815,0.24500000476837158,0.14749999344348907,0.10499999672174454,0.08250000327825546,0.07000000029802322,0.05999999865889549,0.05249999836087227,0.04749999940395355,0.04500000178813934,0.03999999910593033,0.03999999910593033,0.03750000149011612,0.03500000014901161,0.03500000014901161,0.032499998807907104
1785945637649716199,0.37711799144744873,-0.3309657573699951,0.28066709637641907,-0.22182440757751465,-0.7461786866188049,-0.3073538839817047,-0.30000001192092896,-0.029051780700683594,0.19249999523162842,0.2150000035762787,0.2475000023841858,0.29249998927116394,0.36500000953674316,0.4950000047683716,0.48500001430511475,0.47999998927116394,0.47999998927116394,0.3400000035762787,0.18250000476837158,0.125,0.09749999642372131,0.07999999821186066,0.06750000268220901,0.05999999865889549,0.05249999836087227,0.04749999940395355,0.04500000178813934,0.042500000447034836,0.03999999910593033,0.03999999910593033,0.03750000149011612,0.03750000149011612
1785945637747928580,0.37711799144744873,-0.32621073722839355,0.28104299306869507,-0.20464003086090088,-0.7784071564674377,-0.31978529691696167,-0.30000001192092896,-0.029064306989312172,0.1875,0.20999999344348907,0.23999999463558197,0.2849999964237213,0.35249999165534973,0.4950000047683716,0.48500001430511475,0.47999998927116394,0.47999998927116394,0.3824999928474426,0.20000000298023224,0.13750000298023224,0.10499999672174454,0.08500000089406967,0.07249999791383743,0.0625,0.057500001043081284,0.05249999836087227,0.04749999940395355,0.04500000178813934,0.042500000447034836,0.042500000447034836,0.03999999910593033,0.03999999910593033
1785945637845527342,0.37711799144744873,-0.32621073722839355,0.28355512022972107,-0.19459156692028046,-0.8064553737640381,-0.32983261346817017,-0.30000001192092896,-0.029052050784230232,0.1875,0.20999999344348907,0.23999999463558197,0.2849999964237213,0.35249999165534973,0.4950000047683716,0.48500001430511475,0.47999998927116394,0.47999998927116394,0.3824999928474426,0.20000000298023224,0.13750000298023224,0.10499999672174454,0.08500000089406967,0.07249999791383743,0.0625,0.057500001043081284,0.05249999836087227,0.04749999940395355,0.04500000178813934,0.042500000447034836,0.042500000447034836,0.03999999910593033,0.03999999910593033
1785945637947623710,0.37711799144744873,-0.29921749234199524,0.2922646105289459,-0.1693398356437683,-0.8014329671859741,-0.3280917704105377,-0.30000001192092896,-0.02904421091079712,0.17749999463558197,0.19750000536441803,0.22499999403953552,0.26249998807907104,0.32249999046325684,0.42500001192092896,0.48500001430511475,0.47999998927116394,0.47749999165534973,0.47749999165534973,0.2475000023841858,0.1599999964237213,0.11999999731779099,0.0949999988079071,0.07999999821186066,0.07000000029802322,0.0625,0.057500001043081284,0.05249999836087227,0.05000000074505806,0.04749999940395355,0.04500000178813934,0.042500000447034836,0.042500000447034836
1785945638049067740,0.37711799144744873,-0.27990806102752686,0.2973620593547821,-0.1609080582857132,-0.7726477384567261,-0.3172139525413513,-0.30000001192092896,-0.029052264988422394,0.17000000178813934,0.1899999976158142,0.2150000035762787,0.25,0.30000001192092896,0.38499999046325684,0.48750001192092896,0.47999998927116394,0.47749999165534973,0.47749999165534973,0.30000001192092896,0.1850000023841858,0.13500000536441803,0.10750000178813934,0.08749999850988388,0.07750000059604645,0.06750000268220901,0.0625,0.057500001043081284,0.05249999836087227,0.05000000074505806,0.04749999940395355,0.04500000178813934,0.04500000178813934
1785945638146052275,0.37711799144744873,-0.27990806102752686,0.31283122301101685,-0.13651885092258453,-0.8438124656677246,-0.3416048288345337,-0.30000001192092896,-0.029056888073682785,0.17000000178813934,0.1899999976158142,0.2150000035762787,0.25,0.30000001192092896,0.38499999046325684,0.48750001192092896,0.47999998927116394,0.47749999165534973,0.47749999165534973,0.30000001192092896,0.1850000023841858,0.13500000536441803,0.10750000178813934,0.08749999850988388,0.07750000059604645,0.06750000268220901,0.0625,0.057500001043081284,0.05249999836087227,0.05000000074505806,0.04749999940395355,0.04500000178813934,0.04500000178813934
1785945638247263114,0.37711799144744873,-0.24197755753993988,0.3187626004219055,-0.12831741571426392,-0.76369708776474,-0.31187307834625244,-0.30000001192092896,-0.029037190601229668,0.1574999988079071,0.17249999940395355,0.19499999284744263,0.2224999964237213,0.26499998569488525,0.33000001311302185,0.44999998807907104,0.48249998688697815,0.47749999165534973,0.47749999165534973,0.4300000071525574,0.24500000476837158,0.17000000178813934,0.12999999523162842,0.10499999672174454,0.09000000357627869,0.07999999821186066,0.07249999791383743,0.06499999761581421,0.05999999865889549,0.057500001043081284,0.054999999701976776,0.05249999836087227,0.05000000074505806
1785945638347207002,0.37711799144744873,-0.2264615297317505,0.33988189697265625,-0.09615298360586166,-0.8085101246833801,-0.3246408700942993,-0.30000001192092896,-0.029058411717414856,0.1525000035762787,0.16750000417232513,0.1850000023841858,0.21250000596046448,0.25,0.3100000023841858,0.4074999988079071,0.48249998688697815,0.4749999940395355,0.4749999940395355,0.4749999940395355,0.2800000011920929,0.1875,0.14249999821186066,0.11500000208616257,0.09749999642372131,0.08500000089406967,0.07750000059604645,0.07000000029802322,0.06499999761581421,0.05999999865889549,0.057500001043081284,0.054999999701976776,0.05249999836087227
1785945638446290129,0.37711799144744873,-0.2264615297317505,0.32136616110801697,-0.0782838985323906,-0.8634114265441895,-0.3425104022026062,-0.30000001192092896,-0.02905254438519478,0.1525000035762787,0.16750000417232513,0.1850000023841858,0.21250000596046448,0.25,0.3100000023841858,0.4074999988079071,0.48249998688697815,0.4749999940395355,0.4749999940395355,0.4749999940395355,0.2800000011920929,0.1875,0.14249999821186066,0.11500000208616257,0.09749999642372131,0.08500000089406967,0.07750000059604645,0.07000000029802322,0.06499999761581421,0.05999999865889549,0.057500001043081284,0.054999999701976776,0.05249999836087227
1785945638547233471,0.37711799144744873,-0.18730689585208893,0.3136166036128998,-0.06810914725065231,-0.7911733388900757,-0.3135308027267456,-0.30000001192092896,-0.02905350551009178,0.14000000059604645,0.1525000035762787,0.16750000417232513,0.1899999976158142,0.2224999964237213,0.26750001311302185,0.3425000011920929,0.48500001430511475,0.47749999165534973,0.4749999940395355,0.4749999940395355,0.38999998569488525,0.23999999463558197,0.17499999701976776,0.13750000298023224,0.11500000208616257,0.10000000149011612,0.08749999850988388,0.07999999821186066,0.07249999791383743,0.06750000268220901,0.06499999761581421,0.0625,0.05999999865889549
1785945638646472570,0.37711799144744873,-0.17371420562267303,0.29143017530441284,-0.043623197823762894,-0.8336017727851868,-0.32442301511764526,-0.30000001192092896,-0.02906660921871662,0.13500000536441803,0.14749999344348907,0.16249999403953552,0.18250000476837158,0.21250000596046448,0.2524999976158142,0.3199999928474426,0.46000000834465027,0.47999998927116394,0.4749999940395355,0.4749999940395355,0.4325000047683716,0.26499998569488525,0.1899999976158142,0.14749999344348907,0.12250000238418579,0.10499999672174454,0.0925000011920929,0.08500000089406967,0.07750000059604645,0.07249999791383743,0.06750000268220901,0.06499999761581421,0.0625
1785945638749046585,0.37711799144744873,-0.13671788573265076,0.2866493761539459,-0.0332496352493763,-0.7705442309379578,-0.2978007197380066,-0.30000001192092896,-0.029052531346678734,0.125,0.13500000536441803,0.14749999344348907,0.16500000655651093,0.1899999976158142,0.2224999964237213,0.2750000059604645,0.36250001192092896,0.48249998688697815,0.4749999940395355,0.4749999940395355,0.4749999940395355,0.3449999988079071,0.23250000178813934,0.17749999463558197,0.14249999821186066,0.12250000238418579,0.10750000178813934,0.0949999988079071,0.08749999850988388,0.07999999821186066,0.07500000298023224,0.07249999791383743,0.06750000268220901
1785945638846983405,0.37711799144744873,-0.13671788573265076,0.2706059515476227,-0.008802724070847034,-0.8514426350593567,-0.32224875688552856,-0.30000001192092896,-0.029064234346151352,0.125,0.13500000536441803,0.14749999344348907,0.16500000655651093,0.1899999976158142,0.2224999964237213,0.2750000059604645,0.36250001192092896,0.48249998688697815,0.4749999940395355,0.4749999940395355,0.4749999940395355,0.3449999988079071,0.23250000178813934,0.17749999463558197,0.14249999821186066,0.12250000238418579,0.10750000178813934,0.0949999988079071,0.08749999850988388,0.07999999821186066,0.07500000298023224,0.07249999791383743,0.06750000268220901
1785945638946874940,0.37711799144744873,-0.11826630681753159,0.2657962441444397,-0.0008711983100511134,-0.8299179673194885,-0.3117266297340393,-0.30000001192092896,-0.029058821499347687,0.11999999731779099,0.12999999523162842,0.14000000059604645,0.1574999988079071,0.18000000715255737,0.20999999344348907,0.2549999952316284,0.33250001072883606,0.47999998927116394,0.4749999940395355,0.4724999964237213,0.4724999964237213,0.4000000059604645,0.25999999046325684,0.19249999523162842,0.1550000011920929,0.12999999523162842,0.11249999701976776,0.10000000149011612,0.0925000011920929,0.08500000089406967,0.07999999821186066,0.07500000298023224,0.07249999791383743
1785945639046962129,0.37711799144744873,-0.11826630681753159,0.25740015506744385,0.024818293750286102,-0.9156154990196228,-0.3374199867248535,-0.30000001192092896,-0.029047111049294472,0.11999999731779099,0.12999999523162842,0.14000000059604645,0.1574999988079071,0.18000000715255737,0.20999999344348907,0.2549999952316284,0.33250001072883606,0.47999998927116394,0.4749999940395355,0.4724999964237213,0.4724999964237213,0.4000000059604645,0.25999999046325684,0.19249999523162842,0.1550000011920929,0.12999999523162842,0.11249999701976776,0.10000000149011612,0.0925000011920929,0.08500000089406967,0.07999999821186066,0.07500000298023224,0.07249999791383743
1785945639148032931,0.37711799144744873,-0.098568856716156,0.25506117939949036,0.032994117587804794,-0.8928275108337402,-0.3258969783782959,-0.30000001192092896,-0.029057227075099945,0.11500000208616257,0.12250000238418579,0.13500000536441803,0.15000000596046448,0.17000000178813934,0.19750000536441803,0.23749999701976776,0.30250000953674316,0.4375,0.4749999940395355,0.4724999964237213,0.4724999964237213,0.45500001311302185,0.28999999165534973,0.21250000596046448,0.16750000417232513,0.14000000059604645,0.11999999731779099,0.10750000178813934,0.09749999642372131,0.09000000357627869,0.08250000327825546,0.07999999821186066,0.07500000298023224
1785945639247026583,0.37711799144744873,-0.06718244403600693,0.2532030940055847,0.05882028490304947,-0.9010457992553711,-0.32033467292785645,-0.30000001192092896,-0.02906191721558571,0.10750000178813934,0.11500000208616257,0.12250000238418579,0.13500000536441803,0.1525000035762787,0.17499999701976776,0.20999999344348907,0.26249998807907104,0.35249999165534973,0.47749999165534973,0.4724999964237213,0.4724999964237213,0.4749999940395355,0.36000001430511475,0.25,0.19499999284744263,0.1599999964237213,0.13500000536441803,0.11999999731779099,0.10750000178813934,0.09749999642372131,0.0925000011920929,0.08500000089406967,0.08250000327825546
1785945639347198446,0.37711799144744873,-0.055448587983846664,0.25487542152404785,0.07566062361001968,-0.929128885269165,-0.3254416584968567,-0.30000001192092896,-0.029056141152977943,0.10499999672174454,0.11249999701976776,0.12250000238418579,0.13500000536441803,0.15000000596046448,0.17249999940395355,0.20499999821186066,0.2524999976158142,0.3375000059604645,0.47749999165534973,0.4724999964237213,0.4724999964237213,0.4724999964237213,0.3799999952316284,0.25999999046325684,0.20000000298023224,0.16249999403953552,0.13750000298023224,0.12250000238418579,0.10999999940395355,0.10000000149011612,0.0925000011920929,0.08749999850988388,0.08250000327825546
1785945639447538858,0.37711799144744873,-0.055448587983846664,0.25764670968055725,0.0854836031794548,-0.9622451066970825,-0.33526498079299927,-0.30000001192092896,-0.02905997447669506,0.10499999672174454,0.11249999701976776,0.12250000238418579,0.13500000536441803,0.15000000596046448,0.17249999940395355,0.20499999821186066,0.2524999976158142,0.3375000059604645,0.47749999165534973,0.4724999964237213,0.4724999964237213,0.4724999964237213,0.3799999952316284,0.25999999046325684,0.20000000298023224,0.16249999403953552,0.13750000298023224,0.12250000238418579,0.10999999940395355,0.10000000149011612,0.0925000011920929,0.08749999850988388,0.08250000327825546
1785945639553331817,0.37711799144744873,-0.02387785166501999,0.26827362179756165,0.11210034042596817,-0.9760922193527222,-0.3303130567073822,-0.30000001192092896,-0.029051978141069412,0.09749999642372131,0.10499999672174454,0.11249999701976776,0.12250000238418579,0.13500000536441803,0.1550000011920929,0.18000000715255737,0.2199999988079071,0.2849999964237213,0.42250001430511475,0.4749999940395355,0.4724999964237213,0.4724999964237213,0.45750001072883606,0.3125,0.23250000178813934,0.1850000023841858,0.1550000011920929,0.13500000536441803,0.11999999731779099,0.10999999940395355,0.10000000149011612,0.0949999988079071,0.09000000357627869
1785945639647082368,0.37711799144744873,-0.010488213039934635,0.27300935983657837,0.12006456404924393,-0.9716299176216125,-0.3248855173587799,-0.30000001192092896,-0.029056521132588387,0.0949999988079071,0.10000000149011612,0.10750000178813934,0.11749999970197678,0.12999999523162842,0.14749999344348907,0.17000000178813934,0.20749999582767487,0.26499998569488525,0.3725000023841858,0.4749999940395355,0.4724999964237213,0.4724999964237213,0.47749999165534973,0.3400000035762787,0.2475000023841858,0.19750000536441803,0.16500000655651093,0.14249999821186066,0.1274999976158142,0.11500000208616257,0.10499999672174454,0.09749999642372131,0.0925000011920929
1785945639746459263,0.37711799144744873,-0.010488213039934635,0.28931891918182373,0.14358755946159363,-1.0527784824371338,-0.3484070301055908,-0.30000001192092896,-0.02905363403260708,0.0949999988079071,0.10000000149011612,0.10750000178813934,0.11749999970197678,0.12999999523162842,0.14749999344348907,0.17000000178813934,0.20749999582767487,0.26499998569488525,0.3725000023841858,0.4749999940395355,0.4724999964237213,0.4724999964237213,0.47749999165534973,0.3400000035762787,0.2475000023841858,0.19750000536441803,0.16500000655651093,0.14249999821186066,0.1274999976158142,0.11500000208616257,0.10499999672174454,0.09749999642372131,0.0925000011920929
1785945639847671318,0.37711799144744873,0.018506186082959175,0.2957416772842407,0.15179187059402466,-1.0013409852981567,-0.36038318276405334,-0.28119388222694397,-0.013473124243319035,0.08749999850988388,0.0925000011920929,0.09749999642372131,0.10750000178813934,0.11749999970197678,0.13249999284744263,0.1525000035762787,0.18250000476837158,0.22750000655651093,0.3100000023841858,0.47749999165534973,0.4724999964237213,0.4724999964237213,0.4749999940395355,0.4099999964237213,0.2874999940395355,0.22499999403953552,0.1850000023841858,0.1574999988079071,0.14000000059604645,0.125,0.11500000208616257,0.10750000178813934,0.10000000149011612
1785945639946632009,0.37711799144744873,0.035636380314826965,0.3167995810508728,0.1753973513841629,-1.032666802406311,-0.3668557405471802,-0.2811923325061798,-0.013465321622788906,0.08500000089406967,0.09000000357627869,0.09749999642372131,0.10499999672174454,0.11500000208616257,0.12999999523162842,0.14749999344348907,0.17499999701976776,0.2175000011920929,0.28999999165534973,0.47749999165534973,0.4724999964237213,0.4724999964237213,0.4724999964237213,0.4325000047683716,0.3050000071525574,0.23499999940395355,0.1899999976158142,0.16249999403953552,0.14249999821186066,0.1274999976158142,0.11749999970197678,0.10750000178813934,0.10249999910593033
1785945640048381615,0.37711799144744873,0.035636380314826965,0.32507479190826416,0.1850103884935379,-1.0647468566894531,-0.3764699101448059,-0.2811926305294037,-0.0134661216288805,0.08500000089406967,0.09000000357627869,0.09749999642372131,0.10499999672174454,0.11500000208616257,0.12999999523162842,0.14749999344348907,0.17499999701976776,0.2175000011920929,0.28999999165534973,0.47749999165534973,0.4724999964237213,0.4724999964237213,0.4724999964237213,0.4325000047683716,0.3050000071525574,0.23499999940395355,0.1899999976158142,0.16249999403953552,0.14249999821186066,0.1274999976158142,0.11749999970197678,0.10750000178813934,0.10249999910593033
1785945640146635981,0.37711799144744873,0.04652665928006172,0.35217738151550293,0.2101261019706726,-1.1209629774093628,-0.39069440960884094,-0.281175434589386,-0.013464344665408134,0.08250000327825546,0.08749999850988388,0.0925000011920929,0.10000000149011612,0.10999999940395355,0.12250000238418579,0.14000000059604645,0.16500000655651093,0.20499999821186066,0.27000001072883606,0.4124999940395355,0.4724999964237213,0.4724999964237213,0.4724999964237213,0.46000000834465027,0.32749998569488525,0.2475000023841858,0.20000000298023224,0.17000000178813934,0.14749999344348907,0.13249999284744263,0.11999999731779099,0.11249999701976776,0.10499999672174454
1785945640249247949,0.37711799144744873,0.0835389494895935,0.3706611394882202,0.22434602677822113,-1.0697362422943115,-0.36790311336517334,-0.28119853138923645,-0.013471215032041073,0.07500000298023224,0.07999999821186066,0.08500000089406967,0.09000000357627869,0.09749999642372131,0.10999999940395355,0.12250000238418579,0.14499999582767487,0.17249999940395355,0.2224999964237213,0.3100000023841858,0.4749999940395355,0.4724999964237213,0.4724999964237213,0.4749999940395355,0.39750000834465027,0.28999999165534973,0.23000000417232513,0.19249999523162842,0.16500000655651093,0.14749999344348907,0.13249999284744263,0.12250000238418579,0.11500000208616257
1785945640347739410,0.37711799144744873,0.10004767030477524,0.36661919951438904,0.24354907870292664,-1.0541795492172241,-0.35982343554496765,-0.2811896502971649,-0.013475384563207626,0.07249999791383743,0.07500000298023224,0.07999999821186066,0.08500000089406967,0.0925000011920929,0.10249999910593033,0.11500000208616257,0.13500000536441803,0.1599999964237213,0.20250000059604645,0.2775000035762787,0.47749999165534973,0.4724999964237213,0.4724999964237213,0.4749999940395355,0.4325000047683716,0.3125,0.24500000476837158,0.20250000059604645,0.17499999701976776,0.1525000035762787,0.13750000298023224,0.1274999976158142,0.11749999970197678
1785945640447345240,0.37711799144744873,0.10004767030477524,0.3536669611930847,0.26559728384017944,-1.1333318948745728,-0.3818734586238861,-0.2811926305294037,-0.013462135568261147,0.07249999791383743,0.07500000298023224,0.07999999821186066,0.08500000089406967,0.0925000011920929,0.10249999910593033,0.11500000208616257,0.13500000536441803,0.1599999964237213,0.20250000059604645,0.2775000035762787,0.47749999165534973,0.4724999964237213,0.4724999964237213,0.4749999940395355,0.4325000047683716,0.3125,0.24500000476837158,0.20250000059604645,0.17499999701976776,0.1525000035762787,0.13750000298023224,0.1274999976158142,0.11749999970197678
1785945640547067074,0.37711799144744873,0.14123521745204926,0.3503835201263428,0.2732163369655609,-1.0493897199630737,-0.34830331802368164,-0.28118979930877686,-0.01345460768789053,0.06499999761581421,0.06750000268220901,0.07249999791383743,0.07750000059604645,0.08250000327825546,0.09000000357627869,0.10249999910593033,0.11500000208616257,0.13750000298023224,0.16750000417232513,0.2199999988079071,0.32499998807907104,0.4749999940395355,0.4749999940395355,0.4749999940395355,0.48249998688697815,0.3774999976158142,0.2849999964237213,0.23000000417232513,0.19499999284744263,0.17000000178813934,0.1525000035762787,0.13750000298023224,0.1274999976158142
1785945640646076886,0.37711799144744873,0.15654069185256958,0.343694269657135,0.29764705896377563,-1.0965516567230225,-0.3574267625808716,-0.2811950147151947,-0.013459098525345325,0.06499999761581421,0.06499999761581421,0.06750000268220901,0.07249999791383743,0.07750000059604645,0.08500000089406967,0.0949999988079071,0.10750000178813934,0.1274999976158142,0.1550000011920929,0.20000000298023224,0.2874999940395355,0.47749999165534973,0.4749999940395355,0.4749999940395355,0.47999998927116394,0.4099999964237213,0.3050000071525574,0.24500000476837158,0.20499999821186066,0.17749999463558197,0.1599999964237213,0.14499999582767487,0.13249999284744263
1785945640747350798,0.37711799144744873,0.15654069185256958,0.342362642288208,0.3061040937900543,-1.1270997524261475,-0.3658864498138428,-0.28120020031929016,-0.01346831675618887,0.06499999761581421,0.06499999761581421,0.06750000268220901,0.07249999791383743,0.07750000059604645,0.08500000089406967,0.0949999988079071,0.10750000178813934,0.1274999976158142,0.1550000011920929,0.20000000298023224,0.2874999940395355,0.47749999165534973,0.4749999940395355,0.4749999940395355,0.47999998927116394,0.4099999964237213,0.3050000071525574,0.24500000476837158,0.20499999821186066,0.17749999463558197,0.1599999964237213,0.14499999582767487,0.13249999284744263
1785945640845915381,0.37711799144744873,0.20093975961208344,0.3415756821632385,0.3319874405860901,-1.10273277759552,-0.3473700284957886,-0.2811827063560486,-0.013464604504406452,0.057500001043081284,0.057500001043081284,0.057500001043081284,0.0625,0.06499999761581421,0.07249999791383743,0.07750000059604645,0.08749999850988388,0.10249999910593033,0.12250000238418579,0.1525000035762787,0.20499999821186066,0.32499998807907104,0.4749999940395355,0.4749999940395355,0.47749999165534973,0.48500001430511475,0.3725000023841858,0.28999999165534973,0.23749999701976776,0.20499999821186066,0.18000000715255737,0.16249999403953552,0.14749999344348907
1785945640945913191,0.37711799144744873,0.21972987055778503,0.3440265655517578,0.3494023382663727,-1.117104411125183,-0.3459957540035248,-0.28118079900741577,-0.013463996350765228,0.05249999836087227,0.054999999701976776,0.054999999701976776,0.057500001043081284,0.0625,0.06750000268220901,0.07249999791383743,0.08250000327825546,0.0949999988079071,0.10999999940395355,0.13750000298023224,0.18250000476837158,0.2750000059604645,0.4749999940395355,0.4749999940395355,0.4749999940395355,0.48249998688697815,0.4074999988079071,0.3100000023841858,0.2524999976158142,0.2150000035762787,0.1875,0.17000000178813934,0.1550000011920929
1785945641047568299,0.37711799144744873,0.21972987055778503,0.3466070592403412,0.3582252264022827,-1.14888334274292,-0.35481664538383484,-0.28120389580726624,-0.013448416255414486,0.05249999836087227,0.054999999701976776,0.054999999701976776,0.057500001043081284,0.0625,0.06750000268220901,0.07249999791383743,0.08250000327825546,0.0949999988079071,0.10999999940395355,0.13750000298023224,0.18250000476837158,0.2750000059604645,0.4749999940395355,0.4749999940395355,0.4749999940395355,0.48249998688697815,0.4074999988079071,0.3100000023841858,0.2524999976158142,0.2150000035762787,0.1875,0.17000000178813934,0.1550000011920929
1785945641146417594,0.37711799144744873,0.25700753927230835,0.35611197352409363,0.38324081897735596,-1.1446154117584229,-0.3425562381744385,-0.2811960279941559,-0.013448118232190609,0.04749999940395355,0.05000000074505806,0.05000000074505806,0.05000000074505806,0.054999999701976776,0.057500001043081284,0.0625,0.07000000029802322,0.07999999821186066,0.0925000011920929,0.11249999701976776,0.14499999582767487,0.20250000059604645,0.35499998927116394,0.47749999165534973,0.47749999165534973,0.48249998688697815,0.4699999988079071,0.36000001430511475,0.2849999964237213,0.23999999463558197,0.20749999582767487,0.1850000023841858,0.16750000417232513
1785945641249048635,0.37711799144744873,0.28056424856185913,0.36029568314552307,0.3920673429965973,-1.1160250902175903,-0.32782524824142456,-0.2811940908432007,-0.013466902077198029,0.04500000178813934,0.04500000178813934,0.04749999940395355,0.05000000074505806,0.05000000074505806,0.05249999836087227,0.057500001043081284,0.06499999761581421,0.07249999791383743,0.08250000327825546,0.10000000149011612,0.125,0.17249999940395355,0.2800000011920929,0.47749999165534973,0.47749999165534973,0.47999998927116394,0.48750001192092896,0.39250001311302185,0.3075000047683716,0.2549999952316284,0.2175000011920929,0.19249999523162842,0.17499999701976776
1785945641347540608,0.37711799144744873,0.28056424856185913,0.3747749328613281,0.41557109355926514,-1.2056126594543457,-0.351329505443573,-0.28118079900741577,-0.013462097384035587,0.04500000178813934,0.04500000178813934,0.04749999940395355,0.05000000074505806,0.05000000074505806,0.05249999836087227,0.057500001043081284,0.06499999761581421,0.07249999791383743,0.08250000327825546,0.10000000149011612,0.125,0.17249999940395355,0.2800000011920929,0.47749999165534973,0.47749999165534973,0.47999998927116394,0.48750001192092896,0.39250001311302185,0.3075000047683716,0.2549999952316284,0.2175000011920929,0.19249999523162842,0.17499999701976776
1785945641448688788,0.37711799144744873,0.3015786111354828,0.38059353828430176,0.4240391254425049,-1.1834590435028076,-0.33878371119499207,-0.2811877429485321,-0.01345957349985838,0.042500000447034836,0.042500000447034836,0.04500000178813934,0.04749999940395355,0.05000000074505806,0.05000000074505806,0.05249999836087227,0.057500001043081284,0.06499999761581421,0.07500000298023224,0.09000000357627869,0.11249999701976776,0.15000000596046448,0.23000000417232513,0.47999998927116394,0.47999998927116394,0.48249998688697815,0.48750001192092896,0.4300000071525574,0.33000001311302185,0.27000001072883606,0.23000000417232513,0.20250000059604645,0.18250000476837158
1785945641546139994,0.37711799144744873,0.3492560386657715,0.400030255317688,0.4486072063446045,-1.155075192451477,-0.3156728744506836,-0.2811850309371948,-0.013471197336912155,0.03500000014901161,0.03500000014901161,0.03500000014901161,0.03750000149011612,0.03999999910593033,0.042500000447034836,0.042500000447034836,0.04500000178813934,0.05000000074505806,0.057500001043081284,0.06499999761581421,0.07999999821186066,0.10249999910593033,0.14249999821186066,0.2475000023841858,0.47999998927116394,0.47999998927116394,0.48500001430511475,0.4925000071525574,0.39750000834465027,0.3174999952316284,0.26499998569488525,0.23000000417232513,0.20250000059604645
1785945641647709787,0.37711799144744873,0.3747403025627136,0.40732863545417786,0.45627665519714355,-1.1203153133392334,-0.2978600263595581,-0.2811894416809082,-0.013460169546306133,0.032499998807907104,0.032499998807907104,0.032499998807907104,0.03500000014901161,0.03500000014901161,0.03750000149011612,0.03999999910593033,0.042500000447034836,0.04500000178813934,0.05000000074505806,0.057500001043081284,0.06750000268220901,0.08749999850988388,0.11749999970197678,0.1899999976158142,0.48249998688697815,0.48249998688697815,0.48500001430511475,0.4925000071525574,0.4375,0.3425000011920929,0.2824999988079071,0.24250000715255737,0.2150000035762787
1785945641745620718,0.37711799144744873,0.3747403025627136,0.43049925565719604,0.48182666301727295,-1.2173384428024292,-0.32340461015701294,-0.28117650747299194,-0.013458570465445518,0.032499998807907104,0.032499998807907104,0.032499998807907104,0.03500000014901161,0.03500000014901161,0.03750000149011612,0.03999999910593033,0.042500000447034836,0.04500000178813934,0.05000000074505806,0.057500001043081284,0.06750000268220901,0.08749999850988388,0.11749999970197678,0.1899999976158142,0.48249998688697815,0.48249998688697815,0.48500001430511475,0.4925000071525574,0.4375,0.3425000011920929,0.2824999988079071,0.24250000715255737,0.2150000035762787
1785945641844959212,0.37711799144744873,0.39818236231803894,0.4476364254951477,0.49695345759391785,-1.2181462049484253,-0.3150952160358429,-0.28118327260017395,-0.01346493512392044,0.029999999329447746,0.029999999329447746,0.029999999329447746,0.029999999329447746,0.032499998807907104,0.03500000014901161,0.03750000149011612,0.03999999910593033,0.03999999910593033,0.04500000178813934,0.05000000074505806,0.05999999865889549,0.07249999791383743,0.09749999642372131,0.14749999344348907,0.3149999976158142,0.48249998688697815,0.48500001430511475,0.49000000953674316,0.4724999964237213,0.3700000047683716,0.30000001192092896,0.2549999952316284,0.22499999403953552
1785945641949080794,0.37711799144744873,0.41951295733451843,0.45670264959335327,0.5059716701507568,-1.1987663507461548,-0.302783340215683,-0.2812010645866394,-0.013472478836774826,0.027499999850988388,0.027499999850988388,0.027499999850988388,0.027499999850988388,0.029999999329447746,0.029999999329447746,0.032499998807907104,0.03500000014901161,0.03750000149011612,0.042500000447034836,0.04500000178813934,0.05249999836087227,0.0625,0.08250000327825546,0.11999999731779099,0.22499999403953552,0.48500001430511475,0.48500001430511475,0.49000000953674316,0.5,0.39750000834465027,0.3199999928474426,0.27000001072883606,0.23499999940395355
1785945642047596959,0.37711799144744873,0.41951295733451843,0.4848545789718628,0.5307939052581787,-1.2947169542312622,-0.3276022970676422,-0.2812023162841797,-0.01347573846578598,0.027499999850988388,0.027499999850988388,0.027499999850988388,0.027499999850988388,0.029999999329447746,0.029999999329447746,0.032499998807907104,0.03500000014901161,0.03750000149011612,0.042500000447034836,0.04500000178813934,0.05249999836087227,0.0625,0.08250000327825546,0.11999999731779099,0.22499999403953552,0.48500001430511475,0.48500001430511475,0.49000000953674316,0.5,0.39750000834465027,0.3199999928474426,0.27000001072883606,0.23499999940395355
1785945642145329422,0.37711799144744873,0.4682276248931885,0.4940241277217865,0.5381826162338257,-1.201827049255371,-0.3209662437438965,-0.2545742094516754,-0.0025766172911971807,0.019999999552965164,0.019999999552965164,0.019999999552965164,0.019999999552965164,0.019999999552965164,0.02250000089406967,0.02250000089406967,0.02500000037252903,0.02500000037252903,0.027499999850988388,0.032499998807907104,0.03750000149011612,0.03999999910593033,0.04749999940395355,0.06499999761581421,0.10249999910593033,0.2574999928474426,0.48750001192092896,0.49000000953674316,0.4975000023841858,0.4749999940395355,0.3774999976158142,0.3100000023841858,0.26750001311302185
1785945642247290810,0.37711799144744873,0.48955705761909485,0.5237822532653809,0.562961995601654,-1.2381938695907593,-0.32441410422325134,-0.254573255777359,-0.0025799365248531103,0.017500000074505806,0.017500000074505806,0.017500000074505806,0.017500000074505806,0.017500000074505806,0.017500000074505806,0.019999999552965164,0.019999999552965164,0.02250000089406967,0.02500000037252903,0.027499999850988388,0.029999999329447746,0.03500000014901161,0.03999999910593033,0.05000000074505806,0.07500000298023224,0.1574999988079071,0.49000000953674316,0.4925000071525574,0.4975000023841858,0.5099999904632568,0.4025000035762787,0.33000001311302185,0.2800000011920929
1785945642345616474,0.37711799144744873,0.48955705761909485,0.5337014198303223,0.569858729839325,-1.2659804821014404,-0.3313109576702118,-0.25457483530044556,-0.002567538060247898,0.017500000074505806,0.017500000074505806,0.017500000074505806,0.017500000074505806,0.017500000074505806,0.017500000074505806,0.019999999552965164,0.019999999552965164,0.02250000089406967,0.02500000037252903,0.027499999850988388,0.029999999329447746,0.03500000014901161,0.03999999910593033,0.05000000074505806,0.07500000298023224,0.1574999988079071,0.49000000953674316,0.4925000071525574,0.4975000023841858,0.5099999904632568,0.4025000035762787,0.33000001311302185,0.2800000011920929
1785945642444445769,0.37711799144744873,0.5366539359092712,0.5453280210494995,0.6593798398971558,-1.2324700355529785,-0.3091687560081482,-0.25457626581192017,-0.002577735809609294,0.012500000186264515,0.012500000186264515,0.012500000186264515,0.012500000186264515,0.012500000186264515,0.012500000186264515,0.012500000186264515,0.012500000186264515,0.014999999664723873,0.014999999664723873,0.017500000074505806,0.019999999552965164,0.02250000089406967,0.027499999850988388,0.03500000014901161,0.042500000447034836,0.05999999865889549,0.20999999344348907,0.4925000071525574,0.4975000023841858,0.5049999952316284,0.4675000011920929,0.375,0.3125
1785945642544671042,0.37711799144744873,0.5606693625450134,0.5480780601501465,0.6680724620819092,-1.2002763748168945,-0.2938438057899475,-0.25457483530044556,-0.002586440648883581,0.009999999776482582,0.009999999776482582,0.009999999776482582,0.009999999776482582,0.009999999776482582,0.009999999776482582,0.009999999776482582,0.009999999776482582,0.009999999776482582,0.012500000186264515,0.012500000186264515,0.014999999664723873,0.017500000074505806,0.019999999552965164,0.02500000037252903,0.032499998807907104,0.04500000178813934,0.08500000089406967,0.4950000047683716,0.4975000023841858,0.5049999952316284,0.5024999976158142,0.4025000035762787,0.33250001072883606
1785945642644013888,0.37711799144744873,0.5606693625450134,0.5583863258361816,0.69400554895401,-1.3033655881881714,-0.3197771906852722,-0.2545637786388397,-0.0025841312017291784,0.009999999776482582,0.009999999776482582,0.009999999776482582,0.009999999776482582,0.009999999776482582,0.009999999776482582,0.009999999776482582,0.009999999776482582,0.009999999776482582,0.012500000186264515,0.012500000186264515,0.014999999664723873,0.017500000074505806,0.019999999552965164,0.02500000037252903,0.032499998807907104,0.04500000178813934,0.08500000089406967,0.4950000047683716,0.4975000023841858,0.5049999952316284,0.5024999976158142,0.4025000035762787,0.33250001072883606
1785945642744311643,0.37711799144744873,0.6053968071937561,0.5670425295829773,0.7120870351791382,-1.2510186433792114,-0.293131947517395,-0.254567414522171,-0.0025859838351607323,0.004999999888241291,0.004999999888241291,0.004999999888241291,0.004999999888241291,0.004999999888241291,0.004999999888241291,0.004999999888241291,0.004999999888241291,0.004999999888241291,0.004999999888241291,0.004999999888241291,0.004999999888241291,0.004999999888241291,0.007499999832361937,0.007499999832361937,0.009999999776482582,0.014999999664723873,0.02500000037252903,0.04749999940395355,0.4975000023841858,0.5024999976158142,0.512499988079071,0.4675000011920929,0.375
1785945642843375409,0.37711799144744873,0.6282411217689514,0.5714957118034363,0.7197890281677246,-1.220280408859253,-0.27798986434936523,-0.25457561016082764,-0.0025693653151392937,0.004999999888241291,0.004999999888241291,0.0024999999441206455,0.0024999999441206455,0.0024999999441206455,0.0024999999441206455,0.0024999999441206455,0.0024999999441206455,0.0024999999441206455,0.0024999999441206455,0.0024999999441206455,0.0024999999441206455,0.0024999999441206455,0.0024999999441206455,0.0024999999441206455,0.0024999999441206455,0.0024999999441206455,0.0024999999441206455,0.0024999999441206455,0.5,0.5049999952316284,0.512499988079071,0.4975000023841858,0.4000000059604645
1785945642944774701,0.37711799144744873,0.6282411217689514,0.5874245762825012,0.7431981563568115,-1.316908597946167,-0.301397442817688,-0.2545689046382904,-0.0025804052129387856,0.004999999888241291,0.004999999888241291,0.0024999999441206455,0.0024999999441206455,0.0024999999441206455,0.0024999999441206455,0.0024999999441206455,0.0024999999441206455,0.0024999999441206455,0.0024999999441206455,0.0024999999441206455,0.0024999999441206455,0.0024999999441206455,0.0024999999441206455,0.0024999999441206455,0.0024999999441206455,0.0024999999441206455,0.0024999999441206455,0.0024999999441206455,0.5,0.5049999952316284,0.512499988079071,0.4975000023841858,0.4000000059604645
1785945643041775365,0.37711799144744873,0.6798685193061829,0.5935200452804565,0.7511596083641052,-1.207536220550537,-0.2577322721481323,-0.2545642554759979,-0.002574068261310458,0.0024999999441206455,0.0024999999441206455,0.0024999999441206455,0.0024999999441206455,0.0024999999441206455,0.0024999999441206455,0.0024999999441206455,0.0024999999441206455,0.0024999999441206455,0.0024999999441206455,0.0024999999441206455,0.0024999999441206455,0.0024999999441206455,0.0024999999441206455,0.0024999999441206455,0.0024999999441206455,0.0024999999441206455,0.0024999999441206455,0.0024999999441206455,0.0024999999441206455,0.0024999999441206455,0.0024999999441206455,0.0024999999441206455,0.0024999999441206455
1785945643142083008,0.37711799144744873,0.7043032050132751,0.6127291321754456,0.7732279300689697,-1.2330628633499146,-0.25536787509918213,-0.25456541776657104,-0.0025840045418590307,0.0024999999441206455,0.0024999999441206455,0.0024999999441206455,0.0024999999441206455,0.0024999999441206455,0.0024999999441206455,0.0024999999441206455,0.0024999999441206455,0.0024999999441206455,0.0024999999441206455,0.0024999999441206455,0.0024999999441206455,0.0024999999441206455,0.0024999999441206455,0.0024999999441206455,0.0024999999441206455,0.0024999999441206455,0.0024999999441206455,0.0024999999441206455,0.0024999999441206455,0.0024999999441206455,0.0024999999441206455,0.0024999999441206455,0.0024999999441206455
1785945643241635909,0.37711799144744873,0.7043032050132751,0.6268919706344604,0.7894678115844727,-1.2999063730239868,-0.2716061472892761,-0.2545686960220337,-0.0025683818385004997,0.0024999999441206455,0.0024999999441206455,0.0024999999441206455,0.0024999999441206455,0.0024999999441206455,0.0024999999441206455,0.0024999999441206455,0.0024999999441206455,0.0024999999441206455,0.0024999999441206455,0.0024999999441206455,0.0024999999441206455,0.0024999999441206455,0.0024999999441206455,0.0024999999441206455,0.0024999999441206455,0.0024999999441206455,0.0024999999441206455,0.0024999999441206455,0.0024999999441206455,0.0024999999441206455,0.0024999999441206455,0.0024999999441206455,0.0024999999441206455
1785945643341941792,0.37711799144744873,0.7558414936065674,0.6349344849586487,0.7977116703987122,-1.1929339170455933,-0.2283126711845398,-0.25456520915031433,-0.0025806345511227846,0.0024999999441206455,0.0024999999441206455,0.0024999999441206455,0.0024999999441206455,0.0024999999441206455,0.0024999999441206455,0.0024999999441206455,0.0024999999441206455,0.0024999999441206455,0.0024999999441206455,0.0024999999441206455,0.0024999999441206455,0.0024999999441206455,0.0024999999441206455,0.0024999999441206455,0.0024999999441206455,0.0024999999441206455,0.0024999999441206455,0.0024999999441206455,0.0024999999441206455,0.0024999999441206455,0.0024999999441206455,0.0024999999441206455,0.0024999999441206455
1785945643440376771,0.37711799144744873,0.7798202633857727,0.6585701107978821,0.8197178244590759,-1.2221174240112305,-0.22634190320968628,-0.25457003712654114,-0.0025778713170439005,0.0024999999441206455,0.0024999999441206455,0.0024999999441206455,0.0024999999441206455,0.0024999999441206455,0.0024999999441206455,0.0024999999441206455,0.0024999999441206455,0.0024999999441206455,0.0024999999441206455,0.0024999999441206455,0.0024999999441206455,0.0024999999441206455,0.0024999999441206455,0.0024999999441206455,0.0024999999441206455,0.0024999999441206455,0.0024999999441206455,0.0024999999441206455,0.0024999999441206455,0.0024999999441206455,0.0024999999441206455,0.0024999999441206455,0.0024999999441206455
1785945643540631709,0.37711799144744873,0.7798202633857727,0.66665118932724,0.8276445865631104,-1.2550995349884033,-0.23426610231399536,-0.2545774579048157,-0.0025653757620602846,0.0024999999441206455,0.0024999999441206455,0.0024999999441206455,0.0024999999441206455,0.0024999999441206455,0.0024999999441206455,0.0024999999441206455,0.0024999999441206455,0.0024999999441206455,0.0024999999441206455,0.0024999999441206455,0.0024999999441206455,0.0024999999441206455,0.0024999999441206455,0.0024999999441206455,0.0024999999441206455,0.0024999999441206455,0.0024999999441206455,0.0024999999441206455,0.0024999999441206455,0.0024999999441206455,0.0024999999441206455,0.0024999999441206455,0.0024999999441206455
1785945643641712687,0.37711799144744873,0.8002539277076721,0.6837302446365356,0.8449285626411438,-1.2698489427566528,-0.23111683130264282,-0.25456058979034424,-0.002579532330855727,0.0024999999441206455,0.0024999999441206455,0.0024999999441206455,0.0024999999441206455,0.0024999999441206455,0.0024999999441206455,0.0024999999441206455,0.0024999999441206455,0.0024999999441206455,0.0024999999441206455,0.0024999999441206455,0.0024999999441206455,0.0024999999441206455,0.0024999999441206455,0.0024999999441206455,0.0024999999441206455,0.0024999999441206455,0.0024999999441206455,0.0024999999441206455,0.0024999999441206455,0.0024999999441206455,0.0024999999441206455,0.0024999999441206455,0.0024999999441206455
1785945643740778501,0.37711799144744873,0.8002539277076721,0.7117708921432495,0.8690935969352722,-1.3721256256103516,-0.255282461643219,-0.25456368923187256,-0.0025782985612750053,0.0024999999441206455,0.0024999999441206455,0.0024999999441206455,0.0024999999441206455,0.0024999999441206455,0.0024999999441206455,0.0024999999441206455,0.0024999999441206455,0.0024999999441206455,0.0024999999441206455,0.0024999999441206455,0.0024999999441206455,0.0024999999441206455,0.0024999999441206455,0.0024999999441206455,0.0024999999441206455,0.0024999999441206455,0.0024999999441206455,0.0024999999441206455,0.0024999999441206455,0.0024999999441206455,0.0024999999441206455,0.0024999999441206455,0.0024999999441206455
1785945643843298339,0.37711799144744873,0.8439287543296814,0.7215568423271179,0.8774286508560181,-1.2879902124404907,-0.21994203329086304,-0.2545646131038666,-0.002571611199527979,0.0024999999441206455,0.0024999999441206455,0.0024999999441206455,0.0024999999441206455,0.0024999999441206455,0.0024999999441206455,0.0024999999441206455,0.0024999999441206455,0.0024999999441206455,0.0024999999441206455,0.0024999999441206455,0.0024999999441206455,0.0024999999441206455,0.0024999999441206455,0.0024999999441206455,0.0024999999441206455,0.0024999999441206455,0.0024999999441206455,0.0024999999441206455,0.0024999999441206455,0.0024999999441206455,0.0024999999441206455,0.0024999999441206455,0.0024999999441206455
1785945643940442847,0.37711799144744873,0.8848212957382202,0.7489422559738159,0.902448296546936,-1.2784528732299805,-0.20406925678253174,-0.2545698285102844,-0.002589487936347723,0.0024999999441206455,0.0024999999441206455,0.0024999999441206455,0.0024999999441206455,0.0024999999441206455,0.0024999999441206455,0.0024999999441206455,0.0024999999441206455,0.0024999999441206455,0.0024999999441206455,0.0024999999441206455,0.0024999999441206455,0.0024999999441206455,0.0024999999441206455,0.0024999999441206455,0.0024999999441206455,0.0024999999441206455,0.0024999999441206455,0.0024999999441206455,0.0024999999441206455,0.0024999999441206455,0.0024999999441206455,0.0024999999441206455,0.0024999999441206455
1785945644041235177,0.37711799144744873,0.8932010531425476,0.7588152289390564,0.9096912145614624,-1.287263035774231,-0.20293456315994263,-0.2545642852783203,-0.002579067600890994,0.0024999999441206455,0.0024999999441206455,0.0024999999441206455,0.0024999999441206455,0.0024999999441206455,0.0024999999441206455,0.0024999999441206455,0.0024999999441206455,0.0024999999441206455,0.0024999999441206455,0.0024999999441206455,0.0024999999441206455,0.0024999999441206455,0.0024999999441206455,0.0024999999441206455,0.0024999999441206455,0.0024999999441206455,0.0024999999441206455,0.0024999999441206455,0.0024999999441206455,0.0024999999441206455,0.0024999999441206455,0.0024999999441206455,0.0024999999441206455
1785945644140123930,0.37711799144744873,0.8932010531425476,0.7900394797325134,0.9342459440231323,-1.3917158842086792,-0.22748714685440063,-0.25456464290618896,-0.0025817183777689934,0.0024999999441206455,0.0024999999441206455,0.0024999999441206455,0.0024999999441206455,0.0024999999441206455,0.0024999999441206455,0.0024999999441206455,0.0024999999441206455,0.0024999999441206455,0.0024999999441206455,0.0024999999441206455,0.0024999999441206455,0.0024999999441206455,0.0024999999441206455,0.0024999999441206455,0.0024999999441206455,0.0024999999441206455,0.0024999999441206455,0.0024999999441206455,0.0024999999441206455,0.0024999999441206455,0.0024999999441206455,0.0024999999441206455,0.0024999999441206455
1785945644244025632,0.37711799144744873,0.8934758901596069,0.811596155166626,0.9509534239768982,-1.4615317583084106,-0.24391818046569824,-0.25456711649894714,-0.0025748328771442175,0.0024999999441206455,0.0024999999441206455,0.0024999999441206455,0.0024999999441206455,0.0024999999441206455,0.0024999999441206455,0.0024999999441206455,0.0024999999441206455,0.0024999999441206455,0.0024999999441206455,0.0024999999441206455,0.0024999999441206455,0.0024999999441206455,0.0024999999441206455,0.0024999999441206455,0.0024999999441206455,0.0024999999441206455,0.0024999999441206455,0.0024999999441206455,0.0024999999441206455,0.0024999999441206455,0.0024999999441206455,0.0024999999441206455,0.0024999999441206455
1785945644344929933,0.37711799144744873,0.890527606010437,0.8225811719894409,0.958824872970581,-1.5035102367401123,-0.2547379732131958,-0.2545700669288635,-0.0025723602157086134,0.0024999999441206455,0.0024999999441206455,0.0024999999441206455,0.0024999999441206455,0.0024999999441206455,0.0024999999441206455,0.0024999999441206455,0.0024999999441206455,0.0024999999441206455,0.0024999999441206455,0.0024999999441206455,0.0024999999441206455,0.0024999999441206455,0.0024999999441206455,0.0024999999441206455,0.0024999999441206455,0.0024999999441206455,0.0024999999441206455,0.0024999999441206455,0.0024999999441206455,0.0024999999441206455,0.0024999999441206455,0.0024999999441206455,0.0024999999441206455
1785945644443439475,0.37711799144744873,0.890527606010437,0.8443925380706787,0.975224494934082,-1.5727269649505615,-0.2711378335952759,-0.2545683681964874,-0.0025755376555025578,0.0024999999441206455,0.0024999999441206455,0.0024999999441206455,0.0024999999441206455,0.0024999999441206455,0.0024999999441206455,0.0024999999441206455,0.0024999999441206455,0.0024999999441206455,0.0024999999441206455,0.0024999999441206455,0.0024999999441206455,0.0024999999441206455,0.0024999999441206455,0.0024999999441206455,0.0024999999441206455,0.0024999999441206455,0.0024999999441206455,0.0024999999441206455,0.0024999999441206455,0.0024999999441206455,0.0024999999441206455,0.0024999999441206455,0.0024999999441206455
1785945644540456651,0.37711799144744873,0.8700807690620422,0.8665202260017395,0.9918951392173767,-1.6974732875823975,-0.30825573205947876,-0.2545648515224457,-0.0025733383372426033,0.0024999999441206455,0.0024999999441206455,0.0024999999441206455,0.0024999999441206455,0.0024999999441206455,0.0024999999441206455,0.0024999999441206455,0.0024999999441206455,0.0024999999441206455,0.0024999999441206455,0.0024999999441206455,0.0024999999441206455,0.0024999999441206455,0.0024999999441206455,0.0024999999441206455,0.0024999999441206455,0.0024999999441206455,0.0024999999441206455,0.0024999999441206455,0.0024999999441206455,0.0024999999441206455,0.0024999999441206455,0.0024999999441206455,0.0024999999441206455
1785945644640199350,0.37711799144744873,0.8487962484359741,0.9020053744316101,1.0172545909881592,-1.8611104488372803,-0.35489773750305176,-0.25456538796424866,-0.002573598176240921,0.0024999999441206455,0.0024999999441206455,0.0024999999441206455,0.0024999999441206455,0.0024999999441206455,0.0024999999441206455,0.0024999999441206455,0.0024999999441206455,0.0024999999441206455,0.0024999999441206455,0.0024999999441206455,0.0024999999441206455,0.0024999999441206455,0.0024999999441206455,0.0024999999441206455,0.0024999999441206455,0.0024999999441206455,0.0024999999441206455,0.0024999999441206455,0.0024999999441206455,0.0024999999441206455,0.0024999999441206455,0.0024999999441206455,0.0024999999441206455
1785945644740450831,0.37711799144744873,0.8227954506874084,0.9243309497833252,1.0338746309280396,-1.998225450515747,-0.397519052028656,-0.2545641362667084,-0.0025664737913757563,0.0024999999441206455,0.0024999999441206455,0.0024999999441206455,0.0024999999441206455,0.0024999999441206455,0.0024999999441206455,0.0024999999441206455,0.0024999999441206455,0.0024999999441206455,0.0024999999441206455,0.0024999999441206455,0.0024999999441206455,0.0024999999441206455,0.0024999999441206455,0.0024999999441206455,0.0024999999441206455,0.0024999999441206455,0.0024999999441206455,0.0024999999441206455,0.0024999999441206455,0.0024999999441206455,0.0024999999441206455,0.0024999999441206455,0.0024999999441206455
1785945644840444833,0.37711799144744873,0.8227954506874084,0.9365912079811096,1.0409435033798218,-2.0297844409942627,-0.40458887815475464,-0.2545744776725769,-0.0025786675978451967,0.0024999999441206455,0.0024999999441206455,0.0024999999441206455,0.0024999999441206455,0.0024999999441206455,0.0024999999441206455,0.0024999999441206455,0.0024999999441206455,0.0024999999441206455,0.0024999999441206455,0.0024999999441206455,0.0024999999441206455,0.0024999999441206455,0.0024999999441206455,0.0024999999441206455,0.0024999999441206455,0.0024999999441206455,0.0024999999441206455,0.0024999999441206455,0.0024999999441206455,0.0024999999441206455,0.0024999999441206455,0.0024999999441206455,0.0024999999441206455
1785945644946614444,0.37711799144744873,0.5049431920051575,0.9718456864356995,1.0649755001068115,-2.8843789100646973,-0.7117863297462463,-0.2811835706233978,-0.01345732156187296,0.014999999664723873,0.014999999664723873,0.014999999664723873,0.014999999664723873,0.014999999664723873,0.014999999664723873,0.014999999664723873,0.017500000074505806,0.017500000074505806,0.019999999552965164,0.02250000089406967,0.02500000037252903,0.029999999329447746,0.03500000014901161,0.03999999910593033,0.054999999701976776,0.10750000178813934,0.49000000953674316,0.49000000953674316,0.4975000023841858,0.5074999928474426,0.42750000953674316,0.3449999988079071,0.29249998927116394
1785945645047230384,0.37711799144744873,0.15942177176475525,0.983767032623291,1.0725572109222412,-3.549396276473999,-1.032126784324646,-0.30000001192092896,-0.029062028974294662,0.06499999761581421,0.06499999761581421,0.06750000268220901,0.07249999791383743,0.07750000059604645,0.08500000089406967,0.0949999988079071,0.10750000178813934,0.125,0.1525000035762787,0.19750000536441803,0.2849999964237213,0.47749999165534973,0.4749999940395355,0.4749999940395355,0.47999998927116394,0.41499999165534973,0.3075000047683716,0.24500000476837158,0.20749999582767487,0.18000000715255737,0.1599999964237213,0.14499999582767487,0.13249999284744263
1785945645147626478,0.37711799144744873,-0.36319002509117126,1.0191972255706787,1.0962927341461182,-4.075698375701904,-1.4828912019729614,-0.24259847402572632,-0.07164431363344193,0.20250000059604645,0.23000000417232513,0.26750001311302185,0.3199999928474426,0.4074999988079071,0.4950000047683716,0.48500001430511475,0.48249998688697815,0.48249998688697815,0.24250000715255737,0.14499999582767487,0.10499999672174454,0.08250000327825546,0.07000000029802322,0.05999999865889549,0.05249999836087227,0.04749999940395355,0.04500000178813934,0.03999999910593033,0.03999999910593033,0.03750000149011612,0.03500000014901161,0.03500000014901161,0.032499998807907104
1785945645247405817,0.37711799144744873,-0.36319002509117126,1.0312896966934204,1.1049299240112305,-4.089779376983643,-1.491524577140808,-0.2425989806652069,-0.0716579258441925,0.20250000059604645,0.23000000417232513,0.26750001311302185,0.3199999928474426,0.4074999988079071,0.4950000047683716,0.48500001430511475,0.48249998688697815,0.48249998688697815,0.24250000715255737,0.14499999582767487,0.10499999672174454,0.08250000327825546,0.07000000029802322,0.05999999865889549,0.05249999836087227,0.04749999940395355,0.04500000178813934,0.03999999910593033,0.03999999910593033,0.03750000149011612,0.03500000014901161,0.03500000014901161,0.032499998807907104
1785945645344879872,0.37711799144744873,-0.42948365211486816,1.068474531173706,1.130098819732666,-4.139025688171387,-1.5829905271530151,-0.24259112775325775,-0.07165463268756866,0.23749999701976776,0.2750000059604645,0.32749998569488525,0.4074999988079071,0.5,0.49000000953674316,0.48500001430511475,0.48500001430511475,0.20499999821186066,0.11249999701976776,0.07999999821186066,0.0625,0.05000000074505806,0.042500000447034836,0.03750000149011612,0.03500000014901161,0.032499998807907104,0.029999999329447746,0.027499999850988388,0.02250000089406967,0.02250000089406967,0.02250000089406967,0.02250000089406967,0.02250000089406967
1785945645448208981,0.37711799144744873,-0.3989461660385132,1.0804860591888428,1.1378599405288696,-4.1491875648498535,-1.5602158308029175,-0.24259234964847565,-0.07165108621120453,0.2199999988079071,0.2524999976158142,0.29499998688697815,0.36250001192092896,0.5,0.49000000953674316,0.48500001430511475,0.48249998688697815,0.3449999988079071,0.16249999403953552,0.10750000178813934,0.07999999821186066,0.06499999761581421,0.054999999701976776,0.04749999940395355,0.042500000447034836,0.03999999910593033,0.03750000149011612,0.03500000014901161,0.032499998807907104,0.029999999329447746,0.029999999329447746,0.027499999850988388,0.027499999850988388
1785945645546340848,0.37711799144744873,-0.3989461660385132,1.1115247011184692,1.186212182044983,-4.188256740570068,-1.585158348083496,-0.24259480834007263,-0.0716504156589508,0.2199999988079071,0.2524999976158142,0.29499998688697815,0.36250001192092896,0.5,0.49000000953674316,0.48500001430511475,0.48249998688697815,0.3449999988079071,0.16249999403953552,0.10750000178813934,0.07999999821186066,0.06499999761581421,0.054999999701976776,0.04749999940395355,0.042500000447034836,0.03999999910593033,0.03750000149011612,0.03500000014901161,0.032499998807907104,0.029999999329447746,0.029999999329447746,0.027499999850988388,0.027499999850988388
1785945645646364834,0.37711799144744873,-0.3484901487827301,1.1215077638626099,1.1939623355865479,-4.1966094970703125,-1.5424524545669556,-0.24260170757770538,-0.07167244702577591,0.20000000298023224,0.22499999403953552,0.25999999046325684,0.3100000023841858,0.38999998569488525,0.4925000071525574,0.48500001430511475,0.47999998927116394,0.47999998927116394,0.27000001072883606,0.1550000011920929,0.10999999940395355,0.08500000089406967,0.07000000029802322,0.05999999865889549,0.054999999701976776,0.04749999940395355,0.04500000178813934,0.042500000447034836,0.03999999910593033,0.03750000149011612,0.03500000014901161,0.03500000014901161,0.03500000014901161
1785945645746697150,0.37711799144744873,-0.23166082799434662,1.1420583724975586,1.2110648155212402,-4.205478668212891,-1.4727740287780762,-0.2669781446456909,-0.05872068554162979,0.1525000035762787,0.16750000417232513,0.1875,0.2150000035762787,0.2524999976158142,0.3125,0.42500001192092896,0.48249998688697815,0.4749999940395355,0.4749999940395355,0.4749999940395355,0.27250000834465027,0.1850000023841858,0.14000000059604645,0.11500000208616257,0.09749999642372131,0.08500000089406967,0.07500000298023224,0.07000000029802322,0.06499999761581421,0.05999999865889549,0.057500001043081284,0.054999999701976776,0.05249999836087227
1785945645845950970,0.37711799144744873,-0.1798103302717209,1.173254132270813,1.2359832525253296,-4.228265285491943,-1.4458409547805786,-0.2669796347618103,-0.058713823556900024,0.14000000059604645,0.15000000596046448,0.16750000417232513,0.1899999976158142,0.2199999988079071,0.26249998807907104,0.33500000834465027,0.48750001192092896,0.47749999165534973,0.4749999940395355,0.4749999940395355,0.4124999940395355,0.2475000023841858,0.17749999463558197,0.14000000059604645,0.11749999970197678,0.10000000149011612,0.08749999850988388,0.07999999821186066,0.07249999791383743,0.06750000268220901,0.06499999761581421,0.0625,0.05999999865889549
1785945645948618460,0.3705480098724365,-0.1798103302717209,1.183851957321167,1.2437174320220947,-4.244612216949463,-1.4535740613937378,-0.2669754922389984,-0.0587041899561882,0.14000000059604645,0.15000000596046448,0.16750000417232513,0.1899999976158142,0.2199999988079071,0.26249998807907104,0.33500000834465027,0.48750001192092896,0.47749999165534973,0.4749999940395355,0.4749999940395355,0.4124999940395355,0.2475000023841858,0.17749999463558197,0.14000000059604645,0.11749999970197678,0.10000000149011612,0.08749999850988388,0.07999999821186066,0.07249999791383743,0.06750000268220901,0.06499999761581421,0.0625,0.05999999865889549
1785945646047394601,0.3206160068511963,-0.15301980078220367,1.2140483856201172,1.2685002088546753,-4.278329849243164,-1.4515677690505981,-0.26697370409965515,-0.058708272874355316,0.12999999523162842,0.14000000059604645,0.1550000011920929,0.17249999940395355,0.20000000298023224,0.23749999701976776,0.29499998688697815,0.39500001072883606,0.47999998927116394,0.4749999940395355,0.4749999940395355,0.47749999165534973,0.3050000071525574,0.21250000596046448,0.16249999403953552,0.13249999284744263,0.11249999701976776,0.10000000149011612,0.09000000357627869,0.08250000327825546,0.07750000059604645,0.07249999791383743,0.06750000268220901,0.06499999761581421
1785945646148010221,0.21418200433254242,-0.12815813720226288,1.2212740182876587,1.2751892805099487,-4.277093887329102,-1.4333937168121338,-0.26697152853012085,-0.05872698873281479,0.125,0.13249999284744263,0.14749999344348907,0.16249999403953552,0.1875,0.2199999988079071,0.27000001072883606,0.35249999165534973,0.47999998927116394,0.4724999964237213,0.4724999964237213,0.4724999964237213,0.36250001192092896,0.23999999463558197,0.18000000715255737,0.14499999582767487,0.12250000238418579,0.10750000178813934,0.0949999988079071,0.08749999850988388,0.07999999821186066,0.07500000298023224,0.07249999791383743,0.07000000029802322
1785945646246039556,0.09789299964904785,-0.12815813720226288,1.2277911901474,1.2860169410705566,-4.290637016296387,-1.4442205429077148,-0.2669752240180969,-0.05871764197945595,0.125,0.13249999284744263,0.14749999344348907,0.16249999403953552,0.1875,0.2199999988079071,0.27000001072883606,0.35249999165534973,0.47999998927116394,0.4724999964237213,0.4724999964237213,0.4724999964237213,0.36250001192092896,0.23999999463558197,0.18000000715255737,0.14499999582767487,0.12250000238418579,0.10750000178813934,0.0949999988079071,0.08749999850988388,0.07999999821186066,0.07500000298023224,0.07249999791383743,0.07000000029802322
1785945646348522689,0.02168099954724312,-0.08543099462985992,1.224826455116272,1.2835371494293213,-4.262345314025879,-1.3990148305892944,-0.26697418093681335,-0.05871829390525818,0.10999999940395355,0.11999999731779099,0.12999999523162842,0.14249999821186066,0.1599999964237213,0.1875,0.22499999403953552,0.2824999988079071,0.38999998569488525,0.4749999940395355,0.4724999964237213,0.4724999964237213,0.4749999940395355,0.3199999928474426,0.22750000655651093,0.18000000715255737,0.14749999344348907,0.1274999976158142,0.11249999701976776,0.10249999910593033,0.0925000011920929,0.08749999850988388,0.08250000327825546,0.07750000059604645
1785945646447828158,-0.01839599944651127,-0.06550676375627518,1.223702073097229,1.2828290462493896,-4.248994827270508,-1.3783842325210571,-0.2669723331928253,-0.05871200934052467,0.10750000178813934,0.11500000208616257,0.12250000238418579,0.13500000536441803,0.1525000035762787,0.17499999701976776,0.20749999582767487,0.25999999046325684,0.3499999940395355,0.47749999165534973,0.4724999964237213,0.4724999964237213,0.4749999940395355,0.36250001192092896,0.2524999976158142,0.19499999284744263,0.1599999964237213,0.13750000298023224,0.11999999731779099,0.10750000178813934,0.09749999642372131,0.0925000011920929,0.08500000089406967,0.08250000327825546
1785945646546777329,-0.023652000352740288,-0.03407960757613182,1.2227877378463745,1.2824944257736206,-4.228602409362793,-1.3466211557388306,-0.2669740617275238,-0.058707963675260544,0.09749999642372131,0.10499999672174454,0.11249999701976776,0.12250000238418579,0.13750000298023224,0.1574999988079071,0.1850000023841858,0.22499999403953552,0.29499998688697815,0.45500001311302185,0.4724999964237213,0.4724999964237213,0.4724999964237213,0.4424999952316284,0.30000001192092896,0.22499999403953552,0.18250000476837158,0.1525000035762787,0.13249999284744263,0.11999999731779099,0.10750000178813934,0.10000000149011612,0.0949999988079071,0.09000000357627869
1785945646646757666,-0.023652000352740288,-0.03407960757613182,1.2227723598480225,1.2824938297271729,-4.2285847663879395,-1.3466211557388306,-0.2669825851917267,-0.058713819831609726,0.09749999642372131,0.10499999672174454,0.11249999701976776,0.12250000238418579,0.13750000298023224,0.1574999988079071,0.1850000023841858,0.22499999403953552,0.29499998688697815,0.45500001311302185,0.4724999964237213,0.4724999964237213,0.4724999964237213,0.4424999952316284,0.30000001192092896,0.22499999403953552,0.18250000476837158,0.1525000035762787,0.13249999284744263,0.11999999731779099,0.10750000178813934,0.10000000149011612,0.0949999988079071,0.09000000357627869
1785945646747749394,-0.023652000352740288,-0.025855598971247673,1.2222611904144287,1.2825241088867188,-4.222996711730957,-1.3384263515472412,-0.26697489619255066,-0.058705754578113556,0.09749999642372131,0.10499999672174454,0.11249999701976776,0.12250000238418579,0.13750000298023224,0.1550000011920929,0.18250000476837158,0.2224999964237213,0.2874999940395355,0.42500001192092896,0.4749999940395355,0.4724999964237213,0.4724999964237213,0.45750001072883606,0.3100000023841858,0.23000000417232513,0.1850000023841858,0.1550000011920929,0.13500000536441803,0.11999999731779099,0.10999999940395355,0.10000000149011612,0.0949999988079071,0.09000000357627869
1785945646851603287,-0.023652000352740288,-0.022734275087714195,1.2222611904144287,1.2825241088867188,-4.221018314361572,-1.335305094718933,-0.26697489619255066,-0.058705754578113556,0.09749999642372131,0.10499999672174454,0.11249999701976776,0.12250000238418579,0.13500000536441803,0.1550000011920929,0.18000000715255737,0.2199999988079071,0.2849999964237213,0.41999998688697815,0.4749999940395355,0.4724999964237213,0.4724999964237213,0.45750001072883606,0.3149999976158142,0.23250000178813934,0.1850000023841858,0.1574999988079071,0.13500000536441803,0.11999999731779099,0.10999999940395355,0.10000000149011612,0.0949999988079071,0.09000000357627869
1785945646946316363,-0.023652000352740288,-0.022734275087714195,1.221253514289856,1.2823747396469116,-4.219810485839844,-1.3351572751998901,-0.2669806480407715,-0.058708444237709045,0.09749999642372131,0.10499999672174454,0.11249999701976776,0.12250000238418579,0.13500000536441803,0.1550000011920929,0.18000000715255737,0.2199999988079071,0.2849999964237213,0.41999998688697815,0.4749999940395355,0.4724999964237213,0.4724999964237213,0.45750001072883606,0.3149999976158142,0.23250000178813934,0.1850000023841858,0.1574999988079071,0.13500000536441803,0.11999999731779099,0.10999999940395355,0.10000000149011612,0.0949999988079071,0.09000000357627869
1785945647047496480,-0.023652000352740288,-0.028464067727327347,1.2212693691253662,1.2823766469955444,-4.223455429077148,-1.3408870697021484,-0.2669748365879059,-0.05871430039405823,0.09749999642372131,0.10499999672174454,0.11249999701976776,0.12250000238418579,0.13750000298023224,0.1550000011920929,0.18250000476837158,0.2224999964237213,0.28999999165534973,0.4300000071525574,0.4749999940395355,0.4724999964237213,0.4724999964237213,0.45750001072883606,0.3075000047683716,0.23000000417232513,0.1850000023841858,0.1550000011920929,0.13500000536441803,0.11999999731779099,0.10999999940395355,0.10000000149011612,0.0949999988079071,0.09000000357627869
1785945647147830556,-0.023652000352740288,-0.02469463087618351,1.2204512357711792,1.282402515411377,-4.220158100128174,-1.337144374847412,-0.26697948575019836,-0.05872192606329918,0.09749999642372131,0.10499999672174454,0.11249999701976776,0.12250000238418579,0.13500000536441803,0.1550000011920929,0.18000000715255737,0.2199999988079071,0.2849999964237213,0.42250001430511475,0.4749999940395355,0.4724999964237213,0.4724999964237213,0.45750001072883606,0.3125,0.23250000178813934,0.1850000023841858,0.1550000011920929,0.13500000536441803,0.11999999731779099,0.10999999940395355,0.10000000149011612,0.0949999988079071,0.09000000357627869
1785945647247325567,-0.023652000352740288,-0.028203221037983894,1.2204512357711792,1.282402515411377,-4.222375869750977,-1.3406529426574707,-0.26697948575019836,-0.05872192606329918,0.09749999642372131,0.10499999672174454,0.11249999701976776,0.12250000238418579,0.13750000298023224,0.1550000011920929,0.18250000476837158,0.2224999964237213,0.28999999165534973,0.4300000071525574,0.4749999940395355,0.4724999964237213,0.4724999964237213,0.45750001072883606,0.3075000047683716,0.23000000417232513,0.1850000023841858,0.1550000011920929,0.13500000536441803,0.11999999731779099,0.10999999940395355,0.10000000149011612,0.0949999988079071,0.09000000357627869
1785945647347500118,-0.023652000352740288,-0.028203221037983894,1.2201565504074097,1.2823578119277954,-4.222009181976318,-1.340606927871704,-0.26697298884391785,-0.05872230976819992,0.09749999642372131,0.10499999672174454,0.11249999701976776,0.12250000238418579,0.13750000298023224,0.1550000011920929,0.18250000476837158,0.2224999964237213,0.28999999165534973,0.4300000071525574,0.4749999940395355,0.4724999964237213,0.4724999964237213,0.45750001072883606,0.3075000047683716,0.23000000417232513,0.1850000023841858,0.1550000011920929,0.13500000536441803,0.11999999731779099,0.10999999940395355,0.10000000149011612,0.0949999988079071,0.09000000357627869
1785945647447297538,-0.023652000352740288,-0.031672943383455276,1.2199046611785889,1.28233003616333,-4.223886489868164,-1.3440468311309814,-0.26698023080825806,-0.05871846154332161,0.09749999642372131,0.10499999672174454,0.11249999701976776,0.12250000238418579,0.13750000298023224,0.1574999988079071,0.18250000476837158,0.22499999403953552,0.29249998927116394,0.4375,0.4749999940395355,0.4724999964237213,0.4724999964237213,0.44999998807907104,0.30250000953674316,0.22750000655651093,0.18250000476837158,0.1550000011920929,0.13500000536441803,0.11999999731779099,0.10750000178813934,0.10000000149011612,0.0949999988079071,0.09000000357627869
1785945647549122347,-0.023652000352740288,-0.024494372308254242,1.2199046611785889,1.28233003616333,-4.219357490539551,-1.3368682861328125,-0.26698023080825806,-0.05871846154332161,0.09749999642372131,0.10499999672174454,0.11249999701976776,0.12250000238418579,0.13500000536441803,0.1550000011920929,0.18000000715255737,0.2199999988079071,0.2849999964237213,0.42250001430511475,0.4749999940395355,0.4724999964237213,0.4724999964237213,0.45750001072883606,0.3125,0.23250000178813934,0.1850000023841858,0.1550000011920929,0.13500000536441803,0.11999999731779099,0.10999999940395355,0.10000000149011612,0.0949999988079071,0.09000000357627869
1785945647648247650,-0.023652000352740288,-0.024494372308254242,1.2196859121322632,1.2825689315795898,-4.2192487716674805,-1.337109923362732,-0.26698070764541626,-0.058701593428850174,0.09749999642372131,0.10499999672174454,0.11249999701976776,0.12250000238418579,0.13500000536441803,0.1550000011920929,0.18000000715255737,0.2199999988079071,0.2849999964237213,0.42250001430511475,0.4749999940395355,0.4724999964237213,0.4724999964237213,0.45750001072883606,0.3125,0.23250000178813934,0.1850000023841858,0.1550000011920929,0.13500000536441803,0.11999999731779099,0.10999999940395355,0.10000000149011612,0.0949999988079071,0.09000000357627869
1785945647747450461,-0.023652000352740288,-0.02670307457447052,1.2196859121322632,1.2825689315795898,-4.220647811889648,-1.3393186330795288,-0.26698070764541626,-0.058701593428850174,0.09749999642372131,0.10499999672174454,0.11249999701976776,0.12250000238418579,0.13750000298023224,0.1550000011920929,0.18250000476837158,0.2224999964237213,0.2874999940395355,0.42750000953674316,0.4749999940395355,0.4724999964237213,0.4724999964237213,0.45750001072883606,0.3100000023841858,0.23000000417232513,0.1850000023841858,0.1550000011920929,0.13500000536441803,0.11999999731779099,0.10999999940395355,0.10000000149011612,0.0949999988079071,0.09000000357627869
1785945647846375886,-0.023652000352740288,-0.02782473899424076,1.2198816537857056,1.2825689315795898,-4.221646785736084,-1.340442180633545,-0.266976535320282,-0.0587095282971859,0.09749999642372131,0.10499999672174454,0.11249999701976776,0.12250000238418579,0.13750000298023224,0.1550000011920929,0.18250000476837158,0.2224999964237213,0.28999999165534973,0.4300000071525574,0.4749999940395355,0.4724999964237213,0.4724999964237213,0.45750001072883606,0.3075000047683716,0.23000000417232513,0.1850000023841858,0.1550000011920929,0.13500000536441803,0.11999999731779099,0.10999999940395355,0.10000000149011612,0.0949999988079071,0.09000000357627869
1785945647947233626,-0.023652000352740288,-0.02840583585202694,1.2198816537857056,1.2825689315795898,-4.222013473510742,-1.3410232067108154,-0.266976535320282,-0.0587095282971859,0.09749999642372131,0.10499999672174454,0.11249999701976776,0.12250000238418579,0.13750000298023224,0.1550000011920929,0.18250000476837158,0.2224999964237213,0.28999999165534973,0.4300000071525574,0.4749999940395355,0.4724999964237213,0.4724999964237213,0.45750001072883606,0.3075000047683716,0.23000000417232513,0.1850000023841858,0.1550000011920929,0.13500000536441803,0.11999999731779099,0.10999999940395355,0.10000000149011612,0.0949999988079071,0.09000000357627869
1785945648047186955,-0.023652000352740288,-0.02840583585202694,1.2181147336959839,1.282335877418518,-4.219947814941406,-1.3407886028289795,-0.26697319746017456,-0.05872240290045738,0.09749999642372131,0.10499999672174454,0.11249999701976776,0.12250000238418579,0.13750000298023224,0.1550000011920929,0.18250000476837158,0.2224999964237213,0.28999999165534973,0.4300000071525574,0.4749999940395355,0.4724999964237213,0.4724999964237213,0.45750001072883606,0.3075000047683716,0.23000000417232513,0.1850000023841858,0.1550000011920929,0.13500000536441803,0.11999999731779099,0.10999999940395355,0.10000000149011612,0.0949999988079071,0.09000000357627869
1785945648153753057,-0.023652000352740288,-0.030062105506658554,1.2165955305099487,1.2821805477142334,-4.2192559242248535,-1.3422881364822388,-0.2669820487499237,-0.05872910097241402,0.09749999642372131,0.10499999672174454,0.11249999701976776,0.12250000238418579,0.13750000298023224,0.1550000011920929,0.18250000476837158,0.22499999403953552,0.28999999165534973,0.4350000023841858,0.4749999940395355,0.4724999964237213,0.4724999964237213,0.45249998569488525,0.3050000071525574,0.22750000655651093,0.18250000476837158,0.1550000011920929,0.13500000536441803,0.11999999731779099,0.10999999940395355,0.10000000149011612,0.0949999988079071,0.09000000357627869
1785945648247160302,-0.023652000352740288,-0.027279328554868698,1.213801622390747,1.2772024869918823,-4.210930347442627,-1.3345279693603516,-0.26697567105293274,-0.058713991194963455,0.09749999642372131,0.10499999672174454,0.11249999701976776,0.12250000238418579,0.13750000298023224,0.1550000011920929,0.18250000476837158,0.2224999964237213,0.2874999940395355,0.42750000953674316,0.4749999940395355,0.4724999964237213,0.4724999964237213,0.45750001072883606,0.3075000047683716,0.23000000417232513,0.1850000023841858,0.1550000011920929,0.13500000536441803,0.11999999731779099,0.10999999940395355,0.10000000149011612,0.0949999988079071,0.09000000357627869
1785945648347604749,-0.023652000352740288,-0.028010230511426926,1.2114990949630737,1.2743383646011353,-4.206841468811035,-1.3323979377746582,-0.26697394251823425,-0.05870642140507698,0.09749999642372131,0.10499999672174454,0.11249999701976776,0.12250000238418579,0.13750000298023224,0.1550000011920929,0.18250000476837158,0.2224999964237213,0.28999999165534973,0.4300000071525574,0.4749999940395355,0.4724999964237213,0.4724999964237213,0.45750001072883606,0.3075000047683716,0.23000000417232513,0.1850000023841858,0.1550000011920929,0.13500000536441803,0.11999999731779099,0.10999999940395355,0.10000000149011612,0.0949999988079071,0.09000000357627869
1785945648447905800,-0.023652000352740288,-0.028010230511426926,1.2114990949630737,1.2743383646011353,-4.206841468811035,-1.3323979377746582,-0.26697394251823425,-0.05870642140507698,0.09749999642372131,0.10499999672174454,0.11249999701976776,0.12250000238418579,0.13750000298023224,0.1550000011920929,0.18250000476837158,0.2224999964237213,0.28999999165534973,0.4300000071525574,0.4749999940395355,0.4724999964237213,0.4724999964237213,0.45750001072883606,0.3075000047683716,0.23000000417232513,0.1850000023841858,0.1550000011920929,0.13500000536441803,0.11999999731779099,0.10999999940395355,0.10000000149011612,0.0949999988079071,0.09000000357627869
1785945648546288522,-0.023652000352740288,-0.026131026446819305,1.207405924797058,1.27113676071167,-4.198905944824219,-1.3273136615753174,-0.2669762074947357,-0.05872035399079323,0.09749999642372131,0.10499999672174454,0.11249999701976776,0.12250000238418579,0.13750000298023224,0.1550000011920929,0.18250000476837158,0.2224999964237213,0.2874999940395355,0.42500001192092896,0.4749999940395355,0.4724999964237213,0.4724999964237213,0.45750001072883606,0.3100000023841858,0.23000000417232513,0.1850000023841858,0.1550000011920929,0.13500000536441803,0.11999999731779099,0.10999999940395355,0.10000000149011612,0.0949999988079071,0.09000000357627869
1785945648647453887,-0.023652000352740288,-0.025077112019062042,1.207405924797058,1.27113676071167,-4.198227405548096,-1.326259732246399,-0.2669762074947357,-0.05872035399079323,0.09749999642372131,0.10499999672174454,0.11249999701976776,0.12250000238418579,0.13500000536441803,0.1550000011920929,0.18250000476837158,0.2199999988079071,0.2874999940395355,0.42250001430511475,0.4749999940395355,0.4724999964237213,0.4724999964237213,0.45750001072883606,0.3100000023841858,0.23000000417232513,0.1850000023841858,0.1550000011920929,0.13500000536441803,0.11999999731779099,0.10999999940395355,0.10000000149011612,0.0949999988079071,0.09000000357627869
1785945648746766076,-0.023652000352740288,-0.025077112019062042,1.2043513059616089,1.2690017223358154,-4.193497180938721,-1.3241263628005981,-0.26698368787765503,-0.0587092861533165,0.09749999642372131,0.10499999672174454,0.11249999701976776,0.12250000238418579,0.13500000536441803,0.1550000011920929,0.18250000476837158,0.2199999988079071,0.2874999940395355,0.42250001430511475,0.4749999940395355,0.4724999964237213,0.4724999964237213,0.45750001072883606,0.3100000023841858,0.23000000417232513,0.1850000023841858,0.1550000011920929,0.13500000536441803,0.11999999731779099,0.10999999940395355,0.10000000149011612,0.0949999988079071,0.09000000357627869
1785945648846685292,-0.023652000352740288,-0.02810121327638626,1.2043513059616089,1.2690017223358154,-4.195446491241455,-1.3271504640579224,-0.26698368787765503,-0.0587092861533165,0.09749999642372131,0.10499999672174454,0.11249999701976776,0.12250000238418579,0.13750000298023224,0.1550000011920929,0.18250000476837158,0.2224999964237213,0.28999999165534973,0.4300000071525574,0.4749999940395355,0.4724999964237213,0.4724999964237213,0.45750001072883606,0.3075000047683716,0.23000000417232513,0.1850000023841858,0.1550000011920929,0.13500000536441803,0.11999999731779099,0.10999999940395355,0.10000000149011612,0.0949999988079071,0.09000000357627869
1785945648947618970,-0.023652000352740288,-0.02906910888850689,1.2029653787612915,1.268301010131836,-4.194108963012695,-1.327415108680725,-0.2669738233089447,-0.0587230920791626,0.09749999642372131,0.10499999672174454,0.11249999701976776,0.12250000238418579,0.13750000298023224,0.1550000011920929,0.18250000476837158,0.2224999964237213,0.28999999165534973,0.4325000047683716,0.4749999940395355,0.4724999964237213,0.4724999964237213,0.45500001311302185,0.3075000047683716,0.22750000655651093,0.18250000476837158,0.1550000011920929,0.13500000536441803,0.11999999731779099,0.10999999940395355,0.10000000149011612,0.0949999988079071,0.09000000357627869
1785945649047445318,-0.023652000352740288,-0.026326889172196388,1.2017804384231567,1.26787269115448,-4.190799236297607,-1.3242480754852295,-0.2669776380062103,-0.05871778726577759,0.09749999642372131,0.10499999672174454,0.11249999701976776,0.12250000238418579,0.13750000298023224,0.1550000011920929,0.18250000476837158,0.2224999964237213,0.2874999940395355,0.42750000953674316,0.4749999940395355,0.4724999964237213,0.4724999964237213,0.45750001072883606,0.3100000023841858,0.23000000417232513,0.1850000023841858,0.1550000011920929,0.13500000536441803,0.11999999731779099,0.10999999940395355,0.10000000149011612,0.0949999988079071,0.09000000357627869
1785945649148211823,-0.023652000352740288,-0.026326889172196388,1.2005105018615723,1.2674715518951416,-4.189183712005615,-1.3238445520401,-0.2669795751571655,-0.058712419122457504,0.09749999642372131,0.10499999672174454,0.11249999701976776,0.12250000238418579,0.13750000298023224,0.1550000011920929,0.18250000476837158,0.2224999964237213,0.2874999940395355,0.42750000953674316,0.4749999940395355,0.4724999964237213,0.4724999964237213,0.45750001072883606,0.3100000023841858,0.23000000417232513,0.1850000023841858,0.1550000011920929,0.13500000536441803,0.11999999731779099,0.10999999940395355,0.10000000149011612,0.0949999988079071,0.09000000357627869
1785945649246842264,-0.023652000352740288,-0.025492975488305092,1.199421763420105,1.2672204971313477,-4.1873369216918945,-1.3227601051330566,-0.2669805884361267,-0.05870627239346504,0.09749999642372131,0.10499999672174454,0.11249999701976776,0.12250000238418579,0.13750000298023224,0.1550000011920929,0.18250000476837158,0.2224999964237213,0.2874999940395355,0.42500001192092896,0.4749999940395355,0.4724999964237213,0.4724999964237213,0.45750001072883606,0.3100000023841858,0.23000000417232513,0.1850000023841858,0.1550000011920929,0.13500000536441803,0.11999999731779099,0.10999999940395355,0.10000000149011612,0.0949999988079071,0.09000000357627869
1785945649348435322,-0.023652000352740288,-0.024106252938508987,1.199421763420105,1.2672204971313477,-4.186438083648682,-1.3213733434677124,-0.2669805884361267,-0.05870627239346504,0.09749999642372131,0.10499999672174454,0.11249999701976776,0.12250000238418579,0.13500000536441803,0.1550000011920929,0.18000000715255737,0.2199999988079071,0.2849999964237213,0.42250001430511475,0.4749999940395355,0.4724999964237213,0.4724999964237213,0.45750001072883606,0.3125,0.23250000178813934,0.1850000023841858,0.1550000011920929,0.13500000536441803,0.11999999731779099,0.10999999940395355,0.10000000149011612,0.0949999988079071,0.09000000357627869
1785945649449081855,-0.023652000352740288,-0.024106252938508987,1.1981889009475708,1.266843318939209,-4.184938907623291,-1.3209952116012573,-0.2669743001461029,-0.058706559240818024,0.09749999642372131,0.10499999672174454,0.11249999701976776,0.12250000238418579,0.13500000536441803,0.1550000011920929,0.18000000715255737,0.2199999988079071,0.2849999964237213,0.42250001430511475,0.4749999940395355,0.4724999964237213,0.4724999964237213,0.45750001072883606,0.3125,0.23250000178813934,0.1850000023841858,0.1550000011920929,0.13500000536441803,0.11999999731779099,0.10999999940395355,0.10000000149011612,0.0949999988079071,0.09000000357627869
1785945649546697098,-0.022995000705122948,-0.026715034618973732,1.1981889009475708,1.266843318939209,-4.1866278648376465,-1.3236039876937866,-0.2669743001461029,-0.058706559240818024,0.09749999642372131,0.10499999672174454,0.11249999701976776,0.12250000238418579,0.13750000298023224,0.1550000011920929,0.18250000476837158,0.2224999964237213,0.2874999940395355,0.42750000953674316,0.4749999940395355,0.4724999964237213,0.4724999964237213,0.45750001072883606,0.3100000023841858,0.23000000417232513,0.1850000023841858,0.1550000011920929,0.13500000536441803,0.11999999731779099,0.10999999940395355,0.10000000149011612,0.0949999988079071,0.09000000357627869
1785945649656378046,-0.023652000352740288,-0.024715619161725044,1.1968520879745483,1.2666692733764648,-4.183818817138672,-1.3214328289031982,-0.2669782042503357,-0.058711256831884384,0.09749999642372131,0.10499999672174454,0.11249999701976776,0.12250000238418579,0.13500000536441803,0.1550000011920929,0.18250000476837158,0.2199999988079071,0.2849999964237213,0.42250001430511475,0.4749999940395355,0.4724999964237213,0.4724999964237213,0.45750001072883606,0.3125,0.23250000178813934,0.1850000023841858,0.1550000011920929,0.13500000536441803,0.11999999731779099,0.10999999940395355,0.10000000149011612,0.0949999988079071,0.09000000357627869
1785945649746996503,-0.023652000352740288,-0.0256178118288517,1.1957165002822876,1.2665644884109497,-4.183157444000244,-1.3222283124923706,-0.2669732868671417,-0.05872011184692383,0.09749999642372131,0.10499999672174454,0.11249999701976776,0.12250000238418579,0.13750000298023224,0.1550000011920929,0.18250000476837158,0.2224999964237213,0.2874999940395355,0.42500001192092896,0.4749999940395355,0.4724999964237213,0.4724999964237213,0.45750001072883606,0.3100000023841858,0.23000000417232513,0.1850000023841858,0.1550000011920929,0.13500000536441803,0.11999999731779099,0.10999999940395355,0.10000000149011612,0.0949999988079071,0.09000000357627869
1785945649852386474,-0.023652000352740288,-0.0256178118288517,1.1957165002822876,1.2665644884109497,-4.183157444000244,-1.3222283124923706,-0.2669732868671417,-0.05872011184692383,0.09749999642372131,0.10499999672174454,0.11249999701976776,0.12250000238418579,0.13750000298023224,0.1550000011920929,0.18250000476837158,0.2224999964237213,0.2874999940395355,0.42500001192092896,0.4749999940395355,0.4724999964237213,0.4724999964237213,0.45750001072883606,0.3100000023841858,0.23000000417232513,0.1850000023841858,0.1550000011920929,0.13500000536441803,0.11999999731779099,0.10999999940395355,0.10000000149011612,0.0949999988079071,0.09000000357627869
1785945649946896216,-0.023652000352740288,-0.02686268463730812,1.1945648193359375,1.2664719820022583,-4.182731628417969,-1.323384404182434,-0.2669769823551178,-0.0587085485458374,0.09749999642372131,0.10499999672174454,0.11249999701976776,0.12250000238418579,0.13750000298023224,0.1550000011920929,0.18250000476837158,0.2224999964237213,0.2874999940395355,0.42750000953674316,0.4749999940395355,0.4724999964237213,0.4724999964237213,0.45750001072883606,0.3100000023841858,0.23000000417232513,0.1850000023841858,0.1550000011920929,0.13500000536441803,0.11999999731779099,0.10999999940395355,0.10000000149011612,0.0949999988079071,0.09000000357627869
1785945650053167270,-0.023652000352740288,-0.027044953778386116,1.1945648193359375,1.2664719820022583,-4.182848930358887,-1.3235666751861572,-0.2669769823551178,-0.0587085485458374,0.09749999642372131,0.10499999672174454,0.11249999701976776,0.12250000238418579,0.13750000298023224,0.1550000011920929,0.18250000476837158,0.2224999964237213,0.2874999940395355,0.42750000953674316,0.4749999940395355,0.4724999964237213,0.4724999964237213,0.45750001072883606,0.3100000023841858,0.23000000417232513,0.1850000023841858,0.1550000011920929,0.13500000536441803,0.11999999731779099,0.10999999940395355,0.10000000149011612,0.0949999988079071,0.09000000357627869
1785945650157587228,-0.023652000352740288,-0.027044953778386116,1.1938821077346802,1.2664318084716797,-4.182116985321045,-1.323523998260498,-0.2669743299484253,-0.05870313197374344,0.09749999642372131,0.10499999672174454,0.11249999701976776,0.12250000238418579,0.13750000298023224,0.1550000011920929,0.18250000476837158,0.2224999964237213,0.2874999940395355,0.42750000953674316,0.4749999940395355,0.4724999964237213,0.4724999964237213,0.45750001072883606,0.3100000023841858,0.23000000417232513,0.1850000023841858,0.1550000011920929,0.13500000536441803,0.11999999731779099,0.10999999940395355,0.10000000149011612,0.0949999988079071,0.09000000357627869
1785945650259059898,-0.023652000352740288,-0.02844289317727089,1.1933035850524902,1.2664021253585815,-4.182407379150391,-1.3248920440673828,-0.2669755518436432,-0.058720894157886505,0.09749999642372131,0.10499999672174454,0.11249999701976776,0.12250000238418579,0.13750000298023224,0.1550000011920929,0.18250000476837158,0.2224999964237213,0.28999999165534973,0.4300000071525574,0.4749999940395355,0.4724999964237213,0.4724999964237213,0.45750001072883606,0.3075000047683716,0.23000000417232513,0.1850000023841858,0.1550000011920929,0.13500000536441803,0.11999999731779099,0.10999999940395355,0.10000000149011612,0.0949999988079071,0.09000000357627869
1785945650349134979,-0.023652000352740288,-0.02989853173494339,1.1933035850524902,1.2664021253585815,-4.183345317840576,-1.3263477087020874,-0.2669755518436432,-0.058720894157886505,0.09749999642372131,0.10499999672174454,0.11249999701976776,0.12250000238418579,0.13750000298023224,0.1550000011920929,0.18250000476837158,0.2224999964237213,0.28999999165534973,0.4350000023841858,0.4749999940395355,0.4724999964237213,0.4724999964237213,0.45500001311302185,0.3050000071525574,0.22750000655651093,0.18250000476837158,0.1550000011920929,0.13500000536441803,0.11999999731779099,0.10999999940395355,0.10000000149011612,0.0949999988079071,0.09000000357627869
1785945650448415967,-0.023652000352740288,-0.02989853173494339,1.191868543624878,1.2664577960968018,-4.181857109069824,-1.3264027833938599,-0.2669762969017029,-0.0587107390165329,0.09749999642372131,0.10499999672174454,0.11249999701976776,0.12250000238418579,0.13750000298023224,0.1550000011920929,0.18250000476837158,0.2224999964237213,0.28999999165534973,0.4350000023841858,0.4749999940395355,0.4724999964237213,0.4724999964237213,0.45500001311302185,0.3050000071525574,0.22750000655651093,0.18250000476837158,0.1550000011920929,0.13500000536441803,0.11999999731779099,0.10999999940395355,0.10000000149011612,0.0949999988079071,0.09000000357627869
1785945650547613817,-0.023652000352740288,-0.02809782512485981,1.191868543624878,1.2664577960968018,-4.180696487426758,-1.3246021270751953,-0.2669762969017029,-0.0587107390165329,0.09749999642372131,0.10499999672174454,0.11249999701976776,0.12250000238418579,0.13750000298023224,0.1550000011920929,0.18250000476837158,0.2224999964237213,0.28999999165534973,0.4300000071525574,0.4749999940395355,0.4724999964237213,0.4724999964237213,0.45750001072883606,0.3075000047683716,0.23000000417232513,0.1850000023841858,0.1550000011920929,0.13500000536441803,0.11999999731779099,0.10999999940395355,0.10000000149011612,0.0949999988079071,0.09000000357627869
1785945650650215065,-0.023652000352740288,-0.02809782512485981,1.1913080215454102,1.266420841217041,-4.180090427398682,-1.3245664834976196,-0.2669803202152252,-0.058710817247629166,0.09749999642372131,0.10499999672174454,0.11249999701976776,0.12250000238418579,0.13750000298023224,0.1550000011920929,0.18250000476837158,0.2224999964237213,0.28999999165534973,0.4300000071525574,0.4749999940395355,0.4724999964237213,0.4724999964237213,0.45750001072883606,0.3075000047683716,0.23000000417232513,0.1850000023841858,0.1550000011920929,0.13500000536441803,0.11999999731779099,0.10999999940395355,0.10000000149011612,0.0949999988079071,0.09000000357627869
1785945650747489498,-0.023652000352740288,-0.030153067782521248,1.1908379793167114,1.2663969993591309,-4.180916786193848,-1.3265982866287231,-0.2669685184955597,-0.058713026344776154,0.09749999642372131,0.10499999672174454,0.11249999701976776,0.12250000238418579,0.13750000298023224,0.1550000011920929,0.18250000476837158,0.22499999403953552,0.28999999165534973,0.4350000023841858,0.4749999940395355,0.4724999964237213,0.4724999964237213,0.45249998569488525,0.3050000071525574,0.22750000655651093,0.18250000476837158,0.1550000011920929,0.13500000536441803,0.11999999731779099,0.10999999940395355,0.10000000149011612,0.0949999988079071,0.09000000357627869
1785945650994334296,-0.023652000352740288,-0.030153067782521248,1.1908379793167114,1.2663969993591309,-4.180916786193848,-1.3265982866287231,-0.2669685184955597,-0.058713026344776154,0.09749999642372131,0.10499999672174454,0.11249999701976776,0.12250000238418579,0.13750000298023224,0.1550000011920929,0.18250000476837158,0.22499999403953552,0.28999999165534973,0.4350000023841858,0.4749999940395355,0.4724999964237213,0.4724999964237213,0.45249998569488525,0.3050000071525574,0.22750000655651093,0.18250000476837158,0.1550000011920929,0.13500000536441803,0.11999999731779099,0.10999999940395355,0.10000000149011612,0.0949999988079071,0.09000000357627869
1785945651047055395,-0.022995000705122948,-0.026148948818445206,1.191095232963562,1.2665023803710938,-4.1787614822387695,-1.322699785232544,-0.26698094606399536,-0.05871258303523064,0.09749999642372131,0.10499999672174454,0.11249999701976776,0.12250000238418579,0.13750000298023224,0.1550000011920929,0.18250000476837158,0.2224999964237213,0.2874999940395355,0.42500001192092896,0.4749999940395355,0.4724999964237213,0.4724999964237213,0.45750001072883606,0.3100000023841858,0.23000000417232513,0.1850000023841858,0.1550000011920929,0.13500000536441803,0.11999999731779099,0.10999999940395355,0.10000000149011612,0.0949999988079071,0.09000000357627869
1785945651146648520,-0.01905299909412861,-0.027773691341280937,1.1903080940246582,1.2663075923919678,-4.178920745849609,-1.3241291046142578,-0.2669721841812134,-0.058707717806100845,0.09749999642372131,0.10499999672174454,0.11249999701976776,0.12250000238418579,0.13750000298023224,0.1550000011920929,0.18250000476837158,0.2224999964237213,0.28999999165534973,0.4300000071525574,0.4749999940395355,0.4724999964237213,0.4724999964237213,0.45750001072883606,0.3075000047683716,0.23000000417232513,0.1850000023841858,0.1550000011920929,0.13500000536441803,0.11999999731779099,0.10999999940395355,0.10000000149011612,0.0949999988079071,0.09000000357627869
1785945651246311152,0.01839599944651127,-0.027773691341280937,1.193613052368164,1.2663075923919678,-4.182526111602783,-1.3241291046142578,-0.2669811546802521,-0.05872325971722603,0.09749999642372131,0.10499999672174454,0.11249999701976776,0.12250000238418579,0.13750000298023224,0.1550000011920929,0.18250000476837158,0.2224999964237213,0.28999999165534973,0.4300000071525574,0.4749999940395355,0.4724999964237213,0.4724999964237213,0.45750001072883606,0.3075000047683716,0.23000000417232513,0.1850000023841858,0.1550000011920929,0.13500000536441803,0.11999999731779099,0.10999999940395355,0.10000000149011612,0.0949999988079071,0.09000000357627869
1785945651352686049,0.06635700166225433,-0.02575010620057583,1.1956596374511719,1.2662410736083984,-4.183462619781494,-1.3220361471176147,-0.26697802543640137,-0.0587061271071434,0.09749999642372131,0.10499999672174454,0.11249999701976776,0.12250000238418579,0.13750000298023224,0.1550000011920929,0.18250000476837158,0.2224999964237213,0.2874999940395355,0.42500001192092896,0.4749999940395355,0.4724999964237213,0.4724999964237213,0.45750001072883606,0.3100000023841858,0.23000000417232513,0.1850000023841858,0.1550000011920929,0.13500000536441803,0.11999999731779099,0.10999999940395355,0.10000000149011612,0.0949999988079071,0.09000000357627869
1785945651446605757,0.11168999969959259,-0.029426634311676025,1.227657437324524,1.2661361694335938,-4.220573902130127,-1.3256123065948486,-0.2669757902622223,-0.05870689079165459,0.09749999642372131,0.10499999672174454,0.11249999701976776,0.12250000238418579,0.13750000298023224,0.1550000011920929,0.18250000476837158,0.2224999964237213,0.28999999165534973,0.4325000047683716,0.4749999940395355,0.4724999964237213,0.4724999964237213,0.45500001311302185,0.3050000071525574,0.22750000655651093,0.18250000476837158,0.1550000011920929,0.13500000536441803,0.11999999731779099,0.10999999940395355,0.10000000149011612,0.0949999988079071,0.09000000357627869
1785945651548970006,0.16162200272083282,-0.029426634311676025,1.2405377626419067,1.2669119834899902,-4.235058784484863,-1.3263859748840332,-0.26697683334350586,-0.058706190437078476,0.09749999642372131,0.10499999672174454,0.11249999701976776,0.12250000238418579,0.13750000298023224,0.1550000011920929,0.18250000476837158,0.2224999964237213,0.28999999165534973,0.4325000047683716,0.4749999940395355,0.4724999964237213,0.4724999964237213,0.45500001311302185,0.3050000071525574,0.22750000655651093,0.18250000476837158,0.1550000011920929,0.13500000536441803,0.11999999731779099,0.10999999940395355,0.10000000149011612,0.0949999988079071,0.09000000357627869
1785945651647507452,0.20432700216770172,-0.02706841006875038,1.2779775857925415,1.2746180295944214,-4.279372215270996,-1.3317314386367798,-0.2669714689254761,-0.05872423201799393,0.09749999642372131,0.10499999672174454,0.11249999701976776,0.12250000238418579,0.13750000298023224,0.1550000011920929,0.18250000476837158,0.2224999964237213,0.2874999940395355,0.42750000953674316,0.4749999940395355,0.4724999964237213,0.4724999964237213,0.45750001072883606,0.3100000023841858,0.23000000417232513,0.1850000023841858,0.1550000011920929,0.13500000536441803,0.11999999731779099,0.10999999940395355,0.10000000149011612,0.0949999988079071,0.09000000357627869
1785945651747178980,0.22929300367832184,-0.024685364216566086,1.2991422414779663,1.2816983461380005,-4.305439472198486,-1.3364336490631104,-0.2669714093208313,-0.05871977284550667,0.09749999642372131,0.10499999672174454,0.11249999701976776,0.12250000238418579,0.13500000536441803,0.1550000011920929,0.18000000715255737,0.2199999988079071,0.2849999964237213,0.42250001430511475,0.4749999940395355,0.4724999964237213,0.4724999964237213,0.45750001072883606,0.3125,0.23250000178813934,0.1850000023841858,0.1550000011920929,0.13500000536441803,0.11999999731779099,0.10999999940395355,0.10000000149011612,0.0949999988079071,0.09000000357627869
1785945651847778280,0.20695500075817108,-0.025226984173059464,1.3098520040512085,1.2854032516479492,-4.3197197914123535,-1.3406802415847778,-0.2669806182384491,-0.05871692672371864,0.09749999642372131,0.10499999672174454,0.11249999701976776,0.12250000238418579,0.13500000536441803,0.1550000011920929,0.18250000476837158,0.2199999988079071,0.2874999940395355,0.42500001192092896,0.4749999940395355,0.4724999964237213,0.4724999964237213,0.45750001072883606,0.3100000023841858,0.23000000417232513,0.1850000023841858,0.1550000011920929,0.13500000536441803,0.11999999731779099,0.10999999940395355,0.10000000149011612,0.0949999988079071,0.09000000357627869
1785945651947021347,0.14388300478458405,-0.025226984173059464,1.313562273979187,1.2866291999816895,-4.324498653411865,-1.3419041633605957,-0.26697638630867004,-0.05870891362428665,0.09749999642372131,0.10499999672174454,0.11249999701976776,0.12250000238418579,0.13500000536441803,0.1550000011920929,0.18250000476837158,0.2199999988079071,0.2874999940395355,0.42500001192092896,0.4749999940395355,0.4724999964237213,0.4724999964237213,0.45750001072883606,0.3100000023841858,0.23000000417232513,0.1850000023841858,0.1550000011920929,0.13500000536441803,0.11999999731779099,0.10999999940395355,0.10000000149011612,0.0949999988079071,0.09000000357627869
1785945652046659787,0.056501999497413635,-0.02309536002576351,1.3083301782608032,1.2843067646026611,-4.316101551055908,-1.3374472856521606,-0.2669733762741089,-0.058716338127851486,0.09749999642372131,0.10499999672174454,0.11249999701976776,0.12250000238418579,0.13500000536441803,0.1550000011920929,0.18000000715255737,0.2199999988079071,0.2849999964237213,0.41999998688697815,0.4749999940395355,0.4724999964237213,0.4724999964237213,0.45750001072883606,0.3125,0.23250000178813934,0.1850000023841858,0.1550000011920929,0.13500000536441803,0.11999999731779099,0.10999999940395355,0.10000000149011612,0.0949999988079071,0.09000000357627869
1785945652146335059,-0.004598999861627817,-0.010385913774371147,1.307368278503418,1.2838038206100464,-4.306844711303711,-1.3242347240447998,-0.26697948575019836,-0.058709025382995605,0.0949999988079071,0.10000000149011612,0.10750000178813934,0.11749999970197678,0.12999999523162842,0.14749999344348907,0.17000000178813934,0.20749999582767487,0.26499998569488525,0.3725000023841858,0.4749999940395355,0.4724999964237213,0.4724999964237213,0.47749999165534973,0.3400000035762787,0.25,0.19750000536441803,0.16500000655651093,0.14249999821186066,0.1274999976158142,0.11500000208616257,0.10499999672174454,0.09749999642372131,0.0925000011920929
1785945652250631974,-0.023652000352740288,-0.010385913774371147,1.3069545030593872,1.2837228775024414,-4.306396007537842,-1.3241583108901978,-0.26698002219200134,-0.058707475662231445,0.0949999988079071,0.10000000149011612,0.10750000178813934,0.11749999970197678,0.12999999523162842,0.14749999344348907,0.17000000178813934,0.20749999582767487,0.26499998569488525,0.3725000023841858,0.4749999940395355,0.4724999964237213,0.4724999964237213,0.47749999165534973,0.3400000035762787,0.25,0.19750000536441803,0.16500000655651093,0.14249999821186066,0.1274999976158142,0.11500000208616257,0.10499999672174454,0.09749999642372131,0.0925000011920929
1785945652347620477,-0.023652000352740288,0.010119489394128323,1.305958867073059,1.2844160795211792,-4.292815685272217,-1.3043420314788818,-0.2669786810874939,-0.05871377885341644,0.09000000357627869,0.0949999988079071,0.10249999910593033,0.10999999940395355,0.12250000238418579,0.13750000298023224,0.1599999964237213,0.19249999523162842,0.23999999463558197,0.33000001311302185,0.47749999165534973,0.4724999964237213,0.4724999964237213,0.4749999940395355,0.3824999928474426,0.27250000834465027,0.21250000596046448,0.17749999463558197,0.1525000035762787,0.13249999284744263,0.11999999731779099,0.10999999940395355,0.10249999910593033,0.09749999642372131
1785945652447701522,-0.023652000352740288,0.019384052604436874,1.3057514429092407,1.2843908071517944,-4.286569118499756,-1.2950541973114014,-0.26697811484336853,-0.058712005615234375,0.08749999850988388,0.0925000011920929,0.09749999642372131,0.10750000178813934,0.11749999970197678,0.13249999284744263,0.1525000035762787,0.18250000476837158,0.22750000655651093,0.3075000047683716,0.47749999165534973,0.4724999964237213,0.4724999964237213,0.4749999940395355,0.4124999940395355,0.28999999165534973,0.22499999403953552,0.1850000023841858,0.1574999988079071,0.14000000059604645,0.125,0.11500000208616257,0.10750000178813934,0.10000000149011612
1785945652546510272,-0.023652000352740288,0.02170718088746071,1.3056451082229614,1.2843759059906006,-4.284946441650391,-1.292714238166809,-0.2669801414012909,-0.058716244995594025,0.08749999850988388,0.0925000011920929,0.09749999642372131,0.10499999672174454,0.11749999970197678,0.13249999284744263,0.1525000035762787,0.18000000715255737,0.22499999403953552,0.3050000071525574,0.47749999165534973,0.4724999964237213,0.4724999964237213,0.4749999940395355,0.41749998927116394,0.29249998927116394,0.22499999403953552,0.1850000023841858,0.1574999988079071,0.14000000059604645,0.125,0.11500000208616257,0.10750000178813934,0.10000000149011612
1785945652648522030,-0.023652000352740288,0.02170718088746071,1.305694818496704,1.2843754291534424,-4.284998893737793,-1.2927147150039673,-0.26697540283203125,-0.05872189998626709,0.08749999850988388,0.0925000011920929,0.09749999642372131,0.10499999672174454,0.11749999970197678,0.13249999284744263,0.1525000035762787,0.18000000715255737,0.22499999403953552,0.3050000071525574,0.47749999165534973,0.4724999964237213,0.4724999964237213,0.4749999940395355,0.41749998927116394,0.29249998927116394,0.22499999403953552,0.1850000023841858,0.1574999988079071,0.14000000059604645,0.125,0.11500000208616257,0.10750000178813934,0.10000000149011612
1785945652746082455,-0.023652000352740288,0.015601766295731068,1.3053735494613647,1.2844057083129883,-4.288739204406738,-1.2988513708114624,-0.26697680354118347,-0.05871778354048729,0.09000000357627869,0.0949999988079071,0.10249999910593033,0.10999999940395355,0.12250000238418579,0.13750000298023224,0.1574999988079071,0.1899999976158142,0.23749999701976776,0.32249999046325684,0.47749999165534973,0.4724999964237213,0.4724999964237213,0.4749999940395355,0.39250001311302185,0.2775000035762787,0.2150000035762787,0.17749999463558197,0.1525000035762787,0.13500000536441803,0.11999999731779099,0.10999999940395355,0.10249999910593033,0.09749999642372131
1785945652847738651,-0.023652000352740288,0.01733042486011982,1.3053735494613647,1.2844057083129883,-4.287610054016113,-1.2971227169036865,-0.26697680354118347,-0.05871778354048729,0.09000000357627869,0.0949999988079071,0.10249999910593033,0.10999999940395355,0.12250000238418579,0.13750000298023224,0.1574999988079071,0.1875,0.23749999701976776,0.3199999928474426,0.47749999165534973,0.4724999964237213,0.4724999964237213,0.4749999940395355,0.39750000834465027,0.2800000011920929,0.2175000011920929,0.17749999463558197,0.1525000035762787,0.13500000536441803,0.12250000238418579,0.11249999701976776,0.10249999910593033,0.09749999642372131
1785945652948558597,-0.023652000352740288,0.01733042486011982,1.3053265810012817,1.284522294998169,-4.287666320800781,-1.2972393035888672,-0.2669823467731476,-0.05872901901602745,0.09000000357627869,0.0949999988079071,0.10249999910593033,0.10999999940395355,0.12250000238418579,0.13750000298023224,0.1574999988079071,0.1875,0.23749999701976776,0.3199999928474426,0.47749999165534973,0.4724999964237213,0.4724999964237213,0.4749999940395355,0.39750000834465027,0.2800000011920929,0.2175000011920929,0.17749999463558197,0.1525000035762787,0.13500000536441803,0.12250000238418579,0.11249999701976776,0.10249999910593033,0.09749999642372131
1785945653046118638,-0.023652000352740288,0.01271804329007864,1.3053265810012817,1.284522294998169,-4.290670871734619,-1.3018516302108765,-0.2669823467731476,-0.05872901901602745,0.09000000357627869,0.0949999988079071,0.10249999910593033,0.10999999940395355,0.12250000238418579,0.13750000298023224,0.1599999964237213,0.1899999976158142,0.23999999463558197,0.32749998569488525,0.47749999165534973,0.4724999964237213,0.4724999964237213,0.4749999940395355,0.38749998807907104,0.2750000059604645,0.2150000035762787,0.17749999463558197,0.1525000035762787,0.13500000536441803,0.11999999731779099,0.10999999940395355,0.10249999910593033,0.09749999642372131
1785945653149586632,-0.023652000352740288,0.013168664649128914,1.3049763441085815,1.2844717502593994,-4.290004253387451,-1.3013519048690796,-0.26697492599487305,-0.05871165543794632,0.09000000357627869,0.0949999988079071,0.10249999910593033,0.10999999940395355,0.12250000238418579,0.13750000298023224,0.1599999964237213,0.1899999976158142,0.23999999463558197,0.32499998807907104,0.47749999165534973,0.4724999964237213,0.4724999964237213,0.4749999940395355,0.38999998569488525,0.2750000059604645,0.2150000035762787,0.17749999463558197,0.1525000035762787,0.13500000536441803,0.11999999731779099,0.10999999940395355,0.10249999910593033,0.09749999642372131
1785945653254068704,-0.024965999647974968,0.01502936240285635,1.3046716451644897,1.2844394445419312,-4.288480758666992,-1.299456000328064,-0.2669777572154999,-0.058711811900138855,0.09000000357627869,0.0949999988079071,0.10249999910593033,0.10999999940395355,0.12250000238418579,0.13750000298023224,0.1574999988079071,0.1899999976158142,0.23749999701976776,0.32499998807907104,0.47749999165534973,0.4724999964237213,0.4724999964237213,0.4749999940395355,0.39250001311302185,0.2775000035762787,0.2150000035762787,0.17749999463558197,0.1525000035762787,0.13500000536441803,0.11999999731779099,0.10999999940395355,0.10249999910593033,0.09749999642372131
1785945653346565170,-0.06767100095748901,0.01502936240285635,1.3053938150405884,1.2842174768447876,-4.2891035079956055,-1.2992358207702637,-0.26698020100593567,-0.05871105566620827,0.09000000357627869,0.0949999988079071,0.10249999910593033,0.10999999940395355,0.12250000238418579,0.13750000298023224,0.1574999988079071,0.1899999976158142,0.23749999701976776,0.32499998807907104,0.47749999165534973,0.4724999964237213,0.4724999964237213,0.4749999940395355,0.39250001311302185,0.2775000035762787,0.2150000035762787,0.17749999463558197,0.1525000035762787,0.13500000536441803,0.11999999731779099,0.10999999940395355,0.10249999910593033,0.09749999642372131
1785945653447104756,-0.1465110033750534,0.01599460281431675,1.305996298789978,1.284091830253601,-4.289034366607666,-1.2981435060501099,-0.2669791281223297,-0.05872350558638573,0.09000000357627869,0.0949999988079071,0.10249999910593033,0.10999999940395355,0.12250000238418579,0.13750000298023224,0.1574999988079071,0.1899999976158142,0.23749999701976776,0.32249999046325684,0.47749999165534973,0.4724999964237213,0.4724999964237213,0.4749999940395355,0.39500001072883606,0.2775000035762787,0.2175000011920929,0.17749999463558197,0.1525000035762787,0.13500000536441803,0.12250000238418579,0.10999999940395355,0.10249999910593033,0.09749999642372131
1785945653547155015,-0.2634570002555847,0.014684833586215973,1.3082226514816284,1.2855889797210693,-4.293337821960449,-1.3009525537490845,-0.2669750452041626,-0.058723852038383484,0.09000000357627869,0.0949999988079071,0.10249999910593033,0.10999999940395355,0.12250000238418579,0.13750000298023224,0.1574999988079071,0.1899999976158142,0.23749999701976776,0.32499998807907104,0.47749999165534973,0.4724999964237213,0.4724999964237213,0.4749999940395355,0.39250001311302185,0.2775000035762787,0.2150000035762787,0.17749999463558197,0.1525000035762787,0.13500000536441803,0.11999999731779099,0.10999999940395355,0.10249999910593033,0.09749999642372131
1785945653648780554,-0.36463499069213867,0.014684833586215973,1.310059905052185,1.2864861488342285,-4.2959513664245605,-1.3018485307693481,-0.26697829365730286,-0.05870368704199791,0.09000000357627869,0.0949999988079071,0.10249999910593033,0.10999999940395355,0.12250000238418579,0.13750000298023224,0.1574999988079071,0.1899999976158142,0.23749999701976776,0.32499998807907104,0.47749999165534973,0.4724999964237213,0.4724999964237213,0.4749999940395355,0.39250001311302185,0.2775000035762787,0.2150000035762787,0.17749999463558197,0.1525000035762787,0.13500000536441803,0.11999999731779099,0.10999999940395355,0.10249999910593033,0.09749999642372131
1785945653748559317,-0.40733999013900757,0.015322311781346798,1.310059905052185,1.2864861488342285,-4.295537948608398,-1.3012109994888306,-0.26697829365730286,-0.05870368704199791,0.09000000357627869,0.0949999988079071,0.10249999910593033,0.10999999940395355,0.12250000238418579,0.13750000298023224,0.1574999988079071,0.1899999976158142,0.23749999701976776,0.32249999046325684,0.47749999165534973,0.4724999964237213,0.4724999964237213,0.4749999940395355,0.39250001311302185,0.2775000035762787,0.2150000035762787,0.17749999463558197,0.1525000035762787,0.13500000536441803,0.11999999731779099,0.10999999940395355,0.10249999910593033,0.09749999642372131
1785945653846293892,-0.4014270007610321,0.016006924211978912,1.3103387355804443,1.2878390550613403,-4.296370506286621,-1.301881194114685,-0.2669687569141388,-0.05872083455324173,0.09000000357627869,0.0949999988079071,0.10249999910593033,0.10999999940395355,0.12250000238418579,0.13750000298023224,0.1574999988079071,0.1899999976158142,0.23749999701976776,0.32249999046325684,0.47749999165534973,0.4724999964237213,0.4724999964237213,0.4749999940395355,0.39500001072883606,0.2775000035762787,0.2175000011920929,0.17749999463558197,0.1525000035762787,0.13500000536441803,0.12250000238418579,0.10999999940395355,0.10249999910593033,0.09749999642372131
1785945653951425935,-0.3357270061969757,0.01298670843243599,1.3103387355804443,1.2878390550613403,-4.298324108123779,-1.3049014806747437,-0.2669687569141388,-0.05872083455324173,0.09000000357627869,0.0949999988079071,0.10249999910593033,0.10999999940395355,0.12250000238418579,0.13750000298023224,0.1599999964237213,0.1899999976158142,0.23999999463558197,0.32749998569488525,0.47749999165534973,0.4724999964237213,0.4724999964237213,0.4749999940395355,0.38749998807907104,0.2750000059604645,0.2150000035762787,0.17749999463558197,0.1525000035762787,0.13500000536441803,0.11999999731779099,0.10999999940395355,0.10249999910593033,0.09749999642372131
1785945654046363434,-0.23126399517059326,0.01298670843243599,1.3081443309783936,1.285906195640564,-4.294633388519287,-1.3029676675796509,-0.2669808268547058,-0.058714330196380615,0.09000000357627869,0.0949999988079071,0.10249999910593033,0.10999999940395355,0.12250000238418579,0.13750000298023224,0.1599999964237213,0.1899999976158142,0.23999999463558197,0.32749998569488525,0.47749999165534973,0.4724999964237213,0.4724999964237213,0.4749999940395355,0.38749998807907104,0.2750000059604645,0.2150000035762787,0.17749999463558197,0.1525000035762787,0.13500000536441803,0.11999999731779099,0.10999999940395355,0.10249999910593033,0.09749999642372131
1785945654148395352,-0.09986399859189987,0.015192575752735138,1.3081443309783936,1.2852925062179565,-4.29276180267334,-1.300148606300354,-0.26696905493736267,-0.05872531607747078,0.09000000357627869,0.0949999988079071,0.10249999910593033,0.10999999940395355,0.12250000238418579,0.13750000298023224,0.1574999988079071,0.1899999976158142,0.23749999701976776,0.32249999046325684,0.47749999165534973,0.4724999964237213,0.4724999964237213,0.4749999940395355,0.39250001311302185,0.2775000035762787,0.2150000035762787,0.17749999463558197,0.1525000035762787,0.13500000536441803,0.11999999731779099,0.10999999940395355,0.10249999910593033,0.09749999642372131
1785945654246529203,0.051902998238801956,0.017080994322896004,1.3064312934875488,1.2853268384933472,-4.289754867553711,-1.298296332359314,-0.2669786512851715,-0.058707430958747864,0.09000000357627869,0.0949999988079071,0.10249999910593033,0.10999999940395355,0.12250000238418579,0.13750000298023224,0.1574999988079071,0.1875,0.23749999701976776,0.3199999928474426,0.47749999165534973,0.4724999964237213,0.4724999964237213,0.4749999940395355,0.39500001072883606,0.2800000011920929,0.2175000011920929,0.17749999463558197,0.1525000035762787,0.13500000536441803,0.12250000238418579,0.11249999701976776,0.10249999910593033,0.09749999642372131
1785945654346456482,0.17344799637794495,0.017080994322896004,1.3064311742782593,1.2842090129852295,-4.288946628570557,-1.2971737384796143,-0.26697590947151184,-0.05871674790978432,0.09000000357627869,0.0949999988079071,0.10249999910593033,0.10999999940395355,0.12250000238418579,0.13750000298023224,0.1574999988079071,0.1875,0.23749999701976776,0.3199999928474426,0.47749999165534973,0.4724999964237213,0.4724999964237213,0.4749999940395355,0.39500001072883606,0.2800000011920929,0.2175000011920929,0.17749999463558197,0.1525000035762787,0.13500000536441803,0.12250000238418579,0.11249999701976776,0.10249999910593033,0.09749999642372131
1785945654447083335,0.26871299743652344,0.01819719932973385,1.3059148788452148,1.283298373222351,-4.287015914916992,-1.2951481342315674,-0.26697540283203125,-0.05870966240763664,0.08749999850988388,0.0925000011920929,0.09749999642372131,0.10750000178813934,0.11749999970197678,0.13249999284744263,0.1525000035762787,0.18250000476837158,0.22750000655651093,0.3100000023841858,0.47749999165534973,0.4724999964237213,0.4724999964237213,0.4749999940395355,0.4099999964237213,0.2874999940395355,0.22499999403953552,0.1850000023841858,0.1574999988079071,0.14000000059604645,0.125,0.11500000208616257,0.10750000178813934,0.10000000149011612
1785945654547433316,0.3291569948196411,0.01746870018541813,1.3054835796356201,1.282148838043213,-4.286207675933838,-1.2947255373001099,-0.2669795751571655,-0.05871939659118652,0.09000000357627869,0.0949999988079071,0.10249999910593033,0.10999999940395355,0.12250000238418579,0.13750000298023224,0.1574999988079071,0.1875,0.23499999940395355,0.3199999928474426,0.47749999165534973,0.4724999964237213,0.4724999964237213,0.4749999940395355,0.39750000834465027,0.2800000011920929,0.2175000011920929,0.18000000715255737,0.1525000035762787,0.13500000536441803,0.12250000238418579,0.11249999701976776,0.10249999910593033,0.09749999642372131
1785945654647271601,0.3370409905910492,0.01940452866256237,1.305210828781128,1.2821701765060425,-4.284667491912842,-1.2928105592727661,-0.26697611808776855,-0.05870949104428291,0.08749999850988388,0.0925000011920929,0.09749999642372131,0.10750000178813934,0.11749999970197678,0.13249999284744263,0.1525000035762787,0.18250000476837158,0.22750000655651093,0.3075000047683716,0.47749999165534973,0.4724999964237213,0.4724999964237213,0.4749999940395355,0.4124999940395355,0.28999999165534973,0.22499999403953552,0.1850000023841858,0.1574999988079071,0.14000000059604645,0.125,0.11500000208616257,0.10750000178813934,0.10000000149011612
1785945654746361960,0.3376980125904083,0.01940452866256237,1.3049787282943726,1.2821824550628662,-4.284434795379639,-1.2928240299224854,-0.2669817805290222,-0.05871133506298065,0.08749999850988388,0.0925000011920929,0.09749999642372131,0.10750000178813934,0.11749999970197678,0.13249999284744263,0.1525000035762787,0.18250000476837158,0.22750000655651093,0.3075000047683716,0.47749999165534973,0.4724999964237213,0.4724999964237213,0.4749999940395355,0.4124999940395355,0.28999999165534973,0.22499999403953552,0.1850000023841858,0.1574999988079071,0.14000000059604645,0.125,0.11500000208616257,0.10750000178813934,0.10000000149011612
1785945654849921604,0.3376980125904083,0.011887111701071262,1.3049787282943726,1.2821824550628662,-4.289346218109131,-1.3003414869308472,-0.2669817805290222,-0.05871133506298065,0.09000000357627869,0.0949999988079071,0.10249999910593033,0.10999999940395355,0.12250000238418579,0.13750000298023224,0.1599999964237213,0.1899999976158142,0.23999999463558197,0.32749998569488525,0.47749999165534973,0.4724999964237213,0.4724999964237213,0.4749999940395355,0.38749998807907104,0.2750000059604645,0.2150000035762787,0.17749999463558197,0.1525000035762787,0.13500000536441803,0.11999999731779099,0.10999999940395355,0.10249999910593033,0.09749999642372131
1785945654946759095,0.3376980125904083,0.013042273931205273,1.2971014976501465,1.2809107303619385,-4.279219627380371,-1.2979165315628052,-0.2669796049594879,-0.058717936277389526,0.09000000357627869,0.0949999988079071,0.10249999910593033,0.10999999940395355,0.12250000238418579,0.13750000298023224,0.1599999964237213,0.1899999976158142,0.23999999463558197,0.32749998569488525,0.47749999165534973,0.4724999964237213,0.4724999964237213,0.4749999940395355,0.38749998807907104,0.2750000059604645,0.2150000035762787,0.17749999463558197,0.1525000035762787,0.13500000536441803,0.11999999731779099,0.10999999940395355,0.10249999910593033,0.09749999642372131
1785945655047692997,0.33835500478744507,0.013042273931205273,1.2971014976501465,1.2809107303619385,-4.279219627380371,-1.2979165315628052,-0.2669796049594879,-0.058717936277389526,0.09000000357627869,0.0949999988079071,0.10249999910593033,0.10999999940395355,0.12250000238418579,0.13750000298023224,0.1599999964237213,0.1899999976158142,0.23999999463558197,0.32749998569488525,0.47749999165534973,0.4724999964237213,0.4724999964237213,0.4749999940395355,0.38749998807907104,0.2750000059604645,0.2150000035762787,0.17749999463558197,0.1525000035762787,0.13500000536441803,0.11999999731779099,0.10999999940395355,0.10249999910593033,0.09749999642372131
1785945655147521490,0.33835500478744507,0.013525688089430332,1.292673110961914,1.2803062200546265,-4.27371883392334,-1.2968279123306274,-0.26698118448257446,-0.058715108782052994,0.09000000357627869,0.0949999988079071,0.10249999910593033,0.10999999940395355,0.12250000238418579,0.13750000298023224,0.1599999964237213,0.1899999976158142,0.23999999463558197,0.32499998807907104,0.47749999165534973,0.4724999964237213,0.4724999964237213,0.4749999940395355,0.38999998569488525,0.2750000059604645,0.2150000035762787,0.17749999463558197,0.1525000035762787,0.13500000536441803,0.11999999731779099,0.10999999940395355,0.10249999910593033,0.09749999642372131
1785945655246990196,0.33835500478744507,0.013246091082692146,1.2849419116973877,1.277846336364746,-4.263819694519043,-1.2946505546569824,-0.2669784724712372,-0.05871449038386345,0.09000000357627869,0.0949999988079071,0.10249999910593033,0.10999999940395355,0.12250000238418579,0.13750000298023224,0.1599999964237213,0.1899999976158142,0.23999999463558197,0.32499998807907104,0.47749999165534973,0.4724999964237213,0.4724999964237213,0.4749999940395355,0.38999998569488525,0.2750000059604645,0.2150000035762787,0.17749999463558197,0.1525000035762787,0.13500000536441803,0.11999999731779099,0.10999999940395355,0.10249999910593033,0.09749999642372131
1785945655346235568,0.33835500478744507,0.012580625712871552,1.2663743495941162,1.2641047239303589,-4.234128475189209,-1.281570553779602,-0.26697543263435364,-0.058715417981147766,0.09000000357627869,0.0949999988079071,0.10249999910593033,0.10999999940395355,0.12250000238418579,0.13750000298023224,0.1599999964237213,0.1899999976158142,0.23999999463558197,0.32749998569488525,0.47749999165534973,0.4724999964237213,0.4724999964237213,0.4749999940395355,0.38749998807907104,0.2750000059604645,0.2150000035762787,0.17749999463558197,0.1525000035762787,0.13500000536441803,0.11999999731779099,0.10999999940395355,0.10249999910593033,0.09749999642372131
1785945655448757005,0.33835500478744507,0.012580625712871552,1.2567936182022095,1.2572565078735352,-4.218621730804443,-1.2747232913970947,-0.2669737637042999,-0.058719292283058167,0.09000000357627869,0.0949999988079071,0.10249999910593033,0.10999999940395355,0.12250000238418579,0.13750000298023224,0.1599999964237213,0.1899999976158142,0.23999999463558197,0.32749998569488525,0.47749999165534973,0.4724999964237213,0.4724999964237213,0.4749999940395355,0.38749998807907104,0.2750000059604645,0.2150000035762787,0.17749999463558197,0.1525000035762787,0.13500000536441803,0.11999999731779099,0.10999999940395355,0.10249999910593033,0.09749999642372131
1785945655548366067,0.33835500478744507,0.01138009037822485,1.237799882888794,1.244304895401001,-4.18725061416626,-1.2962883710861206,-0.296705961227417,-0.04405290260910988,0.09000000357627869,0.0949999988079071,0.10249999910593033,0.10999999940395355,0.12250000238418579,0.13750000298023224,0.1599999964237213,0.1899999976158142,0.23999999463558197,0.32749998569488525,0.47749999165534973,0.4724999964237213,0.4724999964237213,0.4749999940395355,0.38499999046325684,0.2750000059604645,0.2150000035762787,0.17749999463558197,0.1525000035762787,0.13500000536441803,0.11999999731779099,0.10999999940395355,0.10249999910593033,0.09749999642372131
1785945655646298920,0.33835500478744507,0.01160687580704689,1.2119396924972534,1.227475643157959,-4.140774250030518,-1.2792327404022217,-0.29670023918151855,-0.04405248910188675,0.09000000357627869,0.0949999988079071,0.10249999910593033,0.10999999940395355,0.12250000238418579,0.13750000298023224,0.1599999964237213,0.1899999976158142,0.23999999463558197,0.32749998569488525,0.47749999165534973,0.4724999964237213,0.4724999964237213,0.4749999940395355,0.38499999046325684,0.2750000059604645,0.2150000035762787,0.17749999463558197,0.1525000035762787,0.13500000536441803,0.11999999731779099,0.10999999940395355,0.10249999910593033,0.09749999642372131
1785945655747385114,0.33835500478744507,0.01160687580704689,1.2032458782196045,1.2216105461120605,-4.124823093414307,-1.273366928100586,-0.296698659658432,-0.04405045881867409,0.09000000357627869,0.0949999988079071,0.10249999910593033,0.10999999940395355,0.12250000238418579,0.13750000298023224,0.1599999964237213,0.1899999976158142,0.23999999463558197,0.32749998569488525,0.47749999165534973,0.4724999964237213,0.4724999964237213,0.4749999940395355,0.38499999046325684,0.2750000059604645,0.2150000035762787,0.17749999463558197,0.1525000035762787,0.13500000536441803,0.11999999731779099,0.10999999940395355,0.10249999910593033,0.09749999642372131
1785945655846656246,0.33966898918151855,0.005268363747745752,1.1714251041412354,1.1985712051391602,-4.070430755615234,-1.2566663026809692,-0.29670417308807373,-0.044062159955501556,0.09000000357627869,0.0949999988079071,0.10249999910593033,0.11249999701976776,0.12250000238418579,0.14000000059604645,0.1599999964237213,0.19249999523162842,0.24500000476837158,0.3375000059604645,0.4749999940395355,0.4724999964237213,0.4724999964237213,0.4749999940395355,0.375,0.27000001072883606,0.20999999344348907,0.17499999701976776,0.15000000596046448,0.13249999284744263,0.11999999731779099,0.10999999940395355,0.10249999910593033,0.09749999642372131
1785945655949835527,0.33835500478744507,-0.006604256574064493,1.1597285270690918,1.1897411346435547,-4.059610843658447,-1.2597087621688843,-0.2967040240764618,-0.04405266046524048,0.0949999988079071,0.10000000149011612,0.10750000178813934,0.11749999970197678,0.12999999523162842,0.14499999582767487,0.17000000178813934,0.20499999821186066,0.26249998807907104,0.36500000953674316,0.4749999940395355,0.4724999964237213,0.4724999964237213,0.4749999940395355,0.3449999988079071,0.2524999976158142,0.20000000298023224,0.16500000655651093,0.14249999821186066,0.1274999976158142,0.11500000208616257,0.10499999672174454,0.09749999642372131,0.0925000011920929
1785945656049260616,0.33835500478744507,-0.034862782806158066,1.1216621398925781,1.1625357866287231,-4.014787197113037,-1.2607626914978027,-0.29669812321662903,-0.044058144092559814,0.09749999642372131,0.10499999672174454,0.11249999701976776,0.12250000238418579,0.13750000298023224,0.1574999988079071,0.1850000023841858,0.22750000655651093,0.29499998688697815,0.45750001072883606,0.4724999964237213,0.4724999964237213,0.4724999964237213,0.4399999976158142,0.30000001192092896,0.22499999403953552,0.18250000476837158,0.1525000035762787,0.13249999284744263,0.11999999731779099,0.10750000178813934,0.10000000149011612,0.0949999988079071,0.09000000357627869
1785945656146220543,0.33835500478744507,-0.034862782806158066,1.0915863513946533,1.1390910148620605,-3.952706813812256,-1.2373192310333252,-0.29670387506484985,-0.04406141862273216,0.09749999642372131,0.10499999672174454,0.11249999701976776,0.12250000238418579,0.13750000298023224,0.1574999988079071,0.1850000023841858,0.22750000655651093,0.29499998688697815,0.45750001072883606,0.4724999964237213,0.4724999964237213,0.4724999964237213,0.4399999976158142,0.30000001192092896,0.22499999403953552,0.18250000476837158,0.1525000035762787,0.13249999284744263,0.11999999731779099,0.10750000178813934,0.10000000149011612,0.0949999988079071,0.09000000357627869
1785945656247639036,0.33835500478744507,-0.04656383395195007,1.0727171897888184,1.1022590398788452,-3.9307985305786133,-1.235595941543579,-0.2967016398906708,-0.04406820610165596,0.10249999910593033,0.10999999940395355,0.11749999970197678,0.12999999523162842,0.14499999582767487,0.16500000655651093,0.19499999284744263,0.23999999463558197,0.3174999952316284,0.47999998927116394,0.4724999964237213,0.4724999964237213,0.4724999964237213,0.4124999940395355,0.2775000035762787,0.20999999344348907,0.17249999940395355,0.14499999582767487,0.1274999976158142,0.11500000208616257,0.10499999672174454,0.0949999988079071,0.09000000357627869,0.08500000089406967
1785945656346470987,0.33835500478744507,-0.06249666213989258,1.0040831565856934,1.0552741289138794,-3.8258838653564453,-1.2045422792434692,-0.29669874906539917,-0.04407083988189697,0.10750000178813934,0.11249999701976776,0.12250000238418579,0.13500000536441803,0.1525000035762787,0.17499999701976776,0.20749999582767487,0.2574999928474426,0.3474999964237213,0.47749999165534973,0.4724999964237213,0.4724999964237213,0.4749999940395355,0.3675000071525574,0.2549999952316284,0.19499999284744263,0.1599999964237213,0.13750000298023224,0.11999999731779099,0.10750000178813934,0.10000000149011612,0.0925000011920929,0.08749999850988388,0.08250000327825546
1785945656456516265,0.33835500478744507,-0.06249666213989258,0.9809138178825378,1.039413332939148,-3.7839879989624023,-1.1886847019195557,-0.2967001795768738,-0.044065315276384354,0.10750000178813934,0.11249999701976776,0.12250000238418579,0.13500000536441803,0.1525000035762787,0.17499999701976776,0.20749999582767487,0.2574999928474426,0.3474999964237213,0.47749999165534973,0.4724999964237213,0.4724999964237213,0.4749999940395355,0.3675000071525574,0.2549999952316284,0.19499999284744263,0.1599999964237213,0.13750000298023224,0.11999999731779099,0.10750000178813934,0.10000000149011612,0.0925000011920929,0.08749999850988388,0.08250000327825546
1785945656546473583,0.33966898918151855,-0.10032764077186584,0.9117188453674316,0.9958105087280273,-3.705084800720215,-1.1829091310501099,-0.2966981828212738,-0.04405854269862175,0.11500000208616257,0.125,0.13500000536441803,0.15000000596046448,0.17000000178813934,0.19750000536441803,0.23749999701976776,0.3050000071525574,0.4399999976158142,0.4749999940395355,0.4724999964237213,0.4724999964237213,0.44749999046325684,0.28999999165534973,0.20999999344348907,0.16750000417232513,0.14000000059604645,0.11999999731779099,0.10750000178813934,0.09749999642372131,0.09000000357627869,0.08250000327825546,0.07999999821186066,0.07500000298023224
1785945656647242456,0.3390119969844818,-0.1298075020313263,0.8892672061920166,0.9816169738769531,-3.6988677978515625,-1.1981972455978394,-0.29669618606567383,-0.04406197369098663,0.125,0.13500000536441803,0.14749999344348907,0.16249999403953552,0.1875,0.2199999988079071,0.27000001072883606,0.35499998927116394,0.47999998927116394,0.4724999964237213,0.4724999964237213,0.4724999964237213,0.36000001430511475,0.23749999701976776,0.18000000715255737,0.14499999582767487,0.12250000238418579,0.10750000178813934,0.0949999988079071,0.08749999850988388,0.07999999821186066,0.07500000298023224,0.07249999791383743,0.07000000029802322
1785945656748931516,0.33835500478744507,-0.1298075020313263,0.8235966563224792,0.9355952143669128,-3.5743284225463867,-1.1521745920181274,-0.2966998517513275,-0.044062092900276184,0.125,0.13500000536441803,0.14749999344348907,0.16249999403953552,0.1875,0.2199999988079071,0.27000001072883606,0.35499998927116394,0.47999998927116394,0.4724999964237213,0.4724999964237213,0.4724999964237213,0.36000001430511475,0.23749999701976776,0.18000000715255737,0.14499999582767487,0.12250000238418579,0.10750000178813934,0.0949999988079071,0.08749999850988388,0.07999999821186066,0.07500000298023224,0.07249999791383743,0.07000000029802322
1785945656846501286,0.33835500478744507,-0.21763469278812408,0.7795026898384094,0.9043371677398682,-3.592261791229248,-1.2087422609329224,-0.29669979214668274,-0.04406386986374855,0.15000000596046448,0.16500000655651093,0.18250000476837158,0.20999999344348907,0.2475000023841858,0.30250000953674316,0.39500001072883606,0.48249998688697815,0.4749999940395355,0.4749999940395355,0.4749999940395355,0.29249998927116394,0.19249999523162842,0.14499999582767487,0.11749999970197678,0.10000000149011612,0.08749999850988388,0.07750000059604645,0.07000000029802322,0.06499999761581421,0.05999999865889549,0.057500001043081284,0.054999999701976776,0.05249999836087227
1785945656947230509,0.33966898918151855,-0.27035456895828247,0.7590273022651672,0.8895163536071777,-3.613330841064453,-1.2466437816619873,-0.2967006266117096,-0.04406294599175453,0.16500000655651093,0.18250000476837158,0.20749999582767487,0.23999999463558197,0.2874999940395355,0.36500000953674316,0.49000000953674316,0.47999998927116394,0.47749999165534973,0.47749999165534973,0.3375000059604645,0.20250000059604645,0.14499999582767487,0.11500000208616257,0.0949999988079071,0.08250000327825546,0.07249999791383743,0.06499999761581421,0.05999999865889549,0.057500001043081284,0.05249999836087227,0.05000000074505806,0.05000000074505806,0.04749999940395355
1785945657055643099,0.33835500478744507,-0.27035456895828247,0.7002695798873901,0.8438599109649658,-3.4923481941223145,-1.200986385345459,-0.29670313000679016,-0.04406893253326416,0.16500000655651093,0.18250000476837158,0.20749999582767487,0.23999999463558197,0.2874999940395355,0.36500000953674316,0.49000000953674316,0.47999998927116394,0.47749999165534973,0.47749999165534973,0.3375000059604645,0.20250000059604645,0.14499999582767487,0.11500000208616257,0.0949999988079071,0.08250000327825546,0.07249999791383743,0.06499999761581421,0.05999999865889549,0.057500001043081284,0.05249999836087227,0.05000000074505806,0.05000000074505806,0.04749999940395355
1785945657146733538,0.33835500478744507,-0.3686031997203827,0.6817263960838318,0.8277459144592285,-3.5490753650665283,-1.2498034238815308,-0.2669764459133148,-0.05872391536831856,0.20749999582767487,0.23499999940395355,0.2750000059604645,0.33000001311302185,0.4300000071525574,0.4925000071525574,0.48500001430511475,0.48249998688697815,0.48249998688697815,0.2150000035762787,0.13249999284744263,0.0949999988079071,0.07500000298023224,0.0625,0.054999999701976776,0.04749999940395355,0.04500000178813934,0.03999999910593033,0.03750000149011612,0.03500000014901161,0.03500000014901161,0.032499998807907104,0.029999999329447746,0.029999999329447746
1785945657255854886,0.3390119969844818,-0.3686031997203827,0.6304348707199097,0.7763584852218628,-3.434404134750366,-1.1984165906906128,-0.26697874069213867,-0.058712832629680634,0.20749999582767487,0.23499999940395355,0.2750000059604645,0.33000001311302185,0.4300000071525574,0.4925000071525574,0.48500001430511475,0.48249998688697815,0.48249998688697815,0.2150000035762787,0.13249999284744263,0.0949999988079071,0.07500000298023224,0.0625,0.054999999701976776,0.04749999940395355,0.04500000178813934,0.03999999910593033,0.03750000149011612,0.03500000014901161,0.03500000014901161,0.032499998807907104,0.029999999329447746,0.029999999329447746
1785945657347610049,0.33966898918151855,-0.5095669031143188,0.6015670895576477,0.74666428565979,-3.484727621078491,-1.3096833229064941,-0.26697710156440735,-0.058710940182209015,0.28999999165534973,0.3425000011920929,0.42500001192092896,0.5074999928474426,0.4950000047683716,0.49000000953674316,0.49000000953674316,0.1274999976158142,0.06750000268220901,0.04500000178813934,0.03500000014901161,0.029999999329447746,0.02500000037252903,0.017500000074505806,0.014999999664723873,0.014999999664723873,0.014999999664723873,0.012500000186264515,0.012500000186264515,0.012500000186264515,0.012500000186264515,0.012500000186264515,0.012500000186264515,0.012500000186264515
1785945657444357553,0.3390119969844818,-0.5095669031143188,0.5888784527778625,0.7318256497383118,-3.4515225887298584,-1.294846534729004,-0.2669804096221924,-0.05871894583106041,0.28999999165534973,0.3425000011920929,0.42500001192092896,0.5074999928474426,0.4950000047683716,0.49000000953674316,0.49000000953674316,0.1274999976158142,0.06750000268220901,0.04500000178813934,0.03500000014901161,0.029999999329447746,0.02500000037252903,0.017500000074505806,0.014999999664723873,0.014999999664723873,0.014999999664723873,0.012500000186264515,0.012500000186264515,0.012500000186264515,0.012500000186264515,0.012500000186264515,0.012500000186264515,0.012500000186264515
1785945657540243336,0.3390119969844818,-0.6091919541358948,0.5585321187973022,0.683495819568634,-3.4334797859191895,-1.3461410999298096,-0.26697632670402527,-0.05871865525841713,0.0024999999441206455,0.0024999999441206455,0.0024999999441206455,0.0024999999441206455,0.0024999999441206455,0.0024999999441206455,0.0024999999441206455,0.0024999999441206455,0.0024999999441206455,0.0024999999441206455,0.0024999999441206455,0.0024999999441206455,0.0024999999441206455,0.0024999999441206455,0.0024999999441206455,0.0024999999441206455,0.0024999999441206455,0.0024999999441206455,0.0024999999441206455,0.0024999999441206455,0.0024999999441206455,0.0024999999441206455,0.0024999999441206455,0.0024999999441206455
1785945657641691814,0.33835500478744507,-0.695743978023529,0.5508764982223511,0.6681191325187683,-3.4519529342651367,-1.3872721195220947,-0.24260304868221283,-0.07165296375751495,0.0024999999441206455,0.0024999999441206455,0.0024999999441206455,0.0024999999441206455,0.0024999999441206455,0.0024999999441206455,0.0024999999441206455,0.0024999999441206455,0.0024999999441206455,0.0024999999441206455,0.0024999999441206455,0.0024999999441206455,0.0024999999441206455,0.0024999999441206455,0.0024999999441206455,0.0024999999441206455,0.0024999999441206455,0.0024999999441206455,0.0024999999441206455,0.0024999999441206455,0.0024999999441206455,0.0024999999441206455,0.0024999999441206455,0.0024999999441206455
1785945657741706968,0.33835500478744507,-0.695743978023529,0.5215513706207275,0.5534535646438599,-3.362607955932617,-1.3371713161468506,-0.24259933829307556,-0.07165729254484177,0.0024999999441206455,0.0024999999441206455,0.0024999999441206455,0.0024999999441206455,0.0024999999441206455,0.0024999999441206455,0.0024999999441206455,0.0024999999441206455,0.0024999999441206455,0.0024999999441206455,0.0024999999441206455,0.0024999999441206455,0.0024999999441206455,0.0024999999441206455,0.0024999999441206455,0.0024999999441206455,0.0024999999441206455,0.0024999999441206455,0.0024999999441206455,0.0024999999441206455,0.0024999999441206455,0.0024999999441206455,0.0024999999441206455,0.0024999999441206455
1785945657842135799,0.33835500478744507,-0.7429061532020569,0.4775051474571228,0.5191262364387512,-3.3268187046051025,-1.3500043153762817,-0.24260130524635315,-0.07163770496845245,0.0024999999441206455,0.0024999999441206455,0.0024999999441206455,0.0024999999441206455,0.0024999999441206455,0.0024999999441206455,0.0024999999441206455,0.0024999999441206455,0.0024999999441206455,0.0024999999441206455,0.0024999999441206455,0.0024999999441206455,0.0024999999441206455,0.0024999999441206455,0.0024999999441206455,0.0024999999441206455,0.0024999999441206455,0.0024999999441206455,0.0024999999441206455,0.0024999999441206455,0.0024999999441206455,0.0024999999441206455,0.0024999999441206455,0.0024999999441206455
1785945657941533335,0.33835500478744507,-0.8256866931915283,0.4546964764595032,0.4983863830566406,-3.3379759788513184,-1.4120473861694336,-0.24259419739246368,-0.0716504454612732,0.0024999999441206455,0.0024999999441206455,0.0024999999441206455,0.0024999999441206455,0.0024999999441206455,0.0024999999441206455,0.0024999999441206455,0.0024999999441206455,0.0024999999441206455,0.0024999999441206455,0.0024999999441206455,0.0024999999441206455,0.0024999999441206455,0.0024999999441206455,0.0024999999441206455,0.0024999999441206455,0.0024999999441206455,0.0024999999441206455,0.0024999999441206455,0.0024999999441206455,0.0024999999441206455,0.0024999999441206455,0.0024999999441206455,0.0024999999441206455
1785945658043597703,0.33966898918151855,-0.8615289926528931,0.39614707231521606,0.4446581304073334,-3.2675998210906982,-1.3941603899002075,-0.24260693788528442,-0.07166533917188644,0.0024999999441206455,0.0024999999441206455,0.0024999999441206455,0.0024999999441206455,0.0024999999441206455,0.0024999999441206455,0.0024999999441206455,0.0024999999441206455,0.0024999999441206455,0.0024999999441206455,0.0024999999441206455,0.0024999999441206455,0.0024999999441206455,0.0024999999441206455,0.0024999999441206455,0.0024999999441206455,0.0024999999441206455,0.0024999999441206455,0.0024999999441206455,0.0024999999441206455,0.0024999999441206455,0.0024999999441206455,0.0024999999441206455,0.0024999999441206455
1785945658142182158,0.33835500478744507,-0.8615289926528931,0.3807072937488556,0.42738577723503113,-3.238398313522339,-1.3768900632858276,-0.24259252846240997,-0.0716525986790657,0.0024999999441206455,0.0024999999441206455,0.0024999999441206455,0.0024999999441206455,0.0024999999441206455,0.0024999999441206455,0.0024999999441206455,0.0024999999441206455,0.0024999999441206455,0.0024999999441206455,0.0024999999441206455,0.0024999999441206455,0.0024999999441206455,0.0024999999441206455,0.0024999999441206455,0.0024999999441206455,0.0024999999441206455,0.0024999999441206455,0.0024999999441206455,0.0024999999441206455,0.0024999999441206455,0.0024999999441206455,0.0024999999441206455,0.0024999999441206455
1785945658240902490,0.33835500478744507,-0.937168538570404,0.34785977005958557,0.3667064905166626,-3.1920406818389893,-1.391848087310791,-0.24259579181671143,-0.07166673988103867,0.0024999999441206455,0.0024999999441206455,0.0024999999441206455,0.0024999999441206455,0.0024999999441206455,0.0024999999441206455,0.0024999999441206455,0.0024999999441206455,0.0024999999441206455,0.0024999999441206455,0.0024999999441206455,0.0024999999441206455,0.0024999999441206455,0.0024999999441206455,0.0024999999441206455,0.0024999999441206455,0.0024999999441206455,0.0024999999441206455,0.0024999999441206455,0.0024999999441206455,0.0024999999441206455,0.0024999999441206455,0.0024999999441206455,0.0024999999441206455
1785945658343928486,0.33835500478744507,-0.9724124073982239,0.3405448794364929,0.3322424292564392,-3.1610522270202637,-1.3926304578781128,-0.24259771406650543,-0.07166987657546997,0.0024999999441206455,0.0024999999441206455,0.0024999999441206455,0.0024999999441206455,0.0024999999441206455,0.0024999999441206455,0.0024999999441206455,0.0024999999441206455,0.0024999999441206455,0.0024999999441206455,0.0024999999441206455,0.0024999999441206455,0.0024999999441206455,0.0024999999441206455,0.0024999999441206455,0.0024999999441206455,0.0024999999441206455,0.0024999999441206455,0.0024999999441206455,0.0024999999441206455,0.0024999999441206455,0.0024999999441206455,0.0024999999441206455,0.0024999999441206455
1785945658440230506,0.33835500478744507,-0.9724124073982239,0.3419586420059204,0.31119367480278015,-3.1281635761260986,-1.3715816736221313,-0.2425951063632965,-0.07165743410587311,0.0024999999441206455,0.0024999999441206455,0.0024999999441206455,0.0024999999441206455,0.0024999999441206455,0.0024999999441206455,0.0024999999441206455,0.0024999999441206455,0.0024999999441206455,0.0024999999441206455,0.0024999999441206455,0.0024999999441206455,0.0024999999441206455,0.0024999999441206455,0.0024999999441206455,0.0024999999441206455,0.0024999999441206455,0.0024999999441206455,0.0024999999441206455,0.0024999999441206455,0.0024999999441206455,0.0024999999441206455,0.0024999999441206455,0.0024999999441206455
1785945658546987174,0.33835500478744507,-1.0491414070129395,0.36548683047294617,0.2515889108181,-3.0871341228485107,-1.3652979135513306,-0.1808551400899887,-0.08252844959497452,0.0024999999441206455,0.0024999999441206455,0.0024999999441206455,0.0024999999441206455,0.0024999999441206455,0.0024999999441206455,0.0024999999441206455,0.0024999999441206455,0.0024999999441206455,0.0024999999441206455,0.0024999999441206455,0.0024999999441206455,0.0024999999441206455,0.0024999999441206455,0.0024999999441206455,0.0024999999441206455,0.0024999999441206455,0.0024999999441206455,0.0024999999441206455,0.0024999999441206455,0.0024999999441206455,0.0024999999441206455,0.0024999999441206455,0.0024999999441206455
1785945658640713692,0.33441299200057983,-1.0587958097457886,0.3455105721950531,0.21753813326358795,-3.0611374378204346,-1.3516758680343628,-0.18084506690502167,-0.0825374573469162,0.0024999999441206455,0.0024999999441206455,0.0024999999441206455,0.0024999999441206455,0.0024999999441206455,0.0024999999441206455,0.0024999999441206455,0.0024999999441206455,0.0024999999441206455,0.0024999999441206455,0.0024999999441206455,0.0024999999441206455,0.0024999999441206455,0.0024999999441206455,0.0024999999441206455,0.0024999999441206455,0.0024999999441206455,0.0024999999441206455,0.0024999999441206455,0.0024999999441206455,0.0024999999441206455,0.0024999999441206455,0.0024999999441206455,0.0024999999441206455
1785945658740707374,0.29170799255371094,-1.0587958097457886,0.2815021574497223,0.1599499136209488,-2.9797279834747314,-1.3174958229064941,-0.2425965964794159,-0.0716593787074089,0.0024999999441206455,0.0024999999441206455,0.0024999999441206455,0.0024999999441206455,0.0024999999441206455,0.0024999999441206455,0.0024999999441206455,0.0024999999441206455,0.0024999999441206455,0.0024999999441206455,0.0024999999441206455,0.0024999999441206455,0.0024999999441206455,0.0024999999441206455,0.0024999999441206455,0.0024999999441206455,0.0024999999441206455,0.0024999999441206455,0.0024999999441206455,0.0024999999441206455,0.0024999999441206455,0.0024999999441206455,0.0024999999441206455,0.0024999999441206455
1785945658840529307,0.21681000292301178,-1.0373481512069702,0.2659921944141388,0.13898204267024994,-2.92580509185791,-1.2750798463821411,-0.2425914853811264,-0.07165192067623138,0.0024999999441206455,0.0024999999441206455,0.0024999999441206455,0.0024999999441206455,0.0024999999441206455,0.0024999999441206455,0.0024999999441206455,0.0024999999441206455,0.0024999999441206455,0.0024999999441206455,0.0024999999441206455,0.0024999999441206455,0.0024999999441206455,0.0024999999441206455,0.0024999999441206455,0.0024999999441206455,0.0024999999441206455,0.0024999999441206455,0.0024999999441206455,0.0024999999441206455,0.0024999999441206455,0.0024999999441206455,0.0024999999441206455,0.0024999999441206455
1785945658956352166,0.12942899763584137,0.3674333989620209,0.24087032675743103,0.08530384302139282,0.3103576600551605,0.05503419041633606,-0.2811797559261322,-0.013449455611407757,0.032499998807907104,0.032499998807907104,0.032499998807907104,0.03500000014901161,0.03500000014901161,0.03750000149011612,0.03999999910593033,0.042500000447034836,0.04500000178813934,0.05000000074505806,0.057500001043081284,0.07000000029802322,0.08749999850988388,0.12250000238418579,0.19750000536441803,0.48249998688697815,0.48249998688697815,0.48500001430511475,0.4925000071525574,0.42750000953674316,0.3375000059604645,0.2800000011920929,0.23999999463558197,0.21250000596046448
1785945659048534094,0.03482099995017052,0.28695008158683777,0.242271289229393,0.07563362270593643,-0.21996428072452545,-0.015778809785842896,-0.28119558095932007,-0.013451404869556427,0.04500000178813934,0.04500000178813934,0.04749999940395355,0.05000000074505806,0.05000000074505806,0.05249999836087227,0.057500001043081284,0.0625,0.07249999791383743,0.08250000327825546,0.09749999642372131,0.125,0.16750000417232513,0.26750001311302185,0.47749999165534973,0.47749999165534973,0.47999998927116394,0.48750001192092896,0.4000000059604645,0.3125,0.2574999928474426,0.2199999988079071,0.19499999284744263,0.17499999701976776
1785945659146016757,-0.0026279999874532223,0.28695008158683777,0.2716130018234253,0.0514749214053154,0.22374948859214783,0.041143715381622314,-0.30000001192092896,-0.02905360236763954,0.04500000178813934,0.04500000178813934,0.04749999940395355,0.05000000074505806,0.05000000074505806,0.05249999836087227,0.057500001043081284,0.0625,0.07249999791383743,0.08250000327825546,0.09749999642372131,0.125,0.16750000417232513,0.26750001311302185,0.47749999165534973,0.47749999165534973,0.47999998927116394,0.48750001192092896,0.4000000059604645,0.3125,0.2574999928474426,0.2199999988079071,0.19499999284744263,0.17499999701976776
1785945659247664120,-0.013797000050544739,0.188166081905365,0.3079056739807129,0.04770536348223686,-0.12986896932125092,-0.053872376680374146,-0.30000001192092896,-0.0290587916970253,0.05999999865889549,0.05999999865889549,0.0625,0.06499999761581421,0.07000000029802322,0.07500000298023224,0.08500000089406967,0.0949999988079071,0.10999999940395355,0.12999999523162842,0.16500000655651093,0.22750000655651093,0.3700000047683716,0.4749999940395355,0.4749999940395355,0.47749999165534973,0.4675000011920929,0.3499999940395355,0.2750000059604645,0.22750000655651093,0.19499999284744263,0.17249999940395355,0.1550000011920929,0.14249999821186066
1785945659346976214,-0.015111000277101994,0.14087161421775818,0.31392988562583923,0.04453141987323761,-0.2205471694469452,-0.10187466442584991,-0.30000001192092896,-0.029057903215289116,0.06499999761581421,0.06750000268220901,0.07249999791383743,0.07750000059604645,0.08250000327825546,0.09000000357627869,0.10249999910593033,0.11500000208616257,0.13750000298023224,0.16750000417232513,0.2199999988079071,0.32499998807907104,0.4749999940395355,0.4749999940395355,0.4749999940395355,0.48249998688697815,0.3774999976158142,0.2849999964237213,0.23000000417232513,0.19499999284744263,0.17000000178813934,0.1525000035762787,0.13750000298023224,0.1274999976158142
1785945659446401238,-0.015768000856041908,0.14087161421775818,0.25190111994743347,0.044013671576976776,-0.19236595928668976,-0.1013568639755249,-0.30000001192092896,-0.02905859239399433,0.06499999761581421,0.06750000268220901,0.07249999791383743,0.07750000059604645,0.08250000327825546,0.09000000357627869,0.10249999910593033,0.11500000208616257,0.13750000298023224,0.16750000417232513,0.2199999988079071,0.32499998807907104,0.4749999940395355,0.4749999940395355,0.4749999940395355,0.48249998688697815,0.3774999976158142,0.2849999964237213,0.23000000417232513,0.19499999284744263,0.17000000178813934,0.1525000035762787,0.13750000298023224,0.1274999976158142
1785945659548329314,-0.015768000856041908,0.05936840549111366,0.23497921228408813,0.043130792677402496,-0.41591203212738037,-0.18197813630104065,-0.30000001192092896,-0.029059888795018196,0.07999999821186066,0.08250000327825546,0.09000000357627869,0.0949999988079071,0.10499999672174454,0.11749999970197678,0.13249999284744263,0.1550000011920929,0.1899999976158142,0.2475000023841858,0.36000001430511475,0.4749999940395355,0.4724999964237213,0.4724999964237213,0.47749999165534973,0.35249999165534973,0.26249998807907104,0.21250000596046448,0.17749999463558197,0.1550000011920929,0.13750000298023224,0.125,0.11749999970197678,0.10999999940395355
1785945659647114672,-0.015768000856041908,0.03730735555291176,0.2101481854915619,0.04204176366329193,-0.4842858910560608,-0.20294886827468872,-0.30000001192092896,-0.0290527306497097,0.08250000327825546,0.08749999850988388,0.0925000011920929,0.10000000149011612,0.10999999940395355,0.125,0.14249999821186066,0.17000000178813934,0.20999999344348907,0.2775000035762787,0.4350000023841858,0.4724999964237213,0.4724999964237213,0.4724999964237213,0.44999998807907104,0.3174999952316284,0.24250000715255737,0.19750000536441803,0.16750000417232513,0.14749999344348907,0.13249999284744263,0.11999999731779099,0.11249999701976776,0.10499999672174454
1785945659747544463,-0.015768000856041908,0.03730735555291176,0.21293453872203827,0.0416911356151104,-0.49222245812416077,-0.20259571075439453,-0.30000001192092896,-0.029044561088085175,0.08250000327825546,0.08749999850988388,0.0925000011920929,0.10000000149011612,0.10999999940395355,0.125,0.14249999821186066,0.17000000178813934,0.20999999344348907,0.2775000035762787,0.4350000023841858,0.4724999964237213,0.4724999964237213,0.4724999964237213,0.44999998807907104,0.3174999952316284,0.24250000715255737,0.19750000536441803,0.16750000417232513,0.14749999344348907,0.13249999284744263,0.11999999731779099,0.11249999701976776,0.10499999672174454
1785945659847717446,-0.015768000856041908,0.029020268470048904,0.253250390291214,0.03845098614692688,-0.44345057010650635,-0.17542308568954468,-0.2967045307159424,-0.04406394064426422,0.08749999850988388,0.09000000357627869,0.09749999642372131,0.10499999672174454,0.11500000208616257,0.12999999523162842,0.15000000596046448,0.17749999463558197,0.2224999964237213,0.29750001430511475,0.47749999165534973,0.4724999964237213,0.4724999964237213,0.4749999940395355,0.4300000071525574,0.30000001192092896,0.23000000417232513,0.1875,0.1599999964237213,0.14000000059604645,0.1274999976158142,0.11500000208616257,0.10750000178813934,0.10000000149011612
1785945659947361261,-0.015768000856041908,0.02499614655971527,0.2965412437915802,0.03767773509025574,-0.4240206778049469,-0.17867401242256165,-0.29670339822769165,-0.04406473785638809,0.08749999850988388,0.0925000011920929,0.09749999642372131,0.10499999672174454,0.11749999970197678,0.12999999523162842,0.15000000596046448,0.18000000715255737,0.22499999403953552,0.30250000953674316,0.47749999165534973,0.4724999964237213,0.4724999964237213,0.4749999940395355,0.42250001430511475,0.29499998688697815,0.22750000655651093,0.1875,0.1599999964237213,0.14000000059604645,0.125,0.11500000208616257,0.10750000178813934,0.10000000149011612
1785945660046843504,-0.015768000856041908,0.02499614655971527,0.2660294771194458,0.03549901768565178,-0.39845240116119385,-0.17619948089122772,-0.296695351600647,-0.04405815899372101,0.08749999850988388,0.0925000011920929,0.09749999642372131,0.10499999672174454,0.11749999970197678,0.12999999523162842,0.15000000596046448,0.18000000715255737,0.22499999403953552,0.30250000953674316,0.47749999165534973,0.4724999964237213,0.4724999964237213,0.4749999940395355,0.42250001430511475,0.29499998688697815,0.22750000655651093,0.1875,0.1599999964237213,0.14000000059604645,0.125,0.11500000208616257,0.10750000178813934,0.10000000149011612
1785945660150142308,-0.015768000856041908,0.020677806809544563,0.24184174835681915,0.036278288811445236,-0.40788617730140686,-0.1812950223684311,-0.29669979214668274,-0.044057395309209824,0.08749999850988388,0.0925000011920929,0.09749999642372131,0.10750000178813934,0.11749999970197678,0.13249999284744263,0.1525000035762787,0.18000000715255737,0.22750000655651093,0.3075000047683716,0.47749999165534973,0.4724999964237213,0.4724999964237213,0.4749999940395355,0.41499999165534973,0.28999999165534973,0.22499999403953552,0.1850000023841858,0.1574999988079071,0.14000000059604645,0.125,0.11500000208616257,0.10750000178813934,0.10000000149011612
1785945660247308257,-0.015768000856041908,0.02089027501642704,0.2058410942554474,0.0353567972779274,-0.40426915884017944,-0.1801612228155136,-0.2966933250427246,-0.04405827820301056,0.08749999850988388,0.0925000011920929,0.09749999642372131,0.10750000178813934,0.11749999970197678,0.13249999284744263,0.1525000035762787,0.18000000715255737,0.22750000655651093,0.3050000071525574,0.47749999165534973,0.4724999964237213,0.4724999964237213,0.4749999940395355,0.41499999165534973,0.28999999165534973,0.22499999403953552,0.1850000023841858,0.1574999988079071,0.14000000059604645,0.125,0.11500000208616257,0.10750000178813934,0.10000000149011612
1785945660347699967,-0.015768000856041908,0.01928885467350483,0.19653461873531342,0.03551549091935158,-0.4350098669528961,-0.18192163109779358,-0.29669952392578125,-0.044049426913261414,0.08749999850988388,0.0925000011920929,0.09749999642372131,0.10750000178813934,0.11749999970197678,0.13249999284744263,0.1525000035762787,0.18250000476837158,0.22750000655651093,0.3075000047683716,0.47749999165534973,0.4724999964237213,0.4724999964237213,0.4749999940395355,0.4124999940395355,0.28999999165534973,0.22499999403953552,0.1850000023841858,0.1574999988079071,0.14000000059604645,0.125,0.11500000208616257,0.10750000178813934,0.10000000149011612
1785945660448996248,-0.015768000856041908,0.01928885467350483,0.20796342194080353,0.0349031500518322,-0.4230859577655792,-0.1479947566986084,-0.26697617769241333,-0.05870678275823593,0.08749999850988388,0.0925000011920929,0.09749999642372131,0.10750000178813934,0.11749999970197678,0.13249999284744263,0.1525000035762787,0.18250000476837158,0.22750000655651093,0.3075000047683716,0.47749999165534973,0.4724999964237213,0.4724999964237213,0.4749999940395355,0.4124999940395355,0.28999999165534973,0.22499999403953552,0.1850000023841858,0.1574999988079071,0.14000000059604645,0.125,0.11500000208616257,0.10750000178813934,0.10000000149011612
1785945660546977038,-0.015768000856041908,0.018716774880886078,0.27378177642822266,0.0327097550034523,-0.35484132170677185,-0.14637036621570587,-0.2669811248779297,-0.05870509147644043,0.08749999850988388,0.0925000011920929,0.09749999642372131,0.10750000178813934,0.11749999970197678,0.13249999284744263,0.1525000035762787,0.18250000476837158,0.22750000655651093,0.3100000023841858,0.47749999165534973,0.4724999964237213,0.4724999964237213,0.4749999940395355,0.4099999964237213,0.28999999165534973,0.22499999403953552,0.1850000023841858,0.1574999988079071,0.14000000059604645,0.125,0.11500000208616257,0.10750000178813934,0.10000000149011612
1785945660646302475,-0.015768000856041908,0.02027045376598835,0.2605458199977875,0.03266331925988197,-0.32256045937538147,-0.14351500570774078,-0.26698002219200134,-0.05872337520122528,0.08749999850988388,0.0925000011920929,0.09749999642372131,0.10750000178813934,0.11749999970197678,0.13249999284744263,0.1525000035762787,0.18000000715255737,0.22750000655651093,0.3075000047683716,0.47749999165534973,0.4724999964237213,0.4724999964237213,0.4749999940395355,0.41499999165534973,0.28999999165534973,0.22499999403953552,0.1850000023841858,0.1574999988079071,0.14000000059604645,0.125,0.11500000208616257,0.10750000178813934,0.10000000149011612
1785945660747759241,-0.015768000856041908,0.02027045376598835,0.232986181974411,0.03251690790057182,-0.31414133310317993,-0.1433677226305008,-0.2669828534126282,-0.05872505158185959,0.08749999850988388,0.0925000011920929,0.09749999642372131,0.10750000178813934,0.11749999970197678,0.13249999284744263,0.1525000035762787,0.18000000715255737,0.22750000655651093,0.3075000047683716,0.47749999165534973,0.4724999964237213,0.4724999964237213,0.4749999940395355,0.41499999165534973,0.28999999165534973,0.22499999403953552,0.1850000023841858,0.1574999988079071,0.14000000059604645,0.125,0.11500000208616257,0.10750000178813934,0.10000000149011612
1785945660847282445,-0.015768000856041908,0.015382668934762478,0.1778489053249359,0.03169606626033783,-0.32978662848472595,-0.147432342171669,-0.2669792175292969,-0.05873098596930504,0.09000000357627869,0.0949999988079071,0.10249999910593033,0.10999999940395355,0.12250000238418579,0.13750000298023224,0.1574999988079071,0.1899999976158142,0.23749999701976776,0.32249999046325684,0.47749999165534973,0.4724999964237213,0.4724999964237213,0.4749999940395355,0.39250001311302185,0.2775000035762787,0.2150000035762787,0.17749999463558197,0.1525000035762787,0.13500000536441803,0.11999999731779099,0.10999999940395355,0.10249999910593033,0.09749999642372131
1785945660949343452,-0.015768000856041908,0.01821044832468033,0.16851435601711273,0.03202191740274429,-0.3313414454460144,-0.1449320763349533,-0.26698219776153564,-0.058719832450151443,0.08749999850988388,0.0925000011920929,0.09749999642372131,0.10750000178813934,0.11749999970197678,0.13249999284744263,0.1525000035762787,0.18250000476837158,0.22750000655651093,0.3100000023841858,0.47749999165534973,0.4724999964237213,0.4724999964237213,0.4749999940395355,0.4099999964237213,0.2874999940395355,0.22499999403953552,0.1850000023841858,0.1574999988079071,0.14000000059604645,0.125,0.11500000208616257,0.10750000178813934,0.10000000149011612
1785945661046308852,-0.015768000856041908,0.018275294452905655,0.2041412889957428,0.032240502536296844,-0.33461785316467285,-0.11503876745700836,-0.24259817600250244,-0.07166169583797455,0.08749999850988388,0.0925000011920929,0.09749999642372131,0.10750000178813934,0.11749999970197678,0.13249999284744263,0.1525000035762787,0.18250000476837158,0.22750000655651093,0.3100000023841858,0.47749999165534973,0.4724999964237213,0.4724999964237213,0.4749999940395355,0.4099999964237213,0.2874999940395355,0.22499999403953552,0.1850000023841858,0.1574999988079071,0.14000000059604645,0.125,0.11500000208616257,0.10750000178813934,0.10000000149011612
1785945661150608902,-0.015768000856041908,0.018275294452905655,0.2266523391008377,0.03144238516688347,-0.30979788303375244,-0.11424000561237335,-0.2426004707813263,-0.0716516524553299,0.08749999850988388,0.0925000011920929,0.09749999642372131,0.10750000178813934,0.11749999970197678,0.13249999284744263,0.1525000035762787,0.18250000476837158,0.22750000655651093,0.3100000023841858,0.47749999165534973,0.4724999964237213,0.4724999964237213,0.4749999940395355,0.4099999964237213,0.2874999940395355,0.22499999403953552,0.1850000023841858,0.1574999988079071,0.14000000059604645,0.125,0.11500000208616257,0.10750000178813934,0.10000000149011612
1785945661246997932,-0.015768000856041908,0.016910729929804802,0.2367335855960846,0.042588379234075546,-0.27208608388900757,-0.12618830800056458,-0.24259868264198303,-0.07165225595235825,0.09000000357627869,0.0949999988079071,0.10249999910593033,0.10999999940395355,0.12250000238418579,0.13750000298023224,0.1574999988079071,0.1875,0.23749999701976776,0.32249999046325684,0.47749999165534973,0.4724999964237213,0.4724999964237213,0.4749999940395355,0.39500001072883606,0.2800000011920929,0.2175000011920929,0.17749999463558197,0.1525000035762787,0.13500000536441803,0.12250000238418579,0.10999999940395355,0.10249999910593033,0.09749999642372131
1785945661347648274,-0.015768000856041908,0.0211140438914299,0.20793741941452026,0.04234911873936653,-0.2506906986236572,-0.12174750119447708,-0.24260008335113525,-0.07166296988725662,0.08749999850988388,0.0925000011920929,0.09749999642372131,0.10750000178813934,0.11749999970197678,0.13249999284744263,0.1525000035762787,0.18000000715255737,0.22750000655651093,0.3050000071525574,0.47749999165534973,0.4724999964237213,0.4724999964237213,0.4749999940395355,0.41499999165534973,0.28999999165534973,0.22499999403953552,0.1850000023841858,0.1574999988079071,0.14000000059604645,0.125,0.11500000208616257,0.10750000178813934,0.10000000149011612
1785945661446548675,-0.015768000856041908,0.0211140438914299,0.12650324404239655,0.047704052180051804,-0.25554242730140686,-0.1270999312400818,-0.2425946742296219,-0.07164806872606277,0.08749999850988388,0.0925000011920929,0.09749999642372131,0.10750000178813934,0.11749999970197678,0.13249999284744263,0.1525000035762787,0.18000000715255737,0.22750000655651093,0.3050000071525574,0.47749999165534973,0.4724999964237213,0.4724999964237213,0.4749999940395355,0.41499999165534973,0.28999999165534973,0.22499999403953552,0.1850000023841858,0.1574999988079071,0.14000000059604645,0.125,0.11500000208616257,0.10750000178813934,0.10000000149011612
1785945661547231721,-0.015768000856041908,0.019884835928678513,0.11454242467880249,0.04791655391454697,-0.2841651141643524,-0.12854266166687012,-0.24259839951992035,-0.0716368705034256,0.08749999850988388,0.0925000011920929,0.09749999642372131,0.10750000178813934,0.11749999970197678,0.13249999284744263,0.1525000035762787,0.18250000476837158,0.22750000655651093,0.3075000047683716,0.47749999165534973,0.4724999964237213,0.4724999964237213,0.4749999940395355,0.4124999940395355,0.28999999165534973,0.22499999403953552,0.1850000023841858,0.1574999988079071,0.14000000059604645,0.125,0.11500000208616257,0.10750000178813934,0.10000000149011612
1785945661648609508,-0.015768000856041908,0.020867234095931053,0.12177248299121857,0.04993431642651558,-0.30242881178855896,-0.12957897782325745,-0.24260461330413818,-0.07166264206171036,0.08749999850988388,0.0925000011920929,0.09749999642372131,0.10750000178813934,0.11749999970197678,0.13249999284744263,0.1525000035762787,0.18000000715255737,0.22750000655651093,0.3050000071525574,0.47749999165534973,0.4724999964237213,0.4724999964237213,0.4749999940395355,0.41499999165534973,0.28999999165534973,0.22499999403953552,0.1850000023841858,0.1574999988079071,0.14000000059604645,0.125,0.11500000208616257,0.10750000178813934,0.10000000149011612
1785945661746558073,-0.01642500050365925,0.015530808828771114,0.1930539608001709,0.052581652998924255,-0.2865145802497864,-0.11415258049964905,-0.1808418482542038,-0.08253932744264603,0.09000000357627869,0.0949999988079071,0.10249999910593033,0.10999999940395355,0.12250000238418579,0.13750000298023224,0.1574999988079071,0.1899999976158142,0.23749999701976776,0.32249999046325684,0.47749999165534973,0.4724999964237213,0.4724999964237213,0.4749999940395355,0.39250001311302185,0.2775000035762787,0.2150000035762787,0.17749999463558197,0.1525000035762787,0.13500000536441803,0.11999999731779099,0.10999999940395355,0.10249999910593033,0.09749999642372131
1785945661847421797,-0.03810599818825722,0.015530808828771114,0.22264313697814941,0.053006649017333984,-0.2659023404121399,-0.11457806825637817,-0.18085461854934692,-0.08253369480371475,0.09000000357627869,0.0949999988079071,0.10249999910593033,0.10999999940395355,0.12250000238418579,0.13750000298023224,0.1574999988079071,0.1899999976158142,0.23749999701976776,0.32249999046325684,0.47749999165534973,0.4724999964237213,0.4724999964237213,0.4749999940395355,0.39250001311302185,0.2775000035762787,0.2150000035762787,0.17749999463558197,0.1525000035762787,0.13500000536441803,0.11999999731779099,0.10999999940395355,0.10249999910593033,0.09749999642372131
1785945661946267636,-0.07095599919557571,0.014024119824171066,0.1834663450717926,0.05458037555217743,-0.22753772139549255,-0.11758511513471603,-0.1808457225561142,-0.08253178000450134,0.09000000357627869,0.0949999988079071,0.10249999910593033,0.10999999940395355,0.12250000238418579,0.13750000298023224,0.1574999988079071,0.1899999976158142,0.23749999701976776,0.32499998807907104,0.47749999165534973,0.4724999964237213,0.4724999964237213,0.4749999940395355,0.38999998569488525,0.2775000035762787,0.2150000035762787,0.17749999463558197,0.1525000035762787,0.13500000536441803,0.11999999731779099,0.10999999940395355,0.10249999910593033,0.09749999642372131
1785945662055263444,-0.09723600000143051,0.014024119824171066,0.12259369343519211,0.06113133206963539,-0.24173034727573395,-0.12413698434829712,-0.18085400760173798,-0.08253134787082672,0.09000000357627869,0.0949999988079071,0.10249999910593033,0.10999999940395355,0.12250000238418579,0.13750000298023224,0.1574999988079071,0.1899999976158142,0.23749999701976776,0.32499998807907104,0.47749999165534973,0.4724999964237213,0.4724999964237213,0.4749999940395355,0.38999998569488525,0.2775000035762787,0.2150000035762787,0.17749999463558197,0.1525000035762787,0.13500000536441803,0.11999999731779099,0.10999999940395355,0.10249999910593033,0.09749999642372131
1785945662149117198,-0.10380599647760391,0.015992406755685806,0.09710842370986938,0.0671994686126709,-0.25769728422164917,-0.1282341480255127,-0.18084418773651123,-0.08254018425941467,0.09000000357627869,0.0949999988079071,0.10249999910593033,0.10999999940395355,0.12250000238418579,0.13750000298023224,0.1574999988079071,0.1899999976158142,0.23749999701976776,0.32249999046325684,0.47749999165534973,0.4724999964237213,0.4724999964237213,0.4749999940395355,0.39500001072883606,0.2775000035762787,0.2175000011920929,0.17749999463558197,0.1525000035762787,0.13500000536441803,0.12250000238418579,0.10999999940395355,0.10249999910593033,0.09749999642372131
1785945662246425647,-0.10840500146150589,0.013973221182823181,0.08671177178621292,0.08309794217348099,-0.3427343964576721,-0.14615245163440704,-0.18084675073623657,-0.08253248035907745,0.09000000357627869,0.0949999988079071,0.10249999910593033,0.10999999940395355,0.12250000238418579,0.13750000298023224,0.1574999988079071,0.1899999976158142,0.23749999701976776,0.32499998807907104,0.47749999165534973,0.4724999964237213,0.4724999964237213,0.4749999940395355,0.38999998569488525,0.2750000059604645,0.2150000035762787,0.17749999463558197,0.1525000035762787,0.13500000536441803,0.11999999731779099,0.10999999940395355,0.10249999910593033,0.09749999642372131
1785945662349179411,-0.11168999969959259,0.013973221182823181,0.10728056728839874,0.09053546190261841,-0.3778354525566101,-0.15359137952327728,-0.1808440238237381,-0.08252957463264465,0.09000000357627869,0.0949999988079071,0.10249999910593033,0.10999999940395355,0.12250000238418579,0.13750000298023224,0.1574999988079071,0.1899999976158142,0.23749999701976776,0.32499998807907104,0.47749999165534973,0.4724999964237213,0.4724999964237213,0.4749999940395355,0.38999998569488525,0.2750000059604645,0.2150000035762787,0.17749999463558197,0.1525000035762787,0.13500000536441803,0.11999999731779099,0.10999999940395355,0.10249999910593033,0.09749999642372131
1785945662446501333,-0.11366099864244461,0.01971498876810074,0.1963275969028473,0.10913769155740738,-0.37000730633735657,-0.10188652575016022,-0.012465368025004864,-0.09691251069307327,0.08749999850988388,0.0925000011920929,0.09749999642372131,0.10750000178813934,0.11749999970197678,0.13249999284744263,0.1525000035762787,0.18250000476837158,0.22750000655651093,0.3075000047683716,0.47749999165534973,0.4724999964237213,0.4724999964237213,0.4749999940395355,0.4124999940395355,0.28999999165534973,0.22499999403953552,0.1850000023841858,0.1574999988079071,0.14000000059604645,0.125,0.11500000208616257,0.10750000178813934,0.10000000149011612
1785945662547674890,-0.11366099864244461,0.016582539305090904,0.22759994864463806,0.11588092893362045,-0.38207435607910156,-0.11176187545061111,-0.012461237609386444,-0.09691686928272247,0.09000000357627869,0.0949999988079071,0.10249999910593033,0.10999999940395355,0.12250000238418579,0.13750000298023224,0.1574999988079071,0.1875,0.23749999701976776,0.32249999046325684,0.47749999165534973,0.4724999964237213,0.4724999964237213,0.4749999940395355,0.39500001072883606,0.2775000035762787,0.2175000011920929,0.17749999463558197,0.1525000035762787,0.13500000536441803,0.12250000238418579,0.10999999940395355,0.10249999910593033,0.09749999642372131
1785945662646665854,-0.11037600040435791,0.026414526626467705,0.14399458467960358,0.1328382045030594,-0.37682390213012695,-0.11893291771411896,-0.012477998621761799,-0.09692558646202087,0.08749999850988388,0.0925000011920929,0.09749999642372131,0.10499999672174454,0.11749999970197678,0.12999999523162842,0.15000000596046448,0.18000000715255737,0.2224999964237213,0.30000001192092896,0.47749999165534973,0.4724999964237213,0.4724999964237213,0.4749999940395355,0.42750000953674316,0.29499998688697815,0.22750000655651093,0.1875,0.1599999964237213,0.14000000059604645,0.1274999976158142,0.11500000208616257,0.10750000178813934,0.10000000149011612
1785945662746900343,-0.10971900075674057,0.026414526626467705,0.07467169314622879,0.14728611707687378,-0.41785696148872375,-0.13337984681129456,-0.012456201016902924,-0.0969322994351387,0.08749999850988388,0.0925000011920929,0.09749999642372131,0.10499999672174454,0.11749999970197678,0.12999999523162842,0.15000000596046448,0.18000000715255737,0.2224999964237213,0.30000001192092896,0.47749999165534973,0.4724999964237213,0.4724999964237213,0.4749999940395355,0.42750000953674316,0.29499998688697815,0.22750000655651093,0.1875,0.1599999964237213,0.14000000059604645,0.1274999976158142,0.11500000208616257,0.10750000178813934,0.10000000149011612
1785945662852992671,-0.10117799788713455,0.039701301604509354,0.04543736204504967,0.15104563534259796,-0.3936690390110016,-0.1238504946231842,-0.01246402133256197,-0.09692489355802536,0.08250000327825546,0.08749999850988388,0.0925000011920929,0.10000000149011612,0.10999999940395355,0.125,0.14249999821186066,0.16750000417232513,0.20749999582767487,0.2750000059604645,0.4300000071525574,0.4724999964237213,0.4724999964237213,0.4724999964237213,0.45500001311302185,0.3199999928474426,0.24250000715255737,0.19750000536441803,0.16750000417232513,0.14749999344348907,0.13249999284744263,0.11999999731779099,0.11249999701976776,0.10499999672174454
1785945662947782646,-0.06701400130987167,0.0500389039516449,0.061650875955820084,0.17413748800754547,-0.45552414655685425,-0.13660666346549988,-0.012472156435251236,-0.09692194312810898,0.08250000327825546,0.08749999850988388,0.0925000011920929,0.10000000149011612,0.10999999940395355,0.12250000238418579,0.14000000059604645,0.16500000655651093,0.20250000059604645,0.26499998569488525,0.39250001311302185,0.4724999964237213,0.4724999964237213,0.4724999964237213,0.4675000011920929,0.33000001311302185,0.25,0.20250000059604645,0.17000000178813934,0.15000000596046448,0.13249999284744263,0.12250000238418579,0.11249999701976776,0.10499999672174454
1785945663046573027,-0.01839599944651127,0.0500389039516449,0.0944398045539856,0.17906954884529114,-0.47313424944877625,-0.1307634860277176,-0.08848145604133606,-0.14813126623630524,0.08250000327825546,0.08749999850988388,0.0925000011920929,0.10000000149011612,0.10999999940395355,0.12250000238418579,0.14000000059604645,0.16500000655651093,0.20250000059604645,0.26499998569488525,0.39250001311302185,0.4724999964237213,0.4724999964237213,0.4724999964237213,0.4675000011920929,0.33000001311302185,0.25,0.20250000059604645,0.17000000178813934,0.15000000596046448,0.13249999284744263,0.12250000238418579,0.11249999701976776,0.10499999672174454
1785945663148376107,0.04336199909448624,0.07735313475131989,0.19823651015758514,0.19420087337493896,-0.38840070366859436,-0.11858105659484863,-0.08847250789403915,-0.14812316000461578,0.07500000298023224,0.07999999821186066,0.08500000089406967,0.09000000357627869,0.10000000149011612,0.10999999940395355,0.125,0.14499999582767487,0.17499999701976776,0.22499999403953552,0.3199999928474426,0.4749999940395355,0.4724999964237213,0.4724999964237213,0.47749999165534973,0.38749998807907104,0.2849999964237213,0.22750000655651093,0.1899999976158142,0.16249999403953552,0.14499999582767487,0.13249999284744263,0.12250000238418579,0.11249999701976776
1785945663247893871,0.13599899411201477,0.08437429368495941,0.2312380075454712,0.19140973687171936,-0.34667980670928955,-0.108768031001091,-0.08847274631261826,-0.1481366753578186,0.07500000298023224,0.07999999821186066,0.08500000089406967,0.09000000357627869,0.09749999642372131,0.10999999940395355,0.12250000238418579,0.14249999821186066,0.17249999940395355,0.2199999988079071,0.3100000023841858,0.4749999940395355,0.4724999964237213,0.4724999964237213,0.4749999940395355,0.4000000059604645,0.28999999165534973,0.23000000417232513,0.19249999523162842,0.16500000655651093,0.14749999344348907,0.13249999284744263,0.12250000238418579,0.11500000208616257
1785945663347629625,0.19381499290466309,0.08437429368495941,-0.14285287261009216,0.17871306836605072,-0.2736075818538666,-0.0959635078907013,-0.08847389370203018,-0.14815402030944824,0.07500000298023224,0.07999999821186066,0.08500000089406967,0.09000000357627869,0.09749999642372131,0.10999999940395355,0.12250000238418579,0.14249999821186066,0.17249999940395355,0.2199999988079071,0.3100000023841858,0.4749999940395355,0.4724999964237213,0.4724999964237213,0.4749999940395355,0.4000000059604645,0.28999999165534973,0.23000000417232513,0.19249999523162842,0.16500000655651093,0.14749999344348907,0.13249999284744263,0.12250000238418579,0.11500000208616257
1785945663448369633,0.2122109979391098,0.094647616147995,-0.091081902384758,0.15706202387809753,-0.17468063533306122,-0.06403766572475433,-0.08847685158252716,-0.14812736213207245,0.07249999791383743,0.07500000298023224,0.07999999821186066,0.08749999850988388,0.0949999988079071,0.10499999672174454,0.11749999970197678,0.13500000536441803,0.16249999403953552,0.20749999582767487,0.2849999964237213,0.4749999940395355,0.4724999964237213,0.4724999964237213,0.4749999940395355,0.4300000071525574,0.3075000047683716,0.24250000715255737,0.20000000298023224,0.17249999940395355,0.1525000035762787,0.13750000298023224,0.1274999976158142,0.11749999970197678
1785945663555406854,0.18330299854278564,0.12236063182353973,-0.0735926553606987,0.1435350626707077,-0.08952664583921432,-0.02279628813266754,-0.0884707048535347,-0.14813967049121857,0.07000000029802322,0.07249999791383743,0.07500000298023224,0.08250000327825546,0.08749999850988388,0.09749999642372131,0.10750000178813934,0.125,0.14749999344348907,0.18250000476837158,0.24500000476837158,0.375,0.4724999964237213,0.4724999964237213,0.4749999940395355,0.4749999940395355,0.3449999988079071,0.26499998569488525,0.2175000011920929,0.1850000023841858,0.16249999403953552,0.14499999582767487,0.13249999284744263,0.12250000238418579
1785945663646566543,0.11563199758529663,0.12236063182353973,-0.09560635685920715,0.10417451709508896,0.19983115792274475,0.016558848321437836,-0.08848018199205399,-0.1481265276670456,0.07000000029802322,0.07249999791383743,0.07500000298023224,0.08250000327825546,0.08749999850988388,0.09749999642372131,0.10750000178813934,0.125,0.14749999344348907,0.18250000476837158,0.24500000476837158,0.375,0.4724999964237213,0.4724999964237213,0.4749999940395355,0.4749999940395355,0.3449999988079071,0.26499998569488525,0.2175000011920929,0.1850000023841858,0.16249999403953552,0.14499999582767487,0.13249999284744263,0.12250000238418579
1785945663746494239,0.0361349992454052,0.1436377614736557,-0.1213788390159607,0.0921366885304451,0.28858688473701477,0.049876585602760315,-0.0884770005941391,-0.14813905954360962,0.0625,0.06499999761581421,0.07000000029802322,0.07249999791383743,0.07999999821186066,0.08749999850988388,0.09749999642372131,0.10999999940395355,0.12999999523162842,0.1599999964237213,0.20999999344348907,0.3075000047683716,0.4749999940395355,0.4749999940395355,0.4749999940395355,0.47999998927116394,0.38999998569488525,0.29499998688697815,0.23749999701976776,0.20000000298023224,0.17499999701976776,0.1574999988079071,0.14249999821186066,0.13249999284744263
1785945663846695703,-0.010511999949812889,0.1436377614736557,-0.21264179050922394,0.06679219007492065,0.31846413016319275,0.07910332083702087,-0.08418366312980652,-0.22147274017333984,0.0625,0.06499999761581421,0.07000000029802322,0.07249999791383743,0.07999999821186066,0.08749999850988388,0.09749999642372131,0.10999999940395355,0.12999999523162842,0.1599999964237213,0.20999999344348907,0.3075000047683716,0.4749999940395355,0.4749999940395355,0.4749999940395355,0.47999998927116394,0.38999998569488525,0.29499998688697815,0.23749999701976776,0.20000000298023224,0.17499999701976776,0.1574999988079071,0.14249999821186066,0.13249999284744263
1785945663946905935,-0.01905299909412861,0.13424590229988098,-0.22183631360530853,0.06548784673213959,0.2771047055721283,0.07093805819749832,-0.08418697118759155,-0.22146101295948029,0.06499999761581421,0.07000000029802322,0.07249999791383743,0.07750000059604645,0.08250000327825546,0.0925000011920929,0.10249999910593033,0.11749999970197678,0.13750000298023224,0.17000000178813934,0.22499999403953552,0.3375000059604645,0.4749999940395355,0.4749999940395355,0.4749999940395355,0.48249998688697815,0.3700000047683716,0.2800000011920929,0.22750000655651093,0.19249999523162842,0.17000000178813934,0.15000000596046448,0.13750000298023224,0.1274999976158142
1785945664051870038,-0.019710000604391098,0.08969501405954361,-0.19782070815563202,0.06748609244823456,0.14983391761779785,0.02438826858997345,-0.08418487757444382,-0.22148177027702332,0.07249999791383743,0.07750000059604645,0.07999999821186066,0.08749999850988388,0.0949999988079071,0.10499999672174454,0.11749999970197678,0.13750000298023224,0.16500000655651093,0.20999999344348907,0.28999999165534973,0.4749999940395355,0.4724999964237213,0.4724999964237213,0.4749999940395355,0.41999998688697815,0.30250000953674316,0.23999999463558197,0.19750000536441803,0.17000000178813934,0.1525000035762787,0.13750000298023224,0.125,0.11749999970197678
1785945664149182551,-0.0013139999937266111,0.08969501405954361,-0.13087505102157593,0.06876952946186066,0.14783981442451477,0.02310560643672943,-0.08418285846710205,-0.22147323191165924,0.07249999791383743,0.07750000059604645,0.07999999821186066,0.08749999850988388,0.0949999988079071,0.10499999672174454,0.11749999970197678,0.13750000298023224,0.16500000655651093,0.20999999344348907,0.28999999165534973,0.4749999940395355,0.4724999964237213,0.4724999964237213,0.4749999940395355,0.41999998688697815,0.30250000953674316,0.23999999463558197,0.19750000536441803,0.17000000178813934,0.1525000035762787,0.13750000298023224,0.125,0.11749999970197678
1785945664248426739,0.042704999446868896,0.03220141679048538,-0.11709917336702347,0.06839744746685028,-0.07236183434724808,-0.03401828557252884,-0.08418057858943939,-0.221472829580307,0.08749999850988388,0.09000000357627869,0.09749999642372131,0.10499999672174454,0.11500000208616257,0.12999999523162842,0.15000000596046448,0.17749999463558197,0.2199999988079071,0.29249998927116394,0.47749999165534973,0.4724999964237213,0.4724999964237213,0.4749999940395355,0.4300000071525574,0.30250000953674316,0.23250000178813934,0.1899999976158142,0.16249999403953552,0.14249999821186066,0.1274999976158142,0.11500000208616257,0.10750000178813934,0.10249999910593033
1785945664346972857,0.07621199637651443,0.03220141679048538,-0.12531617283821106,0.07075557112693787,-0.15834705531597137,-0.036374978721141815,-0.08418719470500946,-0.22146768867969513,0.08749999850988388,0.09000000357627869,0.09749999642372131,0.10499999672174454,0.11500000208616257,0.12999999523162842,0.15000000596046448,0.17749999463558197,0.2199999988079071,0.29249998927116394,0.47749999165534973,0.4724999964237213,0.4724999964237213,0.4749999940395355,0.4300000071525574,0.30250000953674316,0.23250000178813934,0.1899999976158142,0.16249999403953552,0.14249999821186066,0.1274999976158142,0.11500000208616257,0.10750000178813934,0.10249999910593033
1785945664447401272,0.07424099743366241,0.006581633351743221,-0.16071189939975739,0.06136639043688774,-0.22842933237552643,-0.05260523408651352,-0.08418240398168564,-0.2214665561914444,0.09000000357627869,0.0949999988079071,0.10249999910593033,0.11249999701976776,0.12250000238418579,0.14000000059604645,0.1599999964237213,0.19249999523162842,0.24500000476837158,0.33500000834465027,0.4749999940395355,0.4724999964237213,0.4724999964237213,0.4749999940395355,0.3774999976158142,0.27000001072883606,0.21250000596046448,0.17499999701976776,0.15000000596046448,0.13249999284744263,0.11999999731779099,0.10999999940395355,0.10249999910593033,0.09749999642372131
1785945664547469900,0.03482099995017052,0.0028200168162584305,-0.1834254264831543,0.056634631007909775,-0.2146880030632019,-0.051932193338871,-0.07499084621667862,-0.2545832395553589,0.09000000357627869,0.0949999988079071,0.10249999910593033,0.11249999701976776,0.12250000238418579,0.14000000059604645,0.16249999403953552,0.19499999284744263,0.2475000023841858,0.3400000035762787,0.4749999940395355,0.4724999964237213,0.4724999964237213,0.4749999940395355,0.3725000023841858,0.26750001311302185,0.20999999344348907,0.17499999701976776,0.15000000596046448,0.13249999284744263,0.11999999731779099,0.10999999940395355,0.10249999910593033,0.09749999642372131
1785945664646780713,-0.0013139999937266111,0.0028200168162584305,-0.26273733377456665,0.04093385487794876,0.11915622651576996,-0.036231428384780884,-0.0749841183423996,-0.2545712888240814,0.09000000357627869,0.0949999988079071,0.10249999910593033,0.11249999701976776,0.12250000238418579,0.14000000059604645,0.16249999403953552,0.19499999284744263,0.2475000023841858,0.3400000035762787,0.4749999940395355,0.4724999964237213,0.4724999964237213,0.4749999940395355,0.3725000023841858,0.26750001311302185,0.20999999344348907,0.17499999701976776,0.15000000596046448,0.13249999284744263,0.11999999731779099,0.10999999940395355,0.10249999910593033,0.09749999642372131
1785945664746759515,-0.013797000050544739,0.006869880948215723,-0.24179571866989136,0.038657527416944504,0.09188918769359589,-0.030191870406270027,-0.07498890161514282,-0.25457003712654114,0.09000000357627869,0.0949999988079071,0.10249999910593033,0.11249999701976776,0.12250000238418579,0.14000000059604645,0.1599999964237213,0.19249999523162842,0.24250000715255737,0.33500000834465027,0.4749999940395355,0.4724999964237213,0.4724999964237213,0.4749999940395355,0.3774999976158142,0.27000001072883606,0.21250000596046448,0.17499999701976776,0.15000000596046448,0.13249999284744263,0.11999999731779099,0.10999999940395355,0.10249999910593033,0.09749999642372131
1785945664851051917,-0.015111000277101994,0.0050252024084329605,-0.19969622790813446,0.04072367772459984,0.03742925450205803,-0.034098461270332336,-0.07498548179864883,-0.2545676827430725,0.09000000357627869,0.0949999988079071,0.10249999910593033,0.11249999701976776,0.12250000238418579,0.14000000059604645,0.1599999964237213,0.19249999523162842,0.24500000476837158,0.3375000059604645,0.4749999940395355,0.4724999964237213,0.4724999964237213,0.4749999940395355,0.375,0.26750001311302185,0.20999999344348907,0.17499999701976776,0.15000000596046448,0.13249999284744263,0.11999999731779099,0.10999999940395355,0.10249999910593033,0.09749999642372131
1785945664947480692,-0.0006569999968633056,0.0050252024084329605,-0.15093053877353668,0.03945713862776756,0.07835891097784042,-0.03283458203077316,-0.07498768717050552,-0.2545942962169647,0.09000000357627869,0.0949999988079071,0.10249999910593033,0.11249999701976776,0.12250000238418579,0.14000000059604645,0.1599999964237213,0.19249999523162842,0.24500000476837158,0.3375000059604645,0.4749999940395355,0.4724999964237213,0.4724999964237213,0.4749999940395355,0.375,0.26750001311302185,0.20999999344348907,0.17499999701976776,0.15000000596046448,0.13249999284744263,0.11999999731779099,0.10999999940395355,0.10249999910593033,0.09749999642372131
1785945665047834353,0.01773899979889393,-0.004462062381207943,-0.1456567645072937,0.039409611374139786,0.10336664319038391,-0.04227433726191521,-0.0749846026301384,-0.2545544505119324,0.0949999988079071,0.10000000149011612,0.10750000178813934,0.11500000208616257,0.1274999976158142,0.14499999582767487,0.17000000178813934,0.20499999821186066,0.25999999046325684,0.36250001192092896,0.4749999940395355,0.4724999964237213,0.4724999964237213,0.4749999940395355,0.3499999940395355,0.2524999976158142,0.20000000298023224,0.16750000417232513,0.14249999821186066,0.1274999976158142,0.11500000208616257,0.10499999672174454,0.10000000149011612,0.0925000011920929
1785945665147803074,0.029565000906586647,-0.011490113101899624,-0.17063863575458527,0.03909144923090935,-0.20176304876804352,-0.04898279532790184,-0.07499005645513535,-0.25455614924430847,0.0949999988079071,0.10000000149011612,0.10750000178813934,0.11749999970197678,0.12999999523162842,0.14749999344348907,0.17249999940395355,0.20749999582767487,0.26499998569488525,0.375,0.4749999940395355,0.4724999964237213,0.4724999964237213,0.47749999165534973,0.3400000035762787,0.2475000023841858,0.19750000536441803,0.16500000655651093,0.14249999821186066,0.1274999976158142,0.11500000208616257,0.10499999672174454,0.09749999642372131,0.0925000011920929
1785945665248758289,0.015111000277101994,-0.011490113101899624,-0.18974480032920837,0.03563316911458969,0.2290865033864975,-0.04678517207503319,-0.07058409601449966,-0.2811855375766754,0.0949999988079071,0.10000000149011612,0.10750000178813934,0.11749999970197678,0.12999999523162842,0.14749999344348907,0.17249999940395355,0.20749999582767487,0.26499998569488525,0.375,0.4749999940395355,0.4724999964237213,0.4724999964237213,0.47749999165534973,0.3400000035762787,0.2475000023841858,0.19750000536441803,0.16500000655651093,0.14249999821186066,0.1274999976158142,0.11500000208616257,0.10499999672174454,0.09749999642372131,0.0925000011920929
1785945665346708261,-0.0026279999874532223,-0.02341441996395588,-0.2556504011154175,0.016466520726680756,0.1301514357328415,-0.039540790021419525,-0.07057208567857742,-0.281176894903183,0.09749999642372131,0.10499999672174454,0.11249999701976776,0.12250000238418579,0.13500000536441803,0.1550000011920929,0.18000000715255737,0.2199999988079071,0.2849999964237213,0.41999998688697815,0.4749999940395355,0.4724999964237213,0.4724999964237213,0.45750001072883606,0.3125,0.23250000178813934,0.1850000023841858,0.1550000011920929,0.13500000536441803,0.11999999731779099,0.10999999940395355,0.10000000149011612,0.0949999988079071,0.09000000357627869
1785945665447983197,-0.010511999949812889,-0.02173760160803795,-0.25229141116142273,0.01664085127413273,0.09985779970884323,-0.03724758327007294,-0.07057732343673706,-0.2811826765537262,0.09749999642372131,0.10499999672174454,0.11249999701976776,0.12250000238418579,0.13500000536441803,0.1550000011920929,0.18000000715255737,0.2199999988079071,0.2824999988079071,0.41749998927116394,0.4749999940395355,0.4724999964237213,0.4724999964237213,0.46000000834465027,0.3149999976158142,0.23250000178813934,0.1875,0.1574999988079071,0.13500000536441803,0.11999999731779099,0.10999999940395355,0.10000000149011612,0.0949999988079071,0.09000000357627869
1785945665548475966,-0.013797000050544739,-0.022022901102900505,-0.16856594383716583,0.006312430836260319,0.044383324682712555,-0.027205077931284904,-0.0705794095993042,-0.28118669986724854,0.09749999642372131,0.10499999672174454,0.11249999701976776,0.12250000238418579,0.13500000536441803,0.1550000011920929,0.18000000715255737,0.2199999988079071,0.2824999988079071,0.41749998927116394,0.4749999940395355,0.4724999964237213,0.4724999964237213,0.46000000834465027,0.3149999976158142,0.23250000178813934,0.1875,0.1574999988079071,0.13500000536441803,0.11999999731779099,0.10999999940395355,0.10000000149011612,0.0949999988079071,0.09000000357627869
1785945665647304461,-0.015111000277101994,-0.022022901102900505,-0.14894601702690125,0.005780890118330717,0.05692595988512039,-0.026673253625631332,-0.07058126479387283,-0.2811923027038574,0.09749999642372131,0.10499999672174454,0.11249999701976776,0.12250000238418579,0.13500000536441803,0.1550000011920929,0.18000000715255737,0.2199999988079071,0.2824999988079071,0.41749998927116394,0.4749999940395355,0.4724999964237213,0.4724999964237213,0.46000000834465027,0.3149999976158142,0.23250000178813934,0.1875,0.1574999988079071,0.13500000536441803,0.11999999731779099,0.10999999940395355,0.10000000149011612,0.0949999988079071,0.09000000357627869
1785945665746347330,-0.015768000856041908,-0.02053898572921753,-0.1257978230714798,0.005461567081511021,0.13960011303424835,-0.02486983686685562,-0.07057952880859375,-0.28120332956314087,0.09749999642372131,0.10249999910593033,0.11249999701976776,0.12250000238418579,0.13500000536441803,0.1550000011920929,0.18000000715255737,0.2175000011920929,0.2824999988079071,0.41499999165534973,0.4749999940395355,0.4724999964237213,0.4724999964237213,0.4650000035762787,0.3174999952316284,0.23499999940395355,0.1875,0.1574999988079071,0.13500000536441803,0.11999999731779099,0.10999999940395355,0.10249999910593033,0.0949999988079071,0.09000000357627869
1785945665854010298,-0.015768000856041908,-0.024522412568330765,-0.14888282120227814,0.004660146310925484,0.20044510066509247,-0.028051400557160378,-0.0705844834446907,-0.2812008261680603,0.09749999642372131,0.10499999672174454,0.11249999701976776,0.12250000238418579,0.13500000536441803,0.1550000011920929,0.18000000715255737,0.2199999988079071,0.2849999964237213,0.42250001430511475,0.4749999940395355,0.4724999964237213,0.4724999964237213,0.45750001072883606,0.3125,0.23250000178813934,0.1850000023841858,0.1550000011920929,0.13500000536441803,0.11999999731779099,0.10999999940395355,0.10000000149011612,0.0949999988079071,0.09000000357627869
1785945665947705263,-0.015768000856041908,-0.024522412568330765,-0.16932125389575958,0.007105623837560415,0.2293756902217865,-0.03049614652991295,-0.07058059424161911,-0.2812045216560364,0.09749999642372131,0.10499999672174454,0.11249999701976776,0.12250000238418579,0.13500000536441803,0.1550000011920929,0.18000000715255737,0.2199999988079071,0.2849999964237213,0.42250001430511475,0.4749999940395355,0.4724999964237213,0.4724999964237213,0.45750001072883606,0.3125,0.23250000178813934,0.1850000023841858,0.1550000011920929,0.13500000536441803,0.11999999731779099,0.10999999940395355,0.10000000149011612,0.0949999988079071,0.09000000357627869
1785945666050559638,-0.015768000856041908,-0.028403405100107193,-0.21389496326446533,0.008111009374260902,0.1791573017835617,-0.03594963997602463,-0.06923693418502808,-0.30000001192092896,0.09749999642372131,0.10499999672174454,0.11249999701976776,0.12250000238418579,0.13750000298023224,0.1550000011920929,0.18250000476837158,0.2224999964237213,0.28999999165534973,0.4300000071525574,0.4749999940395355,0.4724999964237213,0.4724999964237213,0.45750001072883606,0.3075000047683716,0.23000000417232513,0.1850000023841858,0.1550000011920929,0.13500000536441803,0.11999999731779099,0.10999999940395355,0.10000000149011612,0.0949999988079071,0.09000000357627869
1785945666147092801,-0.015768000856041908,-0.027819780632853508,-0.2589104175567627,0.009565567597746849,0.1263163685798645,-0.03681885451078415,-0.06924086064100266,-0.30000001192092896,0.09749999642372131,0.10499999672174454,0.11249999701976776,0.12250000238418579,0.13750000298023224,0.1550000011920929,0.18250000476837158,0.2224999964237213,0.28999999165534973,0.4300000071525574,0.4749999940395355,0.4724999964237213,0.4724999964237213,0.45750001072883606,0.3075000047683716,0.23000000417232513,0.1850000023841858,0.1550000011920929,0.13500000536441803,0.11999999731779099,0.10999999940395355,0.10000000149011612,0.0949999988079071,0.09000000357627869
1785945666247397340,-0.015768000856041908,-0.027819780632853508,-0.2120654582977295,0.010140689089894295,0.054758358746767044,-0.037076447159051895,-0.06923666596412659,-0.30000001192092896,0.09749999642372131,0.10499999672174454,0.11249999701976776,0.12250000238418579,0.13750000298023224,0.1550000011920929,0.18250000476837158,0.2224999964237213,0.28999999165534973,0.4300000071525574,0.4749999940395355,0.4724999964237213,0.4724999964237213,0.45750001072883606,0.3075000047683716,0.23000000417232513,0.1850000023841858,0.1550000011920929,0.13500000536441803,0.11999999731779099,0.10999999940395355,0.10000000149011612,0.0949999988079071,0.09000000357627869
1785945666346630071,-0.015768000856041908,-0.03201967477798462,-0.193380206823349,0.00880952924489975,0.02940339222550392,-0.0399450920522213,-0.06923726946115494,-0.30000001192092896,0.09749999642372131,0.10499999672174454,0.11249999701976776,0.12250000238418579,0.13750000298023224,0.1574999988079071,0.1850000023841858,0.22499999403953552,0.29249998927116394,0.4375,0.4749999940395355,0.4724999964237213,0.4724999964237213,0.44749999046325684,0.30250000953674316,0.22750000655651093,0.18250000476837158,0.1550000011920929,0.13500000536441803,0.11999999731779099,0.10750000178813934,0.10000000149011612,0.0949999988079071,0.09000000357627869
1785945666446834895,-0.015768000856041908,-0.02883511781692505,-0.1454431712627411,0.005628840532153845,0.05855727195739746,-0.033582914620637894,-0.06924495100975037,-0.30000001192092896,0.09749999642372131,0.10499999672174454,0.11249999701976776,0.12250000238418579,0.13750000298023224,0.1550000011920929,0.18250000476837158,0.2224999964237213,0.28999999165534973,0.4325000047683716,0.4749999940395355,0.4724999964237213,0.4724999964237213,0.45750001072883606,0.3075000047683716,0.23000000417232513,0.18250000476837158,0.1550000011920929,0.13500000536441803,0.11999999731779099,0.10999999940395355,0.10000000149011612,0.0949999988079071,0.09000000357627869
1785945666546717181,-0.015768000856041908,-0.025267772376537323,-0.13076989352703094,0.005098049994558096,0.10427623987197876,-0.02948390506207943,-0.06923864036798477,-0.30000001192092896,0.09749999642372131,0.10499999672174454,0.11249999701976776,0.12250000238418579,0.13500000536441803,0.1550000011920929,0.18250000476837158,0.2199999988079071,0.2874999940395355,0.42500001192092896,0.4749999940395355,0.4724999964237213,0.4724999964237213,0.45750001072883606,0.3100000023841858,0.23000000417232513,0.1850000023841858,0.1550000011920929,0.13500000536441803,0.11999999731779099,0.10999999940395355,0.10000000149011612,0.0949999988079071,0.09000000357627869
1785945666648282398,-0.015768000856041908,-0.025267772376537323,-0.1276213675737381,0.004116701427847147,0.12155163288116455,-0.02850097231566906,-0.06923890858888626,-0.30000001192092896,0.09749999642372131,0.10499999672174454,0.11249999701976776,0.12250000238418579,0.13500000536441803,0.1550000011920929,0.18250000476837158,0.2199999988079071,0.2874999940395355,0.42500001192092896,0.4749999940395355,0.4724999964237213,0.4724999964237213,0.45750001072883606,0.3100000023841858,0.23000000417232513,0.1850000023841858,0.1550000011920929,0.13500000536441803,0.11999999731779099,0.10999999940395355,0.10000000149011612,0.0949999988079071,0.09000000357627869
1785945666746909383,-0.015111000277101994,-0.026119854301214218,-0.14143452048301697,0.0033595997374504805,0.18409547209739685,-0.0285988450050354,-0.06924378871917725,-0.30000001192092896,0.09749999642372131,0.10499999672174454,0.11249999701976776,0.12250000238418579,0.13750000298023224,0.1550000011920929,0.18250000476837158,0.2224999964237213,0.2874999940395355,0.42500001192092896,0.4749999940395355,0.4724999964237213,0.4724999964237213,0.45750001072883606,0.3100000023841858,0.23000000417232513,0.1850000023841858,0.1550000011920929,0.13500000536441803,0.11999999731779099,0.10999999940395355,0.10000000149011612,0.0949999988079071,0.09000000357627869
1785945666846910201,-0.015768000856041908,-0.02377898432314396,-0.15283149480819702,0.004674228373914957,0.20462174713611603,-0.02757062390446663,-0.06923341006040573,-0.30000001192092896,0.09749999642372131,0.10499999672174454,0.11249999701976776,0.12250000238418579,0.13500000536441803,0.1550000011920929,0.18000000715255737,0.2199999988079071,0.2849999964237213,0.41999998688697815,0.4749999940395355,0.4724999964237213,0.4724999964237213,0.45750001072883606,0.3125,0.23250000178813934,0.1850000023841858,0.1550000011920929,0.13500000536441803,0.11999999731779099,0.10999999940395355,0.10000000149011612,0.0949999988079071,0.09000000357627869
1785945666947551998,-0.015768000856041908,-0.02377898432314396,-0.20340977609157562,0.004863508976995945,0.1967831403017044,-0.02783401869237423,-0.07149595022201538,-0.2967034876346588,0.09749999642372131,0.10499999672174454,0.11249999701976776,0.12250000238418579,0.13500000536441803,0.1550000011920929,0.18000000715255737,0.2199999988079071,0.2849999964237213,0.41999998688697815,0.4749999940395355,0.4724999964237213,0.4724999964237213,0.45750001072883606,0.3125,0.23250000178813934,0.1850000023841858,0.1550000011920929,0.13500000536441803,0.11999999731779099,0.10999999940395355,0.10000000149011612,0.0949999988079071,0.09000000357627869
1785945667047213414,-0.015768000856041908,-0.023978548124432564,-0.22394748032093048,0.005386081058532,0.1713055819272995,-0.028554897755384445,-0.07150088995695114,-0.296703577041626,0.09749999642372131,0.10499999672174454,0.11249999701976776,0.12250000238418579,0.13500000536441803,0.1550000011920929,0.18000000715255737,0.2199999988079071,0.2849999964237213,0.42250001430511475,0.4749999940395355,0.4724999964237213,0.4724999964237213,0.45750001072883606,0.3125,0.23250000178813934,0.1850000023841858,0.1550000011920929,0.13500000536441803,0.11999999731779099,0.10999999940395355,0.10000000149011612,0.0949999988079071,0.09000000357627869
1785945667146314141,-0.015768000856041908,-0.020618369802832603,-0.24353374540805817,0.005301367957144976,0.10546842217445374,-0.025606811046600342,-0.07150407880544662,-0.2967005968093872,0.09749999642372131,0.10249999910593033,0.11249999701976776,0.12250000238418579,0.13500000536441803,0.1550000011920929,0.18000000715255737,0.2175000011920929,0.2824999988079071,0.41499999165534973,0.4749999940395355,0.4724999964237213,0.4724999964237213,0.4650000035762787,0.3174999952316284,0.23499999940395355,0.1875,0.1574999988079071,0.13500000536441803,0.11999999731779099,0.10999999940395355,0.10249999910593033,0.0949999988079071,0.09000000357627869
1785945667246899329,-0.015111000277101994,-0.018275119364261627,-0.20306603610515594,0.005539915524423122,0.07379894703626633,-0.02350050024688244,-0.07150125503540039,-0.296699196100235,0.09749999642372131,0.10249999910593033,0.11249999701976776,0.12250000238418579,0.13500000536441803,0.1525000035762787,0.18000000715255737,0.2175000011920929,0.2800000011920929,0.39750000834465027,0.4749999940395355,0.4724999964237213,0.4724999964237213,0.4724999964237213,0.3199999928474426,0.23499999940395355,0.1875,0.1574999988079071,0.13750000298023224,0.12250000238418579,0.10999999940395355,0.10249999910593033,0.0949999988079071,0.09000000357627869
1785945667352355382,-0.015768000856041908,-0.018275119364261627,-0.18480941653251648,0.005636575631797314,0.06426021456718445,-0.023597352206707,-0.07150272279977798,-0.2967001795768738,0.09749999642372131,0.10249999910593033,0.11249999701976776,0.12250000238418579,0.13500000536441803,0.1525000035762787,0.18000000715255737,0.2175000011920929,0.2800000011920929,0.39750000834465027,0.4749999940395355,0.4724999964237213,0.4724999964237213,0.4724999964237213,0.3199999928474426,0.23499999940395355,0.1875,0.1574999988079071,0.13750000298023224,0.12250000238418579,0.10999999940395355,0.10249999910593033,0.0949999988079071,0.09000000357627869
1785945667448093128,-0.015768000856041908,-0.02303476631641388,-0.14156417548656464,0.0047646500170230865,0.08354935795068741,-0.02748746983706951,-0.07150646299123764,-0.2967059910297394,0.09749999642372131,0.10499999672174454,0.11249999701976776,0.12250000238418579,0.13500000536441803,0.1550000011920929,0.18000000715255737,0.2199999988079071,0.2849999964237213,0.41999998688697815,0.4749999940395355,0.4724999964237213,0.4724999964237213,0.45750001072883606,0.3125,0.23250000178813934,0.1850000023841858,0.1550000011920929,0.13500000536441803,0.11999999731779099,0.10999999940395355,0.10000000149011612,0.0949999988079071,0.09000000357627869
1785945667547894549,-0.015768000856041908,-0.02142687886953354,-0.1354280412197113,0.005309593863785267,0.10563657432794571,-0.026421500369906425,-0.07149797677993774,-0.2967038154602051,0.09749999642372131,0.10499999672174454,0.11249999701976776,0.12250000238418579,0.13500000536441803,0.1550000011920929,0.18000000715255737,0.2199999988079071,0.2824999988079071,0.41749998927116394,0.4749999940395355,0.4724999964237213,0.4724999964237213,0.4625000059604645,0.3149999976158142,0.23250000178813934,0.1875,0.1574999988079071,0.13500000536441803,0.11999999731779099,0.10999999940395355,0.10249999910593033,0.0949999988079071,0.09000000357627869
1785945667648875236,-0.015768000856041908,-0.02142687886953354,-0.1406337171792984,0.00684779928997159,0.16937994956970215,-0.027962760999798775,-0.07150229066610336,-0.29670462012290955,0.09749999642372131,0.10499999672174454,0.11249999701976776,0.12250000238418579,0.13500000536441803,0.1550000011920929,0.18000000715255737,0.2199999988079071,0.2824999988079071,0.41749998927116394,0.4749999940395355,0.4724999964237213,0.4724999964237213,0.4625000059604645,0.3149999976158142,0.23250000178813934,0.1875,0.1574999988079071,0.13500000536441803,0.11999999731779099,0.10999999940395355,0.10249999910593033,0.0949999988079071,0.09000000357627869
1785945667748062782,-0.015768000856041908,-0.015497693791985512,-0.14804604649543762,0.006862193811684847,0.19230186939239502,-0.022043904289603233,-0.07150530815124512,-0.29669585824012756,0.0949999988079071,0.10000000149011612,0.10750000178813934,0.11749999970197678,0.12999999523162842,0.14749999344348907,0.17249999940395355,0.20999999344348907,0.27000001072883606,0.3799999952316284,0.4749999940395355,0.4724999964237213,0.4724999964237213,0.47749999165534973,0.33250001072883606,0.24500000476837158,0.19499999284744263,0.16249999403953552,0.14249999821186066,0.125,0.11500000208616257,0.10499999672174454,0.09749999642372131,0.0925000011920929
1785945667846228313,-0.015111000277101994,-0.01816532574594021,-0.1850849837064743,0.005838098004460335,0.22920925915241241,-0.023642651736736298,-0.06446250528097153,-0.2669787108898163,0.09749999642372131,0.10249999910593033,0.11249999701976776,0.12250000238418579,0.13500000536441803,0.1525000035762787,0.18000000715255737,0.2175000011920929,0.2800000011920929,0.39750000834465027,0.4749999940395355,0.4724999964237213,0.4724999964237213,0.4724999964237213,0.3199999928474426,0.23499999940395355,0.1875,0.1574999988079071,0.13750000298023224,0.12250000238418579,0.10999999940395355,0.10249999910593033,0.0949999988079071,0.09000000357627869
1785945667946507859,-0.015111000277101994,-0.01321266870945692,-0.20098578929901123,0.0056242262944579124,0.2134997397661209,-0.01847781613469124,-0.06446361541748047,-0.2669748067855835,0.0949999988079071,0.10000000149011612,0.10750000178813934,0.11749999970197678,0.12999999523162842,0.14749999344348907,0.17249999940395355,0.20749999582767487,0.26750001311302185,0.3774999976158142,0.4749999940395355,0.4724999964237213,0.4724999964237213,0.47749999165534973,0.3375000059604645,0.2475000023841858,0.19499999284744263,0.16500000655651093,0.14249999821186066,0.125,0.11500000208616257,0.10499999672174454,0.09749999642372131,0.0925000011920929
1785945668046889648,-0.015768000856041908,-0.01321266870945692,-0.2481721192598343,0.006537279114127159,0.15850694477558136,-0.019390376284718513,-0.06446244567632675,-0.2669784128665924,0.0949999988079071,0.10000000149011612,0.10750000178813934,0.11749999970197678,0.12999999523162842,0.14749999344348907,0.17249999940395355,0.20749999582767487,0.26750001311302185,0.3774999976158142,0.4749999940395355,0.4724999964237213,0.4724999964237213,0.47749999165534973,0.3375000059604645,0.2475000023841858,0.19499999284744263,0.16500000655651093,0.14249999821186066,0.125,0.11500000208616257,0.10499999672174454,0.09749999642372131,0.0925000011920929
1785945668146312817,-0.015768000856041908,-0.01564422808587551,-0.2677772641181946,0.006271998398005962,0.13570645451545715,-0.021556198596954346,-0.06446029990911484,-0.26698392629623413,0.0949999988079071,0.10000000149011612,0.10750000178813934,0.11749999970197678,0.12999999523162842,0.14749999344348907,0.17249999940395355,0.20999999344348907,0.27000001072883606,0.3824999928474426,0.4749999940395355,0.4724999964237213,0.4724999964237213,0.47749999165534973,0.33250001072883606,0.24500000476837158,0.19499999284744263,0.16249999403953552,0.14249999821186066,0.125,0.11500000208616257,0.10499999672174454,0.09749999642372131,0.0925000011920929
1785945668247096123,-0.015768000856041908,-0.01564422808587551,-0.2244785577058792,0.004178440663963556,0.09730758517980576,-0.020594213157892227,-0.064452163875103,-0.2669828534126282,0.0949999988079071,0.10000000149011612,0.10750000178813934,0.11749999970197678,0.12999999523162842,0.14749999344348907,0.17249999940395355,0.20999999344348907,0.27000001072883606,0.3824999928474426,0.4749999940395355,0.4724999964237213,0.4724999964237213,0.47749999165534973,0.33250001072883606,0.24500000476837158,0.19499999284744263,0.16249999403953552,0.14249999821186066,0.125,0.11500000208616257,0.10499999672174454,0.09749999642372131,0.0925000011920929
1785945668347850819,-0.015111000277101994,-0.013606342487037182,-0.19910027086734772,0.005031820386648178,0.08289273083209991,-0.01940912753343582,-0.06446477770805359,-0.2669803202152252,0.0949999988079071,0.10000000149011612,0.10750000178813934,0.11749999970197678,0.12999999523162842,0.14749999344348907,0.17249999940395355,0.20749999582767487,0.26750001311302185,0.3774999976158142,0.4749999940395355,0.4724999964237213,0.4724999964237213,0.47749999165534973,0.33500000834465027,0.2475000023841858,0.19499999284744263,0.16500000655651093,0.14249999821186066,0.125,0.11500000208616257,0.10499999672174454,0.09749999642372131,0.0925000011920929
1785945668448046171,-0.015768000856041908,-0.010449190624058247,-0.1920480728149414,0.0055376882664859295,0.08699770271778107,-0.016758741810917854,-0.06446459889411926,-0.2669812738895416,0.0949999988079071,0.10000000149011612,0.10750000178813934,0.11749999970197678,0.12999999523162842,0.14749999344348907,0.17000000178813934,0.20749999582767487,0.26499998569488525,0.3725000023841858,0.4749999940395355,0.4724999964237213,0.4724999964237213,0.47749999165534973,0.3400000035762787,0.2475000023841858,0.19750000536441803,0.16500000655651093,0.14249999821186066,0.1274999976158142,0.11500000208616257,0.10499999672174454,0.09749999642372131,0.0925000011920929
1785945668546052305,-0.015768000856041908,-0.007728545926511288,-0.1665625274181366,0.004894048906862736,0.09609360992908478,-0.013393320143222809,-0.06445834785699844,-0.2669755816459656,0.0949999988079071,0.10000000149011612,0.10750000178813934,0.11749999970197678,0.12999999523162842,0.14749999344348907,0.17000000178813934,0.20499999821186066,0.26249998807907104,0.3675000071525574,0.4749999940395355,0.4724999964237213,0.4724999964237213,0.4749999940395355,0.3449999988079071,0.25,0.19750000536441803,0.16500000655651093,0.14249999821186066,0.1274999976158142,0.11500000208616257,0.10499999672174454,0.09749999642372131,0.0925000011920929
1785945668648551310,-0.015768000856041908,-0.007728545926511288,-0.16034430265426636,0.004577379673719406,0.10004513710737228,-0.01307607814669609,-0.06445952504873276,-0.26697689294815063,0.0949999988079071,0.10000000149011612,0.10750000178813934,0.11749999970197678,0.12999999523162842,0.14749999344348907,0.17000000178813934,0.20499999821186066,0.26249998807907104,0.3675000071525574,0.4749999940395355,0.4724999964237213,0.4724999964237213,0.4749999940395355,0.3449999988079071,0.25,0.19750000536441803,0.16500000655651093,0.14249999821186066,0.1274999976158142,0.11500000208616257,0.10499999672174454,0.09749999642372131,0.0925000011920929
1785945668746143256,-0.015768000856041908,-0.013577001169323921,-0.14019180834293365,0.005087350960820913,0.11104020476341248,-0.019437463954091072,-0.06446005403995514,-0.2669681906700134,0.0949999988079071,0.10000000149011612,0.10750000178813934,0.11749999970197678,0.12999999523162842,0.14749999344348907,0.17249999940395355,0.20749999582767487,0.26750001311302185,0.3774999976158142,0.4749999940395355,0.4724999964237213,0.4724999964237213,0.47749999165534973,0.33500000834465027,0.2475000023841858,0.19499999284744263,0.16500000655651093,0.14249999821186066,0.125,0.11500000208616257,0.10499999672174454,0.09749999642372131,0.0925000011920929
1785945668846209100,-0.015768000856041908,-0.00925007089972496,-0.1364104151725769,0.004715151619166136,0.13358916342258453,-0.014735648408532143,-0.06445720791816711,-0.2669795751571655,0.0949999988079071,0.10000000149011612,0.10750000178813934,0.11749999970197678,0.12999999523162842,0.14749999344348907,0.17000000178813934,0.20749999582767487,0.26499998569488525,0.3700000047683716,0.4749999940395355,0.4724999964237213,0.4724999964237213,0.47749999165534973,0.3425000011920929,0.25,0.19750000536441803,0.16500000655651093,0.14249999821186066,0.1274999976158142,0.11500000208616257,0.10499999672174454,0.09749999642372131,0.0925000011920929
1785945668946539624,-0.015111000277101994,-0.00925007089972496,-0.13834480941295624,0.004700758028775454,0.17167001962661743,-0.01472327671945095,-0.06445823609828949,-0.2669696509838104,0.0949999988079071,0.10000000149011612,0.10750000178813934,0.11749999970197678,0.12999999523162842,0.14749999344348907,0.17000000178813934,0.20749999582767487,0.26499998569488525,0.3700000047683716,0.4749999940395355,0.4724999964237213,0.4724999964237213,0.47749999165534973,0.3425000011920929,0.25,0.19750000536441803,0.16500000655651093,0.14249999821186066,0.1274999976158142,0.11500000208616257,0.10499999672174454,0.09749999642372131,0.0925000011920929
1785945669047347378,-0.015768000856041908,-0.007996120490133762,-0.14262965321540833,0.004859092179685831,0.18713757395744324,-0.013627937063574791,-0.06445399671792984,-0.2669681906700134,0.0949999988079071,0.10000000149011612,0.10750000178813934,0.11749999970197678,0.12999999523162842,0.14749999344348907,0.17000000178813934,0.20499999821186066,0.26249998807907104,0.3675000071525574,0.4749999940395355,0.4724999964237213,0.4724999964237213,0.4749999940395355,0.3449999988079071,0.25,0.19750000536441803,0.16500000655651093,0.14249999821186066,0.1274999976158142,0.11500000208616257,0.10499999672174454,0.09749999642372131,0.0925000011920929
1785945669147323363,-0.015768000856041908,-0.009217172861099243,-0.1621524691581726,0.004949568770825863,0.2249450385570526,-0.014935504645109177,-0.06445803493261337,-0.26696962118148804,0.0949999988079071,0.10000000149011612,0.10750000178813934,0.11749999970197678,0.12999999523162842,0.14749999344348907,0.17000000178813934,0.20749999582767487,0.26499998569488525,0.3700000047683716,0.4749999940395355,0.4724999964237213,0.4724999964237213,0.47749999165534973,0.3425000011920929,0.25,0.19750000536441803,0.16500000655651093,0.14249999821186066,0.1274999976158142,0.11500000208616257,0.10499999672174454,0.09749999642372131,0.0925000011920929
1785945669246915657,-0.015768000856041908,-0.009217172861099243,-0.18232546746730804,0.004116760101169348,0.24385763704776764,-0.014214340597391129,-0.05022678151726723,-0.2425970733165741,0.0949999988079071,0.10000000149011612,0.10750000178813934,0.11749999970197678,0.12999999523162842,0.14749999344348907,0.17000000178813934,0.20749999582767487,0.26499998569488525,0.3700000047683716,0.4749999940395355,0.4724999964237213,0.4724999964237213,0.47749999165534973,0.3425000011920929,0.25,0.19750000536441803,0.16500000655651093,0.14249999821186066,0.1274999976158142,0.11500000208616257,0.10499999672174454,0.09749999642372131,0.0925000011920929
1785945669345921341,-0.015768000856041908,-0.007459635846316814,-0.20585455000400543,0.004460161551833153,0.21571499109268188,-0.012798730283975601,-0.05022433027625084,-0.24260318279266357,0.0949999988079071,0.10000000149011612,0.10750000178813934,0.11749999970197678,0.12999999523162842,0.14499999582767487,0.17000000178813934,0.20499999821186066,0.26249998807907104,0.3675000071525574,0.4749999940395355,0.4724999964237213,0.4724999964237213,0.4749999940395355,0.3449999988079071,0.25,0.19750000536441803,0.16500000655651093,0.14249999821186066,0.1274999976158142,0.11500000208616257,0.10499999672174454,0.09749999642372131,0.0925000011920929
1785945669445908943,-0.015768000856041908,-0.009563573636114597,-0.22868382930755615,0.005099677946418524,0.18620756268501282,-0.015543298795819283,-0.05022865906357765,-0.24259045720100403,0.0949999988079071,0.10000000149011612,0.10750000178813934,0.11749999970197678,0.12999999523162842,0.14749999344348907,0.17000000178813934,0.20749999582767487,0.26499998569488525,0.3700000047683716,0.4749999940395355,0.4724999964237213,0.4724999964237213,0.47749999165534973,0.3425000011920929,0.25,0.19750000536441803,0.16500000655651093,0.14249999821186066,0.1274999976158142,0.11500000208616257,0.10499999672174454,0.09749999642372131,0.0925000011920929
1785945669547398222,-0.015768000856041908,-0.005935617256909609,-0.23931154608726501,0.005258022807538509,0.18030990660190582,-0.012076006270945072,-0.05022754520177841,-0.24259552359580994,0.0949999988079071,0.10000000149011612,0.10750000178813934,0.11749999970197678,0.12999999523162842,0.14499999582767487,0.17000000178813934,0.20499999821186066,0.25999999046325684,0.36500000953674316,0.4749999940395355,0.4724999964237213,0.4724999964237213,0.4749999940395355,0.3474999964237213,0.2524999976158142,0.20000000298023224,0.16500000655651093,0.14249999821186066,0.1274999976158142,0.11500000208616257,0.10499999672174454,0.10000000149011612,0.0925000011920929
1785945669646514405,-0.015768000856041908,-0.005935617256909609,-0.26630571484565735,0.00636844988912344,0.1551191359758377,-0.01318422518670559,-0.05022258684039116,-0.24259935319423676,0.0949999988079071,0.10000000149011612,0.10750000178813934,0.11749999970197678,0.12999999523162842,0.14499999582767487,0.17000000178813934,0.20499999821186066,0.25999999046325684,0.36500000953674316,0.4749999940395355,0.4724999964237213,0.4724999964237213,0.4749999940395355,0.3474999964237213,0.2524999976158142,0.20000000298023224,0.16500000655651093,0.14249999821186066,0.1274999976158142,0.11500000208616257,0.10499999672174454,0.10000000149011612,0.0925000011920929
1785945669748156488,-0.015768000856041908,-0.005945353303104639,-0.2651364803314209,0.005019740667194128,0.1472880244255066,-0.013352579437196255,-0.050227515399456024,-0.24260875582695007,0.0949999988079071,0.10000000149011612,0.10750000178813934,0.11749999970197678,0.12999999523162842,0.14499999582767487,0.17000000178813934,0.20499999821186066,0.25999999046325684,0.36500000953674316,0.4749999940395355,0.4724999964237213,0.4724999964237213,0.4749999940395355,0.3474999964237213,0.2524999976158142,0.20000000298023224,0.16500000655651093,0.14249999821186066,0.1274999976158142,0.11500000208616257,0.10499999672174454,0.10000000149011612,0.0925000011920929
1785945669846377381,-0.015768000856041908,-0.01040863897651434,-0.25104206800460815,0.005079376045614481,0.12622755765914917,-0.017875583842396736,-0.05023163929581642,-0.24259161949157715,0.0949999988079071,0.10000000149011612,0.10750000178813934,0.11749999970197678,0.12999999523162842,0.14749999344348907,0.17000000178813934,0.20749999582767487,0.26499998569488525,0.3725000023841858,0.4749999940395355,0.4724999964237213,0.4724999964237213,0.47749999165534973,0.3400000035762787,0.25,0.19750000536441803,0.16500000655651093,0.14249999821186066,0.1274999976158142,0.11500000208616257,0.10499999672174454,0.09749999642372131,0.0925000011920929
1785945669946407096,-0.015768000856041908,-0.01040863897651434,-0.22941307723522186,0.00513490941375494,0.10836188495159149,-0.01792915351688862,-0.050230830907821655,-0.24260278046131134,0.0949999988079071,0.10000000149011612,0.10750000178813934,0.11749999970197678,0.12999999523162842,0.14749999344348907,0.17000000178813934,0.20749999582767487,0.26499998569488525,0.3725000023841858,0.4749999940395355,0.4724999964237213,0.4724999964237213,0.47749999165534973,0.3400000035762787,0.25,0.19750000536441803,0.16500000655651093,0.14249999821186066,0.1274999976158142,0.11500000208616257,0.10499999672174454,0.09749999642372131,0.0925000011920929
1785945670049278144,-0.015768000856041908,-0.0043927151709795,-0.21889226138591766,0.005186319351196289,0.11556561291217804,-0.011966783553361893,-0.05022735148668289,-0.24259722232818604,0.0949999988079071,0.10000000149011612,0.10750000178813934,0.11500000208616257,0.1274999976158142,0.14499999582767487,0.17000000178813934,0.20499999821186066,0.25999999046325684,0.36250001192092896,0.4749999940395355,0.4724999964237213,0.4724999964237213,0.4749999940395355,0.3499999940395355,0.2524999976158142,0.20000000298023224,0.16750000417232513,0.14249999821186066,0.1274999976158142,0.11500000208616257,0.10499999672174454,0.10000000149011612,0.0925000011920929
1785945670146951404,-0.015768000856041908,-0.006318644154816866,-0.1918468475341797,0.004898413550108671,0.09991759806871414,-0.013604328036308289,-0.050225887447595596,-0.24260313808918,0.0949999988079071,0.10000000149011612,0.10750000178813934,0.11749999970197678,0.12999999523162842,0.14499999582767487,0.17000000178813934,0.20499999821186066,0.26249998807907104,0.36500000953674316,0.4749999940395355,0.4724999964237213,0.4724999964237213,0.4749999940395355,0.3474999964237213,0.2524999976158142,0.20000000298023224,0.16500000655651093,0.14249999821186066,0.1274999976158142,0.11500000208616257,0.10499999672174454,0.09749999642372131,0.0925000011920929
1785945670246408718,-0.015768000856041908,-0.005483587738126516,-0.1845083385705948,0.004686594940721989,0.10187940299510956,-0.012557115405797958,-0.05022446811199188,-0.24259838461875916,0.0949999988079071,0.10000000149011612,0.10750000178813934,0.11749999970197678,0.12999999523162842,0.14499999582767487,0.17000000178813934,0.20499999821186066,0.25999999046325684,0.36500000953674316,0.4749999940395355,0.4724999964237213,0.4724999964237213,0.4749999940395355,0.3474999964237213,0.2524999976158142,0.20000000298023224,0.16500000655651093,0.14249999821186066,0.1274999976158142,0.11500000208616257,0.10499999672174454,0.10000000149011612,0.0925000011920929
1785945670358808051,-0.015768000856041908,-0.005483587738126516,-0.1693427860736847,0.005753905978053808,0.10242875665426254,-0.013622080907225609,-0.050229284912347794,-0.24259096384048462,0.0949999988079071,0.10000000149011612,0.10750000178813934,0.11749999970197678,0.12999999523162842,0.14499999582767487,0.17000000178813934,0.20499999821186066,0.25999999046325684,0.36500000953674316,0.4749999940395355,0.4724999964237213,0.4724999964237213,0.4749999940395355,0.3474999964237213,0.2524999976158142,0.20000000298023224,0.16500000655651093,0.14249999821186066,0.1274999976158142,0.11500000208616257,0.10499999672174454,0.10000000149011612,0.0925000011920929
1785945670448161222,-0.015768000856041908,-0.006206950638443232,-0.15802596509456635,0.0039421687833964825,0.11282217502593994,-0.01253478042781353,-0.05022716522216797,-0.24259543418884277,0.0949999988079071,0.10000000149011612,0.10750000178813934,0.11749999970197678,0.12999999523162842,0.14499999582767487,0.17000000178813934,0.20499999821186066,0.26249998807907104,0.36500000953674316,0.4749999940395355,0.4724999964237213,0.4724999964237213,0.4749999940395355,0.3474999964237213,0.2524999976158142,0.20000000298023224,0.16500000655651093,0.14249999821186066,0.1274999976158142,0.11500000208616257,0.10499999672174454,0.09749999642372131,0.0925000011920929
1785945670546956116,-0.015768000856041908,-0.0072897677309811115,-0.156555637717247,0.003508259542286396,0.11095178872346878,-0.013185016810894012,-0.05022977292537689,-0.24260112643241882,0.0949999988079071,0.10000000149011612,0.10750000178813934,0.11749999970197678,0.12999999523162842,0.14499999582767487,0.17000000178813934,0.20499999821186066,0.26249998807907104,0.3675000071525574,0.4749999940395355,0.4724999964237213,0.4724999964237213,0.4749999940395355,0.3449999988079071,0.25,0.19750000536441803,0.16500000655651093,0.14249999821186066,0.1274999976158142,0.11500000208616257,0.10499999672174454,0.09749999642372131,0.0925000011920929
1785945670648363184,-0.015768000856041908,-0.0072897677309811115,-0.14448882639408112,0.003872251370921731,0.12532564997673035,-0.013547565788030624,-0.05022750049829483,-0.24258941411972046,0.0949999988079071,0.10000000149011612,0.10750000178813934,0.11749999970197678,0.12999999523162842,0.14499999582767487,0.17000000178813934,0.20499999821186066,0.26249998807907104,0.3675000071525574,0.4749999940395355,0.4724999964237213,0.4724999964237213,0.4749999940395355,0.3449999988079071,0.25,0.19750000536441803,0.16500000655651093,0.14249999821186066,0.1274999976158142,0.11500000208616257,0.10499999672174454,0.09749999642372131,0.0925000011920929
1785945670746733554,-0.015768000856041908,-0.00416913628578186,-0.13951203227043152,0.0018487232737243176,0.15310300886631012,-0.008404146879911423,-0.050225187093019485,-0.24260357022285461,0.0949999988079071,0.10000000149011612,0.10750000178813934,0.11500000208616257,0.1274999976158142,0.14499999582767487,0.17000000178813934,0.20499999821186066,0.25999999046325684,0.36250001192092896,0.4749999940395355,0.4724999964237213,0.4724999964237213,0.4749999940395355,0.3499999940395355,0.2524999976158142,0.20000000298023224,0.16750000417232513,0.14499999582767487,0.1274999976158142,0.11500000208616257,0.10499999672174454,0.10000000149011612,0.0925000011920929
1785945670865939971,-0.015768000856041908,-0.00722608482465148,-0.13859929144382477,4.3184907553950325e-05,0.15457360446453094,-0.00965462438762188,-0.05023059993982315,-0.24259720742702484,0.0949999988079071,0.10000000149011612,0.10750000178813934,0.11749999970197678,0.12999999523162842,0.14499999582767487,0.17000000178813934,0.20499999821186066,0.26249998807907104,0.3675000071525574,0.4749999940395355,0.4724999964237213,0.4724999964237213,0.4749999940395355,0.3449999988079071,0.25,0.20000000298023224,0.16500000655651093,0.14249999821186066,0.1274999976158142,0.11500000208616257,0.10499999672174454,0.09749999642372131,0.0925000011920929
1785945670951310335,-0.015768000856041908,-0.00722608482465148,-0.13810905814170837,0.0025437911972403526,0.1607799232006073,-0.012157328426837921,-0.05022665858268738,-0.24260641634464264,0.0949999988079071,0.10000000149011612,0.10750000178813934,0.11749999970197678,0.12999999523162842,0.14499999582767487,0.17000000178813934,0.20499999821186066,0.26249998807907104,0.3675000071525574,0.4749999940395355,0.4724999964237213,0.4724999964237213,0.4749999940395355,0.3449999988079071,0.25,0.20000000298023224,0.16500000655651093,0.14249999821186066,0.1274999976158142,0.11500000208616257,0.10499999672174454,0.09749999642372131,0.0925000011920929
1785945671048721731,-0.015768000856041908,-0.0018086476484313607,-0.1406986117362976,0.00402236869558692,0.18390068411827087,-0.008216822519898415,-0.05022816359996796,-0.24259427189826965,0.0925000011920929,0.10000000149011612,0.10750000178813934,0.11500000208616257,0.1274999976158142,0.14499999582767487,0.16750000417232513,0.20250000059604645,0.2574999928474426,0.35749998688697815,0.4749999940395355,0.4724999964237213,0.4724999964237213,0.4749999940395355,0.35249999165534973,0.2549999952316284,0.20000000298023224,0.16750000417232513,0.14499999582767487,0.1274999976158142,0.11500000208616257,0.10499999672174454,0.10000000149011612,0.0925000011920929
1785945671146099975,-0.015111000277101994,-0.005042701959609985,-0.15383268892765045,0.004193049855530262,0.21115916967391968,-0.011623912490904331,-0.050223592668771744,-0.24259932339191437,0.0949999988079071,0.10000000149011612,0.10750000178813934,0.11749999970197678,0.12999999523162842,0.14499999582767487,0.17000000178813934,0.20499999821186066,0.25999999046325684,0.36250001192092896,0.4749999940395355,0.4724999964237213,0.4724999964237213,0.4749999940395355,0.3474999964237213,0.2524999976158142,0.20000000298023224,0.16750000417232513,0.14249999821186066,0.1274999976158142,0.11500000208616257,0.10499999672174454,0.10000000149011612,0.0925000011920929
1785945671247519939,-0.015768000856041908,-0.005042701959609985,-0.1664983034133911,0.003954507410526276,0.23412103950977325,-0.011382903903722763,-0.050228070467710495,-0.24259980022907257,0.0949999988079071,0.10000000149011612,0.10750000178813934,0.11749999970197678,0.12999999523162842,0.14499999582767487,0.17000000178813934,0.20499999821186066,0.25999999046325684,0.36250001192092896,0.4749999940395355,0.4724999964237213,0.4724999964237213,0.4749999940395355,0.3474999964237213,0.2524999976158142,0.20000000298023224,0.16750000417232513,0.14249999821186066,0.1274999976158142,0.11500000208616257,0.10499999672174454,0.10000000149011612,0.0925000011920929
1785945671346822016,-0.015111000277101994,-0.00022512878058478236,-0.17218270897865295,0.003831123001873493,0.2493135780096054,-0.0064437901601195335,-0.050226494669914246,-0.2426113784313202,0.0925000011920929,0.10000000149011612,0.10750000178813934,0.11500000208616257,0.1274999976158142,0.14499999582767487,0.16750000417232513,0.20250000059604645,0.2574999928474426,0.35499998927116394,0.4749999940395355,0.4724999964237213,0.4724999964237213,0.4749999940395355,0.35499998927116394,0.2574999928474426,0.20250000059604645,0.16750000417232513,0.14499999582767487,0.1274999976158142,0.11500000208616257,0.10750000178813934,0.10000000149011612,0.0925000011920929
1785945671446283330,-0.015768000856041908,-0.00046198786003515124,-0.19611100852489471,0.004758578725159168,0.23837321996688843,-0.007529852911829948,-0.13902395963668823,-0.18083927035331726,0.0925000011920929,0.10000000149011612,0.10750000178813934,0.11500000208616257,0.1274999976158142,0.14499999582767487,0.16750000417232513,0.20250000059604645,0.2574999928474426,0.35749998688697815,0.4749999940395355,0.4724999964237213,0.4724999964237213,0.4749999940395355,0.35499998927116394,0.2549999952316284,0.20250000059604645,0.16750000417232513,0.14499999582767487,0.1274999976158142,0.11500000208616257,0.10750000178813934,0.10000000149011612,0.0925000011920929
1785945671547310803,-0.015768000856041908,-0.00046198786003515124,-0.20531459152698517,0.00502385338768363,0.2269781529903412,-0.0077958316542208195,-0.13902029395103455,-0.18084365129470825,0.0925000011920929,0.10000000149011612,0.10750000178813934,0.11500000208616257,0.1274999976158142,0.14499999582767487,0.16750000417232513,0.20250000059604645,0.2574999928474426,0.35749998688697815,0.4749999940395355,0.4724999964237213,0.4724999964237213,0.4749999940395355,0.35499998927116394,0.2549999952316284,0.20250000059604645,0.16750000417232513,0.14499999582767487,0.1274999976158142,0.11500000208616257,0.10750000178813934,0.10000000149011612,0.0925000011920929
1785945671646003070,-0.015768000856041908,-0.000505597738083452,-0.23685581982135773,0.005963657516986132,0.19147548079490662,-0.008779634721577168,-0.13902565836906433,-0.18084394931793213,0.0925000011920929,0.10000000149011612,0.10750000178813934,0.11500000208616257,0.1274999976158142,0.14499999582767487,0.16750000417232513,0.20250000059604645,0.2574999928474426,0.35749998688697815,0.4749999940395355,0.4724999964237213,0.4724999964237213,0.4749999940395355,0.35499998927116394,0.2549999952316284,0.20250000059604645,0.16750000417232513,0.14499999582767487,0.1274999976158142,0.11500000208616257,0.10750000178813934,0.10000000149011612,0.0925000011920929
1785945671747903176,-0.015768000856041908,0.0007092042360454798,-0.2647361755371094,0.006815024185925722,0.1664392501115799,-0.008416390977799892,-0.13901887834072113,-0.1808488965034485,0.09000000357627869,0.0949999988079071,0.10249999910593033,0.11249999701976776,0.125,0.14000000059604645,0.16249999403953552,0.19499999284744263,0.2475000023841858,0.3425000011920929,0.4749999940395355,0.4724999964237213,0.4724999964237213,0.4749999940395355,0.3675000071525574,0.26499998569488525,0.20749999582767487,0.17249999940395355,0.15000000596046448,0.13249999284744263,0.11999999731779099,0.10999999940395355,0.10249999910593033,0.09749999642372131
1785945671846985855,-0.015768000856041908,-0.002490903250873089,-0.25285112857818604,-0.04329438507556915,0.1486307680606842,-0.01167216431349516,-0.139022096991539,-0.18084853887557983,0.0949999988079071,0.10000000149011612,0.10750000178813934,0.11500000208616257,0.1274999976158142,0.14499999582767487,0.16750000417232513,0.20250000059604645,0.2574999928474426,0.36000001430511475,0.4749999940395355,0.4724999964237213,0.4724999964237213,0.4749999940395355,0.35249999165534973,0.2549999952316284,0.20000000298023224,0.16750000417232513,0.14499999582767487,0.1274999976158142,0.11500000208616257,0.10499999672174454,0.10000000149011612,0.0925000011920929
1785945671946692712,-0.015768000856041908,-0.002490903250873089,-0.20235514640808105,-0.04211406037211418,0.11212676018476486,-0.012853632681071758,-0.13901875913143158,-0.18085771799087524,0.0949999988079071,0.10000000149011612,0.10750000178813934,0.11500000208616257,0.1274999976158142,0.14499999582767487,0.16750000417232513,0.20250000059604645,0.2574999928474426,0.36000001430511475,0.4749999940395355,0.4724999964237213,0.4724999964237213,0.4749999940395355,0.35249999165534973,0.2549999952316284,0.20000000298023224,0.16750000417232513,0.14499999582767487,0.1274999976158142,0.11500000208616257,0.10499999672174454,0.10000000149011612,0.0925000011920929
1785945672047065285,-0.015768000856041908,0.00016010554099921137,-0.19452814757823944,-0.041905082762241364,0.11486317962408066,-0.010408834554255009,-0.13902857899665833,-0.18085512518882751,0.09000000357627869,0.0949999988079071,0.10249999910593033,0.11249999701976776,0.125,0.14000000059604645,0.16249999403953552,0.19499999284744263,0.2475000023841858,0.3449999988079071,0.4749999940395355,0.4724999964237213,0.4724999964237213,0.4749999940395355,0.3675000071525574,0.26499998569488525,0.20749999582767487,0.17249999940395355,0.15000000596046448,0.13249999284744263,0.11999999731779099,0.10999999940395355,0.10249999910593033,0.09749999642372131
1785945672147091992,-0.015768000856041908,0.000132522385683842,-0.1616789847612381,-0.041114166378974915,0.10717465728521347,-0.011226102709770203,-0.13902117311954498,-0.18084216117858887,0.09000000357627869,0.0949999988079071,0.10249999910593033,0.11249999701976776,0.125,0.14000000059604645,0.16249999403953552,0.19499999284744263,0.2475000023841858,0.3449999988079071,0.4749999940395355,0.4724999964237213,0.4724999964237213,0.4749999940395355,0.3675000071525574,0.26499998569488525,0.20749999582767487,0.17249999940395355,0.15000000596046448,0.13249999284744263,0.11999999731779099,0.10999999940395355,0.10249999910593033,0.09749999642372131
1785945672247045193,-0.01116899959743023,0.000132522385683842,-0.15060022473335266,-0.04068794101476669,0.10868236422538757,-0.011652936227619648,-0.1390252262353897,-0.18084003031253815,0.09000000357627869,0.0949999988079071,0.10249999910593033,0.11249999701976776,0.125,0.14000000059604645,0.16249999403953552,0.19499999284744263,0.2475000023841858,0.3449999988079071,0.4749999940395355,0.4724999964237213,0.4724999964237213,0.4749999940395355,0.3675000071525574,0.26499998569488525,0.20749999582767487,0.17249999940395355,0.15000000596046448,0.13249999284744263,0.11999999731779099,0.10999999940395355,0.10249999910593033,0.09749999642372131
1785945672345742420,0.008541000075638294,0.00163186714053154,-0.1298772394657135,-0.042353805154561996,0.1324698030948639,-0.008489645086228848,-0.1390293687582016,-0.18085291981697083,0.09000000357627869,0.0949999988079071,0.10249999910593033,0.11249999701976776,0.125,0.14000000059604645,0.16249999403953552,0.19499999284744263,0.2475000023841858,0.3425000011920929,0.4749999940395355,0.4724999964237213,0.4724999964237213,0.4749999940395355,0.3700000047683716,0.26499998569488525,0.20999999344348907,0.17249999940395355,0.15000000596046448,0.13249999284744263,0.11999999731779099,0.10999999940395355,0.10249999910593033,0.09749999642372131
1785945672445963340,0.03547799959778786,0.0015604128129780293,-0.11944098025560379,-0.04280662164092064,0.1543373465538025,-0.008107466623187065,-0.13903120160102844,-0.18085263669490814,0.09000000357627869,0.0949999988079071,0.10249999910593033,0.11249999701976776,0.125,0.14000000059604645,0.16249999403953552,0.19499999284744263,0.2475000023841858,0.3425000011920929,0.4749999940395355,0.4724999964237213,0.4724999964237213,0.4749999940395355,0.3700000047683716,0.26499998569488525,0.20999999344348907,0.17249999940395355,0.15000000596046448,0.13249999284744263,0.11999999731779099,0.10999999940395355,0.10249999910593033,0.09749999642372131
1785945672547738291,0.050588998943567276,0.0023129931651055813,-0.11889714747667313,-0.04175550490617752,0.16723041236400604,-0.008404387161135674,-0.13902704417705536,-0.18084929883480072,0.09000000357627869,0.0949999988079071,0.10249999910593033,0.11249999701976776,0.12250000238418579,0.14000000059604645,0.16249999403953552,0.19499999284744263,0.2475000023841858,0.3400000035762787,0.4749999940395355,0.4724999964237213,0.4724999964237213,0.4749999940395355,0.3700000047683716,0.26750001311302185,0.20999999344348907,0.17499999701976776,0.15000000596046448,0.13249999284744263,0.11999999731779099,0.10999999940395355,0.10249999910593033,0.09749999642372131
1785945672646608964,0.028250999748706818,0.0023129931651055813,-0.1310594230890274,-0.0470508374273777,0.21911729872226715,-0.00311160646378994,-0.1390209197998047,-0.180839404463768,0.09000000357627869,0.0949999988079071,0.10249999910593033,0.11249999701976776,0.12250000238418579,0.14000000059604645,0.16249999403953552,0.19499999284744263,0.2475000023841858,0.3400000035762787,0.4749999940395355,0.4724999964237213,0.4724999964237213,0.4749999940395355,0.3700000047683716,0.26750001311302185,0.20999999344348907,0.17499999701976776,0.15000000596046448,0.13249999284744263,0.11999999731779099,0.10999999940395355,0.10249999910593033,0.09749999642372131
1785945672747305355,-0.0,0.005750580690801144,-0.13942047953605652,-0.048479367047548294,0.24178609251976013,0.0017548329196870327,-0.13902302086353302,-0.18084464967250824,0.09000000357627869,0.0949999988079071,0.10249999910593033,0.11249999701976776,0.12250000238418579,0.14000000059604645,0.1599999964237213,0.19249999523162842,0.24500000476837158,0.3375000059604645,0.4749999940395355,0.4724999964237213,0.4724999964237213,0.4749999940395355,0.375,0.27000001072883606,0.20999999344348907,0.17499999701976776,0.15000000596046448,0.13249999284744263,0.11999999731779099,0.10999999940395355,0.10249999910593033,0.09749999642372131
1785945672846907697,-0.012482999823987484,0.007440061774104834,-0.17137672007083893,-0.050582434982061386,0.2730112671852112,0.0058339424431324005,-0.023251742124557495,-0.012464400380849838,0.09000000357627869,0.0949999988079071,0.10249999910593033,0.11249999701976776,0.12250000238418579,0.13750000298023224,0.1599999964237213,0.19249999523162842,0.24250000715255737,0.33500000834465027,0.4749999940395355,0.4724999964237213,0.4724999964237213,0.4749999940395355,0.3799999952316284,0.27000001072883606,0.21250000596046448,0.17499999701976776,0.15000000596046448,0.13249999284744263,0.11999999731779099,0.10999999940395355,0.10249999910593033,0.09749999642372131
1785945672946817536,-0.015111000277101994,0.007440061774104834,-0.1836923509836197,-0.05143517255783081,0.26129016280174255,0.006684484891593456,-0.02324974723160267,-0.012455963529646397,0.09000000357627869,0.0949999988079071,0.10249999910593033,0.11249999701976776,0.12250000238418579,0.13750000298023224,0.1599999964237213,0.19249999523162842,0.24250000715255737,0.33500000834465027,0.4749999940395355,0.4724999964237213,0.4724999964237213,0.4749999940395355,0.3799999952316284,0.27000001072883606,0.21250000596046448,0.17499999701976776,0.15000000596046448,0.13249999284744263,0.11999999731779099,0.10999999940395355,0.10249999910593033,0.09749999642372131
1785945673047151100,-0.015768000856041908,0.005981392692774534,-0.22347886860370636,-0.04988550394773483,0.21928752958774567,0.003675437066704035,-0.023254279047250748,-0.012459663674235344,0.09000000357627869,0.0949999988079071,0.10249999910593033,0.11249999701976776,0.12250000238418579,0.14000000059604645,0.1599999964237213,0.19249999523162842,0.24500000476837158,0.33500000834465027,0.4749999940395355,0.4724999964237213,0.4724999964237213,0.4749999940395355,0.3774999976158142,0.27000001072883606,0.20999999344348907,0.17499999701976776,0.15000000596046448,0.13249999284744263,0.11999999731779099,0.10999999940395355,0.10249999910593033,0.09749999642372131
1785945673146113455,-0.015768000856041908,0.001826741499826312,-0.25342869758605957,-0.049528807401657104,0.1864434778690338,-0.0008363570086658001,-0.02325320988893509,-0.012457802891731262,0.09000000357627869,0.0949999988079071,0.10249999910593033,0.11249999701976776,0.125,0.14000000059604645,0.16249999403953552,0.19499999284744263,0.2475000023841858,0.3425000011920929,0.4749999940395355,0.4724999964237213,0.4724999964237213,0.4749999940395355,0.3700000047683716,0.26499998569488525,0.20999999344348907,0.17249999940395355,0.15000000596046448,0.13249999284744263,0.11999999731779099,0.10999999940395355,0.10249999910593033,0.09749999642372131
1785945673248987991,-0.01642500050365925,-0.002246001036837697,-0.24515458941459656,-0.052993953227996826,0.1654682159423828,-0.005385983735322952,-0.023256322368979454,-0.012467660941183567,0.0925000011920929,0.10000000149011612,0.10750000178813934,0.11500000208616257,0.1274999976158142,0.14499999582767487,0.16750000417232513,0.20250000059604645,0.2574999928474426,0.36000001430511475,0.4749999940395355,0.4724999964237213,0.4724999964237213,0.4749999940395355,0.35249999165534973,0.2549999952316284,0.20000000298023224,0.16750000417232513,0.14499999582767487,0.1274999976158142,0.11500000208616257,0.10499999672174454,0.10000000149011612,0.0925000011920929
1785945673346076402,-0.015768000856041908,-0.002246001036837697,-0.19786903262138367,-0.05236923322081566,0.13765177130699158,-0.006009440869092941,-0.02325022593140602,-0.012472115457057953,0.0925000011920929,0.10000000149011612,0.10750000178813934,0.11500000208616257,0.1274999976158142,0.14499999582767487,0.16750000417232513,0.20250000059604645,0.2574999928474426,0.36000001430511475,0.4749999940395355,0.4724999964237213,0.4724999964237213,0.4749999940395355,0.35249999165534973,0.2549999952316284,0.20000000298023224,0.16750000417232513,0.14499999582767487,0.1274999976158142,0.11500000208616257,0.10499999672174454,0.10000000149011612,0.0925000011920929
1785945673447701748,-0.01642500050365925,-0.003879319876432419,-0.18190693855285645,-0.051943179219961166,0.12650887668132782,-0.008070089854300022,-0.02325332537293434,-0.012464180588722229,0.0949999988079071,0.10000000149011612,0.10750000178813934,0.11500000208616257,0.1274999976158142,0.14499999582767487,0.17000000178813934,0.20499999821186066,0.25999999046325684,0.36250001192092896,0.4749999940395355,0.4724999964237213,0.4724999964237213,0.4749999940395355,0.3499999940395355,0.2524999976158142,0.20000000298023224,0.16750000417232513,0.14499999582767487,0.1274999976158142,0.11500000208616257,0.10499999672174454,0.10000000149011612,0.0925000011920929
1785945673548290744,-0.007226999849081039,-0.003879319876432419,-0.14149872958660126,-0.051593031734228134,0.12353052943944931,-0.008418991230428219,-0.023252246901392937,-0.012465223670005798,0.0949999988079071,0.10000000149011612,0.10750000178813934,0.11500000208616257,0.1274999976158142,0.14499999582767487,0.17000000178813934,0.20499999821186066,0.25999999046325684,0.36250001192092896,0.4749999940395355,0.4724999964237213,0.4724999964237213,0.4749999940395355,0.3499999940395355,0.2524999976158142,0.20000000298023224,0.16750000417232513,0.14499999582767487,0.1274999976158142,0.11500000208616257,0.10499999672174454,0.10000000149011612,0.0925000011920929
1785945673646610040,0.028907999396324158,-0.0032029824797064066,-0.1279408186674118,-0.05200876295566559,0.13083963096141815,-0.007325636222958565,-0.023253563791513443,-0.01245727390050888,0.0949999988079071,0.10000000149011612,0.10750000178813934,0.11500000208616257,0.1274999976158142,0.14499999582767487,0.17000000178813934,0.20250000059604645,0.25999999046325684,0.36000001430511475,0.4749999940395355,0.4724999964237213,0.4724999964237213,0.4749999940395355,0.3499999940395355,0.2549999952316284,0.20000000298023224,0.16750000417232513,0.14499999582767487,0.1274999976158142,0.11500000208616257,0.10499999672174454,0.10000000149011612,0.0925000011920929
1785945673747009846,0.050588998943567276,-0.0003425541508477181,-0.10033049434423447,-0.0544012188911438,0.16952486336231232,-0.002074599266052246,-0.023246873170137405,-0.012460345402359962,0.0925000011920929,0.10000000149011612,0.10750000178813934,0.11500000208616257,0.1274999976158142,0.14499999582767487,0.16750000417232513,0.20250000059604645,0.2574999928474426,0.35499998927116394,0.4749999940395355,0.4724999964237213,0.4724999964237213,0.4749999940395355,0.35499998927116394,0.2574999928474426,0.20250000059604645,0.16750000417232513,0.14499999582767487,0.1274999976158142,0.11500000208616257,0.10750000178813934,0.10000000149011612,0.0925000011920929
1785945673847470709,0.03350700065493584,0.0011517959646880627,-0.09680988639593124,-0.05530471354722977,0.18586207926273346,0.0003239662037231028,-0.023249665275216103,-0.01246496383100748,0.09000000357627869,0.0949999988079071,0.10249999910593033,0.11249999701976776,0.125,0.14000000059604645,0.16249999403953552,0.19499999284744263,0.2475000023841858,0.3425000011920929,0.4749999940395355,0.4724999964237213,0.4724999964237213,0.4749999940395355,0.3675000071525574,0.26499998569488525,0.20999999344348907,0.17249999940395355,0.15000000596046448,0.13249999284744263,0.11999999731779099,0.10999999940395355,0.10249999910593033,0.09749999642372131
1785945673947366500,-0.0032850001007318497,0.0011517959646880627,-0.1052318662405014,-0.06297421455383301,0.2390231341123581,0.007991247810423374,-0.023254649713635445,-0.012457595206797123,0.09000000357627869,0.0949999988079071,0.10249999910593033,0.11249999701976776,0.125,0.14000000059604645,0.16249999403953552,0.19499999284744263,0.2475000023841858,0.3425000011920929,0.4749999940395355,0.4724999964237213,0.4724999964237213,0.4749999940395355,0.3675000071525574,0.26499998569488525,0.20999999344348907,0.17249999940395355,0.15000000596046448,0.13249999284744263,0.11999999731779099,0.10999999940395355,0.10249999910593033,0.09749999642372131
1785945674047918503,-0.01642500050365925,-0.0016094994498416781,-0.11327320337295532,-0.0652124434709549,0.25066882371902466,0.007467872463166714,-0.02325272373855114,-0.012460995465517044,0.0925000011920929,0.10000000149011612,0.10750000178813934,0.11500000208616257,0.1274999976158142,0.14499999582767487,0.16750000417232513,0.20250000059604645,0.2574999928474426,0.35749998688697815,0.4749999940395355,0.4724999964237213,0.4724999964237213,0.4749999940395355,0.35249999165534973,0.2549999952316284,0.20250000059604645,0.16750000417232513,0.14499999582767487,0.1274999976158142,0.11500000208616257,0.10499999672174454,0.10000000149011612,0.0925000011920929
1785945674146237254,-0.01708200015127659,-0.001723357243463397,-0.14641645550727844,-0.06469990313053131,0.28250852227211,0.00605391338467598,-0.00838666595518589,-0.08847026526927948,0.0925000011920929,0.10000000149011612,0.10750000178813934,0.11500000208616257,0.1274999976158142,0.14499999582767487,0.16750000417232513,0.20250000059604645,0.2574999928474426,0.35749998688697815,0.4749999940395355,0.4724999964237213,0.4724999964237213,0.4749999940395355,0.35249999165534973,0.2549999952316284,0.20250000059604645,0.16750000417232513,0.14499999582767487,0.1274999976158142,0.11500000208616257,0.10499999672174454,0.10000000149011612,0.0925000011920929
1785945674248975210,-0.01708200015127659,0.00013106258120387793,-0.177723690867424,-0.06494181603193283,0.25594475865364075,0.00814732350409031,-0.00838704314082861,-0.08848442882299423,0.09000000357627869,0.0949999988079071,0.10249999910593033,0.11249999701976776,0.125,0.14000000059604645,0.16249999403953552,0.19499999284744263,0.2475000023841858,0.3449999988079071,0.4749999940395355,0.4724999964237213,0.4724999964237213,0.4749999940395355,0.3675000071525574,0.26499998569488525,0.20749999582767487,0.17249999940395355,0.15000000596046448,0.13249999284744263,0.11999999731779099,0.10999999940395355,0.10249999910593033,0.09749999642372131
1785945674347369228,-0.01708200015127659,0.00013106258120387793,-0.1941850781440735,-0.06585615128278732,0.2434508055448532,0.009064105339348316,-0.008379336446523666,-0.0884806364774704,0.09000000357627869,0.0949999988079071,0.10249999910593033,0.11249999701976776,0.125,0.14000000059604645,0.16249999403953552,0.19499999284744263,0.2475000023841858,0.3449999988079071,0.4749999940395355,0.4724999964237213,0.4724999964237213,0.4749999940395355,0.3675000071525574,0.26499998569488525,0.20749999582767487,0.17249999940395355,0.15000000596046448,0.13249999284744263,0.11999999731779099,0.10999999940395355,0.10249999910593033,0.09749999642372131
1785945674446762316,-0.01708200015127659,-0.004493965767323971,-0.23797540366649628,-0.06574054062366486,0.18946267664432526,0.0038457494229078293,-0.008382902480661869,-0.08847342431545258,0.0949999988079071,0.10000000149011612,0.10750000178813934,0.11500000208616257,0.1274999976158142,0.14499999582767487,0.17000000178813934,0.20499999821186066,0.25999999046325684,0.36250001192092896,0.4749999940395355,0.4724999964237213,0.4724999964237213,0.4749999940395355,0.3499999940395355,0.2524999976158142,0.20000000298023224,0.16750000417232513,0.14249999821186066,0.1274999976158142,0.11500000208616257,0.10499999672174454,0.10000000149011612,0.0925000011920929
1785945674554879601,-0.01708200015127659,-0.005492737051099539,-0.21645961701869965,-0.06612394005060196,0.17632991075515747,0.003228116314858198,-0.008388004265725613,-0.08847059309482574,0.0949999988079071,0.10000000149011612,0.10750000178813934,0.11749999970197678,0.12999999523162842,0.14499999582767487,0.17000000178813934,0.20499999821186066,0.25999999046325684,0.36500000953674316,0.4749999940395355,0.4724999964237213,0.4724999964237213,0.4749999940395355,0.3474999964237213,0.2524999976158142,0.20000000298023224,0.16500000655651093,0.14249999821186066,0.1274999976158142,0.11500000208616257,0.10499999672174454,0.10000000149011612,0.0925000011920929
1785945674649838380,-0.01708200015127659,-0.005492737051099539,-0.15733638405799866,-0.06619768589735031,0.15725798904895782,0.003302279394119978,-0.008379184640944004,-0.08847794681787491,0.0949999988079071,0.10000000149011612,0.10750000178813934,0.11749999970197678,0.12999999523162842,0.14499999582767487,0.17000000178813934,0.20499999821186066,0.25999999046325684,0.36500000953674316,0.4749999940395355,0.4724999964237213,0.4724999964237213,0.4749999940395355,0.3474999964237213,0.2524999976158142,0.20000000298023224,0.16500000655651093,0.14249999821186066,0.1274999976158142,0.11500000208616257,0.10499999672174454,0.10000000149011612,0.0925000011920929
1785945674747147374,-0.01708200015127659,-0.006837201304733753,-0.13907724618911743,-0.06587577611207962,0.15135902166366577,0.001638481393456459,-0.008383214473724365,-0.088474802672863,0.0949999988079071,0.10000000149011612,0.10750000178813934,0.11749999970197678,0.12999999523162842,0.14499999582767487,0.17000000178813934,0.20499999821186066,0.26249998807907104,0.3675000071525574,0.4749999940395355,0.4724999964237213,0.4724999964237213,0.4749999940395355,0.3449999988079071,0.2524999976158142,0.20000000298023224,0.16500000655651093,0.14249999821186066,0.1274999976158142,0.11500000208616257,0.10499999672174454,0.09749999642372131,0.0925000011920929
1785945674845865817,-0.01708200015127659,-0.007638570852577686,-0.09035360813140869,-0.06510719656944275,0.15878428518772125,6.865570321679115e-05,-0.008386588655412197,-0.08847100287675858,0.0949999988079071,0.10000000149011612,0.10750000178813934,0.11749999970197678,0.12999999523162842,0.14749999344348907,0.17000000178813934,0.20499999821186066,0.26249998807907104,0.3675000071525574,0.4749999940395355,0.4724999964237213,0.4724999964237213,0.4749999940395355,0.3449999988079071,0.25,0.19750000536441803,0.16500000655651093,0.14249999821186066,0.1274999976158142,0.11500000208616257,0.10499999672174454,0.09749999642372131,0.0925000011920929
1785945674946129555,-0.007884000428020954,-0.005386611446738243,-0.07688944041728973,-0.06489399820566177,0.172782763838768,0.002108391374349594,-0.008386431261897087,-0.08848070353269577,0.0949999988079071,0.10000000149011612,0.10750000178813934,0.11749999970197678,0.12999999523162842,0.14499999582767487,0.17000000178813934,0.20499999821186066,0.25999999046325684,0.36500000953674316,0.4749999940395355,0.4724999964237213,0.4724999964237213,0.4749999940395355,0.3474999964237213,0.2524999976158142,0.20000000298023224,0.16500000655651093,0.14249999821186066,0.1274999976158142,0.11500000208616257,0.10499999672174454,0.10000000149011612,0.0925000011920929
1785945675048748404,0.009197999723255634,-0.005386611446738243,-0.0677482858300209,-0.06487549096345901,0.2127760350704193,0.0020878054201602936,-0.008386409841477871,-0.08847634494304657,0.0949999988079071,0.10000000149011612,0.10750000178813934,0.11749999970197678,0.12999999523162842,0.14499999582767487,0.17000000178813934,0.20499999821186066,0.25999999046325684,0.36500000953674316,0.4749999940395355,0.4724999964237213,0.4724999964237213,0.4749999940395355,0.3474999964237213,0.2524999976158142,0.20000000298023224,0.16500000655651093,0.14249999821186066,0.1274999976158142,0.11500000208616257,0.10499999672174454,0.10000000149011612,0.0925000011920929
1785945675145828366,0.024965999647974968,-0.00368189113214612,-0.0912238284945488,-0.06596802175045013,0.24943579733371735,0.004884418565779924,-0.008383265696465969,-0.08847218006849289,0.0949999988079071,0.10000000149011612,0.10750000178813934,0.11500000208616257,0.1274999976158142,0.14499999582767487,0.17000000178813934,0.20499999821186066,0.25999999046325684,0.36250001192092896,0.4749999940395355,0.4724999964237213,0.4724999964237213,0.4749999940395355,0.3499999940395355,0.2524999976158142,0.20000000298023224,0.16750000417232513,0.14499999582767487,0.1274999976158142,0.11500000208616257,0.10499999672174454,0.10000000149011612,0.0925000011920929
1785945675248112421,0.028907999396324158,-0.0041746338829398155,-0.1078975722193718,-0.06630421429872513,0.2662767171859741,0.0047254664823412895,-0.008388200774788857,-0.08847158402204514,0.0949999988079071,0.10000000149011612,0.10750000178813934,0.11500000208616257,0.1274999976158142,0.14499999582767487,0.17000000178813934,0.20499999821186066,0.25999999046325684,0.36250001192092896,0.4749999940395355,0.4724999964237213,0.4724999964237213,0.4749999940395355,0.3499999940395355,0.2524999976158142,0.20000000298023224,0.16750000417232513,0.14499999582767487,0.1274999976158142,0.11500000208616257,0.10499999672174454,0.10000000149011612,0.0925000011920929
1785945675348175032,0.030222000554203987,-0.0005803598323836923,-0.1604408174753189,-0.06890778243541718,0.259739488363266,0.010609609074890614,0.0006383871659636497,-0.08418335765600204,0.0925000011920929,0.10000000149011612,0.10750000178813934,0.11500000208616257,0.1274999976158142,0.14499999582767487,0.16750000417232513,0.20250000059604645,0.2574999928474426,0.35749998688697815,0.4749999940395355,0.4724999964237213,0.4724999964237213,0.4749999940395355,0.35499998927116394,0.2549999952316284,0.20250000059604645,0.16750000417232513,0.14499999582767487,0.1274999976158142,0.11500000208616257,0.10750000178813934,0.10000000149011612,0.0925000011920929
1785945675446840066,0.03350700065493584,-0.0005803598323836923,-0.17814671993255615,-0.06961718201637268,0.24747252464294434,0.011319431476294994,0.0006476023118011653,-0.08417870104312897,0.0925000011920929,0.10000000149011612,0.10750000178813934,0.11500000208616257,0.1274999976158142,0.14499999582767487,0.16750000417232513,0.20250000059604645,0.2574999928474426,0.35749998688697815,0.4749999940395355,0.4724999964237213,0.4724999964237213,0.4749999940395355,0.35499998927116394,0.2549999952316284,0.20250000059604645,0.16750000417232513,0.14499999582767487,0.1274999976158142,0.11500000208616257,0.10750000178813934,0.10000000149011612,0.0925000011920929
1785945675546122399,0.027594000101089478,0.0003718938969541341,-0.23315005004405975,-0.07327550649642944,0.22295202314853668,0.015929926186800003,0.000640452723018825,-0.08417980372905731,0.09000000357627869,0.0949999988079071,0.10249999910593033,0.11249999701976776,0.125,0.14000000059604645,0.16249999403953552,0.19499999284744263,0.2475000023841858,0.3449999988079071,0.4749999940395355,0.4724999964237213,0.4724999964237213,0.4749999940395355,0.3675000071525574,0.26499998569488525,0.20749999582767487,0.17249999940395355,0.15000000596046448,0.13249999284744263,0.11999999731779099,0.10999999940395355,0.10249999910593033,0.09749999642372131
1785945675655425095,0.0006569999968633056,0.0003718938969541341,-0.22331325709819794,-0.07579372078180313,0.21745362877845764,0.0174484234303236,0.0006411227514036,-0.084176205098629,0.09000000357627869,0.0949999988079071,0.10249999910593033,0.11249999701976776,0.125,0.14000000059604645,0.16249999403953552,0.19499999284744263,0.2475000023841858,0.3449999988079071,0.4749999940395355,0.4724999964237213,0.4724999964237213,0.4749999940395355,0.3675000071525574,0.26499998569488525,0.20749999582767487,0.17249999940395355,0.15000000596046448,0.13249999284744263,0.11999999731779099,0.10999999940395355,0.10249999910593033,0.09749999642372131
1785945675745934973,-0.011826000176370144,-0.00027433919603936374,-0.1634531170129776,-0.07808443158864975,0.20300224423408508,0.019092388451099396,0.0006465848418883979,-0.08418194949626923,0.0925000011920929,0.10000000149011612,0.10750000178813934,0.11500000208616257,0.1274999976158142,0.14499999582767487,0.16750000417232513,0.20250000059604645,0.2574999928474426,0.35499998927116394,0.4749999940395355,0.4724999964237213,0.4724999964237213,0.4749999940395355,0.35499998927116394,0.2574999928474426,0.20250000059604645,0.16750000417232513,0.14499999582767487,0.1274999976158142,0.11500000208616257,0.10750000178813934,0.10000000149011612,0.0925000011920929
1785945675846331323,-0.011826000176370144,-0.0026463086251169443,-0.1432785540819168,-0.07787317782640457,0.19315233826637268,0.0165084358304739,0.0006466854247264564,-0.08418067544698715,0.0949999988079071,0.10000000149011612,0.10750000178813934,0.11500000208616257,0.1274999976158142,0.14499999582767487,0.16750000417232513,0.20250000059604645,0.2574999928474426,0.36000001430511475,0.4749999940395355,0.4724999964237213,0.4724999964237213,0.4749999940395355,0.35249999165534973,0.2549999952316284,0.20000000298023224,0.16750000417232513,0.14499999582767487,0.1274999976158142,0.11500000208616257,0.10499999672174454,0.10000000149011612,0.0925000011920929
1785945675946450193,0.015111000277101994,-0.0026463086251169443,-0.099051333963871,-0.07761675119400024,0.1933601051568985,0.01625535450875759,0.0006463770987465978,-0.08418098837137222,0.0949999988079071,0.10000000149011612,0.10750000178813934,0.11500000208616257,0.1274999976158142,0.14499999582767487,0.16750000417232513,0.20250000059604645,0.2574999928474426,0.36000001430511475,0.4749999940395355,0.4724999964237213,0.4724999964237213,0.4749999940395355,0.35249999165534973,0.2549999952316284,0.20000000298023224,0.16750000417232513,0.14499999582767487,0.1274999976158142,0.11500000208616257,0.10499999672174454,0.10000000149011612,0.0925000011920929
1785945676046098392,0.055844999849796295,-0.0039550913497805595,-0.0624491311609745,-0.07804349064826965,0.20113787055015564,0.015372476540505886,0.0006467635394074023,-0.0841827467083931,0.0949999988079071,0.10000000149011612,0.10750000178813934,0.11500000208616257,0.1274999976158142,0.14499999582767487,0.17000000178813934,0.20499999821186066,0.25999999046325684,0.36250001192092896,0.4749999940395355,0.4724999964237213,0.4724999964237213,0.4749999940395355,0.3499999940395355,0.2524999976158142,0.20000000298023224,0.16750000417232513,0.14499999582767487,0.1274999976158142,0.11500000208616257,0.10499999672174454,0.10000000149011612,0.0925000011920929
1785945676147410641,0.07621199637651443,-0.006005560047924519,-0.04613782837986946,-0.07855618745088577,0.20559845864772797,0.01383232418447733,0.0006423378945328295,-0.08418281376361847,0.0949999988079071,0.10000000149011612,0.10750000178813934,0.11749999970197678,0.12999999523162842,0.14499999582767487,0.17000000178813934,0.20499999821186066,0.26249998807907104,0.36500000953674316,0.4749999940395355,0.4724999964237213,0.4724999964237213,0.4749999940395355,0.3474999964237213,0.2524999976158142,0.20000000298023224,0.16500000655651093,0.14249999821186066,0.1274999976158142,0.11500000208616257,0.10499999672174454,0.10000000149011612,0.0925000011920929
1785945676247865777,0.07818300276994705,-0.006005560047924519,-0.03850633278489113,-0.08606376498937607,0.2571028769016266,0.02133960649371147,0.0006411697831936181,-0.08417985588312149,0.0949999988079071,0.10000000149011612,0.10750000178813934,0.11749999970197678,0.12999999523162842,0.14499999582767487,0.17000000178813934,0.20499999821186066,0.26249998807907104,0.36500000953674316,0.4749999940395355,0.4724999964237213,0.4724999964237213,0.4749999940395355,0.3474999964237213,0.2524999976158142,0.20000000298023224,0.16500000655651093,0.14249999821186066,0.1274999976158142,0.11500000208616257,0.10499999672174454,0.10000000149011612,0.0925000011920929
1785945676347031242,0.07884000241756439,-0.008268294855952263,-0.047603070735931396,-0.08896851539611816,0.2668476402759552,0.02198290452361107,0.0006382770370692015,-0.08418510854244232,0.0949999988079071,0.10000000149011612,0.10750000178813934,0.11749999970197678,0.12999999523162842,0.14749999344348907,0.17000000178813934,0.20499999821186066,0.26249998807907104,0.3700000047683716,0.4749999940395355,0.4724999964237213,0.4724999964237213,0.4749999940395355,0.3425000011920929,0.25,0.19750000536441803,0.16500000655651093,0.14249999821186066,0.1274999976158142,0.11500000208616257,0.10499999672174454,0.09749999642372131,0.0925000011920929
1785945676446410665,0.0722699984908104,-0.0060782539658248425,-0.09458362311124802,-0.09735172986984253,0.32509827613830566,0.03255544602870941,0.0006375135271809995,-0.08417954295873642,0.0949999988079071,0.10000000149011612,0.10750000178813934,0.11749999970197678,0.12999999523162842,0.14499999582767487,0.17000000178813934,0.20499999821186066,0.26249998807907104,0.36500000953674316,0.4749999940395355,0.4724999964237213,0.4724999964237213,0.4749999940395355,0.3474999964237213,0.2524999976158142,0.20000000298023224,0.16500000655651093,0.14249999821186066,0.1274999976158142,0.11500000208616257,0.10499999672174454,0.10000000149011612,0.0925000011920929
1785945676546885962,0.03482099995017052,-0.007106717210263014,-0.1126360148191452,-0.10017326474189758,0.3314853310585022,0.03484542295336723,0.0027148290537297726,-0.07499340176582336,0.0949999988079071,0.10000000149011612,0.10750000178813934,0.11749999970197678,0.12999999523162842,0.14499999582767487,0.17000000178813934,0.20499999821186066,0.26249998807907104,0.3675000071525574,0.4749999940395355,0.4724999964237213,0.4724999964237213,0.4749999940395355,0.3449999988079071,0.25,0.20000000298023224,0.16500000655651093,0.14249999821186066,0.1274999976158142,0.11500000208616257,0.10499999672174454,0.09749999642372131,0.0925000011920929
1785945676647099874,0.0013139999937266111,-0.007106717210263014,-0.16840113699436188,-0.10729909688234329,0.31244832277297974,0.04196997359395027,0.002722197910770774,-0.07499026507139206,0.0949999988079071,0.10000000149011612,0.10750000178813934,0.11749999970197678,0.12999999523162842,0.14499999582767487,0.17000000178813934,0.20499999821186066,0.26249998807907104,0.3675000071525574,0.4749999940395355,0.4724999964237213,0.4724999964237213,0.4749999940395355,0.3449999988079071,0.25,0.20000000298023224,0.16500000655651093,0.14249999821186066,0.1274999976158142,0.11500000208616257,0.10499999672174454,0.09749999642372131,0.0925000011920929
1785945676747652453,-0.012482999823987484,-0.013093202374875546,-0.18630564212799072,-0.10908033698797226,0.29289549589157104,0.03776239976286888,0.0027199324686080217,-0.07498552650213242,0.0949999988079071,0.10000000149011612,0.10750000178813934,0.11749999970197678,0.12999999523162842,0.14749999344348907,0.17249999940395355,0.20749999582767487,0.26750001311302185,0.3774999976158142,0.4749999940395355,0.4724999964237213,0.4724999964237213,0.47749999165534973,0.3375000059604645,0.2475000023841858,0.19499999284744263,0.16500000655651093,0.14249999821186066,0.125,0.11500000208616257,0.10499999672174454,0.09749999642372131,0.0925000011920929
1785945676846311310,-0.013797000050544739,-0.019079869613051414,0.2229408472776413,-0.11235667020082474,0.2558186948299408,0.03366607427597046,0.002719440031796694,-0.07498220354318619,0.09749999642372131,0.10249999910593033,0.11249999701976776,0.12250000238418579,0.13500000536441803,0.1525000035762787,0.18000000715255737,0.2175000011920929,0.2800000011920929,0.4124999940395355,0.4749999940395355,0.4724999964237213,0.4724999964237213,0.4699999988079071,0.3174999952316284,0.23499999940395355,0.1875,0.1574999988079071,0.13750000298023224,0.12250000238418579,0.10999999940395355,0.10249999910593033,0.0949999988079071,0.09000000357627869
1785945676948608933,-0.015111000277101994,-0.019079869613051414,0.2057167887687683,-0.11211595684289932,0.24862129986286163,0.03342721611261368,0.0027147457003593445,-0.07499098777770996,0.09749999642372131,0.10249999910593033,0.11249999701976776,0.12250000238418579,0.13500000536441803,0.1525000035762787,0.18000000715255737,0.2175000011920929,0.2800000011920929,0.4124999940395355,0.4749999940395355,0.4724999964237213,0.4724999964237213,0.4699999988079071,0.3174999952316284,0.23499999940395355,0.1875,0.1574999988079071,0.13750000298023224,0.12250000238418579,0.10999999940395355,0.10249999910593033,0.0949999988079071,0.09000000357627869
1785945677046741983,-0.015111000277101994,-0.02439749427139759,0.17158783972263336,-0.11072699725627899,0.2202157825231552,0.02671966515481472,0.002715687733143568,-0.07498964667320251,0.09749999642372131,0.10499999672174454,0.11249999701976776,0.12250000238418579,0.13500000536441803,0.1550000011920929,0.18000000715255737,0.2199999988079071,0.2849999964237213,0.42250001430511475,0.4749999940395355,0.4724999964237213,0.4724999964237213,0.45750001072883606,0.3125,0.23250000178813934,0.1850000023841858,0.1550000011920929,0.13500000536441803,0.11999999731779099,0.10999999940395355,0.10000000149011612,0.0949999988079071,0.09000000357627869
1785945677146330629,-0.015111000277101994,-0.03334788978099823,0.12490099668502808,-0.11068589985370636,0.18906421959400177,0.017728090286254883,0.002720167627558112,-0.07498912513256073,0.09749999642372131,0.10499999672174454,0.11249999701976776,0.12250000238418579,0.13750000298023224,0.1574999988079071,0.1850000023841858,0.22499999403953552,0.29499998688697815,0.45500001311302185,0.4749999940395355,0.4724999964237213,0.4724999964237213,0.4449999928474426,0.30250000953674316,0.22499999403953552,0.18250000476837158,0.1525000035762787,0.13249999284744263,0.11999999731779099,0.10750000178813934,0.10000000149011612,0.0949999988079071,0.09000000357627869
1785945677252857114,-0.015111000277101994,-0.03334788978099823,0.11707717180252075,-0.11109122633934021,0.18998077511787415,0.01813371852040291,0.002714842092245817,-0.07498544454574585,0.09749999642372131,0.10499999672174454,0.11249999701976776,0.12250000238418579,0.13750000298023224,0.1574999988079071,0.1850000023841858,0.22499999403953552,0.29499998688697815,0.45500001311302185,0.4749999940395355,0.4724999964237213,0.4724999964237213,0.4449999928474426,0.30250000953674316,0.22499999403953552,0.18250000476837158,0.1525000035762787,0.13249999284744263,0.11999999731779099,0.10750000178813934,0.10000000149011612,0.0949999988079071,0.09000000357627869
1785945677356192848,-0.015768000856041908,-0.03804250806570053,0.07824293524026871,-0.11178875714540482,0.18421903252601624,0.014137089252471924,0.0027195296715945005,-0.07498256862163544,0.10249999910593033,0.10750000178813934,0.11749999970197678,0.1274999976158142,0.14249999821186066,0.16249999403953552,0.19249999523162842,0.23499999940395355,0.3075000047683716,0.47999998927116394,0.4724999964237213,0.4724999964237213,0.4724999964237213,0.42750000953674316,0.2874999940395355,0.2150000035762787,0.17499999701976776,0.14749999344348907,0.1274999976158142,0.11500000208616257,0.10499999672174454,0.09749999642372131,0.09000000357627869,0.08500000089406967
1785945677446773384,-0.015768000856041908,-0.040365174412727356,0.04788008704781532,-0.11213447153568268,0.18950998783111572,0.012160278856754303,0.0027236149180680513,-0.07499513775110245,0.10249999910593033,0.10750000178813934,0.11749999970197678,0.1274999976158142,0.14249999821186066,0.16249999403953552,0.19249999523162842,0.23749999701976776,0.3100000023841858,0.47999998927116394,0.4724999964237213,0.4724999964237213,0.4724999964237213,0.42750000953674316,0.2849999964237213,0.2150000035762787,0.17249999940395355,0.14749999344348907,0.1274999976158142,0.11500000208616257,0.10499999672174454,0.09749999642372131,0.09000000357627869,0.08500000089406967
1785945677555995438,-0.015768000856041908,-0.040365174412727356,0.03243019059300423,-0.11212815344333649,0.1970958411693573,0.012156173586845398,0.002718209056183696,-0.07498832792043686,0.10249999910593033,0.10750000178813934,0.11749999970197678,0.1274999976158142,0.14249999821186066,0.16249999403953552,0.19249999523162842,0.23749999701976776,0.3100000023841858,0.47999998927116394,0.4724999964237213,0.4724999964237213,0.4724999964237213,0.42750000953674316,0.2849999964237213,0.2150000035762787,0.17249999940395355,0.14749999344348907,0.1274999976158142,0.11500000208616257,0.10499999672174454,0.09749999642372131,0.09000000357627869,0.08500000089406967
1785945677656311146,-0.015768000856041908,-0.0336778350174427,0.030485672876238823,-0.11183617264032364,0.23868055641651154,0.018549099564552307,0.0027229581028223038,-0.07498367130756378,0.09749999642372131,0.10499999672174454,0.11249999701976776,0.12250000238418579,0.13750000298023224,0.1574999988079071,0.1850000023841858,0.22499999403953552,0.29499998688697815,0.45500001311302185,0.4724999964237213,0.4724999964237213,0.4724999964237213,0.4449999928474426,0.30000001192092896,0.22499999403953552,0.18250000476837158,0.1525000035762787,0.13249999284744263,0.11999999731779099,0.10750000178813934,0.10000000149011612,0.0949999988079071,0.09000000357627869
1785945677747695962,-0.015768000856041908,-0.0336778350174427,0.045234315097332,-0.11212611198425293,0.2501419186592102,0.018839512020349503,0.0027187070809304714,-0.07499057799577713,0.09749999642372131,0.10499999672174454,0.11249999701976776,0.12250000238418579,0.13750000298023224,0.1574999988079071,0.1850000023841858,0.22499999403953552,0.29499998688697815,0.45500001311302185,0.4724999964237213,0.4724999964237213,0.4724999964237213,0.4449999928474426,0.30000001192092896,0.22499999403953552,0.18250000476837158,0.1525000035762787,0.13249999284744263,0.11999999731779099,0.10750000178813934,0.10000000149011612,0.0949999988079071,0.09000000357627869
1785945677846454567,-0.015768000856041908,-0.034637775272130966,0.1035417839884758,-0.11167562752962112,0.29012274742126465,0.01742865890264511,0.0027147179935127497,-0.07499321550130844,0.09749999642372131,0.10499999672174454,0.11249999701976776,0.12250000238418579,0.13750000298023224,0.1574999988079071,0.1850000023841858,0.22750000655651093,0.29499998688697815,0.45750001072883606,0.4724999964237213,0.4724999964237213,0.4724999964237213,0.4424999952316284,0.30000001192092896,0.22499999403953552,0.18250000476837158,0.1525000035762787,0.13249999284744263,0.11999999731779099,0.10750000178813934,0.10000000149011612,0.0949999988079071,0.09000000357627869
1785945677946415960,-0.015768000856041908,-0.035626597702503204,0.12490523606538773,-0.11132990568876266,0.2707574665546417,0.017224714159965515,0.0012174053117632866,-0.07057835161685944,0.09749999642372131,0.10499999672174454,0.11249999701976776,0.125,0.13750000298023224,0.1574999988079071,0.1850000023841858,0.22750000655651093,0.29750001430511475,0.46000000834465027,0.4724999964237213,0.4724999964237213,0.4724999964237213,0.4399999976158142,0.30000001192092896,0.22499999403953552,0.18000000715255737,0.1525000035762787,0.13249999284744263,0.11999999731779099,0.10750000178813934,0.10000000149011612,0.0949999988079071,0.09000000357627869
1785945678048105180,-0.01708200015127659,-0.035626597702503204,0.1927732676267624,-0.11033838242292404,0.2166215181350708,0.01623428985476494,0.0012118278536945581,-0.0705832839012146,0.09749999642372131,0.10499999672174454,0.11249999701976776,0.125,0.13750000298023224,0.1574999988079071,0.1850000023841858,0.22750000655651093,0.29750001430511475,0.46000000834465027,0.4724999964237213,0.4724999964237213,0.4724999964237213,0.4399999976158142,0.30000001192092896,0.22499999403953552,0.18000000715255737,0.1525000035762787,0.13249999284744263,0.11999999731779099,0.10750000178813934,0.10000000149011612,0.0949999988079071,0.09000000357627869
1785945678146056017,-0.01905299909412861,-0.03408253937959671,0.23400060832500458,-0.1094062328338623,0.1913308948278427,0.016845636069774628,0.0012205494567751884,-0.0705740749835968,0.09749999642372131,0.10499999672174454,0.11249999701976776,0.12250000238418579,0.13750000298023224,0.1574999988079071,0.1850000023841858,0.22499999403953552,0.29499998688697815,0.45500001311302185,0.4724999964237213,0.4724999964237213,0.4724999964237213,0.4424999952316284,0.30000001192092896,0.22499999403953552,0.18250000476837158,0.1525000035762787,0.13249999284744263,0.11999999731779099,0.10750000178813934,0.10000000149011612,0.0949999988079071,0.09000000357627869
1785945678247887866,-0.019710000604391098,-0.032097794115543365,0.22194689512252808,-0.11146276444196701,0.18582503497600555,0.01945020630955696,0.0012214230373501778,-0.07058044523000717,0.09749999642372131,0.10499999672174454,0.11249999701976776,0.12250000238418579,0.13750000298023224,0.1574999988079071,0.1850000023841858,0.22499999403953552,0.29249998927116394,0.4375,0.4749999940395355,0.4724999964237213,0.4724999964237213,0.44749999046325684,0.30250000953674316,0.22750000655651093,0.18250000476837158,0.1550000011920929,0.13500000536441803,0.11999999731779099,0.10750000178813934,0.10000000149011612,0.0949999988079071,0.09000000357627869
1785945678346044020,-0.019710000604391098,-0.0242117028683424,0.1665463149547577,-0.11038260906934738,0.18339040875434875,0.02625325135886669,0.0012206821702420712,-0.07057856768369675,0.09749999642372131,0.10499999672174454,0.11249999701976776,0.12250000238418579,0.13500000536441803,0.1550000011920929,0.18000000715255737,0.2199999988079071,0.2849999964237213,0.42250001430511475,0.4749999940395355,0.4724999964237213,0.4724999964237213,0.45750001072883606,0.3125,0.23250000178813934,0.1850000023841858,0.1550000011920929,0.13500000536441803,0.11999999731779099,0.10999999940395355,0.10000000149011612,0.0949999988079071,0.09000000357627869
1785945678448503888,-0.019710000604391098,-0.0242117028683424,0.1481991410255432,-0.11008834838867188,0.18036462366580963,0.02596295066177845,0.0012200382770970464,-0.07057753205299377,0.09749999642372131,0.10499999672174454,0.11249999701976776,0.12250000238418579,0.13500000536441803,0.1550000011920929,0.18000000715255737,0.2199999988079071,0.2849999964237213,0.42250001430511475,0.4749999940395355,0.4724999964237213,0.4724999964237213,0.45750001072883606,0.3125,0.23250000178813934,0.1850000023841858,0.1550000011920929,0.13500000536441803,0.11999999731779099,0.10999999940395355,0.10000000149011612,0.0949999988079071,0.09000000357627869
1785945678547013429,-0.019710000604391098,-0.028033597394824028,0.09668944776058197,-0.11078368872404099,0.17998093366622925,0.022832760587334633,0.0012205061502754688,-0.0705864280462265,0.09749999642372131,0.10499999672174454,0.11249999701976776,0.12250000238418579,0.13750000298023224,0.1550000011920929,0.18250000476837158,0.2224999964237213,0.28999999165534973,0.4300000071525574,0.4749999940395355,0.4724999964237213,0.4724999964237213,0.45750001072883606,0.3075000047683716,0.23000000417232513,0.1850000023841858,0.1550000011920929,0.13500000536441803,0.11999999731779099,0.10999999940395355,0.10000000149011612,0.0949999988079071,0.09000000357627869
1785945678648726075,-0.019710000604391098,-0.023513225838541985,0.08507845550775528,-0.11025094985961914,0.1982431411743164,0.026822032406926155,0.0012161394115537405,-0.07058253139257431,0.09749999642372131,0.10499999672174454,0.11249999701976776,0.12250000238418579,0.13500000536441803,0.1550000011920929,0.18000000715255737,0.2199999988079071,0.2849999964237213,0.41999998688697815,0.4749999940395355,0.4724999964237213,0.4724999964237213,0.45750001072883606,0.3125,0.23250000178813934,0.1850000023841858,0.1550000011920929,0.13500000536441803,0.11999999731779099,0.10999999940395355,0.10000000149011612,0.0949999988079071,0.09000000357627869
1785945678746243138,-0.019710000604391098,-0.023513225838541985,0.07894279062747955,-0.11074461787939072,0.2262490689754486,0.02731616608798504,0.0012155818985775113,-0.07058084011077881,0.09749999642372131,0.10499999672174454,0.11249999701976776,0.12250000238418579,0.13500000536441803,0.1550000011920929,0.18000000715255737,0.2199999988079071,0.2849999964237213,0.41999998688697815,0.4749999940395355,0.4724999964237213,0.4724999964237213,0.45750001072883606,0.3125,0.23250000178813934,0.1850000023841858,0.1550000011920929,0.13500000536441803,0.11999999731779099,0.10999999940395355,0.10000000149011612,0.0949999988079071,0.09000000357627869
1785945678846564094,-0.019710000604391098,-0.021587861701846123,0.09562364220619202,-0.10989074409008026,0.254520058631897,0.02838696353137493,0.0012154494179412723,-0.07057777792215347,0.09749999642372131,0.10499999672174454,0.11249999701976776,0.12250000238418579,0.13500000536441803,0.1550000011920929,0.18000000715255737,0.2199999988079071,0.2824999988079071,0.41749998927116394,0.4749999940395355,0.4724999964237213,0.4724999964237213,0.4625000059604645,0.3149999976158142,0.23250000178813934,0.1875,0.1574999988079071,0.13500000536441803,0.11999999731779099,0.10999999940395355,0.10249999910593033,0.0949999988079071,0.09000000357627869
1785945678947827670,-0.019710000604391098,-0.019988389685750008,0.1022508293390274,-0.10872633755207062,0.2629483640193939,0.02882123924791813,0.0012186780804768205,-0.07057174295186996,0.09749999642372131,0.10249999910593033,0.11249999701976776,0.12250000238418579,0.13500000536441803,0.1525000035762787,0.18000000715255737,0.2175000011920929,0.2824999988079071,0.4124999940395355,0.4749999940395355,0.4724999964237213,0.4724999964237213,0.4650000035762787,0.3174999952316284,0.23499999940395355,0.1875,0.1574999988079071,0.13500000536441803,0.11999999731779099,0.10999999940395355,0.10249999910593033,0.0949999988079071,0.09000000357627869
1785945679046884395,-0.019710000604391098,-0.019988389685750008,0.14376477897167206,-0.10666334629058838,0.26967257261276245,0.02826571650803089,0.00015699578216299415,-0.06923700869083405,0.09749999642372131,0.10249999910593033,0.11249999701976776,0.12250000238418579,0.13500000536441803,0.1525000035762787,0.18000000715255737,0.2175000011920929,0.2824999988079071,0.4124999940395355,0.4749999940395355,0.4724999964237213,0.4724999964237213,0.4650000035762787,0.3174999952316284,0.23499999940395355,0.1875,0.1574999988079071,0.13500000536441803,0.11999999731779099,0.10999999940395355,0.10249999910593033,0.0949999988079071,0.09000000357627869
1785945679146526067,-0.019710000604391098,-0.018068287521600723,0.15637066960334778,-0.10572951287031174,0.2593216001987457,0.029251206666231155,0.0001608405727893114,-0.06923597306013107,0.09749999642372131,0.10249999910593033,0.11249999701976776,0.12250000238418579,0.13500000536441803,0.1525000035762787,0.18000000715255737,0.2175000011920929,0.2800000011920929,0.39750000834465027,0.4749999940395355,0.4724999964237213,0.4724999964237213,0.4724999964237213,0.3199999928474426,0.23499999940395355,0.1875,0.1574999988079071,0.13750000298023224,0.12250000238418579,0.10999999940395355,0.10249999910593033,0.0949999988079071,0.09000000357627869
1785945679246082615,-0.019710000604391098,-0.015477530658245087,0.19799815118312836,-0.10548493266105652,0.2290439009666443,0.031596940010786057,0.00016523728845641017,-0.06924368441104889,0.0949999988079071,0.10000000149011612,0.10750000178813934,0.11749999970197678,0.12999999523162842,0.14749999344348907,0.17249999940395355,0.20999999344348907,0.27000001072883606,0.3799999952316284,0.4749999940395355,0.4724999964237213,0.4724999964237213,0.47749999165534973,0.33250001072883606,0.24500000476837158,0.19499999284744263,0.16249999403953552,0.14249999821186066,0.125,0.11500000208616257,0.10499999672174454,0.09749999642372131,0.0925000011920929
1785945679346261615,-0.019710000604391098,-0.016761409118771553,0.2088688164949417,-0.10495240241289139,0.21708621084690094,0.02977987937629223,0.0001598925155121833,-0.06924214959144592,0.0949999988079071,0.10000000149011612,0.10750000178813934,0.11749999970197678,0.12999999523162842,0.14749999344348907,0.17249999940395355,0.20999999344348907,0.27000001072883606,0.3824999928474426,0.4749999940395355,0.4724999964237213,0.4724999964237213,0.47749999165534973,0.33250001072883606,0.24500000476837158,0.19499999284744263,0.16249999403953552,0.14000000059604645,0.125,0.11500000208616257,0.10499999672174454,0.09749999642372131,0.0925000011920929
1785945679446732239,-0.024965999647974968,-0.016761409118771553,0.23972606658935547,-0.10411320626735687,0.19411708414554596,0.02894200198352337,0.000160507028340362,-0.0692407563328743,0.0949999988079071,0.10000000149011612,0.10750000178813934,0.11749999970197678,0.12999999523162842,0.14749999344348907,0.17249999940395355,0.20999999344348907,0.27000001072883606,0.3824999928474426,0.4749999940395355,0.4724999964237213,0.4724999964237213,0.47749999165534973,0.33250001072883606,0.24500000476837158,0.19499999284744263,0.16249999403953552,0.14000000059604645,0.125,0.11500000208616257,0.10499999672174454,0.09749999642372131,0.0925000011920929
1785945679547751583,-0.03810599818825722,-0.011716351844370365,0.2497434765100479,-0.10360754281282425,0.19875618815422058,0.03348273038864136,0.00015633586735930294,-0.06923659145832062,0.0949999988079071,0.10000000149011612,0.10750000178813934,0.11749999970197678,0.12999999523162842,0.14749999344348907,0.17249999940395355,0.20749999582767487,0.26499998569488525,0.375,0.4749999940395355,0.4724999964237213,0.4724999964237213,0.47749999165534973,0.3375000059604645,0.2475000023841858,0.19750000536441803,0.16500000655651093,0.14249999821186066,0.125,0.11500000208616257,0.10499999672174454,0.09749999642372131,0.0925000011920929
1785945679646705106,-0.046647001057863235,-0.011715078726410866,0.2159544825553894,-0.059037115424871445,0.18133169412612915,0.03356010466814041,0.0001596518704900518,-0.06923991441726685,0.0949999988079071,0.10000000149011612,0.10750000178813934,0.11749999970197678,0.12999999523162842,0.14749999344348907,0.17249999940395355,0.20749999582767487,0.26499998569488525,0.375,0.4749999940395355,0.4724999964237213,0.4724999964237213,0.47749999165534973,0.3375000059604645,0.2475000023841858,0.19750000536441803,0.16500000655651093,0.14249999821186066,0.125,0.11500000208616257,0.10499999672174454,0.09749999642372131,0.0925000011920929
1785945679746424348,-0.053874000906944275,-0.011715078726410866,0.19492432475090027,-0.05594411864876747,0.16478382050991058,0.030464274808764458,0.0001638705434743315,-0.06923758238554001,0.0949999988079071,0.10000000149011612,0.10750000178813934,0.11749999970197678,0.12999999523162842,0.14749999344348907,0.17249999940395355,0.20749999582767487,0.26499998569488525,0.375,0.4749999940395355,0.4724999964237213,0.4724999964237213,0.47749999165534973,0.3375000059604645,0.2475000023841858,0.19750000536441803,0.16500000655651093,0.14249999821186066,0.125,0.11500000208616257,0.10499999672174454,0.09749999642372131,0.0925000011920929
1785945679846659157,-0.06307200342416763,-0.006279964465647936,0.18620188534259796,-0.053838033229112625,0.17152716219425201,0.03379398211836815,0.0001637874956941232,-0.0692412257194519,0.0949999988079071,0.10000000149011612,0.10750000178813934,0.11749999970197678,0.12999999523162842,0.14499999582767487,0.17000000178813934,0.20499999821186066,0.26249998807907104,0.36500000953674316,0.4749999940395355,0.4724999964237213,0.4724999964237213,0.4749999940395355,0.3474999964237213,0.2524999976158142,0.20000000298023224,0.16500000655651093,0.14249999821186066,0.1274999976158142,0.11500000208616257,0.10499999672174454,0.09749999642372131,0.0925000011920929
1785945679946627590,-0.0689850002527237,-0.0029220213182270527,0.16633722186088562,-0.05112648755311966,0.17028354108333588,0.03444158658385277,0.000158462964463979,-0.06923951953649521,0.0949999988079071,0.10000000149011612,0.10750000178813934,0.11500000208616257,0.1274999976158142,0.14499999582767487,0.17000000178813934,0.20250000059604645,0.25999999046325684,0.36000001430511475,0.4749999940395355,0.4724999964237213,0.4724999964237213,0.4749999940395355,0.35249999165534973,0.2549999952316284,0.20000000298023224,0.16750000417232513,0.14499999582767487,0.1274999976158142,0.11500000208616257,0.10499999672174454,0.10000000149011612,0.0925000011920929
1785945680047385550,-0.07161299884319305,-0.007198464125394821,0.1497448831796646,-0.04827830567955971,0.15071886777877808,0.027317199856042862,0.00015818126848898828,-0.06924166530370712,0.0949999988079071,0.10000000149011612,0.10750000178813934,0.11749999970197678,0.12999999523162842,0.14499999582767487,0.17000000178813934,0.20499999821186066,0.26249998807907104,0.3675000071525574,0.4749999940395355,0.4724999964237213,0.4724999964237213,0.4749999940395355,0.3449999988079071,0.25,0.20000000298023224,0.16500000655651093,0.14249999821186066,0.1274999976158142,0.11500000208616257,0.10499999672174454,0.09749999642372131,0.0925000011920929
1785945680145993015,-0.0722699984908104,-0.007198464125394821,0.12746192514896393,-0.04373672977089882,0.14519327878952026,0.022776324301958084,0.0001567387516843155,-0.06924107670783997,0.0949999988079071,0.10000000149011612,0.10750000178813934,0.11749999970197678,0.12999999523162842,0.14499999582767487,0.17000000178813934,0.20499999821186066,0.26249998807907104,0.3675000071525574,0.4749999940395355,0.4724999964237213,0.4724999964237213,0.4749999940395355,0.3449999988079071,0.25,0.20000000298023224,0.16500000655651093,0.14249999821186066,0.1274999976158142,0.11500000208616257,0.10499999672174454,0.09749999642372131,0.0925000011920929
1785945680246556826,-0.07161299884319305,-0.003379846690222621,0.12064765393733978,-0.04312511533498764,0.1579219251871109,0.025981849059462547,0.00016107184637803584,-0.06923770904541016,0.0949999988079071,0.10000000149011612,0.10750000178813934,0.11500000208616257,0.1274999976158142,0.14499999582767487,0.17000000178813934,0.20250000059604645,0.25999999046325684,0.36000001430511475,0.4749999940395355,0.4724999964237213,0.4724999964237213,0.4749999940395355,0.3499999940395355,0.2549999952316284,0.20000000298023224,0.16750000417232513,0.14499999582767487,0.1274999976158142,0.11500000208616257,0.10499999672174454,0.10000000149011612,0.0925000011920929
1785945680349295870,-0.06767100095748901,-0.003762344364076853,0.10739866644144058,-0.03943944349884987,0.16242699325084686,0.02191070094704628,0.00015612176503054798,-0.06923827528953552,0.0949999988079071,0.10000000149011612,0.10750000178813934,0.11500000208616257,0.1274999976158142,0.14499999582767487,0.17000000178813934,0.20499999821186066,0.25999999046325684,0.36250001192092896,0.4749999940395355,0.4724999964237213,0.4724999964237213,0.4749999940395355,0.3499999940395355,0.2524999976158142,0.20000000298023224,0.16750000417232513,0.14499999582767487,0.1274999976158142,0.11500000208616257,0.10499999672174454,0.10000000149011612,0.0925000011920929
1785945680446399641,-0.06504300236701965,-0.003762344364076853,0.10201334208250046,-0.036880943924188614,0.17422634363174438,0.019355885684490204,0.00015987284132279456,-0.06923729926347733,0.0949999988079071,0.10000000149011612,0.10750000178813934,0.11500000208616257,0.1274999976158142,0.14499999582767487,0.17000000178813934,0.20499999821186066,0.25999999046325684,0.36250001192092896,0.4749999940395355,0.4724999964237213,0.4724999964237213,0.4749999940395355,0.3499999940395355,0.2524999976158142,0.20000000298023224,0.16750000417232513,0.14499999582767487,0.1274999976158142,0.11500000208616257,0.10499999672174454,0.10000000149011612,0.0925000011920929
1785945680547139137,-0.06372900307178497,0.002900177612900734,0.10149020701646805,-0.03472362458705902,0.19041180610656738,0.02386079542338848,0.00015979025920387357,-0.0692327693104744,0.09000000357627869,0.0949999988079071,0.10249999910593033,0.11249999701976776,0.12250000238418579,0.14000000059604645,0.16249999403953552,0.19499999284744263,0.2475000023841858,0.3400000035762787,0.4749999940395355,0.4724999964237213,0.4724999964237213,0.4749999940395355,0.3725000023841858,0.26750001311302185,0.20999999344348907,0.17499999701976776,0.15000000596046448,0.13249999284744263,0.11999999731779099,0.10999999940395355,0.10249999910593033,0.09749999642372131
1785945680645906446,-0.040077000856399536,0.007307736203074455,0.10974715650081635,-0.030161915346980095,0.2188490927219391,0.023706350475549698,0.00015412262291647494,-0.06924041360616684,0.09000000357627869,0.0949999988079071,0.10249999910593033,0.11249999701976776,0.12250000238418579,0.13750000298023224,0.1599999964237213,0.19249999523162842,0.24250000715255737,0.33500000834465027,0.4749999940395355,0.4724999964237213,0.4724999964237213,0.4749999940395355,0.3774999976158142,0.27000001072883606,0.21250000596046448,0.17499999701976776,0.15000000596046448,0.13249999284744263,0.11999999731779099,0.10999999940395355,0.10249999910593033,0.09749999642372131
1785945680747037506,-0.027594000101089478,0.008874421939253807,0.11333315819501877,-0.027821024879813194,0.22468796372413635,0.022930514067411423,0.00015387870371341705,-0.06923612207174301,0.09000000357627869,0.0949999988079071,0.10249999910593033,0.10999999940395355,0.12250000238418579,0.13750000298023224,0.1599999964237213,0.19249999523162842,0.24250000715255737,0.33250001072883606,0.47749999165534973,0.4724999964237213,0.4724999964237213,0.4749999940395355,0.3824999928474426,0.27250000834465027,0.21250000596046448,0.17499999701976776,0.15000000596046448,0.13249999284744263,0.11999999731779099,0.10999999940395355,0.10249999910593033,0.09749999642372131
1785945680846865487,-0.024965999647974968,0.008874421939253807,0.1331864297389984,-0.024499069899320602,0.24965961277484894,0.019609160721302032,0.00016207816952373832,-0.06924492120742798,0.09000000357627869,0.0949999988079071,0.10249999910593033,0.10999999940395355,0.12250000238418579,0.13750000298023224,0.1599999964237213,0.19249999523162842,0.24250000715255737,0.33250001072883606,0.47749999165534973,0.4724999964237213,0.4724999964237213,0.4749999940395355,0.3824999928474426,0.27250000834465027,0.21250000596046448,0.17499999701976776,0.15000000596046448,0.13249999284744263,0.11999999731779099,0.10999999940395355,0.10249999910593033,0.09749999642372131
1785945680946214221,-0.024309000000357628,0.012318532913923264,0.14253665506839752,-0.024231286719441414,0.2518424093723297,0.07295216619968414,-0.00010186530562350526,-0.0715017318725586,0.09000000357627869,0.0949999988079071,0.10249999910593033,0.10999999940395355,0.12250000238418579,0.13750000298023224,0.1599999964237213,0.1899999976158142,0.23999999463558197,0.32749998569488525,0.47749999165534973,0.4724999964237213,0.4724999964237213,0.4749999940395355,0.38749998807907104,0.2750000059604645,0.2150000035762787,0.17749999463558197,0.1525000035762787,0.13500000536441803,0.11999999731779099,0.10999999940395355,0.10249999910593033,0.09749999642372131
1785945681047084537,-0.024309000000357628,0.012318532913923264,0.17009083926677704,-0.02007967419922352,0.21346494555473328,0.06879933923482895,-9.996625158237293e-05,-0.07150422036647797,0.09000000357627869,0.0949999988079071,0.10249999910593033,0.10999999940395355,0.12250000238418579,0.13750000298023224,0.1599999964237213,0.1899999976158142,0.23999999463558197,0.32749998569488525,0.47749999165534973,0.4724999964237213,0.4724999964237213,0.4749999940395355,0.38749998807907104,0.2750000059604645,0.2150000035762787,0.17749999463558197,0.1525000035762787,0.13500000536441803,0.11999999731779099,0.10999999940395355,0.10249999910593033,0.09749999642372131
1785945681146876645,-0.023652000352740288,0.013436750508844852,0.18157163262367249,-0.020371973514556885,0.20242305099964142,0.07021088898181915,-9.975346620194614e-05,-0.07150040566921234,0.09000000357627869,0.0949999988079071,0.10249999910593033,0.10999999940395355,0.12250000238418579,0.13750000298023224,0.1599999964237213,0.1899999976158142,0.23999999463558197,0.32499998807907104,0.47749999165534973,0.4724999964237213,0.4724999964237213,0.4749999940395355,0.38999998569488525,0.2750000059604645,0.2150000035762787,0.17749999463558197,0.1525000035762787,0.13500000536441803,0.11999999731779099,0.10999999940395355,0.10249999910593033,0.09749999642372131
1785945681246434922,-0.023652000352740288,0.02157275192439556,0.21004505455493927,-0.017205920070409775,0.1801885962486267,0.07517898827791214,-9.722112736199051e-05,-0.0714980959892273,0.08749999850988388,0.0925000011920929,0.09749999642372131,0.10750000178813934,0.11749999970197678,0.13249999284744263,0.1525000035762787,0.18000000715255737,0.22499999403953552,0.3050000071525574,0.47749999165534973,0.4724999964237213,0.4724999964237213,0.4749999940395355,0.41749998927116394,0.29249998927116394,0.22499999403953552,0.1850000023841858,0.1574999988079071,0.14000000059604645,0.125,0.11500000208616257,0.10750000178813934,0.10000000149011612
1785945681347759140,-0.024309000000357628,0.022060655057430267,0.23328420519828796,-0.01597955822944641,0.15799285471439362,0.07444293797016144,-9.796211816137657e-05,-0.07149949669837952,0.08749999850988388,0.0925000011920929,0.09749999642372131,0.10499999672174454,0.11749999970197678,0.13249999284744263,0.1525000035762787,0.18000000715255737,0.22499999403953552,0.3050000071525574,0.47749999165534973,0.4724999964237213,0.4724999964237213,0.4749999940395355,0.41749998927116394,0.29249998927116394,0.22499999403953552,0.1850000023841858,0.1599999964237213,0.14000000059604645,0.125,0.11500000208616257,0.10750000178813934,0.10000000149011612
1785945681446605171,-0.023652000352740288,0.022060655057430267,0.24220183491706848,-0.015583054162561893,0.1497388780117035,0.07404524087905884,-9.819798287935555e-05,-0.07150240987539291,0.08749999850988388,0.0925000011920929,0.09749999642372131,0.10499999672174454,0.11749999970197678,0.13249999284744263,0.1525000035762787,0.18000000715255737,0.22499999403953552,0.3050000071525574,0.47749999165534973,0.4724999964237213,0.4724999964237213,0.4749999940395355,0.41749998927116394,0.29249998927116394,0.22499999403953552,0.1850000023841858,0.1599999964237213,0.14000000059604645,0.125,0.11500000208616257,0.10750000178813934,0.10000000149011612
1785945681545864015,-0.024309000000357628,0.025951262563467026,0.23657701909542084,-0.0065306746400892735,0.12654317915439606,0.07505171000957489,-9.549647802487016e-05,-0.07150132954120636,0.08749999850988388,0.0925000011920929,0.09749999642372131,0.10499999672174454,0.11749999970197678,0.12999999523162842,0.15000000596046448,0.18000000715255737,0.2224999964237213,0.30000001192092896,0.47749999165534973,0.4724999964237213,0.4724999964237213,0.4749999940395355,0.42500001192092896,0.29499998688697815,0.22750000655651093,0.1875,0.1599999964237213,0.14000000059604645,0.125,0.11500000208616257,0.10750000178813934,0.10000000149011612
1785945681646240012,-0.024309000000357628,0.02621247060596943,0.2243039309978485,-0.006661406718194485,0.11998118460178375,0.07544612139463425,-9.541679173707962e-05,-0.07149937748908997,0.08749999850988388,0.0925000011920929,0.09749999642372131,0.10499999672174454,0.11749999970197678,0.12999999523162842,0.15000000596046448,0.18000000715255737,0.2224999964237213,0.30000001192092896,0.47749999165534973,0.4724999964237213,0.4724999964237213,0.4749999940395355,0.42500001192092896,0.29499998688697815,0.22750000655651093,0.1875,0.1599999964237213,0.14000000059604645,0.125,0.11500000208616257,0.10750000178813934,0.10000000149011612
1785945681765274936,-0.024309000000357628,0.02621247060596943,0.19466358423233032,-0.003415465820580721,0.09743830561637878,0.07219760864973068,-0.0001018890252453275,-0.07150506228208542,0.08749999850988388,0.0925000011920929,0.09749999642372131,0.10499999672174454,0.11749999970197678,0.12999999523162842,0.15000000596046448,0.18000000715255737,0.2224999964237213,0.30000001192092896,0.47749999165534973,0.4724999964237213,0.4724999964237213,0.4749999940395355,0.42500001192092896,0.29499998688697815,0.22750000655651093,0.1875,0.1599999964237213,0.14000000059604645,0.125,0.11500000208616257,0.10750000178813934,0.10000000149011612
1785945681846914756,-0.023652000352740288,0.030540306121110916,0.1841168999671936,-0.003107007360085845,0.10595676302909851,0.0762220174074173,-9.311486064689234e-05,-0.07150094211101532,0.08749999850988388,0.09000000357627869,0.09749999642372131,0.10499999672174454,0.11500000208616257,0.12999999523162842,0.15000000596046448,0.17749999463558197,0.2199999988079071,0.29499998688697815,0.47749999165534973,0.4724999964237213,0.4724999964237213,0.4749999940395355,0.4300000071525574,0.30000001192092896,0.23000000417232513,0.1899999976158142,0.1599999964237213,0.14249999821186066,0.1274999976158142,0.11500000208616257,0.10750000178813934,0.10000000149011612
1785945681947097596,-0.023652000352740288,0.03180237114429474,0.1590525060892105,-0.0006393769872374833,0.10323259234428406,0.07501280307769775,-9.905811020871624e-05,-0.07150057703256607,0.08749999850988388,0.09000000357627869,0.09749999642372131,0.10499999672174454,0.11500000208616257,0.12999999523162842,0.15000000596046448,0.17749999463558197,0.2199999988079071,0.29249998927116394,0.47749999165534973,0.4724999964237213,0.4724999964237213,0.4749999940395355,0.4300000071525574,0.30250000953674316,0.23250000178813934,0.1899999976158142,0.1599999964237213,0.14249999821186066,0.1274999976158142,0.11500000208616257,0.10750000178813934,0.10249999910593033
1785945682049234222,-0.024309000000357628,0.03180237114429474,0.1407337188720703,7.762404857203364e-05,0.10898462682962418,0.0742955207824707,-0.000103941754787229,-0.07150106132030487,0.08749999850988388,0.09000000357627869,0.09749999642372131,0.10499999672174454,0.11500000208616257,0.12999999523162842,0.15000000596046448,0.17749999463558197,0.2199999988079071,0.29249998927116394,0.47749999165534973,0.4724999964237213,0.4724999964237213,0.4749999940395355,0.4300000071525574,0.30250000953674316,0.23250000178813934,0.1899999976158142,0.1599999964237213,0.14249999821186066,0.1274999976158142,0.11500000208616257,0.10750000178813934,0.10249999910593033
1785945682146919290,-0.024309000000357628,0.03321562334895134,0.13427123427391052,0.0007006590603850782,0.11535461992025375,0.07508593052625656,-9.522896289126948e-05,-0.07150010764598846,0.08749999850988388,0.09000000357627869,0.09749999642372131,0.10499999672174454,0.11500000208616257,0.12999999523162842,0.14749999344348907,0.17499999701976776,0.2199999988079071,0.29249998927116394,0.47749999165534973,0.4724999964237213,0.4724999964237213,0.4749999940395355,0.4300000071525574,0.30250000953674316,0.23250000178813934,0.1899999976158142,0.16249999403953552,0.14249999821186066,0.1274999976158142,0.11500000208616257,0.10750000178813934,0.10249999910593033
1785945682246763496,-0.023652000352740288,0.034463413059711456,0.11636165529489517,0.003180545521900058,0.13152030110359192,0.07385452091693878,-0.00010113299504155293,-0.0714973583817482,0.08500000089406967,0.09000000357627869,0.09749999642372131,0.10499999672174454,0.11500000208616257,0.12999999523162842,0.14749999344348907,0.17499999701976776,0.2175000011920929,0.28999999165534973,0.47749999165534973,0.4724999964237213,0.4724999964237213,0.4724999964237213,0.4300000071525574,0.3050000071525574,0.23250000178813934,0.1899999976158142,0.16249999403953552,0.14249999821186066,0.1274999976158142,0.11749999970197678,0.10750000178813934,0.10249999910593033
1785945682351749839,-0.023652000352740288,0.0379631407558918,0.11283314228057861,0.003319457871839404,0.1445428729057312,0.077214814722538,-9.699921793071553e-05,-0.07150223106145859,0.08250000327825546,0.08749999850988388,0.0925000011920929,0.10000000149011612,0.10999999940395355,0.125,0.14249999821186066,0.16750000417232513,0.20999999344348907,0.2775000035762787,0.4325000047683716,0.4724999964237213,0.4724999964237213,0.4724999964237213,0.45249998569488525,0.3174999952316284,0.24250000715255737,0.19750000536441803,0.16750000417232513,0.14749999344348907,0.13249999284744263,0.11999999731779099,0.11249999701976776,0.10499999672174454
1785945682446450562,-0.023652000352740288,0.0379631407558918,0.10550215095281601,0.005139546934515238,0.16255387663841248,0.07539544999599457,-9.796443191589788e-05,-0.07150417566299438,0.08250000327825546,0.08749999850988388,0.0925000011920929,0.10000000149011612,0.10999999940395355,0.125,0.14249999821186066,0.16750000417232513,0.20999999344348907,0.2775000035762787,0.4325000047683716,0.4724999964237213,0.4724999964237213,0.4724999964237213,0.45249998569488525,0.3174999952316284,0.24250000715255737,0.19750000536441803,0.16750000417232513,0.14749999344348907,0.13249999284744263,0.11999999731779099,0.11249999701976776,0.10499999672174454
1785945682546869569,-0.023652000352740288,0.038369253277778625,0.10509736835956573,0.005351999308913946,0.17868883907794952,0.07559069991111755,-0.00010267674952046946,-0.07149901986122131,0.08250000327825546,0.08749999850988388,0.0925000011920929,0.10000000149011612,0.10999999940395355,0.125,0.14249999821186066,0.16750000417232513,0.20749999582767487,0.2775000035762787,0.4325000047683716,0.4724999964237213,0.4724999964237213,0.4724999964237213,0.45249998569488525,0.3174999952316284,0.24250000715255737,0.19750000536441803,0.16750000417232513,0.14749999344348907,0.13249999284744263,0.11999999731779099,0.11249999701976776,0.10499999672174454
1785945682646742991,-0.023652000352740288,0.04237886145710945,0.10612794011831284,0.006694103125482798,0.19214844703674316,0.07825633883476257,-0.00010334040416637436,-0.07150518149137497,0.08250000327825546,0.08749999850988388,0.0925000011920929,0.10000000149011612,0.10999999940395355,0.12250000238418579,0.14249999821186066,0.16750000417232513,0.20749999582767487,0.27250000834465027,0.42250001430511475,0.4724999964237213,0.4724999964237213,0.4724999964237213,0.46000000834465027,0.32249999046325684,0.24500000476837158,0.20000000298023224,0.17000000178813934,0.14749999344348907,0.13249999284744263,0.11999999731779099,0.11249999701976776,0.10499999672174454
1785945682746617629,-0.023652000352740288,0.04237886145710945,0.11369852721691132,0.007923858240246773,0.21292957663536072,0.07702723145484924,-9.532996045891196e-05,-0.07149868458509445,0.08250000327825546,0.08749999850988388,0.0925000011920929,0.10000000149011612,0.10999999940395355,0.12250000238418579,0.14249999821186066,0.16750000417232513,0.20749999582767487,0.27250000834465027,0.42250001430511475,0.4724999964237213,0.4724999964237213,0.4724999964237213,0.46000000834465027,0.32249999046325684,0.24500000476837158,0.20000000298023224,0.17000000178813934,0.14749999344348907,0.13249999284744263,0.11999999731779099,0.11249999701976776,0.10499999672174454
1785945682847975384,-0.023652000352740288,0.04171702265739441,0.11611039191484451,0.008416174910962582,0.21569760143756866,0.07587173581123352,-0.0001000775009742938,-0.07150246948003769,0.08250000327825546,0.08749999850988388,0.0925000011920929,0.10000000149011612,0.10999999940395355,0.12250000238418579,0.14249999821186066,0.16750000417232513,0.20749999582767487,0.27250000834465027,0.42500001192092896,0.4724999964237213,0.4724999964237213,0.4724999964237213,0.46000000834465027,0.3199999928474426,0.24500000476837158,0.19750000536441803,0.16750000417232513,0.14749999344348907,0.13249999284744263,0.11999999731779099,0.11249999701976776,0.10499999672174454
1785945682947293461,-0.023652000352740288,0.041066598147153854,0.12271179258823395,0.008399833925068378,0.2269052416086197,0.07523973286151886,-9.9740776931867e-05,-0.07150345295667648,0.08250000327825546,0.08749999850988388,0.0925000011920929,0.10000000149011612,0.10999999940395355,0.125,0.14249999821186066,0.16750000417232513,0.20749999582767487,0.2750000059604645,0.42500001192092896,0.4724999964237213,0.4724999964237213,0.4724999964237213,0.46000000834465027,0.3199999928474426,0.24500000476837158,0.19750000536441803,0.16750000417232513,0.14749999344348907,0.13249999284744263,0.11999999731779099,0.11249999701976776,0.10499999672174454
1785945683048590222,-0.024309000000357628,0.041066598147153854,0.12384651601314545,0.008745061233639717,0.22835011780261993,0.07489366829395294,-0.00010010937694460154,-0.07150436192750931,0.08250000327825546,0.08749999850988388,0.0925000011920929,0.10000000149011612,0.10999999940395355,0.125,0.14249999821186066,0.16750000417232513,0.20749999582767487,0.2750000059604645,0.42500001192092896,0.4724999964237213,0.4724999964237213,0.4724999964237213,0.46000000834465027,0.3199999928474426,0.24500000476837158,0.19750000536441803,0.16750000417232513,0.14749999344348907,0.13249999284744263,0.11999999731779099,0.11249999701976776,0.10499999672174454
1785945683146303996,-0.024309000000357628,0.04689537733793259,0.12952478229999542,0.00890442356467247,0.24451296031475067,0.08056257665157318,-9.592170681571588e-05,-0.07150175422430038,0.08250000327825546,0.08749999850988388,0.0925000011920929,0.10000000149011612,0.10999999940395355,0.12250000238418579,0.14000000059604645,0.16500000655651093,0.20499999821186066,0.26750001311302185,0.4124999940395355,0.4724999964237213,0.4724999964237213,0.4724999964237213,0.46000000834465027,0.32749998569488525,0.2475000023841858,0.20000000298023224,0.17000000178813934,0.14749999344348907,0.13249999284744263,0.11999999731779099,0.11249999701976776,0.10499999672174454
1785945683247371918,-0.024309000000357628,0.044474489986896515,0.13094304502010345,0.008824742399156094,0.2434682697057724,0.07822161912918091,-0.00010032387945102528,-0.0715000331401825,0.08250000327825546,0.08749999850988388,0.0925000011920929,0.10000000149011612,0.10999999940395355,0.12250000238418579,0.14000000059604645,0.16750000417232513,0.20499999821186066,0.27000001072883606,0.41749998927116394,0.4724999964237213,0.4724999964237213,0.4724999964237213,0.46000000834465027,0.32499998807907104,0.24500000476837158,0.20000000298023224,0.17000000178813934,0.14749999344348907,0.13249999284744263,0.11999999731779099,0.11249999701976776,0.10499999672174454
1785945683346458116,-0.023652000352740288,0.046775415539741516,0.13254518806934357,0.00874914601445198,0.24881866574287415,0.08059832453727722,-0.00010011180711444467,-0.07150253653526306,0.08250000327825546,0.08749999850988388,0.0925000011920929,0.10000000149011612,0.10999999940395355,0.12250000238418579,0.14000000059604645,0.16500000655651093,0.20499999821186066,0.27000001072883606,0.4124999940395355,0.4724999964237213,0.4724999964237213,0.4724999964237213,0.46000000834465027,0.32749998569488525,0.2475000023841858,0.20000000298023224,0.17000000178813934,0.14749999344348907,0.13249999284744263,0.11999999731779099,0.11249999701976776,0.10499999672174454
1785945683446107052,-0.024309000000357628,0.046775415539741516,0.13405415415763855,0.008702182210981846,0.25087323784828186,0.08064545691013336,-0.00010008381650550291,-0.0715041533112526,0.08250000327825546,0.08749999850988388,0.0925000011920929,0.10000000149011612,0.10999999940395355,0.12250000238418579,0.14000000059604645,0.16500000655651093,0.20499999821186066,0.27000001072883606,0.4124999940395355,0.4724999964237213,0.4724999964237213,0.4724999964237213,0.46000000834465027,0.32749998569488525,0.2475000023841858,0.20000000298023224,0.17000000178813934,0.14749999344348907,0.13249999284744263,0.11999999731779099,0.11249999701976776,0.10499999672174454
1785945683547776912,-0.024309000000357628,0.04688681289553642,0.13632507622241974,0.00896364264190197,0.25356268882751465,0.08049467206001282,-0.00010040788038168103,-0.07150334119796753,0.08250000327825546,0.08749999850988388,0.0925000011920929,0.10000000149011612,0.10999999940395355,0.12250000238418579,0.14000000059604645,0.16500000655651093,0.20499999821186066,0.26750001311302185,0.4124999940395355,0.4724999964237213,0.4724999964237213,0.4724999964237213,0.46000000834465027,0.32749998569488525,0.2475000023841858,0.20000000298023224,0.17000000178813934,0.14749999344348907,0.13249999284744263,0.11999999731779099,0.11249999701976776,0.10499999672174454
1785945683648279633,-0.024309000000357628,0.04571603238582611,0.13829874992370605,0.009108709171414375,0.25247249007225037,0.08312390744686127,0.0002388544089626521,-0.06445414572954178,0.08250000327825546,0.08749999850988388,0.0925000011920929,0.10000000149011612,0.10999999940395355,0.12250000238418579,0.14000000059604645,0.16500000655651093,0.20499999821186066,0.27000001072883606,0.41499999165534973,0.4724999964237213,0.4724999964237213,0.4724999964237213,0.46000000834465027,0.32499998807907104,0.2475000023841858,0.20000000298023224,0.17000000178813934,0.14749999344348907,0.13249999284744263,0.11999999731779099,0.11249999701976776,0.10499999672174454
1785945683747092703,-0.023652000352740288,0.04571603238582611,0.13829874992370605,0.009108709171414375,0.25247249007225037,0.08312390744686127,0.0002388544089626521,-0.06445414572954178,0.08250000327825546,0.08749999850988388,0.0925000011920929,0.10000000149011612,0.10999999940395355,0.12250000238418579,0.14000000059604645,0.16500000655651093,0.20499999821186066,0.27000001072883606,0.41499999165534973,0.4724999964237213,0.4724999964237213,0.4724999964237213,0.46000000834465027,0.32499998807907104,0.2475000023841858,0.20000000298023224,0.17000000178813934,0.14749999344348907,0.13249999284744263,0.11999999731779099,0.11249999701976776,0.10499999672174454
1785945683846153365,-0.023652000352740288,0.0479825884103775,0.1439908891916275,0.00947436224669218,0.24643562734127045,0.08502405881881714,0.00023420540674123913,-0.06446460634469986,0.08250000327825546,0.08749999850988388,0.0925000011920929,0.10000000149011612,0.10999999940395355,0.12250000238418579,0.14000000059604645,0.16500000655651093,0.20250000059604645,0.26750001311302185,0.4099999964237213,0.4724999964237213,0.4724999964237213,0.4724999964237213,0.4625000059604645,0.32749998569488525,0.2475000023841858,0.20000000298023224,0.17000000178813934,0.15000000596046448,0.13249999284744263,0.12250000238418579,0.11249999701976776,0.10499999672174454
1785945683947664180,-0.023652000352740288,0.0479825884103775,0.1439908891916275,0.00947436224669218,0.24643562734127045,0.08502405881881714,0.00023420540674123913,-0.06446460634469986,0.08250000327825546,0.08749999850988388,0.0925000011920929,0.10000000149011612,0.10999999940395355,0.12250000238418579,0.14000000059604645,0.16500000655651093,0.20250000059604645,0.26750001311302185,0.4099999964237213,0.4724999964237213,0.4724999964237213,0.4724999964237213,0.4625000059604645,0.32749998569488525,0.2475000023841858,0.20000000298023224,0.17000000178813934,0.15000000596046448,0.13249999284744263,0.12250000238418579,0.11249999701976776,0.10499999672174454
1785945684047677799,-0.023652000352740288,0.04600614309310913,0.1461787223815918,0.009664327837526798,0.24145716428756714,0.08285516500473022,0.00023881283414084464,-0.06445715576410294,0.08250000327825546,0.08749999850988388,0.0925000011920929,0.10000000149011612,0.10999999940395355,0.12250000238418579,0.14000000059604645,0.16500000655651093,0.20499999821186066,0.27000001072883606,0.41499999165534973,0.4724999964237213,0.4724999964237213,0.4724999964237213,0.46000000834465027,0.32499998807907104,0.2475000023841858,0.20000000298023224,0.17000000178813934,0.14749999344348907,0.13249999284744263,0.11999999731779099,0.11249999701976776,0.10499999672174454
1785945684162015782,-0.024309000000357628,0.04558287188410759,0.14801539480686188,0.00977056473493576,0.23854811489582062,0.08232756704092026,0.0002388040447840467,-0.06446126103401184,0.08250000327825546,0.08749999850988388,0.0925000011920929,0.10000000149011612,0.10999999940395355,0.12250000238418579,0.14000000059604645,0.16500000655651093,0.20499999821186066,0.27000001072883606,0.41499999165534973,0.4724999964237213,0.4724999964237213,0.4724999964237213,0.46000000834465027,0.32499998807907104,0.2475000023841858,0.20000000298023224,0.17000000178813934,0.14749999344348907,0.13249999284744263,0.11999999731779099,0.11249999701976776,0.10499999672174454
1785945684248399936,-0.023652000352740288,0.04558287188410759,0.14801539480686188,0.00977056473493576,0.23854811489582062,0.08232756704092026,0.0002388040447840467,-0.06446126103401184,0.08250000327825546,0.08749999850988388,0.0925000011920929,0.10000000149011612,0.10999999940395355,0.12250000238418579,0.14000000059604645,0.16500000655651093,0.20499999821186066,0.27000001072883606,0.41499999165534973,0.4724999964237213,0.4724999964237213,0.4724999964237213,0.46000000834465027,0.32499998807907104,0.2475000023841858,0.20000000298023224,0.17000000178813934,0.14749999344348907,0.13249999284744263,0.11999999731779099,0.11249999701976776,0.10499999672174454
1785945684346344213,-0.024309000000357628,0.04737347364425659,0.15146192908287048,0.009725626558065414,0.23584702610969543,0.08416314423084259,0.00023845826217439026,-0.0644533559679985,0.08250000327825546,0.08749999850988388,0.0925000011920929,0.10000000149011612,0.10999999940395355,0.12250000238418579,0.14000000059604645,0.16500000655651093,0.20499999821186066,0.26750001311302185,0.4099999964237213,0.4724999964237213,0.4724999964237213,0.4724999964237213,0.4625000059604645,0.32749998569488525,0.2475000023841858,0.20000000298023224,0.17000000178813934,0.14749999344348907,0.13249999284744263,0.11999999731779099,0.11249999701976776,0.10499999672174454
1785945684447909974,-0.023652000352740288,0.04941144585609436,0.15146192908287048,0.009725626558065414,0.23789045214653015,0.08620111644268036,0.00023845826217439026,-0.0644533559679985,0.08250000327825546,0.08749999850988388,0.0925000011920929,0.10000000149011612,0.10999999940395355,0.12250000238418579,0.14000000059604645,0.16500000655651093,0.20250000059604645,0.26750001311302185,0.39250001311302185,0.4724999964237213,0.4724999964237213,0.4724999964237213,0.4675000011920929,0.33000001311302185,0.25,0.20250000059604645,0.17000000178813934,0.15000000596046448,0.13249999284744263,0.12250000238418579,0.11249999701976776,0.10499999672174454
1785945684547825125,-0.023652000352740288,0.04941144585609436,0.15146192908287048,0.009725626558065414,0.23789045214653015,0.08620111644268036,0.00023845826217439026,-0.0644533559679985,0.08250000327825546,0.08749999850988388,0.0925000011920929,0.10000000149011612,0.10999999940395355,0.12250000238418579,0.14000000059604645,0.16500000655651093,0.20250000059604645,0.26750001311302185,0.39250001311302185,0.4724999964237213,0.4724999964237213,0.4724999964237213,0.4675000011920929,0.33000001311302185,0.25,0.20250000059604645,0.17000000178813934,0.15000000596046448,0.13249999284744263,0.12250000238418579,0.11249999701976776,0.10499999672174454
1785945684646418605,-0.024309000000357628,0.048997052013874054,0.1546044945716858,0.00982571579515934,0.23339489102363586,0.08568648248910904,0.00023862437228672206,-0.06446370482444763,0.08250000327825546,0.08749999850988388,0.0925000011920929,0.10000000149011612,0.10999999940395355,0.12250000238418579,0.14000000059604645,0.16500000655651093,0.20250000059604645,0.26750001311302185,0.39500001072883606,0.4724999964237213,0.4724999964237213,0.4724999964237213,0.4650000035762787,0.33000001311302185,0.25,0.20250000059604645,0.17000000178813934,0.15000000596046448,0.13249999284744263,0.12250000238418579,0.11249999701976776,0.10499999672174454
1785945684748366201,-0.023652000352740288,0.048997052013874054,0.1546044945716858,0.00982571579515934,0.23339489102363586,0.08568648248910904,0.00023862437228672206,-0.06446370482444763,0.08250000327825546,0.08749999850988388,0.0925000011920929,0.10000000149011612,0.10999999940395355,0.12250000238418579,0.14000000059604645,0.16500000655651093,0.20250000059604645,0.26750001311302185,0.39500001072883606,0.4724999964237213,0.4724999964237213,0.4724999964237213,0.4650000035762787,0.33000001311302185,0.25,0.20250000059604645,0.17000000178813934,0.15000000596046448,0.13249999284744263,0.12250000238418579,0.11249999701976776,0.10499999672174454
1785945684853426275,-0.023652000352740288,0.04653744027018547,0.15529727935791016,0.009202651679515839,0.23073755204677582,0.08385114371776581,0.00023422895174007863,-0.06445899605751038,0.08250000327825546,0.08749999850988388,0.0925000011920929,0.10000000149011612,0.10999999940395355,0.12250000238418579,0.14000000059604645,0.16500000655651093,0.20499999821186066,0.27000001072883606,0.4124999940395355,0.4724999964237213,0.4724999964237213,0.4724999964237213,0.46000000834465027,0.32749998569488525,0.2475000023841858,0.20000000298023224,0.17000000178813934,0.14749999344348907,0.13249999284744263,0.11999999731779099,0.11249999701976776,0.10499999672174454
1785945684949093107,-0.023652000352740288,0.048833079636096954,0.15584462881088257,0.008859467692673206,0.2327899932861328,0.08649071305990219,0.00023442514066118747,-0.06445769965648651,0.08250000327825546,0.08749999850988388,0.0925000011920929,0.10000000149011612,0.10999999940395355,0.12250000238418579,0.14000000059604645,0.16500000655651093,0.20250000059604645,0.26750001311302185,0.39500001072883606,0.4724999964237213,0.4724999964237213,0.4724999964237213,0.4650000035762787,0.33000001311302185,0.25,0.20250000059604645,0.17000000178813934,0.15000000596046448,0.13249999284744263,0.12250000238418579,0.11249999701976776,0.10499999672174454
1785945685046751807,-0.023652000352740288,0.048833079636096954,0.15584462881088257,0.008859467692673206,0.2327899932861328,0.08649071305990219,0.00023442514066118747,-0.06445769965648651,0.08250000327825546,0.08749999850988388,0.0925000011920929,0.10000000149011612,0.10999999940395355,0.12250000238418579,0.14000000059604645,0.16500000655651093,0.20250000059604645,0.26750001311302185,0.39500001072883606,0.4724999964237213,0.4724999964237213,0.4724999964237213,0.4650000035762787,0.33000001311302185,0.25,0.20250000059604645,0.17000000178813934,0.15000000596046448,0.13249999284744263,0.12250000238418579,0.11249999701976776,0.10499999672174454
1785945685147613163,-0.023652000352740288,0.04724140092730522,0.15475942194461823,0.008757335133850574,0.23270709812641144,0.08499935269355774,0.0002342666412005201,-0.06446084380149841,0.08250000327825546,0.08749999850988388,0.0925000011920929,0.10000000149011612,0.10999999940395355,0.12250000238418579,0.14000000059604645,0.16500000655651093,0.20499999821186066,0.26750001311302185,0.4124999940395355,0.4724999964237213,0.4724999964237213,0.4724999964237213,0.46000000834465027,0.32749998569488525,0.2475000023841858,0.20000000298023224,0.17000000178813934,0.14749999344348907,0.13249999284744263,0.11999999731779099,0.11249999701976776,0.10499999672174454
1785945685247804419,-0.023652000352740288,0.044884052127599716,0.15475942194461823,0.008757335133850574,0.2303822636604309,0.08264200389385223,0.0002342666412005201,-0.06446084380149841,0.08250000327825546,0.08749999850988388,0.0925000011920929,0.10000000149011612,0.10999999940395355,0.12250000238418579,0.14000000059604645,0.16750000417232513,0.20499999821186066,0.27000001072883606,0.41749998927116394,0.4724999964237213,0.4724999964237213,0.4724999964237213,0.46000000834465027,0.32499998807907104,0.2475000023841858,0.20000000298023224,0.17000000178813934,0.14749999344348907,0.13249999284744263,0.11999999731779099,0.11249999701976776,0.10499999672174454
1785945685347048158,-0.023652000352740288,0.04906373471021652,0.1550023853778839,0.008569392375648022,0.2346184402704239,0.087009958922863,0.00023873044119682163,-0.06446091085672379,0.08250000327825546,0.08749999850988388,0.0925000011920929,0.10000000149011612,0.10999999940395355,0.12250000238418579,0.14000000059604645,0.16500000655651093,0.20250000059604645,0.26750001311302185,0.39500001072883606,0.4724999964237213,0.4724999964237213,0.4724999964237213,0.4650000035762787,0.33000001311302185,0.25,0.20250000059604645,0.17000000178813934,0.15000000596046448,0.13249999284744263,0.12250000238418579,0.11249999701976776,0.10499999672174454
1785945685447200404,-0.023652000352740288,0.04906373471021652,0.15496927499771118,0.008569392375648022,0.2346598356962204,0.087009958922863,0.00023873044119682163,-0.06446091085672379,0.08250000327825546,0.08749999850988388,0.0925000011920929,0.10000000149011612,0.10999999940395355,0.12250000238418579,0.14000000059604645,0.16500000655651093,0.20250000059604645,0.26750001311302185,0.39500001072883606,0.4724999964237213,0.4724999964237213,0.4724999964237213,0.4650000035762787,0.33000001311302185,0.25,0.20250000059604645,0.17000000178813934,0.15000000596046448,0.13249999284744263,0.12250000238418579,0.11249999701976776,0.10499999672174454
1785945685548929946,-0.024309000000357628,0.04667595401406288,0.1544070690870285,0.008595929481089115,0.2328917682170868,0.08459553122520447,0.00023889372823759913,-0.06446097046136856,0.08250000327825546,0.08749999850988388,0.0925000011920929,0.10000000149011612,0.10999999940395355,0.12250000238418579,0.14000000059604645,0.16500000655651093,0.20499999821186066,0.27000001072883606,0.4124999940395355,0.4724999964237213,0.4724999964237213,0.4724999964237213,0.46000000834465027,0.32749998569488525,0.2475000023841858,0.20000000298023224,0.17000000178813934,0.14749999344348907,0.13249999284744263,0.11999999731779099,0.11249999701976776,0.10499999672174454
1785945685648363835,-0.023652000352740288,0.046232569962739944,0.15410633385181427,0.008612287230789661,0.23284856975078583,0.08413579314947128,0.00023872659949120134,-0.06446072459220886,0.08250000327825546,0.08749999850988388,0.0925000011920929,0.10000000149011612,0.10999999940395355,0.12250000238418579,0.14000000059604645,0.16500000655651093,0.20499999821186066,0.27000001072883606,0.41499999165534973,0.4724999964237213,0.4724999964237213,0.4724999964237213,0.46000000834465027,0.32749998569488525,0.2475000023841858,0.20000000298023224,0.17000000178813934,0.14749999344348907,0.13249999284744263,0.11999999731779099,0.11249999701976776,0.10499999672174454
1785945685746425299,-0.023652000352740288,0.046232569962739944,0.15296080708503723,0.008442729711532593,0.2344963401556015,0.08430363237857819,0.00023890462762210518,-0.06445955485105515,0.08250000327825546,0.08749999850988388,0.0925000011920929,0.10000000149011612,0.10999999940395355,0.12250000238418579,0.14000000059604645,0.16500000655651093,0.20499999821186066,0.27000001072883606,0.41499999165534973,0.4724999964237213,0.4724999964237213,0.4724999964237213,0.46000000834465027,0.32749998569488525,0.2475000023841858,0.20000000298023224,0.17000000178813934,0.14749999344348907,0.13249999284744263,0.11999999731779099,0.11249999701976776,0.10499999672174454
1785945685846905524,-0.023652000352740288,0.04720950871706009,0.15201352536678314,0.008348766714334488,0.23678851127624512,0.08537475019693375,0.00023430056171491742,-0.0644616112112999,0.08250000327825546,0.08749999850988388,0.0925000011920929,0.10000000149011612,0.10999999940395355,0.12250000238418579,0.14000000059604645,0.16500000655651093,0.20499999821186066,0.26750001311302185,0.4124999940395355,0.4724999964237213,0.4724999964237213,0.4724999964237213,0.46000000834465027,0.32749998569488525,0.2475000023841858,0.20000000298023224,0.17000000178813934,0.14749999344348907,0.13249999284744263,0.11999999731779099,0.11249999701976776,0.10499999672174454
1785945685947112716,-0.023652000352740288,0.048223789781332016,0.15201352536678314,0.008348766714334488,0.23782414197921753,0.08638903498649597,0.00023430056171491742,-0.0644616112112999,0.08250000327825546,0.08749999850988388,0.0925000011920929,0.10000000149011612,0.10999999940395355,0.12250000238418579,0.14000000059604645,0.16500000655651093,0.20250000059604645,0.26750001311302185,0.39500001072883606,0.4724999964237213,0.4724999964237213,0.4724999964237213,0.4625000059604645,0.32749998569488525,0.2475000023841858,0.20250000059604645,0.17000000178813934,0.15000000596046448,0.13249999284744263,0.12250000238418579,0.11249999701976776,0.10499999672174454
1785945686045896377,-0.023652000352740288,0.048223789781332016,0.15039898455142975,0.008593903854489326,0.23966318368911743,0.08614541590213776,0.00023872814199421555,-0.06446394324302673,0.08250000327825546,0.08749999850988388,0.0925000011920929,0.10000000149011612,0.10999999940395355,0.12250000238418579,0.14000000059604645,0.16500000655651093,0.20250000059604645,0.26750001311302185,0.39500001072883606,0.4724999964237213,0.4724999964237213,0.4724999964237213,0.4625000059604645,0.32749998569488525,0.2475000023841858,0.20250000059604645,0.17000000178813934,0.15000000596046448,0.13249999284744263,0.12250000238418579,0.11249999701976776,0.10499999672174454
1785945686146345113,-0.023652000352740288,0.04757387563586235,0.15039898455142975,0.008593903854489326,0.23900821805000305,0.08549550175666809,0.00023872814199421555,-0.06446394324302673,0.08250000327825546,0.08749999850988388,0.0925000011920929,0.10000000149011612,0.10999999940395355,0.12250000238418579,0.14000000059604645,0.16500000655651093,0.20250000059604645,0.26750001311302185,0.4099999964237213,0.4724999964237213,0.4724999964237213,0.4724999964237213,0.4625000059604645,0.32749998569488525,0.2475000023841858,0.20000000298023224,0.17000000178813934,0.14749999344348907,0.13249999284744263,0.11999999731779099,0.11249999701976776,0.10499999672174454
1785945686248600750,-0.023652000352740288,0.044922471046447754,0.14996565878391266,0.00862862914800644,0.23704080283641815,0.08280934393405914,0.00023444266116712242,-0.06445659697055817,0.08250000327825546,0.08749999850988388,0.0925000011920929,0.10000000149011612,0.10999999940395355,0.12250000238418579,0.14000000059604645,0.16750000417232513,0.20499999821186066,0.27000001072883606,0.41749998927116394,0.4724999964237213,0.4724999964237213,0.4724999964237213,0.46000000834465027,0.32499998807907104,0.2475000023841858,0.20000000298023224,0.17000000178813934,0.14749999344348907,0.13249999284744263,0.11999999731779099,0.11249999701976776,0.10499999672174454
1785945686346422015,-0.023652000352740288,0.04767875373363495,0.14996565878391266,0.00862862914800644,0.23968727886676788,0.08556562662124634,0.00023444266116712242,-0.06445659697055817,0.08250000327825546,0.08749999850988388,0.0925000011920929,0.10000000149011612,0.10999999940395355,0.12250000238418579,0.14000000059604645,0.16500000655651093,0.20250000059604645,0.26750001311302185,0.4099999964237213,0.4724999964237213,0.4724999964237213,0.4724999964237213,0.4625000059604645,0.32749998569488525,0.2475000023841858,0.20000000298023224,0.17000000178813934,0.14749999344348907,0.13249999284744263,0.11999999731779099,0.11249999701976776,0.10499999672174454
1785945686447539443,-0.023652000352740288,0.04767875373363495,0.1498599350452423,0.008828828111290932,0.23961590230464935,0.08536508679389954,0.0002342599182156846,-0.06445194780826569,0.08250000327825546,0.08749999850988388,0.0925000011920929,0.10000000149011612,0.10999999940395355,0.12250000238418579,0.14000000059604645,0.16500000655651093,0.20250000059604645,0.26750001311302185,0.4099999964237213,0.4724999964237213,0.4724999964237213,0.4724999964237213,0.4625000059604645,0.32749998569488525,0.2475000023841858,0.20000000298023224,0.17000000178813934,0.14749999344348907,0.13249999284744263,0.11999999731779099,0.11249999701976776,0.10499999672174454
1785945686546400578,-0.023652000352740288,0.04598677530884743,0.1497742235660553,0.00895138643682003,0.23797740042209625,0.08355015516281128,0.00022980206995271146,-0.06445769965648651,0.08250000327825546,0.08749999850988388,0.0925000011920929,0.10000000149011612,0.10999999940395355,0.12250000238418579,0.14000000059604645,0.16500000655651093,0.20499999821186066,0.27000001072883606,0.41499999165534973,0.4724999964237213,0.4724999964237213,0.4724999964237213,0.46000000834465027,0.32499998807907104,0.2475000023841858,0.20000000298023224,0.17000000178813934,0.14749999344348907,0.13249999284744263,0.11999999731779099,0.11249999701976776,0.10499999672174454
1785945686648135144,-0.023652000352740288,0.04511420801281929,0.1497742235660553,0.00895138643682003,0.2371671497821808,0.08267758786678314,0.00022980206995271146,-0.06445769965648651,0.08250000327825546,0.08749999850988388,0.0925000011920929,0.10000000149011612,0.10999999940395355,0.12250000238418579,0.14000000059604645,0.16750000417232513,0.20499999821186066,0.27000001072883606,0.41749998927116394,0.4724999964237213,0.4724999964237213,0.4724999964237213,0.46000000834465027,0.32499998807907104,0.2475000023841858,0.20000000298023224,0.17000000178813934,0.14749999344348907,0.13249999284744263,0.11999999731779099,0.11249999701976776,0.10499999672174454
1785945686746541131,-0.023652000352740288,0.04511420801281929,0.1485716551542282,0.008348766714334488,0.23923201858997345,0.08327937126159668,0.00023874903854448348,-0.06445871293544769,0.08250000327825546,0.08749999850988388,0.0925000011920929,0.10000000149011612,0.10999999940395355,0.12250000238418579,0.14000000059604645,0.16750000417232513,0.20499999821186066,0.27000001072883606,0.41749998927116394,0.4724999964237213,0.4724999964237213,0.4724999964237213,0.46000000834465027,0.32499998807907104,0.2475000023841858,0.20000000298023224,0.17000000178813934,0.14749999344348907,0.13249999284744263,0.11999999731779099,0.11249999701976776,0.10499999672174454
1785945686846894151,-0.023652000352740288,0.0488983690738678,0.1485716551542282,0.008348766714334488,0.24294759333133698,0.08706353604793549,0.00023874903854448348,-0.06445871293544769,0.08250000327825546,0.08749999850988388,0.0925000011920929,0.10000000149011612,0.10999999940395355,0.12250000238418579,0.14000000059604645,0.16500000655651093,0.20250000059604645,0.26750001311302185,0.39500001072883606,0.4724999964237213,0.4724999964237213,0.4724999964237213,0.4650000035762787,0.33000001311302185,0.25,0.20250000059604645,0.17000000178813934,0.15000000596046448,0.13249999284744263,0.12250000238418579,0.11249999701976776,0.10499999672174454
1785945686946934682,-0.023652000352740288,0.04740022122859955,0.1484287828207016,0.008522409945726395,0.2415151298046112,0.08539149165153503,0.00023412128211930394,-0.06445540487766266,0.08250000327825546,0.08749999850988388,0.0925000011920929,0.10000000149011612,0.10999999940395355,0.12250000238418579,0.14000000059604645,0.16500000655651093,0.20499999821186066,0.26750001311302185,0.4099999964237213,0.4724999964237213,0.4724999964237213,0.4724999964237213,0.4625000059604645,0.32749998569488525,0.2475000023841858,0.20000000298023224,0.17000000178813934,0.14749999344348907,0.13249999284744263,0.11999999731779099,0.11249999701976776,0.10499999672174454
1785945687046145781,-0.023652000352740288,0.04637511819601059,0.1484287828207016,0.008522409945726395,0.24051977694034576,0.08436638861894608,0.00023412128211930394,-0.06445540487766266,0.08250000327825546,0.08749999850988388,0.0925000011920929,0.10000000149011612,0.10999999940395355,0.12250000238418579,0.14000000059604645,0.16500000655651093,0.20499999821186066,0.27000001072883606,0.4124999940395355,0.4724999964237213,0.4724999964237213,0.4724999964237213,0.46000000834465027,0.32749998569488525,0.2475000023841858,0.20000000298023224,0.17000000178813934,0.14749999344348907,0.13249999284744263,0.11999999731779099,0.11249999701976776,0.10499999672174454
1785945687148036095,-0.023652000352740288,0.04637511819601059,0.14849458634853363,0.008363066241145134,0.24058765172958374,0.08452801406383514,0.00022985113901086152,-0.06445850431919098,0.08250000327825546,0.08749999850988388,0.0925000011920929,0.10000000149011612,0.10999999940395355,0.12250000238418579,0.14000000059604645,0.16500000655651093,0.20499999821186066,0.27000001072883606,0.4124999940395355,0.4724999964237213,0.4724999964237213,0.4724999964237213,0.46000000834465027,0.32749998569488525,0.2475000023841858,0.20000000298023224,0.17000000178813934,0.14749999344348907,0.13249999284744263,0.11999999731779099,0.11249999701976776,0.10499999672174454
1785945687246147833,-0.023652000352740288,0.046744123101234436,0.14849458634853363,0.008363066241145134,0.24094507098197937,0.08489702641963959,0.00022985113901086152,-0.06445850431919098,0.08250000327825546,0.08749999850988388,0.0925000011920929,0.10000000149011612,0.10999999940395355,0.12250000238418579,0.14000000059604645,0.16500000655651093,0.20499999821186066,0.27000001072883606,0.4124999940395355,0.4724999964237213,0.4724999964237213,0.4724999964237213,0.46000000834465027,0.32749998569488525,0.2475000023841858,0.20000000298023224,0.17000000178813934,0.14749999344348907,0.13249999284744263,0.11999999731779099,0.11249999701976776,0.10499999672174454
1785945687347259404,-0.024309000000357628,0.04642999917268753,0.14794038236141205,0.008068887516856194,0.2415914535522461,0.08487565815448761,0.0002387731510680169,-0.0644550696015358,0.08250000327825546,0.08749999850988388,0.0925000011920929,0.10000000149011612,0.10999999940395355,0.12250000238418579,0.14000000059604645,0.16500000655651093,0.20499999821186066,0.27000001072883606,0.4124999940395355,0.4724999964237213,0.4724999964237213,0.4724999964237213,0.46000000834465027,0.32749998569488525,0.2475000023841858,0.20000000298023224,0.17000000178813934,0.14749999344348907,0.13249999284744263,0.11999999731779099,0.11249999701976776,0.10499999672174454
1785945687446767151,-0.023652000352740288,0.04642999917268753,0.1474582552909851,0.007899362593889236,0.24231524765491486,0.08504758775234222,0.00023418093041982502,-0.06446263194084167,0.08250000327825546,0.08749999850988388,0.0925000011920929,0.10000000149011612,0.10999999940395355,0.12250000238418579,0.14000000059604645,0.16500000655651093,0.20499999821186066,0.27000001072883606,0.4124999940395355,0.4724999964237213,0.4724999964237213,0.4724999964237213,0.46000000834465027,0.32749998569488525,0.2475000023841858,0.20000000298023224,0.17000000178813934,0.14749999344348907,0.13249999284744263,0.11999999731779099,0.11249999701976776,0.10499999672174454
1785945687550575123,-0.023652000352740288,0.046954624354839325,0.1471266895532608,0.008028050884604454,0.24315541982650757,0.0854412391781807,0.00024338405637536198,-0.06445521861314774,0.08250000327825546,0.08749999850988388,0.0925000011920929,0.10000000149011612,0.10999999940395355,0.12250000238418579,0.14000000059604645,0.16500000655651093,0.20499999821186066,0.26750001311302185,0.4124999940395355,0.4724999964237213,0.4724999964237213,0.4724999964237213,0.46000000834465027,0.32749998569488525,0.2475000023841858,0.20000000298023224,0.17000000178813934,0.14749999344348907,0.13249999284744263,0.11999999731779099,0.11249999701976776,0.10499999672174454
1785945687646480331,-0.024309000000357628,0.04690481722354889,0.14685434103012085,0.008103630505502224,0.2434142380952835,0.0853176862001419,0.00023876989143900573,-0.06445731967687607,0.08250000327825546,0.08749999850988388,0.0925000011920929,0.10000000149011612,0.10999999940395355,0.12250000238418579,0.14000000059604645,0.16500000655651093,0.20499999821186066,0.26750001311302185,0.4124999940395355,0.4724999964237213,0.4724999964237213,0.4724999964237213,0.46000000834465027,0.32749998569488525,0.2475000023841858,0.20000000298023224,0.17000000178813934,0.14749999344348907,0.13249999284744263,0.11999999731779099,0.11249999701976776,0.10499999672174454
1785945687749603386,-0.024309000000357628,0.048045117408037186,0.14685434103012085,0.008103630505502224,0.2445461004972458,0.0864579901099205,0.00023876989143900573,-0.06445731967687607,0.08250000327825546,0.08749999850988388,0.0925000011920929,0.10000000149011612,0.10999999940395355,0.12250000238418579,0.14000000059604645,0.16500000655651093,0.20250000059604645,0.26750001311302185,0.39500001072883606,0.4724999964237213,0.4724999964237213,0.4724999964237213,0.4625000059604645,0.32749998569488525,0.2475000023841858,0.20250000059604645,0.17000000178813934,0.15000000596046448,0.13249999284744263,0.12250000238418579,0.11249999701976776,0.10499999672174454
1785945687846175238,-0.023652000352740288,0.048045117408037186,0.14757798612117767,0.008256830275058746,0.24345579743385315,0.08630650490522385,0.00023430936562363058,-0.06446076929569244,0.08250000327825546,0.08749999850988388,0.0925000011920929,0.10000000149011612,0.10999999940395355,0.12250000238418579,0.14000000059604645,0.16500000655651093,0.20250000059604645,0.26750001311302185,0.39500001072883606,0.4724999964237213,0.4724999964237213,0.4724999964237213,0.4625000059604645,0.32749998569488525,0.2475000023841858,0.20250000059604645,0.17000000178813934,0.15000000596046448,0.13249999284744263,0.12250000238418579,0.11249999701976776,0.10499999672174454
1785945687946848780,-0.024309000000357628,0.046791113913059235,0.14757798612117767,0.008256830275058746,0.24221423268318176,0.0850525051355362,0.00023430936562363058,-0.06446076929569244,0.08250000327825546,0.08749999850988388,0.0925000011920929,0.10000000149011612,0.10999999940395355,0.12250000238418579,0.14000000059604645,0.16500000655651093,0.20499999821186066,0.27000001072883606,0.4124999940395355,0.4724999964237213,0.4724999964237213,0.4724999964237213,0.46000000834465027,0.32749998569488525,0.2475000023841858,0.20000000298023224,0.17000000178813934,0.14749999344348907,0.13249999284744263,0.11999999731779099,0.11249999701976776,0.10499999672174454
1785945688046256972,-0.024309000000357628,0.04764034226536751,0.14624454081058502,0.0078319376334548,0.24512331187725067,0.08632348477840424,0.00023450188746210188,-0.06445980817079544,0.08250000327825546,0.08749999850988388,0.0925000011920929,0.10000000149011612,0.10999999940395355,0.12250000238418579,0.14000000059604645,0.16500000655651093,0.20250000059604645,0.26750001311302185,0.4099999964237213,0.4724999964237213,0.4724999964237213,0.4724999964237213,0.4625000059604645,0.32749998569488525,0.2475000023841858,0.20000000298023224,0.17000000178813934,0.14749999344348907,0.13249999284744263,0.11999999731779099,0.11249999701976776,0.10499999672174454
1785945688146561671,-0.023652000352740288,0.04764034226536751,0.14624454081058502,0.0078319376334548,0.24512331187725067,0.08632348477840424,0.00023450188746210188,-0.06445980817079544,0.08250000327825546,0.08749999850988388,0.0925000011920929,0.10000000149011612,0.10999999940395355,0.12250000238418579,0.14000000059604645,0.16500000655651093,0.20250000059604645,0.26750001311302185,0.4099999964237213,0.4724999964237213,0.4724999964237213,0.4724999964237213,0.4625000059604645,0.32749998569488525,0.2475000023841858,0.20000000298023224,0.17000000178813934,0.14749999344348907,0.13249999284744263,0.11999999731779099,0.11249999701976776,0.10499999672174454
1785945688247021095,-0.023652000352740288,0.04716701805591583,0.14640705287456512,0.007662380114197731,0.2445584386587143,0.08601997047662735,0.00023896437778603286,-0.06445491313934326,0.08250000327825546,0.08749999850988388,0.0925000011920929,0.10000000149011612,0.10999999940395355,0.12250000238418579,0.14000000059604645,0.16500000655651093,0.20499999821186066,0.26750001311302185,0.4124999940395355,0.4724999964237213,0.4724999964237213,0.4724999964237213,0.46000000834465027,0.32749998569488525,0.2475000023841858,0.20000000298023224,0.17000000178813934,0.14749999344348907,0.13249999284744263,0.11999999731779099,0.11249999701976776,0.10499999672174454
1785945688346037819,-0.024309000000357628,0.046884313225746155,0.14653532207012177,0.007554118055850267,0.24416226148605347,0.08584582805633545,0.00023881701054051518,-0.06445609033107758,0.08250000327825546,0.08749999850988388,0.0925000011920929,0.10000000149011612,0.10999999940395355,0.12250000238418579,0.14000000059604645,0.16500000655651093,0.20499999821186066,0.26750001311302185,0.4124999940395355,0.4724999964237213,0.4724999964237213,0.4724999964237213,0.46000000834465027,0.32749998569488525,0.2475000023841858,0.20000000298023224,0.17000000178813934,0.14749999344348907,0.13249999284744263,0.11999999731779099,0.11249999701976776,0.10499999672174454
1785945688447481241,-0.024309000000357628,0.045822497457265854,0.14653532207012177,0.007554118055850267,0.24311594665050507,0.08478401601314545,0.00023881701054051518,-0.06445609033107758,0.08250000327825546,0.08749999850988388,0.0925000011920929,0.10000000149011612,0.10999999940395355,0.12250000238418579,0.14000000059604645,0.16500000655651093,0.20499999821186066,0.27000001072883606,0.41499999165534973,0.4724999964237213,0.4724999964237213,0.4724999964237213,0.46000000834465027,0.32499998807907104,0.2475000023841858,0.20000000298023224,0.17000000178813934,0.14749999344348907,0.13249999284744263,0.11999999731779099,0.11249999701976776,0.10499999672174454
1785945688548421639,-0.024309000000357628,0.045822497457265854,0.14737309515476227,0.007903431542217731,0.24165362119674683,0.08443599194288254,0.00023862904345151037,-0.06446022540330887,0.08250000327825546,0.08749999850988388,0.0925000011920929,0.10000000149011612,0.10999999940395355,0.12250000238418579,0.14000000059604645,0.16500000655651093,0.20499999821186066,0.27000001072883606,0.41499999165534973,0.4724999964237213,0.4724999964237213,0.4724999964237213,0.46000000834465027,0.32499998807907104,0.2475000023841858,0.20000000298023224,0.17000000178813934,0.14749999344348907,0.13249999284744263,0.11999999731779099,0.11249999701976776,0.10499999672174454
1785945688648019725,-0.023652000352740288,0.04844618961215019,0.14737309515476227,0.007903431542217731,0.24427439272403717,0.08705968409776688,0.00023862904345151037,-0.06446022540330887,0.08250000327825546,0.08749999850988388,0.0925000011920929,0.10000000149011612,0.10999999940395355,0.12250000238418579,0.14000000059604645,0.16500000655651093,0.20250000059604645,0.26750001311302185,0.39500001072883606,0.4724999964237213,0.4724999964237213,0.4724999964237213,0.4650000035762787,0.33000001311302185,0.25,0.20250000059604645,0.17000000178813934,0.15000000596046448,0.13249999284744263,0.12250000238418579,0.11249999701976776,0.10499999672174454
1785945688746147367,-0.024309000000357628,0.04689104110002518,0.1472681313753128,0.007737974636256695,0.24289582669734955,0.08566828817129135,0.00023895814956631511,-0.06446277350187302,0.08250000327825546,0.08749999850988388,0.0925000011920929,0.10000000149011612,0.10999999940395355,0.12250000238418579,0.14000000059604645,0.16500000655651093,0.20499999821186066,0.26750001311302185,0.4124999940395355,0.4724999964237213,0.4724999964237213,0.4724999964237213,0.46000000834465027,0.32749998569488525,0.2475000023841858,0.20000000298023224,0.17000000178813934,0.14749999344348907,0.13249999284744263,0.11999999731779099,0.11249999701976776,0.10499999672174454
1785945688847599108,-0.024309000000357628,0.04689104110002518,0.1472681313753128,0.007737974636256695,0.24289582669734955,0.08566828817129135,0.00023895814956631511,-0.06446277350187302,0.08250000327825546,0.08749999850988388,0.0925000011920929,0.10000000149011612,0.10999999940395355,0.12250000238418579,0.14000000059604645,0.16500000655651093,0.20499999821186066,0.26750001311302185,0.4124999940395355,0.4724999964237213,0.4724999964237213,0.4724999964237213,0.46000000834465027,0.32749998569488525,0.2475000023841858,0.20000000298023224,0.17000000178813934,0.14749999344348907,0.13249999284744263,0.11999999731779099,0.11249999701976776,0.10499999672174454
1785945688946827615,-0.024309000000357628,0.04793735593557358,0.14657193422317505,0.007445840630680323,0.24510082602500916,0.08700735867023468,0.00023422321828547865,-0.06445933133363724,0.08250000327825546,0.08749999850988388,0.0925000011920929,0.10000000149011612,0.10999999940395355,0.12250000238418579,0.14000000059604645,0.16500000655651093,0.20250000059604645,0.26750001311302185,0.4099999964237213,0.4724999964237213,0.4724999964237213,0.4724999964237213,0.4625000059604645,0.32749998569488525,0.2475000023841858,0.20000000298023224,0.17000000178813934,0.15000000596046448,0.13249999284744263,0.11999999731779099,0.11249999701976776,0.10499999672174454
1785945689045973463,-0.023652000352740288,0.04668692126870155,0.14597468078136444,0.007292639464139938,0.24467971920967102,0.08591045439243317,0.00023423670791089535,-0.06445994973182678,0.08250000327825546,0.08749999850988388,0.0925000011920929,0.10000000149011612,0.10999999940395355,0.12250000238418579,0.14000000059604645,0.16500000655651093,0.20499999821186066,0.27000001072883606,0.4124999940395355,0.4724999964237213,0.4724999964237213,0.4724999964237213,0.46000000834465027,0.32749998569488525,0.2475000023841858,0.20000000298023224,0.17000000178813934,0.14749999344348907,0.13249999284744263,0.11999999731779099,0.11249999701976776,0.10499999672174454
1785945689148127466,-0.023652000352740288,0.05017416551709175,0.14593055844306946,0.007266069762408733,0.2483588010072708,0.089424267411232,0.00023899369989521801,-0.0644560381770134,0.08250000327825546,0.08749999850988388,0.0925000011920929,0.10000000149011612,0.10999999940395355,0.12250000238418579,0.14000000059604645,0.16500000655651093,0.20250000059604645,0.26499998569488525,0.39250001311302185,0.4724999964237213,0.4724999964237213,0.4724999964237213,0.4675000011920929,0.33000001311302185,0.25,0.20250000059604645,0.17000000178813934,0.15000000596046448,0.13249999284744263,0.12250000238418579,0.11249999701976776,0.10499999672174454
1785945689247593452,-0.023652000352740288,0.05017416551709175,0.1458801031112671,0.007253828924149275,0.2483716607093811,0.08943653106689453,0.0002345461689401418,-0.06446148455142975,0.08250000327825546,0.08749999850988388,0.0925000011920929,0.10000000149011612,0.10999999940395355,0.12250000238418579,0.14000000059604645,0.16500000655651093,0.20250000059604645,0.26499998569488525,0.39250001311302185,0.4724999964237213,0.4724999964237213,0.4724999964237213,0.4675000011920929,0.33000001311302185,0.25,0.20250000059604645,0.17000000178813934,0.15000000596046448,0.13249999284744263,0.12250000238418579,0.11249999701976776,0.10499999672174454
1785945689347086415,-0.024309000000357628,0.04646802693605423,0.1458801031112671,0.007253828924149275,0.2444784939289093,0.08573039621114731,0.0002345461689401418,-0.06446148455142975,0.08250000327825546,0.08749999850988388,0.0925000011920929,0.10000000149011612,0.10999999940395355,0.12250000238418579,0.14000000059604645,0.16500000655651093,0.20499999821186066,0.27000001072883606,0.4124999940395355,0.4724999964237213,0.4724999964237213,0.4724999964237213,0.46000000834465027,0.32749998569488525,0.2475000023841858,0.20000000298023224,0.17000000178813934,0.14749999344348907,0.13249999284744263,0.11999999731779099,0.11249999701976776,0.10499999672174454
1785945689446573713,-0.023652000352740288,0.04443845525383949,0.14491644501686096,0.007282426580786705,0.2436523586511612,0.08367008715867996,0.00023899233201518655,-0.06445371359586716,0.08250000327825546,0.08749999850988388,0.0925000011920929,0.10000000149011612,0.10999999940395355,0.12250000238418579,0.14000000059604645,0.16750000417232513,0.20499999821186066,0.27000001072883606,0.41749998927116394,0.4724999964237213,0.4724999964237213,0.4724999964237213,0.46000000834465027,0.32499998807907104,0.24500000476837158,0.20000000298023224,0.17000000178813934,0.14749999344348907,0.13249999284744263,0.11999999731779099,0.11249999701976776,0.10499999672174454
1785945689546305531,-0.024309000000357628,0.04443845525383949,0.14491644501686096,0.007282426580786705,0.2436523586511612,0.08367008715867996,0.00023899233201518655,-0.06445371359586716,0.08250000327825546,0.08749999850988388,0.0925000011920929,0.10000000149011612,0.10999999940395355,0.12250000238418579,0.14000000059604645,0.16750000417232513,0.20499999821186066,0.27000001072883606,0.41749998927116394,0.4724999964237213,0.4724999964237213,0.4724999964237213,0.46000000834465027,0.32499998807907104,0.24500000476837158,0.20000000298023224,0.17000000178813934,0.14749999344348907,0.13249999284744263,0.11999999731779099,0.11249999701976776,0.10499999672174454
1785945689646802492,-0.024309000000357628,0.04732595011591911,0.14544934034347534,0.007474453654140234,0.24550765752792358,0.08636529743671417,0.0002434266498312354,-0.06445499509572983,0.08250000327825546,0.08749999850988388,0.0925000011920929,0.10000000149011612,0.10999999940395355,0.12250000238418579,0.14000000059604645,0.16500000655651093,0.20499999821186066,0.26750001311302185,0.4124999940395355,0.4724999964237213,0.4724999964237213,0.4724999964237213,0.46000000834465027,0.32749998569488525,0.2475000023841858,0.20000000298023224,0.17000000178813934,0.14749999344348907,0.13249999284744263,0.11999999731779099,0.11249999701976776,0.10499999672174454
1785945689746635817,-0.024309000000357628,0.04879509285092354,0.14544934034347534,0.007474453654140234,0.24703389406204224,0.087834432721138,0.0002434266498312354,-0.06445499509572983,0.08250000327825546,0.08749999850988388,0.0925000011920929,0.10000000149011612,0.10999999940395355,0.12250000238418579,0.14000000059604645,0.16500000655651093,0.20250000059604645,0.26750001311302185,0.39500001072883606,0.4724999964237213,0.4724999964237213,0.4724999964237213,0.4650000035762787,0.33000001311302185,0.25,0.20250000059604645,0.17000000178813934,0.15000000596046448,0.13249999284744263,0.12250000238418579,0.11249999701976776,0.10499999672174454
1785945689847903137,-0.024309000000357628,0.049267660826444626,0.14514197409152985,0.007243615109473467,0.24813799560070038,0.0885382890701294,0.00023009847791399807,-0.0644567683339119,0.08250000327825546,0.08749999850988388,0.0925000011920929,0.10000000149011612,0.10999999940395355,0.12250000238418579,0.14000000059604645,0.16500000655651093,0.20250000059604645,0.26750001311302185,0.39250001311302185,0.4724999964237213,0.4724999964237213,0.4724999964237213,0.4650000035762787,0.33000001311302185,0.25,0.20250000059604645,0.17000000178813934,0.15000000596046448,0.13249999284744263,0.12250000238418579,0.11249999701976776,0.10499999672174454
1785945689948037111,-0.023652000352740288,0.049267660826444626,0.14486727118492126,0.007112868595868349,0.24858234822750092,0.08867129683494568,0.00023455607879441231,-0.06445170193910599,0.08250000327825546,0.08749999850988388,0.0925000011920929,0.10000000149011612,0.10999999940395355,0.12250000238418579,0.14000000059604645,0.16500000655651093,0.20250000059604645,0.26750001311302185,0.39250001311302185,0.4724999964237213,0.4724999964237213,0.4724999964237213,0.4650000035762787,0.33000001311302185,0.25,0.20250000059604645,0.17000000178813934,0.15000000596046448,0.13249999284744263,0.12250000238418579,0.11249999701976776,0.10499999672174454
1785945690048710749,-0.023652000352740288,0.04727277159690857,0.14538565278053284,0.007135353051126003,0.24571438133716583,0.08665188401937485,0.00023425060498993844,-0.06445706635713577,0.08250000327825546,0.08749999850988388,0.0925000011920929,0.10000000149011612,0.10999999940395355,0.12250000238418579,0.14000000059604645,0.16500000655651093,0.20499999821186066,0.26750001311302185,0.4124999940395355,0.4724999964237213,0.4724999964237213,0.4724999964237213,0.46000000834465027,0.32749998569488525,0.2475000023841858,0.20000000298023224,0.17000000178813934,0.14749999344348907,0.13249999284744263,0.11999999731779099,0.11249999701976776,0.10499999672174454
1785945690146418859,-0.024309000000357628,0.04721060022711754,0.14580754935741425,0.0071537368930876255,0.24502675235271454,0.08657336235046387,0.00022995327890384942,-0.06445588916540146,0.08250000327825546,0.08749999850988388,0.0925000011920929,0.10000000149011612,0.10999999940395355,0.12250000238418579,0.14000000059604645,0.16500000655651093,0.20499999821186066,0.26750001311302185,0.4124999940395355,0.4724999964237213,0.4724999964237213,0.4724999964237213,0.46000000834465027,0.32749998569488525,0.2475000023841858,0.20000000298023224,0.17000000178813934,0.14749999344348907,0.13249999284744263,0.11999999731779099,0.11249999701976776,0.10499999672174454
1785945690249407510,-0.023652000352740288,0.04721060022711754,0.14580754935741425,0.0071537368930876255,0.24502675235271454,0.08657336235046387,0.00022995327890384942,-0.06445588916540146,0.08250000327825546,0.08749999850988388,0.0925000011920929,0.10000000149011612,0.10999999940395355,0.12250000238418579,0.14000000059604645,0.16500000655651093,0.20499999821186066,0.26750001311302185,0.4124999940395355,0.4724999964237213,0.4724999964237213,0.4724999964237213,0.46000000834465027,0.32749998569488525,0.2475000023841858,0.20000000298023224,0.17000000178813934,0.14749999344348907,0.13249999284744263,0.11999999731779099,0.11249999701976776,0.10499999672174454
1785945690356677570,-0.023652000352740288,0.04759332165122032,0.1451507955789566,0.007592913694679737,0.24575194716453552,0.08651592582464218,0.00023881338711362332,-0.06446030735969543,0.08250000327825546,0.08749999850988388,0.0925000011920929,0.10000000149011612,0.10999999940395355,0.12250000238418579,0.14000000059604645,0.16500000655651093,0.20250000059604645,0.26750001311302185,0.4099999964237213,0.4724999964237213,0.4724999964237213,0.4724999964237213,0.4625000059604645,0.32749998569488525,0.2475000023841858,0.20000000298023224,0.17000000178813934,0.14749999344348907,0.13249999284744263,0.11999999731779099,0.11249999701976776,0.10499999672174454
1785945690447663174,-0.023652000352740288,0.046999331563711166,0.1451507955789566,0.007592913694679737,0.24514499306678772,0.08592193573713303,0.00023881338711362332,-0.06446030735969543,0.08250000327825546,0.08749999850988388,0.0925000011920929,0.10000000149011612,0.10999999940395355,0.12250000238418579,0.14000000059604645,0.16500000655651093,0.20499999821186066,0.26750001311302185,0.4124999940395355,0.4724999964237213,0.4724999964237213,0.4724999964237213,0.46000000834465027,0.32749998569488525,0.2475000023841858,0.20000000298023224,0.17000000178813934,0.14749999344348907,0.13249999284744263,0.11999999731779099,0.11249999701976776,0.10499999672174454
1785945690546984836,-0.023652000352740288,0.04754730686545372,0.14492332935333252,0.007752273231744766,0.24581928551197052,0.08631228655576706,0.0002299018669873476,-0.0644581988453865,0.08250000327825546,0.08749999850988388,0.0925000011920929,0.10000000149011612,0.10999999940395355,0.12250000238418579,0.14000000059604645,0.16500000655651093,0.20250000059604645,0.26750001311302185,0.4099999964237213,0.4724999964237213,0.4724999964237213,0.4724999964237213,0.4625000059604645,0.32749998569488525,0.2475000023841858,0.20000000298023224,0.17000000178813934,0.14749999344348907,0.13249999284744263,0.11999999731779099,0.11249999701976776,0.10499999672174454
1785945690647700011,-0.023652000352740288,0.04754730686545372,0.14473234117031097,0.007848263718187809,0.24595804512500763,0.08621606230735779,0.0002343433297937736,-0.06445429474115372,0.08250000327825546,0.08749999850988388,0.0925000011920929,0.10000000149011612,0.10999999940395355,0.12250000238418579,0.14000000059604645,0.16500000655651093,0.20250000059604645,0.26750001311302185,0.4099999964237213,0.4724999964237213,0.4724999964237213,0.4724999964237213,0.4625000059604645,0.32749998569488525,0.2475000023841858,0.20000000298023224,0.17000000178813934,0.14749999344348907,0.13249999284744263,0.11999999731779099,0.11249999701976776,0.10499999672174454
1785945690750308843,-0.023652000352740288,0.04797115921974182,0.14473234117031097,0.007848263718187809,0.24639181792736053,0.08663991838693619,0.0002343433297937736,-0.06445429474115372,0.08250000327825546,0.08749999850988388,0.0925000011920929,0.10000000149011612,0.10999999940395355,0.12250000238418579,0.14000000059604645,0.16500000655651093,0.20250000059604645,0.26750001311302185,0.4099999964237213,0.4724999964237213,0.4724999964237213,0.4724999964237213,0.4625000059604645,0.32749998569488525,0.2475000023841858,0.20000000298023224,0.17000000178813934,0.15000000596046448,0.13249999284744263,0.11999999731779099,0.11249999701976776,0.10499999672174454
1785945690848032729,-0.023652000352740288,0.04422254487872124,0.1440364569425583,0.00765626784414053,0.24374504387378693,0.08308367431163788,0.0002299107873113826,-0.06445595622062683,0.08250000327825546,0.08749999850988388,0.0925000011920929,0.10000000149011612,0.10999999940395355,0.12250000238418579,0.14000000059604645,0.16750000417232513,0.20499999821186066,0.27000001072883606,0.41749998927116394,0.4724999964237213,0.4724999964237213,0.4724999964237213,0.46000000834465027,0.32499998807907104,0.24500000476837158,0.20000000298023224,0.17000000178813934,0.14749999344348907,0.13249999284744263,0.11999999731779099,0.11249999701976776,0.10499999672174454
1785945690958164122,-0.023652000352740288,0.04422254487872124,0.1440364569425583,0.00765626784414053,0.24374504387378693,0.08308367431163788,0.0002299107873113826,-0.06445595622062683,0.08250000327825546,0.08749999850988388,0.0925000011920929,0.10000000149011612,0.10999999940395355,0.12250000238418579,0.14000000059604645,0.16750000417232513,0.20499999821186066,0.27000001072883606,0.41749998927116394,0.4724999964237213,0.4724999964237213,0.4724999964237213,0.46000000834465027,0.32499998807907104,0.24500000476837158,0.20000000298023224,0.17000000178813934,0.14749999344348907,0.13249999284744263,0.11999999731779099,0.11249999701976776,0.10499999672174454
1785945691047206468,-0.023652000352740288,0.048120103776454926,0.14400741457939148,0.007932044565677643,0.24737823009490967,0.08670498430728912,0.0002389438741374761,-0.06445825099945068,0.08250000327825546,0.08749999850988388,0.0925000011920929,0.10000000149011612,0.10999999940395355,0.12250000238418579,0.14000000059604645,0.16500000655651093,0.20250000059604645,0.26750001311302185,0.39500001072883606,0.4724999964237213,0.4724999964237213,0.4724999964237213,0.4625000059604645,0.32749998569488525,0.2475000023841858,0.20250000059604645,0.17000000178813934,0.15000000596046448,0.13249999284744263,0.12250000238418579,0.11249999701976776,0.10499999672174454
1785945691162910316,-0.023652000352740288,0.048120103776454926,0.14400741457939148,0.007932044565677643,0.24737823009490967,0.08670498430728912,0.0002389438741374761,-0.06445825099945068,0.08250000327825546,0.08749999850988388,0.0925000011920929,0.10000000149011612,0.10999999940395355,0.12250000238418579,0.14000000059604645,0.16500000655651093,0.20250000059604645,0.26750001311302185,0.39500001072883606,0.4724999964237213,0.4724999964237213,0.4724999964237213,0.4625000059604645,0.32749998569488525,0.2475000023841858,0.20250000059604645,0.17000000178813934,0.15000000596046448,0.13249999284744263,0.12250000238418579,0.11249999701976776,0.10499999672174454
1785945691250427561,-0.023652000352740288,0.047640033066272736,0.14400741457939148,0.007932044565677643,0.24688827991485596,0.08622491359710693,0.0002389438741374761,-0.06445825099945068,0.08250000327825546,0.08749999850988388,0.0925000011920929,0.10000000149011612,0.10999999940395355,0.12250000238418579,0.14000000059604645,0.16500000655651093,0.20250000059604645,0.26750001311302185,0.4099999964237213,0.4724999964237213,0.4724999964237213,0.4724999964237213,0.4625000059604645,0.32749998569488525,0.2475000023841858,0.20000000298023224,0.17000000178813934,0.14749999344348907,0.13249999284744263,0.11999999731779099,0.11249999701976776,0.10499999672174454
1785945691346307903,-0.023652000352740288,0.047640033066272736,0.14497174322605133,0.008367150090634823,0.245205819606781,0.08578884601593018,0.0002387473068665713,-0.06445839256048203,0.08250000327825546,0.08749999850988388,0.0925000011920929,0.10000000149011612,0.10999999940395355,0.12250000238418579,0.14000000059604645,0.16500000655651093,0.20250000059604645,0.26750001311302185,0.4099999964237213,0.4724999964237213,0.4724999964237213,0.4724999964237213,0.4625000059604645,0.32749998569488525,0.2475000023841858,0.20000000298023224,0.17000000178813934,0.14749999344348907,0.13249999284744263,0.11999999731779099,0.11249999701976776,0.10499999672174454
1785945691447265486,-0.023652000352740288,0.0483444519340992,0.14497174322605133,0.008367150090634823,0.24592144787311554,0.08649326860904694,0.0002387473068665713,-0.06445839256048203,0.08250000327825546,0.08749999850988388,0.0925000011920929,0.10000000149011612,0.10999999940395355,0.12250000238418579,0.14000000059604645,0.16500000655651093,0.20250000059604645,0.26750001311302185,0.39500001072883606,0.4724999964237213,0.4724999964237213,0.4724999964237213,0.4650000035762787,0.33000001311302185,0.2475000023841858,0.20250000059604645,0.17000000178813934,0.15000000596046448,0.13249999284744263,0.12250000238418579,0.11249999701976776,0.10499999672174454
1785945691547819825,-0.023652000352740288,0.047725919634103775,0.14528168737888336,0.008144483901560307,0.24511341750621796,0.08609579503536224,0.00023876606428530067,-0.0644596517086029,0.08250000327825546,0.08749999850988388,0.0925000011920929,0.10000000149011612,0.10999999940395355,0.12250000238418579,0.14000000059604645,0.16500000655651093,0.20250000059604645,0.26750001311302185,0.4099999964237213,0.4724999964237213,0.4724999964237213,0.4724999964237213,0.4625000059604645,0.32749998569488525,0.2475000023841858,0.20000000298023224,0.17000000178813934,0.14749999344348907,0.13249999284744263,0.11999999731779099,0.11249999701976776,0.10499999672174454
1785945691647447255,-0.023652000352740288,0.047725919634103775,0.14553414285182953,0.008023965172469616,0.24489673972129822,0.08621662110090256,0.0002389360888628289,-0.06446492671966553,0.08250000327825546,0.08749999850988388,0.0925000011920929,0.10000000149011612,0.10999999940395355,0.12250000238418579,0.14000000059604645,0.16500000655651093,0.20250000059604645,0.26750001311302185,0.4099999964237213,0.4724999964237213,0.4724999964237213,0.4724999964237213,0.4625000059604645,0.32749998569488525,0.2475000023841858,0.20000000298023224,0.17000000178813934,0.14749999344348907,0.13249999284744263,0.11999999731779099,0.11249999701976776,0.10499999672174454
1785945691747955289,-0.023652000352740288,0.04875834658741951,0.14553414285182953,0.008023965172469616,0.24596653878688812,0.08724904805421829,0.0002389360888628289,-0.06446492671966553,0.08250000327825546,0.08749999850988388,0.0925000011920929,0.10000000149011612,0.10999999940395355,0.12250000238418579,0.14000000059604645,0.16500000655651093,0.20250000059604645,0.26750001311302185,0.39500001072883606,0.4724999964237213,0.4724999964237213,0.4724999964237213,0.4650000035762787,0.33000001311302185,0.25,0.20250000059604645,0.17000000178813934,0.15000000596046448,0.13249999284744263,0.12250000238418579,0.11249999701976776,0.10499999672174454
1785945691845924910,-0.023652000352740288,0.047783173620700836,0.14649595320224762,0.00821597594767809,0.24357034265995026,0.08608143031597137,0.00023892175522632897,-0.06446525454521179,0.08250000327825546,0.08749999850988388,0.0925000011920929,0.10000000149011612,0.10999999940395355,0.12250000238418579,0.14000000059604645,0.16500000655651093,0.20250000059604645,0.26750001311302185,0.4099999964237213,0.4724999964237213,0.4724999964237213,0.4724999964237213,0.4625000059604645,0.32749998569488525,0.2475000023841858,0.20000000298023224,0.17000000178813934,0.14749999344348907,0.13249999284744263,0.11999999731779099,0.11249999701976776,0.10499999672174454
1785945691952803758,-0.023652000352740288,0.047783173620700836,0.14649595320224762,0.00821597594767809,0.24357034265995026,0.08608143031597137,0.00023892175522632897,-0.06446525454521179,0.08250000327825546,0.08749999850988388,0.0925000011920929,0.10000000149011612,0.10999999940395355,0.12250000238418579,0.14000000059604645,0.16500000655651093,0.20250000059604645,0.26750001311302185,0.4099999964237213,0.4724999964237213,0.4724999964237213,0.4724999964237213,0.4625000059604645,0.32749998569488525,0.2475000023841858,0.20000000298023224,0.17000000178813934,0.14749999344348907,0.13249999284744263,0.11999999731779099,0.11249999701976776,0.10499999672174454
1785945692046109207,-0.023652000352740288,0.04942125454545021,0.1458350419998169,0.008042349480092525,0.24629324674606323,0.08789348602294922,0.00023448604042641819,-0.06446076929569244,0.08250000327825546,0.08749999850988388,0.0925000011920929,0.10000000149011612,0.10999999940395355,0.12250000238418579,0.14000000059604645,0.16500000655651093,0.20250000059604645,0.26750001311302185,0.39250001311302185,0.4724999964237213,0.4724999964237213,0.4724999964237213,0.4675000011920929,0.33000001311302185,0.25,0.20250000059604645,0.17000000178813934,0.15000000596046448,0.13249999284744263,0.12250000238418579,0.11249999701976776,0.10499999672174454
1785945692145908611,-0.023652000352740288,0.04710055887699127,0.1458350419998169,0.008042349480092525,0.24388733506202698,0.08557278662919998,0.00023448604042641819,-0.06446076929569244,0.08250000327825546,0.08749999850988388,0.0925000011920929,0.10000000149011612,0.10999999940395355,0.12250000238418579,0.14000000059604645,0.16500000655651093,0.20499999821186066,0.26750001311302185,0.4124999940395355,0.4724999964237213,0.4724999964237213,0.4724999964237213,0.46000000834465027,0.32749998569488525,0.2475000023841858,0.20000000298023224,0.17000000178813934,0.14749999344348907,0.13249999284744263,0.11999999731779099,0.11249999701976776,0.10499999672174454
1785945692248148728,-0.024309000000357628,0.04710055887699127,0.14554646611213684,0.007768598850816488,0.24454504251480103,0.08584706485271454,0.00022974384773988277,-0.0644584372639656,0.08250000327825546,0.08749999850988388,0.0925000011920929,0.10000000149011612,0.10999999940395355,0.12250000238418579,0.14000000059604645,0.16500000655651093,0.20499999821186066,0.26750001311302185,0.4124999940395355,0.4724999964237213,0.4724999964237213,0.4724999964237213,0.46000000834465027,0.32749998569488525,0.2475000023841858,0.20000000298023224,0.17000000178813934,0.14749999344348907,0.13249999284744263,0.11999999731779099,0.11249999701976776,0.10499999672174454
1785945692346311539,-0.023652000352740288,0.04892231151461601,0.14529944956302643,0.007615398615598679,0.2469092309474945,0.08782447874546051,0.0002343631349503994,-0.06446047872304916,0.08250000327825546,0.08749999850988388,0.0925000011920929,0.10000000149011612,0.10999999940395355,0.12250000238418579,0.14000000059604645,0.16500000655651093,0.20250000059604645,0.26750001311302185,0.39500001072883606,0.4724999964237213,0.4724999964237213,0.4724999964237213,0.4650000035762787,0.33000001311302185,0.25,0.20250000059604645,0.17000000178813934,0.15000000596046448,0.13249999284744263,0.12250000238418579,0.11249999701976776,0.10499999672174454
1785945692446963385,-0.024309000000357628,0.04877118393778801,0.14529944956302643,0.007615398615598679,0.24674910306930542,0.08767335116863251,0.0002343631349503994,-0.06446047872304916,0.08250000327825546,0.08749999850988388,0.0925000011920929,0.10000000149011612,0.10999999940395355,0.12250000238418579,0.14000000059604645,0.16500000655651093,0.20250000059604645,0.26750001311302185,0.39500001072883606,0.4724999964237213,0.4724999964237213,0.4724999964237213,0.4650000035762787,0.33000001311302185,0.25,0.20250000059604645,0.17000000178813934,0.15000000596046448,0.13249999284744263,0.12250000238418579,0.11249999701976776,0.10499999672174454
1785945692547043597,-0.023652000352740288,0.04877118393778801,0.1443202644586563,0.008158782497048378,0.24745294451713562,0.08712878823280334,0.00023892679018899798,-0.06445074081420898,0.08250000327825546,0.08749999850988388,0.0925000011920929,0.10000000149011612,0.10999999940395355,0.12250000238418579,0.14000000059604645,0.16500000655651093,0.20250000059604645,0.26750001311302185,0.39500001072883606,0.4724999964237213,0.4724999964237213,0.4724999964237213,0.4650000035762787,0.33000001311302185,0.25,0.20250000059604645,0.17000000178813934,0.15000000596046448,0.13249999284744263,0.12250000238418579,0.11249999701976776,0.10499999672174454
1785945692647305703,-0.023652000352740288,0.046902477741241455,0.1443202644586563,0.008158782497048378,0.24555830657482147,0.08526008576154709,0.00023892679018899798,-0.06445074081420898,0.08250000327825546,0.08749999850988388,0.0925000011920929,0.10000000149011612,0.10999999940395355,0.12250000238418579,0.14000000059604645,0.16500000655651093,0.20499999821186066,0.26750001311302185,0.4124999940395355,0.4724999964237213,0.4724999964237213,0.4724999964237213,0.46000000834465027,0.32749998569488525,0.2475000023841858,0.20000000298023224,0.17000000178813934,0.14749999344348907,0.13249999284744263,0.11999999731779099,0.11249999701976776,0.10499999672174454
1785945692745820749,-0.023652000352740288,0.048651400953531265,0.14357870817184448,0.007905490696430206,0.24859163165092468,0.08726081252098083,0.00022988967248238623,-0.06445819139480591,0.08250000327825546,0.08749999850988388,0.0925000011920929,0.10000000149011612,0.10999999940395355,0.12250000238418579,0.14000000059604645,0.16500000655651093,0.20250000059604645,0.26750001311302185,0.39500001072883606,0.4724999964237213,0.4724999964237213,0.4724999964237213,0.4650000035762787,0.33000001311302185,0.25,0.20250000059604645,0.17000000178813934,0.15000000596046448,0.13249999284744263,0.12250000238418579,0.11249999701976776,0.10499999672174454
1785945692846841757,-0.023652000352740288,0.048651400953531265,0.14357870817184448,0.007905490696430206,0.24859163165092468,0.08726081252098083,0.00022988967248238623,-0.06445819139480591,0.08250000327825546,0.08749999850988388,0.0925000011920929,0.10000000149011612,0.10999999940395355,0.12250000238418579,0.14000000059604645,0.16500000655651093,0.20250000059604645,0.26750001311302185,0.39500001072883606,0.4724999964237213,0.4724999964237213,0.4724999964237213,0.4650000035762787,0.33000001311302185,0.25,0.20250000059604645,0.17000000178813934,0.15000000596046448,0.13249999284744263,0.12250000238418579,0.11249999701976776,0.10499999672174454
1785945692947075638,-0.023652000352740288,0.04705309495329857,0.14310671389102936,0.007791068404912949,0.24767924845218658,0.08577711880207062,0.00023895366757642478,-0.06445623934268951,0.08250000327825546,0.08749999850988388,0.0925000011920929,0.10000000149011612,0.10999999940395355,0.12250000238418579,0.14000000059604645,0.16500000655651093,0.20499999821186066,0.26750001311302185,0.4124999940395355,0.4724999964237213,0.4724999964237213,0.4724999964237213,0.46000000834465027,0.32749998569488525,0.2475000023841858,0.20000000298023224,0.17000000178813934,0.14749999344348907,0.13249999284744263,0.11999999731779099,0.11249999701976776,0.10499999672174454
1785945693053032475,-0.023652000352740288,0.048906486481428146,0.14270541071891785,0.007729804143309593,0.25013718008995056,0.08769190311431885,0.00023864468676038086,-0.06445715576410294,0.08250000327825546,0.08749999850988388,0.0925000011920929,0.10000000149011612,0.10999999940395355,0.12250000238418579,0.14000000059604645,0.16500000655651093,0.20250000059604645,0.26750001311302185,0.39500001072883606,0.4724999964237213,0.4724999964237213,0.4724999964237213,0.4650000035762787,0.33000001311302185,0.25,0.20250000059604645,0.17000000178813934,0.15000000596046448,0.13249999284744263,0.12250000238418579,0.11249999701976776,0.10499999672174454
1785945693147255232,-0.023652000352740288,0.0481615886092186,0.14270541071891785,0.007729804143309593,0.24936632812023163,0.0869470089673996,0.00023864468676038086,-0.06445715576410294,0.08250000327825546,0.08749999850988388,0.0925000011920929,0.10000000149011612,0.10999999940395355,0.12250000238418579,0.14000000059604645,0.16500000655651093,0.20250000059604645,0.26750001311302185,0.39500001072883606,0.4724999964237213,0.4724999964237213,0.4724999964237213,0.4625000059604645,0.32749998569488525,0.2475000023841858,0.20250000059604645,0.17000000178813934,0.15000000596046448,0.13249999284744263,0.12250000238418579,0.11249999701976776,0.10499999672174454
1785945693246413912,-0.023652000352740288,0.0481615886092186,0.14189615845680237,0.008168995380401611,0.250033974647522,0.08650905638933182,0.00023415543546434492,-0.06446502357721329,0.08250000327825546,0.08749999850988388,0.0925000011920929,0.10000000149011612,0.10999999940395355,0.12250000238418579,0.14000000059604645,0.16500000655651093,0.20250000059604645,0.26750001311302185,0.39500001072883606,0.4724999964237213,0.4724999964237213,0.4724999964237213,0.4625000059604645,0.32749998569488525,0.2475000023841858,0.20250000059604645,0.17000000178813934,0.15000000596046448,0.13249999284744263,0.12250000238418579,0.11249999701976776,0.10499999672174454
1785945693346731828,-0.023652000352740288,0.04926740378141403,0.14189615845680237,0.008168995380401611,0.25116199254989624,0.08761487156152725,0.00023415543546434492,-0.06446502357721329,0.08250000327825546,0.08749999850988388,0.0925000011920929,0.10000000149011612,0.10999999940395355,0.12250000238418579,0.14000000059604645,0.16500000655651093,0.20250000059604645,0.26750001311302185,0.39250001311302185,0.4724999964237213,0.4724999964237213,0.4724999964237213,0.4650000035762787,0.33000001311302185,0.25,0.20250000059604645,0.17000000178813934,0.15000000596046448,0.13249999284744263,0.12250000238418579,0.11249999701976776,0.10499999672174454
1785945693452703385,-0.024309000000357628,0.05028216168284416,0.14193683862686157,0.008062776178121567,0.25225961208343506,0.08873599767684937,0.0002390938316239044,-0.06445660442113876,0.08250000327825546,0.08749999850988388,0.0925000011920929,0.10000000149011612,0.10999999940395355,0.12250000238418579,0.14000000059604645,0.16500000655651093,0.20250000059604645,0.26499998569488525,0.39250001311302185,0.4724999964237213,0.4724999964237213,0.4724999964237213,0.4699999988079071,0.33000001311302185,0.25,0.20250000059604645,0.17000000178813934,0.15000000596046448,0.13249999284744263,0.12250000238418579,0.11249999701976776,0.10499999672174454
1785945693546171975,-0.023652000352740288,0.05028216168284416,0.1419631391763687,0.007999436929821968,0.25226038694381714,0.08879739046096802,0.00023448966385331005,-0.06445518881082535,0.08250000327825546,0.08749999850988388,0.0925000011920929,0.10000000149011612,0.10999999940395355,0.12250000238418579,0.14000000059604645,0.16500000655651093,0.20250000059604645,0.26499998569488525,0.39250001311302185,0.4724999964237213,0.4724999964237213,0.4724999964237213,0.4699999988079071,0.33000001311302185,0.25,0.20250000059604645,0.17000000178813934,0.15000000596046448,0.13249999284744263,0.12250000238418579,0.11249999701976776,0.10499999672174454
1785945693647661446,-0.023652000352740288,0.048210546374320984,0.14214158058166504,0.007791084237396717,0.25005412101745605,0.08693252503871918,0.00024324536207132041,-0.06446290016174316,0.08250000327825546,0.08749999850988388,0.0925000011920929,0.10000000149011612,0.10999999940395355,0.12250000238418579,0.14000000059604645,0.16500000655651093,0.20250000059604645,0.26750001311302185,0.39500001072883606,0.4724999964237213,0.4724999964237213,0.4724999964237213,0.4625000059604645,0.32749998569488525,0.2475000023841858,0.20250000059604645,0.17000000178813934,0.15000000596046448,0.13249999284744263,0.12250000238418579,0.11249999701976776,0.10499999672174454
1785945693746138986,-0.023652000352740288,0.04786542430520058,0.14228054881095886,0.007676694542169571,0.2495969831943512,0.08670210093259811,0.0002300662745255977,-0.06445609033107758,0.08250000327825546,0.08749999850988388,0.0925000011920929,0.10000000149011612,0.10999999940395355,0.12250000238418579,0.14000000059604645,0.16500000655651093,0.20250000059604645,0.26750001311302185,0.4099999964237213,0.4724999964237213,0.4724999964237213,0.4724999964237213,0.4625000059604645,0.32749998569488525,0.2475000023841858,0.20000000298023224,0.17000000178813934,0.14749999344348907,0.13249999284744263,0.11999999731779099,0.11249999701976776,0.10499999672174454
1785945693848585157,-0.023652000352740288,0.04772462323307991,0.14228054881095886,0.007676694542169571,0.24945375323295593,0.08656129986047745,0.0002300662745255977,-0.06445609033107758,0.08250000327825546,0.08749999850988388,0.0925000011920929,0.10000000149011612,0.10999999940395355,0.12250000238418579,0.14000000059604645,0.16500000655651093,0.20250000059604645,0.26750001311302185,0.4099999964237213,0.4724999964237213,0.4724999964237213,0.4724999964237213,0.4625000059604645,0.32749998569488525,0.2475000023841858,0.20000000298023224,0.17000000178813934,0.14749999344348907,0.13249999284744263,0.11999999731779099,0.11249999701976776,0.10499999672174454
1785945693947150412,-0.023652000352740288,0.04772462323307991,0.14243605732917786,0.007946343161165714,0.24895568192005157,0.08629307150840759,0.00023878247884567827,-0.06446376442909241,0.08250000327825546,0.08749999850988388,0.0925000011920929,0.10000000149011612,0.10999999940395355,0.12250000238418579,0.14000000059604645,0.16500000655651093,0.20250000059604645,0.26750001311302185,0.4099999964237213,0.4724999964237213,0.4724999964237213,0.4724999964237213,0.4625000059604645,0.32749998569488525,0.2475000023841858,0.20000000298023224,0.17000000178813934,0.14749999344348907,0.13249999284744263,0.11999999731779099,0.11249999701976776,0.10499999672174454
1785945694046925432,-0.023652000352740288,0.04719119146466255,0.14243605732917786,0.007946343161165714,0.24842041730880737,0.08575963973999023,0.00023878247884567827,-0.06446376442909241,0.08250000327825546,0.08749999850988388,0.0925000011920929,0.10000000149011612,0.10999999940395355,0.12250000238418579,0.14000000059604645,0.16500000655651093,0.20499999821186066,0.26750001311302185,0.4124999940395355,0.4724999964237213,0.4724999964237213,0.4724999964237213,0.46000000834465027,0.32749998569488525,0.2475000023841858,0.20000000298023224,0.17000000178813934,0.14749999344348907,0.13249999284744263,0.11999999731779099,0.11249999701976776,0.10499999672174454
1785945694148233873,-0.023652000352740288,0.048521075397729874,0.14239656925201416,0.007586800958961248,0.2501989006996155,0.08744989335536957,0.00023881395463831723,-0.06446041166782379,0.08250000327825546,0.08749999850988388,0.0925000011920929,0.10000000149011612,0.10999999940395355,0.12250000238418579,0.14000000059604645,0.16500000655651093,0.20250000059604645,0.26750001311302185,0.39500001072883606,0.4724999964237213,0.4724999964237213,0.4724999964237213,0.4650000035762787,0.33000001311302185,0.25,0.20250000059604645,0.17000000178813934,0.15000000596046448,0.13249999284744263,0.12250000238418579,0.11249999701976776,0.10499999672174454
1785945694250387683,-0.023652000352740288,0.048521075397729874,0.14235548675060272,0.0073927310295403,0.25044217705726624,0.0876442939043045,0.0002343815576750785,-0.06446059048175812,0.08250000327825546,0.08749999850988388,0.0925000011920929,0.10000000149011612,0.10999999940395355,0.12250000238418579,0.14000000059604645,0.16500000655651093,0.20250000059604645,0.26750001311302185,0.39500001072883606,0.4724999964237213,0.4724999964237213,0.4724999964237213,0.4650000035762787,0.33000001311302185,0.25,0.20250000059604645,0.17000000178813934,0.15000000596046448,0.13249999284744263,0.12250000238418579,0.11249999701976776,0.10499999672174454
1785945694346624613,-0.023652000352740288,0.049020297825336456,0.14235548675060272,0.0073927310295403,0.2509670853614807,0.08814352005720139,0.0002343815576750785,-0.06446059048175812,0.08250000327825546,0.08749999850988388,0.0925000011920929,0.10000000149011612,0.10999999940395355,0.12250000238418579,0.14000000059604645,0.16500000655651093,0.20250000059604645,0.26750001311302185,0.39500001072883606,0.4724999964237213,0.4724999964237213,0.4724999964237213,0.4650000035762787,0.33000001311302185,0.25,0.20250000059604645,0.17000000178813934,0.15000000596046448,0.13249999284744263,0.12250000238418579,0.11249999701976776,0.10499999672174454
1785945694446395440,-0.023652000352740288,0.049867819994688034,0.14278613030910492,0.007648096885532141,0.25095662474632263,0.08873720467090607,0.00023435988987330347,-0.06445606797933578,0.08250000327825546,0.08749999850988388,0.0925000011920929,0.10000000149011612,0.10999999940395355,0.12250000238418579,0.14000000059604645,0.16500000655651093,0.20250000059604645,0.26499998569488525,0.39250001311302185,0.4724999964237213,0.4724999964237213,0.4724999964237213,0.4675000011920929,0.33000001311302185,0.25,0.20250000059604645,0.17000000178813934,0.15000000596046448,0.13249999284744263,0.12250000238418579,0.11249999701976776,0.10499999672174454
1785945694547227579,-0.023652000352740288,0.044934164732694626,0.14278613030910492,0.007648096885532141,0.24594835937023163,0.08380354940891266,0.00023435988987330347,-0.06445606797933578,0.08250000327825546,0.08749999850988388,0.0925000011920929,0.10000000149011612,0.10999999940395355,0.12250000238418579,0.14000000059604645,0.16750000417232513,0.20499999821186066,0.27000001072883606,0.41749998927116394,0.4724999964237213,0.4724999964237213,0.4724999964237213,0.46000000834465027,0.32499998807907104,0.2475000023841858,0.20000000298023224,0.17000000178813934,0.14749999344348907,0.13249999284744263,0.11999999731779099,0.11249999701976776,0.10499999672174454
1785945694646065354,-0.023652000352740288,0.044934164732694626,0.14260393381118774,0.007654209155589342,0.24610762298107147,0.0837954431772232,0.00022991097648628056,-0.06446032971143723,0.08250000327825546,0.08749999850988388,0.0925000011920929,0.10000000149011612,0.10999999940395355,0.12250000238418579,0.14000000059604645,0.16750000417232513,0.20499999821186066,0.27000001072883606,0.41749998927116394,0.4724999964237213,0.4724999964237213,0.4724999964237213,0.46000000834465027,0.32499998807907104,0.2475000023841858,0.20000000298023224,0.17000000178813934,0.14749999344348907,0.13249999284744263,0.11999999731779099,0.11249999701976776,0.10499999672174454
1785945694746498153,-0.023652000352740288,0.047221653163433075,0.14260393381118774,0.007654209155589342,0.24835623800754547,0.08608293533325195,0.00022991097648628056,-0.06446032971143723,0.08250000327825546,0.08749999850988388,0.0925000011920929,0.10000000149011612,0.10999999940395355,0.12250000238418579,0.14000000059604645,0.16500000655651093,0.20499999821186066,0.26750001311302185,0.4124999940395355,0.4724999964237213,0.4724999964237213,0.4724999964237213,0.46000000834465027,0.32749998569488525,0.2475000023841858,0.20000000298023224,0.17000000178813934,0.14749999344348907,0.13249999284744263,0.11999999731779099,0.11249999701976776,0.10499999672174454
1785945694846479578,-0.023652000352740288,0.04664454981684685,0.1424611210823059,0.007245657965540886,0.24831262230873108,0.08591312915086746,0.00023424129176419228,-0.06445382535457611,0.08250000327825546,0.08749999850988388,0.0925000011920929,0.10000000149011612,0.10999999940395355,0.12250000238418579,0.14000000059604645,0.16500000655651093,0.20499999821186066,0.27000001072883606,0.4124999940395355,0.4724999964237213,0.4724999964237213,0.4724999964237213,0.46000000834465027,0.32749998569488525,0.2475000023841858,0.20000000298023224,0.17000000178813934,0.14749999344348907,0.13249999284744263,0.11999999731779099,0.11249999701976776,0.10499999672174454
1785945694947118527,-0.023652000352740288,0.04664454981684685,0.1424611210823059,0.007245657965540886,0.24831262230873108,0.08591312915086746,0.00023424129176419228,-0.06445382535457611,0.08250000327825546,0.08749999850988388,0.0925000011920929,0.10000000149011612,0.10999999940395355,0.12250000238418579,0.14000000059604645,0.16500000655651093,0.20499999821186066,0.27000001072883606,0.4124999940395355,0.4724999964237213,0.4724999964237213,0.4724999964237213,0.46000000834465027,0.32749998569488525,0.2475000023841858,0.20000000298023224,0.17000000178813934,0.14749999344348907,0.13249999284744263,0.11999999731779099,0.11249999701976776,0.10499999672174454
1785945695046586945,-0.023652000352740288,0.04719200357794762,0.14250172674655914,0.007182334549725056,0.24884547293186188,0.08652810752391815,0.00023884756956249475,-0.06445591896772385,0.08250000327825546,0.08749999850988388,0.0925000011920929,0.10000000149011612,0.10999999940395355,0.12250000238418579,0.14000000059604645,0.16500000655651093,0.20499999821186066,0.26750001311302185,0.4124999940395355,0.4724999964237213,0.4724999964237213,0.4724999964237213,0.46000000834465027,0.32749998569488525,0.2475000023841858,0.20000000298023224,0.17000000178813934,0.14749999344348907,0.13249999284744263,0.11999999731779099,0.11249999701976776,0.10499999672174454
1785945695147003392,-0.023652000352740288,0.04847520962357521,0.14252705872058868,0.007141466252505779,0.25015440583229065,0.08784818649291992,0.0002388511784374714,-0.06446655839681625,0.08250000327825546,0.08749999850988388,0.0925000011920929,0.10000000149011612,0.10999999940395355,0.12250000238418579,0.14000000059604645,0.16500000655651093,0.20250000059604645,0.26750001311302185,0.39500001072883606,0.4724999964237213,0.4724999964237213,0.4724999964237213,0.4650000035762787,0.33000001311302185,0.25,0.20250000059604645,0.17000000178813934,0.15000000596046448,0.13249999284744263,0.12250000238418579,0.11249999701976776,0.10499999672174454
1785945695247946126,-0.023652000352740288,0.04873735085129738,0.14252705872058868,0.007141466252505779,0.25043386220932007,0.08811032772064209,0.0002388511784374714,-0.06446655839681625,0.08250000327825546,0.08749999850988388,0.0925000011920929,0.10000000149011612,0.10999999940395355,0.12250000238418579,0.14000000059604645,0.16500000655651093,0.20250000059604645,0.26750001311302185,0.39500001072883606,0.4724999964237213,0.4724999964237213,0.4724999964237213,0.4650000035762787,0.33000001311302185,0.25,0.20250000059604645,0.17000000178813934,0.15000000596046448,0.13249999284744263,0.12250000238418579,0.11249999701976776,0.10499999672174454
1785945695345866594,-0.023652000352740288,0.04873735085129738,0.1420353651046753,0.007576587609946728,0.25057312846183777,0.0876743420958519,0.0002388149150647223,-0.06446059048175812,0.08250000327825546,0.08749999850988388,0.0925000011920929,0.10000000149011612,0.10999999940395355,0.12250000238418579,0.14000000059604645,0.16500000655651093,0.20250000059604645,0.26750001311302185,0.39500001072883606,0.4724999964237213,0.4724999964237213,0.4724999964237213,0.4650000035762787,0.33000001311302185,0.25,0.20250000059604645,0.17000000178813934,0.15000000596046448,0.13249999284744263,0.12250000238418579,0.11249999701976776,0.10499999672174454
1785945695447871600,-0.023652000352740288,0.0469597764313221,0.1420353651046753,0.007576587609946728,0.24874091148376465,0.08589676767587662,0.0002388149150647223,-0.06446059048175812,0.08250000327825546,0.08749999850988388,0.0925000011920929,0.10000000149011612,0.10999999940395355,0.12250000238418579,0.14000000059604645,0.16500000655651093,0.20499999821186066,0.26750001311302185,0.4124999940395355,0.4724999964237213,0.4724999964237213,0.4724999964237213,0.46000000834465027,0.32749998569488525,0.2475000023841858,0.20000000298023224,0.17000000178813934,0.14749999344348907,0.13249999284744263,0.11999999731779099,0.11249999701976776,0.10499999672174454
1785945695545889415,-0.023652000352740288,0.04850364848971367,0.14095456898212433,0.007590886205434799,0.2517354190349579,0.08742830157279968,0.00023896862694527954,-0.06446471065282822,0.08250000327825546,0.08749999850988388,0.0925000011920929,0.10000000149011612,0.10999999940395355,0.12250000238418579,0.14000000059604645,0.16500000655651093,0.20250000059604645,0.26750001311302185,0.39500001072883606,0.4724999964237213,0.4724999964237213,0.4724999964237213,0.4650000035762787,0.33000001311302185,0.25,0.20250000059604645,0.17000000178813934,0.15000000596046448,0.13249999284744263,0.12250000238418579,0.11249999701976776,0.10499999672174454
1785945695646572173,-0.023652000352740288,0.04850364848971367,0.14095456898212433,0.007590886205434799,0.2517354190349579,0.08742830157279968,0.00023896862694527954,-0.06446471065282822,0.08250000327825546,0.08749999850988388,0.0925000011920929,0.10000000149011612,0.10999999940395355,0.12250000238418579,0.14000000059604645,0.16500000655651093,0.20250000059604645,0.26750001311302185,0.39500001072883606,0.4724999964237213,0.4724999964237213,0.4724999964237213,0.4650000035762787,0.33000001311302185,0.25,0.20250000059604645,0.17000000178813934,0.15000000596046448,0.13249999284744263,0.12250000238418579,0.11249999701976776,0.10499999672174454
1785945695747792195,-0.023652000352740288,0.04576987028121948,0.14119069278240204,0.0077420445159077644,0.24849534034729004,0.08454106748104095,0.00024324795231223106,-0.06445310264825821,0.08250000327825546,0.08749999850988388,0.0925000011920929,0.10000000149011612,0.10999999940395355,0.12250000238418579,0.14000000059604645,0.16500000655651093,0.20499999821186066,0.27000001072883606,0.41499999165534973,0.4724999964237213,0.4724999964237213,0.4724999964237213,0.46000000834465027,0.32499998807907104,0.2475000023841858,0.20000000298023224,0.17000000178813934,0.14749999344348907,0.13249999284744263,0.11999999731779099,0.11249999701976776,0.10499999672174454
1785945695846747862,-0.023652000352740288,0.04671477526426315,0.14138861000537872,0.007836023345589638,0.2490505427122116,0.08539579808712006,0.00023895002959761769,-0.06446410715579987,0.08250000327825546,0.08749999850988388,0.0925000011920929,0.10000000149011612,0.10999999940395355,0.12250000238418579,0.14000000059604645,0.16500000655651093,0.20499999821186066,0.27000001072883606,0.4124999940395355,0.4724999964237213,0.4724999964237213,0.4724999964237213,0.46000000834465027,0.32749998569488525,0.2475000023841858,0.20000000298023224,0.17000000178813934,0.14749999344348907,0.13249999284744263,0.11999999731779099,0.11249999701976776,0.10499999672174454
1785945695946552386,-0.023652000352740288,0.04912044107913971,0.14110872149467468,0.00799741130322218,0.25170376896858215,0.08763779699802399,0.00023861919180490077,-0.06446249783039093,0.08250000327825546,0.08749999850988388,0.0925000011920929,0.10000000149011612,0.10999999940395355,0.12250000238418579,0.14000000059604645,0.16500000655651093,0.20250000059604645,0.26750001311302185,0.39500001072883606,0.4724999964237213,0.4724999964237213,0.4724999964237213,0.4650000035762787,0.33000001311302185,0.25,0.20250000059604645,0.17000000178813934,0.15000000596046448,0.13249999284744263,0.12250000238418579,0.11249999701976776,0.10499999672174454
1785945696045767517,-0.023652000352740288,0.04912044107913971,0.14087824523448944,0.00809137336909771,0.25191906094551086,0.08754565566778183,0.00023877123021520674,-0.06445956975221634,0.08250000327825546,0.08749999850988388,0.0925000011920929,0.10000000149011612,0.10999999940395355,0.12250000238418579,0.14000000059604645,0.16500000655651093,0.20250000059604645,0.26750001311302185,0.39500001072883606,0.4724999964237213,0.4724999964237213,0.4724999964237213,0.4650000035762787,0.33000001311302185,0.25,0.20250000059604645,0.17000000178813934,0.15000000596046448,0.13249999284744263,0.12250000238418579,0.11249999701976776,0.10499999672174454
1785945696147845453,-0.023652000352740288,0.04863271862268448,0.14087824523448944,0.00809137336909771,0.2514148950576782,0.0870579332113266,0.00023877123021520674,-0.06445956975221634,0.08250000327825546,0.08749999850988388,0.0925000011920929,0.10000000149011612,0.10999999940395355,0.12250000238418579,0.14000000059604645,0.16500000655651093,0.20250000059604645,0.26750001311302185,0.39500001072883606,0.4724999964237213,0.4724999964237213,0.4724999964237213,0.4650000035762787,0.33000001311302185,0.25,0.20250000059604645,0.17000000178813934,0.15000000596046448,0.13249999284744263,0.12250000238418579,0.11249999701976776,0.10499999672174454
1785945696250245383,-0.023652000352740288,0.0447707436978817,0.1408339887857437,0.007784956134855747,0.24791865050792694,0.08350294828414917,0.00023005733964964747,-0.06445867568254471,0.08250000327825546,0.08749999850988388,0.0925000011920929,0.10000000149011612,0.10999999940395355,0.12250000238418579,0.14000000059604645,0.16750000417232513,0.20499999821186066,0.27000001072883606,0.41749998927116394,0.4724999964237213,0.4724999964237213,0.4724999964237213,0.46000000834465027,0.32499998807907104,0.2475000023841858,0.20000000298023224,0.17000000178813934,0.14749999344348907,0.13249999284744263,0.11999999731779099,0.11249999701976776,0.10499999672174454
1785945696348272638,-0.023652000352740288,0.0447707436978817,0.1408339887857437,0.007784956134855747,0.24791865050792694,0.08350294828414917,0.00023005733964964747,-0.06445867568254471,0.08250000327825546,0.08749999850988388,0.0925000011920929,0.10000000149011612,0.10999999940395355,0.12250000238418579,0.14000000059604645,0.16750000417232513,0.20499999821186066,0.27000001072883606,0.41749998927116394,0.4724999964237213,0.4724999964237213,0.4724999964237213,0.46000000834465027,0.32499998807907104,0.2475000023841858,0.20000000298023224,0.17000000178813934,0.14749999344348907,0.13249999284744263,0.11999999731779099,0.11249999701976776,0.10499999672174454
1785945696446388183,-0.023652000352740288,0.04519004002213478,0.14116357266902924,0.007660337258130312,0.24793151021003723,0.08404503762722015,0.00023451617744285613,-0.06446164846420288,0.08250000327825546,0.08749999850988388,0.0925000011920929,0.10000000149011612,0.10999999940395355,0.12250000238418579,0.14000000059604645,0.16500000655651093,0.20499999821186066,0.27000001072883606,0.41499999165534973,0.4724999964237213,0.4724999964237213,0.4724999964237213,0.46000000834465027,0.32499998807907104,0.2475000023841858,0.20000000298023224,0.17000000178813934,0.14749999344348907,0.13249999284744263,0.11999999731779099,0.11249999701976776,0.10499999672174454
1785945696546621136,-0.023652000352740288,0.04772235453128815,0.14116357266902924,0.007660337258130312,0.25044259428977966,0.08657734841108322,0.00023451617744285613,-0.06446164846420288,0.08250000327825546,0.08749999850988388,0.0925000011920929,0.10000000149011612,0.10999999940395355,0.12250000238418579,0.14000000059604645,0.16500000655651093,0.20250000059604645,0.26750001311302185,0.4099999964237213,0.4724999964237213,0.4724999964237213,0.4724999964237213,0.4625000059604645,0.32749998569488525,0.2475000023841858,0.20000000298023224,0.17000000178813934,0.14749999344348907,0.13249999284744263,0.11999999731779099,0.11249999701976776,0.10499999672174454
1785945696647339224,-0.023652000352740288,0.04561679810285568,0.1406630128622055,0.007846236228942871,0.24884101748466492,0.08428555727005005,0.00023879185027908534,-0.06446302682161331,0.08250000327825546,0.08749999850988388,0.0925000011920929,0.10000000149011612,0.10999999940395355,0.12250000238418579,0.14000000059604645,0.16500000655651093,0.20499999821186066,0.27000001072883606,0.41499999165534973,0.4724999964237213,0.4724999964237213,0.4724999964237213,0.46000000834465027,0.32499998807907104,0.2475000023841858,0.20000000298023224,0.17000000178813934,0.14749999344348907,0.13249999284744263,0.11999999731779099,0.11249999701976776,0.10499999672174454
1785945696745957696,-0.023652000352740288,0.04561679810285568,0.14025326073169708,0.007948369719088078,0.2493101805448532,0.08418320119380951,0.00023862443049438298,-0.06445179134607315,0.08250000327825546,0.08749999850988388,0.0925000011920929,0.10000000149011612,0.10999999940395355,0.12250000238418579,0.14000000059604645,0.16500000655651093,0.20499999821186066,0.27000001072883606,0.41499999165534973,0.4724999964237213,0.4724999964237213,0.4724999964237213,0.46000000834465027,0.32499998807907104,0.2475000023841858,0.20000000298023224,0.17000000178813934,0.14749999344348907,0.13249999284744263,0.11999999731779099,0.11249999701976776,0.10499999672174454
1785945696850554940,-0.023652000352740288,0.04842314496636391,0.14025326073169708,0.007948369719088078,0.25209107995033264,0.08698955178260803,0.00023862443049438298,-0.06445179134607315,0.08250000327825546,0.08749999850988388,0.0925000011920929,0.10000000149011612,0.10999999940395355,0.12250000238418579,0.14000000059604645,0.16500000655651093,0.20250000059604645,0.26750001311302185,0.39500001072883606,0.4724999964237213,0.4724999964237213,0.4724999964237213,0.4650000035762787,0.33000001311302185,0.2475000023841858,0.20250000059604645,0.17000000178813934,0.15000000596046448,0.13249999284744263,0.12250000238418579,0.11249999701976776,0.10499999672174454
1785945696946100329,-0.023652000352740288,0.048477593809366226,0.13868434727191925,0.007799255196005106,0.2544000744819641,0.087195485830307,0.00023450463777408004,-0.06445609778165817,0.08250000327825546,0.08749999850988388,0.0925000011920929,0.10000000149011612,0.10999999940395355,0.12250000238418579,0.14000000059604645,0.16500000655651093,0.20250000059604645,0.26750001311302185,0.39500001072883606,0.4724999964237213,0.4724999964237213,0.4724999964237213,0.4650000035762787,0.33000001311302185,0.25,0.20250000059604645,0.17000000178813934,0.15000000596046448,0.13249999284744263,0.12250000238418579,0.11249999701976776,0.10499999672174454
1785945697046584233,-0.023652000352740288,0.047709085047245026,0.13868434727191925,0.007799255196005106,0.2536208927631378,0.08642697334289551,0.00023450463777408004,-0.06445609778165817,0.08250000327825546,0.08749999850988388,0.0925000011920929,0.10000000149011612,0.10999999940395355,0.12250000238418579,0.14000000059604645,0.16500000655651093,0.20250000059604645,0.26750001311302185,0.4099999964237213,0.4724999964237213,0.4724999964237213,0.4724999964237213,0.4625000059604645,0.32749998569488525,0.2475000023841858,0.20000000298023224,0.17000000178813934,0.14749999344348907,0.13249999284744263,0.11999999731779099,0.11249999701976776,0.10499999672174454
1785945697147052649,-0.023652000352740288,0.047709085047245026,0.13876374065876007,0.007946327328681946,0.25331711769104004,0.08627752959728241,0.00023433417663909495,-0.0644623339176178,0.08250000327825546,0.08749999850988388,0.0925000011920929,0.10000000149011612,0.10999999940395355,0.12250000238418579,0.14000000059604645,0.16500000655651093,0.20250000059604645,0.26750001311302185,0.4099999964237213,0.4724999964237213,0.4724999964237213,0.4724999964237213,0.4625000059604645,0.32749998569488525,0.2475000023841858,0.20000000298023224,0.17000000178813934,0.14749999344348907,0.13249999284744263,0.11999999731779099,0.11249999701976776,0.10499999672174454
1785945697246710097,-0.023652000352740288,0.04876403883099556,0.13876374065876007,0.007946327328681946,0.2543870508670807,0.08733248710632324,0.00023433417663909495,-0.0644623339176178,0.08250000327825546,0.08749999850988388,0.0925000011920929,0.10000000149011612,0.10999999940395355,0.12250000238418579,0.14000000059604645,0.16500000655651093,0.20250000059604645,0.26750001311302185,0.39500001072883606,0.4724999964237213,0.4724999964237213,0.4724999964237213,0.4650000035762787,0.33000001311302185,0.25,0.20250000059604645,0.17000000178813934,0.15000000596046448,0.13249999284744263,0.12250000238418579,0.11249999701976776,0.10499999672174454
1785945697346014062,-0.023652000352740288,0.04930761083960533,0.13773274421691895,0.008314041420817375,0.2560274302959442,0.08750759810209274,0.00022985551913734525,-0.06446169316768646,0.08250000327825546,0.08749999850988388,0.0925000011920929,0.10000000149011612,0.10999999940395355,0.12250000238418579,0.14000000059604645,0.16500000655651093,0.20250000059604645,0.26750001311302185,0.39250001311302185,0.4724999964237213,0.4724999964237213,0.4724999964237213,0.4675000011920929,0.33000001311302185,0.25,0.20250000059604645,0.17000000178813934,0.15000000596046448,0.13249999284744263,0.12250000238418579,0.11249999701976776,0.10499999672174454
1785945697446579377,-0.023652000352740288,0.04930761083960533,0.13773274421691895,0.008314041420817375,0.2560274302959442,0.08750759810209274,0.00022985551913734525,-0.06446169316768646,0.08250000327825546,0.08749999850988388,0.0925000011920929,0.10000000149011612,0.10999999940395355,0.12250000238418579,0.14000000059604645,0.16500000655651093,0.20250000059604645,0.26750001311302185,0.39250001311302185,0.4724999964237213,0.4724999964237213,0.4724999964237213,0.4675000011920929,0.33000001311302185,0.25,0.20250000059604645,0.17000000178813934,0.15000000596046448,0.13249999284744263,0.12250000238418579,0.11249999701976776,0.10499999672174454
1785945697547279448,-0.023652000352740288,0.048880476504564285,0.13773274421691895,0.008314041420817375,0.2555932402610779,0.0870804637670517,0.00022985551913734525,-0.06446169316768646,0.08250000327825546,0.08749999850988388,0.0925000011920929,0.10000000149011612,0.10999999940395355,0.12250000238418579,0.14000000059604645,0.16500000655651093,0.20250000059604645,0.26750001311302185,0.39500001072883606,0.4724999964237213,0.4724999964237213,0.4724999964237213,0.4650000035762787,0.33000001311302185,0.25,0.20250000059604645,0.17000000178813934,0.15000000596046448,0.13249999284744263,0.12250000238418579,0.11249999701976776,0.10499999672174454
1785945697647789305,-0.023652000352740288,0.04974236339330673,0.13735219836235046,0.007917730137705803,0.25741150975227356,0.08833950757980347,0.00023433683963958174,-0.06446283310651779,0.08250000327825546,0.08749999850988388,0.0925000011920929,0.10000000149011612,0.10999999940395355,0.12250000238418579,0.14000000059604645,0.16500000655651093,0.20250000059604645,0.26499998569488525,0.39250001311302185,0.4724999964237213,0.4724999964237213,0.4724999964237213,0.4675000011920929,0.33000001311302185,0.25,0.20250000059604645,0.17000000178813934,0.15000000596046448,0.13249999284744263,0.12250000238418579,0.11249999701976776,0.10499999672174454
1785945697746500933,-0.023652000352740288,0.048478465527296066,0.13735219836235046,0.007917730137705803,0.2561158537864685,0.0870756059885025,0.00023433683963958174,-0.06446283310651779,0.08250000327825546,0.08749999850988388,0.0925000011920929,0.10000000149011612,0.10999999940395355,0.12250000238418579,0.14000000059604645,0.16500000655651093,0.20250000059604645,0.26750001311302185,0.39500001072883606,0.4724999964237213,0.4724999964237213,0.4724999964237213,0.4650000035762787,0.33000001311302185,0.25,0.20250000059604645,0.17000000178813934,0.15000000596046448,0.13249999284744263,0.12250000238418579,0.11249999701976776,0.10499999672174454
1785945697848086854,-0.023652000352740288,0.048478465527296066,0.1378450244665146,0.008287469856441021,0.2550596594810486,0.08670714497566223,0.0002343064988963306,-0.06445730477571487,0.08250000327825546,0.08749999850988388,0.0925000011920929,0.10000000149011612,0.10999999940395355,0.12250000238418579,0.14000000059604645,0.16500000655651093,0.20250000059604645,0.26750001311302185,0.39500001072883606,0.4724999964237213,0.4724999964237213,0.4724999964237213,0.4650000035762787,0.33000001311302185,0.25,0.20250000059604645,0.17000000178813934,0.15000000596046448,0.13249999284744263,0.12250000238418579,0.11249999701976776,0.10499999672174454
1785945697947717933,-0.023652000352740288,0.04837153106927872,0.1378450244665146,0.008287469856441021,0.25495222210884094,0.08660021424293518,0.0002343064988963306,-0.06445730477571487,0.08250000327825546,0.08749999850988388,0.0925000011920929,0.10000000149011612,0.10999999940395355,0.12250000238418579,0.14000000059604645,0.16500000655651093,0.20250000059604645,0.26750001311302185,0.39500001072883606,0.4724999964237213,0.4724999964237213,0.4724999964237213,0.4650000035762787,0.33000001311302185,0.2475000023841858,0.20250000059604645,0.17000000178813934,0.15000000596046448,0.13249999284744263,0.12250000238418579,0.11249999701976776,0.10499999672174454
1785945698054651439,-0.023652000352740288,0.04837153106927872,0.1378450244665146,0.008287469856441021,0.25495222210884094,0.08660021424293518,0.0002343064988963306,-0.06445730477571487,0.08250000327825546,0.08749999850988388,0.0925000011920929,0.10000000149011612,0.10999999940395355,0.12250000238418579,0.14000000059604645,0.16500000655651093,0.20250000059604645,0.26750001311302185,0.39500001072883606,0.4724999964237213,0.4724999964237213,0.4724999964237213,0.4650000035762787,0.33000001311302185,0.2475000023841858,0.20250000059604645,0.17000000178813934,0.15000000596046448,0.13249999284744263,0.12250000238418579,0.11249999701976776,0.10499999672174454
1785945698147038461,-0.023652000352740288,0.046697989106178284,0.13794967532157898,0.00827727373689413,0.25315937399864197,0.08493492752313614,0.00023859280918259174,-0.06445544958114624,0.08250000327825546,0.08749999850988388,0.0925000011920929,0.10000000149011612,0.10999999940395355,0.12250000238418579,0.14000000059604645,0.16500000655651093,0.20499999821186066,0.27000001072883606,0.4124999940395355,0.4724999964237213,0.4724999964237213,0.4724999964237213,0.46000000834465027,0.32749998569488525,0.2475000023841858,0.20000000298023224,0.17000000178813934,0.14749999344348907,0.13249999284744263,0.11999999731779099,0.11249999701976776,0.10499999672174454
1785945698248133296,-0.023652000352740288,0.04768383875489235,0.13794967532157898,0.00827727373689413,0.25411853194236755,0.0859207808971405,0.00023859280918259174,-0.06445544958114624,0.08250000327825546,0.08749999850988388,0.0925000011920929,0.10000000149011612,0.10999999940395355,0.12250000238418579,0.14000000059604645,0.16500000655651093,0.20250000059604645,0.26750001311302185,0.4099999964237213,0.4724999964237213,0.4724999964237213,0.4724999964237213,0.4625000059604645,0.32749998569488525,0.2475000023841858,0.20000000298023224,0.17000000178813934,0.14749999344348907,0.13249999284744263,0.11999999731779099,0.11249999701976776,0.10499999672174454
1785945698347864345,-0.023652000352740288,0.04768383875489235,0.1384657472372055,0.008285426534712315,0.25341400504112244,0.08591260015964508,0.00023859197972342372,-0.06446167081594467,0.08250000327825546,0.08749999850988388,0.0925000011920929,0.10000000149011612,0.10999999940395355,0.12250000238418579,0.14000000059604645,0.16500000655651093,0.20250000059604645,0.26750001311302185,0.4099999964237213,0.4724999964237213,0.4724999964237213,0.4724999964237213,0.4625000059604645,0.32749998569488525,0.2475000023841858,0.20000000298023224,0.17000000178813934,0.14749999344348907,0.13249999284744263,0.11999999731779099,0.11249999701976776,0.10499999672174454
1785945698447244857,-0.023652000352740288,0.04871651902794838,0.13889487087726593,0.008289512246847153,0.2538728415966034,0.08694315701723099,0.00023430630972143263,-0.06445726752281189,0.08250000327825546,0.08749999850988388,0.0925000011920929,0.10000000149011612,0.10999999940395355,0.12250000238418579,0.14000000059604645,0.16500000655651093,0.20250000059604645,0.26750001311302185,0.39500001072883606,0.4724999964237213,0.4724999964237213,0.4724999964237213,0.4650000035762787,0.33000001311302185,0.25,0.20250000059604645,0.17000000178813934,0.15000000596046448,0.13249999284744263,0.12250000238418579,0.11249999701976776,0.10499999672174454
1785945698548549202,-0.024309000000357628,0.04905710741877556,0.13921447098255157,0.008320169523358345,0.2537739872932434,0.08725300431251526,0.0002343034284422174,-0.06446162611246109,0.08250000327825546,0.08749999850988388,0.0925000011920929,0.10000000149011612,0.10999999940395355,0.12250000238418579,0.14000000059604645,0.16500000655651093,0.20250000059604645,0.26750001311302185,0.39500001072883606,0.4724999964237213,0.4724999964237213,0.4724999964237213,0.4650000035762787,0.33000001311302185,0.25,0.20250000059604645,0.17000000178813934,0.15000000596046448,0.13249999284744263,0.12250000238418579,0.11249999701976776,0.10499999672174454
1785945698648025556,-0.023652000352740288,0.04905710741877556,0.13948222994804382,0.008334468118846416,0.25341835618019104,0.08723869919776917,0.0002343020896660164,-0.06445609778165817,0.08250000327825546,0.08749999850988388,0.0925000011920929,0.10000000149011612,0.10999999940395355,0.12250000238418579,0.14000000059604645,0.16500000655651093,0.20250000059604645,0.26750001311302185,0.39500001072883606,0.4724999964237213,0.4724999964237213,0.4724999964237213,0.4650000035762787,0.33000001311302185,0.25,0.20250000059604645,0.17000000178813934,0.15000000596046448,0.13249999284744263,0.12250000238418579,0.11249999701976776,0.10499999672174454
1785945698747075946,-0.023652000352740288,0.04757203906774521,0.13948222994804382,0.008334468118846416,0.2519237995147705,0.08575363457202911,0.0002343020896660164,-0.06445609778165817,0.08250000327825546,0.08749999850988388,0.0925000011920929,0.10000000149011612,0.10999999940395355,0.12250000238418579,0.14000000059604645,0.16500000655651093,0.20250000059604645,0.26750001311302185,0.4099999964237213,0.4724999964237213,0.4724999964237213,0.4724999964237213,0.4625000059604645,0.32749998569488525,0.2475000023841858,0.20000000298023224,0.17000000178813934,0.14749999344348907,0.13249999284744263,0.11999999731779099,0.11249999701976776,0.10499999672174454
1785945698847560106,-0.023652000352740288,0.047213029116392136,0.138153076171875,0.008367150090634823,0.2534227669239044,0.08536191284656525,0.00022985074610915035,-0.06445406377315521,0.08250000327825546,0.08749999850988388,0.0925000011920929,0.10000000149011612,0.10999999940395355,0.12250000238418579,0.14000000059604645,0.16500000655651093,0.20499999821186066,0.26750001311302185,0.4124999940395355,0.4724999964237213,0.4724999964237213,0.4724999964237213,0.46000000834465027,0.32749998569488525,0.2475000023841858,0.20000000298023224,0.17000000178813934,0.14749999344348907,0.13249999284744263,0.11999999731779099,0.11249999701976776,0.10499999672174454
1785945698947339286,-0.023652000352740288,0.047213029116392136,0.138153076171875,0.008367150090634823,0.2534227669239044,0.08536191284656525,0.00022985074610915035,-0.06445406377315521,0.08250000327825546,0.08749999850988388,0.0925000011920929,0.10000000149011612,0.10999999940395355,0.12250000238418579,0.14000000059604645,0.16500000655651093,0.20499999821186066,0.26750001311302185,0.4124999940395355,0.4724999964237213,0.4724999964237213,0.4724999964237213,0.46000000834465027,0.32749998569488525,0.2475000023841858,0.20000000298023224,0.17000000178813934,0.14749999344348907,0.13249999284744263,0.11999999731779099,0.11249999701976776,0.10499999672174454
1785945699047453739,-0.023652000352740288,0.04790959879755974,0.1383056342601776,0.008275213651359081,0.25397738814353943,0.086150623857975,0.00023875613987911493,-0.06445318460464478,0.08250000327825546,0.08749999850988388,0.0925000011920929,0.10000000149011612,0.10999999940395355,0.12250000238418579,0.14000000059604645,0.16500000655651093,0.20250000059604645,0.26750001311302185,0.4099999964237213,0.4724999964237213,0.4724999964237213,0.4724999964237213,0.4625000059604645,0.32749998569488525,0.2475000023841858,0.20000000298023224,0.17000000178813934,0.15000000596046448,0.13249999284744263,0.11999999731779099,0.11249999701976776,0.10499999672174454
1785945699146725383,-0.023652000352740288,0.049262505024671555,0.1384311020374298,0.008218019269406796,0.25521552562713623,0.0875587910413742,0.00022970212739892304,-0.06446036696434021,0.08250000327825546,0.08749999850988388,0.0925000011920929,0.10000000149011612,0.10999999940395355,0.12250000238418579,0.14000000059604645,0.16500000655651093,0.20250000059604645,0.26750001311302185,0.39250001311302185,0.4724999964237213,0.4724999964237213,0.4724999964237213,0.4650000035762787,0.33000001311302185,0.25,0.20250000059604645,0.17000000178813934,0.15000000596046448,0.13249999284744263,0.12250000238418579,0.11249999701976776,0.10499999672174454
1785945699247706455,-0.023652000352740288,0.04477880522608757,0.13891667127609253,0.008340596221387386,0.25008833408355713,0.08295222371816635,0.0002346265537198633,-0.06445599347352982,0.08250000327825546,0.08749999850988388,0.0925000011920929,0.10000000149011612,0.10999999940395355,0.12250000238418579,0.14000000059604645,0.16750000417232513,0.20499999821186066,0.27000001072883606,0.41749998927116394,0.4724999964237213,0.4724999964237213,0.4724999964237213,0.46000000834465027,0.32499998807907104,0.2475000023841858,0.20000000298023224,0.17000000178813934,0.14749999344348907,0.13249999284744263,0.11999999731779099,0.11249999701976776,0.10499999672174454
1785945699346413922,-0.023652000352740288,0.04477880522608757,0.13933145999908447,0.008416174910962582,0.24946294724941254,0.08288052678108215,0.00023429462453350425,-0.06446298956871033,0.08250000327825546,0.08749999850988388,0.0925000011920929,0.10000000149011612,0.10999999940395355,0.12250000238418579,0.14000000059604645,0.16750000417232513,0.20499999821186066,0.27000001072883606,0.41749998927116394,0.4724999964237213,0.4724999964237213,0.4724999964237213,0.46000000834465027,0.32499998807907104,0.2475000023841858,0.20000000298023224,0.17000000178813934,0.14749999344348907,0.13249999284744263,0.11999999731779099,0.11249999701976776,0.10499999672174454
1785945699447119945,-0.023652000352740288,0.04582866653800011,0.13923592865467072,0.008481540717184544,0.25051701068878174,0.08386285603046417,0.00023445322585757822,-0.0644652396440506,0.08250000327825546,0.08749999850988388,0.0925000011920929,0.10000000149011612,0.10999999940395355,0.12250000238418579,0.14000000059604645,0.16500000655651093,0.20499999821186066,0.27000001072883606,0.41499999165534973,0.4724999964237213,0.4724999964237213,0.4724999964237213,0.46000000834465027,0.32499998807907104,0.2475000023841858,0.20000000298023224,0.17000000178813934,0.14749999344348907,0.13249999284744263,0.11999999731779099,0.11249999701976776,0.10499999672174454
1785945699546908981,-0.023652000352740288,0.04736785218119621,0.1391606479883194,0.008516282774508,0.25207340717315674,0.08536729961633682,0.00023428697022609413,-0.06445551663637161,0.08250000327825546,0.08749999850988388,0.0925000011920929,0.10000000149011612,0.10999999940395355,0.12250000238418579,0.14000000059604645,0.16500000655651093,0.20499999821186066,0.26750001311302185,0.4124999940395355,0.4724999964237213,0.4724999964237213,0.4724999964237213,0.4625000059604645,0.32749998569488525,0.2475000023841858,0.20000000298023224,0.17000000178813934,0.14749999344348907,0.13249999284744263,0.11999999731779099,0.11249999701976776,0.10499999672174454
1785945699647287474,-0.023652000352740288,0.04736785218119621,0.1391606479883194,0.008516282774508,0.25207340717315674,0.08536729961633682,0.00023428697022609413,-0.06445551663637161,0.08250000327825546,0.08749999850988388,0.0925000011920929,0.10000000149011612,0.10999999940395355,0.12250000238418579,0.14000000059604645,0.16500000655651093,0.20499999821186066,0.26750001311302185,0.4124999940395355,0.4724999964237213,0.4724999964237213,0.4724999964237213,0.4625000059604645,0.32749998569488525,0.2475000023841858,0.20000000298023224,0.17000000178813934,0.14749999344348907,0.13249999284744263,0.11999999731779099,0.11249999701976776,0.10499999672174454
1785945699745888122,-0.023652000352740288,0.048704832792282104,0.1384364366531372,0.008162867277860641,0.2547651529312134,0.08705639094114304,0.0002387643326073885,-0.06446310132741928,0.08250000327825546,0.08749999850988388,0.0925000011920929,0.10000000149011612,0.10999999940395355,0.12250000238418579,0.14000000059604645,0.16500000655651093,0.20250000059604645,0.26750001311302185,0.39500001072883606,0.4724999964237213,0.4724999964237213,0.4724999964237213,0.4650000035762787,0.33000001311302185,0.25,0.20250000059604645,0.17000000178813934,0.15000000596046448,0.13249999284744263,0.12250000238418579,0.11249999701976776,0.10499999672174454
1785945699848030732,-0.023652000352740288,0.048704832792282104,0.1384364366531372,0.008162867277860641,0.2547651529312134,0.08705639094114304,0.0002387643326073885,-0.06446310132741928,0.08250000327825546,0.08749999850988388,0.0925000011920929,0.10000000149011612,0.10999999940395355,0.12250000238418579,0.14000000059604645,0.16500000655651093,0.20250000059604645,0.26750001311302185,0.39500001072883606,0.4724999964237213,0.4724999964237213,0.4724999964237213,0.4650000035762787,0.33000001311302185,0.25,0.20250000059604645,0.17000000178813934,0.15000000596046448,0.13249999284744263,0.12250000238418579,0.11249999701976776,0.10499999672174454
1785945699946407086,-0.023652000352740288,0.050173595547676086,0.13868573307991028,0.008279316127300262,0.2558262348175049,0.08840841054916382,0.0002343070664210245,-0.06446467339992523,0.08250000327825546,0.08749999850988388,0.0925000011920929,0.10000000149011612,0.10999999940395355,0.12250000238418579,0.14000000059604645,0.16500000655651093,0.20250000059604645,0.26499998569488525,0.39250001311302185,0.4724999964237213,0.4724999964237213,0.4724999964237213,0.4675000011920929,0.33000001311302185,0.25,0.20250000059604645,0.17000000178813934,0.15000000596046448,0.13249999284744263,0.12250000238418579,0.11249999701976776,0.10499999672174454
1785945700045790765,-0.023652000352740288,0.04881887137889862,0.13868573307991028,0.008279316127300262,0.25443294644355774,0.08705368638038635,0.0002343070664210245,-0.06446467339992523,0.08250000327825546,0.08749999850988388,0.0925000011920929,0.10000000149011612,0.10999999940395355,0.12250000238418579,0.14000000059604645,0.16500000655651093,0.20250000059604645,0.26750001311302185,0.39500001072883606,0.4724999964237213,0.4724999964237213,0.4724999964237213,0.4650000035762787,0.33000001311302185,0.25,0.20250000059604645,0.17000000178813934,0.15000000596046448,0.13249999284744263,0.12250000238418579,0.11249999701976776,0.10499999672174454
1785945700147235243,-0.023652000352740288,0.04881887137889862,0.1386842578649521,0.008307896554470062,0.25442013144493103,0.08702908456325531,0.00023430457804352045,-0.06446274369955063,0.08250000327825546,0.08749999850988388,0.0925000011920929,0.10000000149011612,0.10999999940395355,0.12250000238418579,0.14000000059604645,0.16500000655651093,0.20250000059604645,0.26750001311302185,0.39500001072883606,0.4724999964237213,0.4724999964237213,0.4724999964237213,0.4650000035762787,0.33000001311302185,0.25,0.20250000059604645,0.17000000178813934,0.15000000596046448,0.13249999284744263,0.12250000238418579,0.11249999701976776,0.10499999672174454
1785945700256703640,-0.023652000352740288,0.05048796162009239,0.13868777453899384,0.008320169523358345,0.2561359703540802,0.08868385851383209,0.00023891308228485286,-0.06445635110139847,0.08250000327825546,0.08749999850988388,0.0925000011920929,0.10000000149011612,0.10999999940395355,0.12250000238418579,0.14000000059604645,0.16500000655651093,0.20250000059604645,0.26499998569488525,0.38999998569488525,0.4724999964237213,0.4724999964237213,0.4724999964237213,0.4699999988079071,0.33250001072883606,0.25,0.20250000059604645,0.17000000178813934,0.15000000596046448,0.13249999284744263,0.12250000238418579,0.11249999701976776,0.10499999672174454
1785945700347100586,-0.023652000352740288,0.05150466412305832,0.13868765532970428,0.008126099593937397,0.25743621587753296,0.08989505469799042,0.0002344791282666847,-0.06445512175559998,0.08250000327825546,0.08749999850988388,0.0925000011920929,0.10000000149011612,0.10999999940395355,0.12250000238418579,0.14000000059604645,0.16500000655651093,0.20250000059604645,0.26499998569488525,0.38999998569488525,0.4724999964237213,0.4724999964237213,0.4724999964237213,0.4724999964237213,0.33250001072883606,0.25,0.20250000059604645,0.17249999940395355,0.15000000596046448,0.13249999284744263,0.12250000238418579,0.11249999701976776,0.10499999672174454
1785945700445983995,-0.023652000352740288,0.04851054772734642,0.13868451118469238,0.008017821237444878,0.2544184923171997,0.08700533211231232,0.00023861709632910788,-0.06445972621440887,0.08250000327825546,0.08749999850988388,0.0925000011920929,0.10000000149011612,0.10999999940395355,0.12250000238418579,0.14000000059604645,0.16500000655651093,0.20250000059604645,0.26750001311302185,0.39500001072883606,0.4724999964237213,0.4724999964237213,0.4724999964237213,0.4650000035762787,0.33000001311302185,0.25,0.20250000059604645,0.17000000178813934,0.15000000596046448,0.13249999284744263,0.12250000238418579,0.11249999701976776,0.10499999672174454
1785945700548866403,-0.023652000352740288,0.04851054772734642,0.1388966590166092,0.008154713548719883,0.2539981007575989,0.08687020093202591,0.0002343168162042275,-0.0644603818655014,0.08250000327825546,0.08749999850988388,0.0925000011920929,0.10000000149011612,0.10999999940395355,0.12250000238418579,0.14000000059604645,0.16500000655651093,0.20250000059604645,0.26750001311302185,0.39500001072883606,0.4724999964237213,0.4724999964237213,0.4724999964237213,0.4650000035762787,0.33000001311302185,0.25,0.20250000059604645,0.17000000178813934,0.15000000596046448,0.13249999284744263,0.12250000238418579,0.11249999701976776,0.10499999672174454
1785945700645999263,-0.023652000352740288,0.04721144959330559,0.13907934725284576,0.008242531679570675,0.2523866891860962,0.08548517525196075,0.000234471372095868,-0.06445612758398056,0.08250000327825546,0.08749999850988388,0.0925000011920929,0.10000000149011612,0.10999999940395355,0.12250000238418579,0.14000000059604645,0.16500000655651093,0.20499999821186066,0.26750001311302185,0.4124999940395355,0.4724999964237213,0.4724999964237213,0.4724999964237213,0.46000000834465027,0.32749998569488525,0.2475000023841858,0.20000000298023224,0.17000000178813934,0.14749999344348907,0.13249999284744263,0.11999999731779099,0.11249999701976776,0.10499999672174454
1785945700747116275,-0.023652000352740288,0.047563586384058,0.13907934725284576,0.008242531679570675,0.2527317404747009,0.08583731204271317,0.000234471372095868,-0.06445612758398056,0.08250000327825546,0.08749999850988388,0.0925000011920929,0.10000000149011612,0.10999999940395355,0.12250000238418579,0.14000000059604645,0.16500000655651093,0.20250000059604645,0.26750001311302185,0.4099999964237213,0.4724999964237213,0.4724999964237213,0.4724999964237213,0.4625000059604645,0.32749998569488525,0.2475000023841858,0.20000000298023224,0.17000000178813934,0.14749999344348907,0.13249999284744263,0.11999999731779099,0.11249999701976776,0.10499999672174454
1785945700847067075,-0.024309000000357628,0.047563586384058,0.13967575132846832,0.008375321514904499,0.2518051862716675,0.08570429682731628,0.00023429826251231134,-0.06445880979299545,0.08250000327825546,0.08749999850988388,0.0925000011920929,0.10000000149011612,0.10999999940395355,0.12250000238418579,0.14000000059604645,0.16500000655651093,0.20250000059604645,0.26750001311302185,0.4099999964237213,0.4724999964237213,0.4724999964237213,0.4724999964237213,0.4625000059604645,0.32749998569488525,0.2475000023841858,0.20000000298023224,0.17000000178813934,0.14749999344348907,0.13249999284744263,0.11999999731779099,0.11249999701976776,0.10499999672174454
1785945700947432736,-0.024309000000357628,0.047491077333688736,0.13967575132846832,0.008375321514904499,0.2517337501049042,0.08563178777694702,0.00023429826251231134,-0.06445880979299545,0.08250000327825546,0.08749999850988388,0.0925000011920929,0.10000000149011612,0.10999999940395355,0.12250000238418579,0.14000000059604645,0.16500000655651093,0.20250000059604645,0.26750001311302185,0.4099999964237213,0.4724999964237213,0.4724999964237213,0.4724999964237213,0.4625000059604645,0.32749998569488525,0.2475000023841858,0.20000000298023224,0.17000000178813934,0.14749999344348907,0.13249999284744263,0.11999999731779099,0.11249999701976776,0.10499999672174454
1785945701045788417,-0.023652000352740288,0.048563919961452484,0.13929960131645203,0.008152653463184834,0.25352901220321655,0.08692765980958939,0.00023892729950603098,-0.06445954740047455,0.08250000327825546,0.08749999850988388,0.0925000011920929,0.10000000149011612,0.10999999940395355,0.12250000238418579,0.14000000059604645,0.16500000655651093,0.20250000059604645,0.26750001311302185,0.39500001072883606,0.4724999964237213,0.4724999964237213,0.4724999964237213,0.4650000035762787,0.33000001311302185,0.25,0.20250000059604645,0.17000000178813934,0.15000000596046448,0.13249999284744263,0.12250000238418579,0.11249999701976776,0.10499999672174454
1785945701147284576,-0.023652000352740288,0.04901238903403282,0.13929960131645203,0.008152653463184834,0.25398552417755127,0.08737613260746002,0.00023892729950603098,-0.06445954740047455,0.08250000327825546,0.08749999850988388,0.0925000011920929,0.10000000149011612,0.10999999940395355,0.12250000238418579,0.14000000059604645,0.16500000655651093,0.20250000059604645,0.26750001311302185,0.39500001072883606,0.4724999964237213,0.4724999964237213,0.4724999964237213,0.4650000035762787,0.33000001311302185,0.25,0.20250000059604645,0.17000000178813934,0.15000000596046448,0.13249999284744263,0.12250000238418579,0.11249999701976776,0.10499999672174454
1785945701246096974,-0.023652000352740288,0.04901238903403282,0.1389591097831726,0.008397790603339672,0.2542101740837097,0.08712849766016006,0.00023890861484687775,-0.06445842236280441,0.08250000327825546,0.08749999850988388,0.0925000011920929,0.10000000149011612,0.10999999940395355,0.12250000238418579,0.14000000059604645,0.16500000655651093,0.20250000059604645,0.26750001311302185,0.39500001072883606,0.4724999964237213,0.4724999964237213,0.4724999964237213,0.4650000035762787,0.33000001311302185,0.25,0.20250000059604645,0.17000000178813934,0.15000000596046448,0.13249999284744263,0.12250000238418579,0.11249999701976776,0.10499999672174454
1785945701346682706,-0.023652000352740288,0.04531732201576233,0.1389591097831726,0.008397790603339672,0.2506340742111206,0.08343343436717987,0.00023890861484687775,-0.06445842236280441,0.08250000327825546,0.08749999850988388,0.0925000011920929,0.10000000149011612,0.10999999940395355,0.12250000238418579,0.14000000059604645,0.16500000655651093,0.20499999821186066,0.27000001072883606,0.41499999165534973,0.4724999964237213,0.4724999964237213,0.4724999964237213,0.46000000834465027,0.32499998807907104,0.2475000023841858,0.20000000298023224,0.17000000178813934,0.14749999344348907,0.13249999284744263,0.11999999731779099,0.11249999701976776,0.10499999672174454
1785945701447517213,-0.023652000352740288,0.050425030291080475,0.13943925499916077,0.008363066241145134,0.2550755441188812,0.08857596665620804,0.000230014615226537,-0.06445319205522537,0.08250000327825546,0.08749999850988388,0.0925000011920929,0.10000000149011612,0.10999999940395355,0.12250000238418579,0.14000000059604645,0.16500000655651093,0.20250000059604645,0.26499998569488525,0.38999998569488525,0.4724999964237213,0.4724999964237213,0.4724999964237213,0.4699999988079071,0.33250001072883606,0.25,0.20250000059604645,0.17000000178813934,0.15000000596046448,0.13249999284744263,0.12250000238418579,0.11249999701976776,0.10499999672174454
1785945701548284038,-0.023652000352740288,0.050425030291080475,0.13985100388526917,0.008342638611793518,0.2545660138130188,0.08859844505786896,0.00023874980979599059,-0.06446319073438644,0.08250000327825546,0.08749999850988388,0.0925000011920929,0.10000000149011612,0.10999999940395355,0.12250000238418579,0.14000000059604645,0.16500000655651093,0.20250000059604645,0.26499998569488525,0.38999998569488525,0.4724999964237213,0.4724999964237213,0.4724999964237213,0.4699999988079071,0.33250001072883606,0.25,0.20250000059604645,0.17000000178813934,0.15000000596046448,0.13249999284744263,0.12250000238418579,0.11249999701976776,0.10499999672174454
1785945701650153072,-0.023652000352740288,0.04764058440923691,0.14017491042613983,0.008330382406711578,0.2513084411621094,0.08582626283168793,0.00023875095939729363,-0.06446053832769394,0.08250000327825546,0.08749999850988388,0.0925000011920929,0.10000000149011612,0.10999999940395355,0.12250000238418579,0.14000000059604645,0.16500000655651093,0.20250000059604645,0.26750001311302185,0.4099999964237213,0.4724999964237213,0.4724999964237213,0.4724999964237213,0.4625000059604645,0.32749998569488525,0.2475000023841858,0.20000000298023224,0.17000000178813934,0.14749999344348907,0.13249999284744263,0.11999999731779099,0.11249999701976776,0.10499999672174454
1785945701746158378,-0.023652000352740288,0.045306164771318436,0.14045162498950958,0.008322212845087051,0.24870797991752625,0.08350002765655518,0.00022985495161265135,-0.0644586905837059,0.08250000327825546,0.08749999850988388,0.0925000011920929,0.10000000149011612,0.10999999940395355,0.12250000238418579,0.14000000059604645,0.16500000655651093,0.20499999821186066,0.27000001072883606,0.41499999165534973,0.4724999964237213,0.4724999964237213,0.4724999964237213,0.46000000834465027,0.32499998807907104,0.2475000023841858,0.20000000298023224,0.17000000178813934,0.14749999344348907,0.13249999284744263,0.11999999731779099,0.11249999701976776,0.10499999672174454
1785945701846648907,-0.023652000352740288,0.04997106269001961,0.14045162498950958,0.008322212845087051,0.2533228397369385,0.08816492557525635,0.00022985495161265135,-0.0644586905837059,0.08250000327825546,0.08749999850988388,0.0925000011920929,0.10000000149011612,0.10999999940395355,0.12250000238418579,0.14000000059604645,0.16500000655651093,0.20250000059604645,0.26499998569488525,0.39250001311302185,0.4724999964237213,0.4724999964237213,0.4724999964237213,0.4675000011920929,0.33000001311302185,0.25,0.20250000059604645,0.17000000178813934,0.15000000596046448,0.13249999284744263,0.12250000238418579,0.11249999701976776,0.10499999672174454
1785945701947248303,-0.023652000352740288,0.04997106269001961,0.14123272895812988,0.008128141984343529,0.2525322139263153,0.0883573666214943,0.0002389292058069259,-0.06445742398500443,0.08250000327825546,0.08749999850988388,0.0925000011920929,0.10000000149011612,0.10999999940395355,0.12250000238418579,0.14000000059604645,0.16500000655651093,0.20250000059604645,0.26499998569488525,0.39250001311302185,0.4724999964237213,0.4724999964237213,0.4724999964237213,0.4675000011920929,0.33000001311302185,0.25,0.20250000059604645,0.17000000178813934,0.15000000596046448,0.13249999284744263,0.12250000238418579,0.11249999701976776,0.10499999672174454
1785945702046733329,-0.023652000352740288,0.04977996274828911,0.14123272895812988,0.008128141984343529,0.2523306608200073,0.0881662666797638,0.0002389292058069259,-0.06445742398500443,0.08250000327825546,0.08749999850988388,0.0925000011920929,0.10000000149011612,0.10999999940395355,0.12250000238418579,0.14000000059604645,0.16500000655651093,0.20250000059604645,0.26499998569488525,0.39250001311302185,0.4724999964237213,0.4724999964237213,0.4724999964237213,0.4675000011920929,0.33000001311302185,0.25,0.20250000059604645,0.17000000178813934,0.15000000596046448,0.13249999284744263,0.12250000238418579,0.11249999701976776,0.10499999672174454
1785945702148203599,-0.023652000352740288,0.04591774940490723,0.14136551320552826,0.008168995380401611,0.24824002385139465,0.08426309376955032,0.0002343154774280265,-0.06445489823818207,0.08250000327825546,0.08749999850988388,0.0925000011920929,0.10000000149011612,0.10999999940395355,0.12250000238418579,0.14000000059604645,0.16500000655651093,0.20499999821186066,0.27000001072883606,0.41499999165534973,0.4724999964237213,0.4724999964237213,0.4724999964237213,0.46000000834465027,0.32499998807907104,0.2475000023841858,0.20000000298023224,0.17000000178813934,0.14749999344348907,0.13249999284744263,0.11999999731779099,0.11249999701976776,0.10499999672174454
1785945702245895004,-0.023652000352740288,0.04591774940490723,0.14147894084453583,0.008191464468836784,0.24807307124137878,0.08424265682697296,0.00023892401077318937,-0.06446173042058945,0.08250000327825546,0.08749999850988388,0.0925000011920929,0.10000000149011612,0.10999999940395355,0.12250000238418579,0.14000000059604645,0.16500000655651093,0.20499999821186066,0.27000001072883606,0.41499999165534973,0.4724999964237213,0.4724999964237213,0.4724999964237213,0.46000000834465027,0.32499998807907104,0.2475000023841858,0.20000000298023224,0.17000000178813934,0.14749999344348907,0.13249999284744263,0.11999999731779099,0.11249999701976776,0.10499999672174454
1785945702348633568,-0.023652000352740288,0.046838678419589996,0.14147894084453583,0.008191464468836784,0.24896354973316193,0.08516357839107513,0.00023892401077318937,-0.06446173042058945,0.08250000327825546,0.08749999850988388,0.0925000011920929,0.10000000149011612,0.10999999940395355,0.12250000238418579,0.14000000059604645,0.16500000655651093,0.20499999821186066,0.26750001311302185,0.4124999940395355,0.4724999964237213,0.4724999964237213,0.4724999964237213,0.46000000834465027,0.32749998569488525,0.2475000023841858,0.20000000298023224,0.17000000178813934,0.14749999344348907,0.13249999284744263,0.11999999731779099,0.11249999701976776,0.10499999672174454
1785945702454486977,-0.023652000352740288,0.0494789257645607,0.14202994108200073,0.008346724323928356,0.25074058771133423,0.08764825761318207,0.00023874941689427942,-0.06446025520563126,0.08250000327825546,0.08749999850988388,0.0925000011920929,0.10000000149011612,0.10999999940395355,0.12250000238418579,0.14000000059604645,0.16500000655651093,0.20250000059604645,0.26499998569488525,0.39250001311302185,0.4724999964237213,0.4724999964237213,0.4724999964237213,0.4675000011920929,0.33000001311302185,0.25,0.20250000059604645,0.17000000178813934,0.15000000596046448,0.13249999284744263,0.12250000238418579,0.11249999701976776,0.10499999672174454
1785945702547325661,-0.023652000352740288,0.04552813991904259,0.14202994108200073,0.008346724323928356,0.24681833386421204,0.08369746804237366,0.00023874941689427942,-0.06446025520563126,0.08250000327825546,0.08749999850988388,0.0925000011920929,0.10000000149011612,0.10999999940395355,0.12250000238418579,0.14000000059604645,0.16500000655651093,0.20499999821186066,0.27000001072883606,0.41499999165534973,0.4724999964237213,0.4724999964237213,0.4724999964237213,0.46000000834465027,0.32499998807907104,0.2475000023841858,0.20000000298023224,0.17000000178813934,0.14749999344348907,0.13249999284744263,0.11999999731779099,0.11249999701976776,0.10499999672174454
1785945702645945286,-0.023652000352740288,0.04552813991904259,0.14238972961902618,0.008146525360643864,0.24651777744293213,0.08390013873577118,0.00023431776207871735,-0.06446492671966553,0.08250000327825546,0.08749999850988388,0.0925000011920929,0.10000000149011612,0.10999999940395355,0.12250000238418579,0.14000000059604645,0.16500000655651093,0.20499999821186066,0.27000001072883606,0.41499999165534973,0.4724999964237213,0.4724999964237213,0.4724999964237213,0.46000000834465027,0.32499998807907104,0.2475000023841858,0.20000000298023224,0.17000000178813934,0.14749999344348907,0.13249999284744263,0.11999999731779099,0.11249999701976776,0.10499999672174454
1785945702746301282,-0.023652000352740288,0.048171721398830414,0.14238972961902618,0.008146525360643864,0.24912141263484955,0.08654371649026871,0.00023431776207871735,-0.06446492671966553,0.08250000327825546,0.08749999850988388,0.0925000011920929,0.10000000149011612,0.10999999940395355,0.12250000238418579,0.14000000059604645,0.16500000655651093,0.20250000059604645,0.26750001311302185,0.39500001072883606,0.4724999964237213,0.4724999964237213,0.4724999964237213,0.4625000059604645,0.32749998569488525,0.2475000023841858,0.20250000059604645,0.17000000178813934,0.15000000596046448,0.13249999284744263,0.12250000238418579,0.11249999701976776,0.10499999672174454
1785945702846811844,-0.023652000352740288,0.04862605407834053,0.14249470829963684,0.008213934488594532,0.24937640130519867,0.08692839741706848,0.0002389222790952772,-0.06445753574371338,0.08250000327825546,0.08749999850988388,0.0925000011920929,0.10000000149011612,0.10999999940395355,0.12250000238418579,0.14000000059604645,0.16500000655651093,0.20250000059604645,0.26750001311302185,0.39500001072883606,0.4724999964237213,0.4724999964237213,0.4724999964237213,0.4650000035762787,0.33000001311302185,0.25,0.20250000059604645,0.17000000178813934,0.15000000596046448,0.13249999284744263,0.12250000238418579,0.11249999701976776,0.10499999672174454
1785945702946269893,-0.023652000352740288,0.04862605407834053,0.14258532226085663,0.008254787884652615,0.24921423196792603,0.08688752353191376,0.0002389186411164701,-0.06446604430675507,0.08250000327825546,0.08749999850988388,0.0925000011920929,0.10000000149011612,0.10999999940395355,0.12250000238418579,0.14000000059604645,0.16500000655651093,0.20250000059604645,0.26750001311302185,0.39500001072883606,0.4724999964237213,0.4724999964237213,0.4724999964237213,0.4650000035762787,0.33000001311302185,0.25,0.20250000059604645,0.17000000178813934,0.15000000596046448,0.13249999284744263,0.12250000238418579,0.11249999701976776,0.10499999672174454
1785945703049706814,-0.023652000352740288,0.04987763613462448,0.14239662885665894,0.00817308109253645,0.2508569657802582,0.08822101354598999,0.00023447725106962025,-0.06446299701929092,0.08250000327825546,0.08749999850988388,0.0925000011920929,0.10000000149011612,0.10999999940395355,0.12250000238418579,0.14000000059604645,0.16500000655651093,0.20250000059604645,0.26499998569488525,0.39250001311302185,0.4724999964237213,0.4724999964237213,0.4724999964237213,0.4675000011920929,0.33000001311302185,0.25,0.20250000059604645,0.17000000178813934,0.15000000596046448,0.13249999284744263,0.12250000238418579,0.11249999701976776,0.10499999672174454
1785945703146221032,-0.023652000352740288,0.04957404360175133,0.14223618805408478,0.008122013881802559,0.2507987320423126,0.08796852827072144,0.00023432006128132343,-0.06445955485105515,0.08250000327825546,0.08749999850988388,0.0925000011920929,0.10000000149011612,0.10999999940395355,0.12250000238418579,0.14000000059604645,0.16500000655651093,0.20250000059604645,0.26499998569488525,0.39250001311302185,0.4724999964237213,0.4724999964237213,0.4724999964237213,0.4675000011920929,0.33000001311302185,0.25,0.20250000059604645,0.17000000178813934,0.15000000596046448,0.13249999284744263,0.12250000238418579,0.11249999701976776,0.10499999672174454
1785945703246730121,-0.023652000352740288,0.0471951924264431,0.14223618805408478,0.008122013881802559,0.24836494028568268,0.08558967709541321,0.00023432006128132343,-0.06445955485105515,0.08250000327825546,0.08749999850988388,0.0925000011920929,0.10000000149011612,0.10999999940395355,0.12250000238418579,0.14000000059604645,0.16500000655651093,0.20499999821186066,0.26750001311302185,0.4124999940395355,0.4724999964237213,0.4724999964237213,0.4724999964237213,0.46000000834465027,0.32749998569488525,0.2475000023841858,0.20000000298023224,0.17000000178813934,0.14749999344348907,0.13249999284744263,0.11999999731779099,0.11249999701976776,0.10499999672174454
1785945703346287424,-0.023652000352740288,0.0471951924264431,0.1415676325559616,0.008375321514904499,0.2490207552909851,0.08533583581447601,0.00023446205887012184,-0.06445737928152084,0.08250000327825546,0.08749999850988388,0.0925000011920929,0.10000000149011612,0.10999999940395355,0.12250000238418579,0.14000000059604645,0.16500000655651093,0.20499999821186066,0.26750001311302185,0.4124999940395355,0.4724999964237213,0.4724999964237213,0.4724999964237213,0.46000000834465027,0.32749998569488525,0.2475000023841858,0.20000000298023224,0.17000000178813934,0.14749999344348907,0.13249999284744263,0.11999999731779099,0.11249999701976776,0.10499999672174454
1785945703446425140,-0.023652000352740288,0.04686661437153816,0.1415676325559616,0.008375321514904499,0.24869947135448456,0.08500725030899048,0.00023446205887012184,-0.06445737928152084,0.08250000327825546,0.08749999850988388,0.0925000011920929,0.10000000149011612,0.10999999940395355,0.12250000238418579,0.14000000059604645,0.16500000655651093,0.20499999821186066,0.26750001311302185,0.4124999940395355,0.4724999964237213,0.4724999964237213,0.4724999964237213,0.46000000834465027,0.32749998569488525,0.2475000023841858,0.20000000298023224,0.17000000178813934,0.14749999344348907,0.13249999284744263,0.11999999731779099,0.11249999701976776,0.10499999672174454
1785945703546111032,-0.023652000352740288,0.04838494211435318,0.14110368490219116,0.008034178987145424,0.251203328371048,0.08686746656894684,0.00023448689898941666,-0.06445605307817459,0.08250000327825546,0.08749999850988388,0.0925000011920929,0.10000000149011612,0.10999999940395355,0.12250000238418579,0.14000000059604645,0.16500000655651093,0.20250000059604645,0.26750001311302185,0.39500001072883606,0.4724999964237213,0.4724999964237213,0.4724999964237213,0.4650000035762787,0.33000001311302185,0.2475000023841858,0.20250000059604645,0.17000000178813934,0.15000000596046448,0.13249999284744263,0.12250000238418579,0.11249999701976776,0.10499999672174454
1785945703650587746,-0.023652000352740288,0.04838494211435318,0.14110368490219116,0.008034178987145424,0.251203328371048,0.08686746656894684,0.00023448689898941666,-0.06445605307817459,0.08250000327825546,0.08749999850988388,0.0925000011920929,0.10000000149011612,0.10999999940395355,0.12250000238418579,0.14000000059604645,0.16500000655651093,0.20250000059604645,0.26750001311302185,0.39500001072883606,0.4724999964237213,0.4724999964237213,0.4724999964237213,0.4650000035762787,0.33000001311302185,0.2475000023841858,0.20250000059604645,0.17000000178813934,0.15000000596046448,0.13249999284744263,0.12250000238418579,0.11249999701976776,0.10499999672174454
