t_ns,x,y,yaw,vx,vy,wz
1785948164902138571,9.758688552298247,0.39273990008999304,-3.099869042334083,0.0,0.0,0.0
1785948164953971252,9.759507804410013,0.3927675226914757,-3.0999461285828502,0.0,0.0,0.0
1785948165004547479,9.760202986650748,0.392790070955443,-3.099995608969928,0.0,0.0,0.0
1785948165040495206,9.760202986650748,0.392790070955443,-3.099995608969928,0.0,0.0,0.0
1785948165090479832,9.760202986650748,0.392790070955443,-3.099995608969928,0.0,0.0,0.0
1785948165138892570,9.760202986650748,0.392790070955443,-3.099995608969928,0.0,0.0,0.0
1785948165204861480,9.760407884969474,0.39281426662364616,-3.099970743119695,0.0,0.0,0.0
1785948165254264168,9.760579445726288,0.3928368565430276,-3.0999563929400447,0.0,0.0,0.0
1785948165290476927,9.760579445726288,0.3928368565430276,-3.0999563929400447,0.0,0.0,0.0
1785948165340859453,9.760579445726288,0.3928368565430276,-3.0999563929400447,0.0,0.0,0.0
1785948165406773033,9.76015702383904,0.3927881398813814,-3.10015685436603,0.0,0.0,0.0
1785948165458725141,9.759806404728325,0.3927428388747482,-3.1002685368423744,0.0,0.0,0.0
1785948165491724236,9.759806404728325,0.3927428388747482,-3.1002685368423744,0.0,0.0,0.0
1785948165539635904,9.759806404728325,0.3927428388747482,-3.1002685368423744,0.0,0.0,0.0
1785948165590068607,9.759806404728325,0.3927428388747482,-3.1002685368423744,0.0,0.0,0.0
1785948165658649211,9.759837355756744,0.3927553652964315,-3.10042844050762,0.0,0.0,0.0
1785948165706830807,9.75986275623355,0.3927675085075808,-3.100515048821724,0.0,0.0,0.0
1785948165740434624,9.75986275623355,0.3927675085075808,-3.100515048821724,0.0,0.0,0.0
1785948165789597177,9.75986275623355,0.3927675085075808,-3.100515048821724,0.0,0.0,0.0
1785948165857862859,9.760503958779386,0.39280462445744,-3.100293745712733,0.0,0.0,0.0
1785948165907112967,9.76103330662955,0.3928369352841905,-3.1001646533346237,0.0,0.0,0.0
1785948165941498888,9.76103330662955,0.3928369352841905,-3.1001646533346237,0.0,0.0,0.0
1785948165994591862,9.76103330662955,0.3928369352841905,-3.1001646533346237,0.0,0.0,0.0
1785948166044387234,9.76103330662955,0.3928369352841905,-3.1001646533346237,0.0,0.0,0.0
1785948166103754923,9.760734929162396,0.39283613694850017,-3.1000126708791043,0.0,0.0,0.0
1785948166156603186,9.760489588282464,0.39283739893083713,-3.0999278886818766,0.0,0.0,0.0
1785948166188906068,9.760489588282464,0.39283739893083713,-3.0999278886818766,0.0,0.0,0.0
1785948166240268879,9.760489588282464,0.39283739893083713,-3.0999278886818766,0.0,0.0,0.0
1785948166307748714,9.760904653832092,0.3928623213938374,-3.1000369261197935,0.0,0.0,0.0
1785948166362589708,9.76124480778858,0.392884017959382,-3.100096982113041,0.0,0.0,0.0
1785948166390388008,9.76124480778858,0.392884017959382,-3.100096982113041,0.0,0.0,0.0
1785948166443895107,9.76124480778858,0.392884017959382,-3.100096982113041,0.0,0.0,0.0
1785948166507285028,9.76088278779979,0.3928529662246656,-3.100132362745283,0.0,0.0,0.0
1785948166557113873,9.760582957195721,0.3928247149393605,-3.1001533495282456,0.0,0.0,0.0
1785948166590489203,9.760582957195721,0.3928247149393605,-3.1001533495282456,0.0,0.0,0.0
1785948166640770510,9.760582957195721,0.3928247149393605,-3.1001533495282456,0.0,0.0,0.0
1785948166693679446,9.760582957195721,0.3928247149393605,-3.1001533495282456,0.0,0.0,0.0
1785948166756837904,9.76117628603587,0.39290713587464676,-3.0998239103207457,0.0,0.0,0.0
1785948166807826272,9.761676393960418,0.3929849356347823,-3.0996088793413836,0.0,0.0,0.0
1785948166847111762,9.761676393960418,0.3929849356347823,-3.0996088793413836,0.0,0.0,0.0
1785948166893317171,9.761676393960418,0.3929849356347823,-3.0996088793413836,0.0,0.0,0.0
1785948166956637138,9.759623493138955,0.39289750565433484,-3.099537574141871,0.0,0.0,0.0
1785948167009213969,9.75791140819646,0.3928243233288193,-3.0994962331393547,0.0,0.0,0.0
1785948167040414291,9.75791140819646,0.3928243233288193,-3.0994962331393547,0.0,0.0,0.0
1785948167089419751,9.75791140819646,0.3928243233288193,-3.0994962331393547,0.0,0.0,0.0
1785948167156339313,9.75856880847638,0.3928810364803232,-3.0995724812211654,0.0,0.0,0.0
1785948167210067954,9.759112714516766,0.39293265343245687,-3.0996149483454136,0.0,0.0,0.0
1785948167239790696,9.759112714516766,0.39293265343245687,-3.0996149483454136,0.0,0.0,0.0
1785948167290032545,9.759112714516766,0.39293265343245687,-3.0996149483454136,0.0,0.0,0.0
1785948167344084044,9.759112714516766,0.39293265343245687,-3.0996149483454136,0.0,0.0,0.0
1785948167405603573,9.75870469988179,0.3929156074691798,-3.099698998038823,0.0,0.0,0.0
1785948167454516199,9.758360821495499,0.3929012371429782,-3.099752567337197,0.0,0.0,0.0
1785948167491027047,9.758360821495499,0.3929012371429782,-3.099752567337197,0.0,0.0,0.0
1785948167541244959,9.758360821495499,0.3929012371429782,-3.099752567337197,0.0,0.0,0.0
1785948167624981695,9.75922059194787,0.39294462583054585,-3.099811790237013,0.0,0.0,0.0
1785948167656507690,9.759937365881322,0.3929819715682526,-3.0998458665469797,0.0,0.0,0.0
1785948167695754300,9.759937365881322,0.3929819715682526,-3.0998458665469797,0.0,0.0,0.0
1785948167771571663,9.759937365881322,0.3929819715682526,-3.0998458665469797,0.0,0.0,0.0
1785948167796353937,9.759937365881322,0.3929819715682526,-3.0998458665469797,0.0,0.0,0.0
1785948167856194825,9.760143091502945,0.3929694812762733,-3.099970195430326,0.0,0.0,0.0
1785948167911863492,9.760317502893677,0.39295593953556057,-3.1000504024033892,0.0,0.0,0.0
1785948167942665721,9.760317502893677,0.39295593953556057,-3.1000504024033892,0.0,0.0,0.0
1785948168008564805,9.760317502893677,0.39295593953556057,-3.1000504024033892,0.0,0.0,0.0
1785948168053432158,9.760317502893677,0.39295593953556057,-3.1000504024033892,0.0,0.0,0.0
1785948168091788117,9.760317502893677,0.39295593953556057,-3.1000504024033892,0.0,0.0,0.0
1785948168147993664,9.760317502893677,0.39295593953556057,-3.1000504024033892,0.0,0.0,0.0
1785948168208660720,9.75909859932974,0.3928764230572293,-3.1000894211465884,0.0,0.0,0.0
1785948168253782897,9.758078892179658,0.3928055203006091,-3.100111962021672,0.0,0.0,0.0
1785948168290588153,9.758078892179658,0.3928055203006091,-3.100111962021672,0.0,0.0,0.0
1785948168340529994,9.758078892179658,0.3928055203006091,-3.100111962021672,0.0,0.0,0.0
1785948168404620832,9.759296238350045,0.3928713000036827,-3.0999644916941844,0.0,0.0,0.0
1785948168456822483,9.760308726893985,0.39292838960302884,-3.0998810839315545,0.0,0.0,0.0
1785948168491133586,9.760308726893985,0.39292838960302884,-3.0998810839315545,0.0,0.0,0.0
1785948168542423530,9.760308726893985,0.39292838960302884,-3.0998810839315545,0.0,0.0,0.0
1785948168609866372,9.760715877080207,0.3929450146464421,-3.10007797138756,0.0,0.0,0.0
1785948168656219561,9.761056841199427,0.3929588931115004,-3.100196257003261,0.0,0.0,0.0
1785948168693681157,9.761056841199427,0.3929588931115004,-3.100196257003261,0.0,0.0,0.0
1785948168742669369,9.761056841199427,0.3929588931115004,-3.100196257003261,0.0,0.0,0.0
1785948168791278466,9.761056841199427,0.3929588931115004,-3.100196257003261,0.0,0.0,0.0
1785948168859502291,9.761470778466231,0.3929563869952706,-3.1002701051073718,0.0,0.0,0.0
1785948168906680849,9.761814456815326,0.3929511826565008,-3.100311700688653,0.0,0.0,0.0
1785948168941695972,9.761814456815326,0.3929511826565008,-3.100311700688653,0.0,0.0,0.0
1785948169002475127,9.761814456815326,0.3929511826565008,-3.100311700688653,0.0,0.0,0.0
1785948169043722661,9.761814456815326,0.3929511826565008,-3.100311700688653,0.0,0.0,0.0
1785948169105157099,9.762002971078125,0.39295604372526793,-3.1002835692069235,0.0,0.0,0.0
1785948169155499783,9.762158469081587,0.3929595618300119,-3.1002680606840003,0.0,0.0,0.0
1785948169189871624,9.762158469081587,0.3929595618300119,-3.1002680606840003,0.0,0.0,0.0
1785948169242260897,9.762158469081587,0.3929595618300119,-3.1002680606840003,0.0,0.0,0.0
1785948169303995793,9.761747656807772,0.39292962205947846,-3.1003672818440653,0.0,0.0,0.0
1785948169360326495,9.761402325833274,0.39290255639661487,-3.1004303158382047,0.0,0.0,0.0
1785948169390059349,9.761402325833274,0.39290255639661487,-3.1004303158382047,0.0,0.0,0.0
1785948169441504210,9.761402325833274,0.39290255639661487,-3.1004303158382047,0.0,0.0,0.0
1785948169490961076,9.761402325833274,0.39290255639661487,-3.1004303158382047,0.0,0.0,0.0
1785948169558185703,9.761273189517347,0.39291859906658294,-3.100420278932238,0.0,0.0,0.0
1785948169604723282,9.761165588162385,0.39293530559788376,-3.100414518703073,0.0,0.0,0.0
1785948169640802757,9.761165588162385,0.39293530559788376,-3.100414518703073,0.0,0.0,0.0
1785948169689402958,9.761165588162385,0.39293530559788376,-3.100414518703073,0.0,0.0,0.0
1785948169756545022,9.760840457752675,0.3929015523676401,-3.1003365913239795,0.0,0.0,0.0
1785948169805486161,9.760564355204094,0.3928700659436779,-3.100284903784118,0.0,0.0,0.0
1785948169842002353,9.760564355204094,0.3928700659436779,-3.100284903784118,0.0,0.0,0.0
1785948169890607929,9.760564355204094,0.3928700659436779,-3.100284903784118,0.0,0.0,0.0
1785948169944507680,9.760564355204094,0.3928700659436779,-3.100284903784118,0.0,0.0,0.0
1785948170006503095,9.76117892421699,0.3928931090455377,-3.1002453786685096,0.0,0.0,0.0
1785948170057680780,9.76180653029178,0.3929166977019792,-3.1002219870331307,0.0,0.0,0.0
1785948170091921864,9.764786316440711,0.3930400435077134,-3.1002219870331307,-0.11487367385362103,0.0,1.3739462446447978e-92
1785948170139456561,9.770531412832657,0.39327785766557083,-3.1002219870331307,-0.11498432549872617,0.0,6.870362482949955e-93
1785948170210266959,9.778287036735682,0.39360211844475684,-3.1000568405448745,-0.20583587147108395,0.0,0.009585623518264688
1785948170278494976,9.788373081616536,0.394024295141048,-3.099625655785587,-0.2059262441633261,0.0,0.009586501730548687
1785948170285154631,9.799782955734196,0.3945034146158114,-3.0990940228630843,-0.2059262441633261,0.0,0.009586501730548687
1785948170340322483,9.814257621726679,0.39511741253459015,-3.0988178701773315,-0.2838105390225662,0.0,0.007457200992079343
1785948170404093087,9.82831117394261,0.3957189148359943,-3.098445012235121,-0.2778295817954668,0.0,0.00745685122793685
1785948170441981672,9.842268373773377,0.3963215091447234,-3.09807004361489,-0.27782280028770256,0.0,0.007456851209879647
1785948170512309272,9.85646920298023,0.39698821394020717,-3.0972066432000838,-0.2900587382283988,0.0,0.01491233118942661
1785948170564168481,9.871044213086579,0.3976744560582828,-3.0962916327832906,-0.29007095379627645,0.0,0.014913016723491119
1785948170590758682,9.884798562265102,0.39829797048128923,-3.0957059799420583,-0.2609166491240277,0.0,0.008523290442396612
1785948170640762572,9.897837666441445,0.3988967121310986,-3.0952795590454576,-0.2608875529671074,0.0,0.008522703099088244
1785948170692161607,9.9108373842399,0.3994992000354579,-3.0948801867028894,-0.2597782175465273,0.0,0.007457047024383774
1785948170757623750,9.924260016793186,0.40009607877250636,-3.0946404503685816,-0.2597771109625329,0.0,0.007456949117097315
1785948170804838949,9.936964221938416,0.40067104291768146,-3.0941257662556003,-0.23168944518395052,0.0,0.015977407039425878
1785948170841115230,9.948472888433923,0.40121773472609545,-3.093331026365182,-0.23166155061861401,0.0,0.01597818640256284
1785948170892935942,9.960185641713673,0.4017834492190426,-3.0927440579052607,-0.23739488463605524,0.0,0.007458425816957487
1785948170973097915,9.973433006649676,0.4024323311157431,-3.0922967199073628,-0.237400636464888,0.0,0.00745763857713707
1785948171007200819,9.984497482984068,0.4029760908202494,-3.091958156699602,-0.23020470662211848,0.0,0.006391781743571367
1785948171040056262,9.996037328180448,0.4035493360889556,-3.091637342615826,-0.23019756006021333,0.0,0.0063916842486267614
1785948171091414817,10.007397083342426,0.4041172920094976,-3.0905965586108644,-0.2258694327635506,0.0,0.03514844893909239
1785948171142633207,10.01867655693915,0.40469300112854834,-3.0888387809203817,-0.22586511986324767,0.0,0.035151088216526745
1785948171206416452,10.029456290141557,0.4053279599136505,-3.086999064870105,-0.25574748635963906,0.0,0.03302358837645749
1785948171257039016,10.041176988676659,0.40602200504850594,-3.08526249083286,-0.2557773104410377,0.0,0.03302339280814511
1785948171290682739,10.05404999559831,0.40674791300172053,-3.0831580732967274,-0.2597680230049724,0.0,0.051129365089619475
1785948171341137875,10.067032365247478,0.4075073972957608,-3.080598357342955,-0.2597720056280612,0.0,0.051131029335201764
1785948171404419248,10.080097024132616,0.4082088018363646,-3.078016751220561,-0.26013606668374967,0.0,0.06284844478592745
1785948171462423953,10.093211178864399,0.4089718362316339,-3.07504315390174,-0.26013643049991236,0.0,0.06284952327926271
1785948171491934784,10.106024445503568,0.40982581658482997,-3.0716897908102516,-0.25401541653388404,0.0,0.07137115293643707
1785948171541448548,10.118694256340747,0.410712918785332,-3.068121029272935,-0.2540093158111031,0.0,0.07137193520587222
1785948171593697401,10.131161970066362,0.41163059596147,-3.064685608798521,-0.24608144399733098,0.0,0.06604737332645037
1785948171659874701,10.143756161696407,0.412712822481954,-3.0611026872056266,-0.24607353224558595,0.0,0.0660468839120891
1785948171706909862,10.156157810364823,0.41378424941934555,-3.0579028258621315,-0.24066440973814027,0.0,0.05539571018183154
1785948171744205182,10.16815173858073,0.41479036939439173,-3.055132368297353,-0.2406590109074101,0.0,0.055394731036262
1785948171789870671,10.179975020672945,0.41581517177623256,-3.052070145773653,-0.23417215833857422,0.0,0.06710950236731851
1785948171856593267,10.190221301811704,0.41679342343344605,-3.0487218965997376,-0.23416568483759653,0.0,0.06711057911955925
1785948171907434494,10.201152158188789,0.41786420090891135,-3.0454450602760397,-0.2482025956147511,0.0,0.06285137824267663
1785948171939851620,10.213398935323283,0.41904533965772844,-3.042329758265819,-0.24821648290513618,0.0,0.06285099014228016
1785948171992687914,10.22594428925687,0.42029473255996114,-3.0389497957305966,-0.25615200767101143,0.0,0.07243620151063936
1785948172044143272,10.238689688229448,0.42160757007504723,-3.035326608141151,-0.25615999672953815,0.0,0.07243709031337082
1785948172103883708,10.251759550197605,0.4230616430403346,-3.031652428204964,-0.25472766220417326,0.0,0.06817770824550168
1785948172159962563,10.265016839477518,0.4245554158065945,-3.0280760263570343,-0.2547262328232951,0.0,0.06817731674990922
1785948172192658066,10.277231644330318,0.4259479885864337,-3.0246619335810534,-0.24860342815288744,0.0,0.07137213060264137
1785948172239637001,10.289574718689854,0.42739788787879257,-3.0210938129082807,-0.248597321421965,0.0,0.07137242408382964
1785948172311367427,10.304883960400982,0.42883121918530065,-3.0179089501315053,-0.24030936573826236,0.0,0.06711243948188036
1785948172359613089,10.319449386230659,0.43031482689043915,-3.014714608906766,-0.2403010923627253,0.0,0.06711204781183207
1785948172390435063,10.331592248130526,0.4318638086510963,-3.0113793143026477,-0.2446138648349108,0.0,0.06498152075521288
1785948172442346082,10.343608223301398,0.4334373519656243,-3.008160123170224,-0.24461812839987693,0.0,0.06498132676814221
1785948172490013423,10.355719107226147,0.43506299771812407,-3.0048061778822275,-0.24426231621157654,0.0,0.069241396202193
1785948172560257372,10.371359102480946,0.43655862468514445,-3.001767210518504,-0.24426195776077947,0.0,0.0692417914865898
1785948172607930216,10.385813193449472,0.43810630699348024,-2.999052829494875,-0.25074307352858877,0.0,0.056461358721637
1785948172640315054,10.398213030467707,0.43988584508146006,-2.996232274097977,-0.25074952957293234,0.0,0.05646018615473776
1785948172689035257,10.410477221904666,0.44168123906218115,-2.9930629190227176,-0.24499470564915476,0.0,0.07030490868410114
1785948172756909536,10.425506702378973,0.4433420520157068,-2.989947842162691,-0.24498895818980865,0.0,0.07030618220336192
1785948172805730831,10.440201214530358,0.4451213031810835,-2.987090080378098,-0.2503844137572822,0.0,0.05433142414697226
1785948172845566322,10.453046590895532,0.44712189010522047,-2.984269336471853,-0.25038979983467996,0.0,0.05432995537022148
1785948172890292295,10.464941841431534,0.4490088854582623,-2.981380300609727,-0.25039518593471527,0.0,0.06497917844050421
1785948172940186550,10.47729938776106,0.4510058325374532,-2.9781317612544584,-0.2503951913001346,0.0,0.06498015550347006
1785948173010044631,10.489333898935906,0.4528937664672645,-2.975144408408193,-0.24787461789997617,0.0,0.060720850712118676
1785948173056920684,10.501220633450538,0.4548282122655843,-2.97222673193331,-0.24787211385307736,0.0,0.06072046098999983
1785948173089400980,10.513432868643484,0.45691655435099887,-2.969348289213793,-0.2476003737848421,0.0,0.057525467224387
1785948173154185503,10.526964582302114,0.45927064208781315,-2.966157266688693,-0.24759968960630585,0.0,0.05752487310267151
1785948173205005417,10.537909505456486,0.46182134049552015,-2.9633129485461556,-0.23922538811412497,0.0,0.04474321063991035
1785948173261933961,10.55026570374511,0.46438749298981646,-2.9604180717321147,-0.23921790075007365,0.0,0.044742158050778184
1785948173291515419,10.562536415880912,0.4666379582759562,-2.9573374418115983,-0.2464103796190589,0.0,0.05645661200096626
1785948173342804499,10.574656366507948,0.4688967413537414,-2.954512828554027,-0.24641838116911263,0.0,0.056457812563759965
1785948173390227897,10.587084661541326,0.471247685538205,-2.952008797655926,-0.2507473538007458,0.0,0.05219873846001289
1785948173456838746,10.601314033722383,0.47422129427105875,-2.9485611670204306,-0.25075167332221354,0.0,0.05219834704036384
1785948173504730221,10.615746353952044,0.47712014468876407,-2.945646696776909,-0.25795759639879606,0.0,0.05006782027118084
1785948173540547096,10.628504589789637,0.4796525607659305,-2.943122298742799,-0.2579647890473036,0.0,0.050067624403329104
1785948173589488138,10.64038620368186,0.4820371896312164,-2.941911003319248,-0.24897426856356086,0.0,0.03302630429806794
1785948173641960934,10.652586672469303,0.4845063035074225,-2.940259817636936,-0.24896314871891087,0.0,0.033024750892585206
1785948173706296355,10.665886646693608,0.4871666271925796,-2.9385407068283427,-0.24925218187567816,0.0,0.031958129567722676
1785948173757434071,10.679002519804802,0.48980716188132833,-2.9368480135240844,-0.2492524242492714,0.0,0.03195803070131519
1785948173790540114,10.690920382111113,0.49227568349551,-2.936767997649195,-0.245351796402812,0.0,0.011721629891821773
1785948173840495458,10.702931965862973,0.4947709425249541,-2.9361821046137253,-0.24534790261962244,0.0,0.011719769624792514
1785948173904524310,10.713980474012198,0.4976521860297704,-2.935829980374107,-0.2482246538585986,0.0,2.154010387474606e-06
1785948173957220633,10.725171055213767,0.5003902940819269,-2.9354566222141085,-0.24822752440283546,0.0,1.0771041757849196e-06
1785948173991804575,10.737278190680984,0.5029114601596353,-2.937941502009382,-0.24679007172975465,0.0,-0.03301712591846647
1785948174041733391,10.749304562882367,0.5053950709002485,-2.9395848203778656,-0.24678863698735212,0.0,-0.033020161282103874
1785948174090525117,10.761366441546992,0.5078656794628722,-2.941156039749349,-0.2464271225841445,0.0,-0.03195812700689999
1785948174155878969,10.771098774584885,0.5102906106622088,-2.9425766124380437,-0.24642676192337035,0.0,-0.031958029420706593
1785948174204408159,10.780818837973877,0.5125976226152097,-2.9448704596041124,-0.24066511340977198,0.0,-0.04260861949402593
1785948174248375005,10.79277194333167,0.5149798716064757,-2.9470285710357866,-0.2406593616068796,0.0,-0.04260959877644532
1785948174290399553,10.803884807222081,0.5171602932529865,-2.9513500265334827,-0.2331854335967415,0.0,-0.07243256454258087
1785948174358709077,10.817351104456083,0.5194499166138102,-2.9550935442814352,-0.23317622820778336,0.0,-0.07243527166600842
1785948174403944857,10.831456943079571,0.5218719825631218,-2.9604677505735277,-0.24592382991569073,0.0,-0.09480436625761873
1785948174440878438,10.843552700930639,0.5240871047689493,-2.965207990797392,-0.24593457187383,0.0,-0.0948064498285806
1785948174490476844,10.856637346889773,0.5264131931312854,-2.971790833736314,-0.2590282492302149,0.0,-0.11930511762639676
1785948174539519745,10.869396871429128,0.5286008546746562,-2.9777529905007007,-0.25904131084081544,0.0,-0.11930736814099067
1785948174604094661,10.878171991278744,0.5307678137322681,-2.9835897866219687,-0.25662503249397445,0.0,-0.12570002882675557
1785948174664344969,10.887671331789335,0.5327952189634072,-2.989517341940827,-0.2566220194811771,0.0,-0.12570061633052898
1785948174689725885,10.899623856415461,0.5346221128772359,-2.996597513792255,-0.24686358258658858,0.0,-0.13635189177710913
1785948174741743947,10.91184340889895,0.5364064034494184,-3.003419081770745,-0.24685546629487393,0.0,-0.13635287098086768
1785948174791924483,10.924008620603795,0.5381038811827143,-3.0088116812273444,-0.24570709765382062,0.0,-0.11718261280810152
1785948174856413572,10.932774851096232,0.5396051642724634,-3.0143880900703115,-0.2457059514075565,0.0,-0.1171808507132872
1785948174906561851,10.940997001575855,0.540882523182683,-3.023026899325656,-0.23094149551704946,0.0,-0.1565866300306369
1785948174941509740,10.952473393615497,0.5422496265104215,-3.0308650250094544,-0.2309267624454001,0.0,-0.15659025173086039
1785948174991010671,10.964336509509394,0.5435736848571898,-3.0376477512773854,-0.23631324913546867,0.0,-0.14274797762940597
1785948175059891796,10.974050681949405,0.5448200014040839,-3.0445851022640564,-0.2363186193876153,0.0,-0.14274670655037391
1785948175104363777,10.985105678281391,0.54607877472792,-3.052224181542876,-0.2500070243996822,0.0,-0.15126597539573267
1785948175142352045,10.99755813832178,0.5471946135462902,-3.059787755267434,-0.2500207004230055,0.0,-0.1512667593432688
1785948175189807283,11.010638843817285,0.5482636457553868,-3.0685496610602825,-0.2583162248072636,0.0,-0.16724358279526708
1785948175255829699,11.019114264112497,0.5488643651958031,-3.076664979372806,-0.25832450456394296,0.0,-0.1672450515222314
1785948175306415174,11.028748073084186,0.5494323214679259,-3.0834992426308823,-0.2568924650806138,0.0,-0.14488007669519126
1785948175346329452,11.041078708523507,0.5501494586676011,-3.090464966533915,-0.25689103375319955,0.0,-0.14487801781809803
1785948175391328329,11.053196410344299,0.5507657123697985,-3.0981942558724276,-0.2475274562403353,0.0,-0.1512663723641774
1785948175441739847,11.065562217062848,0.5513026978160901,-3.105759030496379,-0.2475181389057159,0.0,-0.15126695784597374
1785948175505631159,11.074537899795237,0.5510483758976514,-3.113021366456745,-0.2388668824372259,0.0,-0.13848672288207506
1785948175562262510,11.084127026678026,0.5509253502131423,-3.1202847782815155,-0.23885825041482583,0.0,-0.13848554839333052
1785948175590349907,11.095879014264085,0.5511735105621152,-3.1276717887219174,-0.2384895297156814,0.0,-0.14593987447003698
1785948175644705703,11.107809086111976,0.5513395971380057,-3.1349730258888755,-0.23848916637313902,0.0,-0.14594055101085346
1785948175689933291,11.120408387773232,0.5514214999656324,3.1401185542305456,-0.24749057921636886,0.0,-0.15659189038553115
1785948175757882196,11.130100035639655,0.5505836578119238,3.1314472807028713,-0.24749967892455976,0.0,-0.1565928821488475
1785948175808853859,11.140962767028775,0.5498965345621213,3.1235225506860314,-0.2572309579807829,0.0,-0.15126852251768005
1785948175844597836,11.15467750841971,0.5496486893588195,3.1154568710719497,-0.25724067146393903,0.0,-0.1512680330213945
1785948175890337023,11.166418916668466,0.5493416587586956,3.108551236313652,-0.2536491154238039,0.0,-0.14913738646082877
1785948175958320809,11.176274896239104,0.5483097596506084,3.1007293488244874,-0.2536457628839745,0.0,-0.14913720330170285
1785948176008252089,11.185877299021557,0.5473448081851691,3.0927207414076707,-0.24428161637763726,0.0,-0.153397243730509
1785948176042978851,11.198078831735007,0.5467480125188918,3.085048772959572,-0.24427161965588723,0.0,-0.1533976626541897
1785948176089192389,11.209976684524475,0.5460783399312781,3.0784966541013086,-0.2403007289169432,0.0,-0.13848711356716928
1785948176140760485,11.221968281328659,0.5453207114166689,3.0715719132437815,-0.24029676814949052,0.0,-0.13848574375378814
1785948176207359942,11.231576138941904,0.5436086990382774,3.0625747189910797,-0.24173312849120215,0.0,-0.15339534095566817
1785948176261855326,11.241762439920805,0.5420738002636822,3.0542174131842836,-0.24173456171211366,0.0,-0.1533967111820309
1785948176289891777,11.25397082744075,0.5410086780024297,3.0474835869275347,-0.2471374101038305,0.0,-0.14274735619140702
1785948176345262579,11.266938274138997,0.5397847131793657,3.0399607672405313,-0.2471427004636248,0.0,-0.1427463958012644
1785948176406238284,11.277288147035256,0.5377934042077376,3.0314246783701195,-0.25399000241721553,0.0,-0.1544612577197899
1785948176460367033,11.28842613722827,0.5359056483913094,3.023140255166561,-0.2539965963102205,0.0,-0.1544622967035882
1785948176496629426,11.300840339937633,0.5344206657183144,3.0137004113636703,-0.2514828894616677,0.0,-0.1778946086935547
1785948176542790066,11.313312890587564,0.5328167638403796,3.004804383734777,-0.25148024410941744,0.0,-0.17789688014680938
1785948176588981362,11.325474616230045,0.5311496024344401,2.9977468728798007,-0.24751672569894578,0.0,-0.1534025888241395
1785948176658008539,11.342434353974362,0.5292861283031168,2.9888655635649037,-0.2475127668225436,0.0,-0.15340033544952542
1785948176704791405,11.358624623671712,0.5274507278306194,2.980364365124214,-0.24750880496579297,0.0,-0.15446314045638823
1785948176740055688,11.37084016300328,0.52546399252922,2.972640817453699,-0.24750880101160816,0.0,-0.15446323815506055
1785948176789025467,11.382905709989746,0.5234028443540298,2.964278474552371,-0.2457084001039496,0.0,-0.16298389237981814
1785948176862927766,11.398878775754637,0.5212222293621903,2.955319549992705,-0.2457066032823908,0.0,-0.1629846756029431
1785948176905609934,11.414225537589466,0.51899863457418,2.948368886546385,-0.24858550176750238,0.0,-0.14168404538504115
1785948176940775461,11.426423181703354,0.5166119880161694,2.9412853177085756,-0.24858834782599884,0.0,-0.14168210593177546
1785948176993900949,11.438732766727687,0.5141144653294669,2.9345278275888087,-0.2485911967514503,0.0,-0.1363548390958907
1785948177054430272,11.450686014707028,0.5116033775443566,2.9282469856741766,-0.24580197339089738,0.0,-0.11824768230720822
1785948177106136997,11.461389099212408,0.5085410187558623,2.9218729152528105,-0.24579849122040726,0.0,-0.1182460162851677
1785948177156203673,11.472433707821057,0.5055038485915764,2.915610747935932,-0.25290661308680235,0.0,-0.12143955545468935
1785948177189308116,11.484765913459315,0.5026685652655288,2.909534871419313,-0.2529137026692144,0.0,-0.12143984889693499
1785948177240129662,11.497143016226566,0.4997436720546325,2.9040461802093964,-0.2511203421796388,0.0,-0.09587844873093068
1785948177305269107,11.507003025941101,0.4966166425086179,2.899367114865559,-0.2511185700166492,0.0,-0.09587612230208759
1785948177358656874,11.517148160244105,0.4934872975646232,2.8950403151118302,-0.24319518192930117,0.0,-0.07883272778448404
1785948177389698215,11.528943832065558,0.4905186487149245,2.8910973903847808,-0.24318719856632565,0.0,-0.07883114611611236
1785948177449704419,11.540591390226147,0.4875383923186276,2.887422575596058,-0.23777800606403268,0.0,-0.0681788830943185
1785948177489262334,11.552098123457348,0.4845490734472478,2.884013649104473,-0.2377726092528838,0.0,-0.0681779042282895
1785948177557743127,11.563406083822256,0.4816513448683603,2.881047797713947,-0.23740713012706144,0.0,-0.05326596279266631
1785948177604580043,11.574723773900644,0.4787151872196456,2.8784404592789197,-0.23740676535100727,0.0,-0.053264591990387744
1785948177638969035,11.586673026887878,0.4754960717312106,2.8765254803276328,-0.2579309639174223,0.0,-0.023441305348655895
1785948177688881819,11.599130817940607,0.4721143480394537,2.875352663336787,-0.25795146247999423,0.0,-0.02343856194242874
1785948177741648991,11.611654883797373,0.46869885852865273,2.8746071592961657,-0.2612126878663257,0.0,-0.006394717330251171
1785948177808215775,11.632232238213403,0.46560291676829907,2.873503155254055,-0.2612159394438056,0.0,-0.006393152176790714
1785948177871264822,11.651387102053748,0.4625883844181208,2.873365473763459,-0.2511367779294459,0.0,0.019170099136582023
1785948177890109351,11.663382990720592,0.4592913096103654,2.874315347170338,-0.25112680198264037,0.0,0.019172429459608408
1785948177940003862,11.675383396013306,0.45600525053386015,2.8754318795912415,-0.24679593676286796,0.0,0.025565160136234107
1785948178011459079,11.69267116868036,0.45340257492358527,2.876834667422963,-0.24679157247284994,0.0,0.025565753484728858
1785948178059435965,11.709541893482385,0.4506022637346763,2.879202589040473,-0.2460669724371905,0.0,0.06284411304661963
1785948178091856579,11.720787258247455,0.44758195794922057,2.8821766237738906,-0.24606628771949016,0.0,0.06284735722653254
1785948178142401221,11.73259650102279,0.4444478295703079,2.885394631914048,-0.24246518884791426,0.0,0.06604577401108142
1785948178191660705,11.744321364096217,0.4413764481368506,2.888696259810465,-0.24246139764340946,0.0,0.06604608417933364
1785948178266627739,11.75805423545734,0.4385574020100121,2.8926427123137417,-0.23669582476004056,0.0,0.0820225527529716
1785948178310486646,11.770375977314838,0.43605362610367904,2.8966392253986775,-0.23669031724322942,0.0,0.08202395827348928
1785948178340432147,11.78218429562801,0.4331018626324351,2.901907197028652,-0.25108671094040025,0.0,0.13101809449732651
1785948178391344288,11.794477971655938,0.43009749243034345,2.90851063648634,-0.25110174289257187,0.0,0.13102280664687105
1785948178440303667,11.806816526593428,0.42716835542544734,2.9151746554807816,-0.2597587107815629,0.0,0.13741792955404566
1785948178506691693,11.82109720222091,0.42394855898778305,2.921631375487756,-0.25976734487500036,0.0,0.13741851701110938
1785948178557184750,11.834893808067358,0.4209579254039069,2.9291329842105305,-0.2500537887521269,0.0,0.1725663787198684
1785948178589450543,11.847110188944644,0.41832266914705807,2.9377583840615413,-0.25004410147690725,0.0,0.17256960720329131
1785948178642180723,11.859433166652424,0.4157754425920911,2.9457746764542176,-0.25327514139899676,0.0,0.148076255838664
1785948178690387887,11.8718588909479,0.41331067664015797,2.953180554766813,-0.2532783671174834,0.0,0.14807400362569506
1785948178756306332,11.880304694390379,0.4111536546400849,2.960476608857643,-0.23851829803778793,0.0,0.13422585864985725
1785948178806450130,11.889026864062508,0.4090779616225738,2.96731973605127,-0.23850356489675248,0.0,0.1342245855117417
1785948178840468392,11.90035751822603,0.4070831089929835,2.9735553452089216,-0.22148347669592633,0.0,0.11505207987744696
1785948178890262515,11.911271601759438,0.4052316797581705,2.979306478953021,-0.22146226516612216,0.0,0.11505031886044617
1785948178955058686,11.918546687962598,0.4040862217050824,2.987195986229146,-0.21468729585370885,0.0,0.16723691444393363
1785948179006937672,11.92623998189125,0.4028299140443077,2.996058297402483,-0.21468165519947915,0.0,0.16724171703958413
1785948179046396224,11.93791292687697,0.40111897265448637,3.004425269683764,-0.25680553874408396,0.0,0.1672465196374935
1785948179090383711,11.950628642364324,0.3993637604749611,3.0127829423987866,-0.2568475272575485,0.0,0.16724652007833457
1785948179140658137,11.96342370344453,0.3977064550841856,3.0213551727986365,-0.25941007861845516,0.0,0.1757670607104906
1785948179211096908,11.972933508261411,0.39734583979198307,3.0316466644009292,-0.2594126384160744,0.0,0.17576784464134765
1785948179262564170,11.98335311129627,0.39666704852444173,3.0413289547614473,-0.27453857390026765,0.0,0.1778987601725471
1785948179291523913,11.99702059087498,0.3952920823282992,3.0502293531329445,-0.2745536729220681,0.0,0.1778989560885002
1785948179340294326,12.010340152370807,0.39407177886996453,3.059150944883465,-0.26052561087073206,0.0,0.17896422541572185
1785948179400056299,12.023321015154348,0.3929991864365528,3.068099075087748,-0.2605116193245063,0.0,0.1789643232754046
1785948179457181873,12.033054714196512,0.39292532398853103,3.0782204400745035,-0.2586972315221681,0.0,0.1874849773664374
1785948179508510155,12.043235186300604,0.39273362470770695,3.088211722920719,-0.2586954204014461,0.0,0.18748576073691167
1785948179540623592,12.05588079158388,0.3920579552896443,3.096706928528262,-0.24789118120891737,0.0,0.15233927309573314
1785948179591492052,12.06826486774649,0.3915017147521756,3.1043253782934093,-0.24788040080457888,0.0,0.152336043118572
1785948179641871665,12.08037422940777,0.39105023162525704,3.112066822883189,-0.23742730369845047,0.0,0.15765814893489444
1785948179707231405,12.089914897377989,0.3927305150455525,3.122798793670015,-0.23741686221258,0.0,0.15765863857654341
1785948179761599809,12.099856839368389,0.3937798650972463,3.131742511750115,-0.24100723881518316,0.0,0.13422761271093792
1785948179791492668,12.111898475715618,0.3936612479797254,3.1384490472795545,-0.24101081590246515,0.0,0.13422546262254
1785948179839699416,12.123910001441368,0.3936234906922799,-3.1377338686409875,-0.23957407511284656,0.0,0.14593907202318065
1785948179890283356,12.135892138710583,0.39366972798870203,-3.130434622642204,-0.239572639892209,0.0,0.14594014974966565
1785948179956705239,12.147348893218382,0.39622107559010716,-3.1189576895120767,-0.23768172184126637,0.0,0.16404739978944627
1785948180008234998,12.158738574786836,0.39793731672120675,-3.1086791333467527,-0.23767936409563087,0.0,0.16404906378312226
1785948180041264719,12.170989123981693,0.398340651358928,-3.1004019264647042,-0.25283542145770854,0.0,0.1672459322816781
1785948180090595757,12.183627680076873,0.3988615347506117,-3.092035264240545,-0.2528480353661535,0.0,0.16724622637341027
1785948180140391929,12.196370992904127,0.39949357536212415,-3.083387571345064,-0.2579617788605673,0.0,0.17896226619667396
1785948180192488041,12.209264027268945,0.4002448633278314,-3.0744279772429444,-0.257966885340669,0.0,0.1789633435757889
1785948180255964429,12.221263813108143,0.40367890071699986,-3.061320565377009,-0.2500500439017957,0.0,0.18535484368218857
1785948180305204040,12.232939356655034,0.4061780140183898,-3.0499697774829957,-0.25004222859384806,0.0,0.18535542480138775
1785948180343382202,12.245376223689465,0.4073207128095332,-3.0413347942934124,-0.24931425974221927,0.0,0.15979438255890055
1785948180391502324,12.257703534550654,0.40856077972498184,-3.0333940470011664,-0.2493135306864814,0.0,0.15979202476369256
1785948180449770684,12.270045136540089,0.40990136208813416,-3.0250703009450586,-0.24787250525009258,0.0,0.17363554136720208
1785948180511053886,12.288639028376819,0.41188438809579986,-3.0134156655491147,-0.247871056496023,0.0,0.17363682326111615
1785948180558881328,12.305778387114428,0.41343570003511443,-3.0037646032342007,-0.24354862594675603,0.0,0.15127165150338923
1785948180589059891,12.317841818492804,0.4151089887153848,-2.9962000443477392,-0.24354431624232997,0.0,0.1512695976578697
1785948180639901374,12.329886494056167,0.4168726388527649,-2.988911116311563,-0.24390009123750897,0.0,0.14061687229278802
1785948180690369022,12.341952553068987,0.41872935308966347,-2.981872824391739,-0.2439004466291478,0.0,0.14061589219351178
1785948180758112705,12.349979956353131,0.4220497952444457,-2.973474907923348,-0.24390079904769243,0.0,0.15659093925022205
1785948180806472290,12.358679874690381,0.4251031187313119,-2.9650721766898616,-0.24390079939913625,0.0,0.1565924065387652
1785948180840870723,12.370589458542971,0.4272275179890861,-2.9573003423788573,-0.2402999993808536,0.0,0.15446372738055783
1785948180889651600,12.38240810036291,0.4294306017042757,-2.949572353438822,-0.24029640450948644,0.0,0.15446353164412718
1785948180943551127,12.394445310901085,0.43177081789298877,-2.9414794857030118,-0.25037507197239484,0.0,0.16937430288499689
1785948181007415462,12.411589473137788,0.43458599247997787,-2.931359540853729,-0.2503851287497151,0.0,0.16937567323818117
1785948181060145545,12.427955077459753,0.43730512926600545,-2.9217189398578416,-0.25579638969186086,0.0,0.17896265825378152
1785948181093984473,12.440440945698487,0.4400955552464632,-2.9127681834197614,-0.25580179097643113,0.0,0.17896353962238995
1785948181145983751,12.452510359007125,0.4429065777651586,-2.9046644601705207,-0.2476397077886695,0.0,0.16192645046918275
1785948181206981217,12.467431112065059,0.4461106513307468,-2.895668404927089,-0.24761940550688102,0.0,0.16192332073837323
1785948181270047000,12.481988725870123,0.44935065366771165,-2.8873460840706526,-0.24858926592766106,0.0,0.15659485339897158
1785948181290774786,12.494043741968433,0.4524833928629893,-2.8795001286301565,-0.2485902332468239,0.0,0.15659436379291258
1785948181341015035,12.505794478851035,0.4556364989383873,-2.8716482750803527,-0.2446302723310102,0.0,0.1565938741863974
1785948181390729476,12.517487139437717,0.45887184093996847,-2.8638819596153198,-0.24462634176240333,0.0,0.156593874141638
1785948181472321924,12.53202559272421,0.4627764562118181,-2.8561805011463695,-0.2464227923892643,0.0,0.14487812389611573
1785948181512329452,12.546151951309604,0.4666916996035811,-2.848405290184795,-0.24642459465584463,0.0,0.14487704132904788
1785948181550105010,12.557587246475965,0.47015046714167846,-2.8398555954188613,-0.24246546590137374,0.0,0.16298214954949278
1785948181590968179,12.569165101572544,0.4737539706657879,-2.8317043385761482,-0.24246153756635494,0.0,0.16298380410856347
1785948181639509466,12.580940115630035,0.47752335132233326,-2.823636073643647,-0.24569829617420738,0.0,0.16192038657343588
1785948181714410546,12.592955290169943,0.4818159809002864,-2.8152584712403623,-0.24570154625573942,0.0,0.16192028822455592
1785948181760376716,12.606468464634304,0.4866947477899078,-2.805934945935045,-0.25362657166100444,0.0,0.16618046823385432
1785948181793114843,12.61742702297092,0.4905177287406076,-2.798330927456215,-0.25363447997070876,0.0,0.16618085978427152
1785948181846174952,12.629106827447774,0.4946890584329462,-2.790854218771663,-0.24860119054432117,0.0,0.1544654751418967
1785948181891665428,12.64068177723749,0.4989239364740114,-2.783195762531688,-0.24859620147105393,0.0,0.15446440560444724
1785948182019695515,12.652654997777839,0.5034170064224683,-2.7752130727376754,-0.24210975530690845,0.0,0.1544633360682733
1785948182057975376,12.675116270094136,0.5120479148745508,-2.760137688729742,-0.24210328392228272,0.0,0.15446333596999393
1785948182075857701,12.683307130016798,0.5153337006467119,-2.7545367470443756,-0.23957332984332205,0.0,0.15233297735457635
1785948182089199026,12.68682075929652,0.5167659181917174,-2.7521240828402727,-0.2395722662696175,0.0,0.15233289495431732
1785948182140326278,12.698132954996165,0.5214103592937043,-2.7438852232773856,-0.2431571919639675,0.0,0.16191476691860654
1785948182190647809,12.709502082585288,0.5261864515033069,-2.735674326125733,-0.2431681618607625,0.0,0.16191747762097264
1785948182278851974,12.720904919484884,0.533109671433182,-2.7250394619690277,-0.2507411041798307,0.0,0.164050342152982
1785948182315885974,12.728543510796227,0.5381351923720031,-2.717586168400711,-0.25074854253258116,0.0,0.16405053510036308
1785948182344778963,12.739616450339339,0.5431357244737907,-2.7091577083067864,-0.2572385054996009,0.0,0.17470156278106186
1785948182390175963,12.751255386726529,0.5485079206029648,-2.700452212287964,-0.2572444494798355,0.0,0.17470246111669746
1785948182441241773,12.762495456877902,0.5538078325023725,-2.693643138903505,-0.25076992691910976,0.0,0.14807701875116078
1785948182492455459,12.773764078392585,0.5592227294605734,-2.686260587606219,-0.25076297464931785,0.0,0.14807438513535484
1785948182571442005,12.784485238503615,0.5643525238410577,-2.6808491839766213,-0.24751528689488703,0.0,0.1310306523268915
1785948182605578926,12.794551853937492,0.569436139716659,-2.675050093197608,-0.24751204669827206,0.0,0.13102908615883163
1785948182639443999,12.805560365711068,0.5749754549154871,-2.6695471608111334,-0.24678864665379935,0.0,0.1171816323716974
1785948182690288843,12.816549339404514,0.5805857847317245,-2.663688739600364,-0.24678792522620135,0.0,0.11718036044994153
1785948182743106609,12.827439929284058,0.5862163680165876,-2.660066266797268,-0.24570696231284223,0.0,0.08735716216800946
1785948182806578964,12.83556624842393,0.5918507308838352,-2.656092202503404,-0.24570588366920076,0.0,0.08735442123690637
1785948182859642145,12.844139346158293,0.5976251724664071,-2.653287305156639,-0.24570480205155565,0.0,0.06924551622784657
1785948182889428121,12.85499125573266,0.6033898491233585,-2.6498244539329776,-0.24570480097211525,0.0,0.06924385168911328
1785948182940731890,12.865524900349044,0.6090320364779105,-2.646517747176164,-0.24102374856540318,0.0,0.06711204795993181
1785948183008154187,12.875897432087287,0.6147910428977791,-2.643280081481111,-0.2410190775205748,0.0,0.06711185203285235
1785948183059607048,12.886360863260936,0.6206388539968658,-2.6426952638076338,-0.24713598884481205,0.0,0.03196428318660475
1785948183089607654,12.89721227240018,0.626551474183282,-2.6410974270227885,-0.24714198912774857,0.0,0.031961107788497777
1785948183142967964,12.90843553839244,0.6326867791201056,-2.640134741448178,-0.2529090778477723,0.0,0.023437412386957658
1785948183190411778,12.919522030405496,0.638764359136355,-2.6389632584546856,-0.25291493319661634,0.0,0.02343661528374295
1785948183248238749,12.930560934132192,0.644823859616287,-2.6396291053208416,-0.25220062996287956,0.0,-0.0010607604298082385
1785948183306579208,12.941838569458938,0.6507639877132138,-2.639827712189058,-0.2521999170815903,0.0,-0.0010630122358854554
1785948183355166384,12.95274144844765,0.6565446446258112,-2.6415659799861575,-0.24715807694003142,0.0,-0.022366636161329948
1785948183390331112,12.963586657298034,0.6624697812959573,-2.642684642841484,-0.24715304558304305,0.0,-0.022368594222745623
1785948183445785404,12.97453798077747,0.6684343490133463,-2.6443760305641026,-0.2471480142290568,0.0,-0.02982603337240183
1785948183507877206,12.985789802931267,0.6749720762284466,-2.6454191905529822,-0.2471480092066631,0.0,-0.029826719006795555
1785948183572100816,12.996695876606001,0.6812056189152638,-2.648465213638871,-0.24390718523999105,0.0,-0.0543240468429777
1785948183590409362,13.007380170150189,0.6869474833094882,-2.651167098108081,-0.24390399712510388,0.0,-0.05432626638205135
1785948183641295710,13.017707116005678,0.6924558446340071,-2.654983498416539,-0.23813962880768236,0.0,-0.06923941920286994
1785948183704944551,13.028398995880266,0.6987037063433025,-2.658002059202747,-0.23813382199832775,0.0,-0.0692408028952139
1785948183771055513,13.039537586205464,0.7050403492485325,-2.6634063985704044,-0.2449694936639029,0.0,-0.09906409288702389
1785948183793361938,13.050395504124088,0.7106680914676825,-2.668352013414779,-0.2449763395882742,0.0,-0.09906684385818945
1785948183847234359,13.062048040824616,0.7166319279463549,-2.674265312777771,-0.25614565829921226,0.0,-0.11185041123819614
1785948183889544388,13.073474829025209,0.7223979840029245,-2.6798538304369854,-0.25615682190586875,0.0,-0.11185158805241086
1785948183956493839,13.083556726143641,0.7258780746992582,-2.689919236926183,-0.2529272626690352,0.0,-0.12889386129852248
1785948184006279835,13.093761196521767,0.7302594208485909,-2.697720231554406,-0.25292403776196226,0.0,-0.1288954286945422
1785948184042409519,13.10466924790226,0.7354410357935471,-2.7049630419314132,-0.24535910641771239,0.0,-0.1395476855316266
1785948184093051956,13.115787692174488,0.7406296688156531,-2.711941989094563,-0.2453515612691688,0.0,-0.13954866407655567
1785948184149810192,13.126861316322968,0.7457058892859466,-2.7183580134238463,-0.24426377187068238,0.0,-0.1320941592979252
1785948184199031562,13.138003235332743,0.7507248547174946,-2.7249664805943046,-0.24426268631327144,0.0,-0.1320934741196955
1785948184261793209,13.147526942519297,0.7561408278788357,-2.7305911289692593,-0.24030071363538044,0.0,-0.1406133458496789
1785948184307238435,13.157519848370466,0.7612397143649766,-2.736680955037867,-0.2402967605023472,0.0,-0.14061412880981616
1785948184340907982,13.168563936103272,0.7659745468239577,-2.7433932014252296,-0.2402928073765195,0.0,-0.1363546340322235
1785948184389677724,13.179640121679071,0.7706339932084643,-2.7502118465400076,-0.2402928034286108,0.0,-0.13635424223449602
1785948184441707530,13.191758639526427,0.7756310569993266,-2.7585414123604313,-0.25325570967791067,0.0,-0.15552508129865986
1785948184506165963,13.203432007751623,0.780445251493568,-2.765957889999658,-0.2532686430538803,0.0,-0.15552684297956926
1785948184556251776,13.215795785644156,0.7853628145451546,-2.7730699634430755,-0.25580214587743033,0.0,-0.14594299014418857
1785948184590044943,13.22752590438168,0.7898925741419333,-2.780243727054846,-0.2558046749190505,0.0,-0.14594210899035848
1785948184642331589,13.23954968067114,0.7944354002343382,-2.787899273632051,-0.2522062982556542,0.0,-0.14807136464851098
1785948184690926605,13.250916733822253,0.7986323366719129,-2.7950135594578183,-0.2522027540101751,0.0,-0.14807155780597994
1785948184757217668,13.262105841192804,0.8020835792907798,-2.80397947465745,-0.24355746884137675,0.0,-0.15552721851625528
1785948184806699335,13.273450580106724,0.8057415884528677,-2.812292482319913,-0.24354874220598766,0.0,-0.15552791168581784
1785948184840492118,13.285097054478287,0.8097292996056202,-2.8183893626438583,-0.24534042133695044,0.0,-0.1331621699456131
1785948184891941235,13.296729154836125,0.8136254553929594,-2.8250472249970557,-0.24534220940960103,0.0,-0.13316011412583395
1785948184953829735,13.307780832987639,0.8172416782068086,-2.832254479311777,-0.23526174462743374,0.0,-0.1395484680875741
1785948185025923468,13.317736522270353,0.8199503176805538,-2.8395390830404086,-0.23525168280251413,0.0,-0.13954905539043175
1785948185066108793,13.32872395788899,0.822983670038217,-2.8475666644235833,-0.2435234818526387,0.0,-0.14913525847997444
1785948185089978176,13.34024361965266,0.8264718591722477,-2.854937182492402,-0.24353173314502782,0.0,-0.14913613921460409
1785948185152401125,13.355104314847935,0.8308568677310972,-2.8633653996176296,-0.25146173621600065,0.0,-0.14168153781106263
1785948185191167848,13.364588016417391,0.8335657624454968,-2.8689218801217025,-0.25146965678071187,0.0,-0.14168085203127362
1785948185257002034,13.376462580054513,0.8357167749052699,-2.87922934544459,-0.2583197325911979,0.0,-0.16404680185468443
1785948185310320838,13.388710224964859,0.8382375217067342,-2.8886069688003744,-0.2583262605013554,0.0,-0.16404876479637845
1785948185342402530,13.400830599688346,0.8413752353758567,-2.89555219533795,-0.25257381826916503,0.0,-0.14700951048662353
1785948185393033543,13.412693329724538,0.8443543010010027,-2.9026715508217324,-0.25256691599714853,0.0,-0.14700800377009238
1785948185440331305,13.424574849276786,0.8472514345238221,-2.909073117867722,-0.2489594124717342,0.0,-0.13529079782837167
1785948185508319475,13.437533783787076,0.8490538957429471,-2.917978129869604,-0.2489557092178215,0.0,-0.13528968964505392
1785948185561301278,13.449678417548068,0.8511033446449284,-2.9263493224390884,-0.24067034505929935,0.0,-0.1406139216211219
1785948185591235642,13.461756149189277,0.8537438931685992,-2.9335732096034937,-0.24066198013770917,0.0,-0.14061441672145317
1785948185640149835,13.47281650420794,0.8560802982741308,-2.9397050585546802,-0.2352520936187515,0.0,-0.1310292304003695
1785948185690281089,13.484328123757766,0.8584364475449284,-2.946249904927383,-0.23524685232779283,0.0,-0.13102837512796198
1785948185756567416,13.498708497878193,0.859679138932769,-2.9580702269084163,-0.24568334461737837,0.0,-0.15765409196963184
1785948185808087736,13.512289392975065,0.8614476488129146,-2.967649446660393,-0.24569405975131065,0.0,-0.1576566099008267
1785948185842360917,13.525201739760723,0.863720567322302,-2.9751905966566334,-0.2536265539621894,0.0,-0.15126871796314753
1785948185893257634,13.537489510896751,0.8657843688359043,-2.9826212914733485,-0.25363447111108567,0.0,-0.15126813075310666
1785948185946367760,13.550301185547845,0.8678373296374504,-2.9906015476218193,-0.25544279461415526,0.0,-0.15552782255624636
1785948186006910973,13.564936273371533,0.8686429419099225,-3.0003036528693556,-0.2554445976169226,0.0,-0.15552821373433875
1785948186058336665,13.578851535394477,0.8695879112723729,-3.00872364606959,-0.24896494448082485,0.0,-0.14700806288327684
1785948186091606232,13.591188103116567,0.8712367685635498,-3.0160732621004636,-0.2489584793640863,0.0,-0.14700727990713378
1785948186141894899,13.603190605721167,0.8727517392141525,-3.0231051060790186,-0.24427097072943957,0.0,-0.14274621920509312
1785948186208679481,13.613798586368176,0.8729650869458837,-3.031199417081614,-0.24426628933819355,0.0,-0.14274582725754487
1785948186259979954,13.624815857462298,0.87344861801057,-3.03938713455079,-0.24426160794125634,0.0,-0.14807077189104403
1785948186290778856,13.636797196391276,0.8746774581624733,-3.0466883542267933,-0.2442616032688144,0.0,-0.1480712613997671
1785948186340294891,13.649139811545057,0.8758515018325773,-3.054409970189412,-0.24678216463820493,0.0,-0.15233202985133792
1785948186389494085,13.66148717795624,0.8769307155070599,-3.0620605811101904,-0.2467846780092903,0.0,-0.1523324211635691
1785948186457311978,13.673653605395435,0.8771183102248411,-3.0696218701613667,-0.2525485320326685,0.0,-0.14061705713371078
1785948186507620069,13.686036933786673,0.8774533546285176,-3.077297911471833,-0.2525542611219889,0.0,-0.140615984621986
1785948186541083691,13.698239611408177,0.8782346403009798,-3.085139669700197,-0.25039944084881405,0.0,-0.1533957654237955
1785948186591139838,13.710750052904384,0.878941640197815,-3.0928161526132816,-0.2503973208503276,0.0,-0.1533969234370926
1785948186658496374,13.722543181213046,0.8790856060614711,-3.099483990617591,-0.24535426174399252,0.0,-0.13529197102179935
1785948186706655185,13.734573362758212,0.8792560535383338,-3.106496970215567,-0.24534913661321495,0.0,-0.13529027629559956
1785948186745362418,13.74681215104677,0.8796851747253508,-3.1133900630000686,-0.24390368168824292,0.0,-0.13635365546973063
1785948186792066658,13.758865673123614,0.880025204309707,-3.1201313432982802,-0.2439022436419788,0.0,-0.13635375290827864
1785948186841286717,13.771007906907059,0.8802804704745779,-3.128232855172386,-0.24318064657345242,0.0,-0.15339493608270066
1785948186905775902,13.781303874606417,0.8801085450451358,-3.1357096254894645,-0.24317992356165247,0.0,-0.15339650872634103
1785948186956105754,13.792375990923349,0.8799267686669594,3.1404189745179742,-0.24966065170304108,0.0,-0.14700767130694029
1785948186994422224,13.804934610965516,0.8799120342492198,3.13302462883182,-0.24966711889376506,0.0,-0.14700708410098154
1785948187053189671,13.8177052132084,0.8798006204030655,3.125024874608188,-0.2532744405873027,0.0,-0.15552704783945923
1785948187095839902,13.830294308159399,0.8795920298139194,3.117293464304399,-0.2532780193615143,0.0,-0.15552782634073023
1785948187157626959,13.84124342280104,0.879011671116523,3.110191475094021,-0.24608004445775117,0.0,-0.140617665485662
1785948187206494816,13.852544519609793,0.8785105961074605,3.102918507999085,-0.2460728288325889,0.0,-0.14061628882688587
1785948187240900193,13.864403305593918,0.8780519929553591,3.096208898540472,-0.24030434104502182,0.0,-0.13635463499452363
1785948187290273696,13.87641940044896,0.8775062792472491,3.0893832806746637,-0.24029857602623106,0.0,-0.13635424271571633
1785948187346516908,13.888297877110343,0.8768827368190308,3.0819335115904174,-0.2388524877998978,0.0,-0.14487439350757275
1785948187407460516,13.902054386645712,0.8770693991103559,3.074484498399247,-0.23885104591385942,0.0,-0.14487517596287097
1785948187457152845,13.916166025407021,0.8770551714577012,3.067072568133,-0.24641128358673195,0.0,-0.14487595841789896
1785948187490923740,13.928334729852295,0.8761466819047626,3.0598986995102173,-0.24641883600246547,0.0,-0.1448759584898915
1785948187539189466,13.941173761837202,0.8750958604935501,3.0524198691438214,-0.25398809813859113,0.0,-0.14807116403150603
1785948187607946043,13.953518399385349,0.8738911922827901,3.0446276677490496,-0.25399564597314334,0.0,-0.14807145748804718
1785948187654226814,13.965805410273349,0.8726965795304207,3.0369453087928124,-0.25328302829252414,0.0,-0.14913682434146847
1785948187693648501,13.97843319954565,0.8713702691952689,3.029468913937524,-0.2532823174778277,0.0,-0.1491369222172835
1785948187739891863,13.99020834190799,0.8700465172776638,3.0229876613899913,-0.24283923763032103,0.0,-0.13635619703623067
1785948187791066668,14.002265219529995,0.8686097624721527,3.0161691447057533,-0.24282882933103764,0.0,-0.1363550238081662
1785948187854511182,14.012779799181018,0.8669701079367466,3.0083828565680735,-0.24137810749567476,0.0,-0.14913466480319928
1785948187910683224,14.023628432494107,0.8652940921869626,3.0008808073996125,-0.2413766561714864,0.0,-0.1491358423486299
1785948187940582771,14.035757197869568,0.8635783755320575,2.993875919097648,-0.24497606040482536,0.0,-0.14381167644809079
1785948187992490430,14.047874704575982,0.861775286428104,2.986684412898243,-0.24497962777279292,0.0,-0.143811190443649
1785948188059268996,14.06064155028472,0.8596372249721634,2.9793931429859386,-0.25434515475116287,0.0,-0.14168056067701618
1785948188104561738,14.072910136073093,0.8575358207249477,2.9722876966369816,-0.25435456877875373,0.0,-0.14168036341942103
1785948188145707060,14.08539218621335,0.855399905937177,2.964722986831946,-0.2536438237304843,0.0,-0.14807057646315902
1785948188189473580,14.097874645027334,0.8531688227512565,2.9573204480364748,-0.2536431146131607,0.0,-0.14807116367686243
1785948188243433428,14.110462524087623,0.8508200798738835,2.9492558011862,-0.24788111363315465,0.0,-0.1523320290046708
1785948188307215937,14.122221792586712,0.848692803452568,2.9419004329059915,-0.2478753619963598,0.0,-0.15233242074015857
1785948188363755542,14.135341965935892,0.8462028976917816,2.9336499693376243,-0.2417481806311676,0.0,-0.1491376047947939
1785948188391207240,14.145792788125869,0.8439978464627925,2.9270603376541766,-0.24174209377630376,0.0,-0.14913731247968726
1785948188445558107,14.158748283415006,0.8411720123171417,2.918253477107318,-0.24965794754622528,0.0,-0.16191786407859862
1785948188504965350,14.168505683869359,0.8384441935602962,2.910714782292163,-0.24966576703366944,0.0,-0.16191902686224027
1785948188554884469,14.179006417554488,0.8355455124524975,2.9048503254563194,-0.24859333743506734,0.0,-0.13422839183125082
1785948188589918377,14.191091425214497,0.8326298053960373,2.898138020809061,-0.24859226954059715,0.0,-0.13422585221831984
1785948188641045725,14.203453975562837,0.8295643078650545,2.8924606146191225,-0.25255208868449386,0.0,-0.1203774272410052
1785948188690046705,14.215693447546998,0.8264503751762431,2.8864412916623428,-0.25255604119893665,0.0,-0.12037615410311063
1785948188754716920,14.227691842997721,0.8231096540653832,2.880569274280403,-0.2482390214001866,0.0,-0.11398446996396441
1785948188805462432,14.239527084094725,0.8197943497867246,2.8747547701846066,-0.24823471682740297,0.0,-0.11398388296484913
1785948188839097867,14.251132542197455,0.8166277236542926,2.8705792970706225,-0.24318928762018835,0.0,-0.09374699566973281
1785948188890542056,14.262945822821594,0.8133454104901189,2.8658528736830715,-0.24318424839791936,0.0,-0.09374513406899217
1785948188940558618,14.274859712724266,0.8099749403218135,2.8612043332772648,-0.24750025027380035,0.0,-0.09374327246518252
1785948189007524614,14.288560308505145,0.8068430335790189,2.856288507268242,-0.24750452240898937,0.0,-0.09374327229546722
1785948189063715120,14.302133298467911,0.8036212792707058,2.8536292502629794,-0.250029315677756,0.0,-0.0649864624649513
1785948189091908696,14.314115629176001,0.8000721630552691,2.850381529128232,-0.25003185569134506,0.0,-0.06498379785227355
1785948189148643475,14.326247234643795,0.7964444082769999,2.849033050656161,-0.25075455375183303,0.0,-0.03941948481063966
1785948189204681209,14.338624987954324,0.7934042102589394,2.8472106814750306,-0.25075527540071546,0.0,-0.03941713366011212
1785948189256460256,14.350806760592247,0.7903377500345786,2.8459816299686587,-0.2478753501308854,0.0,-0.030894234510787592
1785948189291865535,14.362660672676206,0.7867278339117173,2.8444372668440345,-0.2478724773666795,0.0,-0.03089345147330481
1785948189339764914,14.374618912729003,0.7830763785292449,2.845289451276646,-0.24930993395169684,0.0,0.0010593894382718606
1785948189420624348,14.384479422913738,0.779588931213574,2.8455809574946382,-0.2489528947110224,0.0,0.00958581635383493
1785948189459054357,14.394977450645936,0.7760301400465212,2.8461070877985386,-0.24895244857804907,0.0,0.009586598157084713
1785948189490217494,14.406410409733866,0.7725499896434955,2.847501760573771,-0.2446310421164078,0.0,0.04579970518054868
1785948189540047651,14.418135482153064,0.7689987778288407,2.8497957115796537,-0.24462672557570683,0.0,0.04580303762136664
1785948189590426816,14.429888652303044,0.7654684676663527,2.851974983209692,-0.24714297257101345,0.0,0.04154609569837202
1785948189657930587,14.442366210742712,0.7620441513629826,2.8539548198602716,-0.2471454843726373,0.0,0.041545704311007556
1785948189704682285,14.454695782554674,0.7586777546912887,2.856756412726869,-0.2449875132911772,0.0,0.07243230131493808
1785948189745583759,14.466451542072813,0.7552356952776946,2.860378269849776,-0.2449853599060486,0.0,0.07243514003701841
1785948189789359016,14.477940155418421,0.7519169892984106,2.8641860671847117,-0.2334606301012999,0.0,0.07989346183066459
1785948189839193973,14.489167345078373,0.7487200646170863,2.8681812405521314,-0.23344912690974004,0.0,0.07989414748566072
1785948189904570993,14.504148092858975,0.7447283839720753,2.872438014824763,-0.2435198788455264,0.0,0.11291195599851017
1785948189958375573,14.518805697668219,0.7408558665556577,2.8777460712719605,-0.24352992983923105,0.0,0.11291499109289428
1785948189990530867,14.530935399557274,0.7375790878710297,2.883951010160206,-0.2590234580271936,0.0,0.13528446975833927
1785948190042291545,14.543614661308446,0.7342381276197788,2.8907987984908456,-0.25903891582461913,0.0,0.13528652531631366
1785948190097002776,14.556041656789134,0.7310544875270001,2.8977349155381398,-0.2554534918093413,0.0,0.14274407755377874
1785948190170270303,14.564262644777747,0.7275780917539573,2.9041273829122862,-0.2554499485388517,0.0,0.142744756334044
1785948190203743908,14.573092277150748,0.7243404993955919,2.911560966079142,-0.24716474936884386,0.0,0.17150221874770383
1785948190239157636,14.58514060172991,0.7215190638882822,2.920147838430475,-0.24715638522391403,0.0,0.17150489270883637
1785948190288972048,14.59718854469898,0.7188066236568629,2.928056997335493,-0.24678793449705194,0.0,0.14488084660300987
1785948190339276203,14.609255095846619,0.716190093576084,2.9353053236017685,-0.24678756730383783,0.0,0.14487840280678793
1785948190404673768,14.620208503841246,0.7133706441115054,2.9422020444756507,-0.2410259083020472,0.0,0.1502013106275667
1785948190462772331,14.63121442960529,0.7107561959030019,2.949415006714281,-0.24102015846694985,0.0,0.1502017998806452
1785948190491107096,14.642990426768803,0.7084648358591217,2.956898607243307,-0.23885392882250156,0.0,0.14913721582105838
1785948190540987302,14.65473046089213,0.7062715256133053,2.964355849942672,-0.23885176714531933,0.0,0.14913711797506504
1785948190611322006,14.666990841427527,0.7044442237510099,2.972931987350698,-0.2456911344674505,0.0,0.16830824990191764
1785948190656868259,14.679361218937075,0.7025466640261468,2.981714266055925,-0.24569796035973474,0.0,0.16831001215429503
1785948190690652402,14.691840416298398,0.7005343245232526,2.9905579872718517,-0.25974793610951213,0.0,0.1853528739013088
1785948190751278337,14.70536785254375,0.6984755315486972,3.0003214963054248,-0.25976195216267667,0.0,0.18535443981989672
1785948190800620063,14.717394067400049,0.6967651834670624,3.0084765019512556,-0.25437473826180185,0.0,0.16192448673009807
1785948190842844105,14.729999559329539,0.6950772072719601,3.0165723580946717,-0.2543693753504124,0.0,0.16192233849077575
1785948190906377423,14.741397774025897,0.6938082292851774,3.025821629223951,-0.25436401246672774,0.0,0.1885469030296932
1785948190956280574,14.752981339909425,0.6925347388449402,3.0355609371884955,-0.25436400711418444,0.0,0.1885493505212715
1785948190989822949,14.765619825752523,0.6911896144833616,3.0450689087323237,-0.2540039222272628,0.0,0.19174700310328532
1785948191039883065,14.77825913493517,0.6899658182103423,3.0546549588339214,-0.25400356293009646,0.0,0.19174729697436654
1785948191091095727,14.790876450720337,0.6888661236780549,3.0634708295626845,-0.25256287429433644,0.0,0.16086061464879764
1785948191142898007,14.803464332019912,0.6878807294095609,3.0715125999908093,-0.25256143640931134,0.0,0.1608577754084469
1785948191189363840,14.815987839912307,0.6870016461940235,3.080007276123955,-0.24967935880257555,0.0,0.17896109192985038
1785948191239968804,14.82845201310147,0.6862330645924604,3.088958391090817,-0.2496764817785097,0.0,0.17896275638841141
1785948191291334334,14.84085862130642,0.6855794543922279,3.0982070933164887,-0.24391223520580496,0.0,0.18855004826501187
1785948191353900295,14.85326952568428,0.687741547155215,3.111552726105512,-0.24390652314450648,0.0,0.18855092328407072
1785948191405024826,14.865590272126193,0.6888363480504514,3.1222542211848197,-0.24534111525419025,0.0,0.1629901904495871
1785948191447072895,14.877971416686078,0.6885968851573606,3.1304808125188033,-0.24534255670467864,0.0,0.16298782492876612
1785948191490009599,14.889910842453691,0.6884642165990976,3.1382296724659384,-0.23706214503489784,0.0,0.15020463945939985
1785948191544292752,14.901761572827803,0.6884243639441041,-3.1374465602985486,-0.23705388127798463,0.0,0.15020346444955035
1785948191610242078,14.912372891698238,0.690532331191059,-3.1275897885339456,-0.2381258615492052,0.0,0.12996598647513363
1785948191654616712,14.923160327039716,0.6919266692522018,-3.1195813035943165,-0.23812693144474606,0.0,0.12996412615433448
1785948191691108647,14.934735891458496,0.6921815110055816,-3.1140433973672703,-0.22516510758695119,0.0,0.09161979369940505
1785948191739881365,14.945992904613968,0.692491712642542,-3.1094610433881993,-0.2251521670693371,0.0,0.09161626784950619
1785948191798641580,14.956826598535212,0.6928399510381487,-3.1033090606459206,-0.20857551522029757,0.0,0.15445178509425117
1785948191859591684,14.967596423843812,0.694466157690246,-3.094048379347571,-0.20855897443090207,0.0,0.15445755995219043
1785948191909806588,14.979447759816972,0.6959056626318205,-3.0847022164718796,-0.2546328432718836,0.0,0.18002499440152317
1785948191946581924,14.992151545732,0.6966291571960306,-3.0757083688987468,-0.2546787775785389,0.0,0.1800273421179917
1785948191991185301,15.005521966877797,0.697511313923378,-3.065937856199746,-0.2813706124356673,0.0,0.2109166747064608
1785948192041795418,15.019568976127127,0.6985760641929007,-3.055379237867476,-0.2813972814646873,0.0,0.21091951730172961
1785948192111656827,15.034335636077328,0.7013875582012254,-3.0423990959090665,-0.2684610437766179,0.0,0.20453194990103307
1785948192161283906,15.049502576415346,0.7038314036029064,-3.0299430722543756,-0.2684481338192192,0.0,0.2045313627780016
1785948192193168120,15.061826101090558,0.705213069943834,-3.0202741221792704,-0.26591463084876094,0.0,0.2109211915072085
1785948192241549754,15.075025340437115,0.7068222858060574,-3.0097268801751293,-0.2659121150737393,0.0,0.21092177591026437
1785948192289234087,15.088025261036343,0.708546537054431,-3.0005135324551224,-0.258707993076342,0.0,0.15766891886983714
1785948192359313424,15.09868395041685,0.7120004425777638,-2.990871610457543,-0.2587008035707213,0.0,0.15766402403902507
1785948192403875231,15.10921871328653,0.7149676371235951,-2.982115489445456,-0.23996942633458695,0.0,0.15339886584511758
1785948192440047349,15.121064441366281,0.7168729442620723,-2.9744449935687256,-0.23995073216150212,0.0,0.15339847378873556
1785948192493151076,15.132575703708284,0.718815154938733,-2.967093281259817,-0.22696912824340257,0.0,0.1406172611997657
1785948192557468256,15.143014294874455,0.7223651993256063,-2.9579556602181567,-0.22695617598080187,0.0,0.14061608666476305
1785948192606856288,15.153946989814129,0.725531720290226,-2.949615270617515,-0.24206664917381873,0.0,0.14594025000405647
1785948192640148288,15.165813739633771,0.727838270912837,-2.942327643386676,-0.24208171085502186,0.0,0.14594073879439234
1785948192689780743,15.177508300721133,0.7301999361266244,-2.9345265526506004,-0.2352552573953795,0.0,0.16617752521619616
1785948192742067453,15.189022071198936,0.7326187183406949,-2.9262155287679836,-0.23524843446933982,0.0,0.16617938813992322
1785948192804413023,15.202063734700221,0.7359781881418386,-2.9166632431422648,-0.25180532783762083,0.0,0.17683193973744588
1785948192858420841,15.215304823488989,0.7393740442855415,-2.9071807439885258,-0.2518218478990203,0.0,0.17683291869327777
1785948192890596840,15.227678926224254,0.7423290000957424,-2.898182807048917,-0.257239567409955,0.0,0.18322430691141495
1785948192946668718,15.240412184519124,0.745491097251966,-2.8888380500792317,-0.2572449774958371,0.0,0.18322489475276402
1785948193007635207,15.251512500661114,0.7495239432035405,-2.8788917377363137,-0.2536495800493931,0.0,0.19920150938823467
1785948193060890874,15.262927078838858,0.7535554188625043,-2.8685879941478247,-0.25364599415428746,0.0,0.19920297700191675
1785948193090431787,15.275269575557065,0.7570112553429692,-2.8592410070145498,-0.2590436207288234,0.0,0.17470786289746176
1785948193139595012,15.287711837053664,0.7606207800931699,-2.850503984859479,-0.2590490072322122,0.0,0.17470561145762928
1785948193189829661,15.299844724419788,0.7642557875423369,-2.8420868455333532,-0.24753179948747317,0.0,0.16192253919202018
1785948193257108721,15.313099509188879,0.7685615634680676,-2.833387989297238,-0.2475203097422923,0.0,0.16192136463268464
1785948193309418760,15.325804946390074,0.7727740770385657,-2.8250109785679305,-0.23490601704624,0.0,0.15765991216593017
1785948193347132076,15.336967378084276,0.7764308919058577,-2.8171268037332533,-0.23489342212892636,0.0,0.15765952027315586
1785948193391745150,15.34823556576305,0.7802209765515047,-2.809244152525741,-0.24064211370060018,0.0,0.15765912838034016
1785948193441916565,15.359836771258289,0.7842251432534724,-2.801203796803325,-0.24064785027438204,0.0,0.1576591283443215
1785948193504662114,15.371919538821219,0.787360732176294,-2.794411312955909,-0.24442389126167663,0.0,0.1619186844131792
1785948193557525258,15.38405714866088,0.7909258057268744,-2.787012140827049,-0.2444329263157421,0.0,0.16191943700233818
1785948193595833631,15.395757342411112,0.7952609615706815,-2.777963856562813,-0.24786261357395326,0.0,0.1747009624345365
1785948193646674986,15.408401213976477,0.8000726038060838,-2.7684287534104866,-0.24786610415367466,0.0,0.1747021609068227
1785948193704406339,15.418774618392337,0.8048970220638819,-2.7590327641646994,-0.25147102542563365,0.0,0.18961456543497673
1785948193759323495,15.430178763586875,0.810115611915485,-2.749291079127127,-0.25147430929067804,0.0,0.18961581640026648
1785948193790447271,15.441699436181796,0.8148698410895356,-2.7428293117789733,-0.2500375400407071,0.0,0.14808011859766346
1785948193842069225,15.45322562802542,0.8197262394659985,-2.7354223709622874,-0.2500359691698561,0.0,0.14807593521946272
1785948193889204230,15.464337197571218,0.824510248055702,-2.727139240780116,-0.2446331954815739,0.0,0.15978751321868664
1785948193958535256,15.476186200387941,0.8310655158693117,-2.717072900384685,-0.24462780332922657,0.0,0.15978858977710927
1785948194007921239,15.488121581944052,0.8373259737217341,-2.7079798665379604,-0.24714297357666412,0.0,0.15872459313329634
1785948194040550628,15.4993343007526,0.8425174707480606,-2.7000444335329075,-0.24714548487539292,0.0,0.1587244952860888
1785948194091717688,15.510753578498546,0.8479036932314774,-2.6944265872161584,-0.2507488057929718,0.0,0.1278374030886424
1785948194141140217,15.522066103130811,0.8533287734444942,-2.6880308845930894,-0.2507524000439389,0.0,0.12783456543820082
1785948194208158566,15.53381811791597,0.8585542168967811,-2.6832086386928617,-0.2543568036336289,0.0,0.11505090673936946
1785948194260801255,15.54583654042459,0.8641474248022241,-2.677602997412342,-0.25436039910215064,0.0,0.11504973223755866
1785948194291805027,15.556641405570335,0.8695424457792238,-2.6747134839763063,-0.2521143965424573,0.0,0.07883597993606332
1785948194341006173,15.567898420377766,0.8752164957473405,-2.6707718387752672,-0.2521116970926206,0.0,0.07883277232924232
1785948194390530881,15.578760793890153,0.880749595415469,-2.666057208474916,-0.2441550815444563,0.0,0.08841511998010988
1785948194455804122,15.588744514778321,0.8858683705340445,-2.6624912335551416,-0.24414821310900855,0.0,0.08841603436005734
1785948194508662017,15.598355421662376,0.8909533860484519,-2.661196676396519,-0.2352593555232949,0.0,0.05326968090160091
1785948194547281280,15.609010412518849,0.8965058510710787,-2.6584762934230968,-0.23525048556701067,0.0,0.053266451215641594
1785948194590487848,15.619984968222184,0.902258830653106,-2.65657856684435,-0.24712477182725234,0.0,0.043677566028400124
1785948194667164949,15.63264629148833,0.9086588844156692,-2.6539419709628387,-0.24713637516097173,0.0,0.0436767030423598
1785948194706670510,15.64497124876764,0.9149417357949641,-2.65321416668461,-0.24642784661220707,0.0,0.02024442459719549
1785948194740548703,15.65586707006135,0.9207307601361179,-2.6522008293326507,-0.24642712431431937,0.0,0.02024222437130493
1785948194789511410,15.667269974475007,0.9267948850897326,-2.6531053124910664,-0.25434818069212806,0.0,-0.0053216219824449365
1785948194844407478,15.678617637486132,0.9328255601102231,-2.6533744548806943,-0.2543560863036898,0.0,-0.005323971915122499
1785948194905119207,15.69095708576805,0.9395264095357088,-2.655212124078881,-0.2547240847946921,0.0,-0.04047365137551781
1785948194957254585,15.703263455815007,0.9460212802101694,-2.656637486871532,-0.25472444829175506,0.0,-0.04047684912900114
1785948194992558709,15.714271822993167,0.9518213282995189,-2.6587416811589435,-0.25076400002125704,0.0,-0.04154511439242296
1785948195041167230,15.72537551394479,0.957642325434585,-2.660818830354834,-0.2507600062683841,0.0,-0.041545213612828744
1785948195090160498,15.73572541175436,0.9630333150885669,-2.664333588567157,-0.23923342589667698,0.0,-0.060716547068381685
1785948195159925937,15.7473007582167,0.968309270873202,-2.668108048070899,-0.239221924428868,0.0,-0.060718308970529995
1785948195207770178,15.758727897243705,0.97369635150374,-2.6728701391047496,-0.24173102121175483,0.0,-0.07882625723436049
1785948195241918940,15.76950796627717,0.9791549443993869,-2.6768104965427693,-0.2417335085258556,0.0,-0.07882791054328854
1785948195297903424,15.780485015584365,0.9846520551959237,-2.6823687010851938,-0.24353637310160725,0.0,-0.10013091234761688
1785948195355848383,15.792739988704833,0.9906264153374541,-2.687128419431358,-0.24353818518538467,0.0,-0.10013288449067898
1785948195404592108,15.805193900138024,0.9966508945605752,-2.6935003559295403,-0.24858113194576226,0.0,-0.12037116173846885
1785948195444435791,15.816393611759958,1.002034645773265,-2.6995176117802484,-0.2485861621990206,0.0,-0.12037302106395219
1785948195489368330,15.827779056945284,1.0074195460127104,-2.7064965288480387,-0.2507516677196981,0.0,-0.13315570714560307
1785948195549549931,15.839148808083063,1.0127042465327556,-2.713154493363261,-0.25075382945572394,0.0,-0.13315688242877477
1785948195604421390,15.850167299022806,1.0179564362475118,-2.721028605983696,-0.24859551088931217,0.0,-0.15339436169066528
1785948195657609951,15.86132731053132,1.023093648544575,-2.7285158736385693,-0.24859335735418953,0.0,-0.15339622150453636
1785948195691185928,15.872539345586512,1.0280127218042128,-2.734989479970485,-0.24607064408953838,0.0,-0.1374220426975687
1785948195743195254,15.883837215810177,1.032877569493522,-2.7418590243960885,-0.24606812541517664,0.0,-0.1374205737719291
1785948195805609210,15.89720840148076,1.038588840669494,-2.748653439495046,-0.2489462483013045,0.0,-0.1427444564829367
1785948195861231123,15.910280750364432,1.044029676752372,-2.755492480050631,-0.2489491204580883,0.0,-0.1427449458154306
1785948195889341465,15.921659978837912,1.0486499593715355,-2.76374570189023,-0.2467915097605474,0.0,-0.15765638707873336
1785948195946561122,15.933133961302737,1.0532041897564313,-2.7716321815137297,-0.24678935671990684,0.0,-0.15765775756754358
1785948195999331751,15.94443425633442,1.057592022261139,-2.7781567816005612,-0.24390655889925755,0.0,-0.13955297108636427
1785948196055354572,15.957022453199524,1.0620552621075199,-2.78555280753533,-0.24390368219875314,0.0,-0.1395513070967739
1785948196109394358,15.969409054879094,1.066463937793633,-2.7924644260983102,-0.24354072610828434,0.0,-0.13528936484418014
1785948196141956609,15.980955353232577,1.070667262604158,-2.7992902859030084,-0.24354036387378136,0.0,-0.13528897308415322
1785948196189625453,15.992495337212585,1.0747756642338562,-2.806943161412937,-0.24606061287837985,0.0,-0.14806942301074813
1785948196259084419,16.00612393867905,1.0791574451782464,-2.815064484778991,-0.2460631048260395,0.0,-0.14807058689862018
1785948196307742669,16.019571290546715,1.0835531792512465,-2.822028440259011,-0.24786596204572228,0.0,-0.1363560267180335
1785948196341239091,16.031337824183552,1.0874467966386578,-2.828846374404954,-0.24786778011048047,0.0,-0.13635493864243167
1785948196392147712,16.04315803493474,1.0912664523251014,-2.8362557227597227,-0.2475095151738671,0.0,-0.14380933509501467
1785948196447425776,16.054979282002165,1.094992432472735,-2.843457382571099,-0.24750915795833556,0.0,-0.1438100196598712
1785948196504737243,16.068351329638396,1.0982560321187533,-2.852672379077492,-0.24642854961970673,0.0,-0.1523312552759824
1785948196557296410,16.081493020588045,1.1016848830673238,-2.8611000858905715,-0.2464274776355838,0.0,-0.152332033840691
1785948196589795714,16.093509621333745,1.1051455739908131,-2.869112090800692,-0.24894693571560023,0.0,-0.15765814346950552
1785948196641093243,16.105498661261965,1.1084956793617062,-2.8769954658840247,-0.24894946449361982,0.0,-0.157658635843379
1785948196691504025,16.11821994711156,1.1119427963083333,-2.885279318581755,-0.2586741626096344,0.0,-0.16298447941963853
1785948196760103477,16.13202227988772,1.1148032800016854,-2.895057356049032,-0.25868387145258054,0.0,-0.16298496914981764
1785948196809150635,16.14403514978846,1.1173201057868203,-2.900867629685989,-0.2576132080049979,0.0,-0.12783778303748267
1785948196839874174,16.156538962611194,1.1203896109423053,-2.907256432254048,-0.2576122065369529,0.0,-0.1278347554127232
1785948196890691305,16.16755239638865,1.1230121812641525,-2.9144295436899146,-0.23636929305612933,0.0,-0.1384822845247563
1785948196965615201,16.180337296776884,1.1245725516699192,-2.923736503724213,-0.2363466708241488,0.0,-0.1384833290042578
1785948197005768334,16.191810808152727,1.1262255628803344,-2.931603007115015,-0.2359639280465744,0.0,-0.1395494558215811
1785948197061145984,16.20556193110109,1.129156361573546,-2.9399181417601934,-0.23596356364186055,0.0,-0.13954954930323543
1785948197094118167,16.215679052417084,1.1312282799119702,-2.945262031167704,-0.24712405510226756,0.0,-0.13422415326620188
1785948197148813909,16.22784220853813,1.1336474498651405,-2.951996997893191,-0.24713601643233263,0.0,-0.13422373273606708
1785948197206047742,16.240231762127983,1.134982385363109,-2.961955833995603,-0.24744804384042876,0.0,-0.1587190067349838
1785948197269587780,16.2527612665085,1.1366031277497355,-2.9709458993541644,-0.24744835431115794,0.0,-0.15872170178138345
1785948197292455693,16.264815257995455,1.1386839175519254,-2.9779203996888097,-0.24750867969446097,0.0,-0.14700864646509185
1785948197340923857,16.27702881377851,1.1407009828232182,-2.9852728087029186,-0.2475087398021573,0.0,-0.14700757172470422
1785948197407955775,16.29108092195807,1.1418545339365505,-2.995633042659561,-0.255696319148501,0.0,-0.15978728996277028
1785948197458395134,16.30466553677102,1.1432697048111133,-3.004788866658574,-0.25570664745672794,0.0,-0.1597884781376412
1785948197490486874,16.317284524563497,1.1450086387263942,-3.012331432676069,-0.2543666786163698,0.0,-0.15339925647978245
1785948197566824381,16.329842704118995,1.1466410257292803,-3.0199685529369287,-0.25436534151922224,0.0,-0.15339866912402667
1785948197597478191,16.341887846572757,1.148117972490764,-3.0261883776555485,-0.24685982877701496,0.0,-0.13422683716435724
1785948197642042591,16.35416682929279,1.1495413421690417,-3.0329098276370345,-0.2468535853483484,0.0,-0.13422507481395127
1785948197704887631,16.365227999543706,1.1501482793015936,-3.041764755284159,-0.24174620360634907,0.0,-0.15126441077882355
1785948197766003341,16.376289675135098,1.150890018949328,-3.049524226335841,-0.24533502101759777,0.0,-0.14594220662020146
1785948197789465416,16.388506228824326,1.1520179677341609,-3.056822147707833,-0.2453395039472244,0.0,-0.14594171719234136
1785948197844130565,16.40084406552111,1.1530663696260386,-3.064037866675181,-0.25002503770475193,0.0,-0.14274602283501514
1785948197889847319,16.41331355138427,1.1540353824578842,-3.0711782729111885,-0.250029713102682,0.0,-0.14274572906345795
1785948197940045519,16.42577440953155,1.1549142569954114,-3.0787148476235946,-0.24967430883553052,0.0,-0.1587214612865448
1785948198006103072,16.438097187759123,1.155262774730169,-3.0873438521180563,-0.2496739542742116,0.0,-0.15872292921882045
1785948198062804697,16.451278961435275,1.1557507394385695,-3.0955909154422376,-0.24715267891218054,0.0,-0.13316242146066506
1785948198090042245,16.46270598782512,1.1562767737629223,-3.1017540925722646,-0.24715034222072038,0.0,-0.13316023988058817
1785948198144324854,16.475827152786874,1.1567997765528115,-3.1091155821174468,-0.2457076971127445,0.0,-0.14487379609806342
1785948198205550007,16.485680658522455,1.1563115546954337,-3.11624105886621,-0.24570625144190358,0.0,-0.14487487723018533
1785948198256124986,16.49658756182753,1.1559637873141064,-3.123774893860013,-0.24426466394066176,0.0,-0.14807112616294038
1785948198291341012,16.508759647904924,1.1561806892130286,-3.13115476936345,-0.24426313437859423,0.0,-0.14807143855018437
1785948198340158882,16.521091879262315,1.1563094215373546,-3.13818279498421,-0.24930269062520996,0.0,-0.1331608095687829
1785948198390320985,16.533556790000947,1.156351926604114,3.138344857893134,-0.24930773884501548,0.0,-0.13315943387537088
1785948198461356862,16.544437363319087,1.1555199159189184,3.1307583798423444,-0.24535190486160502,0.0,-0.1555244930002697
1785948198505452384,16.555440368645417,1.1547692303472978,3.1227453871972894,-0.24534795690222105,0.0,-0.15552654880328914
1785948198540324175,16.567742753492677,1.1545373391426093,3.1152879381598595,-0.24678433274719072,0.0,-0.14274778447510258
1785948198589632108,16.58007842921893,1.1542127784730198,3.108150278170345,-0.2467857661209116,0.0,-0.14274660996445407
1785948198640252337,16.59242126901464,1.1537998512839334,3.101044043431262,-0.2475073574659473,0.0,-0.1416803622738693
1785948198706938932,16.603178207425973,1.1528573060615195,3.0938275381925693,-0.2475080780275983,0.0,-0.14168026420860355
1785948198757429909,16.614203467336402,1.1519532780518742,3.0863597101708247,-0.24858904494740253,0.0,-0.1544609884741503
1785948198791507852,16.626606480875424,1.1512675254660336,3.078641280544157,-0.24859012264692815,0.0,-0.1544621620651484
1785948198841088082,16.639387613793712,1.1504618725096978,3.0710508066620252,-0.24823109354363984,0.0,-0.13955230184876274
1785948198905149703,16.65207415026971,1.149486902527608,3.0636457670739277,-0.24823074595928216,0.0,-0.13955097244356784
1785948198958429210,16.66513905682852,1.1485068519423447,3.0561122645439056,-0.250030715513532,0.0,-0.14594002489453656
1785948198990293936,16.677505991467022,1.1474471393873915,3.0488674106886156,-0.2500325547956402,0.0,-0.145940626227908
1785948199041905106,16.689772307215986,1.14630646639341,3.0416514351591606,-0.2428328888635191,0.0,-0.14274602694364477
1785948199105357589,16.701763710125164,1.144910618841978,3.0340045314814437,-0.24282565035841455,0.0,-0.14274573111816113
1785948199154252870,16.71377386595621,1.1435367614156058,3.0266981251222504,-0.24389865904381527,0.0,-0.13742008364615205
1785948199189540225,16.725891101182008,1.1421383991687335,3.019825668853459,-0.2438997298180528,0.0,-0.1374195941561255
1785948199248837321,16.73804831938161,1.1406506914389343,3.01266239448716,-0.246061283372673,0.0,-0.1491348664088315
1785948199293485723,16.750250479552896,1.1390686882086436,3.005204928215207,-0.24606344038495825,0.0,-0.14913594316098422
1785948199357611410,16.76256486989601,1.1372388642656182,2.9973760329729857,-0.24966639581579667,0.0,-0.14807194674293628
1785948199406334782,16.77495876714237,1.13539292246765,2.9897393548429734,-0.2496699938136323,0.0,-0.14807184887971864
1785948199440337843,16.787342238977658,1.133497864175116,2.982363118872732,-0.2514739910435627,0.0,-0.14700669250064533
1785948199494079061,16.79975312242186,1.131504812835239,2.975015094153237,-0.2514757903171861,0.0,-0.14700659465284763
1785948199559320557,16.813929688564397,1.1299762882155713,2.967254800680859,-0.24895704008890215,0.0,-0.15978731377641153
1785948199603834523,16.82772550098705,1.128298059123498,2.9592078877586,-0.2489545232285569,0.0,-0.15978849004667314
1785948199642886087,16.83992756560295,1.1260475795102476,2.951487388589907,-0.24751168073509008,0.0,-0.14913897666803802
1785948199690560788,16.852134608836607,1.1236985904345986,2.9439970595626894,-0.24751024181885556,0.0,-0.14913799847941872
1785948199747799741,16.86419781882222,1.1212834382031867,2.9365731551924408,-0.24678864696609218,0.0,-0.1491370202909153
1785948199805110889,16.87640958513585,1.1189063577213079,2.929090732846987,-0.2467879268716002,0.0,-0.1491370202010079
1785948199856276126,16.888615932972197,1.1164287407990936,2.9216836559518984,-0.24894768440363585,0.0,-0.14700688858277658
1785948199889031118,16.900772218760114,1.1137115212244642,2.914328177014426,-0.24894984071341716,0.0,-0.147006692702938
1785948199943853968,16.91272936888866,1.110946308595412,2.906947609678924,-0.24175036532038857,0.0,-0.14807155544870354
1785948200007231344,16.923819140893233,1.1080321735916812,2.8994278384590415,-0.24174318871916153,0.0,-0.14807165321462348
1785948200054621141,16.93506728175458,1.1050617866075854,2.8917562514622785,-0.24497673113060928,0.0,-0.15659230570303068
1785948200092970443,16.947524756700663,1.1018830422088626,2.883538222116501,-0.24497996195335922,0.0,-0.15659308982778375
1785948200140478419,16.958818386696752,1.0989022115790512,2.876535319947538,-0.24606344099852057,0.0,-0.13955276554113624
1785948200204717485,16.969809548192984,1.0953754973559142,2.86928572968617,-0.24606451878919686,0.0,-0.13955120431426252
1785948200270910370,16.981766165053195,1.091606608733659,2.861845311455318,-0.2532679889445073,0.0,-0.1352893225292012
1785948200291277729,16.99324389074735,1.0883092799970284,2.855466505468966,-0.25327479066564684,0.0,-0.13528895192287976
1785948200340438202,17.005487454116555,1.0847072422707187,2.8490413698086727,-0.2565219514295114,0.0,-0.12037777765594201
1785948200389871355,17.01777909005112,1.081005083831043,2.8430175582348007,-0.25652537544364556,0.0,-0.12037632933421301
1785948200455415676,17.029095743499788,1.077055271064581,2.8372067693668455,-0.25040743188499615,0.0,-0.10013858045023127
1785948200504864638,17.040397668671698,1.0731644862882654,2.8320239530126603,-0.25040132187892045,0.0,-0.10013671889582532
1785948200543860648,17.052780036687047,1.0692039576100358,2.827222114292075,-0.23959153704856023,0.0,-0.07989833700752094
1785948200591398032,17.063491157050482,1.0657212008010382,2.8234660040804447,-0.23958137749223682,0.0,-0.07989658528875991
1785948200663010374,17.074870982246615,1.0619397267150457,2.819429939750715,-0.2374110049545185,0.0,-0.06924426681524505
1785948200707577270,17.086185868649356,1.0581914868028859,2.8157954875095244,-0.23740870484049506,0.0,-0.0692432269313208
1785948200741977335,17.097758523435214,1.0542818388316388,2.8130605903576846,-0.2485690299387183,0.0,-0.039420233534535366
1785948200803813578,17.109480929376684,1.0502858419613181,2.8110968399383554,-0.2485801037291439,0.0,-0.039417508054905064
1785948200862151605,17.121538244684455,1.0463055635045952,2.809227890904308,-0.254712497787436,0.0,-0.030894243310138
1785948200903751340,17.13371900557327,1.0422700756759913,2.8076212216489447,-0.2547186489713063,0.0,-0.030893455873787563
1785948200940358031,17.145800978065257,1.038078018583359,2.8069021172726045,-0.2568852739582807,0.0,0.0021244546445606596
1785948200989900979,17.157937061007615,1.0338574033018406,2.807008606059883,-0.256887437577441,0.0,0.0021274914989111147
1785948201042489139,17.16986606394856,1.0297102288603157,2.8073287628464647,-0.24572697782743022,0.0,0.01065108593054027
1785948201105074940,17.180630587060328,1.0257200149810075,2.807901546341872,-0.24571589986597284,0.0,0.01065186517389421
1785948201154999915,17.19147063476489,1.021749763273765,2.8092563214921467,-0.24174398611917358,0.0,0.042604666867286645
1785948201192225441,17.20291441462674,1.0178000879172706,2.8113901774701224,-0.2417399974572394,0.0,0.04260762227974493
1785948201240685093,17.214445358763786,1.0138478443283183,2.8137863524255766,-0.2460569887538027,0.0,0.053261264336686175
1785948201291171653,17.226169622123624,1.0098607080888165,2.8164669162488263,-0.24606129242559507,0.0,0.05326224254654628
1785948201351171809,17.237498076506704,1.0054551788811161,2.81852135412932,-0.24606129242559507,0.0,0.05326224254654628
1785948201406692152,17.248211850840423,1.0015115636406164,2.822160116695713,-0.2478661461580633,0.0,0.0734996829404094
1785948201451382923,17.259929292553863,0.99763590898629,2.8260829935330145,-0.24678945168533248,0.0,0.08415384275112599
1785948201490455032,17.271665449725113,0.9938050714823295,2.8302928633866102,-0.24678832819345659,0.0,0.08415486496013233
1785948201559043380,17.28234071756159,0.9898649986756126,2.8345942453723736,-0.24462672211124525,0.0,0.1097175346255913
1785948201606357846,17.293179662928072,0.9861157939684091,2.839782895165534,-0.24462456490222162,0.0,0.10971988425116677
1785948201647151221,17.305189038781236,0.9823770324290023,2.845754337463443,-0.24606279944318998,0.0,0.123568190324993
1785948201689733002,17.316663851785076,0.9788797141314681,2.8517785163095373,-0.24606419921118994,0.0,0.12356943163507293
1785948201740875262,17.328477046651063,0.9753568983437236,2.8584231541709353,-0.24714578514382599,0.0,0.14274182040741157
1785948201807141077,17.340984165560748,0.9720453517544452,2.865426382701925,-0.24714689203496423,0.0,0.14274362765227586
1785948201859717076,17.353525625398206,0.9688170004613916,2.8739212600999906,-0.2493918023366387,0.0,0.1714969995153698
1785948201891622282,17.365558767717268,0.965516878676646,2.8825016741977874,-0.2493973871787766,0.0,0.17150228237052895
1785948201941818402,17.37758232311588,0.9623282892399975,2.8906451384515517,-0.24895249286611476,0.0,0.16298650300219938
1785948201992460647,17.39018243196018,0.9590982326396298,2.89916099506661,-0.24895224599497676,0.0,0.1629859810181322
1785948202055803687,17.40048872270911,0.9562843896837944,2.9071797664875625,-0.2502988405782426,0.0,0.16724508643121885
1785948202110291903,17.4116258732899,0.9533953952697873,2.9155932862737846,-0.25030191175235034,0.0,0.1672458033545397
1785948202140977393,17.42364721913115,0.9506294384417581,2.923370646423774,-0.24859475230200032,0.0,0.1597910933640832
1785948202189725022,17.435781480850455,0.9479386268819597,2.9313597987425375,-0.24859297924315796,0.0,0.15979038001704396
1785948202271753226,17.447471361077728,0.9453132641053412,2.9396896482056114,-0.2460706631824434,0.0,0.16191979664878917
1785948202305940965,17.458965231750696,0.9428232088134275,2.947702024767975,-0.246068134981117,0.0,0.16191999323498565
1785948202339041759,17.470785904783792,0.940500849685842,2.9553262238998275,-0.24246480805992127,0.0,0.1555297810387852
1785948202391788259,17.482698211330064,0.9382559665148005,2.963102124416152,-0.24246120834368187,0.0,0.15552919306563961
1785948202439791706,17.494737941242096,0.9360872021669846,2.9717594089551294,-0.24389793551135502,0.0,0.16724436913393728
1785948202506243062,17.50721658444399,0.9348204159332117,2.981835699371973,-0.24389936769236073,0.0,0.16724544472783542
1785948202565785732,17.5199440546988,0.9332060710671812,2.990984796318007,-0.2475016031271181,0.0,0.1640513153138638
1785948202590119577,17.532053181940363,0.9313684222340409,2.9991026437441906,-0.24750519798735252,0.0,0.16405102172524802
1785948202639263282,17.544634207884485,0.9295673276601812,3.0084329749151064,-0.2518297455093305,0.0,0.17896167780883596
1785948202708130102,17.557827724963328,0.9290113530568984,3.0193878500948506,-0.25183406444665474,0.0,0.17896304935477997
1785948202759485616,17.5714448542884,0.9280823109690296,3.0286195321715375,-0.2554392119790407,0.0,0.16405346744307395
1785948202789617362,17.583806981103464,0.9266797456029096,3.0366094700748314,-0.2554428074896102,0.0,0.16405209788868058
1785948202841045103,17.59597019807329,0.9253988925274622,3.044653039335487,-0.2482447762133336,0.0,0.16192058150166436
1785948202906038016,17.60928071009073,0.925535061933211,3.0551167187743498,-0.2482375971049146,0.0,0.16192038569756212
1785948202955950415,17.62177615161083,0.9253639565001449,3.064482199986451,-0.2403086398474284,0.0,0.15979005816605138
1785948202990346096,17.633783326600064,0.9244362457496585,3.072490641803322,-0.2403007275636509,0.0,0.15978986236775825
1785948203039693998,17.64590995441292,0.9235939377136274,3.079828119277869,-0.24245330560226358,0.0,0.15126910711127486
1785948203090108141,17.658009202353863,0.922845678997915,3.0873911213507608,-0.24245544988687856,0.0,0.15126832534491827
1785948203139740596,17.670267407607522,0.9221840742848829,3.0959065440502695,-0.24461806887788573,0.0,0.1640483742356496
1785948203208676026,17.683590630752395,0.9225827695049624,3.1058709594516762,-0.24462023098657637,0.0,0.1640495510507795
1785948203253630198,17.697241097289027,0.9227630591597924,3.1161856205140674,-0.2518239971157232,0.0,0.17683154748739158
1785948203289001492,17.709830844676393,0.9224431162832586,3.125028547568865,-0.2518311873835322,0.0,0.17683272255018895
1785948203339844159,17.72255565597068,0.9222272221593056,3.1327514388695774,-0.2536387924983396,0.0,0.16192293110645492
1785948203409135440,17.73670872256969,0.9238412147825995,-3.139270105598224,-0.253640596486711,0.0,0.16192156060795584
1785948203459663057,17.750811726074584,0.924910338454469,-3.128533118457483,-0.2496815107047629,0.0,0.16831059985035215
1785948203489836277,17.762729407056984,0.9250659918069474,-3.120498303785944,-0.24967755880342563,0.0,0.16831118723651003
1785948203545484527,17.774631426268936,0.9253176527573681,-3.112327860401889,-0.24211187779426852,0.0,0.16511656816528944
1785948203592264865,17.786900118931715,0.9256768019512058,-3.1039566026024765,-0.2421043462082728,0.0,0.16511627525654476
1785948203653679495,17.79889994637627,0.928837392119206,-3.092111667436763,-0.246417899408084,0.0,0.16192076936500516
1785948203703790620,17.810901171153294,0.931120836138435,-3.0818215385604946,-0.2464221457907942,0.0,0.16192047963751519
1785948203739255901,17.823498334231054,0.9318759348805951,-3.0731673783072284,-0.2503871623152456,0.0,0.16937565372157184
1785948203790966562,17.83598794075763,0.9327318731380133,-3.064699156334374,-0.2503911754298386,0.0,0.16937634871762472
1785948203855783886,17.84819689496933,0.9352535248414322,-3.0549917079666606,-0.2493149502428294,0.0,0.15553115024612552
1785948203906079944,17.86041432588527,0.9374024845739649,-3.045759384655706,-0.24931387627868862,0.0,0.15552987773217214
1785948203941664973,17.872497312742823,0.9385636699442745,-3.0383040685008416,-0.2449918327496524,0.0,0.15126832677275764
1785948203991080269,17.884681617649886,0.9398266671389727,-3.0307403692350485,-0.24498752030138668,0.0,0.1512679351399212
1785948204046759753,17.896658287453402,0.9411631265229015,-3.0224844298856515,-0.24101969047947636,0.0,0.16511428493282543
1785948204106992652,17.909716112372536,0.9437467596697658,-3.0120664695082797,-0.24101704855239353,0.0,0.16511513356143925
1785948204160603209,17.922756099154082,0.9459257660396572,-3.0029297596538185,-0.24568616985982022,0.0,0.1608565006841454
1785948204193683971,17.935094491895647,0.9476476886916729,-2.9947739288786095,-0.2456954663284786,0.0,0.16085571830886183
1785948204241496276,17.947262225862616,0.949446889434997,-2.9867652491304733,-0.24822541803904086,0.0,0.1619199968652739
1785948204292660744,17.95952560483147,0.951360913208386,-2.9786690633922013,-0.24822790839658596,0.0,0.16192009335263008
1785948204355812770,17.971649923437496,0.9540686028008686,-2.968763976182084,-0.24850031284106916,0.0,0.17363592088527707
1785948204426177907,17.983574130646335,0.9566299923491425,-2.9596612154118347,-0.24850065737848331,0.0,0.17363701303704646
1785948204434271460,17.996912620806523,0.9590838160519224,-2.950184697085206,-0.24850065737848331,0.0,0.17363701303704646
1785948204490239368,18.008202247263494,0.9612590726946174,-2.9433625750087593,-0.25015191475343734,0.0,0.16511754905482726
1785948204553639465,18.020347180671138,0.9636974304769801,-2.935434684084525,-0.2485942884793557,0.0,0.16085571241468838
1785948204598166968,18.03251418873948,0.9662419071301613,-2.927391491858909,-0.24859274552688604,0.0,0.16085532406576977
1785948204674959561,18.0444864048951,0.9694883123642476,-2.9179173272995196,-0.24391015850438078,0.0,0.1672453456778445
1785948204713500421,18.057278027399782,0.9727979750682685,-2.9084879109620867,-0.2439054852864741,0.0,0.1672459330445552
1785948204745342714,18.068305021246292,0.9754124564606726,-2.901607757120766,-0.24174005426929193,0.0,0.15340046996363343
1785948204791716864,18.079982988171498,0.9782700631940089,-2.8939786450818072,-0.2417380264433044,0.0,0.15339927591493707
1785948204840758837,18.09200480325125,0.9813112061282188,-2.885606837068935,-0.2460564083520568,0.0,0.16298358128593135
1785948204891493469,18.103903775893816,0.9844254959851142,-2.87745993825859,-0.2460610001415764,0.0,0.16298452003604422
1785948204959386501,18.115816790406644,0.9879915279378194,-2.8686921594201062,-0.24786599611145202,0.0,0.1672457365604832
1785948205007688548,18.12767928653514,0.9915606980901089,-2.8601719802981065,-0.24786779866679526,0.0,0.16724612850381593
1785948205041085287,18.139845768129828,0.9950757638643148,-2.852129111637339,-0.2514703936888543,0.0,0.16298624234153924
1785948205091554343,18.151902684347228,0.9986666553636264,-2.8439757511788812,-0.2514739898428745,0.0,0.16298585069181576
1785948205158584981,18.16532597907301,1.0029993173796512,-2.834080336174416,-0.25363808243354685,0.0,0.17363614827006185
1785948205207154044,18.17724397264006,1.0069291048799764,-2.825575363390803,-0.25364024110108596,0.0,0.17363712674135592
1785948205246710583,18.18867798028519,1.0106626999130084,-2.8184323678807193,-0.24500042288508148,0.0,0.15340179306113552
1785948205289603509,18.20030913656374,1.0145579837581302,-2.8107517689452144,-0.24499182112445078,0.0,0.15339993753086625
1785948205343331158,18.211877570551888,1.018533057432164,-2.802693168295423,-0.2449832163994978,0.0,0.158723420460893
1785948205404709691,18.221069315538337,1.0232805678890362,-2.7942384048200024,-0.244983207827685,0.0,0.15872390889606952
1785948205454875314,18.23049283411774,1.0278812023958437,-2.7857670441161306,-0.2428227202550934,0.0,0.16191960144852396
1785948205491853696,18.241872264802105,1.0321103074017453,-2.7776716824072523,-0.24282056092964685,0.0,0.16191989562592063
1785948205543613510,18.253495483785088,1.036537602848674,-2.7693363128642097,-0.24677929483731859,0.0,0.16511539471065717
1785948205589776742,18.264991770777282,1.0410264539543839,-2.7610790926856974,-0.24678324614007238,0.0,0.1651156884753614
1785948205666570710,18.2748792475157,1.0457740193956238,-2.7521092159541474,-0.24894767736645376,0.0,0.1704413339306755
1785948205706864423,18.2850778837153,1.050533504288502,-2.743352486422445,-0.24894983719246186,0.0,0.17044182339827596
1785948205740445936,18.296649853005736,1.0554017339796573,-2.7348251801323493,-0.25183268564109196,0.0,0.1715073728794484
1785948205791168599,18.308288027930722,1.0604153806097756,-2.726195197755273,-0.2518355389834778,0.0,0.17150747001450964
1785948205840490069,18.319711680458095,1.0654532976608249,-2.7178328867051573,-0.25147830856557035,0.0,0.16937743636172833
1785948205907265819,18.33076845278685,1.07064752617452,-2.7092975324689275,-0.2514779512323379,0.0,0.1693772401205803
1785948205959807897,18.341919497797267,1.0759504157186999,-2.7014478684389673,-0.244636154264442,0.0,0.1555311663207165
1785948205989867288,18.35244721646123,1.0809085273721526,-2.694049192679543,-0.2446292842390365,0.0,0.15552988577094218
1785948206043236975,18.363395229103038,1.0861676041896429,-2.685526729419751,-0.24318208676188943,0.0,0.16511422431183798
1785948206107005595,18.372723811405955,1.091714972436667,-2.6769353085271073,-0.24318064585690088,0.0,0.16511510322235437
1785948206155746472,18.382033085941323,1.097163161224322,-2.6655203011553494,-0.23957839855719795,0.0,0.20452353059642078
1785948206190834845,18.392691578216123,1.102658996331127,-2.655282135638955,-0.23957480377017468,0.0,0.20452715273877203
1785948206240275070,18.40370052709811,1.1084529971610801,-2.6504088862262836,-0.24577950908024393,0.0,0.13317117295064934
1785948206292544980,18.414537620939974,1.1142498488023835,-2.643751072173961,-0.2457872450551897,0.0,0.13316461604193774
1785948206369108606,18.425224255816854,1.1203604141458723,-2.6379514832340196,-0.24750537292885225,0.0,0.11718202773497881
1785948206406932581,18.43598335979797,1.1264724379059716,-2.631878508933389,-0.24750708774631233,0.0,0.11718055814988194
1785948206439677493,18.446788876508933,1.1325092924785785,-2.6267051076733994,-0.2489491446463975,0.0,0.1086585261177084
1785948206490125620,18.457622684641283,1.1386389847022247,-2.621272262268419,-0.24895057157645667,0.0,0.10865774945299947
1785948206560417955,18.466869006685926,1.1446049347367373,-2.617304261864046,-0.2525527429041877,0.0,0.09374603721351497
1785948206603748718,18.476337290839947,1.1506823308349203,-2.612803502001658,-0.25255636860488795,0.0,0.09374465479778907
1785948206641271756,18.487986048829132,1.1574746267887268,-2.610674850162613,-0.26408258150690084,0.0,0.05966107308578678
1785948206690715693,18.49937657245206,1.1641625707335852,-2.6076914556206927,-0.26409407933180945,0.0,0.05965794159790554
1785948206748591850,18.510269105064705,1.1705907734450536,-2.606990055022797,-0.252583016790778,0.0,0.028767821224373134
1785948206803910299,18.52015837118038,1.1769238567407319,-2.605428747603055,-0.25257152366815544,0.0,0.028764980563427363
1785948206865219934,18.5290670928876,1.1825969156253164,-2.6042935822876294,-0.2316753201153548,0.0,0.02343679699151102
1785948206893798769,18.539016818237176,1.188524607503156,-2.603121753232815,-0.231654479669455,0.0,0.023436307556433177
1785948206941917931,18.54980415769832,1.1949633657706318,-2.6029696888526295,-0.2384751764962622,0.0,0.009589926044154666
1785948207004056807,18.55864181850967,1.2007307536156078,-2.60234146922221,-0.2384819840938378,0.0,0.009588653190980834
1785948207053712559,18.568441492273102,1.2069460577892386,-2.6040331514662354,-0.24425009365814201,0.0,-0.020234548535557607
1785948207091442419,18.578931397756225,1.213199266165455,-2.605045148149812,-0.24425584187859092,0.0,-0.020237285882598776
1785948207141337858,18.58975513547197,1.2196333848858267,-2.6067762179448066,-0.24930271585718955,0.0,-0.029825641772271268
1785948207189695235,18.60049545149441,1.2259960044966123,-2.608269729691261,-0.2493077529806758,0.0,-0.029826523188740774
1785948207255932313,18.61187560393755,1.2322266620399362,-2.6106494202808395,-0.25039303134363555,0.0,-0.04047809186632008
1785948207306494907,18.62316464901561,1.2384390864975572,-2.612733831393251,-0.25039411293096075,0.0,-0.040479069575593066
1785948207340843323,18.633815229368125,1.2446506278564524,-2.617312792720835,-0.24787463954578845,0.0,-0.07456223521148
1785948207393930057,18.64457060109506,1.2508700099013,-2.6210505323414766,-0.24787212172433637,0.0,-0.07456537234473175
1785948207443106370,18.655307694424746,1.2570236572076463,-2.6251361545539775,-0.24606919535359484,0.0,-0.07882878217228495
1785948207509038639,18.667863726790653,1.2632687458162442,-2.629080377653927,-0.2460674003190083,0.0,-0.07882917312736262
1785948207558921182,18.6798802035534,1.269266225455273,-2.634823671915858,-0.2435450020317101,0.0,-0.1033261800646661
1785948207594295164,18.690570537906723,1.2752006863394034,-2.640011526303268,-0.2435425039500707,0.0,-0.10332841454625748
1785948207640595199,18.701489295240712,1.281186878598496,-2.6455550503657146,-0.24786092319987454,0.0,-0.10865598740685463
1785948207706943065,18.714098279923295,1.2876803503757341,-2.650640480304349,-0.24786525816685714,0.0,-0.10865647998123751
1785948207754673415,18.72652567045422,1.2939939761411872,-2.6578744489003965,-0.24678936312755245,0.0,-0.13421858802620668
1785948207795007737,18.737337847365477,1.2996741059483548,-2.6645171814157744,-0.24678828382670384,0.0,-0.13422094986461414
1785948207840420962,18.74832657561991,1.305349000925268,-2.6723515782994696,-0.24714729058595855,0.0,-0.1491342809822777
1785948207888854021,18.759346662233835,1.3109363101358604,-2.6798073594208494,-0.24714764851300491,0.0,-0.1491356504209186
1785948207956931922,18.772649811368847,1.3182202157128415,-2.6854068009242487,-0.2475080828175936,0.0,-0.13955140503483682
1785948208012352454,18.785700736429707,1.3251264665421356,-2.6916634755985163,-0.2475084425543909,0.0,-0.13955052399905785
1785948208049954342,18.79880833642507,1.331447269075926,-2.7018707183417385,-0.2500293774592506,0.0,-0.16511129814305842
1785948208091687362,18.808289066204473,1.3359073915281594,-2.708789771356603,-0.25003188515286945,0.0,-0.16511364000399115
1785948208154381486,18.81988622017847,1.3412739161045022,-2.715475323182394,-0.2536353645227413,0.0,-0.14487959587180854
1785948208205421535,18.83100097350391,1.3461282344840435,-2.7232236392450297,-0.25363888086642267,0.0,-0.14487777738030064
1785948208257845049,18.84172995124067,1.3508208833594155,-2.730203096872517,-0.24680086104177465,0.0,-0.13742047557799222
1785948208289234241,18.85302513231756,1.3557487885802575,-2.737065224680086,-0.24679403702673594,0.0,-0.13741979014005937
1785948208346540812,18.86387467782185,1.3603924225342787,-2.7439692039443955,-0.23886544841818144,0.0,-0.1374191047021803
1785948208406461222,18.87687126134763,1.3650463753474942,-2.75177459205865,-0.23885753269464752,0.0,-0.13741910463915136
1785948208454780902,18.89003889734433,1.3699169986100674,-2.7596345618355156,-0.2453310703371329,0.0,-0.14274445617089804
1785948208490083618,18.90140918634025,1.3744842776390616,-2.7667636672144953,-0.24533753073234438,0.0,-0.142744945659395
1785948208539065045,18.913024650739498,1.3790529388059247,-2.774299314486752,-0.24822463114654458,0.0,-0.14807077212962683
1785948208590272043,18.924608033728912,1.3835096768857842,-2.7817026658215624,-0.24822751154731743,0.0,-0.14807126151908787
1785948208656568739,18.93664784229461,1.3867089723889903,-2.791096820580915,-0.24606991348606866,0.0,-0.14913682415977036
1785948208708437325,18.948538504051047,1.3901702827479896,-2.7996944156085726,-0.24606775974831926,0.0,-0.1491369221264194
1785948208742316382,18.960222719683635,1.3943291297350353,-2.8070548422146504,-0.24774655477779692,0.0,-0.1480719454778355
1785948208789942249,18.97187097802501,1.3983781005115918,-2.814425204005724,-0.2477479417904116,0.0,-0.14807184824704409
1785948208858128537,18.98367474215308,1.4011521616020846,-2.825132511291643,-0.2489489847669213,0.0,-0.1693731010995371
1785948208906763107,18.995418085281532,1.4041698748358857,-2.8346563680012524,-0.24895049301630867,0.0,-0.1693750722889751
1785948208940881627,19.007801395772837,1.4081014818216837,-2.842009571117793,-0.25615360864581377,0.0,-0.15446607793922448
1785948208990774186,19.020040207172297,1.4118818075143287,-2.8497331661179195,-0.25616079808504005,0.0,-0.1544647070315294
1785948209039992613,19.032281464062304,1.4155612695002744,-2.857057245027084,-0.2558079078694797,0.0,-0.14913799909914974
1785948209103674031,19.0439088115941,1.4172620317809583,-2.866708511488153,-0.2558075558135283,0.0,-0.14913750965009442
1785948209153543069,19.05464051155518,1.419155552262784,-2.875100332605431,-0.24320437921595592,0.0,-0.14487674189893796
1785948209188928987,19.066369002514005,1.4223572485610232,-2.8823435253026384,-0.24319180172215046,0.0,-0.1448763502664182
1785948209242278673,19.07780873131707,1.4253927947652678,-2.889028947940787,-0.2388582613073519,0.0,-0.13742047566222848
1785948209290021120,19.08937216918199,1.428377021857089,-2.895899848927059,-0.23885393555075676,0.0,-0.1374197901821973
1785948209354424319,19.101320488131197,1.4298435243571714,-2.9061246254536837,-0.2417302545522767,0.0,-0.14913486646823698
1785948209410272735,19.113058120312747,1.431762379894174,-2.9149531730212783,-0.24173312479723907,0.0,-0.14913594319069076
1785948209443230069,19.125181063398273,1.4345609996997764,-2.9219327105726043,-0.24641704478144724,0.0,-0.1427466099910296
1785948209491031686,19.13721337384987,1.4372473663661895,-2.9290740860118163,-0.2464217194818095,0.0,-0.1427460226684501
1785948209548178605,19.149848651000653,1.4399768209325206,-2.935849613584684,-0.2457062282280497,0.0,-0.1331598189142538
1785948209603560543,19.160365130703525,1.4409710371387476,-2.9434984526369035,-0.24570551477142183,0.0,-0.13315893850203545
1785948209659531075,19.171741331808786,1.4423782598394284,-2.9525608705700765,-0.24714512789931198,0.0,-0.15339436905814852
1785948209692197360,19.183911458439006,1.4447065986459962,-2.9602515608963516,-0.24714656162724974,0.0,-0.15339622518893709
1785948209740573042,19.196164912495888,1.4469530222499627,-2.968059439171589,-0.2489484168670083,0.0,-0.15552821405955158
1785948209794090413,19.208426432625686,1.4491024233803065,-2.9758363996543955,-0.24895021029353903,0.0,-0.15552840950399902
1785948209858041182,19.221477686184553,1.4498978838180376,-2.9872563837164865,-0.2637152138599554,0.0,-0.18002517400499785
1785948209906252603,19.23416089468555,1.4509157183356058,-2.99738101119054,-0.26372998978951057,0.0,-0.1800274319271897
1785948209950124470,19.248842051950433,1.4530588115806686,-3.005115317916936,-0.2612242098476056,0.0,-0.14914269826865034
1785948209991656556,19.259957918824753,1.454585366628553,-3.0115211740897774,-0.2612217091579742,0.0,-0.14913985945082545
1785948210056969158,19.27137365762216,1.4549008422590801,-3.019452736127036,-0.24213420181916173,0.0,-0.13529107834719475
1785948210107884020,19.283285915630834,1.4555712743295561,-3.027133073491043,-0.24211551902019154,0.0,-0.13528982991220004
1785948210140654756,19.29454091312712,1.4568648215181537,-3.0334837050536025,-0.23021416192796088,0.0,-0.12889817072100984
1785948210190155815,19.305859737238116,1.458093269947977,-3.039859149949937,-0.23020229245803195,0.0,-0.12889758360388986
1785948210255109015,19.317931512710175,1.4593254206302442,-3.046705464788632,-0.23847226776592303,0.0,-0.13422233266695657
1785948210306632566,19.329042723627463,1.4592866406006348,-3.0545005928577886,-0.2384805252964024,0.0,-0.1342228223581952
1785948210356976242,19.34108195813911,1.4595657395439803,-3.0622123567457598,-0.2478508828876258,0.0,-0.1384835903210466
1785948210401660422,19.353312555967516,1.4605386567653682,-3.0694332806660136,-0.24669989114782315,0.0,-0.15233027382595035
1785948210444405600,19.365580377903626,1.4614254341200397,-3.0770282438778933,-0.24669844795074375,0.0,-0.15233154307045885
1785948210506601565,19.377750746856123,1.461459010882528,-3.0855098440470474,-0.24930762538157084,0.0,-0.15233281231598572
1785948210556237060,19.389784057386837,1.4615880825944885,-3.09352248582672,-0.24931021021203095,0.0,-0.15233281243182414
1785948210592631745,19.402304638820528,1.4621904123284295,-3.1013398314958733,-0.24931279498345515,0.0,-0.15872321768544057
1785948210642860506,19.41469056788206,1.4626892501964728,-3.1092316815847063,-0.24931279757362496,0.0,-0.15872380749871903
1785948210695327509,19.427214359286054,1.4630946755331573,-3.1172220070155348,-0.2518333404233569,0.0,-0.16085454175808903
1785948210763577159,19.439238261396103,1.4624882159381107,-3.1262481456374696,-0.2518358696413067,0.0,-0.1608547386838712
1785948210813883234,19.45067994310629,1.4619893028152335,-3.1340577670284695,-0.2552574729762375,0.0,-0.14487889318372002
1785948210848982264,19.465530703904044,1.4621012051568478,3.140698640882462,-0.25526173654939055,0.0,-0.14487742600756232
1785948210890639857,19.476005844479324,1.4620918322796859,3.134640199756874,-0.24806167530011686,0.0,-0.14487595882462756
1785948210949337575,19.488429167597204,1.4620054573226997,3.1273841411183247,-0.2480558432579979,0.0,-0.1448759586932742
1785948211009406309,19.50113012912321,1.4619488455044378,3.120187241318319,-0.23922804077810594,0.0,-0.14168075348175058
1785948211058305174,19.513533085400116,1.4617847252613498,3.1130799540624228,-0.23921923067305248,0.0,-0.1416804598305142
1785948211093297545,19.525629960740144,1.461439720337484,3.105832917940509,-0.24461162514112503,0.0,-0.14807057599790746
1785948211144406748,19.53800139211155,1.4609971333526153,3.0983395399246376,-0.244617007394575,0.0,-0.14807116344419308
1785948211191145100,19.550260304313287,1.4604665704838555,3.0908016713104165,-0.25146394236665615,0.0,-0.15659230942909275
1785948211267773944,19.562350448177117,1.4595043104299643,3.082963563053887,-0.2514707669265066,0.0,-0.15659309169116142
1785948211336184270,19.574724653924452,1.4584673426079195,3.075204352362109,-0.25975940524869084,0.0,-0.1533986700490452
1785948211379512506,19.59211883774777,1.4573108745329029,3.0649101677698214,-0.25976769243441494,0.0,-0.15339837588174965
1785948211383263945,19.601346098050637,1.4566019151219525,3.0594452136442842,-0.25976769243441494,0.0,-0.15339837588174965
1785948211442032257,19.612878953988943,1.4556595754532387,3.0538672614502187,-0.2511359461397728,0.0,-0.13316218869554505
1785948211505021334,19.625112388549674,1.4545812146880628,3.0465659130408964,-0.23922993526932448,0.0,-0.14700440483359523
1785948211574877111,19.63692048594967,1.4533464412167392,3.039234266822827,-0.2392201741528418,0.0,-0.14700545073131255
1785948211597244370,19.64946658602084,1.4519687697614951,3.0314718308198634,-0.2392201741528418,0.0,-0.14700545073131255
1785948211641234705,19.660355079277252,1.4507676579497142,3.0254926451568624,-0.23183183905698318,0.0,-0.1320954388099355
1785948211701123786,19.672066707159395,1.4494018004439468,3.0186186536994737,-0.24472011787593917,0.0,-0.14593855404148534
1785948211740264984,19.68420741212408,1.4479012391131945,3.0113238660686363,-0.24473138243157677,0.0,-0.1459398907289145
1785948211809535016,19.69687137857141,1.4458288644268047,3.002941934583965,-0.2464230331758026,0.0,-0.15126656702981414
1785948211858146097,19.709407018597858,1.443873399091879,2.994878652051117,-0.24642471667209692,0.0,-0.1512670551877146
1785948211890350672,19.72187555821002,1.4420308516991267,2.98694701056955,-0.24930712304740804,0.0,-0.16085319826774774
1785948211948168939,19.73488128417055,1.4400033848226772,2.978454428537275,-0.24930995881556756,0.0,-0.1608540668781896
1785948211990201872,19.746348065127233,1.438115941662521,2.9707482967291385,-0.25183329354585515,0.0,-0.17044052740285232
1785948212056251456,19.759225427337878,1.4363428066656787,2.9626715119529705,-0.25183584467107983,0.0,-0.17044142009621877
1785948212108154283,19.772284878130307,1.4342852170394083,2.9548768414443227,-0.2630008972908815,0.0,-0.1512710677956472
1785948212143994839,19.785200732681965,1.431845204207329,2.9473171981706914,-0.26301203932096545,0.0,-0.15126930577734052
1785948212191003568,19.797808235750427,1.4293645796906218,2.93991036194423,-0.25078044226089724,0.0,-0.14487713390219792
1785948212241138246,19.810092901825282,1.426852829496329,2.932666138738256,-0.25076823406370097,0.0,-0.14487654628607063
1785948212308844263,19.820743994539008,1.4239908552295644,2.925244034809851,-0.2381532085261489,0.0,-0.14381090030118637
1785948212375683727,19.831285521976977,1.4212072883011144,2.9179334561896235,-0.2381406170924264,0.0,-0.14381080233483595
1785948212379994608,19.84339899432895,1.418451900181907,2.910431389373783,-0.2381406170924264,0.0,-0.14381080233483595
1785948212439767045,19.854487920110884,1.4158437825109784,2.9040170461945745,-0.23812802458709342,0.0,-0.1374202294859838
1785948212503191431,19.866194306846854,1.4130091003757896,2.896891478176079,-0.24388878211138343,0.0,-0.14806970648305748
1785948212554055155,19.877021648759683,1.4095108880381302,2.8888849085263377,-0.24389478467031217,0.0,-0.14807072864266393
1785948212605091875,19.88812912777885,1.4060572441241805,2.881227254861084,-0.2496620700054381,0.0,-0.14381148784444123
1785948212641483904,19.900197636107478,1.4028420398601908,2.8740333016696082,-0.24966782874912966,0.0,-0.14381109613348428
1785948212690549654,19.912225921237756,1.3995446968068945,2.8666043204091043,-0.2493135079064619,0.0,-0.15339631984350352
1785948212761132013,19.92439473034687,1.395942405883088,2.8584896041434367,-0.24931315439079108,0.0,-0.15339720067093665
1785948212806452820,19.936204647667587,1.3924148366020896,2.8506362752330494,-0.24895272145107877,0.0,-0.15659328649844825
1785948212842339585,19.948124622588146,1.3888453447714424,2.842809517546301,-0.24895236175148408,0.0,-0.15659358027065443
1785948212894089415,19.960079242254125,1.3851632846806632,2.835428080334533,-0.25111248815972953,0.0,-0.138487701948494
1785948212945414209,19.972052594369487,1.3813784648047187,2.828502979978842,-0.2511146435712396,0.0,-0.13848603797153375
1785948213008207856,19.982827049759788,1.3771429589581075,2.8210405764664284,-0.2439151787912215,0.0,-0.14593985748196928
1785948213059576683,19.99371337938358,1.3729469238719965,2.8134680462604913,-0.24390799495653384,0.0,-0.14594054251526392
1785948213090377569,20.00520861589463,1.3690335908020375,2.8058470065876513,-0.245341149319897,0.0,-0.1608522052619798
1785948213140745278,20.016825657235472,1.3649797387676874,2.7977801180652166,-0.24534257377012283,0.0,-0.16085357032904388
1785948213204969367,20.028628314271035,1.3608981234643267,2.7902257470693783,-0.24642423073599407,0.0,-0.13848850780648692
1785948213253213941,20.04048382640066,1.3567048966412287,2.7832126479847537,-0.24642531603918733,0.0,-0.13848644093861967
1785948213290627152,20.052089253365086,1.3523580343212658,2.7764336396123444,-0.2482268103087841,0.0,-0.1320939601939404
1785948213339102389,20.063658225797493,1.3479351669098179,2.769842759320921,-0.24822860222086823,0.0,-0.13209337455837625
1785948213389391119,20.075201142681195,1.3434348406619707,2.7632137874347884,-0.24751023880957415,0.0,-0.1331578617390944
1785948213459198415,20.086119376756827,1.3388875603114263,2.756543035907798,-0.24750952013936156,0.0,-0.13315795982455111
1785948213510164350,20.097149278416648,1.3342537790405091,2.750193440560781,-0.24894912885553386,0.0,-0.12037722739297674
1785948213546847299,20.108643297479016,1.32951029582913,2.744181055798914,-0.2489505636629365,0.0,-0.12037605416974864
1785948213590031914,20.120040525207475,1.3247263639159637,2.739173022489896,-0.24715697249490665,0.0,-0.10014231234851753
1785948213643817613,20.131536269608258,1.3198332212156196,2.73411101568551,-0.24715249914679488,0.0,-0.10013858536034433
1785948213709417328,20.143799968625142,1.3148310504190268,2.728350895521615,-0.24624700490102028,0.0,-0.10972106322510528
1785948213755101505,20.1559047340933,1.309815869083091,2.722705489970712,-0.24624650403496212,0.0,-0.10972164873113484
1785948213789511875,20.167212283217943,1.3047813235753614,2.7181487825007986,-0.24894658202195447,0.0,-0.07244486292934024
1785948213840934751,20.178613936636836,1.2996424904717718,2.7145097223394816,-0.24894928896105448,0.0,-0.07244142142290413
1785948213891234234,20.18983837636429,1.2945343050475837,2.7115209613643274,-0.24679151724987503,0.0,-0.04794140292315928
1785948213957022178,20.199806285696823,1.2889436106137384,2.7085777487902845,-0.2467893634461676,0.0,-0.0479391505311042
1785948214004587308,20.20994151029648,1.283462063502111,2.706384245304532,-0.24534688507123048,0.0,-0.026635525865668752
1785948214040579868,20.22107146963862,1.2782872998396881,2.7050518679158655,-0.2453454459902386,0.0,-0.026633568346735772
1785948214091833300,20.232238470491435,1.2730772084178363,2.703854355162707,-0.24786457118442945,0.0,-0.021306268660893787
1785948214162421131,20.24545619099343,1.2671733803348266,2.7027043921396654,-0.24786708549319272,0.0,-0.021305778935211343
1785948214206854231,20.256065157005303,1.2624168153842983,2.7025322715405906,-0.2511104075280115,0.0,0.006386568722710803
1785948214241356475,20.267793091213058,1.2569089895167724,2.702861998934862,-0.25111359779671427,0.0,0.006389077501975071
1785948214289529719,20.278751633662257,1.2517669071288267,2.703746747820968,-0.2500365511929824,0.0,0.028758024003884122
1785948214361031562,20.289676580185546,1.246485534838251,2.705421818955128,-0.25003547559197226,0.0,0.028760081502664722
1785948214405422516,20.30000217569474,1.2415115436910682,2.7079569852506165,-0.2503037418080589,0.0,0.050060086238698155
1785948214441123548,20.311364034407887,1.2362506786768932,2.7104614458520104,-0.2503043679229596,0.0,0.05006375673645605
1785948214490878983,20.322462959948222,1.2311467043821296,2.7132229785695143,-0.24444864302662192,0.0,0.055393084031237924
1785948214544603592,20.333583775140468,1.2260683932930647,2.7159934255154403,-0.2444453226479468,0.0,0.055393417850034536
1785948214608243248,20.34551281050031,1.2201680819263372,2.718575520242877,-0.24669139521594174,0.0,0.09054101853566474
1785948214664079440,20.35743122901858,1.2145374839727476,2.722499536472696,-0.2466941965519794,0.0,0.0905442488154832
1785948214693649922,20.368604942272786,1.209559763182405,2.7273469243730624,-0.24463063373240293,0.0,0.09693671428713357
1785948214740703388,20.379802506957375,1.2046363265175686,2.7321942888119315,-0.2446265252638227,0.0,0.09693788920873934
1785948214806327295,20.390773775998987,1.1996893270486775,2.7372094667305107,-0.2464228121976047,0.0,0.10226440863403502
1785948214856970404,20.401827190220928,1.1948363451141872,2.742188361576792,-0.24642460457965992,0.0,0.10226489815878133
1785948214892233119,20.413149707586978,1.1900692915680722,2.7499921994248124,-0.2446259943008398,0.0,0.13741264194687494
1785948214942232849,20.424478642976997,1.1853912736810872,2.7568776758578184,-0.24462419914542852,0.0,0.13741587296444865
1785948214991294407,20.435721174645753,1.180842390739448,2.764395543313234,-0.24489233662428278,0.0,0.14700475164385976
1785948215058645214,20.44692563503004,1.1756548539377283,2.770742958055004,-0.24489266766784779,0.0,0.14700562413607018
1785948215106467311,20.45835205068484,1.1707264281320011,2.778942372143351,-0.24654389445988265,0.0,0.16617769090130446
1785948215144009678,20.469913935301292,1.1663394843524875,2.787277640541379,-0.24654528146114887,0.0,0.1661794709886942
1785948215190355283,20.481481546751553,1.162057744364457,2.795003292046285,-0.24714680260931937,0.0,0.15872576389099946
1785948215256330369,20.494589899392533,1.1573234228299847,2.803954012490227,-0.24714740130518228,0.0,0.1587250807185635
1785948215309278475,20.503108710633786,1.1536512921113533,2.811996934622166,-0.2507480571991206,0.0,0.1821564110788851
1785948215356503466,20.513419990773755,1.1496181892196937,2.8208272384198256,-0.2507520219850122,0.0,0.18215831218001832
1785948215389482721,20.525690984077222,1.1455368367892986,2.8291005625556114,-0.2561577816558525,0.0,0.1704447608187936
1785948215440904285,20.537879865164367,1.1415988776867492,2.837623129310972,-0.2561628899215403,0.0,0.17044353701519838
1785948215503143516,20.551679276477014,1.1375195920624646,2.8453686262325806,-0.24968653664334273,0.0,0.15659641855049486
1785948215555314479,20.56535482731793,1.1335027226252907,2.8533771907221315,-0.24968007576603501,0.0,0.15659514644055983
1785948215589152063,20.576669274486612,1.1301477931605957,2.8606438865553474,-0.240671595160029,0.0,0.149138390923243
1785948215639324182,20.58823530464121,1.1268100531978573,2.868104159280384,-0.24066260571370882,0.0,0.14913770558015849
1785948215694635463,20.599788573687984,1.123570183552043,2.8757851381956954,-0.23885321655323574,0.0,0.15126715189644716
1785948215762181283,20.611979105435225,1.1211494533857362,2.884909885080469,-0.23885141065561094,0.0,0.15126734764777566
1785948215803815612,20.62449141382265,1.1183082696062054,2.8935137144489627,-0.2453310714441577,0.0,0.15446274927310483
1785948215847190377,20.636389534152773,1.1152945105892935,2.9012409891442976,-0.24533752831875816,0.0,0.1544630425454818
1785948215891740792,20.64856327993848,1.1123124530558473,2.9095109408632527,-0.2475044692695702,0.0,0.16085375953349237
1785948215956296668,20.662410772929853,1.1095868091572103,2.9184549393195383,-0.24750663397514364,0.0,0.1608543475356684
1785948216004025034,20.676223447498312,1.106790494795588,2.9275004501177007,-0.2500293543369268,0.0,0.16618027159741408
1785948216041217439,20.688439502309674,1.1041344257436336,2.9358093153144393,-0.25003187357044704,0.0,0.16618076145698216
1785948216090145873,20.700706117628187,1.1015765603325434,2.9447586432338837,-0.25039447810052284,0.0,0.17470179284502196
1785948216139396588,20.712984708524147,1.0991280128614802,2.9534942364604047,-0.2503948400070501,0.0,0.17470257615243867
1785948216190349403,20.725998879915252,1.096648604267056,2.962228297887994,-0.26011738472321494,0.0,0.17470335945989104
1785948216254200969,20.73923992982741,1.0956837412147733,2.9732699558447417,-0.2601270861540129,0.0,0.17470335953187982
1785948216304597415,20.7515127298528,1.094457839497382,2.9818208422861847,-0.24933435949814134,0.0,0.15446705617504333
1785948216345306948,20.764991010843577,1.0922858848483614,2.9902792218700087,-0.2493235891022979,0.0,0.15446519619434215
1785948216390385092,20.77511681452299,1.0907414511618923,2.996371354612226,-0.23454685100145534,0.0,0.14168230337346804
1785948216455560378,20.78890637112583,1.0906361927270807,3.007176696435669,-0.23453343779695415,0.0,0.14168123483871015
1785948216505419112,20.802569021593563,1.0897240913810156,3.0168760900452436,-0.24100019518525898,0.0,0.1523306597596296
1785948216540798598,20.814526175039592,1.0882250505604198,3.024492674755093,-0.24100728986278716,0.0,0.15233173604487077
1785948216589888573,20.826817217441562,1.0867773486107766,3.0318700988830307,-0.2453353535546397,0.0,0.14913760757630398
1785948216644188047,20.83901407691721,1.0854336779396512,3.039328973499632,-0.24533967447671465,0.0,0.1491373138707032
1785948216704128105,20.852301926054405,1.0853037256793083,3.05037907544164,-0.24642423726694002,0.0,0.1672431927165109
1785948216759945384,20.865327928898196,1.0848653201871918,3.0601142518957247,-0.24642531931410025,0.0,0.1672448564649879
1785948216790893891,20.877834188791894,1.083844019636719,3.068643336393641,-0.24930704161166253,0.0,0.16937665183949513
1785948216839582669,20.89025753692317,1.0829361315209702,3.0771059199435555,-0.24930991801636124,0.0,0.16937684782336307
1785948216890750850,20.90271503906743,1.082132005508284,3.085666800749857,-0.24931279442237997,0.0,0.17044211711463736
1785948216960256730,20.91884604733976,1.0822566042269337,3.0971776937258264,-0.2493127972928182,0.0,0.1704422150262467
1785948217007933062,20.934149429900184,1.0820259371682017,3.108285890757901,-0.24787248237096426,0.0,0.18215805971045376
1785948217041891034,20.94653734485064,1.0816131861393,3.1173949167812642,-0.24787104503426635,0.0,0.18215913655107607
1785948217092836936,20.959413121674547,1.0812931365184648,3.124825120017549,-0.2543510594343107,0.0,0.1597937789301765
1785948217156611925,20.974020800852237,1.082004647501908,3.134928489803736,-0.25435752711104853,0.0,0.15979172292084615
1785948217205021335,20.988072026280175,1.0824790124882024,-3.1383308482555408,-0.2547240810141387,0.0,0.17044037343998755
1785948217243880093,21.000808187871687,1.0825205563807956,-3.129808722121946,-0.25472444342198847,0.0,0.17044134310961545
1785948217293402017,21.012545545818398,1.082659694704833,-3.12176487960197,-0.2414020704786665,0.0,0.16405191401396363
1785948217341338582,21.02461813927133,1.0828991089521232,-3.1135579135633065,-0.24138864825594417,0.0,0.1640513211033348
1785948217405484141,21.03772613046228,1.0835303417759485,-3.1050255447452226,-0.23957482110554557,0.0,0.1555301708978576
1785948217454624581,21.050646212895764,1.0840935052511533,-3.096713525265705,-0.239573011769964,0.0,0.15552938801300506
1785948217492315401,21.06299396033395,1.084650172494935,-3.088136069778316,-0.24461232775430705,0.0,0.1661792925571357
1785948217539506983,21.07520474485103,1.0853035386892205,-3.0798290165951294,-0.24461735905035573,0.0,0.16618027189183757
1785948217589426294,21.087816539825887,1.0860826736346967,-3.0714407464136633,-0.2500235963446155,0.0,0.16724632452175067
1785948217658269786,21.10132511262295,1.087058817952818,-3.0627057156501234,-0.25002899170267795,0.0,0.16724642251149574
1785948217704968074,21.1146927397384,1.0881184367489898,-3.054339729857226,-0.25039446631649365,0.0,0.1640513156372053
1785948217742620652,21.127164966332508,1.0892094443529696,-3.0461371453482324,-0.2503948311318528,0.0,0.16405102188694023
1785948217791430394,21.139519895976854,1.0903940251198783,-3.037615056008345,-0.24895487810004155,0.0,0.16831099157895385
1785948217841663859,21.151900538669324,1.0916859956487894,-3.0291992497862483,-0.24895344115202078,0.0,0.16831138311882782
1785948217896993860,21.163946651797758,1.0930442154438178,-3.0213432886524303,-0.2446310363800143,0.0,0.16085630627930717
1785948217962709898,21.17821136686238,1.0952344161676653,-3.0116839920441483,-0.2446267227007904,0.0,0.16085562102567488
1785948218024285877,21.190081673692447,1.0970722026904214,-3.004401653654979,-0.24129268259957765,0.0,0.15126916950077207
1785948218074826103,21.202234990995194,1.0987500702493675,-2.9967101372592033,-0.2412888457186484,0.0,0.15126835653688236
1785948218082027054,21.214998898922776,1.1006123862093389,-2.988623486876417,-0.2412888457186484,0.0,0.15126835653688236
1785948218141432024,21.22642061184111,1.1023796110261932,-2.9806710752614087,-0.2456369684133487,0.0,0.15978799992581358
1785948218205154467,21.238660343090192,1.1043650506523304,-2.9729242517488563,-0.24714496867133245,0.0,0.15659446779223424
1785948218260928161,21.253435658487813,1.1067278031784653,-2.9638683624392037,-0.24714648637996592,0.0,0.15659417097213538
1785948218349631540,21.26514814790181,1.1086728247140198,-2.956413504077914,-0.2453472186187572,0.0,0.16085423469250068
1785948218376973731,21.28577956497334,1.1125376123334096,-2.9426516640462985,-0.24534561127393814,0.0,0.16085458514044745
1785948218395616655,21.290446176227505,1.1134790855771084,-2.9390676069314563,-0.2475064817412292,0.0,0.17470198959426936
1785948218441430468,21.30144959740456,1.1157385300854081,-2.9311388235263305,-0.24750764324106506,0.0,0.1747026745651914
1785948218504602846,21.312836527279174,1.1186977712277066,-2.922508208148282,-0.2500240363208986,0.0,0.16937906292047988
1785948218556409030,21.32433952317477,1.121663511725348,-2.913930693415254,-0.25002920643644533,0.0,0.1693780535732813
1785948218589606211,21.336356999202213,1.1244509129743376,-2.904825056119738,-0.24787390826532185,0.0,0.17789758562349378
1785948218642952665,21.34840675772891,1.1273584434053883,-2.895928533017173,-0.2478717572045081,0.0,0.1778983687599932
1785948218689558054,21.360612227341512,1.1304174390911605,-2.8871931386309106,-0.25039016448692186,0.0,0.17576902024272623
1785948218757699445,21.372359924218603,1.1343935924406054,-2.87748647623189,-0.25039267807031285,0.0,0.17576882449759348
1785948218804634731,21.38406058360141,1.1381804769443522,-2.869339669615271,-0.2489548714103073,0.0,0.16085767746011356
1785948218852680227,21.395910960718748,1.1414889320898234,-2.8611159710944847,-0.24355349361587939,0.0,0.16831040352679771
1785948218896240885,21.40778619928841,1.1449098396136244,-2.8525753255037523,-0.24354675531205394,0.0,0.16831108906568656
1785948218941537435,21.419302594555585,1.1483341552846607,-2.844669322901934,-0.24462025499436027,0.0,0.1534008244027332
1785948219010524227,21.431971195350904,1.151843482873439,-2.836969233584436,-0.244621326627852,0.0,0.15339945315762218
1785948219056774917,21.444524768665545,1.155493375348905,-2.8292093852209277,-0.2485832874032161,0.0,0.15659328717861132
1785948219096533286,21.456933530001102,1.159500875098043,-2.8209952008439285,-0.24858723951401138,0.0,0.15659358061077944
1785948219140938385,21.468053942983488,1.1631934422009564,-2.813264592973549,-0.24427019870524408,0.0,0.16724456870064836
1785948219200614851,21.47961648901542,1.167132315387904,-2.804901018865249,-0.2442659044121748,0.0,0.16724554452054183
1785948219257193113,21.4892263054986,1.171913232937517,-2.796325586519086,-0.24966281652315064,0.0,0.16511637362739967
1785948219306541592,21.499268406310435,1.1767126064162161,-2.787905248507999,-0.2496682008966033,0.0,0.16511617797872088
1785948219340441226,21.510956939491535,1.181028166039374,-2.779374926935024,-0.24823326814498256,0.0,0.1757666722731804
1785948219389697510,21.522550979473618,1.1854215763002598,-2.770595735628915,-0.24823183733148532,0.0,0.17576765040498563
1785948219440506640,21.534220819937012,1.1899612612684192,-2.7620987202814353,-0.2525513574673944,0.0,0.1640528838606741
1785948219505469920,21.547528216522227,1.1944979555476303,-2.7540272055966653,-0.2525556722449699,0.0,0.16405180607083414
1785948219558449163,21.56039739582057,1.199134381325285,-2.7459983891851563,-0.24571845797111136,0.0,0.1597904496862681
1785948219590166140,21.571863117374654,1.2039225776441795,-2.737917884283335,-0.24571163723202916,0.0,0.15979005814584782
1785948219647995735,21.58311690480176,1.2087294275597809,-2.730031713325298,-0.24354427698510098,0.0,0.15552937904227687
1785948219705271906,21.593327597695087,1.2136037718500572,-2.722402127897387,-0.2435421395701622,0.0,0.15552899204843368
1785948219761218437,21.603956816111687,1.2187015125844418,-2.714547262349073,-0.24462025125797565,0.0,0.15552860505537036
1785948219790684435,21.614941549998555,1.223700113213904,-2.706874162971205,-0.24462132624766875,0.0,0.15552860501983018
1785948219840781480,21.62598796185556,1.2288294533036677,-2.699309789918392,-0.2426430074213855,0.0,0.1470080846693191
1785948219892165603,21.636953614135606,1.2340224833591653,-2.6919587319815417,-0.24264050655403144,0.0,0.14700729080216762
1785948219959453976,21.64854540367046,1.2394467260558322,-2.6841786969575367,-0.24563979876030922,0.0,0.16085245397216957
1785948220005076712,21.659548616260746,1.2447449999221947,-2.676396267522661,-0.24564223053417508,0.0,0.16085369469791652
1785948220049455218,21.671574856358546,1.2507814185531754,-2.6675398157184484,-0.24930593992852298,0.0,0.16511524815738515
1785948220089960841,21.68168470932332,1.2559685309721387,-2.6600143103062965,-0.24930936684033675,0.0,0.16511561519411924
1785948220155437225,21.6932122414265,1.2623151033633186,-2.651009862528385,-0.2514728689779338,0.0,0.17044124276317418
1785948220205191507,21.704700574945374,1.268642241392314,-2.6421288586321463,-0.2514752285046041,0.0,0.17044177780575645
1785948220240946941,21.715676676981644,1.2746308760118092,-2.633611482019611,-0.24895703176867776,0.0,0.17044231285750172
1785948220290629989,21.72655980877326,1.2806896381835078,-2.625083679906161,-0.24895451906069269,0.0,0.1704423129066745
1785948220346024248,21.737607378185864,1.2869639461865496,-2.616573836701467,-0.24751161700327004,0.0,0.16192171893591317
1785948220403479688,21.74593563351628,1.2933641856271947,-2.6079892526923514,-0.2475102113772766,0.0,0.16192095446529275
1785948220455175853,21.754798934434348,1.299777445715172,-2.599647599122035,-0.24246792968658187,0.0,0.15872500000687548
1785948220490892213,21.76520016910729,1.3060397874387308,-2.591699630353714,-0.2424627693537489,0.0,0.1587246987422805
1785948220540862566,21.775586104398137,1.3124059288905257,-2.58352483157698,-0.24488695662869175,0.0,0.16831001467674123
1785948220605635728,21.786947396330916,1.318888280851391,-2.5752745143016202,-0.24488997617609665,0.0,0.16831089462292403
1785948220657687999,21.79820732620684,1.325558839552264,-2.567147250349079,-0.25104641154167084,0.0,0.1608563064543556
1785948220689962113,21.808746509870076,1.3323804118353226,-2.5591035209783217,-0.2510515321125274,0.0,0.16085562111321933
1785948220743164723,21.819299774571085,1.3393321869884538,-2.550626569440719,-0.24895614266284477,0.0,0.17470084202941485
1785948220791444593,21.829524922383197,1.3461928095630775,-2.541985587224879,-0.24895407404225253,0.0,0.17470210070221165
1785948220857570244,21.84065765482478,1.35287592120595,-2.534383927753565,-0.2471516427272885,0.0,0.15446709785050747
1785948220906399411,21.85151653710483,1.3597392657162448,-2.5270167073522978,-0.24714982379807673,0.0,0.15446521703593724
1785948220940425577,21.861554238268297,1.3668233958482983,-2.519272084051147,-0.24462744170047968,0.0,0.15552840944836754
1785948220991216370,21.87150073268597,1.3739591917312817,-2.5114891484656883,-0.2446249235681531,0.0,0.15552850720733588
1785948221045894544,21.88231604173704,1.3818465100443005,-2.502622010702237,-0.24390211120455468,0.0,0.169374732281298
1785948221106619681,21.892553392933735,1.3884059847209733,-2.4951625224122185,-0.2439014560722463,0.0,0.16937588796581565
1785948221157126659,21.903446561965495,1.3957460352702067,-2.4870191449677375,-0.24426081062810745,0.0,0.160856661258526
1785948221191009844,21.913209270566004,1.4032383886533883,-2.4789149563253816,-0.24426120566295217,0.0,0.16085579853966558
1785948221241429203,21.922811472719605,1.4107319885463647,-2.470891007055077,-0.24570192707753355,0.0,0.1619199945894007
1785948221307031446,21.933319911672044,1.418622057744115,-2.46251527193315,-0.24570336205334778,0.0,0.16192009221448525
1785948221361556206,21.94436086710527,1.4270942472111192,-2.4534348922081,-0.24786556866750367,0.0,0.17150592189842004
1785948221389940316,21.95326354647162,1.4344144186739485,-2.445459916138619,-0.24786758337759648,0.0,0.1715067444622605
1785948221440185558,21.96277904543682,1.4423665095256077,-2.4370334882044773,-0.2482296278723445,0.0,0.1651172422652049
1785948221493132767,21.972238447867408,1.4504080620581759,-2.428774958509077,-0.24823001535189038,0.0,0.16511661234175232
1785948221555499906,21.98127332376729,1.4585181624286285,-2.420326970078546,-0.25111103968741255,0.0,0.1747015978420695
1785948221606225129,21.99038364547184,1.4668042031390758,-2.4115913744877138,-0.25111391414681417,0.0,0.17470247864202826
1785948221642109463,21.999689225824365,1.4751319531380687,-2.4028311597145953,-0.25003655090192156,0.0,0.17683350593698965
1785948221691379859,22.00893357199681,1.483551898247806,-2.3939877800606673,-0.2500354754458357,0.0,0.17683370186500733
1785948221759674438,22.017279749162274,1.4918082107023731,-2.3858505279873716,-0.24715375960482977,0.0,0.15446744644975074
1785948221803920589,22.02561182791455,1.5001456142034204,-2.3782147786190855,-0.24715088476038458,0.0,0.1544653913495717
1785948221845240860,22.03445056305071,1.5086034198143183,-2.370229337973681,-0.24246696390818973,0.0,0.1651140230128083
1785948221890317307,22.04314703146516,1.5170591457362645,-2.3619690479530573,-0.24246228585485888,0.0,0.1651150025633299
1785948221941184999,22.051727519712287,1.5255411064622533,-2.353848956130668,-0.24029712438065234,0.0,0.15979064520458272
1785948222007953901,22.059643396778945,1.5340132195669893,-2.3456013289604427,-0.24029496408432546,0.0,0.15979015591399473
1785948222054752863,22.067747859693966,1.5426813877641217,-2.3379924001909713,-0.24893473698114066,0.0,0.1384882899685091
1785948222089366599,22.076387350521603,1.5516412558884987,-2.3310685200512093,-0.24894335905406798,0.0,0.1384863320085858
1785948222140100303,22.08503640532466,1.560736234886773,-2.3244083265935584,-0.2529128715065673,0.0,0.12783368529267375
1785948222204330377,22.093296358222645,1.5700237901377234,-2.3176360970317353,-0.25291683202153126,0.0,0.12783270636945895
1785948222255582240,22.101561107393103,1.5792732931831053,-2.3117811186291575,-0.25112038702077305,0.0,0.09800981451361543
1785948222289371343,22.110043120615053,1.5885442956847138,-2.306877015047536,-0.2511185924787018,0.0,0.09800707062144969
1785948222339732716,22.11845328726666,1.5978277760465214,-2.3021641977342395,-0.25003655844800193,0.0,0.09054885010710145
1785948222389715453,22.12680478702227,1.6071342718217116,-2.2976358690987726,-0.25003547922175134,0.0,0.09054816496105776
1785948222459252693,22.13453438141318,1.6161266917443393,-2.293359285650517,-0.2453533579352248,0.0,0.07350638330324688
1785948222509575793,22.142262113709094,1.6250790716954733,-2.289580573166953,-0.24534868267794774,0.0,0.07350481599254804
1785948222549973797,22.150270961334947,1.6342328845889242,-2.286410511666325,-0.241023035791979,0.0,0.053266938792259605
1785948222590457211,22.158176221595305,1.6433263097812352,-2.28374766115566,-0.24101872226400112,0.0,0.05326508003489391
1785948222646806698,22.166091416933114,1.6524802802162282,-2.280925447578673,-0.24317488921269348,0.0,0.0596536344493461
1785948222705223383,22.173033673081818,1.6617537180377453,-2.2776577445670023,-0.24317704200454685,0.0,0.05965422193791776
1785948222756155653,22.18022564435585,1.671169834782393,-2.27507307688825,-0.25002072134734454,0.0,0.03728836887789509
1785948222790615368,22.188326506833842,1.680704457633762,-2.2732073563726103,-0.25002755425506706,0.0,0.0372863121419853
1785948222842049156,22.196408704366007,1.690253157033897,-2.271928295845012,-0.2500343901626315,0.0,0.013852740083436111
1785948222905427013,22.203520139696437,1.69947194126218,-2.271046209572631,-0.25003439697500224,0.0,0.01385058920298916
1785948222974684341,22.211143618540287,1.7091475051586928,-2.270712943579507,-0.24715350302701536,0.0,-0.006388032131616112
1785948222992046106,22.219044467752624,1.718529310604582,-2.271030099760753,-0.24715075622208035,0.0,-0.0063898092776661026
1785948223041120177,22.226750187268717,1.7276735189270305,-2.2720165227054943,-0.24535310321716583,0.0,-0.020234856552141762
1785948223090892572,22.234559978754753,1.7369226988972486,-2.273015172311368,-0.24534856214614914,0.0,-0.02023743966013617
1785948223158425976,22.242716815606034,1.7464612936637185,-2.2741844962921487,-0.24750432398310573,0.0,-0.023435206876833724
1785948223210420614,22.25087022462176,1.7559612052189544,-2.275317211772279,-0.24750655968541596,0.0,-0.023435512424933934
1785948223246408118,22.259350164393837,1.7659317624414836,-2.2773744945475145,-0.2485890459030304,0.0,-0.03408650996840224
1785948223290640028,22.26698314108292,1.7748739003901937,-2.278986700033094,-0.2485901231272008,0.0,-0.0340874861903025
1785948223349253551,22.27518095734186,1.7844577914287294,-2.278989070054995,-0.25075167462293085,0.0,-0.011722023057757276
1785948223407160717,22.280121276760184,1.7918357407770589,-2.2795419460900406,-0.2507538329102877,0.0,-0.011719966225909404
1785948223454929020,22.285433805453927,1.7993246295892598,-2.279315545701628,-0.24679511996398598,0.0,-0.0010672257752791896
1785948223489357022,22.29346026229972,1.8086908601884915,-2.2793687655730053,-0.24679116362891396,0.0,-0.0010662452058949512
1785948223539567286,22.301519556192538,1.8181116006499483,-2.2767041108966777,-0.2475073731342698,0.0,0.03514707510360258
1785948223604784078,22.31130847062736,1.8289517568642712,-2.27481136557239,-0.24750808735917154,0.0,0.03515040123550764
1785948223657109381,22.32085275331986,1.8396591459650875,-2.2727880896900077,-0.24678864069386958,0.0,0.03728386253672879
1785948223691383778,22.328918199728523,1.8491961652057636,-2.27090107420288,-0.24678792224422888,0.0,0.03728405876419999
1785948223740866885,22.336679696203102,1.8584220997274876,-2.2670258775148344,-0.24678720375964888,0.0,0.06497616252942963
1785948223792848018,22.344591877052085,1.8678879827516501,-2.26377733981741,-0.24678720305963006,0.0,0.06497864741459093
1785948223857131310,22.35198194268525,1.8776501914155737,-2.259332014387395,-0.24894758409764337,0.0,0.07669683601082868
1785948223906580559,22.359193903508046,1.8871337049462258,-2.2553868910287584,-0.24894979045981444,0.0,0.0766979383167806
1785948223941252504,22.36702843915304,1.8967454774760362,-2.249462453157073,-0.2482318384716621,0.0,0.10439081837181838
1785948223990808061,22.37481904222435,1.9064057591112924,-2.2442431156058653,-0.24823112178283777,0.0,0.1043933645005557
1785948224039871795,22.38228990209074,1.9157671838147958,-2.2395033670739246,-0.24246910869706517,0.0,0.09800550013928977
1785948224109334025,22.389886513980738,1.925299164393637,-2.235102232142929,-0.24246336080208547,0.0,0.09800491323573685
1785948224156179101,22.397324914475128,1.9349071176386443,-2.228508263892005,-0.24209753334261264,0.0,0.12463104060687341
1785948224190527901,22.404728100818136,1.9444912160492147,-2.222273532289666,-0.2420971683320044,0.0,0.12463348749340813
1785948224246589219,22.412785827667747,1.9550735087163134,-2.2131810814279853,-0.24821816935450422,0.0,0.15658799687162395
1785948224304873036,22.420416584054905,1.9637669290803523,-2.207705271891582,-0.24822428040091082,0.0,0.15659093521403022
1785948224355971295,22.42811022861888,1.973419366142172,-2.20035904179605,-0.2482303914849745,0.0,0.1640493605351161
1785948224391819019,22.43542139878875,1.9834560460596198,-2.1921526993046383,-0.24823039756729148,0.0,0.1640500442462052
1785948224446303971,22.44328111571794,1.9944368127684589,-2.1828313853152097,-0.24715015664912024,0.0,0.16831099236968697
1785948224492039478,22.449707764908588,2.0035922078872117,-2.175213607148853,-0.24714907999570865,0.0,0.16831138351427527
1785948224563932244,22.45727445456918,2.0136559979050803,-2.168054859786045,-0.24498747898343873,0.0,0.16618163942235514
1785948224605834069,22.464573792183455,2.0239126852404574,-2.16045062718457,-0.244985341227375,0.0,0.1661814454321838
1785948224643566649,22.471506961305053,2.034276082952183,-2.151899660192188,-0.2478638460142354,0.0,0.16937645595224315
1785948224690171846,22.47830983996389,2.0446345332364064,-2.1434314480048267,-0.24786672105553537,0.0,0.16937674987071533
1785948224740847948,22.485088511924022,2.0551486870457234,-2.1349386226273355,-0.24894983766474144,0.0,0.16937704378924054
1785948224811490181,22.49253912160325,2.064595155833049,-2.128934427776673,-0.24895091841951386,0.0,0.16937704381625246
1785948224883434437,22.500435943066357,2.075987025597824,-2.1212594402439997,-0.24967215714040214,0.0,0.16298663456409812
1785948224903609726,22.50725233351449,2.087093292146993,-2.1127527766198813,-0.24967287735266766,0.0,0.16298604682114526
1785948224945845161,22.512492286811433,2.095800045171775,-2.1056675634313113,-0.24787263220721933,0.0,0.1683109500314807
1785948225007256047,22.519358147821276,2.105685444775157,-2.0990165316258436,-0.24787111830066347,0.0,0.1683113623491525
1785948225056431624,22.525830232061,2.1157666080213717,-2.0915879451145822,-0.2460698900845818,0.0,0.17044184612321128
1785948225089536483,22.53195243416727,2.126439656476036,-2.0830651017350164,-0.2460677484449594,0.0,0.17044207951396345
1785948225147467809,22.53796228808655,2.137117143552783,-2.0757390142201406,-0.24534544451818624,0.0,0.1544662737356735
1785948225197450418,22.543895611960554,2.1478515698171536,-2.068017206220266,-0.24534472350691508,0.0,0.15446480493873688
1785948225266497564,22.550408329814474,2.1570534818105513,-2.062355788918669,-0.24138311040719546,0.0,0.1629838928552948
1785948225309696067,22.556422537603837,2.1668212178144874,-2.055774898058247,-0.24137915714250816,0.0,0.1629846758407119
1785948225346138145,22.5621697698132,2.1777279383696024,-2.047454843571362,-0.24461592941645366,0.0,0.16511559027454895
1785948225392238111,22.56778195297919,2.1885964416492207,-2.0391985240466157,-0.2446191616787531,0.0,0.1651157862662877
1785948225441804772,22.573423323441137,2.1997403370460353,-2.0314294856466986,-0.24822321270978442,0.0,0.15872557067888762
1785948225490906331,22.57899364973675,2.2109654484492096,-2.0234167927676188,-0.24822680460240967,0.0,0.15872498410373367
1785948225562112389,22.584538634617815,2.2222624112370277,-2.0147513980452336,-0.2496707390900629,0.0,0.16724496768884087
1785948225608909848,22.590025323212817,2.233621631169996,-2.006296822074951,-0.2496721676326897,0.0,0.16724574403330145
1785948225641973169,22.595199992671578,2.2447447531239426,-1.9978914117680642,-0.24751313548840187,0.0,0.16831157791865187
1785948225690648476,22.600324742168407,2.256005226737754,-1.989478262810587,-0.24751097142048617,0.0,0.16831167631558236
1785948225760948138,22.603486991089397,2.26312956439055,-1.9824110818963387,-0.18629567737450556,0.0,0.15020563364732725
1785948225808104744,22.605577821454993,2.271179296875596,-1.9735078884633726,-0.18623430017158887,0.0,0.15020396158992458
1785948225858688843,22.604606566584653,2.271151121123049,-1.969861192200452,-0.06914686655067596,0.0,0.08842831292745637
1785948225891445819,22.60594426836237,2.2743234933881693,-1.965440281575329,-0.06902994959442489,0.0,0.08842263144356419
1785948225951638621,22.604173888596467,2.2700728630688625,-1.9710077027947757,0.03731070754995948,0.0,-0.0436515544597659
1785948226013004162,22.603503815997488,2.2695459712545816,-1.9711124945387903,0.03741684791015307,0.0,-0.04366369606408563
1785948226064946542,22.603276415297536,2.26898562135052,-1.9704081372082227,0.031761542890986795,0.0,-0.02024426996040538
1785948226092369567,22.602663070506463,2.267533351365321,-1.971413135808081,0.031755976831914695,0.0,-0.020242147038751195
1785948226142936226,22.602958790977848,2.2682332688896807,-1.9722206197156205,0.0,0.0,0.0
1785948226190363239,22.602952387254707,2.268218189638481,-1.9730378395331165,0.0,0.0,0.0
1785948226240354457,22.60295636447624,2.2682275372171756,-1.9725959222988976,0.0,0.0,0.0
1785948226292451305,22.60295636843738,2.268227546525064,-1.9725958817683154,0.0,0.0,0.0
1785948226341898571,22.602967192607576,2.2682530201792823,-1.9725958426656551,0.0,0.0,0.0
1785948226391533010,22.602974003957772,2.2682690500530103,-1.972595842661559,0.0,0.0,0.0
1785948226442046099,22.602970374079106,2.2682605074740874,-1.9725958426578498,0.0,0.0,0.0
1785948226505612761,22.60258643131095,2.268591096469496,-1.9707222720030138,0.0,0.0,0.0
1785948226556957779,22.602587690119723,2.2688800433890237,-1.969696213224749,0.0,0.0,0.0
1785948226589211668,22.6026367516829,2.268996440923473,-1.969696213224749,0.0,0.0,0.0
1785948226641679024,22.60264381069651,2.2690131888709866,-1.969696213224749,0.0,0.0,0.0
1785948226707351093,22.601743139041723,2.2684139348336045,-1.9686630884492773,0.0,0.0,0.0
1785948226760006934,22.60109186258982,2.2677974287545517,-1.9681281449601318,0.0,0.0,0.0
1785948226789371457,22.60109184775981,2.267797393607913,-1.9681281449601318,0.0,0.0,0.0
1785948226840756316,22.601091836476183,2.2677973667200133,-1.9681281449601318,0.0,0.0,0.0
1785948226890137180,22.60109183646504,2.2677973666934648,-1.9681281449601318,0.0,0.0,0.0
1785948226957223691,22.60000202204088,2.266680846730698,-1.9676035328069716,0.0,0.0,0.0
1785948227016189160,22.599141620719564,2.2657441263825624,-1.9673027166876027,0.0,0.0,0.0
1785948227040578687,22.599141620719553,2.265744126382538,-1.9673027166876027,0.0,0.0,0.0
1785948227090463758,22.599141620719553,2.265744126382538,-1.9673027166876027,0.0,0.0,0.0
1785948227141038417,22.599141620719553,2.265744126382538,-1.9673027166876027,0.0,0.0,0.0
1785948227207593392,22.598891578072504,2.265296560959062,-1.9672583591721162,0.0,0.0,0.0
1785948227259334390,22.598697995372902,2.264921953482279,-1.9672354953245732,0.0,0.0,0.0
1785948227292467985,22.598697995372902,2.264921953482279,-1.9672354953245732,0.0,0.0,0.0
1785948227340996791,22.598697995372902,2.264921953482279,-1.9672354953245732,0.0,0.0,0.0
1785948227404606527,22.595983335113203,2.261444197813739,-1.9670963247979054,0.0,0.0,0.0
1785948227456220769,22.59369442969803,2.2585434111913436,-1.9670055059779026,0.0,0.0,0.0
1785948227489539010,22.59369442969803,2.2585434111913436,-1.9670055059779026,0.0,0.0,0.0
1785948227540959710,22.59369442969803,2.2585434111913436,-1.9670055059779026,0.0,0.0,0.0
1785948227589297759,22.59369442969803,2.2585434111913436,-1.9670055059779026,0.0,0.0,0.0
1785948227657977053,22.59381102775115,2.2586886635048713,-1.9667117682698703,0.0,0.0,0.0
1785948227708718629,22.593923662970823,2.2588003821720024,-1.966544340001762,0.0,0.0,0.0
1785948227741419828,22.593923662970823,2.2588003821720024,-1.966544340001762,0.0,0.0,0.0
1785948227789664241,22.593923662970823,2.2588003821720024,-1.966544340001762,0.0,0.0,0.0
1785948227844054310,22.593923662970823,2.2588003821720024,-1.966544340001762,0.0,0.0,0.0
1785948227904558833,22.593444408049674,2.2576896168919327,-1.969218569892488,0.0,0.0,0.0
1785948227957828613,22.592999129017883,2.256797327218236,-1.97070657983357,0.0,0.0,0.0
1785948227992788950,22.592999129017883,2.256797327218236,-1.97070657983357,0.0,0.0,0.0
1785948228041500386,22.592999129017883,2.256797327218236,-1.97070657983357,0.0,0.0,0.0
1785948228104406709,22.592608853385105,2.2563318981611045,-1.9716037041728618,0.0,0.0,0.0
1785948228156233853,22.59225432844129,2.2559543326012426,-1.9721741981794627,0.0,0.0,0.0
1785948228190680191,22.59225432844129,2.2559543326012426,-1.9721741981794627,0.0,0.0,0.0
1785948228240697266,22.59225432844129,2.2559543326012426,-1.9721741981794627,0.0,0.0,0.0
1785948228291343319,22.59225432844129,2.2559543326012426,-1.9721741981794627,0.0,0.0,0.0
1785948228355263752,22.59178396122755,2.255221908806764,-1.9722578067122063,0.0,0.0,0.0
1785948228405024595,22.591382381983674,2.2546149939670848,-1.9723053249283138,0.0,0.0,0.0
1785948228439826080,22.591382381983674,2.2546149939670848,-1.9723053249283138,0.0,0.0,0.0
1785948228489508392,22.591382381983674,2.2546149939670848,-1.9723053249283138,0.0,0.0,0.0
1785948228540260081,22.591382381983674,2.2546149939670848,-1.9723053249283138,0.0,0.0,0.0
1785948228606530984,22.59098051270651,2.2540635068846293,-1.9724312509363788,0.0,0.0,0.0
1785948228654881096,22.59062799971651,2.253601288144893,-1.9725118113726723,0.0,0.0,0.0
1785948228688989281,22.59062799971651,2.253601288144893,-1.9725118113726723,0.0,0.0,0.0
1785948228739716553,22.59062799971651,2.253601288144893,-1.9725118113726723,0.0,0.0,0.0
1785948228806901147,22.588607475231104,2.250702721837163,-1.9724399511602333,0.0,0.0,0.0
1785948228855759019,22.586850011125392,2.248296828248635,-1.972388383237973,0.0,0.0,0.0
1785948228889953222,22.586850011125392,2.248296828248635,-1.972388383237973,0.0,0.0,0.0
1785948228940532105,22.586850011125392,2.248296828248635,-1.972388383237973,0.0,0.0,0.0
1785948228995952124,22.586850011125392,2.248296828248635,-1.972388383237973,0.0,0.0,0.0
1785948229056656141,22.586595539500852,2.24807844634868,-1.9724437823314898,0.0,0.0,0.0
1785948229108638490,22.5863666572091,2.2479049952231636,-1.97247195678871,0.0,0.0,0.0
1785948229146654535,22.5863666572091,2.2479049952231636,-1.97247195678871,0.0,0.0,0.0
1785948229191370012,22.5863666572091,2.2479049952231636,-1.97247195678871,0.0,0.0,0.0
1785948229257061345,22.586243120056483,2.247836131072914,-1.9725107534379378,0.0,0.0,0.0
1785948229306302781,22.586129575667005,2.2477834127528165,-1.9725320363022616,0.0,0.0,0.0
1785948229340914820,22.586129575667005,2.2477834127528165,-1.9725320363022616,0.0,0.0,0.0
1785948229390749521,22.586129575667005,2.2477834127528165,-1.9725320363022616,0.0,0.0,0.0
1785948229452735656,22.586129575667005,2.2477834127528165,-1.9725320363022616,0.0,0.0,0.0
1785948229504537840,22.586065698086045,2.2478647576438004,-1.9725331716969405,0.0,0.0,0.0
1785948229556669697,22.586000647404806,2.2479377256274735,-1.972531820508262,0.0,0.0,0.0
1785948229591172358,22.586000647404806,2.2479377256274735,-1.972531820508262,0.0,0.0,0.0
1785948229641283899,22.586000647404806,2.2479377256274735,-1.972531820508262,0.0,0.0,0.0
1785948229706670423,22.585948854163636,2.2480423210030405,-1.9725336805412341,0.0,0.0,0.0
1785948229755170909,22.585894419733272,2.2481354908559674,-1.9725332971522775,0.0,0.0,0.0
1785948229789327831,22.585894419733272,2.2481354908559674,-1.9725332971522775,0.0,0.0,0.0
1785948229843206716,22.585894419733272,2.2481354908559674,-1.9725332971522775,0.0,0.0,0.0
1785948229905640609,22.585892714851127,2.248285938806674,-1.972573174483716,0.0,0.0,0.0
1785948229955963676,22.58588326111381,2.248415153885328,-1.9725949091574435,0.0,0.0,0.0
1785948229990120438,22.58588326111381,2.248415153885328,-1.9725949091574435,0.0,0.0,0.0
1785948230045561610,22.58588326111381,2.248415153885328,-1.9725949091574435,0.0,0.0,0.0
1785948230091987890,22.58588326111381,2.248415153885328,-1.9725949091574435,0.0,0.0,0.0
1785948230155997413,22.5858555069451,2.2484075154845096,-1.9726012995904187,0.0,0.0,0.0
1785948230210289399,22.585829370509355,2.248402183256136,-1.97260506176954,0.0,0.0,0.0
1785948230240044462,22.585829370509355,2.248402183256136,-1.97260506176954,0.0,0.0,0.0
1785948230290151619,22.585829370509355,2.248402183256136,-1.97260506176954,0.0,0.0,0.0
1785948230353381823,22.58588134794289,2.248531961687068,-1.9726505401299945,0.0,0.0,0.0
1785948230405083140,22.585924292303392,2.2486408897927928,-1.9726766946753762,0.0,0.0,0.0
1785948230443877352,22.585924292303392,2.2486408897927928,-1.9726766946753762,0.0,0.0,0.0
1785948230491065798,22.585924292303392,2.2486408897927928,-1.9726766946753762,0.0,0.0,0.0
1785948230543201368,22.585924292303392,2.2486408897927928,-1.9726766946753762,0.0,0.0,0.0
1785948230607762588,22.585740686294738,2.2483707111040983,-1.9726650342168548,0.0,0.0,0.0
1785948230656133821,22.585580163745572,2.2481500102910763,-1.9726572667099789,0.0,0.0,0.0
1785948230692035339,22.585580163745572,2.2481500102910763,-1.9726572667099789,0.0,0.0,0.0
1785948230744409764,22.585580163745572,2.2481500102910763,-1.9726572667099789,0.0,0.0,0.0
1785948230807050222,22.585534097759133,2.2480495025985032,-1.9726770264016347,0.0,0.0,0.0
1785948230856901596,22.58549492533917,2.2479647361278023,-1.972689592760142,0.0,0.0,0.0
1785948230894066479,22.58549492533917,2.2479647361278023,-1.972689592760142,0.0,0.0,0.0
1785948230941747740,22.58549492533917,2.2479647361278023,-1.972689592760142,0.0,0.0,0.0
1785948231004228066,22.585605561105698,2.2483576461948425,-1.9726504056504073,0.0,0.0,0.0
1785948231053647267,22.585690763852778,2.2486886447560805,-1.9726267453944577,0.0,0.0,0.0
1785948231093459365,22.585690763852778,2.2486886447560805,-1.9726267453944577,0.0,0.0,0.0
1785948231146335949,22.585690763852778,2.2486886447560805,-1.9726267453944577,0.0,0.0,0.0
1785948231205666645,22.585690763852778,2.2486886447560805,-1.9726267453944577,0.0,0.0,0.0
1785948231260940068,22.58565788466652,2.24881859513922,-1.9725614640500184,0.0,0.0,0.0
1785948231308811287,22.58561942337781,2.2489310764333275,-1.9725233463361644,0.0,0.0,0.0
1785948231343236504,22.58561942337781,2.2489310764333275,-1.9725233463361644,0.0,0.0,0.0
1785948231390267698,22.58561942337781,2.2489310764333275,-1.9725233463361644,0.0,0.0,0.0
1785948231462375319,22.585511063646763,2.248623778326605,-1.9725778355525565,0.0,0.0,0.0
1785948231507360147,22.58542320478996,2.2483653673791446,-1.972611312521185,0.0,0.0,0.0
1785948231539861116,22.58542320478996,2.2483653673791446,-1.972611312521185,0.0,0.0,0.0
1785948231589040693,22.58542320478996,2.2483653673791446,-1.972611312521185,0.0,0.0,0.0
1785948231640862430,22.58542320478996,2.2483653673791446,-1.972611312521185,0.0,0.0,0.0
1785948231719430371,22.585447804964378,2.248518231998021,-1.9726287604867145,0.0,0.0,0.0
1785948231776331650,22.58546362337848,2.2486486253009503,-1.9726386390988453,0.0,0.0,0.0
1785948231780728517,22.58546362337848,2.2486486253009503,-1.9726386390988453,0.0,0.0,0.0
1785948231851272540,22.58546362337848,2.2486486253009503,-1.9726386390988453,0.0,0.0,0.0
1785948231912808197,22.58546362337848,2.2486486253009503,-1.9726386390988453,0.0,0.0,0.0
1785948231942415000,22.58546362337848,2.2486486253009503,-1.9726386390988453,0.0,0.0,0.0
1785948232011971504,22.58541972946484,2.2487838713480763,-1.9726031345293424,0.0,0.0,0.0
1785948232058575101,22.585371329321344,2.248903736090811,-1.9725781747762936,0.0,0.0,0.0
1785948232091075398,22.585382264322195,2.2489294718451465,-1.9725781747762936,0.0,0.0,0.0
1785948232141457347,22.585403286707223,2.2489789484849196,-1.9725781747762936,0.0,0.0,0.0
1785948232190397461,22.586404435912176,2.2513351748835575,-1.9725781747762936,-0.10154358481097162,0.0,1.4382085177268535e-100
1785948232260567488,22.588378664288843,2.2560933094457125,-1.9725432059813963,-0.10164449237924929,0.0,4.0927866537042105e-85
1785948232305973130,22.59128544432414,2.2630447814168884,-1.9723099544046203,-0.19716673174669996,0.0,0.008520548961567512
1785948232340800023,22.59514077392216,2.272125148604682,-1.9718838931371807,-0.1972620710851692,0.0,0.008521332232669543
1785948232390761992,22.600139048690096,2.283911426448421,-1.9701793450540848,-0.31438356656577804,0.0,0.05964540913499859
1785948232469730745,22.60626084480003,2.2985139008858106,-1.9672122532031393,-0.3145004655178826,0.0,0.0596501089026911
1785948232507382491,22.612031089462704,2.312396320648819,-1.9637332783732715,-0.27824866522928593,0.0,0.07882606621845352
1785948232540642267,22.61731531147312,2.325144992763149,-1.9598228170806087,-0.27821276939162964,0.0,0.07882781502679849
1785948232591247711,22.62229107491847,2.3372834852093267,-1.9554591000528765,-0.24649029054385607,0.0,0.09587063685756096
1785948232643501396,22.626950212021335,2.3487923837741955,-1.950628850181016,-0.24645837767977916,0.0,0.0958722160073133
1785948232713478777,22.631336254957752,2.359891824930837,-1.94564836810873,-0.23454380134826075,0.0,0.1043943445265935
1785948232754970381,22.635653273518443,2.3709754773042198,-1.9403499649740341,-0.23453191265851125,0.0,0.10439512774007335
1785948232791056321,22.63985394818728,2.3818201332411126,-1.9349775410085825,-0.23632043389754223,0.0,0.11291646311755435
1785948232843959369,22.64432133497064,2.3935398976625955,-1.928984678144687,-0.23632221535187736,0.0,0.11291724485971373
1785948232906423983,22.648379306343113,2.404494204142762,-1.9226976623184695,-0.2590091639710462,0.0,0.15126050840919322
1785948232960443160,22.652909446019763,2.4169474226745127,-1.9149729055958007,-0.2590317587284894,0.0,0.15126402559948693
1785948232989654015,22.657034290060903,2.4284551200430324,-1.9082393529732036,-0.24249067330431007,0.0,0.1257059062073162
1785948233041875667,22.66105364189486,2.43991075747732,-1.9019454153807804,-0.2424741538804543,0.0,0.1257035552910721
1785948233091618173,22.664750673016854,2.4506639498278533,-1.8965677777393766,-0.21257087125974894,0.0,0.0894888601557409
1785948233160655143,22.668085152261085,2.4606984062730586,-1.892025679567916,-0.21254106671214343,0.0,0.08948553567135101
1785948233207122223,22.67119095217813,2.470186086932796,-1.8871554972028868,-0.19702777594418558,0.0,0.10652331126303924
1785948233243555309,22.674253526499278,2.4795416486132114,-1.88183253558619,-0.19701230297593447,0.0,0.1065248764237842
1785948233292262713,22.67624266440474,2.4857294486549613,-1.880898282121198,-0.06340709703398786,0.0,-0.06920985824563718
1785948233342989184,22.677207106814862,2.488739199759718,-1.8843601633908311,-0.06327368179776656,0.0,-0.06922602105831745
1785948233410502364,22.677784802384004,2.4903446590895584,-1.8857882586151373,0.0,0.0,0.0
1785948233459205767,22.67777078102017,2.490162279995476,-1.8851055978779165,0.0,0.0,0.0
1785948233490936857,22.67766365197417,2.489832738876084,-1.8847817693431643,0.0,0.0,0.0
1785948233542958215,22.677585638431736,2.4895924957096414,-1.884781738236963,0.0,0.0,0.0
1785948233604978111,22.677558659232872,2.4893305321485895,-1.8848429267337996,0.0,0.0,0.0
1785948233660285839,22.67756880443678,2.489200199777802,-1.8848800740317064,0.0,0.0,0.0
1785948233691571508,22.677566111452204,2.489191909498416,-1.8848800740289133,0.0,0.0,0.0
1785948233740298848,22.67756610868168,2.4891919009694297,-1.884880074028913,0.0,0.0,0.0
1785948233790376276,22.677566105866028,2.4891918923015175,-1.884880074028913,0.0,0.0,0.0
1785948233857222972,22.677497889945702,2.4891785607922845,-1.884811226133358,0.0,0.0,0.0
1785948233904271382,22.67745983766005,2.4892285112177097,-1.8847729644159992,0.0,0.0,0.0
1785948233942802098,22.67749882394199,2.4893485732512337,-1.8847729644159992,0.0,0.0,0.0
1785948233989111414,22.67753500948429,2.4894600101440347,-1.8847729644159992,0.0,0.0,0.0
1785948234057959834,22.67781487834417,2.489878723747829,-1.8848661461419283,0.0,0.0,0.0
1785948234106212728,22.67803569567854,2.490169235114478,-1.8849225132147083,0.0,0.0,0.0
1785948234139390869,22.678024572648127,2.490134998080031,-1.8849225132147083,0.0,0.0,0.0
1785948234190567178,22.678016236787343,2.4901093400522956,-1.8849225132147083,0.0,0.0,0.0
1785948234239701122,22.678010658342295,2.4900921694311946,-1.8849225132147083,0.0,0.0,0.0
1785948234308709322,22.679411261902786,2.493418025177774,-1.8843077621506998,0.0,0.0,0.0
1785948234371045580,22.680628818997267,2.496145760888284,-1.8839670006591698,0.0,0.0,0.0
1785948234390104804,22.680628816982825,2.496145754667503,-1.8839670006591698,0.0,0.0,0.0
1785948234440669223,22.68062881698028,2.4961457546596435,-1.8839670006591698,0.0,0.0,0.0
1785948234490726810,22.680628816977542,2.496145754651181,-1.8839670006591698,0.0,0.0,0.0
1785948234558250486,22.681237167682777,2.4978065348571405,-1.8832978447545923,0.0,0.0,0.0
1785948234604163759,22.68178241290491,2.4991535636587066,-1.8829309394325713,0.0,0.0,0.0
1785948234643790412,22.68178241290491,2.4991535636587066,-1.8829309394325713,0.0,0.0,0.0
1785948234690119056,22.68178241290491,2.4991535636587066,-1.8829309394325713,0.0,0.0,0.0
1785948234759742315,22.68246448303724,2.500903125586834,-1.8824771639170201,0.0,0.0,0.0
1785948234804370109,22.683058953833708,2.50236208932119,-1.882189304780747,0.0,0.0,0.0
1785948234839380336,22.683058953833708,2.50236208932119,-1.882189304780747,0.0,0.0,0.0
1785948234892070610,22.683058953833708,2.50236208932119,-1.882189304780747,0.0,0.0,0.0
1785948234966339607,22.683951971027547,2.5036686228844274,-1.8830343967763505,0.0,0.0,0.0
1785948235005229182,22.684700849546804,2.504753168402983,-1.8835317060685561,0.0,0.0,0.0
1785948235042412722,22.684700849546804,2.504753168402983,-1.8835317060685561,0.0,0.0,0.0
1785948235090139617,22.684700849546804,2.504753168402983,-1.8835317060685561,0.0,0.0,0.0
1785948235147411755,22.684700849546804,2.504753168402983,-1.8835317060685561,0.0,0.0,0.0
1785948235204856443,22.685171265470608,2.5058654316097706,-1.8844260279322749,0.0,0.0,0.0
1785948235255595203,22.685542069126175,2.5068173453283698,-1.8850050618038388,0.0,0.0,0.0
1785948235290861534,22.685542069126175,2.5068173453283698,-1.8850050618038388,0.0,0.0,0.0
1785948235341818956,22.685542069126175,2.5068173453283698,-1.8850050618038388,0.0,0.0,0.0
1785948235390799008,22.685542069126175,2.5068173453283698,-1.8850050618038388,0.0,0.0,0.0
1785948235455907636,22.685322008515456,2.506200369143445,-1.887756096398547,0.0,0.0,0.0
1785948235503605954,22.68508474855762,2.50570346563383,-1.8893509878227734,0.0,0.0,0.0
1785948235540625809,22.68508474855762,2.50570346563383,-1.8893509878227734,0.0,0.0,0.0
1785948235591278646,22.68508474855762,2.50570346563383,-1.8893509878227734,0.0,0.0,0.0
1785948235655088228,22.68445678218701,2.50377048457471,-1.8909333973112359,0.0,0.0,0.0
1785948235705031252,22.68392967977005,2.502168433800815,-1.891817593966977,0.0,0.0,0.0
1785948235742827546,22.68392967977005,2.502168433800815,-1.891817593966977,0.0,0.0,0.0
1785948235790041753,22.68392967977005,2.502168433800815,-1.891817593966977,0.0,0.0,0.0
1785948235855319795,22.683446099371437,2.5007354310768037,-1.8925984927030481,0.0,0.0,0.0
1785948235904299686,22.683037153497267,2.4995254873612294,-1.8930972888246074,0.0,0.0,0.0
1785948235941325910,22.683037153497267,2.4995254873612294,-1.8930972888246074,0.0,0.0,0.0
1785948235990403852,22.683037153497267,2.4995254873612294,-1.8930972888246074,0.0,0.0,0.0
1785948236044709278,22.683037153497267,2.4995254873612294,-1.8930972888246074,0.0,0.0,0.0
1785948236106681493,22.682563280575156,2.497997651350013,-1.8937069906512798,0.0,0.0,0.0
1785948236158714980,22.682174334175045,2.496719361840687,-1.8940599447615891,0.0,0.0,0.0
1785948236189387062,22.682174334175045,2.496719361840687,-1.8940599447615891,0.0,0.0,0.0
1785948236242036471,22.682174334175045,2.496719361840687,-1.8940599447615891,0.0,0.0,0.0
1785948236294401711,22.682174334175045,2.496719361840687,-1.8940599447615891,0.0,0.0,0.0
1785948236357030297,22.68208059222175,2.4961335790074473,-1.894348957019983,0.0,0.0,0.0
1785948236406022189,22.68201404536161,2.4956321557443215,-1.8945377275620194,0.0,0.0,0.0
1785948236444084444,22.68201404536161,2.4956321557443215,-1.8945377275620194,0.0,0.0,0.0
1785948236490286748,22.68201404536161,2.4956321557443215,-1.8945377275620194,0.0,0.0,0.0
1785948236556039460,22.68177890556589,2.4948254607524176,-1.894719257810355,0.0,0.0,0.0
1785948236605241662,22.681586972124997,2.4941463654317317,-1.8948268018019767,0.0,0.0,0.0
1785948236639995722,22.681586972124997,2.4941463654317317,-1.8948268018019767,0.0,0.0,0.0
1785948236691775025,22.681586972124997,2.4941463654317317,-1.8948268018019767,0.0,0.0,0.0
1785948236749212480,22.681586972124997,2.4941463654317317,-1.8948268018019767,0.0,0.0,0.0
1785948236807171967,22.681557151319314,2.4938437189168816,-1.894994799118997,0.0,0.0,0.0
1785948236856193620,22.681542274685874,2.493588634728078,-1.8950906963176266,0.0,0.0,0.0
1785948236891144902,22.68154944947067,2.4936099802354215,-1.8950906963176266,0.0,0.0,0.0
1785948236940504261,22.68155424211141,2.4936242371667086,-1.8950906963176266,0.0,0.0,0.0
1785948236991764572,22.68296676581499,2.497826126083317,-1.896530835578672,0.0,0.0,0.0
1785948237062712030,22.683856122057644,2.5002544721544435,-1.8976009421562887,0.0,0.0,0.0
1785948237109865276,22.68882265249219,2.5147212976493836,-1.8977784790953436,-0.237789720306226,0.0,-0.008523970831165836
1785948237143287904,22.692648311553512,2.526001246297271,-1.8982045951246904,-0.2379587034161735,0.0,-0.008523043320270903
1785948237192705920,22.696214495361374,2.536471251157566,-1.9011396588321654,-0.2266063367523478,0.0,-0.042603964194024374
1785948237254022051,22.69988254937908,2.5468358032458944,-1.903326324363914,-0.22659437900008914,0.0,-0.04260727089563035
1785948237304001973,22.699038179920123,2.543934875496617,-1.9140415293537905,-0.03934047650915251,0.0,-0.15657292390085908
1785948237343908634,22.699720465057535,2.545843449249027,-1.9222042612245407,-0.039153624235405415,0.0,-0.15658339803613966
1785948237390295584,22.698807614134545,2.543347805230892,-1.9129398991789515,0.022972222844726067,0.0,0.07346270953408254
1785948237459529807,22.69843744082456,2.5421036461741227,-1.909304294890348,0.02303165432473551,0.0,0.07348297717802105
1785948237505071165,22.698332117712866,2.5416086548280576,-1.9110873374105812,0.0,0.0,0.0
1785948237543569368,22.6981213883697,2.541013485364805,-1.9110875057534333,0.0,0.0,0.0
1785948237590974748,22.698208182554605,2.5412598849507564,-1.9130844665401074,0.0007453558294835509,0.0,-0.026626715195591753
1785948237656802534,22.69811207146882,2.5408359896542683,-1.9143930150146806,0.0007334897651874863,0.0,-0.026629162606894373
1785948237704417713,22.69805331484393,2.540520942622412,-1.9137155981399734,0.0,0.0,0.0
1785948237743013775,22.698053321023743,2.540520959885846,-1.9137155367156362,0.0,0.0,0.0
1785948237790043401,22.698053327182663,2.5405209771364774,-1.9137154753557528,0.0,0.0,0.0
1785948237844200310,22.698053327188404,2.540520977152563,-1.9137154753504824,0.0,0.0,0.0
1785948237905343220,22.698115845547022,2.5405312945844356,-1.9137075327213093,0.0,0.0,0.0
1785948237968432460,22.69816618898188,2.540510563969383,-1.9137043940633964,0.0,0.0,0.0
1785948237993359123,22.698182327094393,2.5405557674665427,-1.913704394063396,0.0,0.0,0.0
1785948238041969116,22.698205942407462,2.540621914540838,-1.913704394063396,0.0,0.0,0.0
1785948238091960718,22.698211869062526,2.5406385152479385,-1.913704394063396,0.0,0.0,0.0
1785948238165160179,22.698203345122486,2.5405317885750143,-1.9136543630000618,0.0,0.0,0.0
1785948238205297375,22.698184476837685,2.54039531360002,-1.9136253088456052,0.0,0.0,0.0
1785948238246912599,22.69818447078972,2.5403952966626475,-1.9136253088456052,0.0,0.0,0.0
1785948238291189791,22.698184464744827,2.5403952797265377,-1.9136253088456052,0.0,0.0,0.0
1785948238343889569,22.698184464739583,2.540395279711849,-1.9136253088456052,0.0,0.0,0.0
1785948238405970267,22.69807516394592,2.5400473917800603,-1.9136123298385646,0.0,0.0,0.0
1785948238475583157,22.69798443581501,2.539754531811612,-1.9136046709551555,0.0,0.0,0.0
1785948238481010615,22.697984435815023,2.5397545318116532,-1.9136046709551555,0.0,0.0,0.0
1785948238541336701,22.697984435815002,2.5397545318115933,-1.9136046709551555,0.0,0.0,0.0
1785948238603892453,22.697984435815002,2.5397545318115933,-1.9136046709551555,0.0,0.0,0.0
1785948238667147330,22.6980315491513,2.5396945976062444,-1.9136636289482127,0.0,0.0,0.0
1785948238725430763,22.698078894664075,2.539642004039267,-1.913698460082023,0.0,0.0,0.0
1785948238750503798,22.698078894664075,2.539642004039267,-1.913698460082023,0.0,0.0,0.0
1785948238797402443,22.698078894664075,2.539642004039267,-1.913698460082023,0.0,0.0,0.0
1785948238841872601,22.698078894664075,2.539642004039267,-1.913698460082023,0.0,0.0,0.0
1785948238893733666,22.698078894664075,2.539642004039267,-1.913698460082023,0.0,0.0,0.0
1785948238956529233,22.698439890659134,2.540448422066883,-1.9145174087252408,0.0,0.0,0.0
1785948239006360158,22.698733446277963,2.541116454669489,-1.9149703813600916,0.0,0.0,0.0
1785948239060695921,22.698733446277963,2.541116454669489,-1.9149703813600916,0.0,0.0,0.0
1785948239092643370,22.698733446277963,2.541116454669489,-1.9149703813600916,0.0,0.0,0.0
1785948239128919619,22.698733446277963,2.541116454669489,-1.9149703813600916,0.0,0.0,0.0
1785948239208436388,22.70030129794597,2.5450469781621066,-1.919091977414854,-1.5253508972872652e-36,0.0,-0.0202363057271622
1785948239255650211,22.701589611422094,2.548318342562696,-1.9216259148446706,-7.63309253025491e-37,0.0,-0.020238164558912728
1785948239291040322,22.701589611422094,2.548318342562696,-1.9211200412411367,0.0,0.0,0.0
1785948239361095913,22.701589611422094,2.548318342562696,-1.9211199581316762,0.0,0.0,0.0
1785948239404021800,22.701493003074614,2.547528544983665,-1.9215296679889957,0.0,0.0,0.0
1785948239463664858,22.701433744530654,2.5468702879232348,-1.9220381100895911,0.0,0.0,0.0
1785948239491560409,22.701433744530654,2.5468702879232348,-1.9225864615712684,0.0,0.0,0.0
1785948239541658606,22.701433744530654,2.5468702879232348,-1.9229549202230125,0.0,0.0,0.0
1785948239595720121,22.701433744530654,2.5468702879232348,-1.9229549610073433,0.0,0.0,0.0
1785948239655755990,22.70122170462368,2.5461136707583774,-1.9229278137175283,0.0,0.0,0.0
1785948239704800780,22.70105849515612,2.5454940512739395,-1.9232705125608938,0.0,0.0,0.0
1785948239742283529,22.701077205107055,2.5455449164155874,-1.92353743339675,0.0,0.0,0.0
1785948239790183196,22.70110209902525,2.5456125376006513,-1.9235374577599453,0.0,0.0,0.0
1785948239854669310,22.701142565483703,2.5455511760649054,-1.9230915680705674,0.0,0.0,0.0
1785948239905950678,22.701176200427117,2.545468578826752,-1.9228386605855692,0.0,0.0,0.0
1785948239940351191,22.70117621336303,2.5454686140415306,-1.9228386605879146,0.0,0.0,0.0
1785948239990250662,22.701176213374612,2.54546861407306,-1.9228386605879149,0.0,0.0,0.0
1785948240041782949,22.701151826887465,2.5454022282298667,-1.922838660587915,0.0,0.0,0.0
1785948240107407721,22.70094579734074,2.5445051325770485,-1.922549648718289,0.0,0.0,0.0
1785948240155849837,22.70066479425442,2.5434122458206887,-1.9223914191793532,0.0,0.0,0.0
1785948240190829471,22.700378977051457,2.5426331068470995,-1.9223914191793532,0.0,0.0,0.0
1785948240244546656,22.700018818829637,2.541651313965539,-1.9225513172442368,0.0,0.0,0.0
1785948240306599641,22.699419695110393,2.539720082755864,-1.9227376798318927,0.0,0.0,0.0
1785948240355818004,22.698703167567054,2.537478678433029,-1.9235072415259051,0.04326003154189602,0.0,-0.027692961672635737
1785948240389522752,22.69795547099146,2.535447465822588,-1.9248921042821623,0.04327799764161974,0.0,-0.027694918584192377
1785948240442051325,22.696910601543383,2.5326210167521057,-1.927102309253074,0.07714352263249201,0.0,-0.06071399912792906
1785948240504398175,22.69517676504583,2.5277419746342424,-1.9299008309123122,0.0771773277606339,0.0,-0.06071703488311134
1785948240557015103,22.69307174974919,2.521922341324424,-1.9333896189931878,0.12618207267809903,0.0,-0.08415157797736851
1785948240589906995,22.690831064158665,2.5160159419353887,-1.9376002667292682,0.1262309886109657,0.0,-0.08415373247325927
1785948240639487609,22.688261434497782,2.5093274845809743,-1.941989998665336,0.16048752842515407,0.0,-0.0916113696663286
1785948240694420094,22.6853451019716,2.5018350413848687,-1.9465780725235031,0.16052173026677705,0.0,-0.09161205544566034
1785948240756867075,22.682293928125386,2.493877380610577,-1.9506869783297753,0.15299422103865176,0.0,-0.0809620507812735
1785948240809787148,22.67931228838513,2.4862010628990436,-1.954611308201008,0.1529867170564106,0.0,-0.08096107294479636
1785948240843500984,22.6764714967657,2.4791666751338015,-1.9592678443723186,0.1508187328690336,0.0,-0.10545667433934539
1785948240889613238,22.673616923971256,2.472191873651346,-1.9645377475566246,0.15081656815971245,0.0,-0.10545892706753915
1785948240941575395,22.670391946048326,2.464428940022218,-1.969975569635275,0.1850220819003453,0.0,-0.11185159019459454
1785948241005058215,22.665926424626377,2.4541589718015584,-1.9755011162510117,0.1850562062669901,0.0,-0.11185217758497638
1785948241055782478,22.6614294737782,2.443995242580261,-1.9813669922909416,0.1944524196315904,0.0,-0.12463358425391981
1785948241089145520,22.657548082590303,2.435078852380946,-1.9875995556941501,0.1944617996028754,0.0,-0.12463475943375463
1785948241141312547,22.653596858862517,2.4261544454833364,-1.993704236194812,0.19555142611948245,0.0,-0.11931059686768418
1785948241207181422,22.649755787821807,2.417471550819534,-1.99976453760417,0.1955525123698342,0.0,-0.1193101080132816
1785948241274799725,22.645870203422845,2.4088176786092603,-2.0058853259944716,0.1941132836982333,0.0,-0.12356988843866142
1785948241291713637,22.641593082056218,2.3996155094821177,-2.0123452487821667,0.19411184452211405,0.0,-0.12357028076704646
1785948241345256832,22.636980055717117,2.3898560066703265,-2.019273049654141,0.2524437808860104,0.0,-0.16297823351247337
1785948241414124933,22.63167187818891,2.3785112806909834,-2.027362819291545,0.2525018363911445,0.0,-0.16298184591010464
1785948241456327246,22.625548777734846,2.3657471242577164,-2.0369635615276014,0.31737437796477613,0.0,-0.22262929386972094
1785948241488972763,22.618416282733598,2.35157150999942,-2.0480921216232044,0.3174391246286762,0.0,-0.2226347769578011
1785948241539900489,22.611039536584997,2.3373080512264424,-2.0592799305613414,0.32470548217609013,0.0,-0.22477040660684108
1785948241589092483,22.603416920586373,2.3229647746308584,-2.0705234112434625,0.32471273445294174,0.0,-0.22477060292497877
1785948241661834682,22.596121870309407,2.309713900376467,-2.081085766741983,0.2973538856989462,0.0,-0.1896235322400308
1785948241706011743,22.588999183281977,2.297043795502495,-2.0906956782880877,0.29732657029695425,0.0,-0.1896203002049798
1785948241739451011,22.581649511083576,2.2842043286454503,-2.099611624630867,0.2947786857187087,0.0,-0.1672506321276639
1785948241789530456,22.574209855470063,2.2714723146136944,-2.1079782758744106,0.29477614366072813,0.0,-0.1672485765123742
1785948241855830895,22.566602428956724,2.2586072524667262,-2.1173925291399507,0.3185389382763598,0.0,-0.21304446622453777
1785948241905122092,22.55852703023895,2.2452517847945717,-2.1279971349524534,0.31856264702547127,0.0,-0.2130486745976285
1785948241939084448,22.54981994785177,2.2312769648504474,-2.1386313508848387,0.3394710543854926,0.0,-0.21198780951871368
1785948241989099891,22.5406970202936,2.216975864520184,-2.1492232756885126,0.33949190398597645,0.0,-0.21198771208413292
1785948242041071679,22.53176520168952,2.203296159100199,-2.1597393904470086,0.3143071700266908,0.0,-0.20879241027575074
1785948242091237686,22.523033401841527,2.190225122232237,-2.1701828611708547,0.31428200978477494,0.0,-0.20879211626245783
1785948242157433835,22.514327952054373,2.1774776352451757,-2.179823075990341,0.3048947476940291,0.0,-0.19707607473936908
1785948242204797806,22.505564934437064,2.1650324522580346,-2.1893734851101208,0.30488538304298896,0.0,-0.19707499824922398
1785948242242123111,22.496304016466325,2.15202117171772,-2.1995166248146756,0.33404251748655134,0.0,-0.20878966736830562
1785948242291197021,22.48647545808455,2.138504732952461,-2.209961063626216,0.33407163002253726,0.0,-0.20879074468259737
1785948242359811930,22.47519197127352,2.124238177954696,-2.2225468409881666,0.3755111684406592,0.0,-0.23435354298984573
1785948242406357029,22.46363461265982,2.109571784756683,-2.234867049533012,0.3755519430577561,0.0,-0.2343558595794725
1785948242441807717,22.451809168231673,2.094462232941446,-2.247047106915601,0.3910757992835671,0.0,-0.2524642913145858
1785948242491408395,22.4395837417596,2.0792276541780748,-2.259656523303129,0.3910914845654844,0.0,-0.2524659765484563
1785948242558720705,22.425696291194704,2.062941885587631,-2.2739101942441953,0.380304366138309,0.0,-0.23649158489914052
1785948242604043144,22.41266333964375,2.0476880361098546,-2.286565102739566,0.38029379083714654,0.0,-0.23649014253632858
1785948242643954253,22.399496669885107,2.032547141106157,-2.2987032158772083,0.3752416629708358,0.0,-0.21944746832003956
1785948242689649599,22.387782504473506,2.0194022195543204,-2.3090002419547773,0.37523683568171545,0.0,-0.21944596860072316
1785948242742611177,22.375012792962703,2.005366496806115,-2.320267897492073,0.3827927777843078,0.0,-0.231160098490673
1785948242805571357,22.362026900660858,1.9938433768901844,-2.333108066209865,0.3828007796847701,0.0,-0.231161241210059
1785948242855826999,22.348786022952297,1.9817744836271325,-2.345904694919471,0.3936111648824706,0.0,-0.24926853414534234
1785948242889573220,22.335015338090397,1.9677174433039453,-2.3583662489773562,0.39362197429569695,0.0,-0.24927020174878986
1785948242951229138,22.32076841043827,1.953532234046714,-2.371003843040035,0.41127668706636766,0.0,-0.2567273659137764
1785948243012420913,22.304454694901217,1.9381522370888575,-2.3857099801428805,0.4112943268624583,0.0,-0.25672805216691497
1785948243056869758,22.28813179599179,1.9226812693642743,-2.400173858306815,0.43111642417828133,0.0,-0.28016023505734344
1785948243090884179,22.27222978483098,1.908119875396602,-2.4141849054703197,0.4311361911148969,0.0,-0.2801623872379795
1785948243139413914,22.255763707894427,1.8934607515571842,-2.42802135094608,0.4480798496611547,0.0,-0.27164397794061174
1785948243194860014,22.238484678950474,1.8785012933262566,-2.4418761210969344,0.4480967062635641,0.0,-0.27164319739964427
1785948243261059459,22.220692206773737,1.8636125864726498,-2.4550076384447146,0.4572700048475003,0.0,-0.2524744354615083
1785948243305447757,22.202582680916716,1.8486830228230198,-2.468101683218152,0.45729194956768066,0.0,-0.25247104937700976
1785948243340066165,22.183578518613125,1.8334963596943088,-2.479252492495987,0.4870464451228395,0.0,-0.22264397466294844
1785948243393203396,22.164366398415467,1.8185135473955967,-2.490388949747093,0.4870632120364986,0.0,-0.2226421179740769
1785948243456279292,22.140978082299593,1.8014157729227995,-2.5011993174338514,0.514005628921979,0.0,-0.15874787129465368
1785948243505517335,22.11834190311686,1.7844544275838568,-2.5108033312053695,0.5140726522545545,0.0,-0.15873613651336763
1785948243540548011,22.09725736942024,1.7690057970519157,-2.5141849840160506,0.519901149831509,0.0,-0.09801548910684788
1785948243590162066,22.07621042431427,1.7537435459947859,-2.5190855299110826,0.5199069647346886,0.0,-0.09800990817858635
1785948243651024935,22.05585947709595,1.7390917707026492,-2.5195119508393593,0.507670044892581,0.0,-0.03836048754208438
1785948243705286840,22.03392235353421,1.7225447460683192,-2.522118616092771,0.5076578321838626,0.0,-0.03835500448263297
1785948243756363306,22.013326830346397,1.707005708535436,-2.523124424564191,0.49000167699307884,0.0,-0.020243353254151476
1785948243792136660,21.99336366863871,1.6927999392650046,-2.5241365406111598,0.48998405831439207,0.0,-0.020241688646173487
1785948243844445675,21.97225986098537,1.6778069803454205,-2.5244506753421105,0.495367643153113,0.0,-0.010654407133830292
1785948243907650535,21.950954541026636,1.6614863892024432,-2.52582998090615,0.49537301565738606,0.0,-0.010653525927788333
1785948243957786941,21.92791729924785,1.6439342948075648,-2.527269951877209,0.5173433630623843,0.0,-0.01597798832068938
1785948243991767089,21.906774261066527,1.6290205707820118,-2.5280690286823293,0.5173652593877963,0.0,-0.01597847706962127
1785948244045186281,21.88503805015206,1.6137540639109982,-2.532638513572341,0.524948826337329,0.0,-0.06603719283348074
1785948244110351231,21.863105729009135,1.5972796963591924,-2.5357504406120532,0.524956393087502,0.0,-0.06604179319780552
1785948244157467131,21.84215506952697,1.5818645224047143,-2.543516142109857,0.5065999269376364,0.0,-0.12675529460623447
1785948244190018117,21.821209967096483,1.5675943053215957,-2.5498587745786736,0.5065815811055836,0.0,-0.12676088331606913
1785948244241772043,21.800759796910786,1.553933384142296,-2.5641400436434045,0.49360030274540323,0.0,-0.23114321694679718
1785948244292243883,21.780283130473116,1.5405921942651064,-2.5755864559773105,0.4935873636606115,0.0,-0.23115279966979105
1785948244356422340,21.755653335320893,1.5248568954819177,-2.593194404647138,0.5047369059349305,0.0,-0.2865459413024745
1785948244406972134,21.731888739051232,1.5095943762281978,-2.608582844495266,0.5047480321263884,0.0,-0.2865510325268535
1785948244440663922,21.7098403299414,1.4966101857169791,-2.625545514978206,0.5094402492645539,0.0,-0.32170340782177065
1785948244495325775,21.68696476523662,1.483632308090928,-2.6421539021524185,0.5094449324610433,0.0,-0.32170663925986004
1785948244540822939,21.665111209826396,1.4717057893983743,-2.6574905753753675,0.5126905245251563,0.0,-0.3185146172124778
1785948244604360480,21.641074612883823,1.4585129406473325,-2.6741306816450092,0.5126936605375747,0.0,-0.3185143331581149
1785948244656428336,21.617242870000332,1.4457757113063705,-2.6904029577626503,0.5119766844430302,0.0,-0.31744899714018027
1785948244690109660,21.594207300071957,1.4346144440146773,-2.7062743747775455,0.5119759454562793,0.0,-0.3174488960005761
1785948244755463223,21.56732898854467,1.4221172247430145,-2.7250294505331043,0.5047735835040228,0.0,-0.31744879486036254
1785948244794068086,21.548440190489703,1.4137597657989234,-2.7380198828211553,0.5047663951668865,0.0,-0.3174487948510653
1785948244859527956,21.521583054859637,1.4031001152235698,-2.755230039282522,0.5144820166793712,0.0,-0.3025377407553956
1785948244905244967,21.496600046876573,1.3928735407854922,-2.7712705333449703,0.5144914036194467,0.0,-0.30253641393086933
1785948244952024409,21.468769955715512,1.3820882338180698,-2.7907899625052357,0.5159411199925954,0.0,-0.32703166939355716
1785948244990448466,21.448294818607874,1.3745955977703828,-2.8046100628474098,0.5159425665413514,0.0,-0.3270339205656543
1785948245060631997,21.41781708488942,1.362684190417104,-2.8238158900481536,0.5476326229312326,0.0,-0.33875198537883705
1785948245107267883,21.389176135751352,1.3515726611903445,-2.8417358606596923,0.5476634858257846,0.0,-0.33875303643840393
1785948245139680945,21.36349378172209,1.3436352682844495,-2.8586627895563943,0.5412128693926739,0.0,-0.3387540874933122
1785948245191464152,21.337504148751304,1.3360793362918415,-2.875604174845057,0.5412064322096765,0.0,-0.3387540875899166
1785948245242534282,21.311421516221664,1.3289394391251987,-2.8889235609139203,0.5375992040916054,0.0,-0.28869587031945443
1785948245292021196,21.285644055856306,1.3222840269318181,-2.9032199083307733,0.5375956025496345,0.0,-0.2886912670392614
1785948245359898163,21.258051228788617,1.313638875957717,-2.914675977748192,0.5307504933030728,0.0,-0.24395377967797474
1785948245406897228,21.230674468133753,1.305576305313794,-2.9270921999488753,0.5307436614416942,0.0,-0.24394966716647207
1785948245440182252,21.20172333515722,1.2992110523480982,-2.9343325459079734,0.5721460840917079,0.0,-0.1779112928965054
1785948245489450600,21.17371266116659,1.2933209213569312,-2.9432307079894233,0.5721874013975301,0.0,-0.17790522302645254
1785948245544106820,21.14330203058632,1.2871184195365333,-2.9436566694495268,0.6046359722371086,0.0,-0.06500188668628105
1785948245591988439,21.11365922293532,1.2811731557044603,-2.9469051748241113,0.6046683496976728,0.0,-0.06499151066967387
1785948245657268497,21.084958907810805,1.2700263942189483,-2.9424678800823125,0.6227047419049251,0.0,-0.020248253401807755
1785948245705160100,21.056762705118654,1.261264239987455,-2.941160177253993,0.6227227495695861,0.0,-0.020244138945384488
1785948245740215672,21.027299669601184,1.2552711344976337,-2.9415286943941616,0.6086976074111521,0.0,-0.011719475338555779
1785948245789572855,20.997468805200853,1.2492221299780268,-2.9421146634915383,0.6086836191065392,0.0,-0.011718692249077935
1785948245856167672,20.967682363157788,1.2431945235685986,-2.942141257950823,0.6083095515439989,0.0,-0.00426242892876626
1785948245908613715,20.939606672189008,1.2344774233368732,-2.9399661099428105,0.6083091781626616,0.0,-0.004261743439357398
1785948245961549276,20.908808775833485,1.2264378881032958,-2.9397768530365687,0.6270329776864552,0.0,-0.015976811826311846
1785948245989924490,20.878850023520712,1.2203082977246154,-2.9405560913533897,0.6270516657612395,0.0,-0.015977888768290253
1785948246045560036,20.84398654766811,1.2132094649378986,-2.9420090430436274,0.6792821131278118,0.0,-0.024499515828629234
1785948246090393372,20.810956554665804,1.2065282669156963,-2.9432243174933923,0.6793342051463077,0.0,-0.024500298620442087
1785948246160734284,20.77719906651803,1.2018902651105061,-2.9463564372241255,0.6657032295935612,0.0,-0.023436013686604324
1785948246215222467,20.744817938524243,1.1965356357601125,-2.9485756102599905,0.6656896272511438,0.0,-0.023435915868008632
1785948246245653262,20.715654618863365,1.1908678342111998,-2.9523162466074813,0.6192252420876799,0.0,-0.057518038671119195
1785948246292635782,20.685299193587372,1.1850526840531266,-2.9551880753223077,0.6191790634589657,0.0,-0.057521158429939774
1785948246360980699,20.657654706742708,1.181963003878343,-2.959749828628086,0.5824049276453483,0.0,-0.05965441593020123
1785948246410955500,20.629236806042815,1.1780715655047191,-2.9636990794962927,0.582368096993629,0.0,-0.0596546127142213
1785948246443555032,20.601357352469343,1.1730742448829559,-2.9681186779093127,0.5718889521080152,0.0,-0.0788260392917197
1785948246490747734,20.5731886479851,1.1681381029230458,-2.9720608600079275,0.5718784936700233,0.0,-0.0788278015609283
1785948246544615931,20.54182843528554,1.16279353889177,-2.978865472912882,0.6100365386256554,0.0,-0.11610696446153099
1785948246606174406,20.512265424665557,1.1595611544956241,-2.9859770113793562,0.610074624407707,0.0,-0.11611039150665042
1785948246658898313,20.477059445162844,1.1549422273753374,-2.9959472022013145,0.6760074744523469,0.0,-0.15871656451529914
1785948246690851457,20.44411019676764,1.1501090469762398,-3.0037645361675454,0.6760732713661912,0.0,-0.15872048060811533
1785948246744193623,20.408428553341,1.1451513310962451,-3.0114850985832042,0.6991842371863514,0.0,-0.15446411835913154
1785948246791062155,20.374236087766143,1.140677339668061,-3.0191026163646146,0.6992072998899033,0.0,-0.15446372715137371
1785948246855391016,20.340888498348487,1.1373711918483917,-3.0280324563061143,0.6848271111513228,0.0,-0.15872361432766502
1785948246904791368,20.30723551020058,1.1338124988317928,-3.036481747104287,0.6848127617649978,0.0,-0.1587240058382885
1785948246939717625,20.275823399854872,1.1304592983235353,-3.04034378788906,0.6495105355676799,0.0,-0.10440589772331325
1785948246989785293,20.243253561470883,1.1271503254517035,-3.0456062778126336,0.649475304200319,0.0,-0.1044009048693991
1785948247059705041,20.20840087327877,1.1238082859316276,-3.046785867503168,0.6393576606573845,0.0,-0.0330362104777981
1785948247104593834,20.176921998881372,1.1204027507979477,-3.04910540834898,0.6393476458507419,0.0,-0.033029704434021326
1785948247140826690,20.144380594817157,1.11736252678159,-3.0488129871586045,0.6486996103972958,0.0,-0.007461579538041944
1785948247190530923,20.112064371696864,1.1143555972998895,-3.049185994138808,0.6487089981504487,0.0,-0.007459215583514905
1785948247241592221,20.07645013796375,1.111048672656356,-3.0489995265255265,0.6840063366854017,0.0,-1.3701818562857765e-06
1785948247305134146,20.041388554663737,1.106003103063583,-3.0492491308533065,0.6840415381433764,0.0,-6.851538560318018e-07
1785948247362350987,20.003081928828006,1.10072557885126,-3.050437922376414,0.7154037090744957,0.0,-0.013845891530791923
1785948247389415602,19.96800786485682,1.0975195286735375,-3.0511196579352933,0.7154350192678346,0.0,-0.013847164612155682
1785948247440306718,19.930379897289985,1.0940937692047052,-3.050848582343722,0.7421123105867118,0.0,-0.0010676130654823281
1785948247488854309,19.8934207259411,1.0907307031367206,-3.050901819951538,0.7421389233846749,0.0,-0.001066438868624408
1785948247554281475,19.856352511589332,1.0798664883886135,-3.046410276143912,0.7711375630455991,0.0,-0.006390607882484645
1785948247604762179,19.819356825418858,1.071994895780791,-3.0439899194876414,0.7711737288709418,0.0,-0.006391097264177991
1785948247641332517,19.779743110982796,1.068128531725101,-3.045188474375146,0.7875936087089058,0.0,-0.018107340578298638
1785948247690828008,19.74054849119791,1.0643382610848462,-3.046093877866562,0.787609992755153,0.0,-0.018108417600252974
1785948247743856532,19.70170569211536,1.0606038871803267,-3.045962903493141,0.7775441033150688,0.0,-0.004263602928824906
1785948247804110200,19.664176557507623,1.053104227609815,-3.0439017182648187,0.7775340589134061,0.0,-0.004262330493317148
1785948247855016101,19.626254609295565,1.046782928074926,-3.043782022411191,0.7771639332814968,0.0,-0.019172025790776155
1785948247890629482,19.5875605399914,1.0429861264233722,-3.044741331357158,0.777163564812956,0.0,-0.01917339287379446
1785948247941668763,19.547894764579418,1.0391382906987916,-3.046178808174649,0.7904861222565313,0.0,-0.025565169146037577
1785948247994398014,19.508536523612914,1.0353715325892272,-3.047457531711421,0.7904994478945386,0.0,-0.025565757990455535
1785948248059385743,19.471815876470572,1.0297818330895827,-3.0449207412678305,0.795913978144342,0.0,0.006385713180579688
1785948248107308387,19.43441785407664,1.0249008389541032,-3.0437740200698187,0.7959193810125146,0.0,0.006388649688306888
1785948248149425418,19.389820858546916,1.020551892924084,-3.04539307849886,0.80276640200614,0.0,-0.01810501982562932
1785948248191534801,19.354604278515158,1.0171535915610508,-3.04619127725226,0.802773192459587,0.0,-0.018107257118556475
1785948248255488323,19.3178373210487,1.013057496277904,-3.047983411228061,0.7894568061000219,0.0,-0.03195540297899486
1785948248306528627,19.280264583799816,1.0090066391763952,-3.04947989959381,0.7894436060814387,0.0,-0.0319566672823479
1785948248340373124,19.24183590698593,1.0055036954537075,-3.0545922282656517,0.7775477733080667,0.0,-0.07882094387304064
1785948248390459417,19.20296652573813,1.0021135067986062,-3.058548112936421,0.7775358957481019,0.0,-0.07882525361722416
1785948248446353946,19.164334073711192,0.9989507003780165,-3.0665402043706735,0.7778841002402306,0.0,-0.13314810871020655
1785948248508328433,19.12563401220126,0.9977688670794848,-3.074661877434531,0.7778844464163908,0.0,-0.13315308286363844
1785948248558355684,19.086733269914834,0.9959193285032871,-3.0832742636913215,0.781485571699271,0.0,-0.14806899838414841
1785948248589891760,19.047470976517413,0.9936270177606418,-3.0907260918844064,0.7814891790125144,0.0,-0.14807037456434113
1785948248640948481,19.008852959300533,0.9916737909790411,-3.0990377049872406,0.7793322714021739,0.0,-0.16085260013935385
1785948248689679981,18.969909940039503,0.9900155779757643,-3.107082949207288,0.7793301321372463,0.0,-0.1608537677860321
1785948248757151080,18.92858081972626,0.9889539786831956,-3.11574673057152,0.7750070918148381,0.0,-0.15339946040618643
1785948248804230403,18.887652923841728,0.987595139118367,-3.124116097941623,0.775002751567082,0.0,-0.15339877109697575
1785948248841538779,18.848450357255388,0.9869107176238685,-3.1319455634627444,0.7811197583353346,0.0,-0.15552821338663872
1785948248889940989,18.809389634345486,0.986533879505009,-3.139723151225955,0.7811258644679713,0.0,-0.15552840916745936
1785948248939461665,18.77052159838328,0.9864773190437357,3.1344872468425358,0.7786114142110874,0.0,-0.17150463019697887
1785948249004456433,18.73164103184965,0.9835592803505925,3.127535451444107,0.7786089050883831,0.0,-0.17150609854716425
1785948249055099447,18.69247143255808,0.9820195341630229,3.1202661706152703,0.7818471239029182,0.0,-0.16724730334785515
1785948249089851842,18.65297268677311,0.9828620273520684,3.111815087572418,0.7818503549222945,0.0,-0.1672469119695264
1785948249144229367,18.610913198665397,0.9841306149145369,3.1016320839639495,0.7814934990824244,0.0,-0.1821575009521112
1785948249191697981,18.574861529605137,0.9855720331164102,3.09322194448486,0.7814931466695955,0.0,-0.1821588571475255
1785948249256736751,18.535803467607785,0.9841304670208412,3.087191210863657,0.7760915231319222,0.0,-0.16298896111441646
1785948249304368635,18.49624591395022,0.9841370313025543,3.0799042786283626,0.7760861664347704,0.0,-0.16298721020218007
1785948249348470621,18.451786549423908,0.9868906594384408,3.0700019383617256,0.7796815268348968,0.0,-0.1704409278215922
1785948249389414305,18.418293058349825,0.9892925863598305,3.062661361367933,0.7796851534857047,0.0,-0.1704416203243799
1785948249448139031,18.37957932336018,0.9923468390771073,3.054736325375075,0.7789686156401329,0.0,-0.16298680119057085
1785948249506782699,18.3399003441449,0.9940761144489164,3.047165889005039,0.7789679153205425,0.0,-0.16298613014073074
1785948249560706289,18.300357818584352,0.99658215867324,3.040243134252324,0.78112768885651,0.0,-0.15126969885489036
1785948249595100754,18.26150291092173,1.0005336178607,3.0326800425329754,0.7811298455949958,0.0,-0.1512686212441152
1785948249641570971,18.223558514913748,1.0045689419200836,3.033979720756958,0.7692493758184942,0.0,-0.03304497118497955
1785948249704285992,18.184952031255364,1.0076133735047614,3.0326925009972903,0.7692374984861218,0.0,-0.033034085196896955
1785948249758297906,18.14431811850593,1.0111569039833117,3.0335955698370647,0.7951515155063946,0.0,-0.0021361992830936476
1785948249790314316,18.105079057774397,1.0154111503386443,3.0334898979139613,0.7951773305123858,0.0,-0.0021333643576532777
1785948249840794156,18.066151973391488,1.019641118825823,3.032983350032702,0.7872813909617219,0.0,-0.007455870875571535
1785948249889410069,18.02688023586216,1.0239232477183748,3.0326091557057366,0.7872734968076421,0.0,-0.007456360988559837
1785948249962682492,17.988575125200637,1.0260739814656383,3.033098948807269,0.7786236152671386,0.0,-0.008521920397711541
1785948250007233388,17.949907301081158,1.0289537016197337,3.033219200271154,0.7786150116761696,0.0,-0.008522018013808731
1785948250040795124,17.9123008114532,1.033033793324951,3.0336708678321886,0.7638432074810202,0.0,0.003193631890411719
1785948250093870978,17.874121619752113,1.0371702268094867,3.0338315723852767,0.7638284140721159,0.0,0.003194712529480821
1785948250143776081,17.83492190534986,1.0414241695049091,3.0329557857283387,0.7832581983668407,0.0,-0.010650113500840528
1785948250205004081,17.79605075721788,1.0471664298454744,3.0313516145788753,0.783277479859944,0.0,-0.010651378914621685
1785948250259540810,17.7555467450893,1.0523478324211035,3.029215805759104,0.7832967609202536,0.0,-0.023433454782183987
1785948250290997844,17.7177250111592,1.0566161068522066,3.02807698328307,0.7832967802705519,0.0,-0.023434636297583255
1785948250339905573,17.680995688208373,1.0607847442412968,3.028365077307634,0.7613312318567365,0.0,-0.004264529763003712
1785948250408796426,17.645423968663103,1.0692350764175726,3.025745911185379,0.7613096367567294,0.0,-0.00426279395063841
1785948250456698206,17.611455492316633,1.0756689808192765,3.024850230466953,0.735362902229274,0.0,0.004259470951269891
1785948250491487626,17.574793914413636,1.079968492943863,3.0250641600550194,0.7353366774134905,0.0,0.004260264313719854
1785948250542990441,17.55088192247209,1.0827864365718014,3.0236789376050135,0.5657116623431542,0.0,-0.017040324992765282
1785948250591233383,17.52281651041308,1.0861111792660172,3.0228267613807205,0.5655428051570063,0.0,-0.01704227796509822
1785948250659836003,17.493321944160694,1.0912277482536537,3.0232644572735805,0.602462338141219,0.0,0.012777698657657807
1785948250709179906,17.464002394771725,1.0956850048384301,3.023317490414417,0.6024991317764923,0.0,0.012780435813408752
1785948250748232333,17.43154341747259,1.0995564309109345,3.0225254433432815,0.6425055386971312,0.0,-0.006388092081982226
1785948250791867458,17.399640388066747,1.1033730921479825,3.022205818549298,0.6425451304883867,0.0,-0.006389839249648548
1785948250870507881,17.368106732017843,1.1086094908632156,3.0208245783124066,0.6573476224387147,0.0,-0.00958678431156101
1785948250913665519,17.33413639029075,1.113664605488915,3.0197603752737274,0.6573625963915496,0.0,-0.009587082179908148
1785948250940724309,17.299627006476317,1.1178898013550547,3.0191678221728258,0.7207613665270333,0.0,-0.011717547110217925
1785948250992096304,17.263841600745735,1.1222928395385432,3.018581758470141,0.7208198344628248,0.0,-0.011717728047598462
1785948251056128932,17.231542793666158,1.1283212589381766,3.017276119418895,0.6949567112766224,0.0,-0.005327593595019641
1785948251110215056,17.19822948571926,1.1336496503185618,3.0163212575119953,0.6949287852232386,0.0,-0.005326958000670718
1785948251142252715,17.166150949211666,1.137672158892418,3.0175960119195704,0.6491703406803048,0.0,0.01490999343560384
1785948251190691918,17.13505821063643,1.1415474259146603,3.0183160301309506,0.6491248174772505,0.0,0.014911847739695892
1785948251243363952,17.105250567908517,1.145262553660732,3.0170453337350245,0.6173923158722493,0.0,-0.011713004016327409
1785948251304391755,17.074797110063635,1.1492965110325069,3.016125449966375,0.6173605831258686,0.0,-0.011715456290134534
1785948251354661349,17.044320278775036,1.153142097115072,3.0170834781769833,0.6173288621585097,0.0,0.011713600815357758
1785948251389832189,17.013639866319004,1.1569819462979591,3.0176704395595184,0.6173288304963421,0.0,0.011715754717503673
1785948251441342236,16.979960996469234,1.1611858948554195,3.0174574068817095,0.6590982891685158,0.0,0.001067219021595022
1785948251504444468,16.94702133664998,1.164956174580328,3.0173476533411034,0.6591399064620003,0.0,0.0010662418284676954
1785948251559553662,16.910321135389136,1.1691016749947025,3.0169867332051896,0.6861874891752805,0.0,-0.0031950090287266733
1785948251601556994,16.8789941092649,1.1730255346727552,3.0171700754774826,0.6513308994016535,0.0,0.0095850363330513
1785948251643291646,16.84514419662523,1.177259095950777,3.017672236581562,0.6512875035534965,0.0,0.00958620811096448
1785948251692436086,16.81520275520712,1.1809885651393384,3.017684175946342,0.6195568610550164,0.0,-0.007453724462269613
1785948251762390203,16.780489465977247,1.1803656663020476,3.020031235309765,0.6195252638763276,0.0,-0.007455287683623102
1785948251804554467,16.75395492749128,1.1805265444107609,3.021718833787482,0.587085563337275,0.0,0.0053240036532018215
1785948251840069382,16.72481568290197,1.1840364025953707,3.0219851057951472,0.5870536137665576,0.0,0.005325162861374974
1785948251888915253,16.695126182826687,1.1876045234464598,3.0222780272970344,0.6089865646683755,0.0,0.006391390689308573
1785948251960500810,16.66701841444381,1.1879400809363614,3.024497500229285,0.6090084553567356,0.0,0.006391488703565687
1785948252005880371,16.637475314118387,1.1896623597378202,3.0255248904077687,0.6381977253284892,0.0,-0.008519413833211096
1785948252058286060,16.601990415709267,1.1937996098193642,3.0250479091820823,0.638226435782066,0.0,-0.008520764618122697
1785948252107952180,16.57406611790174,1.197068852079259,3.024939007571141,0.6569793514972045,0.0,0.0010635037354544546
1785948252153982416,16.53761301730541,1.2013406327421632,3.024998491350064,0.6569980520382636,0.0,0.0010643840148564622
1785948252189196297,16.509441289883142,1.204640262095052,3.024611146792697,0.6323626324191176,0.0,-0.014910808038180508
1785948252264456812,16.47921207499619,1.2064343159446465,3.0250794442312694,0.6323323540286193,0.0,-0.01491225507982327
1785948252308208900,16.452005530898642,1.2087071723105633,3.0253945808190528,0.6139907691852419,0.0,-0.0021327952075649043
1785948252357276058,16.422562191129693,1.2121439121826132,3.0252916912206858,0.613976055969051,0.0,-0.0021316621602232503
1785948252394452398,16.39167613343426,1.2157522754838668,3.025056575735651,0.630005567207425,0.0,-0.007455838399961386
1785948252442496166,16.360401270346696,1.2194135146682092,3.024683904575625,0.6300262536199938,0.0,-0.007456344747730027
1785948252504487933,16.332901160605637,1.2209919076158184,3.025819608503197,0.6557112425391148,0.0,0.0042589032714912475
1785948252560381087,16.304040673925872,1.2234767983297248,3.0267010818829707,0.6557326084229995,0.0,0.004259980448641951
1785948252590971630,16.270291462154844,1.2273714446842585,3.0276600123385995,0.7031045374924613,0.0,0.03408297981941447
1785948252642480909,16.235358851385023,1.2313687187421978,3.0293644537307167,0.7031518194378567,0.0,0.03408572095332271
1785948252713888125,16.202763554516498,1.2346793534750409,3.0323788842170325,0.7287648283121364,0.0,0.07988641161989862
1785948252758938939,16.16900669820118,1.2380835048767853,3.0364866467008165,0.7287903928982249,0.0,0.0798906220562178
1785948252791129691,16.132990811848842,1.2418829729641017,3.041705009883288,0.7208941702192798,0.0,0.12888799067552353
1785948252854432633,16.096206877545065,1.2455694972543965,3.0483149719634066,0.7208862921865874,0.0,0.12889249311343762
1785948252891603181,16.061365880767553,1.2488288386292608,3.054702444169734,0.7161973775367745,0.0,0.13315727419540502
1785948252970044590,16.02970324152671,1.2509218754507383,3.0619611890079095,0.7161927002156121,0.0,0.1331576660257421
1785948253005802520,15.997051563221492,1.253222890393467,3.0690044119072817,0.7298710491148201,0.0,0.13528818933104003
1785948253041522496,15.960613193616432,1.2558725451795119,3.0757762504163777,0.7298847074824346,0.0,0.13528838527354672
1785948253091232394,15.922877978224156,1.2583597612200115,3.0832292345742762,0.7835504165093089,0.0,0.16298036962431414
1785948253163942208,15.882165774359345,1.2603213862849667,3.0926064151440875,0.7836039540394035,0.0,0.1629829140633783
1785948253207436017,15.849123019361475,1.2616595703499551,3.0997606644138385,0.823627559459456,0.0,0.15552995594212402
1785948253241295042,15.807980590633619,1.263381653082949,3.1075359831058407,0.823666941138733,0.0,0.15552928052441842
1785948253292861378,15.765878009061217,1.2648161275861562,3.114299199793978,0.8615147667406855,0.0,0.1150560010129115
1785948253340315048,15.722808848108055,1.2659919361767091,3.1200526063902676,0.8615525502527769,0.0,0.11505227960861623
1785948253414377703,15.682487905870806,1.2670111560821882,3.1238805444949356,0.8324237478506387,0.0,0.0447540194455148
1785948253462235033,15.637253829620288,1.267869172526318,3.126305376539878,0.8323947010664301,0.0,0.04474756295993602
1785948253489456453,15.602248931810802,1.2684043310537336,3.1282249532360575,0.7869941074145138,0.0,0.04367603391059582
1785948253540765822,15.562892582369583,1.2689304640258439,3.13040950298473,0.7869494856548616,0.0,0.043675936914564124
1785948253604017082,15.52790798637824,1.2698332760687983,3.131954029166875,0.7703412167737251,0.0,0.035155295858480956
1785948253661043710,15.49122499240403,1.2704644882780074,3.1335329451821288,0.7703246278778667,0.0,0.03515451199059407
1785948253690625839,15.45504232800627,1.2707561065657684,3.135503847352893,0.7328594928697824,0.0,0.0458044167658752
1785948253741116208,15.418395442497546,1.2709792422692419,3.137794606292421,0.7328221815107023,0.0,0.045805393631108075
1785948253800028332,15.381377360621164,1.2711198534736818,3.1387574678267747,0.7111789574347727,0.0,-0.009577452106832453
1785948253857757348,15.349552852314623,1.271284405814896,3.1381670874584398,0.7111578962772297,0.0,-0.00958241566041333
1785948253919887327,15.316499762074116,1.271444365321914,3.139344849125348,0.707536225673529,0.0,0.06177188402923195
1785948253950743191,15.281135891800158,1.2715238506141129,-3.1407524616671214,0.707532519499662,0.0,0.06177860967254353
1785948253992309197,15.2466698575056,1.2714948975401352,-3.1388292505268174,0.6686400041261734,0.0,0.014922304408705477
1785948254056984789,15.21322945377602,1.2717236428252827,-3.1383793317119983,0.6686012468550918,0.0,0.014918003790931793
1785948254107826144,15.182162862251445,1.2717493890637885,-3.1376694063026016,0.6296738388575344,0.0,0.021304113981137733
1785948254141208707,15.150693664808284,1.2716259258042326,-3.1366045389897086,0.6296349557810663,0.0,0.02130470149625417
1785948254189076597,15.118559682699507,1.2714656399764865,-3.135619065523825,0.6555218589462991,0.0,0.01811008232567794
1785948254240914110,15.085743266372342,1.271269606774409,-3.134712506918772,0.6555477009352987,0.0,0.018109788599966318
1785948254305384799,15.053740440645287,1.2710130855845643,-3.1340651133862356,0.6872606417725005,0.0,0.008523877943869117
1785948254356849021,15.020648821526915,1.2707443149380901,-3.133651080542257,0.6872922889755546,0.0,0.008522996876819674
1785948254390025817,14.985832152445704,1.2704678061619954,-3.132852054182844,0.7056880449385274,0.0,0.02343307672079169
1785948254441761247,14.949939719905727,1.2701540759360812,-3.131660106884684,0.7057064039451422,0.0,0.02343444725012081
1785948254504738548,14.91692768449051,1.2654645823813166,-3.127698982104848,0.6877207109887936,0.0,0.015980335983659857
1785948254570440281,14.883053204504966,1.2627474604812823,-3.1252397927616387,0.6877027665753718,0.0,0.015979651008924033
1785948254591168163,14.84977311974441,1.262203183213502,-3.124563301674185,0.6686006158824582,0.0,0.011718693435565669
1785948254641317754,14.816296483821697,1.261633042683971,-3.123976469373817,0.6685815272060386,0.0,0.011718301261738964
1785948254695827218,14.783878315697278,1.2610618983634405,-3.1235239676403475,0.62859337012806,0.0,0.006392564377230437
1785948254755360608,14.75315449951652,1.2574602218459596,-3.121206183516303,0.628553524029217,0.0,0.006392075601399624
1785948254804283570,14.72373000282807,1.2550177154421691,-3.1182650782721546,0.5745016455130665,0.0,0.06071007934197554
1785948254839648976,14.694999061741164,1.2543473630611646,-3.1152273254967158,0.5744476738344884,0.0,0.06071507480980501
1785948254890378488,14.667219936935512,1.2536147935284048,-3.1138173563910074,0.5373053735685213,0.0,-0.004249120775661794
1785948254941516299,14.639958489296127,1.252857406694056,-3.114033503203549,0.5372683272187602,0.0,-0.004255088751476957
1785948255003486914,14.612947852381673,1.248314965739991,-3.111434820050843,0.5851219987902353,0.0,-0.005326125394595491
1785948255059337282,14.584275520528239,1.2455675482847703,-3.110086639230128,0.5851697492502558,0.0,-0.005326223828185633
1785948255089655626,14.55340007345385,1.2445944711985168,-3.1100065773543184,0.6503920705006535,0.0,0.008519569965405819
1785948255140478100,14.52089087726532,1.2435672907333832,-3.1095804912342704,0.6504571637348937,0.0,0.008520842689598023
1785948255204885684,14.488757761094837,1.243556583020542,-3.1087140309337293,0.6368392003876182,0.0,0.03940910387053394
1785948255257359407,14.456968167588816,1.243324262238133,-3.1069559025370905,0.6368256115203302,0.0,0.039411942712871
1785948255291710543,14.428288156520685,1.2423304743203136,-3.1059434876155785,0.5111438233072032,0.0,0.0010723112073570823
1785948255341711169,14.402471539485843,1.2414097424525063,-3.105889539706194,0.511018432157698,0.0,0.0010687881554307162
1785948255392486410,14.379385436019547,1.2405851420053406,-3.1056483299530386,0.4262741963626867,0.0,0.00852074494698702
1785948255463388363,14.35796839542139,1.2423857753208356,-3.106482784502585,0.42618958369370136,0.0,0.008521430234364595
1785948255506049506,14.337413620317898,1.2435354897072237,-3.106710184335502,0.39369775193825723,0.0,0.015977594455373542
1785948255541616646,14.3177353050634,1.242848782781585,-3.1059109348540446,0.3936653110652157,0.0,0.015978280118772347
1785948255593161798,14.298402026331928,1.2421586429656348,-3.1048985539344884,0.3799497793859789,0.0,0.024499516028287212
1785948255643529827,14.279418041691518,1.2414617292044083,-3.103673499374941,0.37993610131960753,0.0,0.024500298720286112
1785948255705798723,14.260370482709392,1.2425695431153803,-3.105580025719127,0.3561475956708248,0.0,-0.00638023296574778
1785948255759983537,14.241517621057644,1.2427443467640868,-3.106831815975424,0.35606872372576737,0.0,-0.006385908807384741
1785948255788940368,14.220354731003926,1.2419994014268017,-3.105873499660884,0.4010145381780991,0.0,0.010649512195088383
1785948255841661779,14.200308561637748,1.241283062998897,-3.1053407336925165,0.40105190325740003,0.0,0.010651078233438126
1785948255904653993,14.174763953605526,1.2427325705810157,-3.105756142833224,0.495550367565242,0.0,0.019173193339711767
1785948255955016485,14.15135259313604,1.2433506229382218,-3.105694987451398,0.495644694359081,0.0,0.01917397670160872
1785948255990957044,14.126905747115037,1.2424852159455284,-3.1062544759712067,0.4914180388255249,0.0,-0.0010615439624851522
1785948256041122827,14.10234017407915,1.2416167565812897,-3.1063078085372138,0.4914138205371919,0.0,-0.0010634040382332928
1785948256090256899,14.081090172389708,1.240860155735643,-3.1055624160384188,0.4474797508096352,0.0,0.00958542287972522
1785948256158510389,14.06048083506997,1.2413754939088448,-3.105807163967142,0.44743591856307624,0.0,0.009586401401821282
1785948256207758449,14.043384217199929,1.2416829950122317,-3.1060519082911564,0.40735117980725255,0.0,0.006392162690842437
1785948256241439453,14.023043709782922,1.240959775463144,-3.105732463184448,0.4073021485316508,0.0,0.006391874739303877
1785948256290038917,14.004339021179712,1.2402816383797284,-3.1043809570712497,0.38519153117110183,0.0,0.020237427437729258
1785948256362334735,13.987115770826401,1.2406357375151151,-3.103989812662939,0.3851727784858704,0.0,0.020238725463255544
1785948256404126477,13.966426522168854,1.2405382830308886,-3.1030246065047185,0.4271034015162172,0.0,0.024500297986846893
1785948256444213047,13.944850885790876,1.2397057426555673,-3.1017862761526063,0.4271452581338638,0.0,0.024500689735449204
1785948256492325617,13.921048320809035,1.2387599983141988,-3.1007327024584264,0.4631959158365436,0.0,0.02237094013219075
1785948256541511531,13.89790276383504,1.2378137496739827,-3.0996141476650814,0.4632315203320348,0.0,0.022370746405785513
1785948256605487197,13.874678945957713,1.2375578935418603,-3.0988056125903296,0.48019056590321374,0.0,0.022370552680125808
1785948256656684819,13.851687006694267,1.2371485002143525,-3.097882352073758,0.4802076687215492,0.0,0.02237055266213136
1785948256689090136,13.831462392917407,1.2362646681338254,-3.097003889796334,0.4301735792185196,0.0,0.019175347725591166
1785948256756770425,13.807098369061565,1.2351775821579913,-3.095916507817616,0.43012364000730313,0.0,0.01917505399356748
1785948256790034104,13.789716996719138,1.23439149616075,-3.0963918388350455,0.412065176758039,0.0,3.084556373322833e-06
1785948256854898437,13.77305643402606,1.234399934005402,-3.0975718587547183,0.4120494019785076,0.0,1.542402244374232e-06
1785948256908032373,13.754943457707482,1.2338160728973904,-3.0982269208643136,0.42283299712373856,0.0,3.238777291891979e-10
1785948256942160878,13.733709532159574,1.232894669602788,-3.0982269208677553,0.42284528774312263,0.0,1.6195586855682117e-10
1785948256992177888,13.710323446057977,1.2318737027075235,-3.0973513372875363,0.45490518556612747,0.0,0.011715769710042985
1785948257044904548,13.687608863581271,1.2308681232215852,-3.0967657346392823,0.4549369633142391,0.0,0.011716839265228384
1785948257110087514,13.669762884748396,1.2314980540988474,-3.096093857712533,0.4690116866860336,0.0,0.01597817706754803
1785948257158854983,13.651358396509229,1.2320211437717963,-3.0954744501273974,0.46902582933716136,0.0,0.01597857145141516
1785948257190648155,13.62852030210629,1.2309651439008562,-3.094435622559776,0.46111820054203967,0.0,0.01917417249553748
1785948257250225930,13.60488841841478,1.2298499061889467,-3.0934517916114093,0.46111030628468935,0.0,0.0191744663245162
1785948257312160192,13.584955237988005,1.2282543810785627,-3.0933264585585474,0.4474186433573969,0.0,3.432979581163842e-06
1785948257358961298,13.566180242832651,1.2269997183787853,-3.0929823502613725,0.4474053340129152,0.0,1.7166434637500811e-06
1785948257390124883,13.544517748975046,1.2259329223783877,-3.091289787206695,0.43839045716410446,0.0,0.02236633854248887
1785948257442484427,13.522629554982904,1.2248309478810475,-3.090171330358321,0.4383812370575505,0.0,0.022368445394817145
1785948257491697830,13.499837957114167,1.2236401331231181,-3.0865746409009835,0.4502546771490335,0.0,0.05538768063554168
1785948257560893620,13.482306838500289,1.2223126381664802,-3.083713716907288,0.45026652742295636,0.0,0.055390715894058896
1785948257605599016,13.461678103362695,1.2208197711582254,-3.079932466770568,0.4801650735632918,0.0,0.06817457497748039
1785948257641963460,13.437717245330976,1.2193404728012942,-3.0765243730810483,0.480194910012586,0.0,0.06817574997190504
1785948257689495948,13.412163376839775,1.217679772227835,-3.0734350646640376,0.501469486081481,0.0,0.06391664666564574
1785948257757801696,13.390443772779223,1.215868308451641,-3.069996203788532,0.5014907173435469,0.0,0.06391625518538743
1785948257806013756,13.369184933463226,1.2141243240751776,-3.065462439975061,0.48818897826793495,0.0,0.07989189636536795
1785948257843805090,13.344480470274144,1.212239916725081,-3.0614073638565733,0.4881757045423608,0.0,0.07989336468108671
1785948257889516373,13.321863820276878,1.2104219170631323,-3.057630815174561,0.46998675058062817,0.0,0.07776468806490786
1785948257942634339,13.29844645922357,1.208451110959759,-3.0537420110687443,0.4699644008054868,0.0,0.07776449529598316
1785948258004672540,13.279372164656206,1.2063804129497022,-3.0502005726217627,0.4636386814413143,0.0,0.06817871401192635
1785948258057200025,13.25956154190036,1.2043344248943466,-3.0465586536829568,0.4636333422612206,0.0,0.06817781968058129
1785948258093293197,13.235237729479358,1.2020080658985524,-3.0419497840269907,0.4801916973221722,0.0,0.08415294902017624
1785948258141631181,13.211127489878498,1.199597673520086,-3.0377036135842093,0.48020823218810316,0.0,0.08415441805765686
1785948258189881867,13.186396777054599,1.1970219663892014,-3.033693557702647,0.49462826270296795,0.0,0.08202575170245356
1785948258259289696,13.165245777158143,1.1942831746786178,-3.0292997845104868,0.4946425178572534,0.0,0.08202555788953907
1785948258308762882,13.143182317386385,1.191508418385635,-3.024474722202644,0.4993377304054523,0.0,0.08948082721750078
1785948258341546675,13.118399899337248,1.1885926094845818,-3.0200031242611445,0.49934245943957006,0.0,0.08948151883285134
1785948258393176821,13.094575251963061,1.1856833026032179,-3.015927156309943,0.48638430383664644,0.0,0.08415686646209632
1785948258458119013,13.071418047006011,1.182875259013014,-3.011522167289169,0.4863713699009879,0.0,0.08415637695872367
1785948258510757541,13.047478051835306,1.1799529994122353,-3.006884380170451,0.49464028252528,0.0,0.08841616584821253
1785948258541700287,13.022992404499714,1.1766344857102589,-3.0024677315499178,0.4946485336329525,0.0,0.08841655734538624
1785948258590836792,12.997661491477714,1.1730906252898476,-2.9982810076372295,0.5054591835248013,0.0,0.0852217440533399
1785948258642345367,12.972671551446004,1.1694845599423116,-2.9940242618019157,0.5054699760463324,0.0,0.08522145029264759
1785948258707316967,12.947358085545176,1.1661933697088454,-2.989752887921025,0.5134025676434434,0.0,0.09054650093871036
1785948258758845542,12.922216484996127,1.1626558718139626,-2.985462120789086,0.5134104820219072,0.0,0.09054699026894608
1785948258790560919,12.896740527574725,1.1586409900018473,-2.9803759649770103,0.5150379424494234,0.0,0.0980029554189917
1785948258849479315,12.871320822729231,1.1545070313848063,-2.9754754443856726,0.5150399721748569,0.0,0.09800364075865835
1785948258904793411,12.846197960960152,1.1502927602380966,-2.9703859150744187,0.5093388193227957,0.0,0.10013446521955889
1785948258950168268,12.821064191913186,1.1459471442876947,-2.9653712377067083,0.509334078074818,0.0,0.10013466109123291
1785948259009275405,12.795736013463403,1.1408329595934732,-2.9600052805310306,0.5195317774543207,0.0,0.09374443826732251
1785948259057622510,12.770421089121658,1.1360227333079673,-2.954848255432494,0.519541880875873,0.0,0.09374385524971872
1785948259091742950,12.74202656407276,1.1306572164558732,-2.949522491312939,0.5584400933872895,0.0,0.10226380950832692
1785948259162852685,12.711022052445268,1.1246278674809462,-2.943739296709535,0.5584792062294407,0.0,0.10226459856783633
1785948259196556058,12.684555893355316,1.1193135330821664,-2.9376974927696256,0.5984970425699679,0.0,0.12569742406462261
1785948259243247241,12.655248182007828,1.1132536370364836,-2.931412681398439,0.5985320904164916,0.0,0.1256993138510429
1785948259303498733,12.624146315289153,1.1064148354942331,-2.9232752256220182,0.6216058564959465,0.0,0.14913210949784092
1785948259357892642,12.593615858614825,1.099532051361297,-2.9157147393262215,0.62163209673319,0.0,0.14913456454722046
1785948259388981216,12.56371822363106,1.092662238171878,-2.9084178981558284,0.6162571415148628,0.0,0.14700688797713135
1785948259441223733,12.533738033786678,1.0855420994215768,-2.9010671239550887,0.6162517772481997,0.0,0.1470066924000805
1785948259491746966,12.50506058602925,1.0785185066438903,-2.8949926781927813,0.5989625417284904,0.0,0.12996539857706993
1785948259559052652,12.476031805093685,1.0697595674469242,-2.8870379489055575,0.5989452873723871,0.0,0.12996383217827098
1785948259615538207,12.446876236722517,1.0615040661811512,-2.878614727115251,0.6007284306370188,0.0,0.14487321786650825
1785948259655241310,12.409421534330562,1.0514207792437231,-2.8692603242728096,0.6007302099021196,0.0,0.14487458808826328
1785948259690220593,12.387197120378104,1.0452240716930268,-2.8644443179301,0.6306335761505316,0.0,0.1395503768860931
1785948259755934967,12.355667518679132,1.0362549029807904,-2.8571471912882602,0.6714067454562348,0.0,0.15126474332163103
1785948259803775625,12.32668942672601,1.0259300979052481,-2.8486108508965713,0.6714727773168498,0.0,0.15126614321105963
1785948259855280168,12.295615062572377,1.0153821033277357,-2.8404539151360364,0.7189777594462381,0.0,0.14913741868192254
1785948259889207483,12.261271694792958,1.0047155996926813,-2.8329951568138716,0.7190260267906611,0.0,0.1491372194151581
1785948259954391057,12.226677845867613,0.9936877128348498,-2.824871391229224,0.7331174501729406,0.0,0.1757637350452048
1785948259991938320,12.191839900228333,0.9822694187756503,-2.816081943496473,0.7331315083458948,0.0,0.17576618165600624
1785948260088721076,12.154168340886086,0.9675244152915634,-2.805244201383826,0.7100915858438899,0.0,0.15446649891700115
1785948260129646616,12.12050442671924,0.9542925912253059,-2.796355827738896,0.7100730067075481,0.0,0.15446491751176972
1785948260134042523,12.093495866264437,0.9445792331927004,-2.7901121450829227,0.7100730067075481,0.0,0.15446491751176972
1785948260189402412,12.066031192836073,0.9345198422430339,-2.784696541454514,0.6841323259861323,0.0,0.13529235722552105
1785948260257198865,12.033297506632458,0.922314650983853,-2.7777279302067828,0.7024365708164725,0.0,0.14167885033796404
1785948260304304300,12.001300615762565,0.908771137938578,-2.7697440958155726,0.7024570615739989,0.0,0.141679508163886
1785948260357290615,11.968854427811786,0.8953996820175497,-2.762109068263792,0.7060782902203493,0.0,0.14274523731717922
1785948260389026665,11.936057121288092,0.8823196561503137,-2.7549707548174833,0.7060819406609633,0.0,0.14274533626834357
1785948260441492772,11.902842730200117,0.8687977206894918,-2.7483421351164967,0.7287706434819077,0.0,0.12250913281683815
1785948260504733889,11.869679038757077,0.8543760227102755,-2.7418863965961324,0.7287932914739862,0.0,0.12250727233233438
1785948260558886863,11.83597932617724,0.839678251582716,-2.736681085774598,0.7352975715193791,0.0,0.07457721668128214
1785948260596387692,11.802596290994623,0.8253704600597372,-2.7329977223628252,0.7353039851558147,0.0,0.07457286376377176
1785948260636112108,11.768642801872003,0.8106698986444371,-2.729245340320342,0.7353039851558147,0.0,0.07457286376377176
1785948260705761576,11.737433276178663,0.7951403419118444,-2.7259562487149505,0.7201871757698612,0.0,0.05326716040519573
1785948260771893466,11.704790922750444,0.7796565429667489,-2.723305424966333,0.7410413775638197,0.0,0.025571454522139103
1785948260790087000,11.67106664854348,0.7646654404301211,-2.722032133898634,0.7410622702181122,0.0,0.02556890096823581
1785948260841766044,11.638039228312712,0.7499337013257433,-2.72077929705219,0.7043551806076255,0.0,0.024501278476241607
1785948260890939094,11.60588055426943,0.7355411350191117,-2.719553633192531,0.7043184292813102,0.0,0.024501180025241202
1785948260955143023,11.573629773229607,0.7198935145087462,-2.7175964169062885,0.7338083176995966,0.0,0.028761356576027595
1785948261003682197,11.540577862544767,0.7042733569566102,-2.71581102630222,0.7338377315770944,0.0,0.028761747942046296
1785948261042029708,11.5063237697327,0.6887382675586825,-2.7144376773598475,0.7551123404276147,0.0,0.025566928244519074
1785948261089808060,11.472316846024649,0.6732589265775676,-2.7131726595926966,0.7551333529518126,0.0,0.02556663762038846
1785948261141534849,11.43736595765364,0.657296521144018,-2.7128844483278285,0.7684773121327313,0.0,-0.014906250496530153
1785948261206808091,11.40473240592189,0.6395484671897119,-2.712304683506895,0.768490648539678,0.0,-0.014909976097104129
1785948261263795613,11.371723207091211,0.6226528386862744,-2.7138639091411667,0.7519402515910564,0.0,-0.07775275186424996
1785948261292096680,11.337833350763795,0.6072033103183365,-2.7177157330941655,0.7519237391169876,0.0,-0.07775852664748749
1785948261340371399,11.30434635104489,0.5920929775549891,-2.722787743155103,0.718780493953543,0.0,-0.12569230039815193
1785948261404717348,11.27192408785562,0.576336339835232,-2.7282031602583188,0.7187470774442876,0.0,-0.12569675175681264
1785948261458128796,11.239346725962053,0.5613732476719527,-2.7360353701372984,0.7122322020823989,0.0,-0.20664642175419096
1785948261490683846,11.206605712310797,0.5473155948016962,-2.7463741120582195,0.7122257028301078,0.0,-0.20665385962914076
1785948261541347596,11.172133120156351,0.5329346935701695,-2.757220650170188,0.7403071249685572,0.0,-0.21518188490984994
1785948261589589161,11.138815825998918,0.5194581375518159,-2.7676665519470913,0.7403343336725061,0.0,-0.2151826459211352
1785948261658353002,11.104163481436375,0.505088492837107,-2.7781368144628455,0.7450424510122096,0.0,-0.21944367402131637
1785948261707119672,11.07013235549436,0.4917342827411489,-2.788603536154419,0.7450472166471341,0.0,-0.21944407128233723
1785948261740827076,11.035052889584053,0.47881032406062124,-2.8001657418898844,0.7486527027043131,0.0,-0.2428759182271248
1785948261789112131,10.999783904929822,0.46627773295682856,-2.812308593707387,0.7486563497288529,0.0,-0.24287810130326484
1785948261848928153,10.963097153576852,0.45374097053184254,-2.8244379408009666,0.7220112760786714,0.0,-0.21625331661374894
1785948261910517221,10.929997032272563,0.4402592882690021,-2.83277715353962,0.7219860653388538,0.0,-0.21625099659947186
1785948261960527767,10.895162779502735,0.4279920061775119,-2.8426532496359607,0.7017985789062493,0.0,-0.21944384890411675
1785948261992081315,10.86164430849962,0.41766247206046797,-2.8536209816434246,0.7017773121398981,0.0,-0.21944415873071027
1785948262040827632,10.828072626043063,0.4077183693468025,-2.864592386698625,0.6988754106393422,0.0,-0.2194444685604475
1785948262100099190,10.791067342870338,0.3971974224854244,-2.876672479917345,0.6988725131320643,0.0,-0.21944446858894076
1785948262154777108,10.759259173512381,0.388559602391487,-2.8850999885789244,0.7100323256429795,0.0,-0.1693861542749041
1785948262203953325,10.723890760321478,0.3793095346259054,-2.8935167847905197,0.7100433507102736,0.0,-0.1693815994735654
1785948262240296104,10.69011434042898,0.37075418027524665,-2.899403740940491,0.683408391259727,0.0,-0.06606538057426649
1785948262290939437,10.656954605998726,0.36256246322719543,-2.902705153429441,0.6833818223047813,0.0,-0.06605588836318793
1785948262361068951,10.623910732083951,0.35546609450289374,-2.9049392707531085,0.6610303060594936,0.0,-0.012792979078827885
1785948262403422597,10.591434879117223,0.34838215111642407,-2.9057398933793914,0.661007969886617,0.0,-0.012788076726515735
1785948262440161100,10.559715000980034,0.34075904791276185,-2.905686176004451,0.6440618479169065,0.0,0.014908612944579493
1785948262490588523,10.528382701662162,0.33322731396797234,-2.904940021668688,0.6440449448275342,0.0,0.014911157430325915
1785948262541136397,10.497133890971444,0.3256909882581146,-2.904621162994048,0.6422276316264434,0.0,-0.002127397345021532
1785948262605811764,10.463348782267582,0.3218624039969821,-2.906890396540713,0.6422258185660759,0.0,-0.0021289629846080772
1785948262658358066,10.430189259893222,0.3165653559823219,-2.9100628949782954,0.6472651303197885,0.0,-0.07668533502061312
1785948262689807707,10.398694470002386,0.30914022624533233,-2.9138970340778614,0.647270158890006,0.0,-0.07669218729554225
1785948262742360793,10.367704093626772,0.3019593447221191,-2.9187959127914236,0.625670372827235,0.0,-0.11930178127908578
1785948262789831808,10.337177207862098,0.29504324466758713,-2.924764848569547,0.6256488058868418,0.0,-0.11930569981369664
1785948262857512609,10.306117558847314,0.2921133583225667,-2.9331604886679585,0.5654901185458779,0.0,-0.13315558952644754
1785948262905745086,10.278400105541028,0.2886816100397732,-2.940741598389911,0.5654319154032713,0.0,-0.13315682361729328
1785948262939127937,10.252781207858163,0.28346575120472034,-2.9466414355436754,0.49264209786417873,0.0,-0.10546643480737752
1785948262990575614,10.228604667891949,0.27869188239829834,-2.951918167849381,0.49256712437852346,0.0,-0.10546380775800325
1785948263045342014,10.20515878275395,0.2741906974916771,-2.956522609386951,0.46296552603666585,0.0,-0.07883445893972689
1785948263103550213,10.180005992435191,0.2723458916743213,-2.9618171879564827,0.46293599071146974,0.0,-0.07883201177184652
1785948263155376621,10.1562262965409,0.2699725945752734,-2.9670133377645724,0.4297790856103694,0.0,-0.09693573427083407
1785948263189491942,10.135048165205998,0.2662373109129256,-2.971864432719797,0.4297459769845005,0.0,-0.09693739926343456
1785948263241395856,10.113719467104861,0.2625820619941958,-2.9771623793281066,0.43619432061514424,0.0,-0.11504522965378633
1785948263304918997,10.087386739412153,0.2679710458180394,-2.9892464523017663,0.4362007534321759,0.0,-0.11504689343396435
1785948263355520537,10.061737925252006,0.26948851815835406,-2.998415441181489,0.45385191194165,0.0,-0.10546290311780905
1785948263389637586,10.039764681023753,0.26632077020914313,-3.0035738551597797,0.4538691369915903,0.0,-0.10546204174138583
1785948263441390968,10.017293730707742,0.26319951385803486,-3.0090036266749585,0.45352629684327866,0.0,-0.11185156459490177
1785948263492119552,9.994822262619362,0.26020246095381594,-3.014594809050513,0.4535259472071057,0.0,-0.11185216478272457
1785948263557515069,9.971384649155008,0.26361500174339975,-3.0233721400655926,0.43912237407899174,0.0,-0.08203084574226609
1785948263606129989,9.948597763281782,0.2648761946148594,-3.0298386297020894,0.4391080022458038,0.0,-0.0820281051436832
1785948263643827145,9.926469468271485,0.2623929309040409,-3.0330151440980746,0.4131649690521954,0.0,-0.03835710416536981
1785948263689005547,9.907129701769264,0.2602847764292809,-3.0348211206860363,0.41314051162638993,0.0,-0.038353312619431916
1785948263756055833,9.886776040523937,0.2618613594372765,-3.039044554370585,0.38899321890840366,0.0,-0.03408928835990438
1785948263803932428,9.867532330456218,0.26215177425139335,-3.042066993741001,0.38896783746157243,0.0,-0.034088875515513435
1785948263840438348,9.84836036312777,0.2602373446670407,-3.043214421787373,0.3821010005282635,0.0,-0.011722046999402855
1785948263891423259,9.82934131112843,0.258360223498902,-3.043800581738579,0.3820941046559167,0.0,-0.011719978198928602
1785948263950851846,9.809814983373677,0.2564445900007389,-3.0440181929738697,0.3842412975191655,0.0,-0.004263797322816553
1785948264005384351,9.79064084842319,0.2564075351037622,-3.045255225682968,0.38424663760831307,0.0,-0.004262427824942246
1785948264055499860,9.77098821177637,0.2558292491837204,-3.045327134355278,0.3867725549900024,0.0,0.0063896293981663185
1785948264091370017,9.751744774548854,0.2539710240640557,-3.04500762912477,0.38677507381363757,0.0,0.0063906079770975075
1785948264141694813,9.731792348929797,0.25204160359640276,-3.0452472961810044,0.39613968406350974,0.0,-0.0010638937048728326
1785948264205389223,9.713310217853866,0.24851211521939504,-3.043418001113095,0.3961490312914169,0.0,-0.0010645790174150355
1785948264255272181,9.70046890693947,0.24636288384174207,-3.0433331785888886,0.3158605902248708,0.0,-0.014911153801613905
1785948264291718900,9.6847593268008,0.2448142795936166,-3.0440790247453013,0.3157803741085881,0.0,-0.014912427975364309
1785948264340185240,9.68186594940989,0.24453191927640627,-3.0443452704242486,0.14430140226077318,0.0,-0.008523288921470626
1785948264389754365,9.674707079669444,0.243833541078626,-3.0447713125873404,0.14413047075970528,0.0,-0.008522702338490493
1785948264462799230,9.68367412741661,0.24108129131403636,-3.0407981386992615,0.0,0.0,0.0
1785948264508121316,9.687325737666837,0.2395506023795052,-3.0384909546052397,0.0,0.0,0.0
1785948264540726992,9.687373896625237,0.23955757446240908,-3.038169805470595,0.0,0.0,0.0
1785948264593760092,9.68816423748388,0.2396396089515022,-3.037956322216558,0.0,0.0,0.0
1785948264642351876,9.691181597678078,0.23995323566341314,-3.037903186692222,0.0,0.0,0.0
1785948264707745793,9.6953691756022,0.24160211368875983,-3.038329424392708,0.0,0.0,0.0
1785948264761494179,9.699697312237456,0.24295042128148994,-3.0390928916085924,0.0,0.0,0.0
1785948264789815951,9.702209604809829,0.24320883649542693,-3.039355454597413,0.0,0.0,0.0
1785948264841241451,9.702137034403039,0.2432013628665241,-3.0393810518813593,0.0,0.0,0.0
1785948264905965396,9.71129096300729,0.24536927131952083,-3.039098770951117,0.0,0.0,0.0
1785948264955896132,9.714877645194967,0.24685038223295325,-3.0386707162789652,0.0,0.0,0.0
1785948264989713428,9.71293868327024,0.24665011499034142,-3.0385642030325695,0.0,0.0,0.0
1785948265055065903,9.712387375319686,0.24659327731324884,-3.0387813378626256,0.0,0.0,0.0
1785948265091486764,9.711437874275992,0.24649531276616482,-3.038883891102489,0.0,0.0,0.0
1785948265168582118,9.71364519882286,0.24729606083140881,-3.038992888075476,0.0,0.0,0.0
1785948265205409839,9.715071573725982,0.24791316431817367,-3.0390921244397995,0.0,0.0,0.0
1785948265240879056,9.715117953745118,0.24791793788805366,-3.039092119361464,0.0,0.0,0.0
1785948265294335113,9.71513593365888,0.24791978732315956,-3.0390921193609977,0.0,0.0,0.0
1785948265351747384,9.71561111466216,0.24796866494104897,-3.039092119360549,0.0,0.0,0.0
1785948265405808611,9.724903413468478,0.25029619960797206,-3.039741634149612,0.0,0.0,0.0
1785948265461853097,9.732351058125737,0.25206839452365243,-3.040122395852053,0.0,0.0,0.0
1785948265490947436,9.73240352365131,0.25207373631556274,-3.040122395852053,0.0,0.0,0.0
1785948265542536781,9.732348841130152,0.2520681684782364,-3.040122395852053,0.0,0.0,0.0
1785948265619838221,9.739881570237888,0.25316979723158967,-3.039010695411662,0.0,0.0,0.0
1785948265659570733,9.746214239735258,0.2542204287455697,-3.038334435165488,0.0,0.0,0.0
1785948265690658155,9.74621424868016,0.2542204296441741,-3.038334435165488,0.0,0.0,0.0
1785948265745436812,9.746214257591543,0.25422043056760385,-3.038334435165488,0.0,0.0,0.0
1785948265816123206,9.746214257600428,0.25422043056852456,-3.038334435165488,0.0,0.0,0.0
1785948265851179323,9.746214257609308,0.2542204305694447,-3.038334435165488,0.0,0.0,0.0
1785948265911303995,9.753048643229882,0.25470098849737216,-3.035890299656005,0.0,0.0,0.0
1785948265957244756,9.75869676088915,0.25534751806316847,-3.0345187389514043,0.0,0.0,0.0
1785948265994403975,9.75869676088915,0.25534751806316847,-3.0345187389514043,0.0,0.0,0.0
1785948266042640772,9.75869676088915,0.25534751806316847,-3.0345187389514043,0.0,0.0,0.0
1785948266101305849,9.75869676088915,0.25534751806316847,-3.0345187389514043,0.0,0.0,0.0
1785948266168341638,9.7641087100393,0.2559942468688158,-3.0331895424076007,0.0,0.0,0.0
1785948266212125535,9.768568585575958,0.2566207696503979,-3.032454238768602,0.0,0.0,0.0
1785948266239411724,9.768568585575958,0.2566207696503979,-3.032454238768602,0.0,0.0,0.0
1785948266290745350,9.768568585575958,0.2566207696503979,-3.032454238768602,0.0,0.0,0.0
1785948266342519053,9.768568585575958,0.2566207696503979,-3.032454238768602,0.0,0.0,0.0
1785948266405887501,9.776274477645488,0.25777322335138075,-3.03139061158767,0.0,0.0,0.0
1785948266457567377,9.782678656302327,0.2587837175727765,-3.030764167584383,0.0,0.0,0.0
1785948266490606122,9.782678656302327,0.2587837175727765,-3.030764167584383,0.0,0.0,0.0
1785948266541121003,9.782570822884825,0.2587717174921893,-3.030764167584383,0.0,0.0,0.0
1785948266606768463,9.7919046338391,0.26015819766400167,-3.0302290429555137,0.0,0.0,0.0
1785948266665548103,9.799462380888693,0.26130609209378275,-3.0299282972822597,0.0,0.0,0.0
1785948266694720588,9.799307682463985,0.26128874570301996,-3.0299282972822597,0.0,0.0,0.0
1785948266740229016,9.799391217138838,0.2612981123931858,-3.0299282972822597,0.0,0.0,0.0
1785948266793113024,9.799391300402347,0.26129812172947037,-3.0299282972822597,0.0,0.0,0.0
1785948266853426597,9.804835178887329,0.26203409018874846,-3.0294821097824927,0.0,0.0,0.0
1785948266908060001,9.80936622155389,0.2626521733313301,-3.0292166017009596,0.0,0.0,0.0
1785948266952840440,9.809366221633878,0.262652173340335,-3.0292166017009596,0.0,0.0,0.0
1785948266990282260,9.809366221633958,0.262652173340344,-3.0292166017009596,0.0,0.0,0.0
1785948267040703186,9.809285557676663,0.26264307029934963,-3.0301758715666,0.0,0.0,0.0
1785948267105698691,9.813794352511827,0.2631932367009575,-3.030598320864324,0.0,0.0,0.0
1785948267155929020,9.817640868069397,0.26365784471954334,-3.0301459565109874,0.0,0.0,0.0
1785948267189843599,9.817640894846663,0.2636578476893342,-3.0301459271256896,0.0,0.0,0.0
1785948267243216997,9.817587169129933,0.26365183523843094,-3.0301458977512956,0.0,0.0,0.0
1785948267290298048,9.817551300431827,0.2636478211558228,-3.0301458977485938,0.0,0.0,0.0
1785948267360131393,9.82100085878587,0.26405508713931913,-3.029982361162703,0.0,0.0,0.0
1785948267409509664,9.823885423982805,0.2643926918491615,-3.0298811104117194,0.0,0.0,0.0
1785948267442354355,9.823885441775204,0.26439269384324887,-3.029881110411719,0.0,0.0,0.0
1785948267490098562,9.823885441788947,0.2643926938447891,-3.029881110411719,0.0,0.0,0.0
1785948267560261069,9.827086105362465,0.26477640968910937,-3.0286074332564796,0.0,0.0,0.0
1785948267610681003,9.829813451391956,0.2651015957042376,-3.0277332447941068,0.0,0.0,0.0
1785948267646006152,9.829813451391974,0.26510159570423963,-3.0281589440181094,0.0,0.0,0.0
1785948267689171630,9.829813451391974,0.26510159570423963,-3.0281589930984367,0.0,0.0,0.0
1785948267740990390,9.829813451391974,0.26510159570423963,-3.0281590344228215,0.0,0.0,0.0
1785948267807568374,9.83220654873443,0.2654327196144682,-3.0278816907170674,0.0,0.0,0.0
1785948267859375390,9.834193786999956,0.26571523300108824,-3.02773133535266,0.0,0.0,0.0
1785948267889849258,9.834193786999956,0.26571523300108824,-3.0277313353526605,0.0,0.0,0.0
1785948267940961374,9.834193786999956,0.26571523300108824,-3.027731335352661,0.0,0.0,0.0
1785948268005173943,9.83753083481425,0.26621978998446066,-3.0275769469366454,0.0,0.0,0.0
1785948268064730726,9.840274636381475,0.2666529105785941,-3.0274966335225395,0.0,0.0,0.0
1785948268092762121,9.840274636381475,0.2666529105785941,-3.0274966335225395,0.0,0.0,0.0
1785948268142350351,9.840274636381475,0.2666529105785941,-3.0274966335225395,0.0,0.0,0.0
1785948268190488233,9.840274636381475,0.2666529105785941,-3.0274966335225395,0.0,0.0,0.0
1785948268255502107,9.843265882878567,0.2671794738713789,-3.0284332260347724,0.0,0.0,0.0
1785948268309450754,9.845720935862182,0.267640100578915,-3.02909610529374,0.0,0.0,0.0
1785948268343839683,9.845729805571535,0.2676411014290618,-3.0286997126791717,0.0,0.0,0.0
1785948268390163560,9.84572981449743,0.26764110243558936,-3.0286996759385443,0.0,0.0,0.0
1785948268443791686,9.845729823485545,0.26764110346309644,-3.0299779394756152,0.0,0.0,0.0
1785948268505460115,9.847582825968907,0.26796213709122957,-3.030528339685291,0.0,0.0,0.0
1785948268557290044,9.849133547602717,0.26824602804196096,-3.031279030294767,0.0,0.0,0.0
1785948268591993094,9.849133547602726,0.268246028041962,-3.032182944886668,0.0,0.0,0.0
1785948268640493195,9.849133547602735,0.268246028041963,-3.0326035944518273,0.0,0.0,0.0
1785948268709034278,9.851307705276511,0.2686548994485579,-3.0324980212767203,0.0,0.0,0.0
1785948268754002018,9.853192558146363,0.26902672568509123,-3.031811445767114,0.0,0.0,0.0
1785948268791804776,9.853246402987038,0.26903266064401415,-3.031811418810185,0.0,0.0,0.0
1785948268841410479,9.853219569761325,0.26902970302862367,-3.0318113916552196,0.0,0.0,0.0
1785948268889447366,9.853219542506542,0.2690297000245424,-3.0318113916526794,0.0,0.0,0.0
1785948268955689852,9.852821853089367,0.26905853351430586,-3.03310504734067,0.0,0.0,0.0
1785948269004927287,9.852731175510954,0.2691201780843145,-3.033956529608218,0.0,0.0,0.0
1785948269041340916,9.846606119412115,0.2684582222181178,-3.0391520452018193,0.08825695069651429,0.0,-0.07455772720644585
1785948269093033273,9.842207414623063,0.26800600650528583,-3.042880900569189,0.08832640631268031,0.0,-0.07456311813484046
1785948269143909669,9.833755215659616,0.2671664334644006,-3.0483104840457163,0.14060750834213348,0.0,-0.09586987671839285
1785948269204653815,9.827952325090752,0.2667008668178172,-3.0532246186128136,0.14065970297056796,0.0,-0.09587183590389695
1785948269258824133,9.81922121276658,0.2660068587293577,-3.0614070025015785,0.1731192994307479,0.0,-0.137411485195026
1785948269291318094,9.81076808901706,0.2653275617858551,-3.0681354614415377,0.17315161822758018,0.0,-0.13741529453620555
1785948269341252638,9.807557342102347,0.2650893823707225,-3.070104190638577,0.1011680389000679,0.0,-0.07244994150510055
1785948269405462935,9.804061256294629,0.2649494225014772,-3.0738020097937464,0.10109609142044501,0.0,-0.07244396094363206
1785948269457349313,9.806396886446633,0.2652109328279294,-3.0733019039798686,0.0,0.0,0.0
1785948269494062951,9.805408417033302,0.2651433278574812,-3.074154481342998,0.0,0.0,0.0
1785948269541940410,9.806225339594228,0.26519827933043416,-3.072773063021829,0.0,0.0,0.0
1785948269592209780,9.806443140679411,0.26521328999621335,-3.0721301731079493,0.0,0.0,0.0
1785948269659828275,9.80701317517227,0.2653065372919562,-3.0708664329241366,-0.007210230522660875,0.0,0.022368800304113118
1785948269703508361,9.80748943405093,0.2653898297868611,-3.069802499931681,-0.007213112352097349,0.0,0.022369676394067724
1785948269740242895,9.808199434641647,0.2654408783552464,-3.067726836793699,-0.011896982535060777,0.0,0.03515136322651194
1785948269791294625,9.80879328425965,0.26548482269910795,-3.065969013505199,-0.011901686351145828,0.0,0.035152545493123806
1785948269860485103,9.814829210611212,0.2660954804678252,-3.064210170665306,-0.07708100198410936,0.0,0.028763313798066587
1785948269904138083,9.818809622054244,0.26656313889209526,-3.0625938923917824,-0.0771460355170579,0.0,0.028762726642985487
1785948269940735078,9.82348053864205,0.2669334096653706,-3.0604262960656863,-0.08801353236937356,0.0,0.038347761808680395
1785948269991430765,9.82788197941116,0.2672914432999896,-3.058502725528683,-0.0880243556627964,0.0,0.03834864103121672
1785948270049428013,9.83489057895668,0.26787916272473633,-3.052684495006178,-0.12332330237725489,0.0,0.09053791567842859
1785948270105225900,9.841538253622282,0.2684561694427703,-3.0484172396805023,-0.12335841606894124,0.0,0.09054269724564888
1785948270157551107,9.850849741453851,0.2693026828423132,-3.042690949728715,-0.16012151742698327,0.0,0.10865363233110881
1785948270191088906,9.858862318118792,0.2700977157094303,-3.037230077575948,-0.16015832264685878,0.0,0.10865530233490629
1785948270242613226,9.867163074237373,0.27096646056756674,-3.0318255863193206,-0.16523631045957754,0.0,0.10865697234127926
1785948270303882124,9.8721086501966,0.271473106746123,-3.0269638683170657,-0.16524135182845873,0.0,0.10865697249398229
1785948270363264629,9.87824894567862,0.27215440517999745,-3.0217042498543374,-0.1742483312125284,0.0,0.11078711017498503
1785948270392265685,9.886902383328959,0.27319684671711914,-3.0161633079255648,-0.17425735701915115,0.0,0.11078730677999812
1785948270446280287,9.896577804238756,0.27441322858833384,-3.011164985775062,-0.17606677980728316,0.0,0.09694161233627817
1785948270491266908,9.904502938386424,0.2754527847047401,-3.006764346108416,-0.17606858714272106,0.0,0.09694033856649391
1785948270558578801,9.906091984204341,0.2757679297548787,-3.0013224193829338,-0.16670793803415893,0.0,0.10652471424684785
1785948270612908548,9.90911789934197,0.27629951027645283,-2.9960023128249693,-0.1666987787583748,0.0,0.1065255779816379
1785948270640421432,9.918155487666326,0.27762356987139425,-2.990554814394019,-0.17821214073154995,0.0,0.10865657990035436
1785948270692245793,9.927037878099354,0.27897543633074584,-2.9850776777975456,-0.1782236588550952,0.0,0.10865677625543957
1785948270763239044,9.930061648835853,0.2796533498814706,-2.978651080735538,-0.18759729356898583,0.0,0.12463300103352423
1785948270808588876,9.93397216974478,0.28048901848199403,-2.9724973647142083,-0.1876066372510892,0.0,0.12463446779694343
1785948270840801612,9.943724150879252,0.2821516097568258,-2.9666638724604786,-0.19445738734980678,0.0,0.11931060713740013
1785948270889651611,9.953299344535557,0.2838438786452107,-2.960698493213049,-0.19446428885568112,0.0,0.11931011314909003
1785948270940625034,9.962837602038068,0.28558973416320765,-2.9543335627391505,-0.19411110518621902,0.0,0.12463495576729883
1785948271006414195,9.96776848083977,0.28636857436924695,-2.9505105426359512,-0.19411075268759312,0.0,0.12463544525350521
1785948271055239618,9.97317135667255,0.28733853297667145,-2.946742125067857,-0.1919498823304754,0.0,0.11079002973964276
1785948271091400087,9.982586770469043,0.28919670692936017,-2.941202899537408,-0.1919477420519281,0.0,0.110788766695706
1785948271143054779,9.99209030359071,0.2911286065616448,-2.935115759093527,-0.18654447812875008,0.0,0.11398270415069515
1785948271207842341,9.997165252882416,0.29272138619682364,-2.928532205938742,-0.18653904457984594,0.0,0.11398299997689844
1785948271257977531,10.003372561653947,0.29446134223257114,-2.922198806370698,-0.18761387217715905,0.0,0.1139832958038752
1785948271294562045,10.012540174210125,0.29650556366886904,-2.9164923917835504,-0.18761493780097924,0.0,0.1139832958308883
1785948271340231342,10.022059039972598,0.29868721345264826,-2.909928570696279,-0.19301718867219295,0.0,0.12569904640634968
1785948271390254753,10.03145116863898,0.3009028081403828,-2.9036445353321696,-0.19302258893099683,0.0,0.12570012507500217
1785948271458722649,10.040681929862071,0.30338159463081393,-2.896468417887587,-0.20166988214154002,0.0,0.12570120374352567
1785948271509282844,10.049813343079766,0.3058250323059876,-2.8896157532625044,-0.20167853184865242,0.0,0.12570120384290312
1785948271539294938,10.058738276989162,0.308129238216938,-2.8820536278686593,-0.1901646028671302,0.0,0.1427423020359271
1785948271592726419,10.068043463069177,0.31060003610614784,-2.8748256042251357,-0.19015311160874243,0.0,0.14274386849290024
1785948271644429143,10.076430065220851,0.31288747777656817,-2.8696773146119567,-0.1807792936100816,0.0,0.11718372913767044
1785948271706648533,10.083145595069748,0.3152244726181195,-2.8629779337679446,-0.1807700548487937,0.0,0.11718140892672356
1785948271760041197,10.089085164790134,0.31724614187064754,-2.860665164615594,-0.16599777296202733,0.0,0.06286067624267368
1785948271790608955,10.097082535503189,0.31955385418908105,-2.8575130505900113,-0.16598290191099221,0.0,0.06285563957395945
1785948271839116321,10.10406316599866,0.32158532766809594,-2.8570966356012684,-0.15300503951298333,0.0,0.02663824655497124
1785948271905940392,10.110547450316872,0.32364024788150936,-2.8552002157290017,-0.1529921316565927,0.0,0.026634928815454123
1785948271959182491,10.11618220751335,0.3253610372794479,-2.856004892807815,-0.13425528024624275,0.0,-0.00638547644403184
1785948271990588771,10.122254455606704,0.3271439313685813,-2.856306386903107,-0.13423646005330445,0.0,-0.00638853130729321
1785948272044637389,10.127404408249722,0.32865087031533474,-2.8580069191176247,-0.11657361380966831,0.0,-0.024497759378776587
1785948272112405649,10.132873995693792,0.3302449240685876,-2.8599248580076333,-0.11140984788253115,0.0,-0.05219286580672096
1785948272154986374,10.139954763833966,0.33245349467836977,-2.8608370418086873,-0.11140343196503914,0.0,-0.05219541044390435
1785948272205441221,10.14660234929176,0.33434785778840076,-2.8622206070966247,-0.10320517472224722,0.0,-0.04474247537940057
1785948272245870970,10.151562714826158,0.3357708603180933,-2.8644580253445278,-0.10319699593451996,0.0,-0.04474179039679486
1785948272289310345,10.156489453969222,0.3371722930530391,-2.866907657960835,-0.10174849241675502,0.0,-0.05326165434881111
1785948272353275483,10.161658867349727,0.33862907781478063,-2.86971917606452,-0.1017470466619153,0.0,-0.05326243757042822
1785948272406749044,10.164991706835341,0.3401425580569875,-2.870646206567198,-0.05205410703841814,0.0,-0.049002943245680344
1785948272454159929,10.167487641084305,0.3411977871818468,-2.872193572508906,-0.052004703050681965,0.0,-0.049002553214639366
1785948272491440208,10.169566424003179,0.3417717600400394,-2.874617145155493,-0.03431138024055516,0.0,-0.04793709378099353
1785948272552014909,10.171282751447649,0.3422411825452051,-2.8771050226441757,-0.03429370743660158,0.0,-0.04793699576194848
1785948272610405801,10.17470972097214,0.343438730436766,-2.877003823401686,0.0,0.0,0.0
1785948272705156753,10.177753575341578,0.34437833810722324,-2.876698692119643,0.0,0.0,0.0
1785948272714280960,10.17908525229372,0.3447395803956312,-2.8772365947032,0.0,0.0,0.0
1785948272748656673,10.178480583748367,0.34457563928854784,-2.876698765061879,0.0,0.0,0.0
1785948272808125453,10.179295827765053,0.34479671579383425,-2.876932620102954,0.0,0.0,0.0
1785948272841707318,10.18016513499236,0.34503231335493084,-2.87719855129179,0.0,0.0,0.0
1785948272918841552,10.18089555302059,0.34568157955303747,-2.8766888029989883,0.0,0.0,0.0
1785948272979210103,10.181998136853425,0.3463429373680832,-2.876234758814722,0.0,0.0,0.0
1785948272987200677,10.183213213490077,0.3466731549120051,-2.876180894774653,0.0,0.0,0.0
1785948273039132561,10.184110696065662,0.3469172953501563,-2.8758370800485467,0.0,0.0,0.0
1785948273101443954,10.185456862318333,0.34728362547054814,-2.8757767693423717,0.0,0.0,0.0
1785948273158006759,10.186257110661865,0.3479662517784324,-2.8750487298050627,0.0,0.0,0.0
1785948273206357512,10.187647530616609,0.3487041695597448,-2.8746633170342593,0.0,0.0,0.0
1785948273241191542,10.189978600834488,0.34934161231690886,-2.874716570911256,0.0,0.0,0.0
1785948273291088517,10.192912158834055,0.35014363981832364,-2.87559550938343,-0.0731927309588319,0.0,-0.034082393619362814
1785948273348995363,10.196574548540063,0.35114147071318375,-2.8773624192271714,-0.07321754099350022,0.0,-0.034085427826405605
1785948273407103782,10.20167576619656,0.35278345382080445,-2.8790678261516947,-0.09412707033956372,0.0,-0.06604052573181995
1785948273455902708,10.20718658142822,0.3544507071866585,-2.882000668395148,-0.09414791517156104,0.0,-0.06604345980035811
1785948273490980586,10.212051808049509,0.3557428403756222,-2.8853832493722886,-0.10713165999632257,0.0,-0.06924159888235959
1785948273545039189,10.217234707331066,0.35710058883085616,-2.8888455032819014,-0.10714461701788879,0.0,-0.06924189283633327
1785948273589237690,10.222894708435978,0.3585624050340727,-2.8926006829644786,-0.12660192776122842,0.0,-0.08095794098868941
1785948273656234886,10.22863361139148,0.36017452250876625,-2.896831169638927,-0.1266213450497714,0.0,-0.08095901785972662
1785948273720931918,10.236123169218503,0.3622051110914285,-2.902698187129179,-0.19577622497007813,0.0,-0.14912448689663968
1785948273740642394,10.245635059465947,0.36452169597023903,-2.9101517822436898,-0.19584524483316146,0.0,-0.14913075292781128
1785948273792197402,10.255745357216513,0.36690434475923017,-2.9172935699547806,-0.219319503243209,0.0,-0.1363561985793326
1785948273841242511,10.266435145321266,0.36934309474266946,-2.9241092477370394,-0.2193429259637056,0.0,-0.13635502457991094
1785948273909247162,10.27479645245647,0.3709804615156194,-2.932143997616818,-0.18983976912300485,0.0,-0.1182476804212807
1785948273966376992,10.28274687817808,0.3725973342207852,-2.9391101463078932,-0.18981031327671508,0.0,-0.11824601534202471
1785948273991210404,10.290794253066077,0.3742493881373177,-2.945844215612766,-0.1415300907494659,0.0,-0.15232654495024361
1785948274041067218,10.297735653200922,0.3756257724479665,-2.9534647247467154,-0.14148189407676406,0.0,-0.15232967846082873
1785948274105493266,10.302172996176159,0.37611308190103565,-2.9616481427598917,-0.11982883379973897,0.0,-0.08736361595701274
1785948274159082863,10.306365889336384,0.37671202331224046,-2.9673659703020214,-0.11980723890857328,0.0,-0.08735764842768118
1785948274190785056,10.31120469962585,0.3775636841123671,-2.9701881874008698,-0.07693610144591552,0.0,-0.02557771142231139
1785948274239545965,10.314992669371014,0.37821939057354353,-2.9714668837807943,-0.07689329394218437,0.0,-0.025572029705423566
1785948274292651867,10.318909598972358,0.3788922663702741,-2.9725928935007593,0.0,0.0,0.0
1785948274358762445,10.319613884866389,0.3783568541251049,-2.975990054933654,0.0,0.0,0.0
1785948274403600934,10.320845255552761,0.3781795001913749,-2.978254963182099,0.0,0.0,0.0
1785948274441993534,10.3247802841468,0.37882801617135725,-2.9792139979040746,0.0,0.0,0.0
1785948274489261534,10.329115212081351,0.37953817089228814,-2.9799326937867834,0.0,0.0,0.0
1785948274558881081,10.331685317871282,0.38000035345086186,-2.980140494481433,0.0,0.0,0.0
1785948274606376448,10.335717130777848,0.38069721779185783,-2.980410372501211,-0.13990258302300418,0.0,-0.007457243056300807
1785948274640100717,10.342626129813596,0.38182057138136044,-2.98078328953832,-0.13994644831700456,0.0,-0.007457047142072705
1785948274690706545,10.349997649490328,0.3830163062673856,-2.9811827456700404,-0.15871450537459508,0.0,-0.008521919883119095
1785948274739723814,10.35783360347078,0.3842841643558171,-2.981608888156202,-0.15873323414500182,0.0,-0.008522017756459508
1785948274806803029,10.364076152567032,0.38553588226969554,-2.981777521057826,-0.15011003117281654,0.0,-0.0159775951084713
1785948274855752103,10.370349252439226,0.38675970575333735,-2.982337889300831,-0.1501014249101864,0.0,-0.015978280445376306
1785948274889968611,10.37768698437414,0.38793825535610604,-2.982923617940576,-0.14721217138862938,0.0,-0.0074584175724023045
1785948274940183419,10.384955683951603,0.38910135006984947,-2.9832965193473644,-0.14720928799709018,0.0,-0.007457634454098834
1785948274992691448,10.392107235365248,0.39024296439290757,-2.9835894235927483,-0.14252535760745477,0.0,-0.004261645428961017
1785948275063105258,10.399108733673998,0.3917152293917364,-2.983212799995702,-0.14252068301304038,0.0,-0.004261351653435061
1785948275106826689,10.40428061571888,0.39283505080323017,-2.982928379972441,-0.13927516342153304,0.0,0.001064303249521334
1785948275140891320,10.411155993739465,0.3939351749477676,-2.9828751327837497,-0.13927198364719873,0.0,0.0010647838093805408
1785948275190622370,10.418078099123544,0.3950431540022653,-2.9827419675679367,-0.14106921031916733,0.0,0.0042604703458873645
1785948275241624850,10.425354420711448,0.39620882391971096,-2.982519392821375,-0.14107100374591158,0.0,0.00426076405789466
1785948275304387105,10.434562836642064,0.3975111042660723,-2.984756766361984,-0.13423124410237228,0.0,-0.009584838652625171
1785948275358083393,10.443389285784221,0.39894421861037466,-2.9863717054972185,-0.13422442911048518,0.0,-0.009586109261581743
1785948275390506471,10.44977860480817,0.3999440143223577,-2.9873039921285085,-0.12449543083187321,0.0,-0.0276935476126342
1785948275441172685,10.455928203076244,0.40090042833120354,-2.9886886796195564,-0.12448572395361064,0.0,-0.02769521158105734
1785948275505711504,10.465437120140198,0.4024840006642154,-2.9913415681887243,-0.13779920999087264,0.0,-0.04047771598071728
1785948275559968417,10.474667812398112,0.40405416930422805,-2.9939439620841126,-0.13781239158787842,0.0,-0.0404788816162401
1785948275591055807,10.481652826188814,0.40509306141365653,-2.9952546337560775,-0.1446669946567659,0.0,-0.011723237613957584
1785948275640809098,10.488808950901138,0.4061478151312308,-2.9958405616575057,-0.14467388941312603,0.0,-0.011720573561669015
1785948275694306020,10.496037268009617,0.40720888191580723,-2.996354648636262,-0.14360051416952777,0.0,-0.008522695640206857
1785948275756271483,10.505693394404707,0.4081575851807452,-2.9995752046008843,-0.14359945740931457,0.0,-0.008522405670295453
1785948275805468949,10.514828963290308,0.4092863345011453,-3.001655118766034,-0.1374772016302284,0.0,-0.005326918052769497
1785948275841063225,10.521634576447271,0.4102449605787263,-3.0019214191724157,-0.13747100584007174,0.0,-0.005326620194086678
1785948275894778970,10.528324588338181,0.41118548623784906,-3.0022410066946663,-0.13278376977710007,0.0,-0.007456459566016555
1785948275968115395,10.535252215711413,0.4115736466629823,-3.0045314983243196,-0.13277909140837943,0.0,-0.007456655360916668
1785948276008620218,10.540960122028954,0.4120038367706888,-3.005971430405604,0.0,0.0,0.0
1785948276042143137,10.545351503898019,0.4126030782281997,-3.0061336177719205,0.0,0.0,0.0
1785948276090180857,10.548437330019926,0.41302365453850837,-3.0062912026656683,0.0,0.0,0.0
1785948276140103049,10.55044057362955,0.41329636225604977,-3.006450999448787,0.0,0.0,0.0
1785948276212248782,10.551126087272074,0.41388464330913194,-3.0044576620922565,0.0,0.0,0.0
1785948276256973667,10.55110564471331,0.4141178523092106,-3.003279796549705,0.0,0.0,0.0
1785948276290023356,10.550486569049646,0.41403168140861063,-3.0032797965509808,0.0,0.0,0.0
1785948276347059552,10.549861021012674,0.4139446041003135,-3.0032797965510007,0.0,0.0,0.0
1785948276390924667,10.548512996219614,0.41375695682224145,-3.0032797965496787,0.0,0.0,0.0
1785948276455731494,10.546352123139306,0.4138878400593604,-3.001254240891165,0.0,0.0,0.0
1785948276508455369,10.545844700468553,0.41402093508915333,-3.0001347195287855,0.0,0.0,0.0
1785948276541925807,10.545702323256227,0.414000656636592,-3.0001347195287855,0.0,0.0,0.0
1785948276590752190,10.545854434705234,0.41402231814804197,-3.0001347195287855,0.0,0.0,0.0
1785948276667413514,10.54783580048437,0.4144455991097274,-2.999330329939918,0.0,0.0,0.0
1785948276703846696,10.54964869848013,0.41474130381354174,-2.9988864913122435,0.0,0.0,0.0
1785948276742075323,10.549809592522145,0.4147644214125795,-2.9988864913122435,0.0,0.0,0.0
1785948276790658787,10.549729601728394,0.4147529282812598,-2.9988864913122435,0.0,0.0,0.0
1785948276841081025,10.54972950207573,0.4147529139630976,-2.9988864913122435,0.0,0.0,0.0
1785948276904591494,10.548716071041065,0.41463433393120575,-2.998185147033354,0.0,0.0,0.0
1785948276956882140,10.547880138332747,0.41449584263155903,-2.9977395523813204,0.0,0.0,0.0
1785948276990309536,10.547894959668035,0.41449798276038174,-2.9977395523813204,0.0,0.0,0.0
1785948277042454322,10.547894974442999,0.41449798489380385,-2.9977395523813204,0.0,0.0,0.0
1785948277104395560,10.547473884419498,0.4145526611295167,-2.9970379222612253,0.0,0.0,0.0
1785948277154960683,10.547127003154364,0.4145695159308735,-2.996626612232128,0.0,0.0,0.0
1785948277190057057,10.547127003169312,0.4145695159330493,-2.996626612232128,0.0,0.0,0.0
1785948277244616347,10.547127003169324,0.4145695159330513,-2.996626612232128,0.0,0.0,0.0
1785948277289952930,10.547127003169338,0.41456951593305347,-2.996626612232128,0.0,0.0,0.0
1785948277358515357,10.546014170412022,0.4143252446234073,-2.9967521699111974,0.0,0.0,0.0
1785948277404477910,10.54499050653638,0.4141090870826844,-2.9968342803053956,0.0,0.0,0.0
1785948277441449444,10.544936928687386,0.4141012765976,-2.9968342803053956,0.0,0.0,0.0
1785948277490300244,10.54226067202092,0.4137111819169742,-2.999311152099977,0.036370315619776605,0.0,-0.033017128776841966
1785948277548755298,10.540455945129988,0.41345264957501954,-3.0009625965880775,0.036405522714651,0.0,-0.033020162711545245
1785948277604655524,10.533352121434291,0.4123460583726913,-3.004800008646796,0.09873467670745503,0.0,-0.059649914015677444
1785948277661197881,10.527894843968472,0.4115082121224207,-3.0078921953438034,0.09879687467533206,0.0,-0.05965236155014056
1785948277690262107,10.518522052677417,0.4102475901601897,-3.0137489756362226,0.1589925341617875,0.0,-0.09799727661637023
1785948277742038530,10.510627704929176,0.409232784374171,-3.0186506145571266,0.15905260665524415,0.0,-0.09800080109636565
1785948277804759759,10.498529368439737,0.4076591403135035,-3.0263704634672135,0.20664329815371352,0.0,-0.1363467992362235
1785948277857886878,10.48744243583295,0.4062960477897009,-3.0333290751776043,0.20669080035513654,0.0,-0.13635032447634066
1785948277891020889,10.477361231843904,0.40519696229136887,-3.0390389015627584,0.20745850110332134,0.0,-0.1235729658957086
1785948277942118828,10.467042578680408,0.40413501854844636,-3.0452174892964323,0.20745924888796446,0.0,-0.12357181963454777
1785948277989646196,10.458934517169244,0.4033505889526404,-3.0498899109480586,0.17757477301578933,0.0,-0.10333446135709302
1785948278061538931,10.44761829268659,0.402108619293415,-3.054802075816165,0.1775442189664828,0.0,-0.10333255557579368
1785948278113460350,10.437547647946646,0.4010535182322369,-3.0590282658635624,0.16635115854886526,0.0,-0.09267996139077375
1785948278143557663,10.42925931979643,0.4003676423785778,-3.0636624190868633,0.16633998880421774,0.0,-0.09267898229195286
1785948278190185580,10.421971050212164,0.3997991863726687,-3.067973773917493,0.1530058209830071,0.0,-0.0884177319072668
1785948278240509416,10.414343107797364,0.3992366146574458,-3.0723946300635467,0.1529925213289525,0.0,-0.08841734044686222
1785948278304505595,10.403738861111158,0.3982978835195385,-3.0767077113783783,0.16846266911980018,0.0,-0.09054708786513362
1785948278357647306,10.393377934342668,0.39744888886640073,-3.0812894275859337,0.16847811846568975,0.0,-0.09054728375910746
1785948278391003692,10.384782189235807,0.3969236126963173,-3.0836631804212615,0.17677622174554156,0.0,-0.063920522818888
1785948278439823163,10.375960388573912,0.3964119937747301,-3.0868577809442366,0.17678410424007146,0.0,-0.0639181934298217
1785948278489634312,10.366152152966961,0.39586551901164174,-3.087225805604163,0.19011361298129528,0.0,-0.02557375505469124
1785948278556715735,10.36001179631282,0.3957595019221933,-3.0885635378502707,0.19012759051328998,0.0,-0.025570051356810408
1785948278604274112,10.354129527551013,0.39561943945355316,-3.0885993404080576,0.17969923349641237,0.0,-0.008525249332253213
1785948278640621403,10.34504898553463,0.39513777941696937,-3.089030608183556,0.17968882632997177,0.0,-0.008523682634041638
1785948278690823123,10.336815184684058,0.3947027909125681,-3.0888173122856415,0.17139635268543288,0.0,-1.546028468768848e-06
1785948278757393587,10.330015074254916,0.394345450540962,-3.0883450875212293,0.17138818653577656,0.0,-7.73084345535852e-07
1785948278804375403,10.322983775681225,0.393979384254108,-3.088074806353171,0.17029980597658284,0.0,-1.4404436613857292e-10
1785948278841821127,10.314504086649459,0.3935251357536922,-3.088074806351375,0.17029870501263114,0.0,-7.202889343429387e-11
1785948278890839995,10.305806988559555,0.39305924098301986,-3.08807480634957,0.17281816635708463,0.0,-1.3238925087987942e-14
1785948278958760803,10.294260964488668,0.39206223749645497,-3.0877505022972196,0.1728206804821281,0.0,-6.620070929179177e-15
1785948279007192903,10.282490506570412,0.3911328198158224,-3.0876508795412345,0.1821852669766835,0.0,-0.0010650684398717794
1785948279041490501,10.273394141016169,0.3906416694934478,-3.0877041404335737,0.18219462222382274,0.0,-0.001065166438905028
1785948279089973609,10.26435136271658,0.39015316634588865,-3.087517660091129,0.18148381739818387,0.0,0.002129942009179416
1785948279157597705,10.255265056854526,0.38966134466619,-3.087410826932616,0.1814831086614615,0.0,0.0021302354336145504
1785948279210911197,10.244653569166474,0.38889416034503144,-3.0875435118210004,0.1735605917167504,0.0,3.9050308891976776e-07
1785948279255724661,10.234164092969817,0.3881603280743733,-3.087594187577442,0.1735527068346138,0.0,1.9526944232209957e-07
1785948279297286763,10.22536304106044,0.3876846200743526,-3.087594192445343,0.17534520793363534,0.0,3.6005953146091e-11
1785948279342453773,10.216604337400453,0.38721120332849696,-3.0875941924457915,0.17534700237900633,0.0,1.8004636520683894e-11
1785948279390849263,10.204879081573534,0.38657744140609007,-3.087594192446242,0.21459763028479012,0.0,3.3074883167100697e-15
1785948279471216842,10.191416628728579,0.38590851324154835,-3.0885587662755385,0.21463677689453772,0.0,1.6538960703899016e-15
1785948279507831405,10.17525429819866,0.38502212092557925,-3.0891106050643993,0.2578644465583542,0.0,3.028907585405406e-19
1785948279543160074,10.162353859794964,0.3843444536707639,-3.0891106050643993,0.25791815933240203,0.0,1.5145924822117704e-19
1785948279596293690,10.147342604714927,0.38355590579569904,-3.0891106050643993,0.2864180491949031,0.0,2.7953058143175205e-23
1785948279661092389,10.138310470121526,0.38447676957580146,-3.091939646660994,0.28644659868033046,0.0,1.397781893268853e-23
1785948279704973568,10.12817739274368,0.3848489723523128,-3.0935851595754698,0.28923668748479975,0.0,-0.0010650686017781206
1785948279763046243,10.113731083860243,0.38415490766449595,-3.093638428367823,0.28923900871090863,0.0,-0.0010651665198730903
1785948279792020386,10.100924110699916,0.38353915957643286,-3.0934515788943,0.2666762812482587,0.0,0.0021299416075316003
1785948279872826442,10.091940207557418,0.38380571218127807,-3.094253507874661,0.2666537650612411,0.0,0.002130235232753743
1785948279895567824,10.08244976857131,0.383855873188077,-3.0947211239199506,0.2666537650612411,0.0,0.002130235232753743
1785948279951412560,10.068785964013912,0.3832254329985823,-3.095451758485419,0.2522273284626734,0.0,-0.004259911079615375
1785948280009630807,10.059006353882017,0.38277209105682136,-3.095138930302332,0.24751669288059208,0.0,0.0031946410738164918
1785948280042166720,10.046647981596944,0.3821975847242122,-3.0949791793691466,0.24751275125609162,0.0,0.003195217176347039
1785948280091423292,10.034483068331344,0.3816321801621459,-3.0954119780595644,0.24462942528324483,0.0,-0.005324412641910184
1785948280157423403,10.026520429036097,0.3816879515154862,-3.096085202985453,0.24462591860324168,0.0,-0.005325367353893078
1785948280205172410,10.018907828888867,0.3816276180410124,-3.0961838982948313,0.23057926086054906,0.0,-9.787314902819783e-07
1785948280255890593,10.007828663111159,0.38112418127021674,-3.0962371413064855,0.21291605786387302,0.0,-0.002130137536293852
1785948280292049175,9.99719032333719,0.38064134287069834,-3.0963437143009833,0.21289405566925776,0.0,-0.0021303332061414345
1785948280358688665,9.991770185534191,0.38082181278170824,-3.096477171559256,0.20350996310493055,0.0,0.003194813450389495
1785948280405566894,9.985807199827992,0.38088923246487316,-3.096419842176549,0.20350059191851969,0.0,0.0031953033640796757
1785948280441002318,9.975264556903381,0.3804126682555945,-3.0964732692304517,0.21861461287288592,0.0,-0.005324756327207582
1785948280491682132,9.964342969487328,0.3799195584862648,-3.0967395864968568,0.21862969176866867,0.0,-0.005325539231591709
1785948280546361009,9.95246163936346,0.3793862853797966,-3.096872771195802,0.25681334355403096,0.0,-9.785821327790503e-07
1785948280589803904,9.939634264781454,0.3788122637048089,-3.0968727834196845,0.2568514364976923,0.0,-4.893360247937501e-07
1785948280663310286,9.928517026931388,0.3776113707876656,-3.095178323535237,0.31306206866508585,0.0,-0.0010650686927490853
1785948280706650074,9.915477990303367,0.3766284951510364,-3.0942444748247553,0.31311817664771885,0.0,-0.0010651665653628006
1785948280740447593,9.898504936503835,0.3758242553045109,-3.094031439215175,0.3661061590800624,0.0,0.009585422381825966
1785948280789578881,9.8802198677259,0.3749539387312551,-3.0935521865500455,0.3661590289469004,0.0,0.009586401152840783
1785948280841521229,9.861513110211524,0.3740545682301785,-3.0933925659352077,0.38313566111038994,0.0,-0.003193442536428129
1785948280905336731,9.844699114567117,0.3727499206206615,-3.0925478360136114,0.3831526123061371,0.0,-0.003194617844077251
1785948280956488751,9.827580358492542,0.3716349249645889,-3.0922302002637903,0.37992884408387156,0.0,-0.006390998961409319
1785948280991675463,9.808600405037241,0.37069726630565875,-3.0925498883357223,0.37992562620966597,0.0,-0.006391292821608361
1785948281047380899,9.7897627837417,0.3697726762599949,-3.0928991423432928,0.3673193413792002,0.0,-0.007456657239676832
1785948281106354657,9.77166660178164,0.36879552897243506,-3.093126624467448,0.3673068834782445,0.0,-0.007456754206921214
1785948281159631028,9.753395791141514,0.36784986871899195,-3.093025398525906,0.36729442607140106,0.0,0.00851914871756449
1785948281191696496,9.73504878598172,0.3669581030947856,-3.092599238673394,0.36729441351357467,0.0,0.008520632044942187
1785948281241558174,9.716226208525015,0.3660351821349643,-3.0920667793539365,0.386738733982017,0.0,0.012782389759649418
1785948281290872219,9.696874162639604,0.3650759708310879,-3.0914263940592104,0.38675814344963316,0.0,0.01278278157964263
1785948281364474797,9.676951951863838,0.36386455148284796,-3.090897595052634,0.3849771454028632,0.0,-0.0010627221642037707
1785948281407649235,9.657186176314159,0.3627153766153022,-3.090811069241659,0.38497537025555556,0.0,-0.0010639931933966468
1785948281442355933,9.639026041011796,0.3617923823633958,-3.0909441611221022,0.34248414659160187,0.0,-0.004260469775930761
1785948281490959622,9.621927625447803,0.3609256323823383,-3.0911571985547175,0.3424417146193847,0.0,-0.004260763772870636
1785948281540166976,9.605929625057616,0.3601180822891066,-3.0914235143394087,0.2984694571937635,0.0,-0.006391195025526389
1785948281605021901,9.589452588092023,0.35893234250335493,-3.0913689427142246,0.2984255708430848,0.0,-0.0063913908626817666
1785948281665155501,9.575280966041113,0.3579699506588608,-3.091036640564585,0.21700356033273274,0.0,0.010649510026227754
1785948281689885422,9.564444297320607,0.3574216235518651,-3.0905037303358296,0.2169222632314786,0.0,0.01065107714885473
1785948281739380049,9.55583136869748,0.3569812120772774,-3.090291175244777,0.1286211886064165,0.0,-0.002128179834269068
1785948281806419870,9.548930096483547,0.35645208525004163,-3.0902466206007637,0.12853308145004522,0.0,-0.002129354265166938
1785948281863694601,9.543944592744072,0.35606380333108484,-3.0902342961238265,0.0,0.0,0.0
1785948281889983033,9.541221705488443,0.35592383720029525,-3.090287573438605,0.0,0.0,0.0
1785948281947208642,9.539716956069993,0.3558465682549792,-3.09031422100749,0.0,0.0,0.0
1785948281991301412,9.539426426427267,0.35583165731061017,-3.090314223470851,0.0,0.0,0.0
1785948282059874687,9.537551540336574,0.35557102418962633,-3.0902226751605415,0.0,0.0,0.0
1785948282108754896,9.536107822523116,0.35536281220104815,-3.0901685587597028,0.0,0.0,0.0
1785948282140776810,9.536324322900274,0.3553739553066835,-3.0901685587599323,0.0,0.0,0.0
1785948282191597525,9.536751716767325,0.3553959530433448,-3.0901685587599323,0.0,0.0,0.0
1785948282245301333,9.537073702293984,0.3554125254684576,-3.0901685587599323,0.0,0.0,0.0
1785948282306024198,9.534821073464274,0.35488375656983445,-3.089690025344767,0.0,0.0,0.0
1785948282355536746,9.532922622981754,0.35450694326506205,-3.08943551009774,0.0,0.0,0.0
1785948282390403417,9.532904710949172,0.3545060081996213,-3.08943551009774,0.0,0.0,0.0
1785948282440899034,9.532868746480194,0.35450413069723535,-3.08943551009774,0.0,0.0,0.0
1785948282505984813,9.531742782579888,0.35453348827058717,-3.0897814435808373,0.0,0.0,0.0
1785948282561202235,9.53082098447953,0.35450557005568706,-3.0899966846400515,0.0,0.0,0.0
1785948282590014261,9.530820957579428,0.3545055686723749,-3.0899966846400515,0.0,0.0,0.0
1785948282645087422,9.530820930703108,0.3545055672844392,-3.0899966846400515,0.0,0.0,0.0
1785948282689959864,9.530820930676247,0.35450556728305216,-3.0899966846400515,0.0,0.0,0.0
1785948282758492242,9.52796843287672,0.3542990866597601,-3.090119732360022,0.0,0.0,0.0
1785948282818062081,9.525602737024737,0.3540967235894835,-3.090188377613827,0.0,0.0,0.0
1785948282841121936,9.52560273702471,0.35409672358948213,-3.090188377613827,0.0,0.0,0.0
1785948282890404333,9.52560273702471,0.35409672358948213,-3.090188377613827,0.0,0.0,0.0
1785948282954447649,9.523987641758412,0.3539421129040531,-3.090264916537549,0.0,0.0,0.0
1785948283005532820,9.52262486045167,0.3537906617368653,-3.090312794659488,0.0,0.0,0.0
1785948283040634602,9.52262486045167,0.3537906617368653,-3.090312794659488,0.0,0.0,0.0
1785948283091057544,9.52262486045167,0.3537906617368653,-3.090312794659488,0.0,0.0,0.0
1785948283147612637,9.52262486045167,0.3537906617368653,-3.090312794659488,0.0,0.0,0.0
1785948283204708483,9.520618488260805,0.3535407780323231,-3.089928885108923,0.0,0.0,0.0
1785948283256969688,9.518942184430708,0.35336528892258334,-3.0897075367247333,0.0,0.0,0.0
1785948283290922924,9.518942184430708,0.35336528892258334,-3.0897075367247333,0.0,0.0,0.0
1785948283342877816,9.519005370722466,0.35336857028251134,-3.0897075367247333,0.0,0.0,0.0
1785948283408630944,9.517391807821511,0.35324741454946856,-3.0896719239453874,0.0,0.0,0.0
1785948283456761626,9.517359670642284,0.35321330216156704,-3.089648631081421,0.0,0.0,0.0
1785948283490369763,9.520033375389428,0.3533523101564818,-3.089648631081421,0.0,0.0,0.0
1785948283546641744,9.522753371859256,0.35349372530418866,-3.089284460918092,0.0,0.0,0.0
1785948283589770806,9.525456235629552,0.3536352364105528,-3.0885386606208693,0.0,0.0,0.0
1785948283654241207,9.528403249735637,0.35373975724381196,-3.0873321618318363,0.0,0.0,0.0
1785948283708812145,9.531970759071339,0.3539156730396187,-3.0862442134302537,0.0,0.0,0.0
1785948283740163927,9.536203441196086,0.35415018328736186,-3.0852855498816534,-0.09269391271538047,0.0,0.02130450612879483
1785948283789167148,9.540832252865385,0.3544110937247268,-3.0842202321012433,-0.09270974070317163,0.0,0.02130489758816717
1785948283856359006,9.547179861046796,0.35478404068854086,-3.0828369868900842,-0.10604854861440037,0.0,0.024500494005901683
1785948283905227374,9.553639088331815,0.3551824670154208,-3.0814698424878664,-0.10606186122670815,0.0,0.024500787753987105
1785948283945602913,9.559595712556112,0.35554102751141015,-3.0801693840419113,-0.11039700232055921,0.0,0.022370905208080882
1785948283991164143,9.56452797402811,0.35584436456293406,-3.0791680869960865,-0.11040089834010859,0.0,0.02237072894069618
1785948284058395010,9.572693412576498,0.35632822072081777,-3.0781440293359648,-0.10780515600435805,0.0,0.020241000844550126
1785948284106915624,9.580390381331972,0.3567929508765198,-3.077125017851991,-0.1077971033096906,0.0,0.02024051240041604
1785948284143700816,9.585582124751177,0.3571284668239348,-3.075953048306418,-0.1040348432085755,0.0,0.02343542640230111
1785948284191604036,9.590772099585733,0.3574696250577913,-3.0747813379783318,-0.10403275588897398,0.0,0.023435622204865045
1785948284242436335,9.59599156914721,0.3578188639468281,-3.0737161569945712,-0.10462902272258072,0.0,0.02130607221923215
1785948284305779150,9.601205991671577,0.3581568490909984,-3.072808919948149,-0.10463050740901118,0.0,0.021305680741336208
1785948284355365204,9.606499102852096,0.35850666289341704,-3.0723094909523736,-0.10571223843080556,0.0,0.014914877062074703
1785948284392371939,9.611771549580086,0.35887253991235774,-3.0715639080517834,-0.10571331744927179,0.0,0.014914289776829818
1785948284453241561,9.617201648389395,0.3592554652144439,-3.0696671658412837,-0.10247367696868953,0.0,0.028759592842654003
1785948284504075363,9.622931235497637,0.3596458179312825,-3.0684207066827103,-0.10247044254186491,0.0,0.02876086599423205
1785948284557866310,9.62938902578194,0.36009839951738193,-3.068087018368724,-0.10822856903539689,0.0,0.014916231670610127
1785948284591383853,9.634734142981207,0.3604920038635702,-3.0673486111261163,-0.10823427930107767,0.0,0.014914967142632575
1785948284640699115,9.640132511259395,0.3608928084455698,-3.0670035492686636,-0.10823998949297145,0.0,0.00958835957791021
1785948284709652338,9.646884488911324,0.3613832927867746,-3.06649525841925,-0.10823999519259417,0.0,0.009587869885861657
1785948284757321822,9.65341938140102,0.3618629787785773,-3.0665584193366024,-0.108240000892208,0.0,0.0021319010140065375
1785948284792011784,9.658822738721092,0.36226917779000894,-3.066451780050521,-0.10824000089790152,0.0,0.002131215026097633
1785948284842679406,9.663970858397775,0.3626570395296169,-3.066185674760053,-0.10499926020139519,0.0,0.004260667173618604
1785948284890806504,9.669207759797363,0.3630526888189875,-3.0659725250172123,-0.10499603304796801,0.0,0.004260862480842846
1785948284956307208,9.675120314919834,0.3635141313427079,-3.066535579398983,-0.10283232948575124,0.0,-0.0063896272430251375
1785948285011024102,9.680961910240818,0.3639702617776466,-3.066841485030055,-0.10283016863609709,0.0,-0.00639060689931557
1785948285041726105,9.68633033000721,0.36437164508341613,-3.067560322931809,-0.10606872727946963,0.0,-0.011716929581737198
1785948285089777713,9.691618723795935,0.3647638739788986,-3.0681461288224092,-0.10607195988404108,0.0,-0.01171741925370435
1785948285140252081,9.696854692777176,0.36515152863513445,-3.0673739837764176,-0.10535503280257015,0.0,0.006388256507569618
1785948285204601839,9.70289790962805,0.365587565017267,-3.067076537304816,-0.1053543170100383,0.0,0.0063899214685866155
1785948285254489886,9.708568575088721,0.36600285681706807,-3.0661304661990534,-0.10211287961200476,0.0,0.014912135422408991
1785948285290439917,9.713658394151015,0.3663876770908398,-3.065384891990532,-0.10210964444533048,0.0,0.01491291883100138
1785948285346377968,9.718803837220964,0.36678150265480103,-3.0640796798047467,-0.10282657097917522,0.0,0.02236918169811286
1785948285404723866,9.724600095535443,0.36724241462973656,-3.0628803384170844,-0.10282728650780536,0.0,0.022369867108111747
1785948285456878989,9.730407646876795,0.36770765120201226,-3.0613914673591522,-0.10426831876756798,0.0,0.026630826423893122
1785948285491404561,9.735602387675419,0.36812517115443866,-3.0600604142625136,-0.1042697580943548,0.0,0.026631218409897565
1785948285541070009,9.741098377724954,0.3685744264500264,-3.0585609198631505,-0.10787201120958954,0.0,0.02876174810078095
1785948285591216496,9.746443600849737,0.36901927193565986,-3.0571308996542053,-0.10787560231010782,0.0,0.028761943722416267
1785948285670638223,9.75290873570694,0.369673909784608,-3.0548213891999048,-0.1082392742842983,0.0,0.03302241388654432
1785948285707225809,9.758789551097948,0.37025035199353074,-3.05296489351267,-0.10823963723136688,0.0,0.033022805509208164
1785948285739850141,9.764071111243963,0.3707215455161886,-3.0503433156931328,-0.10679967219059162,0.0,0.0458040244134177
1785948285790653799,9.769388373785402,0.3712080943567167,-3.048053106646848,-0.10679823732656521,0.0,0.04580519743682417
1785948285857501551,9.775716756189093,0.37182804782691686,-3.046481313483952,-0.10499639826158466,0.0,0.030895409715691387
1785948285906530404,9.78148586376245,0.37238160973277695,-3.044806264656897,-0.10499459991283659,0.0,0.03089403912981191
1785948285948263392,9.786757467369501,0.37289121342739867,-3.0444730051668487,-0.10535288372214605,0.0,0.014916634687416584
1785948285996665442,9.792108912814255,0.37341258335829625,-3.0437119136895374,-0.10535324065345567,0.0,0.014915168670054747
1785948286043983044,9.797410583694042,0.37393202456027674,-3.043613846563677,-0.10787428421619408,0.0,0.0063931159959008475
1785948286106354759,9.80167384739723,0.37451171840056113,-3.0427614465757187,-0.10787674000241435,0.0,0.006392351434472004
1785948286166134972,9.806153575976847,0.3750574135890543,-3.0421358780358174,-0.10823925880263204,0.0,0.006391586879868246
1785948286189854335,9.81153291748262,0.3755941965828319,-3.041816650180532,-0.10823962947372459,0.0,0.0063915868078632115
1785948286249370573,9.817086645257728,0.37614928315788726,-3.041976432413001,-0.11040047835771896,0.0,1.1760464260976433e-06
1785948286290814624,9.822580319252221,0.37669835932139284,-3.041976447148237,-0.11040263695964454,0.0,5.880773159064787e-07
1785948286375986250,9.828816231988258,0.3771870389493611,-3.0420666270615992,-0.11580601970399193,0.0,1.0794788457221301e-10
1785948286451789341,9.835288523181823,0.37771338443708125,-3.042110893403853,-0.11581140462826688,0.0,5.397889648816751e-11
1785948286456542506,9.843749678550086,0.37855790286565777,-3.0421108933998897,-0.11581140462826688,0.0,5.397889648816751e-11
1785948286492991624,9.846676871932868,0.3788500725035994,-3.042110893405199,-0.11833772326526053,0.0,9.198102584410426e-15
1785948286580307538,9.852337542641243,0.3794157291239434,-3.041733957677782,-0.11510067733497785,0.0,0.005325493731989804
1785948286601159712,9.858988906740196,0.38008214256820794,-3.041424600970307,-0.11509794080346393,0.0,0.005325907973706
1785948286680098224,9.863310287734294,0.3802762789607075,-3.042050838175128,-0.10681089515911743,0.0,0.0010659311313376734
1785948286720899056,9.869452457563256,0.3807155437811082,-3.042295824018907,-0.10680385336836412,0.0,0.0010655978197370898
1785948286744441997,9.873914176593287,0.38115973601399694,-3.0424513668372115,-0.10499638401290586,0.0,-0.002129945507728036
1785948286789146370,9.879105314916917,0.3816760848372177,-3.0425572303527773,-0.10499459276876438,0.0,-0.002130237183212803
1785948286847300167,9.884739787001017,0.3822361815431452,-3.0425118563302758,-0.1107522939645662,0.0,-4.529879534744159e-07
1785948286890675539,9.890250447887873,0.38278397606721487,-3.0425118515014575,-0.11075893940559882,0.0,-2.2651806089870902e-07
1785948286958168174,9.895659841207195,0.3831816728106174,-3.0424467774210253,-0.11796720205606995,0.0,0.004260274608071201
1785948287011023221,9.901014088805853,0.3836012588986187,-3.042361485782381,-0.11797439496903439,0.0,0.004260666179992108
1785948287040737643,9.906543534694109,0.38415129592777375,-3.0423879987920124,-0.11330054008304705,0.0,0.001065851982282443
1785948287092371310,9.912172946040391,0.3847115988620836,-3.0423348108069077,-0.11329587445625514,0.0,0.0010655582461373098
1785948287158968750,9.917459107648163,0.38521093620358904,-3.042070107384311,-0.10897024143973649,0.0,1.9581169161488922e-07
1785948287209729175,9.92286069436537,0.38569284977105106,-3.0419117938498608,-0.10896592580749655,0.0,9.791484243952268e-08
1785948287241254690,9.927669795570937,0.3861741453686937,-3.041751729920119,-0.10059391153771864,0.0,0.002130137271931096
1785948287290981804,9.93266078462491,0.38667411296004467,-3.041645461593882,-0.10058346952366894,0.0,0.0021303330739390666
1785948287341622449,9.936483264500913,0.38705720913552405,-3.041698853016562,0.0,0.0,0.0
1785948287404689193,9.941988334762652,0.3874066635725249,-3.0417700387002418,0.0,0.0,0.0
1785948287457344106,9.946764041355035,0.3876985656071067,-3.0418124891137936,0.0,0.0,0.0
1785948287489759792,9.950640624859089,0.3880866605365452,-3.0418124891142435,0.0,0.0,0.0
1785948287540185806,9.952123652756613,0.38823513019741285,-3.041812489114694,0.0,0.0,0.0
1785948287589943897,9.95440161581309,0.3884631830661446,-3.041812489114694,0.0,0.0,0.0
1785948287656601403,9.955375207943527,0.3883894634133917,-3.042251215183486,0.0,0.0,0.0
1785948287707700430,9.956970766672537,0.3883882924380344,-3.0425412234463556,0.0,0.0,0.0
1785948287740910604,9.956700848138313,0.3883614677911099,-3.042407891548888,0.0,0.0,0.0
1785948287790490929,9.956754380385162,0.3883667949001562,-3.042407879289407,0.0,0.0,0.0
1785948287840730570,9.95643115368132,0.3883346302044185,-3.0424078670506454,0.0,0.0,0.0
1785948287907586963,9.955913237177146,0.3879527330355796,-3.043436578086407,0.0,0.0,0.0
1785948287955577225,9.955581017341872,0.3876899529441024,-3.0439997887656967,0.0,0.0,0.0
1785948287994350028,9.955473336576656,0.3876794107013299,-3.0439997887656967,0.0,0.0,0.0
1785948288040900311,9.955527132967577,0.3876846777247903,-3.043999788765696,0.0,0.0,0.0
1785948288104940428,9.95608523091418,0.3874908524184193,-3.044523488547465,0.0,0.0,0.0
1785948288162060434,9.956554406119292,0.387330776081962,-3.044854511154644,0.0,0.0,0.0
1785948288191745863,9.956554406178508,0.3873307760877916,-3.044854511154644,0.0,0.0,0.0
1785948288239646714,9.956554406233428,0.38733077609312105,-3.044854511154644,0.0,0.0,0.0
1785948288291080823,9.956554406233483,0.3873307760931263,-3.044854511154644,0.0,0.0,0.0
1785948288353965961,9.957927729988866,0.3872598351893922,-3.045262443717731,0.0,0.0,0.0
1785948288410217077,9.959068278074023,0.3872012248857961,-3.04549082241525,0.0,0.0,0.0
1785948288440139121,9.959068278074023,0.3872012248857961,-3.04549082241525,0.0,0.0,0.0
1785948288490757941,9.959068278074023,0.3872012248857961,-3.04549082241525,0.0,0.0,0.0
1785948288557955495,9.959967807323997,0.38713377487960515,-3.0456778960033124,0.0,0.0,0.0
1785948288606296296,9.960736974397511,0.38706660499087114,-3.0458059523391885,0.0,0.0,0.0
1785948288640759851,9.960736974397511,0.38706660499087114,-3.0458059523391885,0.0,0.0,0.0
1785948288689951365,9.960736974397511,0.38706660499087114,-3.0458059523391885,0.0,0.0,0.0
1785948288740079035,9.960736974397511,0.38706660499087114,-3.0458059523391885,0.0,0.0,0.0
1785948288812913397,9.963675761545243,0.38718742045696714,-3.0459237853892875,0.0,0.0,0.0
1785948288857423683,9.966133817488641,0.38727406788286023,-3.045988785727896,0.0,0.0,0.0
1785948288889071411,9.966133817488641,0.38727406788286023,-3.045988785727896,0.0,0.0,0.0
1785948288940284297,9.966133817488641,0.38727406788286023,-3.045988785727896,0.0,0.0,0.0
1785948289004188761,9.969015078663183,0.38743876551433204,-3.0459629268168484,0.0,0.0,0.0
1785948289057077473,9.97140511748031,0.38755932468597953,-3.045946973504328,0.0,0.0,0.0
1785948289092376285,9.97140511748031,0.38755932468597953,-3.045946973504328,0.0,0.0,0.0
1785948289140602714,9.97140511748031,0.38755932468597953,-3.045946973504328,0.0,0.0,0.0
1785948289193334909,9.97140511748031,0.38755932468597953,-3.045946973504328,0.0,0.0,0.0
1785948289260203686,9.973548557428666,0.38768417015999695,-3.045864197288107,0.0,0.0,0.0
1785948289303704246,9.975337205790296,0.3877749776404978,-3.045814235522488,0.0,0.0,0.0
1785948289343759712,9.975337205790296,0.3877749776404978,-3.045814235522488,0.0,0.0,0.0
1785948289393224674,9.975337205790296,0.3877749776404978,-3.045814235522488,0.0,0.0,0.0
1785948289459507929,9.976568902024693,0.3878325651935553,-3.0454951818409457,0.0,0.0,0.0
1785948289504874849,9.97760162685754,0.3878661335051897,-3.0453020803895225,0.0,0.0,0.0
1785948289544750214,9.97760162685754,0.3878661335051897,-3.0453020803895225,0.0,0.0,0.0
1785948289589984617,9.97760162685754,0.3878661335051897,-3.0453020803895225,0.0,0.0,0.0
1785948289640611950,9.97760162685754,0.3878661335051897,-3.0453020803895225,0.0,0.0,0.0
1785948289708435507,9.978155596347882,0.38792301007813257,-3.044803186511097,0.0,0.0,0.0
1785948289759606376,9.97861580920098,0.387965484554942,-3.0445217884769855,0.0,0.0,0.0
1785948289793728641,9.97861580920098,0.387965484554942,-3.0445217884769855,0.0,0.0,0.0
1785948289848116630,9.97861580920098,0.387965484554942,-3.0445217884769855,0.0,0.0,0.0
1785948289906596228,9.979353971390916,0.38802611684888993,-3.044261452693664,0.0,0.0,0.0
1785948289970935298,9.979977631750673,0.38807418101015395,-3.044094549919471,0.0,0.0,0.0
1785948289999930274,9.979977631750673,0.38807418101015395,-3.044094549919471,0.0,0.0,0.0
1785948290040507067,9.979977631750673,0.38807418101015395,-3.044094549919471,0.0,0.0,0.0
1785948290090648497,9.979977631750673,0.38807418101015395,-3.044094549919471,0.0,0.0,0.0
1785948290159631065,9.979731657017656,0.388041013719156,-3.0439620322384013,0.0,0.0,0.0
1785948290207366631,9.97952637263333,0.3880112939389685,-3.0438852196921196,0.0,0.0,0.0
1785948290242790759,9.97952637263333,0.3880112939389685,-3.0438852196921196,0.0,0.0,0.0
1785948290290612184,9.97952637263333,0.3880112939389685,-3.0438852196921196,0.0,0.0,0.0
1785948290342303100,9.97952637263333,0.3880112939389685,-3.0438852196921196,0.0,0.0,0.0
1785948290406668506,9.980942063790135,0.38812068831685204,-3.0439902572600803,0.0,0.0,0.0
1785948290457868880,9.982115064685944,0.3882073515036366,-3.044048228119485,0.0,0.0,0.0
1785948290492430742,9.982115064685944,0.3882073515036366,-3.044048228119485,0.0,0.0,0.0
1785948290544033944,9.982115064685944,0.3882073515036366,-3.044048228119485,0.0,0.0,0.0
1785948290604714952,9.983340460713187,0.3882750262872848,-3.0442892694408132,0.0,0.0,0.0
1785948290657126690,9.984374531707754,0.3883251997913513,-3.0444422226571546,0.0,0.0,0.0
1785948290690525317,9.984374531707754,0.3883251997913513,-3.0444422226571546,0.0,0.0,0.0
1785948290744736149,9.984374531707754,0.3883251997913513,-3.0444422226571546,0.0,0.0,0.0
1785948290790993431,9.984374531707754,0.3883251997913513,-3.0444422226571546,0.0,0.0,0.0
1785948290856294129,9.985612028576721,0.3884200558055224,-3.0443590734062815,0.0,0.0,0.0
1785948290906977207,9.986644489110429,0.38849543378319734,-3.044310908339119,0.0,0.0,0.0
1785948290942132015,9.986644489110429,0.38849543378319734,-3.044310908339119,0.0,0.0,0.0
1785948290993208289,9.986644489110429,0.38849543378319734,-3.044310908339119,0.0,0.0,0.0
1785948291044011211,9.986644489110429,0.38849543378319734,-3.044310908339119,0.0,0.0,0.0
1785948291104126538,9.988637349377399,0.3886472728991137,-3.044293529994291,0.0,0.0,0.0
1785948291155175644,9.99028679089862,0.38876656967560785,-3.044283286522067,0.0,0.0,0.0
1785948291189488282,9.99028679089862,0.38876656967560785,-3.044283286522067,0.0,0.0,0.0
1785948291239689778,9.99028679089862,0.38876656967560785,-3.044283286522067,0.0,0.0,0.0
1785948291303998510,9.99176402424638,0.3888704344635268,-3.0442766135784973,0.0,0.0,0.0
1785948291355300135,9.993009287926892,0.3889524189665205,-3.0442718872766363,0.0,0.0,0.0
1785948291390159510,9.993009287926892,0.3889524189665205,-3.0442718872766363,0.0,0.0,0.0
1785948291449546944,9.993009287926892,0.3889524189665205,-3.0442718872766363,0.0,0.0,0.0
1785948291505057398,9.993734047494998,0.3890116494008532,-3.0441805841500846,0.0,0.0,0.0
1785948291555636697,9.994338746871552,0.38905944202185383,-3.044127720936924,0.0,0.0,0.0
1785948291590990999,9.994338746871552,0.38905944202185383,-3.044127720936924,0.0,0.0,0.0
1785948291640247506,9.994338746871552,0.38905944202185383,-3.044127720936924,0.0,0.0,0.0
1785948291691208993,9.994338746871552,0.38905944202185383,-3.044127720936924,0.0,0.0,0.0
1785948291754970541,9.994161996206277,0.389035627358706,-3.0441577545945337,0.0,0.0,0.0
1785948291803545589,9.994012255582529,0.3890144704930746,-3.0441771064280463,0.0,0.0,0.0
1785948291839147226,9.994012255582529,0.3890144704930746,-3.0441771064280463,0.0,0.0,0.0
1785948291889807423,9.994012255582529,0.3890144704930746,-3.0441771064280463,0.0,0.0,0.0
1785948291958777063,9.993423674057556,0.3889747335655958,-3.0439067611641666,0.0,0.0,0.0
1785948292006649081,9.992930753810983,0.38894404429244794,-3.043750698806904,0.0,0.0,0.0
1785948292041079803,9.992930753810983,0.38894404429244794,-3.043750698806904,0.0,0.0,0.0
1785948292089850568,9.992930753810983,0.38894404429244794,-3.043750698806904,0.0,0.0,0.0
1785948292151259758,9.992930753810983,0.38894404429244794,-3.043750698806904,0.0,0.0,0.0
1785948292206176211,9.993120685496686,0.388985721188648,-3.0435878525674207,0.0,0.0,0.0
1785948292255408494,9.99327789973827,0.389024022040679,-3.0434976804039713,0.0,0.0,0.0
1785948292290274589,9.99327789973827,0.389024022040679,-3.0434976804039713,0.0,0.0,0.0
1785948292344947770,9.99327789973827,0.389024022040679,-3.0434976804039713,0.0,0.0,0.0
1785948292405651275,9.99327789973827,0.389024022040679,-3.0434976804039713,0.0,0.0,0.0
1785948292453865320,9.99321274299085,0.3890207639882712,-3.043494404478905,0.0,0.0,0.0
1785948292504496461,9.993157690496648,0.38901845690678766,-3.043492356057204,0.0,0.0,0.0
1785948292541091151,9.993157690496648,0.38901845690678766,-3.043492356057204,0.0,0.0,0.0
1785948292597668869,9.993157690496648,0.38901845690678766,-3.043492356057204,0.0,0.0,0.0
1785948292668102136,9.993332175520079,0.3890276344760702,-3.0436472606585725,0.0,0.0,0.0
1785948292712252572,9.993477903251742,0.38903409224672236,-3.0437361142260597,0.0,0.0,0.0
1785948292751761013,9.993477903251742,0.38903409224672236,-3.0437361142260597,0.0,0.0,0.0
1785948292792939808,9.993477903251742,0.38903409224672236,-3.0437361142260597,0.0,0.0,0.0
1785948292858037396,9.993690995166187,0.38905236919563724,-3.0436557165285767,0.0,0.0,0.0
1785948292912390792,9.993869817736105,0.3890673399594652,-3.0436072519117587,0.0,0.0,0.0
1785948292953744184,9.993869817736105,0.3890673399594652,-3.0436072519117587,0.0,0.0,0.0
1785948292990722374,9.993869817736105,0.3890673399594652,-3.0436072519117587,0.0,0.0,0.0
1785948293039480531,9.993869817736105,0.3890673399594652,-3.0436072519117587,0.0,0.0,0.0
1785948293105125143,9.994051955701813,0.3890810915997208,-3.043604806288443,0.0,0.0,0.0
1785948293176962196,9.994207039691824,0.389092249788163,-3.0436031508319936,0.0,0.0,0.0
1785948293192222651,9.994207039691824,0.389092249788163,-3.0436031508319936,0.0,0.0,0.0
1785948293244898620,9.994207039691824,0.389092249788163,-3.0436031508319936,0.0,0.0,0.0
1785948293316163304,9.994207039691824,0.389092249788163,-3.0436031508319936,0.0,0.0,0.0
1785948293366816910,9.994538923792856,0.38913956427134433,-3.0435891030955715,0.0,0.0,0.0
1785948293404687638,9.994817747444849,0.38918159155205645,-3.0435810726357695,0.0,0.0,0.0
1785948293440646374,9.994817747444849,0.38918159155205645,-3.0435810726357695,0.0,0.0,0.0
1785948293492534896,9.994817747444849,0.38918159155205645,-3.0435810726357695,0.0,0.0,0.0
1785948293540991988,9.994817747444849,0.38918159155205645,-3.0435810726357695,0.0,0.0,0.0
1785948293590715038,9.994817747444849,0.38918159155205645,-3.0435810726357695,0.0,0.0,0.0
1785948293666493040,9.99428290464632,0.3891569057069807,-3.0433357259242957,0.0,0.0,0.0
1785948293707745469,9.993837340644722,0.38914067698850136,-3.0431989728364828,0.0,0.0,0.0
1785948293740909241,9.993837340644722,0.38914067698850136,-3.0431989728364828,0.0,0.0,0.0
1785948293791033871,9.993837340644722,0.38914067698850136,-3.0431989728364828,0.0,0.0,0.0
1785948293856897050,9.994294936492038,0.38918929791685214,-3.0432814832328723,0.0,0.0,0.0
1785948293905684648,9.99467298313861,0.38923013582033134,-3.043326917284257,0.0,0.0,0.0
1785948293940654458,9.99467298313861,0.38923013582033134,-3.043326917284257,0.0,0.0,0.0
1785948293989602092,9.99467298313861,0.38923013582033134,-3.043326917284257,0.0,0.0,0.0
1785948294050540900,9.99467298313861,0.38923013582033134,-3.043326917284257,0.0,0.0,0.0
1785948294103504367,9.994241177057683,0.38917524219400795,-3.043426485198767,0.0,0.0,0.0
1785948294155399897,9.993886200082127,0.38912794973624903,-3.043480880582825,0.0,0.0,0.0
1785948294189010179,9.993886200082127,0.38912794973624903,-3.043480880582825,0.0,0.0,0.0
1785948294247284171,9.993886200082127,0.38912794973624903,-3.043480880582825,0.0,0.0,0.0
1785948294289649050,9.993886200082127,0.38912794973624903,-3.043480880582825,0.0,0.0,0.0
1785948294358527742,9.993504819294051,0.38908978584949727,-3.0434637645644123,0.0,0.0,0.0
1785948294408164837,9.99318500231897,0.38905763968100915,-3.043452954218097,0.0,0.0,0.0
1785948294441757390,9.99318500231897,0.38905763968100915,-3.043452954218097,0.0,0.0,0.0
1785948294490031309,9.99318500231897,0.38905763968100915,-3.043452954218097,0.0,0.0,0.0
1785948294543019384,9.99318500231897,0.38905763968100915,-3.043452954218097,0.0,0.0,0.0
1785948294605621185,9.993443178121408,0.3890786759854673,-3.043503014267846,0.0,0.0,0.0
1785948294661544644,9.99365769355877,0.38909547701094455,-3.043531613256581,0.0,0.0,0.0
1785948294691962446,9.99365769355877,0.38909547701094455,-3.043531613256581,0.0,0.0,0.0
1785948294739071146,9.99365769355877,0.38909547701094455,-3.043531613256581,0.0,0.0,0.0
1785948294806142553,9.99362980460841,0.38908902302146775,-3.0435119937189774,0.0,0.0,0.0
1785948294853541725,9.99360673320487,0.38908307077844106,-3.0435007232613356,0.0,0.0,0.0
1785948294891548650,9.99360673320487,0.38908307077844106,-3.0435007232613356,0.0,0.0,0.0
1785948294946117316,9.99360673320487,0.38908307077844106,-3.0435007232613356,0.0,0.0,0.0
1785948295010778443,9.993253192036132,0.38904403730176,-3.0435088501462233,0.0,0.0,0.0
1785948295060512021,9.992961898666989,0.3890111373074319,-3.043513272706547,0.0,0.0,0.0
1785948295088893027,9.992961898666989,0.3890111373074319,-3.043513272706547,0.0,0.0,0.0
1785948295139605674,9.992961898666989,0.3890111373074319,-3.043513272706547,0.0,0.0,0.0
1785948295190078378,9.992961898666989,0.3890111373074319,-3.043513272706547,0.0,0.0,0.0
1785948295254846420,9.993295886759313,0.38904894375426585,-3.0434208599141255,0.0,0.0,0.0
1785948295305191216,9.993568914889554,0.3890807333233827,-3.0433715037500884,0.0,0.0,0.0
1785948295343767694,9.993568914889554,0.3890807333233827,-3.0433715037500884,0.0,0.0,0.0
1785948295393241648,9.993568914889554,0.3890807333233827,-3.0433715037500884,0.0,0.0,0.0
1785948295446493859,9.993568914889554,0.3890807333233827,-3.0433715037500884,0.0,0.0,0.0
1785948295510658491,9.993582051747365,0.38908328322624314,-3.0433245945803153,0.0,0.0,0.0
1785948295557153285,9.993592895534375,0.3890855982367047,-3.0432970815281846,0.0,0.0,0.0
1785948295590493766,9.993592895534375,0.3890855982367047,-3.0432970815281846,0.0,0.0,0.0
1785948295640512217,9.993592895534375,0.3890855982367047,-3.0432970815281846,0.0,0.0,0.0
1785948295706020121,9.994000578908851,0.38912409332729286,-3.0433699961960023,0.0,0.0,0.0
1785948295753895019,9.994336044513803,0.38915551075080435,-3.043410717405869,0.0,0.0,0.0
1785948295790524559,9.994336044513803,0.38915551075080435,-3.043410717405869,0.0,0.0,0.0
1785948295842133649,9.994336044513803,0.38915551075080435,-3.043410717405869,0.0,0.0,0.0
1785948295890009764,9.994336044513803,0.38915551075080435,-3.043410717405869,0.0,0.0,0.0
1785948295959414968,9.994271223087681,0.38916181450270904,-3.043412418123317,0.0,0.0,0.0
1785948296004195118,9.994216644420323,0.3891690253522326,-3.0434136637348357,0.0,0.0,0.0
1785948296053346855,9.994216644420323,0.3891690253522326,-3.0434136637348357,0.0,0.0,0.0
1785948296090346486,9.994216644420323,0.3891690253522326,-3.0434136637348357,0.0,0.0,0.0
1785948296153678389,9.994605441913246,0.38921099550274363,-3.0434489605290054,0.0,0.0,0.0
1785948296210301260,9.994928648583146,0.38924649048792037,-3.0434693629468725,0.0,0.0,0.0
1785948296244147389,9.994928648583146,0.38924649048792037,-3.0434693629468725,0.0,0.0,0.0
1785948296291769864,9.994928648583146,0.38924649048792037,-3.0434693629468725,0.0,0.0,0.0
1785948296344916216,9.994928648583146,0.38924649048792037,-3.0434693629468725,0.0,0.0,0.0
1785948296408907051,9.994814102203819,0.38923163697751206,-3.043437453469268,0.0,0.0,0.0
1785948296462906708,9.994719597465629,0.3892187813835505,-3.0434197060062167,0.0,0.0,0.0
1785948296489979450,9.994719597465629,0.3892187813835505,-3.0434197060062167,0.0,0.0,0.0
1785948296545519762,9.994719597465629,0.3892187813835505,-3.0434197060062167,0.0,0.0,0.0
1785948296604236999,9.995597466238115,0.38930662473103167,-3.043431415492227,0.0,0.0,0.0
1785948296656306807,9.996336056181832,0.3893807621144108,-3.043438889615591,0.0,0.0,0.0
1785948296689756892,9.996336056181832,0.3893807621144108,-3.043438889615591,0.0,0.0,0.0
1785948296743673026,9.996336056181832,0.3893807621144108,-3.043438889615591,0.0,0.0,0.0
1785948296804137932,9.99553952103459,0.3892983434999286,-3.043472203266622,0.0,0.0,0.0
1785948296856268574,9.994876351915822,0.38922907063620366,-3.043491288648109,0.0,0.0,0.0
1785948296889976906,9.994876351915822,0.38922907063620366,-3.043491288648109,0.0,0.0,0.0
1785948296942547049,9.994876351915822,0.38922907063620366,-3.043491288648109,0.0,0.0,0.0
1785948296993961669,9.994876351915822,0.38922907063620366,-3.043491288648109,0.0,0.0,0.0
1785948297056779509,9.994491769178044,0.38917705977871686,-3.0434767434653898,0.0,0.0,0.0
1785948297106682372,9.994166445984174,0.38913098318611977,-3.0434671832240467,0.0,0.0,0.0
1785948297148507170,9.994166445984174,0.38913098318611977,-3.0434671832240467,0.0,0.0,0.0
1785948297190958099,9.994166445984174,0.38913098318611977,-3.0434671832240467,0.0,0.0,0.0
1785948297263586728,9.99449800035069,0.3891612453421463,-3.0435206700308273,0.0,0.0,0.0
1785948297306608650,9.994775281516402,0.38918618661593785,-3.0435515314111274,0.0,0.0,0.0
1785948297342566713,9.994775281516402,0.38918618661593785,-3.0435515314111274,0.0,0.0,0.0
1785948297390627153,9.994775281516402,0.38918618661593785,-3.0435515314111274,0.0,0.0,0.0
1785948297443966823,9.994775281516402,0.38918618661593785,-3.0435515314111274,0.0,0.0,0.0
1785948297504672536,9.995089201070828,0.3892143587635531,-3.0435650995579335,0.0,0.0,0.0
1785948297556828842,9.995349630857492,0.3892372873946156,-3.043572621239994,0.0,0.0,0.0
1785948297592666198,9.995349630857492,0.3892372873946156,-3.043572621239994,0.0,0.0,0.0
1785948297641962259,9.995349630857492,0.3892372873946156,-3.043572621239994,0.0,0.0,0.0
1785948297705566970,9.995569903440574,0.38925557964213386,-3.04355108744826,0.0,0.0,0.0
1785948297768829176,9.995755929554925,0.38927052619406655,-3.0435372920613415,0.0,0.0,0.0
1785948297790177812,9.995755929554925,0.38927052619406655,-3.0435372920613415,0.0,0.0,0.0
1785948297843577163,9.995755929554925,0.38927052619406655,-3.0435372920613415,0.0,0.0,0.0
1785948297891311962,9.995755929554925,0.38927052619406655,-3.0435372920613415,0.0,0.0,0.0
1785948297958588846,9.995025239179647,0.38919317180321694,-3.0435650653459523,0.0,0.0,0.0
1785948298006325789,9.994415103061211,0.3891277240495492,-3.04358101755437,0.0,0.0,0.0
1785948298049568550,9.994415103061211,0.3891277240495492,-3.04358101755437,0.0,0.0,0.0
1785948298089789780,9.994415103061211,0.3891277240495492,-3.04358101755437,0.0,0.0,0.0
1785948298141154063,9.994415103061211,0.3891277240495492,-3.04358101755437,0.0,0.0,0.0
1785948298209904336,9.994282251819756,0.3891078682037454,-3.0435968551596293,0.0,0.0,0.0
1785948298259519702,9.994169525650866,0.38909004254816737,-3.043607087752815,0.0,0.0,0.0
1785948298290975167,9.994169525650866,0.38909004254816737,-3.043607087752815,0.0,0.0,0.0
1785948298342468126,9.994169525650866,0.38909004254816737,-3.043607087752815,0.0,0.0,0.0
1785948298406992289,9.99409305056679,0.38908535345416323,-3.0431215178280997,0.0,0.0,0.0
1785948298461868388,9.99403035417216,0.389082000374613,-3.0428754935567897,0.0,0.0,0.0
1785948298490653726,9.99403035417216,0.389082000374613,-3.0428754935567897,0.0,0.0,0.0
1785948298542848849,9.99403035417216,0.389082000374613,-3.0428754935567897,0.0,0.0,0.0
1785948298590785222,9.99403035417216,0.389082000374613,-3.0428754935567897,0.0,0.0,0.0
1785948298656054335,9.993614356978847,0.38902738023574446,-3.043141276001569,0.0,0.0,0.0
1785948298707069359,9.993270815887644,0.3889799907568309,-3.0432927158587413,0.0,0.0,0.0
1785948298741726360,9.993270815887644,0.3889799907568309,-3.0432927158587413,0.0,0.0,0.0
1785948298791198874,9.993270815887644,0.3889799907568309,-3.0432927158587413,0.0,0.0,0.0
1785948298859104097,9.994493552111296,0.3891052485810903,-3.043374826184031,0.0,0.0,0.0
1785948298906646154,9.99551084056436,0.38921024567134693,-3.043423762291694,0.0,0.0,0.0
1785948298945186663,9.99551084056436,0.38921024567134693,-3.043423762291694,0.0,0.0,0.0
1785948298991212514,9.99551084056436,0.38921024567134693,-3.043423762291694,0.0,0.0,0.0
1785948299041386329,9.99551084056436,0.38921024567134693,-3.043423762291694,0.0,0.0,0.0
1785948299107021213,9.99502419136316,0.38916481777281675,-3.0432559587980297,0.0,0.0,0.0
1785948299157847464,9.99462220277863,0.3891277067883293,-3.0431619735209177,0.0,0.0,0.0
1785948299190334448,9.99462220277863,0.3891277067883293,-3.0431619735209177,0.0,0.0,0.0
1785948299243249913,9.99462220277863,0.3891277067883293,-3.0431619735209177,0.0,0.0,0.0
1785948299289643711,9.99462220277863,0.3891277067883293,-3.0431619735209177,0.0,0.0,0.0
1785948299365770556,9.99467680031411,0.38912979105201095,-3.0432277655018725,0.0,0.0,0.0
1785948299405309622,9.994722284253434,0.3891310011680776,-3.043266744222788,0.0,0.0,0.0
1785948299443357956,9.994722284253434,0.3891310011680776,-3.043266744222788,0.0,0.0,0.0
1785948299490029235,9.994722284253434,0.3891310011680776,-3.043266744222788,0.0,0.0,0.0
1785948299560233279,9.995119117070638,0.38915966567380633,-3.04337238240241,0.0,0.0,0.0
1785948299604538535,9.995447034235035,0.3891816196799652,-3.043431299052509,0.0,0.0,0.0
1785948299651044977,9.995447034235035,0.3891816196799652,-3.043431299052509,0.0,0.0,0.0
1785948299692025910,9.995447034235035,0.3891816196799652,-3.043431299052509,0.0,0.0,0.0
1785948299741361588,9.995447034235035,0.3891816196799652,-3.043431299052509,0.0,0.0,0.0
1785948299804326633,9.995853124722068,0.38921756976144783,-3.043466088831018,0.0,0.0,0.0
1785948299857273586,9.996193610790343,0.3892470912251211,-3.043487666329986,0.0,0.0,0.0
1785948299889620470,9.996193610790343,0.3892470912251211,-3.043487666329986,0.0,0.0,0.0
1785948299968340032,9.996193610790343,0.3892470912251211,-3.043487666329986,0.0,0.0,0.0
1785948300000385243,9.996193610790343,0.3892470912251211,-3.043487666329986,0.0,0.0,0.0
1785948300059176627,9.995191529007169,0.3891449441189023,-3.043427992211014,0.0,0.0,0.0
1785948300107600726,9.994358836025071,0.38905948906174864,-3.0433938080819525,0.0,0.0,0.0
1785948300155214369,9.994358836025071,0.38905948906174864,-3.0433938080819525,0.0,0.0,0.0
1785948300199755056,9.994358836025071,0.38905948906174864,-3.0433938080819525,0.0,0.0,0.0
1785948300253000995,9.994358836025071,0.38905948906174864,-3.0433938080819525,0.0,0.0,0.0
1785948300309952996,9.994255687923335,0.3890412664966309,-3.0434349221153596,0.0,0.0,0.0
1785948300363207255,9.994168588276194,0.38902467784503364,-3.043461349285149,0.0,0.0,0.0
1785948300389518375,9.994168588276194,0.38902467784503364,-3.043461349285149,0.0,0.0,0.0
1785948300446276162,9.994168588276194,0.38902467784503364,-3.043461349285149,0.0,0.0,0.0
1785948300491090554,9.994168588276194,0.38902467784503364,-3.043461349285149,0.0,0.0,0.0
1785948300559190951,9.994085238367909,0.3890075215408895,-3.0436498042811335,0.0,0.0,0.0
1785948300608673770,9.99401740826831,0.3889919541925206,-3.043744314811639,0.0,0.0,0.0
1785948300654671429,9.99401740826831,0.3889919541925206,-3.043744314811639,0.0,0.0,0.0
1785948300689410128,9.99401740826831,0.3889919541925206,-3.043744314811639,0.0,0.0,0.0
1785948300764621041,9.993569407906257,0.38894159058372185,-3.0437012430570047,0.0,0.0,0.0
1785948300812583302,9.993195681666284,0.388898584919909,-3.0436746186130765,0.0,0.0,0.0
1785948300840711629,9.993195681666284,0.388898584919909,-3.0436746186130765,0.0,0.0,0.0
1785948300889462809,9.993195681666284,0.388898584919909,-3.0436746186130765,0.0,0.0,0.0
1785948300940717617,9.993195681666284,0.388898584919909,-3.0436746186130765,0.0,0.0,0.0
1785948300993290095,9.993195681666284,0.388898584919909,-3.0436746186130765,0.0,0.0,0.0
1785948301098704277,9.99379230000166,0.3889606410928159,-3.043559327191549,0.0,0.0,0.0
1785948301130730351,9.994285913522667,0.38901252855895335,-3.0434940873338965,0.0,0.0,0.0
1785948301136552700,9.994285913522667,0.38901252855895335,-3.0434940873338965,0.0,0.0,0.0
1785948301190271325,9.994285913522667,0.38901252855895335,-3.0434940873338965,0.0,0.0,0.0
1785948301256823388,9.994285913522667,0.38901252855895335,-3.0434940873338965,0.0,0.0,0.0
1785948301306057336,9.994327331323312,0.3890172206679811,-3.0434622485185385,0.0,0.0,0.0
1785948301360665267,9.994362203071315,0.38902126381200797,-3.04344192297158,0.0,0.0,0.0
1785948301390660529,9.994362203071315,0.38902126381200797,-3.04344192297158,0.0,0.0,0.0
1785948301441403449,9.994362203071315,0.38902126381200797,-3.04344192297158,0.0,0.0,0.0
1785948301508509033,9.994643906052474,0.3890395067663449,-3.0435583203738132,0.0,0.0,0.0
1785948301591282955,9.994881588291769,0.3890534737441524,-3.0436304483958265,0.0,0.0,0.0
1785948301618832896,9.994881588291769,0.3890534737441524,-3.0436304483958265,0.0,0.0,0.0
1785948301640025176,9.994881588291769,0.3890534737441524,-3.0436304483958265,0.0,0.0,0.0
1785948301690105804,9.994881588291769,0.3890534737441524,-3.0436304483958265,0.0,0.0,0.0
1785948301740722000,9.994881588291769,0.3890534737441524,-3.0436304483958265,0.0,0.0,0.0
1785948301845622726,9.994894140834202,0.38905576210813975,-3.0435394925058468,0.0,0.0,0.0
1785948301867988065,9.994904457959572,0.3890578232950437,-3.043491474833415,0.0,0.0,0.0
1785948301891045200,9.994904457959572,0.3890578232950437,-3.043491474833415,0.0,0.0,0.0
1785948301952153901,9.994904457959572,0.3890578232950437,-3.043491474833415,0.0,0.0,0.0
1785948301990412513,9.994904457959572,0.3890578232950437,-3.043491474833415,0.0,0.0,0.0
1785948302059926233,9.995295145026374,0.38909528318731545,-3.043483527009605,0.0,0.0,0.0
1785948302116750966,9.99561938366359,0.38912620203971476,-3.0434789000275555,0.0,0.0,0.0
1785948302141120652,9.99561938366359,0.38912620203971476,-3.0434789000275555,0.0,0.0,0.0
1785948302189469357,9.99561938366359,0.38912620203971476,-3.0434789000275555,0.0,0.0,0.0
1785948302241114256,9.99561938366359,0.38912620203971476,-3.0434789000275555,0.0,0.0,0.0
1785948302306425098,9.995006553781913,0.38905834216943624,-3.0434857024638076,0.0,0.0,0.0
1785948302357989867,9.994501306846486,0.3890011304131183,-3.0434893682184647,0.0,0.0,0.0
1785948302392063554,9.994501306846486,0.3890011304131183,-3.0434893682184647,0.0,0.0,0.0
1785948302441031925,9.994501306846486,0.3890011304131183,-3.0434893682184647,0.0,0.0,0.0
1785948302489444888,9.994501306846486,0.3890011304131183,-3.0434893682184647,0.0,0.0,0.0
1785948302571637577,9.993148598151626,0.38886278393915014,-3.0434839827881963,0.0,0.0,0.0
1785948302607535191,9.992024753998571,0.38874701734194644,-3.0434807303635028,0.0,0.0,0.0
1785948302660584292,9.992024753998571,0.38874701734194644,-3.0434807303635028,0.0,0.0,0.0
1785948302691583712,9.992024753998571,0.38874701734194644,-3.0434807303635028,0.0,0.0,0.0
1785948302741384716,9.992024753998571,0.38874701734194644,-3.0434807303635028,0.0,0.0,0.0
1785948302806240568,9.991723332567894,0.3887128022232667,-3.043459074784759,0.0,0.0,0.0
1785948302854231855,9.991471724846319,0.38868352192811656,-3.0434459892683914,0.0,0.0,0.0
1785948302889625901,9.991471724846319,0.38868352192811656,-3.0434459892683914,0.0,0.0,0.0
1785948302943167145,9.991471724846319,0.38868352192811656,-3.0434459892683914,0.0,0.0,0.0
1785948302992405060,9.991471724846319,0.38868352192811656,-3.0434459892683914,0.0,0.0,0.0
1785948303058917666,9.992020995671744,0.388735252663978,-3.0434416518624867,0.0,0.0,0.0
1785948303106906072,9.992467743844243,0.38877690891008226,-3.0434394120762436,0.0,0.0,0.0
1785948303141946444,9.992467743844243,0.38877690891008226,-3.0434394120762436,0.0,0.0,0.0
1785948303189320688,9.992467743844243,0.38877690891008226,-3.0434394120762436,0.0,0.0,0.0
1785948303250514256,9.992467743844243,0.38877690891008226,-3.0434394120762436,0.0,0.0,0.0
1785948303306813021,9.991856639796643,0.38871305944444334,-3.0434606626447303,0.0,0.0,0.0
1785948303356820784,9.991360748883077,0.3886605716735793,-3.0434717970114296,0.0,0.0,0.0
1785948303389644002,9.991360748883077,0.3886605716735793,-3.0434717970114296,0.0,0.0,0.0
1785948303444781581,9.991360748883077,0.3886605716735793,-3.0434717970114296,0.0,0.0,0.0
1785948303504910349,9.991792029395814,0.38869292807488665,-3.0434027995910213,0.0,0.0,0.0
1785948303558229921,9.992146474455604,0.3887177858887698,-3.043362763177188,0.0,0.0,0.0
1785948303590387616,9.992146474455604,0.3887177858887698,-3.043362763177188,0.0,0.0,0.0
1785948303641513587,9.992146474455604,0.3887177858887698,-3.043362763177188,0.0,0.0,0.0
1785948303693068340,9.992146474455604,0.3887177858887698,-3.043362763177188,0.0,0.0,0.0
1785948303762350308,9.992878878346131,0.38878881071251703,-3.0434546777521367,0.0,0.0,0.0
1785948303805035260,9.993491079355719,0.3888480141057185,-3.0435128496550576,0.0,0.0,0.0
1785948303843264655,9.993491079355719,0.3888480141057185,-3.0435128496550576,0.0,0.0,0.0
1785948303893476904,9.993491079355719,0.3888480141057185,-3.0435128496550576,0.0,0.0,0.0
1785948303941837961,9.993491079355719,0.3888480141057185,-3.0435128496550576,0.0,0.0,0.0
1785948304003936611,9.993539533249308,0.3888511610911359,-3.043505398462472,0.0,0.0,0.0
1785948304062140650,9.993579063932717,0.3888534400604312,-3.0435014983137045,0.0,0.0,0.0
1785948304090142924,9.993579063932717,0.3888534400604312,-3.0435014983137045,0.0,0.0,0.0
1785948304140995640,9.993579063932717,0.3888534400604312,-3.0435014983137045,0.0,0.0,0.0
1785948304204075663,9.993851856114473,0.38887609818331476,-3.043513872821291,0.0,0.0,0.0
1785948304253933981,9.994077465806422,0.38889413918790233,-3.0435210900243437,0.0,0.0,0.0
1785948304289541890,9.994077465806422,0.38889413918790233,-3.0435210900243437,0.0,0.0,0.0
1785948304339634295,9.994077465806422,0.38889413918790233,-3.0435210900243437,0.0,0.0,0.0
1785948304390335230,9.994077465806422,0.38889413918790233,-3.0435210900243437,0.0,0.0,0.0
1785948304456475953,9.994316703408478,0.38891735041308767,-3.043511962398563,0.0,0.0,0.0
1785948304505314624,9.994515802040205,0.3889366138532339,-3.043506473947537,0.0,0.0,0.0
1785948304540046827,9.994515802040205,0.3889366138532339,-3.043506473947537,0.0,0.0,0.0
1785948304589380201,9.994515802040205,0.3889366138532339,-3.043506473947537,0.0,0.0,0.0
1785948304640982795,9.994515802040205,0.3889366138532339,-3.043506473947537,0.0,0.0,0.0
1785948304705679027,9.994457008418772,0.38892906324657733,-3.0434963051323463,0.0,0.0,0.0
1785948304753897328,9.994407874183514,0.38892247386527906,-3.043490114697008,0.0,0.0,0.0
1785948304788962949,9.994407874183514,0.38892247386527906,-3.043490114697008,0.0,0.0,0.0
1785948304840677098,9.994407874183514,0.38892247386527906,-3.043490114697008,0.0,0.0,0.0
1785948304906869310,9.994909923977168,0.3889695604373501,-3.0435521207871807,0.0,0.0,0.0
1785948304955539401,9.995325486613007,0.3890081493284457,-3.0435867539780808,0.0,0.0,0.0
1785948304990718721,9.995325486613007,0.3890081493284457,-3.0435867539780808,0.0,0.0,0.0
1785948305040126081,9.995325486613007,0.3890081493284457,-3.0435867539780808,0.0,0.0,0.0
1785948305090892362,9.995325486613007,0.3890081493284457,-3.0435867539780808,0.0,0.0,0.0
1785948305156453996,9.995489191426303,0.38902134131146254,-3.043646809731052,0.0,0.0,0.0
1785948305205329148,9.995627295966413,0.3890320312062276,-3.043685272038067,0.0,0.0,0.0
1785948305242100548,9.995627295966413,0.3890320312062276,-3.043685272038067,0.0,0.0,0.0
1785948305289957302,9.995627295966413,0.3890320312062276,-3.043685272038067,0.0,0.0,0.0
1785948305346797332,9.995627295966413,0.3890320312062276,-3.043685272038067,0.0,0.0,0.0
1785948305409159734,9.99556431094108,0.3890324888270699,-3.0434845374780313,0.0,0.0,0.0
1785948305459230474,9.995511788903343,0.38903393673491643,-3.043370515801857,0.0,0.0,0.0
1785948305489904925,9.995511788903343,0.38903393673491643,-3.043370515801857,0.0,0.0,0.0
1785948305539225818,9.995511788903343,0.38903393673491643,-3.043370515801857,0.0,0.0,0.0
1785948305591082212,9.995511788903343,0.38903393673491643,-3.043370515801857,0.0,0.0,0.0
1785948305655146137,9.9952752758993,0.38899952732977705,-3.0434556777316693,0.0,0.0,0.0
1785948305707176647,9.995080002414557,0.388969243425616,-3.0435026237854053,0.0,0.0,0.0
1785948305745798374,9.995080002414557,0.388969243425616,-3.0435026237854053,0.0,0.0,0.0
1785948305789535805,9.995080002414557,0.388969243425616,-3.0435026237854053,0.0,0.0,0.0
1785948305862917160,9.994410581624411,0.38890095024495386,-3.043499957580373,0.0,0.0,0.0
1785948305908846817,9.993854744984027,0.38884385338124716,-3.0434983713779116,0.0,0.0,0.0
1785948305941154628,9.993854744984027,0.38884385338124716,-3.0434983713779116,0.0,0.0,0.0
1785948305999223878,9.993854744984027,0.38884385338124716,-3.0434983713779116,0.0,0.0,0.0
1785948306041001763,9.993854744984027,0.38884385338124716,-3.0434983713779116,0.0,0.0,0.0
1785948306109800645,9.994228706763595,0.3888792106571453,-3.0434652018475243,0.0,0.0,0.0
1785948306161883829,9.99453716134063,0.38890812793839125,-3.0434467446295654,0.0,0.0,0.0
1785948306193246556,9.99453716134063,0.38890812793839125,-3.0434467446295654,0.0,0.0,0.0
1785948306246815224,9.99453716134063,0.38890812793839125,-3.0434467446295654,0.0,0.0,0.0
1785948306290824696,9.99453716134063,0.38890812793839125,-3.0434467446295654,0.0,0.0,0.0
1785948306355950892,9.994851459711633,0.388939424214119,-3.0434351863383786,0.0,0.0,0.0
1785948306406509167,9.995109589871667,0.38896518978982864,-3.04342884316448,0.0,0.0,0.0
1785948306450692980,9.995109589871667,0.38896518978982864,-3.04342884316448,0.0,0.0,0.0
1785948306490382194,9.995109589871667,0.38896518978982864,-3.04342884316448,0.0,0.0,0.0
1785948306597110943,9.99478457324569,0.38893116017744467,-3.0433947568838353,0.0,0.0,0.0
1785948306631184822,9.994512117435988,0.3889023157628505,-3.0433731018283585,0.0,0.0,0.0
1785948306648151216,9.994512117435988,0.3889023157628505,-3.0433731018283585,0.0,0.0,0.0
1785948306693620443,9.994512117435988,0.3889023157628505,-3.0433731018283585,0.0,0.0,0.0
1785948306741459852,9.994512117435988,0.3889023157628505,-3.0433731018283585,0.0,0.0,0.0
1785948306810348913,9.993777243825695,0.38882562357227957,-3.0434359640516266,0.0,0.0,0.0
1785948306870240618,9.993166841283829,0.38876120735250097,-3.0434720142699927,0.0,0.0,0.0
1785948306892929262,9.993166841283829,0.38876120735250097,-3.0434720142699927,0.0,0.0,0.0
1785948306959510350,9.993166841283829,0.38876120735250097,-3.0434720142699927,0.0,0.0,0.0
1785948306991578954,9.993166841283829,0.38876120735250097,-3.0434720142699927,0.0,0.0,0.0
1785948307042220175,9.993166841283829,0.38876120735250097,-3.0434720142699927,0.0,0.0,0.0
1785948307107482344,9.993166841283829,0.38876120735250097,-3.0434720142699927,0.0,0.0,0.0
1785948307160519700,9.992767944563319,0.3887203235503262,-3.043488729885844,0.0,0.0,0.0
1785948307226037653,9.992430885139354,0.3886855347925692,-3.0434994880083917,0.0,0.0,0.0
1785948307244654975,9.992430885139354,0.3886855347925692,-3.0434994880083917,0.0,0.0,0.0
1785948307292274634,9.992430885139354,0.3886855347925692,-3.0434994880083917,0.0,0.0,0.0
1785948307355307649,9.992430885139354,0.3886855347925692,-3.0434994880083917,0.0,0.0,0.0
1785948307407737307,9.993246197131725,0.3887556873275945,-3.0436179489607547,0.0,0.0,0.0
1785948307456006458,9.993919386172374,0.38881191598548737,-3.043681578384667,0.0,0.0,0.0
1785948307491151313,9.993919386172374,0.38881191598548737,-3.043681578384667,0.0,0.0,0.0
1785948307539637334,9.993919386172374,0.38881191598548737,-3.043681578384667,0.0,0.0,0.0
1785948307590427135,9.993919386172374,0.38881191598548737,-3.043681578384667,0.0,0.0,0.0
1785948307654062120,9.99373673769854,0.38879464802338065,-3.0435577862258234,0.0,0.0,0.0
1785948307704889202,9.993586629943081,0.3887805780832529,-3.0434904440493424,0.0,0.0,0.0
1785948307740897379,9.993586629943081,0.3887805780832529,-3.0434904440493424,0.0,0.0,0.0
1785948307790764561,9.993586629943081,0.3887805780832529,-3.0434904440493424,0.0,0.0,0.0
1785948307840601054,9.993586629943081,0.3887805780832529,-3.0434904440493424,0.0,0.0,0.0
1785948307890006751,9.993586629943081,0.3887805780832529,-3.0434904440493424,0.0,0.0,0.0
1785948307940853738,9.993586629943081,0.3887805780832529,-3.0434904440493424,0.0,0.0,0.0
1785948308011336382,9.993049217846892,0.38872716138255137,-3.043443195053981,0.0,0.0,0.0
1785948308060725054,9.992608932823556,0.38868330512169147,-3.0434173999047442,0.0,0.0,0.0
1785948308093484494,9.992608932823556,0.38868330512169147,-3.0434173999047442,0.0,0.0,0.0
1785948308148224269,9.992608932823556,0.38868330512169147,-3.0434173999047442,0.0,0.0,0.0
1785948308196421706,9.992608932823556,0.38868330512169147,-3.0434173999047442,0.0,0.0,0.0
1785948308263397173,9.992472488484752,0.38866343078496474,-3.0434425356481754,0.0,0.0,0.0
1785948308306339157,9.992359756995448,0.3886459259146643,-3.043457159740183,0.0,0.0,0.0
1785948308340238951,9.992359756995448,0.3886459259146643,-3.043457159740183,0.0,0.0,0.0
1785948308409317906,9.992359756995448,0.3886459259146643,-3.043457159740183,0.0,0.0,0.0
1785948308441269994,9.992359756995448,0.3886459259146643,-3.043457159740183,0.0,0.0,0.0
1785948308511049321,9.992445155025608,0.38865330246750224,-3.0434296354634287,0.0,0.0,0.0
1785948308555494966,9.992516454056522,0.38865929718034725,-3.04341279930016,0.0,0.0,0.0
1785948308589619151,9.992516454056522,0.38865929718034725,-3.04341279930016,0.0,0.0,0.0
1785948308642154700,9.992516454056522,0.38865929718034725,-3.04341279930016,0.0,0.0,0.0
1785948308690966427,9.992516454056522,0.38865929718034725,-3.04341279930016,0.0,0.0,0.0
1785948308759901793,9.993407577769732,0.3887467416184511,-3.043440184245013,0.0,0.0,0.0
1785948308808577004,9.994134594783382,0.3888180328896725,-3.043454384884549,0.0,0.0,0.0
1785948308841384093,9.994134594783382,0.3888180328896725,-3.043454384884549,0.0,0.0,0.0
1785948308889801856,9.994134594783382,0.3888180328896725,-3.043454384884549,0.0,0.0,0.0
1785948308939810674,9.994134594783382,0.3888180328896725,-3.043454384884549,0.0,0.0,0.0
1785948309007035910,9.994471397693916,0.38885637939935475,-3.043435528281757,0.0,0.0,0.0
1785948309066402063,9.994745944004684,0.38888856851947895,-3.043425456530839,0.0,0.0,0.0
1785948309091209554,9.994745944004684,0.38888856851947895,-3.043425456530839,0.0,0.0,0.0
1785948309140699317,9.994745944004684,0.38888856851947895,-3.043425456530839,0.0,0.0,0.0
1785948309213854073,9.995081681640283,0.38891942564452314,-3.0434499384647355,0.0,0.0,0.0
1785948309258501099,9.995358532568074,0.3889444977296754,-3.0434642045047027,0.0,0.0,0.0
1785948309291088182,9.995358532568074,0.3889444977296754,-3.0434642045047027,0.0,0.0,0.0
1785948309353081038,9.995358532568074,0.3889444977296754,-3.0434642045047027,0.0,0.0,0.0
1785948309391812272,9.995358532568074,0.3889444977296754,-3.0434642045047027,0.0,0.0,0.0
1785948309459350060,9.99537565142766,0.38894562172152713,-3.0434169598348997,0.0,0.0,0.0
1785948309505467147,9.995390089140544,0.3889464848238991,-3.0433856933734247,0.0,0.0,0.0
1785948309540751494,9.995390089140544,0.3889464848238991,-3.0433856933734247,0.0,0.0,0.0
1785948309594709294,9.995390089140544,0.3889464848238991,-3.0433856933734247,0.0,0.0,0.0
1785948309643558590,9.995390089140544,0.3889464848238991,-3.0433856933734247,0.0,0.0,0.0
1785948309705618711,9.99562179823428,0.3889693026363771,-3.043377345396948,0.0,0.0,0.0
1785948309758801928,9.995812902099773,0.388988124646469,-3.0433727853335175,0.0,0.0,0.0
1785948309793549491,9.995812902099773,0.388988124646469,-3.0433727853335175,0.0,0.0,0.0
1785948309840428296,9.995812902099773,0.388988124646469,-3.0433727853335175,0.0,0.0,0.0
1785948309893128779,9.995812902099773,0.388988124646469,-3.0433727853335175,0.0,0.0,0.0
1785948309958035705,9.99522390561262,0.38892453977486996,-3.043407865538506,0.0,0.0,0.0
1785948310011278092,9.99473456937561,0.38887079226194227,-3.043428364564401,0.0,0.0,0.0
1785948310058247779,9.99473456937561,0.38887079226194227,-3.043428364564401,0.0,0.0,0.0
1785948310092720423,9.99473456937561,0.38887079226194227,-3.043428364564401,0.0,0.0,0.0
1785948310140210414,9.99473456937561,0.38887079226194227,-3.043428364564401,0.0,0.0,0.0
1785948310199239981,9.99473456937561,0.38887079226194227,-3.043428364564401,0.0,0.0,0.0
1785948310265720746,9.995726156019701,0.3889633441570893,-3.04350415329244,0.0,0.0,0.0
1785948310323062551,9.996544782079848,0.38903890044435135,-3.043546424560086,0.0,0.0,0.0
1785948310329212078,9.996544782079848,0.38903890044435135,-3.043546424560086,0.0,0.0,0.0
1785948310389511507,9.996544782079848,0.38903890044435135,-3.043546424560086,0.0,0.0,0.0
1785948310455586596,9.996544782079848,0.38903890044435135,-3.043546424560086,0.0,0.0,0.0
1785948310492589618,9.996544782079848,0.38903890044435135,-3.043546424560086,0.0,0.0,0.0
1785948310559053519,9.996716140730301,0.389053848928282,-3.043541753714915,0.0,0.0,0.0
1785948310605204782,9.996857278786315,0.3890658331175477,-3.043539121801346,0.0,0.0,0.0
1785948310647892710,9.996857278786315,0.3890658331175477,-3.043539121801346,0.0,0.0,0.0
1785948310690867015,9.996857278786315,0.3890658331175477,-3.043539121801346,0.0,0.0,0.0
1785948310758689004,9.997159767490347,0.38909555585580213,-3.043531276880288,0.0,0.0,0.0
1785948310807942152,9.997408161022756,0.3891199538773067,-3.043526940445807,0.0,0.0,0.0
1785948310841252169,9.997408161022756,0.3891199538773067,-3.043526940445807,0.0,0.0,0.0
1785948310891527043,9.997408161022756,0.3891199538773067,-3.043526940445807,0.0,0.0,0.0
1785948310949179705,9.997408161022756,0.3891199538773067,-3.043526940445807,0.0,0.0,0.0
1785948311006678090,9.99752721273199,0.389131999065078,-3.0435121799014326,0.0,0.0,0.0
1785948311059024866,9.997626998722733,0.38914214604359443,-3.0435028026087987,0.0,0.0,0.0
1785948311092630699,9.997626998722733,0.38914214604359443,-3.0435028026087987,0.0,0.0,0.0
1785948311140190517,9.997626998722733,0.38914214604359443,-3.0435028026087987,0.0,0.0,0.0
1785948311204820251,9.997846293887457,0.38916241471520563,-3.0435024179949854,0.0,0.0,0.0
1785948311256986285,9.998028568902004,0.3891790457982331,-3.043502176034543,0.0,0.0,0.0
1785948311292265641,9.998028568902004,0.3891790457982331,-3.043502176034543,0.0,0.0,0.0
1785948311341782828,9.998028568902004,0.3891790457982331,-3.043502176034543,0.0,0.0,0.0
1785948311393842459,9.998028568902004,0.3891790457982331,-3.043502176034543,0.0,0.0,0.0
1785948311457807854,9.997777040894595,0.3891527009286336,-3.043494039636914,0.0,0.0,0.0
1785948311507938371,9.997569437195093,0.38913068859955724,-3.0434894958323584,0.0,0.0,0.0
1785948311542268867,9.997569437195093,0.38913068859955724,-3.0434894958323584,0.0,0.0,0.0
1785948311591077905,9.997569437195093,0.38913068859955724,-3.0434894958323584,0.0,0.0,0.0
1785948311654129224,9.997815556495196,0.3891520612174216,-3.043485302776957,0.0,0.0,0.0
1785948311703979189,9.998017804271944,0.38916912883134025,-3.0434829577339904,0.0,0.0,0.0
1785948311739459191,9.998017804271944,0.38916912883134025,-3.0434829577339904,0.0,0.0,0.0
1785948311789607341,9.998017804271944,0.38916912883134025,-3.0434829577339904,0.0,0.0,0.0
1785948311839521373,9.998017804271944,0.38916912883134025,-3.0434829577339904,0.0,0.0,0.0
1785948311905758482,9.998007967428306,0.3891723179889265,-3.0433768425614844,0.0,0.0,0.0
1785948311954482014,9.997999652978493,0.38917563564903357,-3.0433094703640227,0.0,0.0,0.0
1785948311990250664,9.997999652978493,0.38917563564903357,-3.0433094703640227,0.0,0.0,0.0
1785948312041414877,9.997999652978493,0.38917563564903357,-3.0433094703640227,0.0,0.0,0.0
1785948312104107497,9.99808743386159,0.3891820864556567,-3.043319143080633,0.0,0.0,0.0
1785948312157843626,9.99816215304919,0.3891872622731645,-3.043325609273285,0.0,0.0,0.0
1785948312191345169,9.99816215304919,0.3891872622731645,-3.043325609273285,0.0,0.0,0.0
1785948312240294755,9.99816215304919,0.3891872622731645,-3.043325609273285,0.0,0.0,0.0
1785948312292252272,9.99816215304919,0.3891872622731645,-3.043325609273285,0.0,0.0,0.0
1785948312355063551,9.99732480756218,0.3891017657381159,-3.0433550994129397,0.0,0.0,0.0
1785948312403983857,9.996617809718423,0.38902912001866374,-3.0433730340761325,0.0,0.0,0.0
1785948312443107391,9.996617809718423,0.38902912001866374,-3.0433730340761325,0.0,0.0,0.0
1785948312490751147,9.996617809718423,0.38902912001866374,-3.0433730340761325,0.0,0.0,0.0
1785948312543870618,9.996617809718423,0.38902912001866374,-3.0433730340761325,0.0,0.0,0.0
1785948312606858319,9.996214248772795,0.38898507116493586,-3.0434344606469517,0.0,0.0,0.0
1785948312655615164,9.995877235749807,0.3889475956383589,-3.043469293512414,0.0,0.0,0.0
1785948312693855311,9.995877235749807,0.3889475956383589,-3.043469293512414,0.0,0.0,0.0
1785948312741400152,9.995877235749807,0.3889475956383589,-3.043469293512414,0.0,0.0,0.0
1785948312805415340,9.995687695366003,0.38892539159166556,-3.0434850798768043,0.0,0.0,0.0
1785948312858831076,9.995530734139132,0.38890641226643075,-3.043493751905578,0.0,0.0,0.0
1785948312891409966,9.995530734139132,0.38890641226643075,-3.043493751905578,0.0,0.0,0.0
1785948312940291263,9.995530734139132,0.38890641226643075,-3.043493751905578,0.0,0.0,0.0
1785948312990160461,9.995530734139132,0.38890641226643075,-3.043493751905578,0.0,0.0,0.0
1785948313057251836,9.9953556280761,0.38888890631288237,-3.0434576329818666,0.0,0.0,0.0
1785948313105654623,9.995210953576976,0.3888743969595545,-3.0434374602063743,0.0,0.0,0.0
1785948313139856826,9.995210953576976,0.3888743969595545,-3.0434374602063743,0.0,0.0,0.0
1785948313201446085,9.995210953576976,0.3888743969595545,-3.0434374602063743,0.0,0.0,0.0
1785948313260767469,9.995554303375911,0.38890732017570356,-3.0434686287150425,0.0,0.0,0.0
1785948313304655721,9.995843366970522,0.38893490467777525,-3.0434885092930433,0.0,0.0,0.0
1785948313339942532,9.995843366970522,0.38893490467777525,-3.0434885092930433,0.0,0.0,0.0
1785948313390085531,9.995843366970522,0.38893490467777525,-3.0434885092930433,0.0,0.0,0.0
1785948313440038315,9.995843366970522,0.38893490467777525,-3.0434885092930433,0.0,0.0,0.0
1785948313509996784,9.99522629676808,0.3888700986331284,-3.0435161270519133,0.0,0.0,0.0
1785948313570088175,9.994712148953205,0.3888154426213384,-3.0435319924359385,0.0,0.0,0.0
1785948313589609492,9.994712148953205,0.3888154426213384,-3.0435319924359385,0.0,0.0,0.0
1785948313653077560,9.994712148953205,0.3888154426213384,-3.0435319924359385,0.0,0.0,0.0
1785948313688770623,9.994712148953205,0.3888154426213384,-3.0435319924359385,0.0,0.0,0.0
1785948313765404267,9.994793502743008,0.38882394220152156,-3.0434552810990008,0.0,0.0,0.0
1785948313818428695,9.994861579081583,0.38883113255158186,-3.0434094660062256,0.0,0.0,0.0
1785948313855164990,9.994861579081583,0.38883113255158186,-3.0434094660062256,0.0,0.0,0.0
1785948313910700629,9.994861579081583,0.38883113255158186,-3.0434094660062256,0.0,0.0,0.0
1785948313948117200,9.994861579081583,0.38883113255158186,-3.0434094660062256,0.0,0.0,0.0
1785948314006598623,9.995128786040478,0.3888570142879168,-3.0434087733281063,0.0,0.0,0.0
1785948314066026313,9.99535308238688,0.3888786741526116,-3.0434083484985823,0.0,0.0,0.0
1785948314090584293,9.99535308238688,0.3888786741526116,-3.0434083484985823,0.0,0.0,0.0
1785948314140854047,9.99535308238688,0.3888786741526116,-3.0434083484985823,0.0,0.0,0.0
1785948314191715787,9.99535308238688,0.3888786741526116,-3.0434083484985823,0.0,0.0,0.0
1785948314241075946,9.99535308238688,0.3888786741526116,-3.0434083484985823,0.0,0.0,0.0
1785948314316672727,9.995206572890913,0.38886842844149755,-3.0433512614683207,0.0,0.0,0.0
1785948314359880446,9.995084747138376,0.38886059284190977,-3.04331915533316,0.0,0.0,0.0
1785948314391838583,9.995084747138376,0.38886059284190977,-3.04331915533316,0.0,0.0,0.0
1785948314442923145,9.995084747138376,0.38886059284190977,-3.04331915533316,0.0,0.0,0.0
1785948314504126825,9.994814019765066,0.3888333438367718,-3.0433055216069214,0.0,0.0,0.0
1785948314556504673,9.99458786117591,0.38881048684165836,-3.0432974270651796,0.0,0.0,0.0
1785948314592040164,9.99458786117591,0.38881048684165836,-3.0432974270651796,0.0,0.0,0.0
1785948314639413096,9.99458786117591,0.38881048684165836,-3.0432974270651796,0.0,0.0,0.0
1785948314690755106,9.99458786117591,0.38881048684165836,-3.0432974270651796,0.0,0.0,0.0
1785948314759085110,9.99482503424554,0.38882626565618106,-3.043407916991413,0.0,0.0,0.0
1785948314806479099,9.995026360809103,0.38883855088690894,-3.043479933051566,0.0,0.0,0.0
1785948314846536260,9.995026360809103,0.38883855088690894,-3.043479933051566,0.0,0.0,0.0
1785948314896042760,9.995026360809103,0.38883855088690894,-3.043479933051566,0.0,0.0,0.0
1785948314946850642,9.995026360809103,0.38883855088690894,-3.043479933051566,0.0,0.0,0.0
1785948315005981364,9.994753146954004,0.38880635625686,-3.0435117056556558,0.0,0.0,0.0
