t_ns,steering_tire_angle
1785948164927675908,0.0
1785948164945756895,0.0
1785948164964758837,0.0
1785948164990233068,0.0
1785948165006779673,0.0
1785948165025428517,0.0
1785948165045180050,0.0
1785948165065307017,0.0
1785948165085290589,0.0
1785948165104750945,0.0
1785948165126755985,0.0
1785948165145080019,0.0
1785948165165200650,0.0
1785948165185664972,0.0
1785948165207049033,0.0
1785948165225067266,0.0
1785948165245127608,0.0
1785948165264537722,0.0
1785948165286813074,0.0
1785948165304761577,0.0
1785948165325597590,0.0
1785948165344944054,0.0
1785948165364957067,0.0
1785948165385314697,0.0
1785948165404686251,0.0
1785948165425853730,0.0
1785948165445145632,0.0
1785948165464600004,0.0
1785948165485299053,0.0
1785948165504867156,0.0
1785948165530790233,0.0
1785948165545251016,0.0
1785948165565175097,0.0
1785948165587147336,0.0
1785948165605350694,0.0
1785948165625965613,0.0
1785948165645411440,0.0
1785948165664486569,0.0
1785948165685065102,0.0
1785948165711029300,0.0
1785948165726442879,0.0
1785948165745108491,0.0
1785948165764835767,0.0
1785948165785246039,0.0
1785948165805255244,0.0
1785948165825905427,0.0
1785948165845388984,0.0
1785948165865350410,0.0
1785948165885247355,0.0
1785948165909736853,0.0
1785948165924953434,0.0
1785948165945207670,0.0
1785948165964436499,0.0
1785948165994628151,0.0
1785948166004846791,0.0
1785948166025184005,0.0
1785948166045712073,0.0
1785948166064993896,0.0
1785948166084875608,0.0
1785948166105721573,0.0
1785948166125129352,0.0
1785948166145304865,0.0
1785948166164696579,0.0
1785948166185065474,0.0
1785948166204795534,0.0
1785948166225260368,0.0
1785948166244945818,0.0
1785948166264475072,0.0
1785948166285731930,0.0
1785948166304728592,0.0
1785948166325028909,0.0
1785948166345235143,0.0
1785948166365458049,0.0
1785948166385250575,0.0
1785948166404789717,0.0
1785948166425049297,0.0
1785948166445036933,0.0
1785948166465261759,0.0
1785948166485698592,0.0
1785948166505106531,0.0
1785948166525631238,0.0
1785948166545991077,0.0
1785948166565491754,0.0
1785948166585653059,0.0
1785948166604987843,0.0
1785948166624855699,0.0
1785948166645075118,0.0
1785948166666477836,0.0
1785948166687102098,0.0
1785948166704745632,0.0
1785948166725205346,0.0
1785948166745179477,0.0
1785948166764810078,0.0
1785948166785055289,0.0
1785948166814237855,0.0
1785948166827672911,0.0
1785948166844969171,0.0
1785948166864593307,0.0
1785948166885322117,0.0
1785948166905277304,0.0
1785948166925930367,0.0
1785948166945252479,0.0
1785948166965033772,0.0
1785948166989199453,0.0
1785948167006053395,0.0
1785948167034573029,0.0
1785948167045076670,0.0
1785948167064419102,0.0
1785948167085310861,0.0
1785948167106234012,0.0
1785948167127350993,0.0
1785948167145386283,0.0
1785948167165527395,0.0
1785948167185363378,0.0
1785948167204589071,0.0
1785948167225222262,0.0
1785948167245319725,0.0
1785948167265628234,0.0
1785948167286278449,0.0
1785948167307632174,0.0
1785948167325870221,0.0
1785948167345123691,0.0
1785948167364601871,0.0
1785948167385499902,0.0
1785948167406102404,0.0
1785948167427688935,0.0
1785948167457389020,0.0
1785948167468959221,0.0
1785948167485442048,0.0
1785948167504680990,0.0
1785948167527525318,0.0
1785948167546143601,0.0
1785948167564736027,0.0
1785948167593762844,0.0
1785948167608207563,0.0
1785948167628009305,0.0
1785948167645063733,0.0
1785948167664607963,0.0
1785948167685127903,0.0
1785948167704841642,0.0
1785948167725386735,0.0
1785948167744907316,0.0
1785948167764632832,0.0
1785948167784962622,0.0
1785948167806057203,0.0
1785948167824892484,0.0
1785948167845528299,0.0
1785948167864432606,0.0
1785948167884994819,0.0
1785948167904762640,0.0
1785948167924986859,0.0
1785948167945516366,0.0
1785948167964575782,0.0
1785948167988156805,0.0
1785948168004828278,0.0
1785948168025267959,0.0
1785948168044970594,0.0
1785948168064249025,0.0
1785948168086485719,0.0
1785948168104511440,0.0
1785948168125219194,0.0
1785948168145292272,0.0
1785948168164809269,0.0
1785948168184989519,0.0
1785948168204620248,0.0
1785948168224985526,0.0
1785948168244964586,0.0
1785948168264232008,0.0
1785948168284744267,0.0
1785948168304701406,0.0
1785948168325023580,0.0
1785948168345065617,0.0
1785948168364514868,0.0
1785948168384786160,0.0
1785948168405284307,0.0
1785948168424831994,0.0
1785948168445304668,0.0
1785948168464918052,0.0
1785948168485010587,0.0
1785948168504937421,0.0
1785948168525397135,0.0
1785948168545763630,0.0
1785948168564785924,0.0
1785948168586269829,0.0
1785948168605786954,0.0
1785948168626529236,0.0
1785948168644976282,0.0
1785948168666644384,0.0
1785948168686909628,0.0
1785948168708326426,0.0
1785948168724970954,0.0
1785948168747888661,0.0
1785948168764502180,0.0
1785948168785191500,0.0
1785948168804473707,0.0
1785948168824838346,0.0
1785948168845544851,0.0
1785948168869926857,0.0
1785948168885003595,0.0
1785948168904855130,0.0
1785948168930367571,0.0
1785948168945650938,0.0
1785948168964389032,0.0
1785948168985633473,0.0
1785948169004918528,0.0006569999968633056
1785948169025057560,0.0026279999874532223
1785948169048669592,0.003942000214010477
1785948169064724022,0.003942000214010477
1785948169085676359,0.003942000214010477
1785948169106471538,0.004598999861627817
1785948169125243234,0.004598999861627817
1785948169145712900,0.004598999861627817
1785948169164663353,0.004598999861627817
1785948169185035672,0.004598999861627817
1785948169204849126,0.004598999861627817
1785948169225773238,0.004598999861627817
1785948169248780035,0.004598999861627817
1785948169264801889,0.004598999861627817
1785948169287578183,0.003942000214010477
1785948169307811778,0.003942000214010477
1785948169326113764,0.004598999861627817
1785948169346303997,0.004598999861627817
1785948169365742753,0.004598999861627817
1785948169386966233,0.004598999861627817
1785948169404725610,0.0052559999749064445
1785948169424903716,0.0052559999749064445
1785948169445698095,0.0052559999749064445
1785948169466091919,0.0052559999749064445
1785948169485423215,0.0052559999749064445
1785948169504707342,0.0052559999749064445
1785948169526309073,0.0052559999749064445
1785948169545089473,0.0052559999749064445
1785948169564641256,0.0052559999749064445
1785948169586949664,0.0052559999749064445
1785948169608805132,0.0052559999749064445
1785948169625673570,0.004598999861627817
1785948169645468688,0.003942000214010477
1785948169666939824,0.003942000214010477
1785948169684796676,0.0032850001007318497
1785948169704806649,0.0032850001007318497
1785948169731203275,0.0026279999874532223
1785948169745229005,0.0013139999937266111
1785948169764604238,0.0013139999937266111
1785948169790854653,0.0013139999937266111
1785948169807173475,0.0013139999937266111
1785948169825339584,0.0
1785948169846540664,0.0
1785948169864371948,-0.0006569999968633056
1785948169885105493,-0.0006569999968633056
1785948169905219245,-0.0006569999968633056
1785948169926551272,-0.0026279999874532223
1785948169947751648,-0.003942000214010477
1785948169964595702,-0.003942000214010477
1785948169993879647,-0.003942000214010477
1785948170004718562,-0.0032850001007318497
1785948170025868504,-0.0032850001007318497
1785948170051627992,-0.0032850001007318497
1785948170066341678,-0.0032850001007318497
1785948170085213633,-0.0032850001007318497
1785948170104500415,-0.0032850001007318497
1785948170125094853,-0.0032850001007318497
1785948170145220669,-0.003942000214010477
1785948170164442778,-0.006570000201463699
1785948170187695342,-0.007884000428020954
1785948170204575589,-0.007884000428020954
1785948170225005606,-0.008541000075638294
1785948170245058076,-0.01116899959743023
1785948170264458206,-0.011826000176370144
1785948170286588081,-0.011826000176370144
1785948170304849362,-0.01116899959743023
1785948170330678291,-0.010511999949812889
1785948170349595303,-0.009197999723255634
1785948170365187000,-0.009197999723255634
1785948170385000966,-0.009197999723255634
1785948170406178397,-0.008541000075638294
1785948170425415642,-0.009197999723255634
1785948170445119686,-0.009855000302195549
1785948170464407076,-0.009855000302195549
1785948170485009706,-0.009855000302195549
1785948170506699409,-0.009855000302195549
1785948170533495087,-0.009855000302195549
1785948170550416295,-0.009855000302195549
1785948170565844595,-0.009855000302195549
1785948170585317655,-0.009197999723255634
1785948170606316073,-0.009855000302195549
1785948170625879600,-0.010511999949812889
1785948170645889572,-0.013140000402927399
1785948170664730102,-0.013797000050544739
1785948170685360637,-0.013797000050544739
1785948170704831009,-0.014453999698162079
1785948170730977932,-0.015768000856041908
1785948170744735622,-0.01773899979889393
1785948170764423441,-0.02168099954724312
1785948170784884850,-0.023652000352740288
1785948170807977891,-0.024309000000357628
1785948170825389865,-0.026280000805854797
1785948170848164816,-0.030222000554203987
1785948170864345682,-0.0328500010073185
1785948170887940241,-0.03679199889302254
1785948170904677988,-0.038763001561164856
1785948170924808284,-0.040734000504016876
1785948170944807536,-0.045990001410245895
1785948170964719777,-0.050588998943567276
1785948170985422282,-0.052560001611709595
1785948171004539844,-0.053874000906944275
1785948171027685846,-0.054531000554561615
1785948171045239841,-0.055188000202178955
1785948171064439677,-0.059130001813173294
1785948171084964513,-0.06438600271940231
1785948171104549192,-0.06767100095748901
1785948171125016426,-0.07489799708127975
1785948171145509965,-0.08278200030326843
1785948171165990223,-0.08606699854135513
1785948171185759804,-0.09066600352525711
1785948171206448357,-0.09395100176334381
1785948171224869610,-0.09592200070619583
1785948171245054819,-0.10249199718236923
1785948171264601898,-0.10774800181388855
1785948171285269138,-0.10971900075674057
1785948171304774135,-0.11234699934720993
1785948171326588545,-0.11628899723291397
1785948171344892322,-0.11891700327396393
1785948171364190818,-0.12417300045490265
1785948171385245397,-0.126800999045372
1785948171406900922,-0.12745800614356995
1785948171425048855,-0.13074299693107605
1785948171445790465,-0.1333709955215454
1785948171465291782,-0.13402800261974335
1785948171485022962,-0.1346849948167801
1785948171504744958,-0.1346849948167801
1785948171525128605,-0.13534200191497803
1785948171544938540,-0.1379700005054474
1785948171565488720,-0.1379700005054474
1785948171586136695,-0.1379700005054474
1785948171604410488,-0.1379700005054474
1785948171625273414,-0.13928399980068207
1785948171644912015,-0.13994100689888
1785948171665021574,-0.14059799909591675
1785948171684759186,-0.14059799909591675
1785948171709694873,-0.14059799909591675
1785948171735492762,-0.14059799909591675
1785948171747910252,-0.14059799909591675
1785948171764544508,-0.13994100689888
1785948171786862773,-0.13994100689888
1785948171804922799,-0.13994100689888
1785948171825209068,-0.13928399980068207
1785948171844879702,-0.13599899411201477
1785948171864853513,-0.13534200191497803
1785948171885676246,-0.13534200191497803
1785948171905047223,-0.1346849948167801
1785948171927161226,-0.13271400332450867
1785948171945405385,-0.13205699622631073
1785948171964393439,-0.131400004029274
1785948171985472627,-0.131400004029274
1785948172005529385,-0.131400004029274
1785948172036746347,-0.13271400332450867
1785948172047918136,-0.13271400332450867
1785948172064470406,-0.13271400332450867
1785948172084898726,-0.13271400332450867
1785948172105980987,-0.13271400332450867
1785948172124951600,-0.13205699622631073
1785948172145034950,-0.12877200543880463
1785948172164384039,-0.126800999045372
1785948172184846825,-0.126800999045372
1785948172215951272,-0.126800999045372
1785948172224620010,-0.126800999045372
1785948172244864069,-0.126800999045372
1785948172268562343,-0.12614400684833527
1785948172285148054,-0.12614400684833527
1785948172304829216,-0.12614400684833527
1785948172325226816,-0.12548699975013733
1785948172345261781,-0.12483000010251999
1785948172364633846,-0.12483000010251999
1785948172385814381,-0.12483000010251999
1785948172405363892,-0.12483000010251999
1785948172425489388,-0.12351600080728531
1785948172446273847,-0.12023100256919861
1785948172464427828,-0.11891700327396393
1785948172488394462,-0.11891700327396393
1785948172505190579,-0.11826000362634659
1785948172525400397,-0.11628899723291397
1785948172550067596,-0.11497499793767929
1785948172565059723,-0.11300399899482727
1785948172585164578,-0.11300399899482727
1785948172604741449,-0.11300399899482727
1785948172625857951,-0.11300399899482727
1785948172644943831,-0.11234699934720993
1785948172664512095,-0.11168999969959259
1785948172685143077,-0.11168999969959259
1785948172704950836,-0.11168999969959259
1785948172724979368,-0.11037600040435791
1785948172744920027,-0.10709100216627121
1785948172764295036,-0.10446300357580185
1785948172786118118,-0.10446300357580185
1785948172808528226,-0.10446300357580185
1785948172826097390,-0.10249199718236923
1785948172846452844,-0.10052099823951721
1785948172866043860,-0.09657900035381317
1785948172885295666,-0.09526500105857849
1785948172904444748,-0.09526500105857849
1785948172924909806,-0.09526500105857849
1785948172944972836,-0.09526500105857849
1785948172965797873,-0.09526500105857849
1785948172986165456,-0.09526500105857849
1785948173005258281,-0.09526500105857849
1785948173025520452,-0.09460800141096115
1785948173045389877,-0.09066600352525711
1785948173064517455,-0.08803799748420715
1785948173085191671,-0.08738099783658981
1785948173104900898,-0.08803799748420715
1785948173125195743,-0.0886949971318245
1785948173147560601,-0.0886949971318245
1785948173164285740,-0.0886949971318245
1785948173185458531,-0.0886949971318245
1785948173205531033,-0.0886949971318245
1785948173225489227,-0.08738099783658981
1785948173246447132,-0.08343899995088577
1785948173264548567,-0.08146800100803375
1785948173285045722,-0.08015400171279907
1785948173304540511,-0.07949700206518173
1785948173325187782,-0.07884000241756439
1785948173345943889,-0.07489799708127975
1785948173364457465,-0.07292699813842773
1785948173386427367,-0.0722699984908104
1785948173409410900,-0.0722699984908104
1785948173425231404,-0.07029899954795837
1785948173444929591,-0.06832800060510635
1785948173464363066,-0.06307200342416763
1785948173486842424,-0.057815998792648315
1785948173504649706,-0.055844999849796295
1785948173541345648,-0.051245998591184616
1785948173546175424,-0.04401899874210358
1785948173564541539,-0.040077000856399536
1785948173586370574,-0.03416400030255318
1785948173604669711,-0.029565000906586647
1785948173625175218,-0.026937000453472137
1785948173645401421,-0.019710000604391098
1785948173665323486,-0.010511999949812889
1785948173686509366,-0.005913000088185072
1785948173706330724,0.0019710001070052385
1785948173724915598,0.011826000176370144
1785948173745821821,0.01708200015127659
1785948173764585996,0.028250999748706818
1785948173785556829,0.03679199889302254
1785948173804828828,0.040077000856399536
1785948173825248572,0.049274999648332596
1785948173844953159,0.060444001108407974
1785948173864568848,0.06504300236701965
1785948173884888845,0.07358399778604507
1785948173908109985,0.08081100136041641
1785948173927542980,0.08540999889373779
1785948173947283185,0.09592200070619583
1785948173976842753,0.10643400251865387
1785948173984670059,0.11037600040435791
1785948174004706016,0.11694599688053131
1785948174025531212,0.12154500186443329
1785948174045196822,0.12483000010251999
1785948174064839808,0.1333709955215454
1785948174085002105,0.14191199839115143
1785948174104935851,0.1445399969816208
1785948174126918042,0.1530809998512268
1785948174145015797,0.16359299421310425
1785948174164591612,0.1695059984922409
1785948174184884057,0.17870399355888367
1785948174208662654,0.18658800423145294
1785948174240067205,0.19118699431419373
1785948174245313346,0.2023559957742691
1785948174264614081,0.21483899652957916
1785948174286815735,0.21943800151348114
1785948174304738925,0.22797900438308716
1785948174324925734,0.2384909987449646
1785948174346664686,0.24440400302410126
1785948174364750441,0.2568869888782501
1785948174385184202,0.2660849988460541
1785948174407335198,0.2700270116329193
1785948174427932772,0.2792249917984009
1785948174445132228,0.29039400815963745
1785948174464583464,0.29499301314353943
1785948174486328176,0.3028770089149475
1785948174505106144,0.30813300609588623
1785948174537354817,0.31141799688339233
1785948174544898625,0.32127299904823303
1785948174565430853,0.33309900760650635
1785948174584969643,0.33835500478744507
1785948174605847834,0.34623900055885315
1785948174628323767,0.3567509949207306
1785948174646255214,0.3620069921016693
1785948174665630127,0.3698909878730774
1785948174685329370,0.3751470148563385
1785948174704909250,0.376460999250412
1785948174727319965,0.37711799144744873
1785948174746080492,0.37711799144744873
1785948174765223655,0.37711799144744873
1785948174786447679,0.37711799144744873
1785948174805048426,0.37711799144744873
1785948174825254980,0.37711799144744873
1785948174845202102,0.37711799144744873
1785948174864519542,0.37711799144744873
1785948174885464230,0.37711799144744873
1785948174904655074,0.37711799144744873
1785948174925263112,0.37711799144744873
1785948174945478274,0.37711799144744873
1785948174964865572,0.37711799144744873
1785948174985317894,0.37711799144744873
1785948175005143636,0.37711799144744873
1785948175034984590,0.37711799144744873
1785948175045701453,0.37711799144744873
1785948175066080524,0.37711799144744873
1785948175088346884,0.37711799144744873
1785948175106761801,0.37711799144744873
1785948175127234603,0.37711799144744873
1785948175150682629,0.37711799144744873
1785948175164603044,0.37711799144744873
1785948175185340686,0.37711799144744873
1785948175204741840,0.37711799144744873
1785948175227831456,0.37711799144744873
1785948175262139839,0.37711799144744873
1785948175267090930,0.37711799144744873
1785948175285235791,0.37711799144744873
1785948175305329254,0.37711799144744873
1785948175329042216,0.37711799144744873
1785948175346387053,0.37711799144744873
1785948175365322210,0.37711799144744873
1785948175394946324,0.37711799144744873
1785948175404716792,0.37711799144744873
1785948175431804479,0.37711799144744873
1785948175444872164,0.37711799144744873
1785948175465459978,0.37711799144744873
1785948175485732966,0.37711799144744873
1785948175506519217,0.37711799144744873
1785948175525645771,0.37711799144744873
1785948175545043629,0.37711799144744873
1785948175565505487,0.37711799144744873
1785948175586325691,0.37711799144744873
1785948175604863684,0.37711799144744873
1785948175626304259,0.37711799144744873
1785948175647194321,0.37711799144744873
1785948175665006276,0.37711799144744873
1785948175685170589,0.37711799144744873
1785948175704491869,0.37711799144744873
1785948175724821627,0.37711799144744873
1785948175745234395,0.37711799144744873
1785948175764427831,0.37711799144744873
1785948175785554860,0.37711799144744873
1785948175806325175,0.37711799144744873
1785948175826479280,0.37711799144744873
1785948175846873392,0.37711799144744873
1785948175865035789,0.37711799144744873
1785948175885686932,0.37711799144744873
1785948175905108247,0.37711799144744873
1785948175928026786,0.37711799144744873
1785948175945008476,0.37711799144744873
1785948175964957198,0.37711799144744873
1785948175990380036,0.37711799144744873
1785948176004715983,0.37711799144744873
1785948176025237907,0.376460999250412
1785948176046588975,0.376460999250412
1785948176065001972,0.37580400705337524
1785948176086131593,0.37580400705337524
1785948176104854871,0.376460999250412
1785948176126443195,0.37711799144744873
1785948176145463441,0.37711799144744873
1785948176164391910,0.37711799144744873
1785948176192859190,0.37711799144744873
1785948176210720298,0.37711799144744873
1785948176228035918,0.37711799144744873
1785948176244872068,0.37711799144744873
1785948176264600912,0.37711799144744873
1785948176285221910,0.37711799144744873
1785948176304998468,0.37711799144744873
1785948176328817929,0.376460999250412
1785948176346443031,0.37186199426651
1785948176364398222,0.36463499069213867
1785948176384768493,0.36266401410102844
1785948176404630685,0.35937899351119995
1785948176426343972,0.354779988527298
1785948176445040273,0.3508380055427551
1785948176464792669,0.3436110019683838
1785948176485617834,0.3390119969844818
1785948176506513849,0.3376980125904083
1785948176525212422,0.33309900760650635
1785948176545747530,0.33112800121307373
1785948176564563674,0.33112800121307373
1785948176590005329,0.33112800121307373
1785948176604910669,0.330471009016037
1785948176625112935,0.3291569948196411
1785948176645082970,0.32455798983573914
1785948176665919143,0.31864500045776367
1785948176684896156,0.31667399406433105
1785948176705623206,0.31470298767089844
1785948176724945862,0.3107610046863556
1785948176745876086,0.3074760138988495
1785948176764678854,0.2989349961280823
1785948176792251868,0.29039400815963745
1785948176804614060,0.28710898756980896
1785948176827064329,0.27988201379776
1785948176844934365,0.2700270116329193
1785948176865051029,0.2660849988460541
1785948176885513559,0.26082900166511536
1785948176904606256,0.258201003074646
1785948176925523423,0.25557300448417664
1785948176945023844,0.24966000020503998
1785948176964630028,0.24703200161457062
1785948176985367414,0.24703200161457062
1785948177008813489,0.24637499451637268
1785948177025498850,0.24440400302410126
1785948177046551638,0.2417760044336319
1785948177064964346,0.2352059930562973
1785948177085251959,0.22600799798965454
1785948177108615407,0.2220660001039505
1785948177125092922,0.21352499723434448
1785948177146233968,0.20169900357723236
1785948177164480816,0.1957859992980957
1785948177185797675,0.18527400493621826
1785948177208966525,0.177389994263649
1785948177225994201,0.1727910041809082
1785948177245931947,0.1609649956226349
1785948177264559990,0.15045300126075745
1785948177285077498,0.1465110033750534
1785948177306231600,0.13994100689888
1785948177325183909,0.131400004029274
1785948177345398591,0.12614400684833527
1785948177365535639,0.11497499793767929
1785948177386876083,0.10512000322341919
1785948177404698278,0.10117799788713455
1785948177425129543,0.09198000282049179
1785948177446335423,0.08015400171279907
1785948177464437594,0.07424099743366241
1785948177485158084,0.06438600271940231
1785948177504809677,0.055844999849796295
1785948177525523927,0.051245998591184616
1785948177545178656,0.040077000856399536
1785948177565695940,0.028250999748706818
1785948177588036222,0.023652000352740288
1785948177605774158,0.015111000277101994
1785948177624760036,0.0052559999749064445
1785948177645383658,0.0
1785948177664735371,-0.01116899959743023
1785948177686082727,-0.020367000252008438
1785948177706814929,-0.024965999647974968
1785948177726118000,-0.03416400030255318
1785948177745687735,-0.046647001057863235
1785948177765828560,-0.052560001611709595
1785948177785454265,-0.062415000051259995
1785948177808250592,-0.07161299884319305
1785948177825278907,-0.07686900347471237
1785948177846542805,-0.0886949971318245
1785948177867310496,-0.10117799788713455
1785948177885131315,-0.10577700287103653
1785948177904847582,-0.11497499793767929
1785948177925498982,-0.12548699975013733
1785948177945195313,-0.13205699622631073
1785948177965062081,-0.1445399969816208
1785948177990361459,-0.1543949991464615
1785948178004762784,-0.15833699703216553
1785948178026837138,-0.16819199919700623
1785948178044808681,-0.18133200705051422
1785948178068589934,-0.18724499642848969
1785948178085837200,-0.19775700569152832
1785948178104980458,-0.20629799365997314
1785948178126642192,-0.21155400574207306
1785948178145258171,-0.22403700649738312
1785948178164813217,-0.23586300015449524
1785948178185148319,-0.24111899733543396
1785948178205141011,-0.24966000020503998
1785948178225574004,-0.2595149874687195
1785948178245409635,-0.2660849988460541
1785948178264946665,-0.27856799960136414
1785948178285125539,-0.2877660095691681
1785948178304779788,-0.29170799255371094
1785948178329301511,-0.30156299471855164
1785948178345007483,-0.31470298767089844
1785948178364588226,-0.32127299904823303
1785948178390314177,-0.33112800121307373
1785948178404820081,-0.33966898918151855
1785948178430336618,-0.34426799416542053
1785948178445152355,-0.3567509949207306
1785948178464493124,-0.36594900488853455
1785948178484912740,-0.3698909878730774
1785948178504992986,-0.3751470148563385
1785948178526971145,-0.37711799144744873
1785948178545149863,-0.37711799144744873
1785948178564733327,-0.37711799144744873
1785948178586219759,-0.37711799144744873
1785948178605014111,-0.37711799144744873
1785948178629504249,-0.37711799144744873
1785948178645922786,-0.37711799144744873
1785948178665038684,-0.37711799144744873
1785948178685509566,-0.37711799144744873
1785948178705037444,-0.37711799144744873
1785948178725157499,-0.37711799144744873
1785948178753620651,-0.37711799144744873
1785948178764396813,-0.37711799144744873
1785948178785016819,-0.37711799144744873
1785948178816634369,-0.37711799144744873
1785948178825981752,-0.37711799144744873
1785948178845383514,-0.37711799144744873
1785948178864479347,-0.37711799144744873
1785948178886820269,-0.37711799144744873
1785948178905026763,-0.37711799144744873
1785948178925928730,-0.37711799144744873
1785948178945081717,-0.37711799144744873
1785948178964610683,-0.37711799144744873
1785948178986961621,-0.37711799144744873
1785948179004871947,-0.37711799144744873
1785948179025481361,-0.37711799144744873
1785948179046429537,-0.37711799144744873
1785948179064477691,-0.37711799144744873
1785948179085244166,-0.37711799144744873
1785948179104853934,-0.37711799144744873
1785948179132786126,-0.37711799144744873
1785948179145430887,-0.37711799144744873
1785948179164557089,-0.37711799144744873
1785948179186304521,-0.37711799144744873
1785948179206802412,-0.37711799144744873
1785948179224936745,-0.37711799144744873
1785948179244892923,-0.37711799144744873
1785948179265276891,-0.37711799144744873
1785948179285734140,-0.37711799144744873
1785948179304756627,-0.37711799144744873
1785948179326317910,-0.37711799144744873
1785948179349055483,-0.37711799144744873
1785948179364458982,-0.37711799144744873
1785948179386601146,-0.37711799144744873
1785948179409796493,-0.37711799144744873
1785948179441847688,-0.37711799144744873
1785948179449552430,-0.37711799144744873
1785948179464647888,-0.37711799144744873
1785948179485892937,-0.37711799144744873
1785948179505013891,-0.37711799144744873
1785948179525509925,-0.37711799144744873
1785948179545327636,-0.37711799144744873
1785948179565542926,-0.37711799144744873
1785948179585647814,-0.37711799144744873
1785948179606577109,-0.37711799144744873
1785948179625296579,-0.37711799144744873
1785948179645503069,-0.37711799144744873
1785948179665144487,-0.37711799144744873
1785948179686112791,-0.37711799144744873
1785948179704826981,-0.37711799144744873
1785948179725986716,-0.37711799144744873
1785948179745573027,-0.37711799144744873
1785948179766945696,-0.37711799144744873
1785948179785292163,-0.37711799144744873
1785948179806417144,-0.37711799144744873
1785948179825205192,-0.37711799144744873
1785948179844911828,-0.37711799144744873
1785948179864571229,-0.37711799144744873
1785948179886512363,-0.37711799144744873
1785948179914303143,-0.37711799144744873
1785948179924865314,-0.37711799144744873
1785948179945038139,-0.37711799144744873
1785948179964554817,-0.37711799144744873
1785948179985142790,-0.37711799144744873
1785948180005251390,-0.37711799144744873
1785948180027141994,-0.37711799144744873
1785948180047341732,-0.37711799144744873
1785948180068740770,-0.37711799144744873
1785948180088096482,-0.37711799144744873
1785948180108217530,-0.37711799144744873
1785948180128790047,-0.37711799144744873
1785948180145340044,-0.37711799144744873
1785948180165236317,-0.37711799144744873
1785948180185526842,-0.37711799144744873
1785948180207549418,-0.37711799144744873
1785948180225489025,-0.37711799144744873
1785948180245492341,-0.37711799144744873
1785948180265065788,-0.37711799144744873
1785948180285636257,-0.37711799144744873
1785948180305237737,-0.37711799144744873
1785948180325886800,-0.37711799144744873
1785948180345786145,-0.37711799144744873
1785948180364619603,-0.37711799144744873
1785948180385151734,-0.37711799144744873
1785948180404874690,-0.37711799144744873
1785948180429152470,-0.37711799144744873
1785948180446974025,-0.37711799144744873
1785948180465613172,-0.37711799144744873
1785948180486064214,-0.37711799144744873
1785948180507225324,-0.37711799144744873
1785948180526427752,-0.37711799144744873
1785948180545514977,-0.37711799144744873
1785948180565774749,-0.37711799144744873
1785948180585231905,-0.37711799144744873
1785948180604907787,-0.37711799144744873
1785948180624986849,-0.37711799144744873
1785948180645502213,-0.37711799144744873
1785948180664658848,-0.37711799144744873
1785948180685631249,-0.37711799144744873
1785948180704549508,-0.37711799144744873
1785948180725623736,-0.37711799144744873
1785948180745074428,-0.37711799144744873
1785948180764569281,-0.37711799144744873
1785948180785137350,-0.37711799144744873
1785948180805259997,-0.37711799144744873
1785948180825135790,-0.37711799144744873
1785948180850301916,-0.37711799144744873
1785948180866614754,-0.37711799144744873
1785948180887132197,-0.37711799144744873
1785948180904685680,-0.37711799144744873
1785948180925310519,-0.37711799144744873
1785948180946501838,-0.37711799144744873
1785948180965139834,-0.37711799144744873
1785948180985624540,-0.37711799144744873
1785948181004704629,-0.37711799144744873
1785948181027473627,-0.37711799144744873
1785948181049371368,-0.37711799144744873
1785948181064751090,-0.37711799144744873
1785948181085393945,-0.37711799144744873
1785948181105201736,-0.37711799144744873
1785948181126451905,-0.37711799144744873
1785948181146719229,-0.37711799144744873
1785948181165784789,-0.37711799144744873
1785948181185251417,-0.37711799144744873
1785948181204885442,-0.37711799144744873
1785948181226249951,-0.37711799144744873
1785948181245826822,-0.37711799144744873
1785948181268382054,-0.37711799144744873
1785948181286232506,-0.37711799144744873
1785948181305598683,-0.37711799144744873
1785948181325160034,-0.37711799144744873
1785948181349327954,-0.37711799144744873
1785948181364780991,-0.37711799144744873
1785948181385321731,-0.37711799144744873
1785948181405508989,-0.37711799144744873
1785948181429770768,-0.37711799144744873
1785948181445348448,-0.37711799144744873
1785948181464708129,-0.37711799144744873
1785948181485216804,-0.37711799144744873
1785948181505700742,-0.37711799144744873
1785948181534589155,-0.37711799144744873
1785948181545082300,-0.37711799144744873
1785948181565457147,-0.37711799144744873
1785948181586701620,-0.37711799144744873
1785948181606046069,-0.37711799144744873
1785948181625080652,-0.37711799144744873
1785948181652257878,-0.37711799144744873
1785948181665094708,-0.37711799144744873
1785948181685655577,-0.37711799144744873
1785948181705033242,-0.37711799144744873
1785948181725558430,-0.37711799144744873
1785948181745429134,-0.37711799144744873
1785948181764875442,-0.37711799144744873
1785948181786713308,-0.37711799144744873
1785948181805086336,-0.37711799144744873
1785948181826274551,-0.3751470148563385
1785948181849207939,-0.37251898646354675
1785948181865107997,-0.3705480098724365
1785948181885139313,-0.3705480098724365
1785948181908274883,-0.3705480098724365
1785948181925573254,-0.3698909878730774
1785948181954707499,-0.36726298928260803
1785948181968036472,-0.36463499069213867
1785948182005458131,-0.3587220013141632
1785948182006989057,-0.3554370105266571
1785948182025545770,-0.35412299633026123
1785948182045491932,-0.3534660041332245
1785948182065093060,-0.3534660041332245
1785948182087253336,-0.3534660041332245
1785948182110458668,-0.3534660041332245
1785948182126931415,-0.3508380055427551
1785948182145443998,-0.3488669991493225
1785948182164844001,-0.34098300337791443
1785948182185548426,-0.33112800121307373
1785948182204869705,-0.32652899622917175
1785948182227091903,-0.31470298767089844
1785948182247098164,-0.3022199869155884
1785948182264888838,-0.2963069975376129
1785948182285299078,-0.2877660095691681
1785948182304685672,-0.2811959981918335
1785948182325036198,-0.2765969932079315
1785948182345012089,-0.26739901304244995
1785948182364396219,-0.26082900166511536
1785948182384954784,-0.258201003074646
1785948182404669547,-0.25557300448417664
1785948182425008073,-0.25097399950027466
1785948182444966876,-0.24768899381160736
1785948182464831756,-0.2384909987449646
1785948182485252781,-0.2286359965801239
1785948182504753682,-0.22403700649738312
1785948182525328055,-0.21352499723434448
1785948182545198055,-0.2023559957742691
1785948182566301468,-0.19841399788856506
1785948182586204845,-0.19184400141239166
1785948182604786359,-0.18658800423145294
1785948182625140789,-0.18330299854278564
1785948182645322895,-0.17476199567317963
1785948182664586445,-0.16425000131130219
1785948182685425978,-0.15899400413036346
1785948182705048866,-0.1511099934577942
1785948182727396860,-0.14125500619411469
1785948182747320846,-0.13534200191497803
1785948182764552080,-0.12285900115966797
1785948182785187959,-0.11300399899482727
1785948182804722269,-0.10906200110912323
1785948182833608153,-0.09986399859189987
1785948182845876423,-0.08803799748420715
1785948182864962016,-0.08212500065565109
1785948182886537955,-0.0722699984908104
1785948182904440600,-0.06438600271940231
1785948182925555181,-0.061101000756025314
1785948182944932015,-0.053874000906944275
1785948182974808489,-0.04401899874210358
1785948182985456582,-0.038763001561164856
1785948183006886917,-0.028250999748706818
1785948183024949887,-0.01708200015127659
1785948183044955347,-0.01116899959743023
1785948183067343503,0.0
1785948183085683217,0.010511999949812889
1785948183104815179,0.014453999698162079
1785948183125253612,0.024965999647974968
1785948183147705737,0.03744899854063988
1785948183164775782,0.04336199909448624
1785948183185228264,0.053874000906944275
1785948183204907186,0.062415000051259995
1785948183225359667,0.06767100095748901
1785948183247247264,0.08015400171279907
1785948183264710856,0.09263700246810913
1785948183286024675,0.09723600000143051
1785948183308271514,0.10643400251865387
1785948183336132984,0.11760299652814865
1785948183347930040,0.12351600080728531
1785948183364794735,0.13599899411201477
1785948183385243184,0.14585399627685547
1785948183404888185,0.1497959941625595
1785948183425583746,0.16030800342559814
1785948183449713489,0.1727910041809082
1785948183465405157,0.1793610006570816
1785948183485816837,0.1892160028219223
1785948183505151077,0.19775700569152832
1785948183531600345,0.20301300287246704
1785948183546950019,0.2154960036277771
1785948183566108702,0.22732199728488922
1785948183585877099,0.23257799446582794
1785948183605408337,0.24111899733543396
1785948183630523645,0.2516309916973114
1785948183653113566,0.25754401087760925
1785948183683842450,0.27068400382995605
1785948183687957229,0.27988201379776
1785948183704888773,0.28382399678230286
1785948183734470551,0.2897369861602783
1785948183744958767,0.2976210117340088
1785948183764899746,0.3028770089149475
1785948183785134845,0.31470298767089844
1785948183806385686,0.32521501183509827
1785948183825084227,0.3317849934101105
1785948183849753634,0.34623900055885315
1785948183872366628,0.35806500911712646
1785948183885228483,0.3633210062980652
1785948183904725800,0.3705480098724365
1785948183926925342,0.37580400705337524
1785948183948055764,0.37711799144744873
1785948183964804871,0.37711799144744873
1785948183985256712,0.37711799144744873
1785948184004821295,0.37711799144744873
1785948184029561168,0.37711799144744873
1785948184045100991,0.37711799144744873
1785948184064999792,0.37711799144744873
1785948184087232679,0.37711799144744873
1785948184106679658,0.37711799144744873
1785948184129292972,0.37711799144744873
1785948184145518288,0.37711799144744873
1785948184164901329,0.37711799144744873
1785948184199070252,0.37711799144744873
1785948184215543767,0.37711799144744873
1785948184225284057,0.37711799144744873
1785948184246015011,0.37711799144744873
1785948184265032057,0.37711799144744873
1785948184286350421,0.37711799144744873
1785948184304619125,0.37711799144744873
1785948184335556079,0.37711799144744873
1785948184344740801,0.37711799144744873
1785948184364746677,0.37711799144744873
1785948184384759945,0.37711799144744873
1785948184405172617,0.37711799144744873
1785948184424888693,0.37711799144744873
1785948184444869384,0.37711799144744873
1785948184464353581,0.37711799144744873
1785948184485240891,0.37711799144744873
1785948184504579580,0.37711799144744873
1785948184525104959,0.37711799144744873
1785948184545019825,0.37711799144744873
1785948184564623417,0.37711799144744873
1785948184586890705,0.37711799144744873
1785948184604614465,0.37711799144744873
1785948184624905149,0.37711799144744873
1785948184647696805,0.37711799144744873
1785948184664609085,0.37711799144744873
1785948184685846261,0.37711799144744873
1785948184705232119,0.37711799144744873
1785948184725625911,0.37711799144744873
1785948184746057336,0.37711799144744873
1785948184766133294,0.37711799144744873
1785948184787348422,0.37711799144744873
1785948184804948147,0.37711799144744873
1785948184825176429,0.37711799144744873
1785948184845413192,0.37711799144744873
1785948184864737160,0.37711799144744873
1785948184885458162,0.37711799144744873
1785948184905004408,0.37711799144744873
1785948184925228595,0.37711799144744873
1785948184945153253,0.37711799144744873
1785948184965031317,0.37711799144744873
1785948184985358099,0.37711799144744873
1785948185005891415,0.37711799144744873
1785948185025394012,0.37711799144744873
1785948185045387792,0.37711799144744873
1785948185064581612,0.37711799144744873
1785948185085193266,0.37711799144744873
1785948185106719699,0.37711799144744873
1785948185133660950,0.37711799144744873
1785948185145026377,0.37711799144744873
1785948185164837879,0.37711799144744873
1785948185185224119,0.37711799144744873
1785948185204962563,0.37711799144744873
1785948185227559556,0.37711799144744873
1785948185245925191,0.37711799144744873
1785948185264622293,0.37711799144744873
1785948185286503905,0.37711799144744873
1785948185304861796,0.37711799144744873
1785948185325210882,0.37711799144744873
1785948185345214422,0.37711799144744873
1785948185364966819,0.37711799144744873
1785948185385744558,0.37711799144744873
1785948185407521079,0.37711799144744873
1785948185425185349,0.37711799144744873
1785948185445765707,0.37711799144744873
1785948185464663934,0.37711799144744873
1785948185485959768,0.37711799144744873
1785948185505124404,0.37711799144744873
1785948185535227797,0.37711799144744873
1785948185545885394,0.37711799144744873
1785948185565004236,0.37711799144744873
1785948185585372107,0.37711799144744873
1785948185604848271,0.37711799144744873
1785948185626310799,0.37711799144744873
1785948185645445705,0.37711799144744873
1785948185664478368,0.37711799144744873
1785948185685579989,0.37711799144744873
1785948185704947222,0.37711799144744873
1785948185738339225,0.37711799144744873
1785948185746463179,0.37711799144744873
1785948185764641321,0.37711799144744873
1785948185787677815,0.37711799144744873
1785948185808126009,0.37711799144744873
1785948185825342202,0.37711799144744873
1785948185858215341,0.37711799144744873
1785948185864761937,0.37711799144744873
1785948185885274740,0.37711799144744873
1785948185905262471,0.37711799144744873
1785948185926100916,0.37711799144744873
1785948185945209870,0.37711799144744873
1785948185964783829,0.37711799144744873
1785948185985848553,0.37711799144744873
1785948186005021092,0.37711799144744873
1785948186025407332,0.37711799144744873
1785948186045805764,0.37711799144744873
1785948186065699988,0.37711799144744873
1785948186085277788,0.37711799144744873
1785948186104786881,0.37711799144744873
1785948186126279074,0.37711799144744873
1785948186145465021,0.37711799144744873
1785948186164467572,0.37711799144744873
1785948186185080154,0.37711799144744873
1785948186204791045,0.37711799144744873
1785948186225259655,0.37711799144744873
1785948186245050837,0.37711799144744873
1785948186267272139,0.37711799144744873
1785948186285157792,0.37711799144744873
1785948186304725319,0.37711799144744873
1785948186325439761,0.37711799144744873
1785948186345157852,0.37711799144744873
1785948186364569215,0.37711799144744873
1785948186386899352,0.37711799144744873
1785948186405142232,0.37711799144744873
1785948186426765628,0.37711799144744873
1785948186446875763,0.37711799144744873
1785948186464694950,0.37711799144744873
1785948186485469265,0.37711799144744873
1785948186510541693,0.37711799144744873
1785948186525124207,0.37711799144744873
1785948186545383787,0.37711799144744873
1785948186564391777,0.37711799144744873
1785948186585122603,0.37711799144744873
1785948186604719091,0.37711799144744873
1785948186630616535,0.37711799144744873
1785948186645870685,0.37711799144744873
1785948186665489510,0.37711799144744873
1785948186686162350,0.37711799144744873
1785948186705889210,0.37711799144744873
1785948186726288602,0.37711799144744873
1785948186746482483,0.37711799144744873
1785948186766263713,0.37711799144744873
1785948186789041960,0.37711799144744873
1785948186804826750,0.37711799144744873
1785948186825011896,0.37711799144744873
1785948186846643548,0.37711799144744873
1785948186865589681,0.37711799144744873
1785948186888067311,0.37711799144744873
1785948186907768890,0.37711799144744873
1785948186925393671,0.37711799144744873
1785948186945884266,0.37711799144744873
1785948186964735163,0.37711799144744873
1785948186985894642,0.37711799144744873
1785948187005772386,0.37711799144744873
1785948187029491493,0.37711799144744873
1785948187050344850,0.37711799144744873
1785948187064858403,0.37711799144744873
1785948187086172638,0.37711799144744873
1785948187104935245,0.37711799144744873
1785948187125033700,0.37711799144744873
1785948187145500806,0.37711799144744873
1785948187164690946,0.37711799144744873
1785948187185960508,0.37711799144744873
1785948187204969042,0.37711799144744873
1785948187225135435,0.37711799144744873
1785948187245361126,0.37711799144744873
1785948187264687750,0.37711799144744873
1785948187285080005,0.37711799144744873
1785948187306744235,0.37711799144744873
1785948187336799947,0.37711799144744873
1785948187346552781,0.37711799144744873
1785948187364888944,0.37711799144744873
1785948187385158252,0.37711799144744873
1785948187405196033,0.37711799144744873
1785948187426575678,0.37711799144744873
1785948187446641108,0.37711799144744873
1785948187466378880,0.37711799144744873
1785948187485943591,0.37711799144744873
1785948187505461133,0.37711799144744873
1785948187525797195,0.37711799144744873
1785948187545502070,0.37711799144744873
1785948187564908760,0.37711799144744873
1785948187585720772,0.37711799144744873
1785948187604775772,0.37711799144744873
1785948187625942387,0.37711799144744873
1785948187645069293,0.37711799144744873
1785948187665784342,0.37711799144744873
1785948187685854092,0.37711799144744873
1785948187705503606,0.37711799144744873
1785948187740568363,0.37580400705337524
1785948187747707296,0.3738330006599426
1785948187765231370,0.3738330006599426
1785948187785579400,0.3738330006599426
1785948187804878759,0.3738330006599426
1785948187825272455,0.37580400705337524
1785948187845413631,0.376460999250412
1785948187867354797,0.37711799144744873
1785948187885489673,0.37711799144744873
1785948187906325942,0.37711799144744873
1785948187927926234,0.37711799144744873
1785948187945121434,0.37711799144744873
1785948187964437690,0.37711799144744873
1785948187990503651,0.37711799144744873
1785948188004900368,0.37711799144744873
1785948188027244074,0.376460999250412
1785948188044987962,0.37186199426651
1785948188067424407,0.36726298928260803
1785948188085406959,0.36594900488853455
1785948188106059254,0.3652920126914978
1785948188125570012,0.36266401410102844
1785948188145220869,0.35740798711776733
1785948188164642152,0.3534660041332245
1785948188186426321,0.3455820083618164
1785948188204928025,0.33966898918151855
1785948188224955757,0.3357270061969757
1785948188246164837,0.330471009016037
1785948188264428582,0.3278430104255676
1785948188288275148,0.3278430104255676
1785948188307252098,0.3271859884262085
1785948188328430681,0.3239009976387024
1785948188345002567,0.32127299904823303
1785948188365473129,0.31338900327682495
1785948188384976622,0.30681899189949036
1785948188406448494,0.304190993309021
1785948188425349729,0.2963069975376129
1785948188450535568,0.2857950031757355
1785948188464972382,0.28053900599479675
1785948188485480929,0.27199798822402954
1785948188504913220,0.26542800664901733
1785948188524955353,0.26082900166511536
1785948188545787878,0.24966000020503998
1785948188564915808,0.24046200513839722
1785948188585014455,0.23717699944972992
1785948188605489017,0.2319210022687912
1785948188625326600,0.22337999939918518
1785948188645175896,0.21943800151348114
1785948188664713022,0.21286800503730774
1785948188685401574,0.20958299934864044
1785948188705848392,0.20826900005340576
1785948188725105286,0.20432700216770172
1785948188745368609,0.19709999859333038
1785948188764546429,0.1925009936094284
1785948188785079937,0.18198899924755096
1785948188805496577,0.1727910041809082
1785948188827657398,0.16753500699996948
1785948188846090075,0.1543949991464615
1785948188866587422,0.1432259976863861
1785948188887147202,0.1379700005054474
1785948188905881489,0.1300860047340393
1785948188926594426,0.11957400292158127
1785948188945276007,0.11366099864244461
1785948188965205208,0.10380599647760391
1785948188985841855,0.09592200070619583
1785948189005715344,0.09329400211572647
1785948189029979715,0.08540999889373779
1785948189046706261,0.07489799708127975
1785948189066352607,0.0689850002527237
1785948189085799970,0.059787001460790634
1785948189104729302,0.051902998238801956
1785948189126322650,0.047304000705480576
1785948189151776016,0.03547799959778786
1785948189165301155,0.024309000000357628
1785948189185511326,0.019710000604391098
1785948189207277894,0.01116899959743023
1785948189225818575,0.0013139999937266111
1785948189246391380,-0.003942000214010477
1785948189264907067,-0.015111000277101994
1785948189286164373,-0.024309000000357628
1785948189304928388,-0.028250999748706818
1785948189325201792,-0.038763001561164856
1785948189346310837,-0.050588998943567276
1785948189364607575,-0.056501999497413635
1785948189385940178,-0.06701400130987167
1785948189405055724,-0.0755549967288971
1785948189425314536,-0.08081100136041641
1785948189445135446,-0.09395100176334381
1785948189464579642,-0.10512000322341919
1785948189485419495,-0.11037600040435791
1785948189504800648,-0.11891700327396393
1785948189525155335,-0.1300860047340393
1785948189544944724,-0.1366560012102127
1785948189564636767,-0.14848199486732483
1785948189587242753,-0.15833699703216553
1785948189605300603,-0.16227899491786957
1785948189632401379,-0.17213399708271027
1785948189645092221,-0.18527400493621826
1785948189665822439,-0.19184400141239166
1785948189685829371,-0.20104199647903442
1785948189708126611,-0.21024000644683838
1785948189726879490,-0.2154960036277771
1785948189748268863,-0.22797900438308716
1785948189764507971,-0.23980499804019928
1785948189785430131,-0.245060995221138
1785948189805005562,-0.2529450058937073
1785948189825204820,-0.2634570002555847
1785948189845030531,-0.2700270116329193
1785948189864825201,-0.28251001238822937
1785948189885225649,-0.29236501455307007
1785948189904945372,-0.2963069975376129
1785948189925125206,-0.30681899189949036
1785948189944915427,-0.3193019926548004
1785948189964467722,-0.32521501183509827
1785948189985264086,-0.33507001399993896
1785948190004964769,-0.3436110019683838
1785948190025062200,-0.3488669991493225
1785948190045525178,-0.3600359857082367
1785948190067983991,-0.3685770034790039
1785948190086242583,-0.37186199426651
1785948190105051399,-0.37580400705337524
1785948190130154356,-0.37711799144744873
1785948190145546462,-0.37711799144744873
1785948190165517649,-0.37711799144744873
1785948190185358177,-0.37711799144744873
1785948190206474998,-0.37711799144744873
1785948190226266436,-0.37711799144744873
1785948190245901037,-0.37711799144744873
1785948190265584823,-0.37711799144744873
1785948190286349794,-0.37711799144744873
1785948190305598688,-0.37711799144744873
1785948190329780624,-0.37711799144744873
1785948190345288926,-0.37711799144744873
1785948190370285255,-0.37711799144744873
1785948190389543525,-0.37711799144744873
1785948190407231796,-0.37711799144744873
1785948190436664033,-0.37711799144744873
1785948190445056219,-0.37711799144744873
1785948190466881766,-0.37711799144744873
1785948190486621266,-0.37711799144744873
1785948190505974387,-0.37711799144744873
1785948190538321847,-0.37711799144744873
1785948190546755282,-0.37711799144744873
1785948190565184183,-0.37711799144744873
1785948190585809150,-0.37711799144744873
1785948190606502502,-0.37711799144744873
1785948190629286701,-0.37711799144744873
1785948190645286250,-0.37711799144744873
1785948190665066072,-0.37711799144744873
1785948190686846945,-0.37711799144744873
1785948190709941745,-0.37711799144744873
1785948190730723868,-0.37711799144744873
1785948190747070147,-0.37711799144744873
1785948190766719149,-0.37711799144744873
1785948190786453625,-0.37711799144744873
1785948190806008640,-0.37711799144744873
1785948190840110328,-0.37711799144744873
1785948190849964222,-0.37711799144744873
1785948190864878458,-0.37711799144744873
1785948190885752552,-0.37711799144744873
1785948190906411920,-0.37711799144744873
1785948190926912979,-0.37711799144744873
1785948190945299126,-0.37711799144744873
1785948190966611346,-0.37711799144744873
1785948190985382433,-0.37711799144744873
1785948191005394197,-0.37711799144744873
1785948191025293318,-0.37711799144744873
1785948191045042195,-0.37711799144744873
1785948191067857403,-0.37711799144744873
1785948191084949336,-0.37711799144744873
1785948191104769383,-0.37711799144744873
1785948191125297610,-0.37711799144744873
1785948191144992181,-0.37711799144744873
1785948191164639199,-0.37711799144744873
1785948191184926971,-0.37711799144744873
1785948191204655367,-0.37711799144744873
1785948191226345902,-0.37711799144744873
1785948191245531273,-0.37711799144744873
1785948191264789319,-0.37711799144744873
1785948191285312875,-0.37711799144744873
1785948191304908275,-0.37777501344680786
1785948191325110189,-0.37777501344680786
1785948191344959740,-0.37777501344680786
1785948191364802796,-0.37777501344680786
1785948191386469233,-0.37777501344680786
1785948191406091642,-0.37777501344680786
1785948191425262901,-0.37777501344680786
1785948191445284490,-0.37777501344680786
1785948191464739182,-0.37777501344680786
1785948191485286546,-0.37777501344680786
1785948191505861527,-0.37711799144744873
1785948191525153654,-0.37711799144744873
1785948191546830076,-0.37711799144744873
1785948191564864085,-0.37711799144744873
1785948191586369814,-0.37711799144744873
1785948191604694872,-0.37711799144744873
1785948191625157626,-0.37711799144744873
1785948191645323347,-0.37711799144744873
1785948191664778167,-0.37711799144744873
1785948191685260313,-0.37711799144744873
1785948191707433646,-0.37711799144744873
1785948191725202047,-0.37711799144744873
1785948191744988205,-0.37711799144744873
1785948191771417376,-0.37711799144744873
1785948191792662138,-0.37711799144744873
1785948191807088487,-0.37711799144744873
1785948191825332391,-0.37711799144744873
1785948191854232868,-0.37711799144744873
1785948191864792223,-0.37711799144744873
1785948191885388293,-0.37711799144744873
1785948191904789479,-0.37711799144744873
1785948191930961907,-0.37711799144744873
1785948191946652838,-0.37711799144744873
1785948191966438740,-0.37711799144744873
1785948191986408007,-0.37711799144744873
1785948192006278807,-0.37711799144744873
1785948192025103880,-0.37711799144744873
1785948192046209949,-0.37711799144744873
1785948192064889226,-0.37711799144744873
1785948192086442924,-0.37711799144744873
1785948192105399713,-0.37711799144744873
1785948192125811233,-0.37711799144744873
1785948192145400425,-0.37711799144744873
1785948192165160470,-0.37711799144744873
1785948192185686618,-0.37711799144744873
1785948192204936983,-0.37711799144744873
1785948192225358136,-0.37711799144744873
1785948192246095938,-0.37711799144744873
1785948192264461349,-0.37711799144744873
1785948192285736255,-0.37711799144744873
1785948192304846488,-0.37711799144744873
1785948192325140341,-0.37711799144744873
1785948192345470483,-0.37711799144744873
1785948192364530603,-0.37711799144744873
1785948192385104912,-0.37711799144744873
1785948192405772408,-0.37711799144744873
1785948192425775500,-0.37711799144744873
1785948192444932295,-0.37711799144744873
1785948192468422723,-0.37711799144744873
1785948192486107058,-0.37711799144744873
1785948192518339410,-0.37711799144744873
1785948192525959478,-0.37711799144744873
1785948192545094160,-0.37711799144744873
1785948192565121957,-0.37711799144744873
1785948192585071031,-0.37711799144744873
1785948192605708446,-0.37711799144744873
1785948192625069791,-0.37711799144744873
1785948192647660672,-0.37711799144744873
1785948192665277901,-0.37711799144744873
1785948192687153785,-0.37711799144744873
1785948192705722530,-0.37711799144744873
1785948192725791064,-0.37711799144744873
1785948192745074103,-0.37711799144744873
1785948192765185070,-0.37711799144744873
1785948192785932985,-0.37711799144744873
1785948192806498557,-0.37711799144744873
1785948192825948289,-0.37711799144744873
1785948192846456356,-0.37711799144744873
1785948192864667011,-0.37711799144744873
1785948192893857993,-0.37711799144744873
1785948192905010293,-0.37711799144744873
1785948192926228269,-0.37711799144744873
1785948192948245757,-0.37711799144744873
1785948192969630363,-0.37711799144744873
1785948192985344655,-0.37711799144744873
1785948193006429059,-0.37711799144744873
1785948193025929320,-0.37711799144744873
1785948193045353131,-0.37711799144744873
1785948193067436093,-0.37711799144744873
1785948193085535609,-0.37711799144744873
1785948193105141249,-0.37711799144744873
1785948193125249560,-0.37711799144744873
1785948193145043718,-0.37711799144744873
1785948193164882709,-0.37711799144744873
1785948193185143313,-0.37711799144744873
1785948193206648530,-0.37711799144744873
1785948193229971369,-0.37711799144744873
1785948193246419827,-0.37711799144744873
1785948193264620433,-0.37711799144744873
1785948193285129332,-0.37711799144744873
1785948193306833243,-0.37711799144744873
1785948193329124467,-0.37711799144744873
1785948193345131600,-0.37711799144744873
1785948193364727288,-0.37711799144744873
1785948193385391360,-0.37711799144744873
1785948193405029193,-0.37711799144744873
1785948193425348295,-0.3738330006599426
1785948193445845770,-0.37120500206947327
1785948193464932515,-0.36726298928260803
1785948193485514216,-0.36594900488853455
1785948193507678300,-0.36594900488853455
1785948193526551311,-0.3633210062980652
1785948193556936504,-0.35740798711776733
1785948193565754399,-0.35412299633026123
1785948193585389192,-0.34821000695228577
1785948193604900141,-0.34426799416542053
1785948193627272744,-0.3422969877719879
1785948193649288312,-0.3390119969844818
1785948193666046508,-0.33835500478744507
1785948193685442286,-0.33835500478744507
1785948193709371479,-0.33835500478744507
1785948193725564537,-0.3357270061969757
1785948193745373864,-0.33309900760650635
1785948193764991472,-0.325872004032135
1785948193785114696,-0.3219299912452698
1785948193805339651,-0.3206160068511963
1785948193825498331,-0.3160170018672943
1785948193846295367,-0.30813300609588623
1785948193864704684,-0.30353400111198425
1785948193885425333,-0.29236501455307007
1785948193906097757,-0.2831670045852661
1785948193929089834,-0.2779110074043274
1785948193949068478,-0.26411399245262146
1785948193964583628,-0.2529450058937073
1785948193987728798,-0.24768899381160736
1785948194004858684,-0.23980499804019928
1785948194026304347,-0.22929300367832184
1785948194045227279,-0.22337999939918518
1785948194065454090,-0.21089699864387512
1785948194092428270,-0.20169900357723236
1785948194105186538,-0.19775700569152832
1785948194128560674,-0.18790200352668762
1785948194145396440,-0.17541900277137756
1785948194164658070,-0.1695059984922409
1785948194185096343,-0.16030800342559814
1785948194204641982,-0.15176700055599213
1785948194229927183,-0.14716799557209015
1785948194251795387,-0.13534200191497803
1785948194264826367,-0.12351600080728531
1785948194284995288,-0.11891700327396393
1785948194304772933,-0.11037600040435791
1785948194325369675,-0.10052099823951721
1785948194346803946,-0.09460800141096115
1785948194365398356,-0.08278200030326843
1785948194386060316,-0.07358399778604507
1785948194404985648,-0.06964199990034103
1785948194425578101,-0.059787001460790634
1785948194445083259,-0.047961000353097916
1785948194465005804,-0.042047999799251556
1785948194485806168,-0.0328500010073185
1785948194505593574,-0.024309000000357628
1785948194525711485,-0.019710000604391098
1785948194545733778,-0.007884000428020954
1785948194564721512,0.0019710001070052385
1785948194584931874,0.006570000201463699
1785948194606700523,0.015111000277101994
1785948194628294606,0.025622999295592308
1785948194644866652,0.03219300135970116
1785948194664660266,0.04336199909448624
1785948194684895429,0.053217001259326935
1785948194708456163,0.057158999145030975
1785948194725198678,0.06767100095748901
1785948194745327630,0.08015400171279907
1785948194764748368,0.08606699854135513
1785948194785139344,0.09657900035381317
1785948194804829979,0.10577700287103653
1785948194825502563,0.11103300005197525
1785948194845457014,0.12351600080728531
1785948194866434855,0.13534200191497803
1785948194885618978,0.13994100689888
1785948194906526961,0.14848199486732483
1785948194925552680,0.1596509963274002
1785948194945356919,0.16556400060653687
1785948194964664214,0.17804700136184692
1785948194985929360,0.18724499642848969
1785948195004845379,0.19184400141239166
1785948195026720207,0.20169900357723236
1785948195045073362,0.21483899652957916
1785948195064674298,0.22075200080871582
1785948195086604168,0.23060700297355652
1785948195104788614,0.23980499804019928
1785948195125404748,0.245060995221138
1785948195145374143,0.25754401087760925
1785948195164843491,0.2693699896335602
1785948195186548426,0.27396899461746216
1785948195204810602,0.28251001238822937
1785948195229972376,0.2930220067501068
1785948195249139667,0.299591988325119
1785948195272012797,0.3120749890804291
1785948195288698382,0.32127299904823303
1785948195304668874,0.32521501183509827
1785948195328203847,0.3357270061969757
1785948195345055421,0.3488669991493225
1785948195365083890,0.354779988527298
1785948195385047749,0.36463499069213867
1785948195407217402,0.37186199426651
1785948195425959560,0.37448999285697937
1785948195447765202,0.37711799144744873
1785948195464787021,0.37711799144744873
1785948195485156076,0.37711799144744873
1785948195505041085,0.37711799144744873
1785948195525388187,0.37711799144744873
1785948195545260587,0.37711799144744873
1785948195564919925,0.37711799144744873
1785948195585223314,0.37711799144744873
1785948195607376518,0.37711799144744873
1785948195624901521,0.37711799144744873
1785948195645119691,0.37711799144744873
1785948195665101343,0.37711799144744873
1785948195686560510,0.37711799144744873
1785948195705862109,0.37711799144744873
1785948195726613448,0.37711799144744873
1785948195747169804,0.37711799144744873
1785948195764723831,0.37711799144744873
1785948195785738314,0.37711799144744873
1785948195807408399,0.37711799144744873
1785948195830460350,0.37711799144744873
1785948195846120849,0.37711799144744873
1785948195865029732,0.37711799144744873
1785948195885238495,0.37711799144744873
1785948195904778085,0.37711799144744873
1785948195925513039,0.37711799144744873
1785948195946615588,0.37711799144744873
1785948195965826176,0.37711799144744873
1785948195987443364,0.37711799144744873
1785948196006151602,0.37711799144744873
1785948196026359660,0.37711799144744873
1785948196045858993,0.37711799144744873
1785948196064779333,0.37711799144744873
1785948196089013591,0.37711799144744873
1785948196104903185,0.37711799144744873
1785948196125910627,0.37711799144744873
1785948196145286404,0.37711799144744873
1785948196164502785,0.37711799144744873
1785948196185134599,0.37711799144744873
1785948196204866131,0.37711799144744873
1785948196225615102,0.37711799144744873
1785948196248775600,0.37711799144744873
1785948196264784557,0.37711799144744873
1785948196285756414,0.37711799144744873
1785948196305850421,0.37711799144744873
1785948196324913677,0.37711799144744873
1785948196345341006,0.37711799144744873
1785948196367313468,0.37711799144744873
1785948196385262163,0.37711799144744873
1785948196406423946,0.37711799144744873
1785948196425298332,0.37711799144744873
1785948196448434574,0.37711799144744873
1785948196464958810,0.37711799144744873
1785948196485085426,0.37711799144744873
1785948196507480749,0.37711799144744873
1785948196525876593,0.37711799144744873
1785948196545562844,0.37711799144744873
1785948196564840154,0.37711799144744873
1785948196585126167,0.37711799144744873
1785948196606226412,0.37711799144744873
1785948196625228322,0.37711799144744873
1785948196645791623,0.37711799144744873
1785948196664832062,0.37711799144744873
1785948196685326913,0.37711799144744873
1785948196704847079,0.37711799144744873
1785948196726394249,0.37711799144744873
1785948196745346942,0.37711799144744873
1785948196764751232,0.37711799144744873
1785948196791074000,0.37711799144744873
1785948196804933645,0.37711799144744873
1785948196825273291,0.37711799144744873
1785948196845066073,0.37711799144744873
1785948196865029196,0.37711799144744873
1785948196885040224,0.37711799144744873
1785948196905541187,0.37711799144744873
1785948196925924387,0.37711799144744873
1785948196947852816,0.37711799144744873
1785948196965128211,0.37711799144744873
1785948196985847772,0.37711799144744873
1785948197005014968,0.37711799144744873
1785948197040465336,0.37711799144744873
1785948197046488971,0.37711799144744873
1785948197064754732,0.37711799144744873
1785948197086349231,0.37711799144744873
1785948197105026876,0.37711799144744873
1785948197125088242,0.37711799144744873
1785948197145830364,0.37711799144744873
1785948197165131707,0.37711799144744873
1785948197185813603,0.37711799144744873
1785948197205009471,0.37711799144744873
1785948197228036813,0.37711799144744873
1785948197245125195,0.37711799144744873
1785948197264796373,0.37711799144744873
1785948197285121651,0.37711799144744873
1785948197308141025,0.37711799144744873
1785948197343249175,0.37711799144744873
1785948197347101674,0.37711799144744873
1785948197364796793,0.37711799144744873
1785948197385053877,0.37711799144744873
1785948197406475795,0.37711799144744873
1785948197440875892,0.37711799144744873
1785948197452335977,0.37711799144744873
1785948197464753852,0.37711799144744873
1785948197485284287,0.37711799144744873
1785948197504882183,0.37711799144744873
1785948197532451101,0.37711799144744873
1785948197544978002,0.37711799144744873
1785948197566882751,0.37711799144744873
1785948197585681295,0.37711799144744873
1785948197605029264,0.37711799144744873
1785948197626244328,0.37711799144744873
1785948197646281693,0.37711799144744873
1785948197664692834,0.37711799144744873
1785948197685260455,0.37711799144744873
1785948197704833934,0.37711799144744873
1785948197725210029,0.37711799144744873
1785948197745146623,0.37711799144744873
1785948197765023215,0.37711799144744873
1785948197785310348,0.37711799144744873
1785948197809788805,0.37711799144744873
1785948197829797850,0.37711799144744873
1785948197847101693,0.37711799144744873
1785948197869309875,0.37711799144744873
1785948197886328942,0.37711799144744873
1785948197904565230,0.37711799144744873
1785948197926018125,0.37711799144744873
1785948197945233802,0.37711799144744873
1785948197964791696,0.37711799144744873
1785948197997158453,0.37711799144744873
1785948198005078049,0.37711799144744873
1785948198026789384,0.37711799144744873
1785948198046978690,0.37711799144744873
1785948198065613677,0.37711799144744873
1785948198085061072,0.37711799144744873
1785948198106521968,0.37711799144744873
1785948198138251778,0.37711799144744873
1785948198145512762,0.37711799144744873
1785948198166816853,0.37711799144744873
1785948198185648550,0.37711799144744873
1785948198207286091,0.37711799144744873
1785948198225012187,0.37711799144744873
1785948198245312024,0.37711799144744873
1785948198264548885,0.37711799144744873
1785948198286626215,0.37711799144744873
1785948198305229393,0.37711799144744873
1785948198327675438,0.37711799144744873
1785948198345311708,0.37711799144744873
1785948198364633372,0.37711799144744873
1785948198385783186,0.37711799144744873
1785948198405394458,0.37711799144744873
1785948198425834043,0.37711799144744873
1785948198445372674,0.37711799144744873
1785948198465130094,0.37711799144744873
1785948198485479917,0.37711799144744873
1785948198505887341,0.37711799144744873
1785948198525237614,0.37711799144744873
1785948198554369618,0.37711799144744873
1785948198564576482,0.37711799144744873
1785948198586846521,0.37711799144744873
1785948198604771952,0.37711799144744873
1785948198625956263,0.37711799144744873
1785948198645921978,0.37711799144744873
1785948198666119892,0.37711799144744873
1785948198685431507,0.37711799144744873
1785948198704891191,0.37711799144744873
1785948198725398554,0.37711799144744873
1785948198745699831,0.37711799144744873
1785948198764794288,0.37711799144744873
1785948198784991594,0.37711799144744873
1785948198805596944,0.37711799144744873
1785948198825183096,0.37711799144744873
1785948198845880577,0.37711799144744873
1785948198865616461,0.37711799144744873
1785948198884970189,0.37711799144744873
1785948198906350603,0.37711799144744873
1785948198925162203,0.37711799144744873
1785948198945261426,0.37711799144744873
1785948198966449993,0.37711799144744873
1785948198985443839,0.37711799144744873
1785948199005254734,0.37711799144744873
1785948199028762762,0.37711799144744873
1785948199045249910,0.37711799144744873
1785948199064885695,0.37711799144744873
1785948199085436323,0.37711799144744873
1785948199109030594,0.37711799144744873
1785948199125569327,0.37711799144744873
1785948199145566627,0.37711799144744873
1785948199164664924,0.37711799144744873
1785948199184923064,0.37711799144744873
1785948199207839651,0.37711799144744873
1785948199225698455,0.37711799144744873
1785948199245500389,0.37711799144744873
1785948199264886311,0.37711799144744873
1785948199287667822,0.37711799144744873
1785948199304909615,0.37711799144744873
1785948199324959973,0.37711799144744873
1785948199344940856,0.37711799144744873
1785948199364697637,0.37711799144744873
1785948199385234313,0.37711799144744873
1785948199404886099,0.37711799144744873
1785948199425225937,0.37448999285697937
1785948199445907001,0.37251898646354675
1785948199464727498,0.37120500206947327
1785948199491477703,0.3705480098724365
1785948199504995162,0.3705480098724365
1785948199525431803,0.3685770034790039
1785948199545671766,0.3652920126914978
1785948199564664620,0.36463499069213867
1785948199584792292,0.36463499069213867
1785948199605553615,0.36463499069213867
1785948199625713575,0.36266401410102844
1785948199646127048,0.35740798711776733
1785948199664734866,0.35280901193618774
1785948199686400920,0.35149499773979187
1785948199705119718,0.35149499773979187
1785948199725306143,0.35412299633026123
1785948199750492110,0.35609400272369385
1785948199764824057,0.3567509949207306
1785948199785668998,0.3567509949207306
1785948199806036613,0.3567509949207306
1785948199827144762,0.354779988527298
1785948199845470780,0.3488669991493225
1785948199864554805,0.3449249863624573
1785948199884848017,0.33835500478744507
1785948199912402182,0.3337559998035431
1785948199933136464,0.330471009016037
1785948199947440091,0.32127299904823303
1785948199966279436,0.3127320110797882
1785948199986602890,0.3094469904899597
1785948200004960845,0.30550500750541687
1785948200025163015,0.2989349961280823
1785948200045119449,0.29565000534057617
1785948200064757987,0.29236501455307007
1785948200086456201,0.2910510003566742
1785948200109156942,0.2910510003566742
1785948200129742675,0.28842300176620483
1785948200145287810,0.2831670045852661
1785948200164805448,0.2792249917984009
1785948200185552402,0.2700270116329193
1785948200207250137,0.25885799527168274
1785948200227716827,0.25228801369667053
1785948200245753876,0.2384909987449646
1785948200267597503,0.22732199728488922
1785948200285624472,0.22272300720214844
1785948200305094045,0.21483899652957916
1785948200325801926,0.20498399436473846
1785948200346416908,0.19972799718379974
1785948200373765339,0.19184400141239166
1785948200386279312,0.185930997133255
1785948200405006878,0.18461699783802032
1785948200425386141,0.17804700136184692
1785948200445312559,0.1695059984922409
1785948200464697553,0.16425000131130219
1785948200488418932,0.1543949991464615
1785948200505280298,0.14585399627685547
1785948200525255965,0.14059799909591675
1785948200546364850,0.12877200543880463
1785948200564904731,0.11694599688053131
1785948200590051368,0.11234699934720993
1785948200605475412,0.10380599647760391
1785948200628361214,0.09395100176334381
1785948200647984711,0.08803799748420715
1785948200666234822,0.07621199637651443
1785948200685872656,0.06701400130987167
1785948200705092140,0.06307200342416763
1785948200725510957,0.053217001259326935
1785948200745087604,0.041391000151634216
1785948200764813824,0.03547799959778786
1785948200803859916,0.025622999295592308
1785948200805761316,0.01708200015127659
1785948200826066241,0.012482999823987484
1785948200845124025,0.0013139999937266111
1785948200864931911,-0.009197999723255634
1785948200886339493,-0.013797000050544739
1785948200906461661,-0.02233799919486046
1785948200934382461,-0.0328500010073185
1785948200945850803,-0.038763001561164856
1785948200965110065,-0.050588998943567276
1785948200985958590,-0.060444001108407974
1785948201005503140,-0.06438600271940231
1785948201036867659,-0.07489799708127975
1785948201046701008,-0.08803799748420715
1785948201064733225,-0.09329400211572647
1785948201085986147,-0.10380599647760391
1785948201107143449,-0.11234699934720993
1785948201125173331,-0.11760299652814865
1785948201145104356,-0.13074299693107605
1785948201164603882,-0.14191199839115143
1785948201185049419,-0.14716799557209015
1785948201205181347,-0.15570899844169617
1785948201234330471,-0.16687799990177155
1785948201247607955,-0.17344799637794495
1785948201265144382,-0.185930997133255
1785948201285690562,-0.19512900710105896
1785948201306098338,-0.199071004986763
1785948201325759692,-0.20958299934864044
1785948201346083754,-0.22272300720214844
1785948201366089470,-0.2286359965801239
1785948201386360538,-0.2384909987449646
1785948201405255757,-0.24703200161457062
1785948201425673837,-0.25228801369667053
1785948201446986824,-0.2647710144519806
1785948201465276841,-0.2765969932079315
1785948201486177720,-0.28185299038887024
1785948201505836450,-0.2897369861602783
1785948201526745201,-0.3009060025215149
1785948201545999471,-0.3074760138988495
1785948201565063303,-0.3193019926548004
1785948201585259393,-0.32850000262260437
1785948201607205103,-0.3324419856071472
1785948201625482992,-0.34295400977134705
1785948201645758828,-0.3554370105266571
1785948201664603005,-0.3606930077075958
1785948201685638768,-0.36923399567604065
1785948201704759050,-0.37448999285697937
1785948201728826967,-0.376460999250412
1785948201746254655,-0.37711799144744873
1785948201764773350,-0.37711799144744873
1785948201785289962,-0.37711799144744873
1785948201805039094,-0.37711799144744873
1785948201831850517,-0.37711799144744873
1785948201847295745,-0.37711799144744873
1785948201865445758,-0.37711799144744873
1785948201886595445,-0.37711799144744873
1785948201905964886,-0.37711799144744873
1785948201938007505,-0.37711799144744873
1785948201945819129,-0.37711799144744873
1785948201966272955,-0.37711799144744873
1785948201985372980,-0.37711799144744873
1785948202004924027,-0.37711799144744873
1785948202025439774,-0.37711799144744873
1785948202045358608,-0.37711799144744873
1785948202065651916,-0.37711799144744873
1785948202085179538,-0.37711799144744873
1785948202105657109,-0.37711799144744873
1785948202125515044,-0.37711799144744873
1785948202145642524,-0.37711799144744873
1785948202164820312,-0.37711799144744873
1785948202185319130,-0.37711799144744873
1785948202205013093,-0.37711799144744873
1785948202237596016,-0.37711799144744873
1785948202245100912,-0.37711799144744873
1785948202264847932,-0.37711799144744873
1785948202285046358,-0.37711799144744873
1785948202304716288,-0.37711799144744873
1785948202325034526,-0.37711799144744873
1785948202345273561,-0.37711799144744873
1785948202364575896,-0.37711799144744873
1785948202387161049,-0.37711799144744873
1785948202405601695,-0.37711799144744873
1785948202429093467,-0.37711799144744873
1785948202451276880,-0.37711799144744873
1785948202464618845,-0.37711799144744873
1785948202485145217,-0.37711799144744873
1785948202507012173,-0.37711799144744873
1785948202525349487,-0.37711799144744873
1785948202545150653,-0.37711799144744873
1785948202566291859,-0.37711799144744873
1785948202585833914,-0.37711799144744873
1785948202605485475,-0.37711799144744873
1785948202626298607,-0.37711799144744873
1785948202645118304,-0.37711799144744873
1785948202664652966,-0.37711799144744873
1785948202685635288,-0.37711799144744873
1785948202705398757,-0.37711799144744873
1785948202726431991,-0.37711799144744873
1785948202745378828,-0.37711799144744873
1785948202764863793,-0.37711799144744873
1785948202785407157,-0.37711799144744873
1785948202805035838,-0.37711799144744873
1785948202826550687,-0.37711799144744873
1785948202846663958,-0.37711799144744873
1785948202869145652,-0.37711799144744873
1785948202885696577,-0.37711799144744873
1785948202904824059,-0.37711799144744873
1785948202925265949,-0.37711799144744873
1785948202944963656,-0.37711799144744873
1785948202964729301,-0.37711799144744873
1785948202986330776,-0.37711799144744873
1785948203004763486,-0.37711799144744873
1785948203041977011,-0.37711799144744873
1785948203050456239,-0.37711799144744873
1785948203064853180,-0.37711799144744873
1785948203085179834,-0.37711799144744873
1785948203105042378,-0.37711799144744873
1785948203126648718,-0.37711799144744873
1785948203145249304,-0.37711799144744873
1785948203164635994,-0.37711799144744873
1785948203186160187,-0.37711799144744873
1785948203205037006,-0.37711799144744873
1785948203225509872,-0.37711799144744873
1785948203245740971,-0.37711799144744873
1785948203269279944,-0.37711799144744873
1785948203290795209,-0.37711799144744873
1785948203304888045,-0.37711799144744873
1785948203325106760,-0.37711799144744873
1785948203346136954,-0.37711799144744873
1785948203364487517,-0.37711799144744873
1785948203385423245,-0.37711799144744873
1785948203405214939,-0.37711799144744873
1785948203430800821,-0.37711799144744873
1785948203446944246,-0.37711799144744873
1785948203465061298,-0.37711799144744873
1785948203485191402,-0.37711799144744873
1785948203505077019,-0.37711799144744873
1785948203525837957,-0.37711799144744873
1785948203548106525,-0.37711799144744873
1785948203566571683,-0.37711799144744873
1785948203586982083,-0.37711799144744873
1785948203607980789,-0.37711799144744873
1785948203625296473,-0.37711799144744873
1785948203645194058,-0.37711799144744873
1785948203664588908,-0.37711799144744873
1785948203686600604,-0.37711799144744873
1785948203706444299,-0.37711799144744873
1785948203725759211,-0.37711799144744873
1785948203745570777,-0.37711799144744873
1785948203774632187,-0.37711799144744873
1785948203785466206,-0.37711799144744873
1785948203805224043,-0.37711799144744873
1785948203825591306,-0.37711799144744873
1785948203845803652,-0.37711799144744873
1785948203864747481,-0.37711799144744873
1785948203885473666,-0.37711799144744873
1785948203905645019,-0.37711799144744873
1785948203925674320,-0.37711799144744873
1785948203947610942,-0.37711799144744873
1785948203964636441,-0.37711799144744873
1785948203985178142,-0.37711799144744873
1785948204006894597,-0.37711799144744873
1785948204034739394,-0.37711799144744873
1785948204046841867,-0.37711799144744873
1785948204066074408,-0.37711799144744873
1785948204085418153,-0.37711799144744873
1785948204105164949,-0.37711799144744873
1785948204136529532,-0.37711799144744873
1785948204145304193,-0.37711799144744873
1785948204165263380,-0.37711799144744873
1785948204185789592,-0.37711799144744873
1785948204205274940,-0.37711799144744873
1785948204229368394,-0.37711799144744873
1785948204249675015,-0.37711799144744873
1785948204266660930,-0.37711799144744873
1785948204288595055,-0.37711799144744873
1785948204304825747,-0.37711799144744873
1785948204325660576,-0.37711799144744873
1785948204345735158,-0.37711799144744873
1785948204364960531,-0.37711799144744873
1785948204389002975,-0.37711799144744873
1785948204405157121,-0.37711799144744873
1785948204426282358,-0.37711799144744873
1785948204445399280,-0.37711799144744873
1785948204466068568,-0.37711799144744873
1785948204485143184,-0.37711799144744873
1785948204504790874,-0.37711799144744873
1785948204528127249,-0.37711799144744873
1785948204545720541,-0.37711799144744873
1785948204566996887,-0.37711799144744873
1785948204589590457,-0.37711799144744873
1785948204605357199,-0.37711799144744873
1785948204625481158,-0.37711799144744873
1785948204655246557,-0.37711799144744873
1785948204670685321,-0.37711799144744873
1785948204694892923,-0.37711799144744873
1785948204705687004,-0.37711799144744873
1785948204729003603,-0.37711799144744873
1785948204746068272,-0.37711799144744873
1785948204764719292,-0.37711799144744873
1785948204786124089,-0.37711799144744873
1785948204804700739,-0.37711799144744873
1785948204827224098,-0.37711799144744873
1785948204845002996,-0.37711799144744873
1785948204864707007,-0.37711799144744873
1785948204885544588,-0.37711799144744873
1785948204905016336,-0.37711799144744873
1785948204933040019,-0.37711799144744873
1785948204948327323,-0.37711799144744873
1785948204964756773,-0.37711799144744873
1785948204985448397,-0.37711799144744873
1785948205004694795,-0.37711799144744873
1785948205025080202,-0.37711799144744873
1785948205044997756,-0.37711799144744873
1785948205064481664,-0.37711799144744873
1785948205086228072,-0.37711799144744873
1785948205105790991,-0.37711799144744873
1785948205128271117,-0.376460999250412
1785948205145003328,-0.37580400705337524
1785948205164558631,-0.37580400705337524
1785948205184772289,-0.37580400705337524
1785948205204829815,-0.37580400705337524
1785948205225065778,-0.37711799144744873
1785948205245857245,-0.37711799144744873
1785948205264811154,-0.37711799144744873
1785948205285072846,-0.37711799144744873
1785948205304937822,-0.37711799144744873
1785948205324969011,-0.37711799144744873
1785948205350619215,-0.37711799144744873
1785948205365286660,-0.37711799144744873
1785948205387198673,-0.37711799144744873
1785948205406930877,-0.37711799144744873
1785948205426377473,-0.37711799144744873
1785948205445192369,-0.37711799144744873
1785948205467289892,-0.37711799144744873
1785948205484968307,-0.37711799144744873
1785948205508284393,-0.37711799144744873
1785948205525875094,-0.37711799144744873
1785948205550682297,-0.37711799144744873
1785948205564841055,-0.37711799144744873
1785948205585290336,-0.37711799144744873
1785948205605332885,-0.37711799144744873
1785948205625390251,-0.37580400705337524
1785948205645761770,-0.3705480098724365
1785948205668788280,-0.36266401410102844
1785948205687483365,-0.3587220013141632
1785948205705058609,-0.35412299633026123
1785948205725397775,-0.3508380055427551
1785948205746085304,-0.34821000695228577
1785948205766492184,-0.3449249863624573
1785948205788042266,-0.3449249863624573
1785948205805241915,-0.34426799416542053
1785948205829058656,-0.3422969877719879
1785948205844968250,-0.33638399839401245
1785948205865285688,-0.33441299200057983
1785948205885289868,-0.3317849934101105
1785948205905343170,-0.33112800121307373
1785948205926938501,-0.3291569948196411
1785948205945379051,-0.3239009976387024
1785948205964856719,-0.31536000967025757
1785948205984989927,-0.3107610046863556
1785948206004895736,-0.299591988325119
1785948206025815752,-0.2864519953727722
1785948206053065716,-0.2792249917984009
1785948206065288416,-0.2667419910430908
1785948206085147248,-0.2568869888782501
1785948206105133763,-0.2529450058937073
1785948206125145208,-0.24243299663066864
1785948206145589529,-0.23126399517059326
1785948206164786293,-0.22666500508785248
1785948206185198485,-0.22009499371051788
1785948206204812414,-0.21483899652957916
1785948206225352994,-0.21155400574207306
1785948206245223730,-0.20169900357723236
1785948206264602963,-0.19118699431419373
1785948206286166006,-0.185930997133255
1785948206304869955,-0.17804700136184692
1785948206325977816,-0.16753500699996948
1785948206345366234,-0.16162200272083282
1785948206364977763,-0.1497959941625595
1785948206385739501,-0.14059799909591675
1785948206404823654,-0.1366560012102127
1785948206426684497,-0.126800999045372
1785948206448161745,-0.11497499793767929
1785948206465712220,-0.10906200110912323
1785948206485452649,-0.09920699894428253
1785948206504914445,-0.09132300317287445
1785948206525180745,-0.08606699854135513
1785948206550791396,-0.07424099743366241
1785948206566619003,-0.06307200342416763
1785948206586160514,-0.058472998440265656
1785948206604957458,-0.049931999295949936
1785948206625251919,-0.040077000856399536
1785948206645274787,-0.03547799959778786
1785948206664699686,-0.027594000101089478
1785948206685019364,-0.02168099954724312
1785948206707656614,-0.019710000604391098
1785948206741922883,-0.013797000050544739
1785948206747641166,-0.0052559999749064445
1785948206764576422,-0.0013139999937266111
1785948206785862113,0.004598999861627817
1785948206805829460,0.009855000302195549
1785948206825057105,0.013140000402927399
1785948206845303084,0.02168099954724312
1785948206865252735,0.03219300135970116
1785948206886969798,0.03679199889302254
1785948206905035840,0.045333001762628555
1785948206925578532,0.055188000202178955
1785948206945579800,0.061758000403642654
1785948206969339772,0.07358399778604507
1785948206985781030,0.08278200030326843
1785948207006849306,0.08738099783658981
1785948207025707084,0.09723600000143051
1785948207045317332,0.11037600040435791
1785948207064678069,0.11628899723291397
1785948207085334397,0.12614400684833527
1785948207104807105,0.1346849948167801
1785948207125182240,0.13994100689888
1785948207148200814,0.1530809998512268
1785948207164590359,0.16490699350833893
1785948207185385826,0.1695059984922409
1785948207205044716,0.17804700136184692
1785948207230023605,0.1892160028219223
1785948207245487745,0.1957859992980957
1785948207264700862,0.20761199295520782
1785948207291132210,0.21746699512004852
1785948207304685189,0.22140899300575256
1785948207325060229,0.2319210022687912
1785948207345153627,0.245060995221138
1785948207365138031,0.25097399950027466
1785948207385200997,0.26082900166511536
1785948207405177272,0.2693699896335602
1785948207425214637,0.2746259868144989
1785948207446156029,0.28710898756980896
1785948207464657253,0.2989349961280823
1785948207485304236,0.30353400111198425
1785948207504769328,0.3120749890804291
1785948207525082157,0.3225870132446289
1785948207545076417,0.3291569948196411
1785948207565895533,0.34163999557495117
1785948207584978758,0.3508380055427551
1785948207604753363,0.354779988527298
1785948207627947143,0.36397799849510193
1785948207645493841,0.37186199426651
1785948207665109114,0.3738330006599426
1785948207685362005,0.37711799144744873
1785948207706980954,0.37711799144744873
1785948207725558819,0.37711799144744873
1785948207745058344,0.37711799144744873
1785948207765188512,0.37711799144744873
1785948207785394938,0.37711799144744873
1785948207805304812,0.37711799144744873
1785948207829657537,0.37711799144744873
1785948207845054284,0.37711799144744873
1785948207864599859,0.37711799144744873
1785948207887583264,0.37711799144744873
1785948207905853728,0.37711799144744873
1785948207925114302,0.37711799144744873
1785948207944986702,0.37711799144744873
1785948207966707829,0.37711799144744873
1785948207987925262,0.37711799144744873
1785948208005071245,0.37711799144744873
1785948208027992344,0.37711799144744873
1785948208045430271,0.37711799144744873
1785948208064633020,0.37711799144744873
1785948208085187040,0.37711799144744873
1785948208104739399,0.37711799144744873
1785948208124944577,0.37711799144744873
1785948208145553767,0.37711799144744873
1785948208164574974,0.37711799144744873
1785948208188746286,0.37711799144744873
1785948208206316026,0.37711799144744873
1785948208225943683,0.37711799144744873
1785948208245856340,0.37711799144744873
1785948208265383898,0.37711799144744873
1785948208285504369,0.37711799144744873
1785948208305205213,0.37711799144744873
1785948208326269872,0.37711799144744873
1785948208345485677,0.37711799144744873
1785948208364685193,0.37711799144744873
1785948208385685691,0.37711799144744873
1785948208404961113,0.37711799144744873
1785948208425441276,0.37711799144744873
1785948208446921180,0.37711799144744873
1785948208465647274,0.37711799144744873
1785948208485370325,0.37711799144744873
1785948208505127170,0.37711799144744873
1785948208525196664,0.37711799144744873
1785948208545673082,0.37711799144744873
1785948208566541288,0.37711799144744873
1785948208585790374,0.37711799144744873
1785948208604887071,0.37711799144744873
1785948208625150523,0.37711799144744873
1785948208645071724,0.37711799144744873
1785948208664687637,0.37711799144744873
1785948208685198392,0.37711799144744873
1785948208704749791,0.37711799144744873
1785948208725790354,0.37711799144744873
1785948208746514555,0.37711799144744873
1785948208764855166,0.37711799144744873
1785948208785164859,0.37711799144744873
1785948208804806404,0.37711799144744873
1785948208828982229,0.37711799144744873
1785948208846390332,0.37711799144744873
1785948208864711966,0.37711799144744873
1785948208894699547,0.37711799144744873
1785948208904833961,0.37711799144744873
1785948208926030689,0.37711799144744873
1785948208945099737,0.37711799144744873
1785948208964534012,0.37711799144744873
1785948208985243397,0.37711799144744873
1785948209004787692,0.37711799144744873
1785948209032609705,0.37711799144744873
1785948209046936948,0.37711799144744873
1785948209065314327,0.37711799144744873
1785948209087322439,0.37711799144744873
1785948209109600671,0.37711799144744873
1785948209134180028,0.37711799144744873
1785948209148182813,0.37711799144744873
1785948209164635815,0.37711799144744873
1785948209185341616,0.37711799144744873
1785948209204918872,0.37711799144744873
1785948209226100079,0.37711799144744873
1785948209246222726,0.37711799144744873
1785948209264877138,0.37711799144744873
1785948209291204931,0.37711799144744873
1785948209305575919,0.37711799144744873
1785948209325553730,0.37711799144744873
1785948209345618232,0.37711799144744873
1785948209364751379,0.37711799144744873
1785948209385600768,0.37711799144744873
1785948209405890781,0.37711799144744873
1785948209425628681,0.37711799144744873
1785948209446710205,0.37711799144744873
1785948209464677428,0.37711799144744873
1785948209485554530,0.37711799144744873
1785948209505242541,0.37711799144744873
1785948209526335970,0.37711799144744873
1785948209551185702,0.37711799144744873
1785948209565069828,0.37711799144744873
1785948209585247165,0.37711799144744873
1785948209606075306,0.37711799144744873
1785948209625174211,0.37711799144744873
1785948209645463776,0.37711799144744873
1785948209665875072,0.37711799144744873
1785948209687529349,0.37711799144744873
1785948209705339256,0.37711799144744873
1785948209726570801,0.37711799144744873
1785948209745219132,0.37711799144744873
1785948209764670016,0.37711799144744873
1785948209785606672,0.37711799144744873
1785948209805199224,0.37711799144744873
1785948209826413008,0.37711799144744873
1785948209846296672,0.37711799144744873
1785948209864758087,0.37711799144744873
1785948209885860571,0.37711799144744873
1785948209906307037,0.37711799144744873
1785948209926039177,0.37711799144744873
1785948209945561902,0.37711799144744873
1785948209965162391,0.37711799144744873
1785948209985477684,0.37711799144744873
1785948210005469704,0.37711799144744873
1785948210026794563,0.37711799144744873
1785948210045196520,0.37711799144744873
1785948210065792077,0.37711799144744873
1785948210085348308,0.37711799144744873
1785948210105172771,0.37711799144744873
1785948210127738467,0.37711799144744873
1785948210145418162,0.37711799144744873
1785948210165020090,0.37711799144744873
1785948210185871048,0.37711799144744873
1785948210206939323,0.37711799144744873
1785948210244611454,0.37711799144744873
1785948210248076133,0.37711799144744873
1785948210265169699,0.37711799144744873
1785948210285284026,0.37711799144744873
1785948210305193771,0.37711799144744873
1785948210325461383,0.37711799144744873
1785948210345031055,0.37711799144744873
1785948210365229960,0.37711799144744873
1785948210387831626,0.37711799144744873
1785948210405590811,0.37711799144744873
1785948210425208548,0.37711799144744873
1785948210446103570,0.37711799144744873
1785948210464748126,0.37711799144744873
1785948210487456835,0.37711799144744873
1785948210505085008,0.37711799144744873
1785948210525948446,0.37711799144744873
1785948210545469379,0.37711799144744873
1785948210565044875,0.37711799144744873
1785948210585198723,0.37711799144744873
1785948210611466834,0.37711799144744873
1785948210626390287,0.37711799144744873
1785948210652595644,0.37711799144744873
1785948210665216628,0.37711799144744873
1785948210686244359,0.37711799144744873
1785948210706839436,0.37711799144744873
1785948210728382606,0.37711799144744873
1785948210754039819,0.37711799144744873
1785948210766258743,0.37711799144744873
1785948210789181314,0.37711799144744873
1785948210805097436,0.37711799144744873
1785948210825634304,0.37711799144744873
1785948210845550226,0.37711799144744873
1785948210865124953,0.37711799144744873
1785948210885826018,0.37711799144744873
1785948210905909944,0.37711799144744873
1785948210925941837,0.37711799144744873
1785948210945688154,0.37711799144744873
1785948210966143259,0.37711799144744873
1785948210986391447,0.37711799144744873
1785948211006739093,0.37711799144744873
1785948211026032308,0.37711799144744873
1785948211049757975,0.37711799144744873
1785948211065171394,0.37711799144744873
1785948211086147955,0.37711799144744873
1785948211105131593,0.37711799144744873
1785948211125616748,0.37711799144744873
1785948211146977384,0.37711799144744873
1785948211164857757,0.37711799144744873
1785948211187096308,0.37711799144744873
1785948211207608247,0.37711799144744873
1785948211229926640,0.37711799144744873
1785948211253112643,0.37711799144744873
1785948211268067361,0.37711799144744873
1785948211289278105,0.37711799144744873
1785948211312439819,0.37711799144744873
1785948211330700235,0.37711799144744873
1785948211348989164,0.37711799144744873
1785948211370357993,0.37711799144744873
1785948211389477219,0.37711799144744873
1785948211407993642,0.37711799144744873
1785948211428249190,0.37711799144744873
1785948211448861196,0.37711799144744873
1785948211467473207,0.37711799144744873
1785948211490037463,0.37711799144744873
1785948211507760359,0.37711799144744873
1785948211527881343,0.37711799144744873
1785948211546454088,0.37711799144744873
1785948211565820202,0.37711799144744873
1785948211587353035,0.37711799144744873
1785948211605687630,0.37711799144744873
1785948211627162990,0.37711799144744873
1785948211646867929,0.37711799144744873
1785948211665248828,0.37711799144744873
1785948211685955109,0.37711799144744873
1785948211705551277,0.37711799144744873
1785948211726032208,0.37711799144744873
1785948211745026406,0.37711799144744873
1785948211764576876,0.37711799144744873
1785948211786559419,0.37711799144744873
1785948211804730009,0.37711799144744873
1785948211825174746,0.37711799144744873
1785948211844828932,0.37711799144744873
1785948211864534927,0.37711799144744873
1785948211887603455,0.37711799144744873
1785948211912475716,0.37711799144744873
1785948211927908944,0.37711799144744873
1785948211945099280,0.37711799144744873
1785948211964871325,0.37711799144744873
1785948211987354555,0.37711799144744873
1785948212004816515,0.37711799144744873
1785948212025081343,0.37711799144744873
1785948212045389116,0.37711799144744873
1785948212064726653,0.37711799144744873
1785948212085543753,0.37711799144744873
1785948212104969228,0.37711799144744873
1785948212125435502,0.37711799144744873
1785948212146317244,0.37711799144744873
1785948212164514298,0.37711799144744873
1785948212185236356,0.37711799144744873
1785948212204901006,0.37711799144744873
1785948212237919334,0.37711799144744873
1785948212245991318,0.37711799144744873
1785948212265074767,0.37711799144744873
1785948212285041730,0.37711799144744873
1785948212304763470,0.37711799144744873
1785948212328930014,0.37711799144744873
1785948212348238557,0.37711799144744873
1785948212381761540,0.37711799144744873
1785948212387141541,0.37711799144744873
1785948212404884213,0.37711799144744873
1785948212425604447,0.37711799144744873
1785948212450492100,0.37711799144744873
1785948212464969108,0.37711799144744873
1785948212487589430,0.37711799144744873
1785948212505838934,0.37711799144744873
1785948212525948589,0.37711799144744873
1785948212545497043,0.37711799144744873
1785948212564679567,0.37711799144744873
1785948212584934987,0.37711799144744873
1785948212605147397,0.376460999250412
1785948212625947121,0.3738330006599426
1785948212645287921,0.3705480098724365
1785948212664593841,0.36463499069213867
1785948212685226935,0.36134999990463257
1785948212706754105,0.36134999990463257
1785948212725307650,0.3620069921016693
1785948212745140465,0.3666059970855713
1785948212764974880,0.3698909878730774
1785948212785868590,0.3731760084629059
1785948212804980616,0.3738330006599426
1785948212825635439,0.3731760084629059
1785948212847719778,0.36923399567604065
1785948212864893313,0.36266401410102844
1785948212886014743,0.35937899351119995
1785948212905239956,0.354779988527298
1785948212925426061,0.34821000695228577
1785948212945832077,0.34426799416542053
1785948212964590652,0.33441299200057983
1785948212985044958,0.3278430104255676
1785948213004765513,0.32521501183509827
1785948213025661432,0.3193019926548004
1785948213045041754,0.3173309862613678
1785948213064675619,0.31667399406433105
1785948213085001568,0.31667399406433105
1785948213104856944,0.31667399406433105
1785948213125195246,0.31536000967025757
1785948213146040539,0.3120749890804291
1785948213164716616,0.3107610046863556
1785948213186065636,0.3107610046863556
1785948213206102425,0.3107610046863556
1785948213225263572,0.3074760138988495
1785948213245323914,0.30484798550605774
1785948213265453186,0.2976210117340088
1785948213285623707,0.2890799939632416
1785948213306906549,0.28513801097869873
1785948213325088211,0.2765969932079315
1785948213348268230,0.2647710144519806
1785948213364565355,0.258201003074646
1785948213387620858,0.24900299310684204
1785948213405161989,0.24111899733543396
1785948213428446491,0.23652000725269318
1785948213447382319,0.22929300367832184
1785948213465298277,0.22403700649738312
1785948213486073360,0.22272300720214844
1785948213506358413,0.2220660001039505
1785948213525585546,0.2220660001039505
1785948213550202631,0.22075200080871582
1785948213566785461,0.21615299582481384
1785948213585749003,0.2089260071516037
1785948213605434645,0.20432700216770172
1785948213625318470,0.19381499290466309
1785948213646500189,0.18001799285411835
1785948213672958481,0.1727910041809082
1785948213685501255,0.16030800342559814
1785948213705026701,0.14913900196552277
1785948213725464366,0.1432259976863861
1785948213745341758,0.12877200543880463
1785948213764973351,0.11694599688053131
1785948213785530924,0.11168999969959259
1785948213805058482,0.10249199718236923
1785948213831765710,0.09132300317287445
1785948213845319138,0.08540999889373779
1785948213869719993,0.07292699813842773
1785948213885082115,0.06372900307178497
1785948213905649959,0.059787001460790634
1785948213925625787,0.053217001259326935
1785948213948635272,0.04467599838972092
1785948213964833035,0.039420001208782196
1785948213985309773,0.028250999748706818
1785948214006968307,0.01905299909412861
1785948214025444601,0.013140000402927399
1785948214045061314,0.0006569999968633056
1785948214065073782,-0.009855000302195549
1785948214085835617,-0.015111000277101994
1785948214106074300,-0.024309000000357628
1785948214125548192,-0.03547799959778786
1785948214145549108,-0.042047999799251556
1785948214166751628,-0.053874000906944275
1785948214185243123,-0.06372900307178497
1785948214205226535,-0.06832800060510635
1785948214225496579,-0.07884000241756439
1785948214245338226,-0.09132300317287445
1785948214266364389,-0.09723600000143051
1785948214285222583,-0.10774800181388855
1785948214304949986,-0.11628899723291397
1785948214325418628,-0.12154500186443329
1785948214345169489,-0.13402800261974335
1785948214364823867,-0.14585399627685547
1785948214386277626,-0.1511099934577942
1785948214405455509,-0.1596509963274002
1785948214426038907,-0.17081999778747559
1785948214445594722,-0.177389994263649
1785948214464673818,-0.18987299501895905
1785948214485136220,-0.199071004986763
1785948214504882472,-0.20301300287246704
1785948214529671019,-0.21352499723434448
1785948214557042075,-0.22666500508785248
1785948214564518393,-0.23257799446582794
1785948214586497704,-0.24243299663066864
1785948214604810954,-0.24966000020503998
1785948214625285900,-0.2529450058937073
1785948214645729966,-0.26082900166511536
1785948214669191081,-0.27199798822402954
1785948214685386251,-0.2779110074043274
1785948214705159929,-0.28842300176620483
1785948214725209966,-0.3009060025215149
1785948214745050013,-0.308789998292923
1785948214764956270,-0.32127299904823303
1785948214786474672,-0.33112800121307373
1785948214805143484,-0.3357270061969757
1785948214825152048,-0.34623900055885315
1785948214853355097,-0.3587220013141632
1785948214865091094,-0.3633210062980652
1785948214885596857,-0.37120500206947327
1785948214904932314,-0.37580400705337524
1785948214940022991,-0.37711799144744873
1785948214946766360,-0.37711799144744873
1785948214964792753,-0.37711799144744873
1785948214986574043,-0.37711799144744873
1785948215006722515,-0.37711799144744873
1785948215025656807,-0.37711799144744873
1785948215045423828,-0.37711799144744873
1785948215064860727,-0.37711799144744873
1785948215093642417,-0.37711799144744873
1785948215108347079,-0.37711799144744873
1785948215130099536,-0.37711799144744873
1785948215147577272,-0.37711799144744873
1785948215164737784,-0.37711799144744873
1785948215184977907,-0.37711799144744873
1785948215208062435,-0.37711799144744873
1785948215244222360,-0.37711799144744873
1785948215247950663,-0.37711799144744873
1785948215265262123,-0.37711799144744873
1785948215288455455,-0.37711799144744873
1785948215305028492,-0.37711799144744873
1785948215325338314,-0.37711799144744873
1785948215345221082,-0.37711799144744873
1785948215364877476,-0.37711799144744873
1785948215385572525,-0.37711799144744873
1785948215405046545,-0.37711799144744873
1785948215426720791,-0.37711799144744873
1785948215445090106,-0.37711799144744873
1785948215466810945,-0.37711799144744873
1785948215485366506,-0.37711799144744873
1785948215508028878,-0.37711799144744873
1785948215527220970,-0.37711799144744873
1785948215547757262,-0.37711799144744873
1785948215565455453,-0.37711799144744873
1785948215585542132,-0.37711799144744873
1785948215604876788,-0.37711799144744873
1785948215625334101,-0.37711799144744873
1785948215645203813,-0.37711799144744873
1785948215665390047,-0.37711799144744873
1785948215685258511,-0.37711799144744873
1785948215706230400,-0.37711799144744873
1785948215725419036,-0.37711799144744873
1785948215745835356,-0.37711799144744873
1785948215765458693,-0.37711799144744873
1785948215786635356,-0.37711799144744873
1785948215806164802,-0.37711799144744873
1785948215827503102,-0.37711799144744873
1785948215847224234,-0.37711799144744873
1785948215865236418,-0.37711799144744873
1785948215885260951,-0.37711799144744873
1785948215904952226,-0.37711799144744873
1785948215925873905,-0.37711799144744873
1785948215946859971,-0.37711799144744873
1785948215964673814,-0.37711799144744873
1785948215985372734,-0.37711799144744873
1785948216004865027,-0.37711799144744873
1785948216026347331,-0.37711799144744873
1785948216045099186,-0.37711799144744873
1785948216064818110,-0.37711799144744873
1785948216085449413,-0.37711799144744873
1785948216105005931,-0.37711799144744873
1785948216125138627,-0.37711799144744873
1785948216145071509,-0.37711799144744873
1785948216166023878,-0.37711799144744873
1785948216185185921,-0.37711799144744873
1785948216204781897,-0.37711799144744873
1785948216225587669,-0.37711799144744873
1785948216245327169,-0.37711799144744873
1785948216264735715,-0.37711799144744873
1785948216285535631,-0.37711799144744873
1785948216306852490,-0.37711799144744873
1785948216325957124,-0.37711799144744873
1785948216346905332,-0.37711799144744873
1785948216365391803,-0.37711799144744873
1785948216385731993,-0.37711799144744873
1785948216404901524,-0.37711799144744873
1785948216426990246,-0.37711799144744873
1785948216445744085,-0.37711799144744873
1785948216464762284,-0.37711799144744873
1785948216485749885,-0.37711799144744873
1785948216505454441,-0.37711799144744873
1785948216526525244,-0.37711799144744873
1785948216545725913,-0.37711799144744873
1785948216565243614,-0.37711799144744873
1785948216585338741,-0.37711799144744873
1785948216604807385,-0.37711799144744873
1785948216626485855,-0.37711799144744873
1785948216646476115,-0.37711799144744873
1785948216665561068,-0.37711799144744873
1785948216686429082,-0.37711799144744873
1785948216705964864,-0.37711799144744873
1785948216725113626,-0.37711799144744873
1785948216745860101,-0.37711799144744873
1785948216765597521,-0.37711799144744873
1785948216785175864,-0.37711799144744873
1785948216805150283,-0.37711799144744873
1785948216825779186,-0.37711799144744873
1785948216845673283,-0.37711799144744873
1785948216866905724,-0.37711799144744873
1785948216886306846,-0.37711799144744873
1785948216905083437,-0.37711799144744873
1785948216929565447,-0.37711799144744873
1785948216945605765,-0.37711799144744873
1785948216965280015,-0.37711799144744873
1785948216984925465,-0.37711799144744873
1785948217005830504,-0.37711799144744873
1785948217025275915,-0.37711799144744873
1785948217049161651,-0.37711799144744873
1785948217064571934,-0.37711799144744873
1785948217085662323,-0.37711799144744873
1785948217105068021,-0.37711799144744873
1785948217126363567,-0.37711799144744873
1785948217145237602,-0.37711799144744873
1785948217165103858,-0.37711799144744873
1785948217185071973,-0.37711799144744873
1785948217206596326,-0.37711799144744873
1785948217225670271,-0.37711799144744873
1785948217247642061,-0.37711799144744873
1785948217264711402,-0.37711799144744873
1785948217286170538,-0.37711799144744873
1785948217305745073,-0.37711799144744873
1785948217325436252,-0.37711799144744873
1785948217346307370,-0.37711799144744873
1785948217365437412,-0.37711799144744873
1785948217386308146,-0.37711799144744873
1785948217406085087,-0.37711799144744873
1785948217425738921,-0.37711799144744873
1785948217453050839,-0.37711799144744873
1785948217465709072,-0.37711799144744873
1785948217486893671,-0.37711799144744873
1785948217505537587,-0.37711799144744873
1785948217525710188,-0.37711799144744873
1785948217545724896,-0.37711799144744873
1785948217565651666,-0.37711799144744873
1785948217585785354,-0.37711799144744873
1785948217607664406,-0.37711799144744873
1785948217630415708,-0.37711799144744873
1785948217646562717,-0.37711799144744873
1785948217665603605,-0.37711799144744873
1785948217685459300,-0.37711799144744873
1785948217706158989,-0.37711799144744873
1785948217725137411,-0.37711799144744873
1785948217751576503,-0.37711799144744873
1785948217766817597,-0.37711799144744873
1785948217786278657,-0.37711799144744873
1785948217806571229,-0.37711799144744873
1785948217826219559,-0.37711799144744873
1785948217846461282,-0.37711799144744873
1785948217865172240,-0.37711799144744873
1785948217889672106,-0.37711799144744873
1785948217908931816,-0.37711799144744873
1785948217940315151,-0.37711799144744873
1785948217945141055,-0.37711799144744873
1785948217965449468,-0.37711799144744873
1785948217985905565,-0.37711799144744873
1785948218008828905,-0.37711799144744873
1785948218026728126,-0.37711799144744873
1785948218045427787,-0.37711799144744873
1785948218065664582,-0.37711799144744873
1785948218085567287,-0.37711799144744873
1785948218104998778,-0.37711799144744873
1785948218126832581,-0.37711799144744873
1785948218152551427,-0.37711799144744873
1785948218166005172,-0.37711799144744873
1785948218191570446,-0.37711799144744873
1785948218207530442,-0.37711799144744873
1785948218225394878,-0.37711799144744873
1785948218246603958,-0.37711799144744873
1785948218265512522,-0.37711799144744873
1785948218297028213,-0.37711799144744873
1785948218307661010,-0.37711799144744873
1785948218325488997,-0.37711799144744873
1785948218345760737,-0.37711799144744873
1785948218365225413,-0.37711799144744873
1785948218389088076,-0.37711799144744873
1785948218405286639,-0.37711799144744873
1785948218430851817,-0.37711799144744873
1785948218446086063,-0.37711799144744873
1785948218467233861,-0.37711799144744873
1785948218485095769,-0.37711799144744873
1785948218507078504,-0.37711799144744873
1785948218529064663,-0.37711799144744873
1785948218550445204,-0.37711799144744873
1785948218564993318,-0.37711799144744873
1785948218585325412,-0.37711799144744873
1785948218605545214,-0.37711799144744873
1785948218625800634,-0.37711799144744873
1785948218646171833,-0.37711799144744873
1785948218665584316,-0.37711799144744873
1785948218685610288,-0.37711799144744873
1785948218706334746,-0.37711799144744873
1785948218725650490,-0.37711799144744873
1785948218746312385,-0.37711799144744873
1785948218764576609,-0.37711799144744873
1785948218786976669,-0.37711799144744873
1785948218806479298,-0.37711799144744873
1785948218828532659,-0.37711799144744873
1785948218845526190,-0.37711799144744873
1785948218868593021,-0.37711799144744873
1785948218885622361,-0.37711799144744873
1785948218905071964,-0.37711799144744873
1785948218926908839,-0.37711799144744873
1785948218945895165,-0.37711799144744873
1785948218965419747,-0.37711799144744873
1785948218989786137,-0.37711799144744873
1785948219004986430,-0.37711799144744873
1785948219034059072,-0.37711799144744873
1785948219045422547,-0.37711799144744873
1785948219065493897,-0.37711799144744873
1785948219085557407,-0.37711799144744873
1785948219105090597,-0.37711799144744873
1785948219125606760,-0.37711799144744873
1785948219145320596,-0.37711799144744873
1785948219165250341,-0.37711799144744873
1785948219189706206,-0.37711799144744873
1785948219205172811,-0.37711799144744873
1785948219227166490,-0.37711799144744873
1785948219245373529,-0.37711799144744873
1785948219264928672,-0.37711799144744873
1785948219288270295,-0.37711799144744873
1785948219307401585,-0.37711799144744873
1785948219325796790,-0.37711799144744873
1785948219346605698,-0.37711799144744873
1785948219364971941,-0.37711799144744873
1785948219387194459,-0.37711799144744873
1785948219404906603,-0.37711799144744873
1785948219437031208,-0.37711799144744873
1785948219444969589,-0.37711799144744873
1785948219464783171,-0.37711799144744873
1785948219485528814,-0.37711799144744873
1785948219505503681,-0.37711799144744873
1785948219525402226,-0.37711799144744873
1785948219545280834,-0.37711799144744873
1785948219565069328,-0.37711799144744873
1785948219586207814,-0.37711799144744873
1785948219605340160,-0.37711799144744873
1785948219628610133,-0.37711799144744873
1785948219645599312,-0.37711799144744873
1785948219666644451,-0.37711799144744873
1785948219685715995,-0.37711799144744873
1785948219708542691,-0.37711799144744873
1785948219725297751,-0.37711799144744873
1785948219745437455,-0.37711799144744873
1785948219764892370,-0.37711799144744873
1785948219785437079,-0.37711799144744873
1785948219816150986,-0.37711799144744873
1785948219825339804,-0.37711799144744873
1785948219845144426,-0.37711799144744873
1785948219864863094,-0.37711799144744873
1785948219885092240,-0.37711799144744873
1785948219904839293,-0.37711799144744873
1785948219927324123,-0.37711799144744873
1785948219948265867,-0.37711799144744873
1785948219964979037,-0.37711799144744873
1785948219985888236,-0.37711799144744873
1785948220006115367,-0.37711799144744873
1785948220025365636,-0.37711799144744873
1785948220046430168,-0.37711799144744873
1785948220065338572,-0.37711799144744873
1785948220085715691,-0.37711799144744873
1785948220105549050,-0.37711799144744873
1785948220125210596,-0.37711799144744873
1785948220145418238,-0.37711799144744873
1785948220165509429,-0.37711799144744873
1785948220190288919,-0.37711799144744873
1785948220206582461,-0.37711799144744873
1785948220225570547,-0.37711799144744873
1785948220245371745,-0.37711799144744873
1785948220265291346,-0.37711799144744873
1785948220285491020,-0.37711799144744873
1785948220304899022,-0.37711799144744873
1785948220325430482,-0.37711799144744873
1785948220347088952,-0.37711799144744873
1785948220365838054,-0.37711799144744873
1785948220385107717,-0.37711799144744873
1785948220405476164,-0.37711799144744873
1785948220426317361,-0.37711799144744873
1785948220445676370,-0.37711799144744873
1785948220465742632,-0.37711799144744873
1785948220487285770,-0.37711799144744873
1785948220505538697,-0.37711799144744873
1785948220527804705,-0.37711799144744873
1785948220545355724,-0.37711799144744873
1785948220564890034,-0.37711799144744873
1785948220585046315,-0.37711799144744873
1785948220608184124,-0.37711799144744873
1785948220625397885,-0.37711799144744873
1785948220645186443,-0.37711799144744873
1785948220664770739,-0.37711799144744873
1785948220685509533,-0.37711799144744873
1785948220705316491,-0.37711799144744873
1785948220726435872,-0.37711799144744873
1785948220748800827,-0.37711799144744873
1785948220765225508,-0.37711799144744873
1785948220788157839,-0.37711799144744873
1785948220804939011,-0.37711799144744873
1785948220825222880,-0.37711799144744873
1785948220845394233,-0.37711799144744873
1785948220865009154,-0.37711799144744873
1785948220885345568,-0.37711799144744873
1785948220904814756,-0.37711799144744873
1785948220925964538,-0.37711799144744873
1785948220945562562,-0.37711799144744873
1785948220964841024,-0.37711799144744873
1785948220985273377,-0.37711799144744873
1785948221004892746,-0.37711799144744873
1785948221025529553,-0.37711799144744873
1785948221045927761,-0.37711799144744873
1785948221065302066,-0.37711799144744873
1785948221085726867,-0.37711799144744873
1785948221105326331,-0.37711799144744873
1785948221125207531,-0.37711799144744873
1785948221145039706,-0.37711799144744873
1785948221164878666,-0.37711799144744873
1785948221186398027,-0.37711799144744873
1785948221205177562,-0.37711799144744873
1785948221227105096,-0.37711799144744873
1785948221245582702,-0.37711799144744873
1785948221265877899,-0.37711799144744873
1785948221286010115,-0.37711799144744873
1785948221306308736,-0.37711799144744873
1785948221330519666,-0.37711799144744873
1785948221350216765,-0.37711799144744873
1785948221364899794,-0.37711799144744873
1785948221385555002,-0.37711799144744873
1785948221404874521,-0.37711799144744873
1785948221425075955,-0.37711799144744873
1785948221446240266,-0.37711799144744873
1785948221464751474,-0.37711799144744873
1785948221493165120,-0.37711799144744873
1785948221505356044,-0.376460999250412
1785948221525461347,-0.3751470148563385
1785948221545696286,-0.3698909878730774
1785948221564985789,-0.3652920126914978
1785948221585773288,-0.36463499069213867
1785948221605116424,-0.36397799849510193
1785948221625549481,-0.3606930077075958
1785948221646616093,-0.35806500911712646
1785948221664760122,-0.3508380055427551
1785948221685409121,-0.34098300337791443
1785948221705053867,-0.3370409905910492
1785948221736630583,-0.3271859884262085
1785948221745085715,-0.31864500045776367
1785948221764989733,-0.3160170018672943
1785948221785315778,-0.3127320110797882
1785948221805083119,-0.31141799688339233
1785948221825382540,-0.31010401248931885
1785948221845276093,-0.304190993309021
1785948221864743265,-0.29565000534057617
1785948221885387432,-0.29039400815963745
1785948221904800843,-0.27988201379776
1785948221925547509,-0.2680560052394867
1785948221945311810,-0.26082900166511536
1785948221964973420,-0.24768899381160736
1785948221986148003,-0.2384909987449646
1785948222005466243,-0.23454900085926056
1785948222025504184,-0.22403700649738312
1785948222045863222,-0.21155400574207306
1785948222065227064,-0.2056410014629364
1785948222085504692,-0.19644300639629364
1785948222105262625,-0.18790200352668762
1785948222128512885,-0.18330299854278564
1785948222145330507,-0.1727910041809082
1785948222164682155,-0.16490699350833893
1785948222185195695,-0.16162200272083282
1785948222205749843,-0.15702299773693085
1785948222226668450,-0.15045300126075745
1785948222253642662,-0.1465110033750534
1785948222265602699,-0.13731299340724945
1785948222285160785,-0.131400004029274
1785948222304848700,-0.12877200543880463
1785948222325993266,-0.12220200151205063
1785948222347843133,-0.11563199758529663
1785948222369479778,-0.11300399899482727
1785948222386379930,-0.11037600040435791
1785948222408614640,-0.10906200110912323
1785948222426739884,-0.10774800181388855
1785948222445609631,-0.10314899682998657
1785948222464973152,-0.09592200070619583
1785948222485386880,-0.09132300317287445
1785948222504946279,-0.08146800100803375
1785948222534350387,-0.06964199990034103
1785948222545491391,-0.06307200342416763
1785948222567198822,-0.050588998943567276
1785948222585122108,-0.040734000504016876
1785948222605253524,-0.03679199889302254
1785948222625318058,-0.026280000805854797
1785948222647587458,-0.014453999698162079
1785948222665025193,-0.008541000075638294
1785948222685809973,0.0006569999968633056
1785948222706275735,0.009197999723255634
1785948222725173994,0.013797000050544739
1785948222745172350,0.025622999295592308
1785948222764974188,0.03744899854063988
1785948222785438350,0.042047999799251556
1785948222805071191,0.051245998591184616
1785948222825712990,0.061758000403642654
1785948222845500203,0.06635700166225433
1785948222864857772,0.07489799708127975
1785948222885353903,0.08081100136041641
1785948222905918580,0.08343899995088577
1785948222925780580,0.08606699854135513
1785948222945541777,0.08672399818897247
1785948222966844747,0.08672399818897247
1785948222985811489,0.08409599959850311
1785948223004989820,0.07884000241756439
1785948223025243448,0.07489799708127975
1785948223045197066,0.06701400130987167
1785948223064609517,0.059130001813173294
1785948223085717090,0.056501999497413635
1785948223107445449,0.051245998591184616
1785948223125307261,0.045333001762628555
1785948223145323986,0.040734000504016876
1785948223164818711,0.03219300135970116
1785948223185640483,0.024965999647974968
1785948223205187434,0.02168099954724312
1785948223226135322,0.014453999698162079
1785948223247993349,0.0052559999749064445
1785948223264883613,0.0
1785948223285253116,-0.007226999849081039
1785948223305225455,-0.014453999698162079
1785948223325496459,-0.01839599944651127
1785948223345220023,-0.028907999396324158
1785948223365030213,-0.03744899854063988
1785948223385348867,-0.041391000151634216
1785948223405024109,-0.047961000353097916
1785948223425343754,-0.055844999849796295
1785948223445032757,-0.060444001108407974
1785948223464653470,-0.07095599919557571
1785948223485017917,-0.07818300276994705
1785948223522578620,-0.08146800100803375
1785948223527593745,-0.09000899642705917
1785948223546433795,-0.10052099823951721
1785948223564938282,-0.10643400251865387
1785948223585331818,-0.11628899723291397
1785948223606814890,-0.12417300045490265
1785948223625370451,-0.12942899763584137
1785948223645770099,-0.14125500619411469
1785948223668808034,-0.1530809998512268
1785948223685603830,-0.15833699703216553
1785948223705170717,-0.16687799990177155
1785948223725968393,-0.177389994263649
1785948223745640595,-0.18396000564098358
1785948223764933842,-0.1957859992980957
1785948223785871842,-0.2056410014629364
1785948223805769523,-0.20958299934864044
1785948223827017548,-0.22009499371051788
1785948223845538804,-0.23257799446582794
1785948223864890741,-0.2384909987449646
1785948223885205682,-0.24900299310684204
1785948223906616176,-0.25754401087760925
1785948223926313243,-0.26214298605918884
1785948223952670797,-0.27528300881385803
1785948223964760917,-0.28710898756980896
1785948223987451577,-0.29170799255371094
1785948224005145672,-0.30024901032447815
1785948224032839298,-0.3107610046863556
1785948224045421977,-0.3173309862613678
1785948224064867740,-0.32981398701667786
1785948224085248283,-0.3390119969844818
1785948224105440853,-0.34295400977134705
1785948224125142400,-0.35280901193618774
1785948224145294809,-0.3633210062980652
1785948224164772093,-0.36792001128196716
1785948224184996408,-0.3738330006599426
1785948224209376398,-0.37711799144744873
1785948224227900086,-0.37711799144744873
1785948224251037736,-0.37711799144744873
1785948224270334439,-0.37711799144744873
1785948224286460199,-0.37711799144744873
1785948224306805350,-0.37711799144744873
1785948224326556274,-0.37777501344680786
1785948224346257149,-0.37777501344680786
1785948224367986469,-0.37777501344680786
1785948224385907067,-0.37777501344680786
1785948224405646663,-0.37711799144744873
1785948224428051011,-0.37711799144744873
1785948224448272157,-0.37711799144744873
1785948224465033905,-0.37711799144744873
1785948224485239819,-0.37711799144744873
1785948224506955858,-0.37711799144744873
1785948224530907516,-0.37711799144744873
1785948224545521647,-0.37711799144744873
1785948224565898735,-0.37711799144744873
1785948224585251823,-0.37711799144744873
1785948224604943482,-0.37711799144744873
1785948224643608346,-0.37711799144744873
1785948224648576302,-0.37711799144744873
1785948224664830291,-0.37711799144744873
1785948224686764960,-0.37711799144744873
1785948224704899069,-0.37711799144744873
1785948224725613350,-0.37711799144744873
1785948224745256431,-0.37711799144744873
1785948224765185217,-0.37711799144744873
1785948224785597409,-0.37711799144744873
1785948224805387471,-0.37711799144744873
1785948224826233468,-0.37711799144744873
1785948224845818660,-0.37711799144744873
1785948224865751254,-0.37711799144744873
1785948224885767786,-0.37711799144744873
1785948224905229870,-0.37711799144744873
1785948224925759698,-0.37711799144744873
1785948224946479228,-0.37711799144744873
1785948224965441073,-0.37711799144744873
1785948224990386424,-0.37711799144744873
1785948225005405816,-0.37711799144744873
1785948225026053567,-0.37711799144744873
1785948225045550916,-0.37711799144744873
1785948225064909253,-0.37711799144744873
1785948225085541164,-0.37711799144744873
1785948225105383835,-0.37711799144744873
1785948225130769871,-0.37711799144744873
1785948225150044814,-0.37711799144744873
1785948225164742500,-0.37711799144744873
1785948225185393739,-0.37711799144744873
1785948225211901441,-0.37711799144744873
1785948225225285648,-0.37711799144744873
1785948225245191937,-0.37711799144744873
1785948225266531933,-0.37711799144744873
1785948225285056517,-0.37711799144744873
1785948225304686158,-0.37711799144744873
1785948225325140304,-0.37711799144744873
1785948225345013600,-0.37711799144744873
1785948225364985875,-0.37711799144744873
1785948225385179629,-0.37711799144744873
1785948225405098142,-0.37711799144744873
1785948225424989743,-0.37711799144744873
1785948225445776346,-0.37711799144744873
1785948225464693358,-0.37711799144744873
1785948225487199021,-0.37711799144744873
1785948225504877468,-0.37711799144744873
1785948225525836460,-0.37711799144744873
1785948225545077226,-0.37711799144744873
1785948225564930137,-0.37711799144744873
1785948225585076754,-0.37711799144744873
1785948225608946681,-0.37711799144744873
1785948225626874703,-0.3751470148563385
1785948225645544380,-0.3698909878730774
1785948225664731223,-0.3652920126914978
1785948225685200729,-0.3554370105266571
1785948225704978471,-0.3422969877719879
1785948225725543211,-0.33507001399993896
1785948225747367126,-0.31798800826072693
1785948225767457772,-0.2976210117340088
1785948225786766988,-0.2864519953727722
1785948225805137423,-0.262800008058548
1785948225825386347,-0.23717699944972992
1785948225846605155,-0.22337999939918518
1785948225865122955,-0.19512900710105896
1785948225885444904,-0.16490699350833893
1785948225905538111,-0.14913900196552277
1785948225938333585,-0.11957400292158127
1785948225947606917,-0.09395100176334381
1785948225966535033,-0.08212500065565109
1785948225986803317,-0.061101000756025314
1785948226006775560,-0.042047999799251556
1785948226035109428,-0.03416400030255318
1785948226050006032,-0.01905299909412861
1785948226067138031,-0.007226999849081039
1785948226085569044,-0.0013139999937266111
1785948226105264895,0.006570000201463699
1785948226125528699,0.013797000050544739
1785948226150528740,0.01708200015127659
1785948226165159960,0.021023999899625778
1785948226185183565,0.022995000705122948
1785948226206856434,0.023652000352740288
1785948226228285393,0.023652000352740288
1785948226245954943,0.023652000352740288
1785948226264692238,0.023652000352740288
1785948226285560764,0.023652000352740288
1785948226305098786,0.023652000352740288
1785948226328492315,0.023652000352740288
1785948226345782686,0.023652000352740288
1785948226364808181,0.023652000352740288
1785948226385149043,0.023652000352740288
1785948226405084037,0.023652000352740288
1785948226425475653,0.023652000352740288
1785948226445398295,0.023652000352740288
1785948226464836058,0.023652000352740288
1785948226485409279,0.023652000352740288
1785948226506998914,0.023652000352740288
1785948226529576963,0.023652000352740288
1785948226545446972,0.023652000352740288
1785948226564908800,0.023652000352740288
1785948226585294048,0.023652000352740288
1785948226605170288,0.023652000352740288
1785948226625397931,0.023652000352740288
1785948226645159256,0.022995000705122948
1785948226665324785,0.022995000705122948
1785948226685546507,0.022995000705122948
1785948226705230742,0.022995000705122948
1785948226727192804,0.023652000352740288
1785948226745712236,0.023652000352740288
1785948226765539227,0.022995000705122948
1785948226785714292,0.022995000705122948
1785948226807273719,0.022995000705122948
1785948226825857120,0.022995000705122948
1785948226845252834,0.022995000705122948
1785948226865286007,0.022995000705122948
1785948226885651350,0.022995000705122948
1785948226904958102,0.023652000352740288
1785948226925269363,0.023652000352740288
1785948226945458316,0.023652000352740288
1785948226965195449,0.023652000352740288
1785948226986001477,0.023652000352740288
1785948227005032316,0.023652000352740288
1785948227027088781,0.023652000352740288
1785948227045257738,0.023652000352740288
1785948227064827474,0.023652000352740288
1785948227086312178,0.023652000352740288
1785948227105236518,0.023652000352740288
1785948227125813483,0.023652000352740288
1785948227150329253,0.023652000352740288
1785948227164959097,0.023652000352740288
1785948227186670720,0.023652000352740288
1785948227205332621,0.023652000352740288
1785948227225432164,0.023652000352740288
1785948227245439992,0.023652000352740288
1785948227265555663,0.023652000352740288
1785948227285372254,0.023652000352740288
1785948227306654872,0.023652000352740288
1785948227325235938,0.023652000352740288
1785948227345091345,0.023652000352740288
1785948227364995010,0.023652000352740288
1785948227387899437,0.023652000352740288
1785948227405872613,0.023652000352740288
1785948227425580336,0.023652000352740288
1785948227445568739,0.023652000352740288
1785948227465583928,0.023652000352740288
1785948227485273763,0.023652000352740288
1785948227505160403,0.023652000352740288
1785948227525796410,0.023652000352740288
1785948227545186812,0.023652000352740288
1785948227565652862,0.023652000352740288
1785948227585694195,0.023652000352740288
1785948227605538595,0.023652000352740288
1785948227629339560,0.023652000352740288
1785948227645981240,0.023652000352740288
1785948227665005455,0.023652000352740288
1785948227686725622,0.023652000352740288
1785948227706677288,0.023652000352740288
1785948227725309812,0.022995000705122948
1785948227745977692,0.023652000352740288
1785948227764976338,0.023652000352740288
1785948227785382098,0.023652000352740288
1785948227806484071,0.023652000352740288
1785948227828684764,0.023652000352740288
1785948227847522446,0.023652000352740288
1785948227864907796,0.023652000352740288
1785948227885698367,0.023652000352740288
1785948227905546415,0.023652000352740288
1785948227925234489,0.023652000352740288
1785948227946624631,0.023652000352740288
1785948227964966809,0.023652000352740288
1785948227985341817,0.023652000352740288
1785948228005135462,0.023652000352740288
1785948228025569383,0.023652000352740288
1785948228045339316,0.023652000352740288
1785948228064968797,0.023652000352740288
1785948228085227673,0.023652000352740288
1785948228106054566,0.023652000352740288
1785948228125313924,0.023652000352740288
1785948228150636662,0.022995000705122948
1785948228164922944,0.023652000352740288
1785948228186703593,0.023652000352740288
1785948228205076428,0.023652000352740288
1785948228225322376,0.023652000352740288
1785948228244982066,0.023652000352740288
1785948228264908835,0.023652000352740288
1785948228286618506,0.023652000352740288
1785948228306266196,0.023652000352740288
1785948228325263850,0.023652000352740288
1785948228346747466,0.023652000352740288
1785948228364807044,0.023652000352740288
1785948228385088737,0.023652000352740288
1785948228406226999,0.023652000352740288
1785948228427116869,0.023652000352740288
1785948228445328452,0.023652000352740288
1785948228465000110,0.023652000352740288
1785948228485098437,0.023652000352740288
1785948228508202230,0.023652000352740288
1785948228534701611,0.023652000352740288
1785948228545105409,0.023652000352740288
1785948228565169975,0.023652000352740288
1785948228587702615,0.023652000352740288
1785948228604769363,0.023652000352740288
1785948228625116306,0.023652000352740288
1785948228645497521,0.023652000352740288
1785948228664760655,0.023652000352740288
1785948228685082476,0.023652000352740288
1785948228704744022,0.023652000352740288
1785948228730065833,0.022995000705122948
1785948228745291087,0.022995000705122948
1785948228765978103,0.022995000705122948
1785948228785098129,0.022995000705122948
1785948228804950080,0.023652000352740288
1785948228825267390,0.023652000352740288
1785948228845643197,0.023652000352740288
1785948228864897627,0.023652000352740288
1785948228885502913,0.023652000352740288
1785948228906175561,0.023652000352740288
1785948228925459848,0.023652000352740288
1785948228945542526,0.023652000352740288
1785948228966453741,0.023652000352740288
1785948228986767371,0.023652000352740288
1785948229005319411,0.023652000352740288
1785948229026779347,0.023652000352740288
1785948229047007662,0.023652000352740288
1785948229065160235,0.023652000352740288
1785948229086940820,0.022995000705122948
1785948229104934316,0.022995000705122948
1785948229125094629,0.022995000705122948
1785948229145201020,0.022995000705122948
1785948229164656800,0.023652000352740288
1785948229185509325,0.023652000352740288
1785948229205623044,0.023652000352740288
1785948229227643669,0.023652000352740288
1785948229246907827,0.023652000352740288
1785948229267998407,0.023652000352740288
1785948229285361741,0.023652000352740288
1785948229305050455,0.022995000705122948
1785948229335190521,0.022995000705122948
1785948229345105377,0.022995000705122948
1785948229364671848,0.022995000705122948
1785948229386333837,0.022995000705122948
1785948229415590101,0.022995000705122948
1785948229425975051,0.022995000705122948
1785948229445486320,0.022995000705122948
1785948229465142106,0.022995000705122948
1785948229485261329,0.022995000705122948
1785948229506123167,0.022995000705122948
1785948229525094773,0.022995000705122948
1785948229552667850,0.022995000705122948
1785948229565785329,0.022995000705122948
1785948229585169267,0.022995000705122948
1785948229608424232,0.022995000705122948
1785948229626174329,0.022995000705122948
1785948229645983975,0.023652000352740288
1785948229664730390,0.023652000352740288
1785948229685195383,0.023652000352740288
1785948229708175844,0.022995000705122948
1785948229730520254,0.022995000705122948
1785948229748137995,0.022995000705122948
1785948229764915551,0.022995000705122948
1785948229785314687,0.022995000705122948
1785948229804893318,0.022995000705122948
1785948229825211236,0.022995000705122948
1785948229845365052,0.023652000352740288
1785948229864800384,0.023652000352740288
1785948229885601739,0.023652000352740288
1785948229905674178,0.023652000352740288
1785948229925448975,0.023652000352740288
1785948229945223228,0.023652000352740288
1785948229964900743,0.023652000352740288
1785948229990058644,0.023652000352740288
1785948230005168887,0.023652000352740288
1785948230027805401,0.023652000352740288
1785948230045594635,0.023652000352740288
1785948230064694404,0.023652000352740288
1785948230085184071,0.023652000352740288
1785948230105813390,0.023652000352740288
1785948230125369620,0.023652000352740288
1785948230145468715,0.023652000352740288
1785948230167408537,0.023652000352740288
1785948230186326861,0.023652000352740288
1785948230206454789,0.023652000352740288
1785948230225264117,0.023652000352740288
1785948230245119589,0.023652000352740288
1785948230264738446,0.023652000352740288
1785948230285319443,0.023652000352740288
1785948230308510982,0.022995000705122948
1785948230325291898,0.023652000352740288
1785948230345285774,0.023652000352740288
1785948230364858261,0.023652000352740288
1785948230385310679,0.023652000352740288
1785948230409049082,0.023652000352740288
1785948230426207801,0.023652000352740288
1785948230446471189,0.023652000352740288
1785948230464751606,0.023652000352740288
1785948230485863019,0.023652000352740288
1785948230504807616,0.023652000352740288
1785948230534371537,0.023652000352740288
1785948230546268851,0.023652000352740288
1785948230565287658,0.023652000352740288
1785948230585260861,0.023652000352740288
1785948230605305458,0.023652000352740288
1785948230625449643,0.023652000352740288
1785948230646870537,0.023652000352740288
1785948230665807421,0.023652000352740288
1785948230686728429,0.023652000352740288
1785948230705331447,0.023652000352740288
1785948230728912598,0.023652000352740288
1785948230745666345,0.022995000705122948
1785948230764783747,0.022995000705122948
1785948230785559054,0.022995000705122948
1785948230804979153,0.022995000705122948
1785948230825338607,0.022995000705122948
1785948230845640588,0.022995000705122948
1785948230865352312,0.023652000352740288
1785948230886045408,0.023652000352740288
1785948230906580836,0.023652000352740288
1785948230925701534,0.023652000352740288
1785948230945478987,0.023652000352740288
1785948230964737481,0.023652000352740288
1785948230985471923,0.023652000352740288
1785948231005324035,0.023652000352740288
1785948231026103950,0.023652000352740288
1785948231045652853,0.023652000352740288
1785948231068169203,0.022995000705122948
1785948231085497688,0.022995000705122948
1785948231105684177,0.022995000705122948
1785948231125773352,0.022995000705122948
1785948231145846526,0.022995000705122948
1785948231169156341,0.022995000705122948
1785948231185790597,0.022995000705122948
1785948231207691057,0.023652000352740288
1785948231228846568,0.023652000352740288
1785948231245981862,0.022995000705122948
1785948231265334471,0.023652000352740288
1785948231285376092,0.023652000352740288
1785948231309363623,0.023652000352740288
1785948231327306302,0.023652000352740288
1785948231357829515,0.023652000352740288
1785948231366823319,0.023652000352740288
1785948231385737611,0.022995000705122948
1785948231405164494,0.023652000352740288
1785948231425695442,0.023652000352740288
1785948231445607587,0.023652000352740288
1785948231466030628,0.023652000352740288
1785948231485654476,0.023652000352740288
1785948231505013389,0.022995000705122948
1785948231525291050,0.022995000705122948
1785948231545153529,0.022995000705122948
1785948231564778018,0.022995000705122948
1785948231590265274,0.022995000705122948
1785948231605541153,0.022995000705122948
1785948231626425743,0.022995000705122948
1785948231646883985,0.022995000705122948
1785948231665196467,0.022995000705122948
1785948231686122178,0.022995000705122948
1785948231705220699,0.022995000705122948
1785948231725994470,0.022995000705122948
1785948231745621135,0.022995000705122948
1785948231765174102,0.022995000705122948
1785948231785334639,0.022995000705122948
1785948231806769741,0.022995000705122948
1785948231833148544,0.022995000705122948
1785948231845200839,0.022995000705122948
1785948231865240156,0.022995000705122948
1785948231888807834,0.022995000705122948
1785948231909772363,0.022995000705122948
1785948231925244792,0.022995000705122948
1785948231946445840,0.022995000705122948
1785948231965851634,0.022995000705122948
1785948231986361653,0.022995000705122948
1785948232004803547,0.02233799919486046
1785948232025121336,0.02233799919486046
1785948232045316562,0.021023999899625778
1785948232064831992,0.01708200015127659
1785948232086315416,0.014453999698162079
1785948232104906498,0.007884000428020954
1785948232130556318,0.0
1785948232146525562,-0.0052559999749064445
1785948232165072131,-0.01708200015127659
1785948232186160727,-0.030222000554203987
1785948232205221071,-0.03547799959778786
1785948232230709831,-0.048618000000715256
1785948232245910380,-0.06372900307178497
1785948232265762587,-0.07029899954795837
1785948232285200831,-0.08212500065565109
1785948232304992108,-0.09263700246810913
1785948232326291399,-0.09854999929666519
1785948232346479297,-0.11234699934720993
1785948232366062696,-0.12483000010251999
1785948232385933944,-0.12942899763584137
1785948232405350139,-0.13928399980068207
1785948232430437735,-0.15045300126075745
1785948232445073819,-0.15702299773693085
1785948232468282190,-0.1695059984922409
1785948232485229511,-0.1793610006570816
1785948232508543358,-0.18396000564098358
1785948232526555735,-0.19447200000286102
1785948232545114304,-0.20761199295520782
1785948232565217143,-0.21352499723434448
1785948232585803356,-0.22337999939918518
1785948232605847698,-0.2319210022687912
1785948232630698646,-0.23717699944972992
1785948232646032255,-0.24966000020503998
1785948232664732844,-0.2614859938621521
1785948232686110153,-0.2667419910430908
1785948232706093309,-0.2746259868144989
1785948232736503879,-0.2857950031757355
1785948232747725910,-0.29170799255371094
1785948232764969367,-0.30484798550605774
1785948232788258861,-0.3140459954738617
1785948232805016705,-0.3173309862613678
1785948232826971087,-0.32324400544166565
1785948232845854018,-0.3317849934101105
1785948232866879892,-0.3370409905910492
1785948232885660516,-0.3488669991493225
1785948232906458224,-0.35937899351119995
1785948232925735374,-0.36397799849510193
1785948232945150449,-0.37186199426651
1785948232964983264,-0.37580400705337524
1785948232985336734,-0.37711799144744873
1785948233005372243,-0.37711799144744873
1785948233025583854,-0.37777501344680786
1785948233046018351,-0.37777501344680786
1785948233065946784,-0.37777501344680786
1785948233085258912,-0.37711799144744873
1785948233105003564,-0.37580400705337524
1785948233126567535,-0.37120500206947327
1785948233152387472,-0.36266401410102844
1785948233165149677,-0.35740798711776733
1785948233185447914,-0.3449249863624573
1785948233205198614,-0.32981398701667786
1785948233225466578,-0.3206160068511963
1785948233253773726,-0.3009060025215149
1785948233265412120,-0.2792249917984009
1785948233285397292,-0.26739901304244995
1785948233305215579,-0.2417760044336319
1785948233325478966,-0.21418200433254242
1785948233347816368,-0.19972799718379974
1785948233366383641,-0.1695059984922409
1785948233388828534,-0.13862699270248413
1785948233405323522,-0.12417300045490265
1785948233425694657,-0.09789299964904785
1785948233445410764,-0.07489799708127975
1785948233465094999,-0.06438600271940231
1785948233485682268,-0.045333001762628555
1785948233518586769,-0.028907999396324158
1785948233525271128,-0.02168099954724312
1785948233549215938,-0.009197999723255634
1785948233564942038,0.0006569999968633056
1785948233585202674,0.0052559999749064445
1785948233607066430,0.013140000402927399
1785948233625619878,0.01839599944651127
1785948233650850038,0.020367000252008438
1785948233668319391,0.022995000705122948
1785948233686181299,0.023652000352740288
1785948233704912641,0.023652000352740288
1785948233725315809,0.023652000352740288
1785948233746003914,0.023652000352740288
1785948233765241831,0.023652000352740288
1785948233785178073,0.023652000352740288
1785948233804892101,0.023652000352740288
1785948233825360135,0.022995000705122948
1785948233845517247,0.022995000705122948
1785948233864831775,0.022995000705122948
1785948233885323234,0.022995000705122948
1785948233908261869,0.022995000705122948
1785948233929662507,0.022995000705122948
1785948233946331420,0.022995000705122948
1785948233964946950,0.022995000705122948
1785948233985610894,0.022995000705122948
1785948234004913005,0.022995000705122948
1785948234027084674,0.023652000352740288
1785948234050023246,0.022995000705122948
1785948234068704570,0.022995000705122948
1785948234085343786,0.022995000705122948
1785948234105052085,0.022995000705122948
1785948234125200526,0.022995000705122948
1785948234146689262,0.022995000705122948
1785948234165435517,0.022995000705122948
1785948234185694744,0.022995000705122948
1785948234205256639,0.022995000705122948
1785948234227420820,0.023652000352740288
1785948234245086178,0.023652000352740288
1785948234265070454,0.023652000352740288
1785948234285200270,0.022995000705122948
1785948234304978651,0.022995000705122948
1785948234326852391,0.022995000705122948
1785948234347177349,0.022995000705122948
1785948234365105947,0.022995000705122948
1785948234393810194,0.022995000705122948
1785948234404862460,0.022995000705122948
1785948234426492224,0.022995000705122948
1785948234445185453,0.022995000705122948
1785948234465493418,0.022995000705122948
1785948234486252533,0.022995000705122948
1785948234505542932,0.023652000352740288
1785948234525890930,0.023652000352740288
1785948234545464057,0.022995000705122948
1785948234565046081,0.022995000705122948
1785948234590800192,0.022995000705122948
1785948234606442579,0.022995000705122948
1785948234625566348,0.022995000705122948
1785948234645664035,0.022995000705122948
1785948234665073414,0.022995000705122948
1785948234685729485,0.022995000705122948
1785948234705717729,0.022995000705122948
1785948234726788821,0.022995000705122948
1785948234745918479,0.022995000705122948
1785948234765775615,0.022995000705122948
1785948234785979193,0.022995000705122948
1785948234807176688,0.022995000705122948
1785948234825777211,0.022995000705122948
1785948234845814288,0.022995000705122948
1785948234864734532,0.022995000705122948
1785948234885714453,0.022995000705122948
1785948234905541124,0.022995000705122948
1785948234928711734,0.022995000705122948
1785948234946006105,0.022995000705122948
1785948234968072619,0.022995000705122948
1785948234987395115,0.022995000705122948
1785948235005178749,0.022995000705122948
1785948235025579613,0.022995000705122948
1785948235047476969,0.022995000705122948
1785948235064921393,0.022995000705122948
1785948235088836922,0.022995000705122948
1785948235104874200,0.022995000705122948
1785948235125290776,0.022995000705122948
1785948235151108249,0.022995000705122948
1785948235164882868,0.022995000705122948
1785948235185923879,0.022995000705122948
1785948235206921753,0.022995000705122948
1785948235227762886,0.022995000705122948
1785948235246096904,0.022995000705122948
1785948235264919353,0.022995000705122948
1785948235285173684,0.023652000352740288
1785948235305635830,0.023652000352740288
1785948235339463174,0.023652000352740288
1785948235348214923,0.022995000705122948
1785948235364757688,0.022995000705122948
1785948235385633542,0.022995000705122948
1785948235404914437,0.022995000705122948
1785948235425160128,0.022995000705122948
1785948235445552960,0.022995000705122948
1785948235465743545,0.022995000705122948
1785948235485462725,0.022995000705122948
1785948235505629502,0.022995000705122948
1785948235525343657,0.023652000352740288
1785948235545362974,0.022995000705122948
1785948235565002023,0.022995000705122948
1785948235586111836,0.022995000705122948
1785948235605052657,0.023652000352740288
1785948235626137029,0.023652000352740288
1785948235646489220,0.023652000352740288
1785948235665043884,0.023652000352740288
1785948235686487595,0.023652000352740288
1785948235706988590,0.023652000352740288
1785948235737241140,0.023652000352740288
1785948235746122909,0.023652000352740288
1785948235766835430,0.022995000705122948
1785948235785404879,0.022995000705122948
1785948235805133595,0.022995000705122948
1785948235825276083,0.022995000705122948
1785948235845348105,0.022995000705122948
1785948235864932145,0.022995000705122948
1785948235885100586,0.022995000705122948
1785948235905841684,0.022995000705122948
1785948235925407035,0.022995000705122948
1785948235946165190,0.022995000705122948
1785948235964815442,0.023652000352740288
1785948235985390519,0.023652000352740288
1785948236008893651,0.023652000352740288
1785948236025496386,0.022995000705122948
1785948236048707797,0.022995000705122948
1785948236064924505,0.022995000705122948
1785948236085450012,0.022995000705122948
1785948236106715478,0.022995000705122948
1785948236125564104,0.023652000352740288
1785948236145527131,0.023652000352740288
1785948236166107104,0.022995000705122948
1785948236185400159,0.022995000705122948
1785948236205117738,0.022995000705122948
1785948236227592200,0.022995000705122948
1785948236245800935,0.022995000705122948
1785948236264848926,0.023652000352740288
1785948236287293755,0.023652000352740288
1785948236305263219,0.023652000352740288
1785948236325852824,0.022995000705122948
1785948236345685575,0.022995000705122948
1785948236365126731,0.022995000705122948
1785948236385915990,0.023652000352740288
1785948236407264018,0.023652000352740288
1785948236426984094,0.023652000352740288
1785948236448945004,0.023652000352740288
1785948236464943625,0.022995000705122948
1785948236487349253,0.022995000705122948
1785948236504752171,0.022995000705122948
1785948236525244942,0.022995000705122948
1785948236545529099,0.022995000705122948
1785948236564787208,0.022995000705122948
1785948236585114054,0.022995000705122948
1785948236606093463,0.022995000705122948
1785948236625208433,0.022995000705122948
1785948236645275655,0.022995000705122948
1785948236664787084,0.022995000705122948
1785948236685280143,0.022995000705122948
1785948236704877399,0.022995000705122948
1785948236739265432,0.022995000705122948
1785948236746966461,0.022995000705122948
1785948236765311104,0.022995000705122948
1785948236786409045,0.022995000705122948
1785948236807448840,0.02233799919486046
1785948236825548547,0.021023999899625778
1785948236853222684,0.01773899979889393
1785948236865290019,0.012482999823987484
1785948236890390511,0.009197999723255634
1785948236906023649,0.0006569999968633056
1785948236933915040,-0.008541000075638294
1785948236945187216,-0.015111000277101994
1785948236964985438,-0.028250999748706818
1785948236986054706,-0.038763001561164856
1785948237005337905,-0.04401899874210358
1785948237027667402,-0.055188000202178955
1785948237045788294,-0.06504300236701965
1785948237065764441,-0.0689850002527237
1785948237085639562,-0.0755549967288971
1785948237105140047,-0.07949700206518173
1785948237125663474,-0.08081100136041641
1785948237147000974,-0.08212500065565109
1785948237164683133,-0.08081100136041641
1785948237185856436,-0.07949700206518173
1785948237205397978,-0.07424099743366241
1785948237226434061,-0.06701400130987167
1785948237245679723,-0.06307200342416763
1785948237270489582,-0.053217001259326935
1785948237285299815,-0.040734000504016876
1785948237307585760,-0.03416400030255318
1785948237325324176,-0.019710000604391098
1785948237347801678,-0.007226999849081039
1785948237365312440,-0.0019710001070052385
1785948237385551667,0.006570000201463699
1785948237404902580,0.013797000050544739
1785948237430262343,0.01642500050365925
1785948237445493037,0.020367000252008438
1785948237464959601,0.022995000705122948
1785948237485214285,0.022995000705122948
1785948237505902517,0.022995000705122948
1785948237526004620,0.022995000705122948
1785948237547099201,0.022995000705122948
1785948237565341633,0.022995000705122948
1785948237585234417,0.022995000705122948
1785948237605182692,0.022995000705122948
1785948237625287067,0.022995000705122948
1785948237645491797,0.022995000705122948
1785948237664993786,0.022995000705122948
1785948237685692451,0.022995000705122948
1785948237706268040,0.022995000705122948
1785948237726658600,0.022995000705122948
1785948237748040709,0.022995000705122948
1785948237765130498,0.022995000705122948
1785948237785382750,0.022995000705122948
1785948237805412723,0.022995000705122948
1785948237828198298,0.022995000705122948
1785948237847926725,0.022995000705122948
1785948237865450288,0.022995000705122948
1785948237886683560,0.022995000705122948
1785948237906365171,0.022995000705122948
1785948237925419691,0.022995000705122948
1785948237945651814,0.022995000705122948
1785948237965019559,0.022995000705122948
1785948237985863540,0.022995000705122948
1785948238005454236,0.023652000352740288
1785948238025659350,0.023652000352740288
1785948238045745612,0.023652000352740288
1785948238064923976,0.023652000352740288
1785948238086169857,0.023652000352740288
1785948238109807393,0.023652000352740288
1785948238125814526,0.023652000352740288
1785948238154302511,0.023652000352740288
1785948238166588157,0.023652000352740288
1785948238185957503,0.023652000352740288
1785948238206085974,0.023652000352740288
1785948238226347858,0.023652000352740288
1785948238246244419,0.023652000352740288
1785948238270680123,0.023652000352740288
1785948238288844729,0.023652000352740288
1785948238306521831,0.023652000352740288
1785948238334374341,0.024965999647974968
1785948238347497068,0.028250999748706818
1785948238365265758,0.03416400030255318
1785948238388511891,0.03744899854063988
1785948238405594544,0.046647001057863235
1785948238431886143,0.057815998792648315
1785948238470312248,0.06438600271940231
1785948238470343993,0.07949700206518173
1785948238490489554,0.09723600000143051
1785948238505746040,0.10709100216627121
1785948238526709033,0.12877200543880463
1785948238545661118,0.15373800694942474
1785948238565257574,0.16687799990177155
1785948238585566723,0.19709999859333038
1785948238606139784,0.2286359965801239
1785948238628414592,0.24309000372886658
1785948238645377785,0.2713409960269928
1785948238668517547,0.2976210117340088
1785948238685381281,0.31010401248931885
1785948238705741600,0.3324419856071472
1785948238728005495,0.35280901193618774
1785948238749243536,0.3620069921016693
1785948238767293130,0.37777501344680786
1785948238788927887,0.39091500639915466
1785948238804818728,0.3961710035800934
1785948238825586611,0.4047119915485382
1785948238845553862,0.40996798872947693
1785948238864888743,0.41193899512290955
1785948238885211876,0.4125959873199463
1785948238905213272,0.41062501072883606
1785948238925285966,0.40865400433540344
1785948238945945462,0.4014270007610321
1785948238969131177,0.39091500639915466
1785948238985628341,0.38434499502182007
1785948239005261630,0.3698909878730774
1785948239035047029,0.3521519899368286
1785948239045486188,0.34295400977134705
1785948239064795276,0.3206160068511963
1785948239089765780,0.29565000534057617
1785948239104885334,0.2831670045852661
1785948239125581567,0.25557300448417664
1785948239147772276,0.22600799798965454
1785948239165143994,0.21024000644683838
1785948239192929046,0.17804700136184692
1785948239204852025,0.14519700407981873
1785948239225445503,0.12745800614356995
1785948239245602584,0.09263700246810913
1785948239264984057,0.057158999145030975
1785948239285516541,0.039420001208782196
1785948239311622183,0.005913000088185072
1785948239326520675,-0.026280000805854797
1785948239345309651,-0.042704999446868896
1785948239365115969,-0.07489799708127975
1785948239385050931,-0.10709100216627121
1785948239405137994,-0.12285900115966797
1785948239425416902,-0.1530809998512268
1785948239445234389,-0.18198899924755096
1785948239467060127,-0.1957859992980957
1785948239485102969,-0.2220660001039505
1785948239508595637,-0.24637499451637268
1785948239529215547,-0.258201003074646
1785948239545406558,-0.2792249917984009
1785948239565900864,-0.29696398973464966
1785948239587255773,-0.30550500750541687
1785948239606164976,-0.31995901465415955
1785948239627832470,-0.3317849934101105
1785948239645310079,-0.33638399839401245
1785948239664834277,-0.3436110019683838
1785948239685220484,-0.34821000695228577
1785948239706523967,-0.34952399134635925
1785948239731381348,-0.34952399134635925
1785948239746437732,-0.3488669991493225
1785948239765274902,-0.3488669991493225
1785948239785401325,-0.3488669991493225
1785948239805340832,-0.34821000695228577
1785948239825307347,-0.34821000695228577
1785948239845101440,-0.34821000695228577
1785948239864795595,-0.34821000695228577
1785948239886634166,-0.34821000695228577
1785948239905113053,-0.34821000695228577
1785948239926108430,-0.34821000695228577
1785948239945107781,-0.34821000695228577
1785948239965477380,-0.34821000695228577
1785948239985102668,-0.34821000695228577
1785948240005727379,-0.34821000695228577
1785948240041834119,-0.34821000695228577
1785948240047042850,-0.34821000695228577
1785948240066078521,-0.34821000695228577
1785948240085958314,-0.34821000695228577
1785948240105338731,-0.34821000695228577
1785948240125751308,-0.34821000695228577
1785948240145559066,-0.3488669991493225
1785948240164987005,-0.3488669991493225
1785948240185505856,-0.34821000695228577
1785948240205794461,-0.34821000695228577
1785948240225589163,-0.34821000695228577
1785948240246841220,-0.34821000695228577
1785948240264969184,-0.34821000695228577
1785948240285490564,-0.34821000695228577
1785948240306644602,-0.34821000695228577
1785948240326731857,-0.3488669991493225
1785948240348475865,-0.3501810133457184
1785948240364759198,-0.3501810133457184
1785948240385465063,-0.3501810133457184
1785948240404921227,-0.34952399134635925
1785948240425302666,-0.3488669991493225
1785948240445430306,-0.3488669991493225
1785948240464778755,-0.3488669991493225
1785948240485556430,-0.34821000695228577
1785948240505583555,-0.34821000695228577
1785948240525475155,-0.34821000695228577
1785948240557755317,-0.34821000695228577
1785948240564771302,-0.34952399134635925
1785948240585682325,-0.3501810133457184
1785948240604985813,-0.3501810133457184
1785948240625696382,-0.3501810133457184
1785948240645661585,-0.3501810133457184
1785948240665121109,-0.3501810133457184
1785948240694360060,-0.3501810133457184
1785948240705231456,-0.34952399134635925
1785948240725501596,-0.34952399134635925
1785948240745772440,-0.34952399134635925
1785948240764949780,-0.3488669991493225
1785948240785416117,-0.34821000695228577
1785948240806345477,-0.34821000695228577
1785948240827798980,-0.34821000695228577
1785948240847035810,-0.34821000695228577
1785948240864947223,-0.34821000695228577
1785948240885366296,-0.34821000695228577
1785948240906911706,-0.34821000695228577
1785948240933774330,-0.34821000695228577
1785948240945956453,-0.347553014755249
1785948240966049756,-0.3468959927558899
1785948240985648196,-0.3468959927558899
1785948241007004065,-0.3468959927558899
1785948241026214845,-0.347553014755249
1785948241045437978,-0.347553014755249
1785948241066652114,-0.34821000695228577
1785948241085493924,-0.34821000695228577
1785948241104857861,-0.34821000695228577
1785948241135377394,-0.34821000695228577
1785948241145167062,-0.34821000695228577
1785948241164745693,-0.34821000695228577
1785948241185496808,-0.34821000695228577
1785948241210583379,-0.34821000695228577
1785948241242373479,-0.34821000695228577
1785948241257819955,-0.34821000695228577
1785948241265578106,-0.34821000695228577
1785948241285284933,-0.34821000695228577
1785948241305600675,-0.34821000695228577
1785948241325211179,-0.34821000695228577
1785948241346119354,-0.34821000695228577
1785948241364975180,-0.34821000695228577
1785948241388740560,-0.34821000695228577
1785948241405046134,-0.34821000695228577
1785948241425852450,-0.3488669991493225
1785948241445384648,-0.3501810133457184
1785948241464939311,-0.3508380055427551
1785948241485334159,-0.3508380055427551
1785948241505133597,-0.3508380055427551
1785948241525355479,-0.3508380055427551
1785948241547112288,-0.3508380055427551
1785948241565063127,-0.3501810133457184
1785948241585414709,-0.3501810133457184
1785948241604793335,-0.34952399134635925
1785948241625438750,-0.3488669991493225
1785948241646539731,-0.3468959927558899
1785948241666387842,-0.347553014755249
1785948241685632256,-0.347553014755249
1785948241708238977,-0.347553014755249
1785948241725158841,-0.347553014755249
1785948241745248400,-0.34821000695228577
1785948241765093055,-0.34821000695228577
1785948241787441849,-0.34821000695228577
1785948241805823453,-0.34821000695228577
1785948241826565127,-0.34821000695228577
1785948241847032713,-0.34821000695228577
1785948241864975648,-0.34821000695228577
1785948241885318270,-0.347553014755249
1785948241906650426,-0.3468959927558899
1785948241925294533,-0.3468959927558899
1785948241945265560,-0.347553014755249
1785948241965179850,-0.347553014755249
1785948241985173886,-0.34821000695228577
1785948242004982508,-0.34821000695228577
1785948242025386284,-0.34821000695228577
1785948242045400960,-0.34821000695228577
1785948242068781145,-0.34821000695228577
1785948242086942902,-0.3488669991493225
1785948242105076435,-0.3488669991493225
1785948242125384656,-0.3488669991493225
1785948242145176542,-0.3501810133457184
1785948242165209011,-0.3501810133457184
1785948242185622323,-0.3501810133457184
1785948242205516132,-0.3501810133457184
1785948242225397876,-0.3501810133457184
1785948242245578958,-0.3501810133457184
1785948242266179572,-0.3501810133457184
1785948242289134048,-0.3501810133457184
1785948242304940759,-0.3501810133457184
1785948242326122094,-0.3501810133457184
1785948242345179942,-0.3501810133457184
1785948242366528354,-0.3501810133457184
1785948242385466902,-0.3501810133457184
1785948242404861912,-0.3508380055427551
1785948242426018607,-0.35149499773979187
1785948242446143334,-0.3508380055427551
1785948242465003544,-0.3508380055427551
1785948242486604092,-0.3508380055427551
1785948242505246280,-0.3508380055427551
1785948242526791594,-0.3501810133457184
1785948242545652636,-0.3501810133457184
1785948242565137216,-0.3501810133457184
1785948242585249624,-0.3501810133457184
1785948242607616594,-0.3501810133457184
1785948242625728782,-0.3501810133457184
1785948242645580062,-0.3501810133457184
1785948242664922046,-0.34952399134635925
1785948242686020243,-0.34821000695228577
1785948242705052650,-0.34821000695228577
1785948242726608588,-0.34821000695228577
1785948242745634723,-0.34821000695228577
1785948242764901185,-0.34821000695228577
1785948242789055089,-0.34821000695228577
1785948242807448309,-0.34821000695228577
1785948242825826585,-0.34821000695228577
1785948242845962833,-0.347553014755249
1785948242865770239,-0.3455820083618164
1785948242885999482,-0.34426799416542053
1785948242905215159,-0.3403260111808777
1785948242937506329,-0.33507001399993896
1785948242946995700,-0.3324419856071472
1785948242966727584,-0.32521501183509827
1785948242985264904,-0.31536000967025757
1785948243005273692,-0.31010401248931885
1785948243025364659,-0.299591988325119
1785948243046277186,-0.2877660095691681
1785948243065642883,-0.2811959981918335
1785948243087391595,-0.26739901304244995
1785948243104971703,-0.25425899028778076
1785948243125473914,-0.24637499451637268
1785948243145265512,-0.23126399517059326
1785948243165635463,-0.21615299582481384
1785948243185945572,-0.20826900005340576
1785948243207705869,-0.19315800070762634
1785948243225858634,-0.17804700136184692
1785948243245822109,-0.17081999778747559
1785948243265298945,-0.15702299773693085
1785948243285069198,-0.1432259976863861
1785948243307617582,-0.1366560012102127
1785948243326404734,-0.12285900115966797
1785948243347125223,-0.11037600040435791
1785948243365045085,-0.10380599647760391
1785948243387422072,-0.09132300317287445
1785948243405498067,-0.07884000241756439
1785948243426111769,-0.0722699984908104
1785948243445731330,-0.060444001108407974
1785948243466428683,-0.047961000353097916
1785948243485305853,-0.042047999799251556
1785948243508136069,-0.029565000906586647
1785948243527716589,-0.019710000604391098
1785948243545358171,-0.015111000277101994
1785948243564928322,-0.007884000428020954
1785948243585280928,-0.0026279999874532223
1785948243604965739,0.0
1785948243629830576,0.003942000214010477
1785948243645131704,0.007226999849081039
1785948243665502839,0.008541000075638294
1785948243685362183,0.010511999949812889
1785948243706137266,0.011826000176370144
1785948243725337838,0.011826000176370144
1785948243745550920,0.011826000176370144
1785948243765119535,0.009855000302195549
1785948243790413025,0.008541000075638294
1785948243805217082,0.003942000214010477
1785948243825536440,0.0
1785948243850590338,-0.0026279999874532223
1785948243865507423,-0.009855000302195549
1785948243885064774,-0.019710000604391098
1785948243909400923,-0.024965999647974968
1785948243925710529,-0.03810599818825722
1785948243946057631,-0.053217001259326935
1785948243965178105,-0.061758000403642654
1785948243986073832,-0.08146800100803375
1785948244005350598,-0.10249199718236923
1785948244025750374,-0.11366099864244461
1785948244045991393,-0.13599899411201477
1785948244068794601,-0.1596509963274002
1785948244085341590,-0.17147700488567352
1785948244105202406,-0.19512900710105896
1785948244125387327,-0.2187809944152832
1785948244145258927,-0.22994999587535858
1785948244164958458,-0.2516309916973114
1785948244185768999,-0.27068400382995605
1785948244205087206,-0.27988201379776
1785948244225711949,-0.29565000534057617
1785948244245192433,-0.3094469904899597
1785948244265114435,-0.31536000967025757
1785948244285349982,-0.325872004032135
1785948244304936966,-0.3324419856071472
1785948244331680483,-0.33507001399993896
1785948244345208694,-0.33835500478744507
1785948244364998820,-0.33835500478744507
1785948244385200382,-0.33835500478744507
1785948244404994379,-0.33835500478744507
1785948244425886874,-0.33835500478744507
1785948244445480674,-0.33835500478744507
1785948244465614778,-0.33835500478744507
1785948244485687568,-0.3390119969844818
1785948244505460605,-0.33966898918151855
1785948244525748090,-0.33966898918151855
1785948244551677694,-0.3390119969844818
1785948244564818054,-0.3390119969844818
1785948244585876730,-0.3376980125904083
1785948244607041200,-0.3357270061969757
1785948244628399437,-0.33507001399993896
1785948244647600649,-0.33441299200057983
1785948244665850185,-0.3324419856071472
1785948244685941760,-0.3324419856071472
1785948244705159068,-0.33112800121307373
1785948244726319635,-0.33112800121307373
1785948244745978141,-0.33112800121307373
1785948244765513219,-0.32981398701667786
1785948244787235658,-0.3291569948196411
1785948244805366310,-0.32850000262260437
1785948244825687620,-0.32850000262260437
1785948244845769978,-0.32850000262260437
1785948244866035510,-0.32850000262260437
1785948244891324520,-0.32850000262260437
1785948244905275784,-0.32850000262260437
1785948244928482651,-0.3291569948196411
1785948244945901218,-0.32850000262260437
1785948244965011580,-0.3271859884262085
1785948244985626018,-0.32652899622917175
1785948245007671603,-0.32324400544166565
1785948245027620261,-0.31667399406433105
1785948245047186284,-0.3127320110797882
1785948245065256039,-0.3028770089149475
1785948245085747178,-0.2897369861602783
1785948245107303020,-0.28251001238822937
1785948245125332709,-0.26871299743652344
1785948245145275063,-0.25425899028778076
1785948245165369390,-0.24571800231933594
1785948245185225854,-0.22929300367832184
1785948245210908923,-0.21155400574207306
1785948245225357738,-0.2023559957742691
1785948245246037778,-0.18396000564098358
1785948245265031400,-0.1662209928035736
1785948245285327813,-0.1563660055398941
1785948245305144275,-0.1379700005054474
1785948245328663952,-0.11826000362634659
1785948245347563460,-0.10906200110912323
1785948245365552412,-0.09000899642705917
1785948245385336681,-0.07095599919557571
1785948245405166392,-0.061758000403642654
1785948245429740916,-0.045990001410245895
1785948245445895894,-0.0328500010073185
1785948245465456093,-0.026937000453472137
1785948245485723513,-0.01642500050365925
1785948245512266352,-0.007884000428020954
1785948245525592093,-0.003942000214010477
1785948245545683923,0.0019710001070052385
1785948245568343415,0.007226999849081039
1785948245585464821,0.008541000075638294
1785948245604767508,0.01116899959743023
1785948245627059404,0.013140000402927399
1785948245646234920,0.013140000402927399
1785948245664798897,0.013140000402927399
1785948245687411219,0.013140000402927399
1785948245707272131,0.013797000050544739
1785948245742074992,0.013797000050544739
1785948245746665657,0.013797000050544739
1785948245764866135,0.013797000050544739
1785948245785353434,0.013797000050544739
1785948245805301612,0.013797000050544739
1785948245827262938,0.013797000050544739
1785948245846134509,0.013797000050544739
1785948245864770168,0.013797000050544739
1785948245885694888,0.013140000402927399
1785948245908668308,0.010511999949812889
1785948245925705776,0.006570000201463699
1785948245945436092,0.004598999861627817
1785948245964801309,0.0006569999968633056
1785948245985109242,0.0
1785948246004767524,-0.0013139999937266111
1785948246026159841,-0.004598999861627817
1785948246045858348,-0.009197999723255634
1785948246064693502,-0.011826000176370144
1785948246085257987,-0.01839599944651127
1785948246107178000,-0.024309000000357628
1785948246125666935,-0.027594000101089478
1785948246154490034,-0.0328500010073185
1785948246171903001,-0.038763001561164856
1785948246187611725,-0.040734000504016876
1785948246206022929,-0.04467599838972092
1785948246225746877,-0.047961000353097916
1785948246246288321,-0.048618000000715256
1785948246264762536,-0.050588998943567276
1785948246285555699,-0.053217001259326935
1785948246306503204,-0.053874000906944275
1785948246325829507,-0.057158999145030975
1785948246345562256,-0.061758000403642654
1785948246367278711,-0.06504300236701965
1785948246385304240,-0.07029899954795837
1785948246411006030,-0.07686900347471237
1785948246428805984,-0.08081100136041641
1785948246447483501,-0.09000899642705917
1785948246466915088,-0.09723600000143051
1785948246485727456,-0.10052099823951721
1785948246505358473,-0.10577700287103653
1785948246526168598,-0.10906200110912323
1785948246546635959,-0.10971900075674057
1785948246565021147,-0.11103300005197525
1785948246585579456,-0.11168999969959259
1785948246605373262,-0.11168999969959259
1785948246625192732,-0.11168999969959259
1785948246645416311,-0.11168999969959259
1785948246664770104,-0.11168999969959259
1785948246685491489,-0.11168999969959259
1785948246704907972,-0.10971900075674057
1785948246725335493,-0.10774800181388855
1785948246746384664,-0.10183499753475189
1785948246765319052,-0.09329400211572647
1785948246785267295,-0.0886949971318245
1785948246805203985,-0.07752600312232971
1785948246826635247,-0.06372900307178497
1785948246845302172,-0.056501999497413635
1785948246866316814,-0.041391000151634216
1785948246885430823,-0.028250999748706818
1785948246905456380,-0.02233799919486046
1785948246925765337,-0.011826000176370144
1785948246945407459,-0.0026279999874532223
1785948246965134383,0.0
1785948246985411851,0.005913000088185072
1785948247005030899,0.009855000302195549
1785948247033218683,0.011826000176370144
1785948247053094316,0.013140000402927399
1785948247070884478,0.013797000050544739
1785948247085412271,0.013797000050544739
1785948247105367169,0.013797000050544739
1785948247125534810,0.013797000050544739
1785948247145220389,0.013797000050544739
1785948247164870959,0.013797000050544739
1785948247185724124,0.013797000050544739
1785948247205295939,0.013797000050544739
1785948247226838725,0.014453999698162079
1785948247245670358,0.014453999698162079
1785948247264767055,0.014453999698162079
1785948247285491801,0.014453999698162079
1785948247306637999,0.013797000050544739
1785948247325953231,0.013797000050544739
1785948247348383243,0.014453999698162079
1785948247367263326,0.014453999698162079
1785948247385218805,0.013797000050544739
1785948247404870750,0.013797000050544739
1785948247425323776,0.014453999698162079
1785948247445254226,0.014453999698162079
1785948247465366089,0.013797000050544739
1785948247485569379,0.013797000050544739
1785948247505061128,0.013797000050544739
1785948247525363781,0.014453999698162079
1785948247545318904,0.013797000050544739
1785948247564782236,0.013797000050544739
1785948247585503173,0.013797000050544739
1785948247605833187,0.014453999698162079
1785948247625963515,0.014453999698162079
1785948247645526050,0.013797000050544739
1785948247665340080,0.013797000050544739
1785948247685610188,0.013797000050544739
1785948247704825513,0.013797000050544739
1785948247725251914,0.014453999698162079
1785948247745591880,0.014453999698162079
1785948247764853094,0.013797000050544739
1785948247789091960,0.013797000050544739
1785948247805140630,0.014453999698162079
1785948247825173835,0.014453999698162079
1785948247845298179,0.013797000050544739
1785948247865069936,0.013797000050544739
1785948247889463271,0.013797000050544739
1785948247904954933,0.013797000050544739
1785948247925627197,0.013797000050544739
1785948247945679154,0.013797000050544739
1785948247964814157,0.013797000050544739
1785948247985137450,0.013140000402927399
1785948248005224577,0.010511999949812889
1785948248025270486,0.005913000088185072
1785948248045502033,0.0032850001007318497
1785948248065394338,0.0
1785948248085354581,-0.0019710001070052385
1785948248104905435,-0.003942000214010477
1785948248125934094,-0.009855000302195549
1785948248145456020,-0.01773899979889393
1785948248165442727,-0.022995000705122948
1785948248186495355,-0.03219300135970116
1785948248205438575,-0.041391000151634216
1785948248225429507,-0.045990001410245895
1785948248246175917,-0.055188000202178955
1785948248264855386,-0.06504300236701965
1785948248288338517,-0.0689850002527237
1785948248305385617,-0.07686900347471237
1785948248333359923,-0.08278200030326843
1785948248345271542,-0.08540999889373779
1785948248365259434,-0.08935199677944183
1785948248385252701,-0.09198000282049179
1785948248406945124,-0.09329400211572647
1785948248446407612,-0.09329400211572647
1785948248451384560,-0.09460800141096115
1785948248465939202,-0.09592200070619583
1785948248485679918,-0.09854999929666519
1785948248505094385,-0.09986399859189987
1785948248527614160,-0.10117799788713455
1785948248546157464,-0.10249199718236923
1785948248566648027,-0.10380599647760391
1785948248585224485,-0.10380599647760391
1785948248605221336,-0.10380599647760391
1785948248625224428,-0.10380599647760391
1785948248645844755,-0.10446300357580185
1785948248664981229,-0.10446300357580185
1785948248685567027,-0.10446300357580185
1785948248712334096,-0.10512000322341919
1785948248725564827,-0.10512000322341919
1785948248745435979,-0.10512000322341919
1785948248765121205,-0.10512000322341919
1785948248785261102,-0.10512000322341919
1785948248805507241,-0.10512000322341919
1785948248828135211,-0.10512000322341919
1785948248845459983,-0.10512000322341919
1785948248865244477,-0.10577700287103653
1785948248885572251,-0.10643400251865387
1785948248906042205,-0.10577700287103653
1785948248925767049,-0.10577700287103653
1785948248948778102,-0.10577700287103653
1785948248966074682,-0.10512000322341919
1785948248985451803,-0.10512000322341919
1785948249006703156,-0.10512000322341919
1785948249026732393,-0.10512000322341919
1785948249045314675,-0.10512000322341919
1785948249065139426,-0.10512000322341919
1785948249085262073,-0.10512000322341919
1785948249105076040,-0.10446300357580185
1785948249127612551,-0.10512000322341919
1785948249146427672,-0.10512000322341919
1785948249165182631,-0.10512000322341919
1785948249185779149,-0.10512000322341919
1785948249204949640,-0.10512000322341919
1785948249226767090,-0.10512000322341919
1785948249246162228,-0.10512000322341919
1785948249264883074,-0.10380599647760391
1785948249287231932,-0.10052099823951721
1785948249306230578,-0.09789299964904785
1785948249325515857,-0.09132300317287445
1785948249345341728,-0.08278200030326843
1785948249364988233,-0.07818300276994705
1785948249385215812,-0.065700002014637
1785948249409496119,-0.051902998238801956
1785948249437658367,-0.04467599838972092
1785948249446336673,-0.031536001712083817
1785948249464990957,-0.021023999899625778
1785948249486351338,-0.01642500050365925
1785948249505186555,-0.007884000428020954
1785948249525514201,-0.0006569999968633056
1785948249548120762,0.0013139999937266111
1785948249565865035,0.006570000201463699
1785948249585280558,0.009855000302195549
1785948249605006714,0.01116899959743023
1785948249625373625,0.012482999823987484
1785948249645414414,0.013140000402927399
1785948249664852209,0.013140000402927399
1785948249685454839,0.013797000050544739
1785948249708573096,0.013797000050544739
1785948249729469591,0.013797000050544739
1785948249745967746,0.013797000050544739
1785948249765035514,0.013797000050544739
1785948249785214452,0.013797000050544739
1785948249805331563,0.013797000050544739
1785948249825600391,0.014453999698162079
1785948249851141472,0.014453999698162079
1785948249865069695,0.014453999698162079
1785948249885429502,0.014453999698162079
1785948249908590704,0.013797000050544739
1785948249925438374,0.013797000050544739
1785948249945694146,0.013797000050544739
1785948249965084484,0.013797000050544739
1785948249985398465,0.013797000050544739
1785948250005412534,0.013797000050544739
1785948250025261253,0.013797000050544739
1785948250045259257,0.013797000050544739
1785948250065696250,0.013797000050544739
1785948250086471173,0.013797000050544739
1785948250105051855,0.014453999698162079
1785948250126536207,0.013797000050544739
1785948250146584516,0.013797000050544739
1785948250164907462,0.013797000050544739
1785948250185418250,0.013797000050544739
1785948250205413693,0.013797000050544739
1785948250225321231,0.014453999698162079
1785948250245410117,0.014453999698162079
1785948250265476347,0.014453999698162079
1785948250285245032,0.014453999698162079
1785948250304914675,0.013797000050544739
1785948250325622172,0.013797000050544739
1785948250345749747,0.013797000050544739
1785948250364848205,0.013797000050544739
1785948250392066808,0.014453999698162079
1785948250405214655,0.014453999698162079
1785948250425429178,0.014453999698162079
1785948250445661877,0.013797000050544739
1785948250464731885,0.014453999698162079
1785948250485271153,0.014453999698162079
1785948250504925883,0.013797000050544739
1785948250525835178,0.013797000050544739
1785948250546403119,0.014453999698162079
1785948250565086204,0.014453999698162079
1785948250585422650,0.014453999698162079
1785948250605913916,0.013797000050544739
1785948250625517124,0.013797000050544739
1785948250645532281,0.013797000050544739
1785948250664958140,0.013797000050544739
1785948250685497824,0.014453999698162079
1785948250711417060,0.014453999698162079
1785948250734151562,0.014453999698162079
1785948250745872263,0.014453999698162079
1785948250765173862,0.014453999698162079
1785948250785230556,0.013797000050544739
1785948250805140781,0.014453999698162079
1785948250829926288,0.014453999698162079
1785948250845740167,0.013797000050544739
1785948250872859983,0.013797000050544739
1785948250885496040,0.013797000050544739
1785948250904979596,0.014453999698162079
1785948250925216647,0.014453999698162079
1785948250945133593,0.013797000050544739
1785948250965007209,0.013797000050544739
1785948250986523338,0.013797000050544739
1785948251005541409,0.013797000050544739
1785948251025165962,0.014453999698162079
1785948251045322818,0.014453999698162079
1785948251065438042,0.013797000050544739
1785948251085726230,0.013797000050544739
1785948251107211223,0.013797000050544739
1785948251125300850,0.013797000050544739
1785948251145542829,0.013797000050544739
1785948251165912460,0.013797000050544739
1785948251188213733,0.013797000050544739
1785948251205631596,0.014453999698162079
1785948251226262002,0.014453999698162079
1785948251249208350,0.013797000050544739
1785948251265843342,0.014453999698162079
1785948251285714270,0.014453999698162079
1785948251307449926,0.014453999698162079
1785948251325614307,0.014453999698162079
1785948251346063460,0.014453999698162079
1785948251365364004,0.013797000050544739
1785948251385745219,0.013797000050544739
1785948251405799608,0.014453999698162079
1785948251426177144,0.014453999698162079
1785948251446293455,0.013797000050544739
1785948251465217315,0.013797000050544739
1785948251485403773,0.013797000050544739
1785948251506425135,0.014453999698162079
1785948251525932148,0.014453999698162079
1785948251545414041,0.014453999698162079
1785948251564875645,0.013797000050544739
1785948251596999802,0.014453999698162079
1785948251605140173,0.013797000050544739
1785948251625613647,0.013797000050544739
1785948251649587353,0.014453999698162079
1785948251665238892,0.014453999698162079
1785948251686452356,0.013797000050544739
1785948251705046382,0.013797000050544739
1785948251729520743,0.013797000050544739
1785948251745674697,0.013797000050544739
1785948251765674685,0.013797000050544739
1785948251785390728,0.013797000050544739
1785948251806606784,0.013797000050544739
1785948251844188288,0.013797000050544739
1785948251848740008,0.013797000050544739
1785948251866023915,0.014453999698162079
1785948251885308842,0.014453999698162079
1785948251904912882,0.013797000050544739
1785948251926178348,0.013797000050544739
1785948251945345223,0.013797000050544739
1785948251965644612,0.013797000050544739
1785948251987371659,0.014453999698162079
1785948252005914036,0.014453999698162079
1785948252027157133,0.013797000050544739
1785948252045786200,0.013797000050544739
1785948252066491937,0.013797000050544739
1785948252088246089,0.014453999698162079
1785948252115491637,0.014453999698162079
1785948252126146835,0.014453999698162079
1785948252151824464,0.014453999698162079
1785948252167566245,0.013797000050544739
1785948252185449594,0.014453999698162079
1785948252205585618,0.013797000050544739
1785948252225297053,0.014453999698162079
1785948252249135524,0.014453999698162079
1785948252268070968,0.014453999698162079
1785948252285478623,0.014453999698162079
1785948252305668024,0.014453999698162079
1785948252325483495,0.014453999698162079
1785948252346984903,0.013797000050544739
1785948252366112289,0.014453999698162079
1785948252388209172,0.01642500050365925
1785948252407554356,0.021023999899625778
1785948252430447743,0.024309000000357628
1785948252445663524,0.030222000554203987
1785948252464877185,0.03679199889302254
1785948252486823983,0.040077000856399536
1785948252506129550,0.047961000353097916
1785948252525470414,0.055844999849796295
1785948252545781675,0.059787001460790634
1785948252565168365,0.06832800060510635
1785948252585379976,0.0755549967288971
1785948252604793738,0.07949700206518173
1785948252625231787,0.08606699854135513
1785948252646406850,0.09198000282049179
1785948252668977027,0.09460800141096115
1785948252685184934,0.09986399859189987
1785948252707601282,0.10446300357580185
1785948252729337449,0.10709100216627121
1785948252746061180,0.11037600040435791
1785948252764953359,0.11300399899482727
1785948252785996962,0.11497499793767929
1785948252804680303,0.11891700327396393
1785948252844058468,0.12088800221681595
1785948252852722502,0.12220200151205063
1785948252866581155,0.12351600080728531
1785948252885682428,0.12548699975013733
1785948252905175553,0.12614400684833527
1785948252928736543,0.126800999045372
1785948252945432817,0.126800999045372
1785948252967953328,0.12745800614356995
1785948252985603582,0.12745800614356995
1785948253005836089,0.12745800614356995
1785948253025962897,0.12614400684833527
1785948253045139308,0.12220200151205063
1785948253064960923,0.11628899723291397
1785948253085619842,0.11168999969959259
1785948253109051293,0.10183499753475189
1785948253124964439,0.09066600352525711
1785948253153889525,0.08409599959850311
1785948253165874746,0.0689850002527237
1785948253185335774,0.055844999849796295
1785948253205621754,0.050588998943567276
1785948253228492100,0.040734000504016876
1785948253245641443,0.03350700065493584
1785948253266405454,0.030222000554203987
1785948253285355490,0.026280000805854797
1785948253305143760,0.023652000352740288
1785948253325232935,0.022995000705122948
1785948253345650887,0.02233799919486046
1785948253365398196,0.02233799919486046
1785948253386075164,0.02233799919486046
1785948253405399388,0.02233799919486046
1785948253426022690,0.02233799919486046
1785948253445768463,0.02233799919486046
1785948253465217874,0.02233799919486046
1785948253485285160,0.02233799919486046
1785948253505617158,0.02233799919486046
1785948253525771935,0.02233799919486046
1785948253545224066,0.02233799919486046
1785948253567954184,0.02233799919486046
1785948253585485394,0.02233799919486046
1785948253605949940,0.02233799919486046
1785948253625392439,0.02233799919486046
1785948253645357962,0.02233799919486046
1785948253666806506,0.02233799919486046
1785948253685310769,0.02233799919486046
1785948253705577037,0.02233799919486046
1785948253725354650,0.02233799919486046
1785948253745296109,0.02233799919486046
1785948253764835315,0.02233799919486046
1785948253793870964,0.02233799919486046
1785948253805070306,0.02233799919486046
1785948253827651203,0.02233799919486046
1785948253845768639,0.02233799919486046
1785948253865024572,0.02233799919486046
1785948253885300121,0.02233799919486046
1785948253905075654,0.02233799919486046
1785948253929022928,0.02233799919486046
1785948253945537980,0.02233799919486046
1785948253965050145,0.02233799919486046
1785948253985377535,0.02233799919486046
1785948254005338962,0.02233799919486046
1785948254025511275,0.02233799919486046
1785948254045684708,0.02233799919486046
1785948254065506611,0.02233799919486046
1785948254085850257,0.02233799919486046
1785948254104928233,0.02233799919486046
1785948254125207910,0.02233799919486046
1785948254145123863,0.02233799919486046
1785948254164921477,0.02233799919486046
1785948254193059596,0.02233799919486046
1785948254206421146,0.02233799919486046
1785948254225493618,0.02233799919486046
1785948254245257759,0.02168099954724312
1785948254265806788,0.02168099954724312
1785948254285303081,0.02168099954724312
1785948254307572704,0.02168099954724312
1785948254325543992,0.02233799919486046
1785948254345498346,0.02168099954724312
1785948254364800874,0.02168099954724312
1785948254385557428,0.02168099954724312
1785948254405381635,0.02168099954724312
1785948254427844128,0.02233799919486046
1785948254446096256,0.02233799919486046
1785948254465271740,0.02233799919486046
1785948254486046247,0.02233799919486046
1785948254507988212,0.02233799919486046
1785948254539308442,0.02233799919486046
1785948254548016317,0.02233799919486046
1785948254565853777,0.02233799919486046
1785948254585836164,0.02233799919486046
1785948254605189989,0.02233799919486046
1785948254627012879,0.02233799919486046
1785948254645382483,0.02233799919486046
1785948254664845239,0.02233799919486046
1785948254685957420,0.02233799919486046
1785948254705024260,0.02233799919486046
1785948254727946255,0.02233799919486046
1785948254745428856,0.02233799919486046
1785948254764815002,0.02233799919486046
1785948254785427584,0.02233799919486046
1785948254805323665,0.02168099954724312
1785948254825447337,0.02168099954724312
1785948254845346490,0.02168099954724312
1785948254865081990,0.02168099954724312
1785948254886138937,0.02168099954724312
1785948254904891784,0.02168099954724312
1785948254929371809,0.02168099954724312
1785948254945486946,0.02168099954724312
1785948254965205709,0.02168099954724312
1785948254985641998,0.02168099954724312
1785948255006223476,0.02168099954724312
1785948255025529203,0.02168099954724312
1785948255046443298,0.02168099954724312
1785948255065071917,0.02168099954724312
1785948255085406155,0.02168099954724312
1785948255105111158,0.02168099954724312
1785948255136597185,0.02168099954724312
1785948255146242176,0.02168099954724312
1785948255165331257,0.02168099954724312
1785948255185795163,0.02168099954724312
1785948255207345789,0.02168099954724312
1785948255225375222,0.02168099954724312
1785948255245491086,0.02168099954724312
1785948255265365470,0.02168099954724312
1785948255287325996,0.02168099954724312
1785948255305009563,0.02168099954724312
1785948255326128785,0.02168099954724312
1785948255345519923,0.02168099954724312
1785948255364835826,0.02168099954724312
1785948255385768834,0.02168099954724312
1785948255405217574,0.02168099954724312
1785948255425706312,0.02168099954724312
1785948255448498223,0.02168099954724312
1785948255466365028,0.02168099954724312
1785948255485653954,0.02168099954724312
1785948255505560660,0.02233799919486046
1785948255525920434,0.02233799919486046
1785948255546069419,0.02233799919486046
1785948255564892092,0.02168099954724312
1785948255585860621,0.02233799919486046
1785948255605203661,0.02233799919486046
1785948255637150789,0.02233799919486046
1785948255647778946,0.02168099954724312
1785948255664939425,0.02168099954724312
1785948255685271231,0.02233799919486046
1785948255709548626,0.02233799919486046
1785948255730756490,0.02168099954724312
1785948255750704093,0.02168099954724312
1785948255765080329,0.02168099954724312
1785948255785471177,0.02168099954724312
1785948255805041872,0.02168099954724312
1785948255826753527,0.02168099954724312
1785948255845262399,0.02168099954724312
1785948255867695835,0.02168099954724312
1785948255887734768,0.02168099954724312
1785948255906706534,0.02168099954724312
1785948255925608217,0.02168099954724312
1785948255945609901,0.02168099954724312
1785948255965235542,0.02168099954724312
1785948255985303820,0.02233799919486046
1785948256005294176,0.02168099954724312
1785948256026945413,0.02168099954724312
1785948256045584432,0.02168099954724312
1785948256065249018,0.02168099954724312
1785948256089221605,0.02168099954724312
1785948256105005723,0.02168099954724312
1785948256138225881,0.02233799919486046
1785948256147271590,0.02168099954724312
1785948256165056600,0.02168099954724312
1785948256186613019,0.02168099954724312
1785948256207793330,0.02168099954724312
1785948256226216727,0.02168099954724312
1785948256245445332,0.02168099954724312
1785948256265146975,0.02168099954724312
1785948256285737509,0.02168099954724312
1785948256305799930,0.02168099954724312
1785948256325803759,0.02168099954724312
1785948256348469682,0.02168099954724312
1785948256365249702,0.02168099954724312
1785948256385306876,0.02168099954724312
1785948256406299437,0.02233799919486046
1785948256425782898,0.02168099954724312
1785948256446435929,0.02168099954724312
1785948256464944193,0.02233799919486046
1785948256486571845,0.02168099954724312
1785948256505370390,0.02168099954724312
1785948256525472973,0.02168099954724312
1785948256545431775,0.02168099954724312
1785948256564781568,0.02168099954724312
1785948256585273315,0.02168099954724312
1785948256607808130,0.02168099954724312
1785948256625431471,0.02168099954724312
1785948256647623077,0.02168099954724312
1785948256664906888,0.02168099954724312
1785948256685394282,0.02168099954724312
1785948256707209396,0.02168099954724312
1785948256726423121,0.02168099954724312
1785948256745473193,0.02168099954724312
1785948256765009167,0.02168099954724312
1785948256788045533,0.02168099954724312
1785948256804986742,0.02168099954724312
1785948256825737728,0.02168099954724312
1785948256845416523,0.02168099954724312
1785948256865407519,0.02168099954724312
1785948256885478485,0.02168099954724312
1785948256907075256,0.02168099954724312
1785948256926013933,0.02168099954724312
1785948256945314668,0.02168099954724312
1785948256964910580,0.02168099954724312
1785948256988988993,0.02168099954724312
1785948257005589008,0.02168099954724312
1785948257029130029,0.02168099954724312
1785948257047484336,0.02168099954724312
1785948257064764243,0.02168099954724312
1785948257087425207,0.02168099954724312
1785948257105088197,0.02168099954724312
1785948257126471522,0.02168099954724312
1785948257145596156,0.02168099954724312
1785948257164948573,0.02168099954724312
1785948257185411647,0.023652000352740288
1785948257205345137,0.026280000805854797
1785948257225848628,0.028250999748706818
1785948257247396886,0.03350700065493584
1785948257268591405,0.040077000856399536
1785948257285676458,0.04336199909448624
1785948257306836001,0.049931999295949936
1785948257326206306,0.056501999497413635
1785948257345665350,0.060444001108407974
1785948257365033895,0.06701400130987167
1785948257385479817,0.07292699813842773
1785948257405899721,0.0755549967288971
1785948257425408110,0.08081100136041641
1785948257446628647,0.08475299924612045
1785948257464986954,0.08606699854135513
1785948257485775445,0.08935199677944183
1785948257505424511,0.09132300317287445
1785948257525596408,0.09198000282049179
1785948257547418914,0.09263700246810913
1785948257565404058,0.09395100176334381
1785948257585457008,0.09395100176334381
1785948257607579299,0.09526500105857849
1785948257625898181,0.09526500105857849
1785948257645419115,0.09592200070619583
1785948257666137620,0.09657900035381317
1785948257686562165,0.09789299964904785
1785948257706173565,0.09789299964904785
1785948257727336820,0.09920699894428253
1785948257745485329,0.10052099823951721
1785948257764968437,0.10052099823951721
1785948257785689919,0.10183499753475189
1785948257805147714,0.10314899682998657
1785948257842581150,0.10380599647760391
1785948257849411849,0.10512000322341919
1785948257866575561,0.10577700287103653
1785948257885419899,0.10577700287103653
1785948257905074052,0.10577700287103653
1785948257925824303,0.10577700287103653
1785948257945860676,0.10577700287103653
1785948257965052800,0.10577700287103653
1785948257985361021,0.10643400251865387
1785948258007197063,0.10643400251865387
1785948258025359621,0.10577700287103653
1785948258045440027,0.10577700287103653
1785948258065923133,0.10577700287103653
1785948258085865744,0.10577700287103653
1785948258105139694,0.10577700287103653
1785948258130666119,0.10643400251865387
1785948258146867882,0.10643400251865387
1785948258165239437,0.10577700287103653
1785948258185489544,0.10577700287103653
1785948258205522973,0.10643400251865387
1785948258227775957,0.10643400251865387
1785948258245903953,0.10643400251865387
1785948258266892386,0.10643400251865387
1785948258285608560,0.10643400251865387
1785948258305314715,0.10643400251865387
1785948258325556502,0.10643400251865387
1785948258345723759,0.10709100216627121
1785948258365905769,0.10709100216627121
1785948258386015360,0.10709100216627121
1785948258408483070,0.10709100216627121
1785948258425721983,0.10709100216627121
1785948258445877592,0.10774800181388855
1785948258465239769,0.10840500146150589
1785948258485836863,0.10840500146150589
1785948258505279074,0.10906200110912323
1785948258525879688,0.10971900075674057
1785948258550312576,0.10971900075674057
1785948258565424354,0.10971900075674057
1785948258585683998,0.11037600040435791
1785948258605401642,0.11037600040435791
1785948258630440852,0.11037600040435791
1785948258646582229,0.11103300005197525
1785948258665479144,0.11103300005197525
1785948258686120719,0.11103300005197525
1785948258706056769,0.11103300005197525
1785948258732945442,0.11103300005197525
1785948258748602613,0.11103300005197525
1785948258765042623,0.11168999969959259
1785948258785445791,0.11168999969959259
1785948258805090536,0.11103300005197525
1785948258825508329,0.11103300005197525
1785948258845447931,0.11103300005197525
1785948258865035267,0.11103300005197525
1785948258885888400,0.11103300005197525
1785948258905290322,0.11103300005197525
1785948258932180692,0.11103300005197525
1785948258953821944,0.11103300005197525
1785948258967003873,0.11103300005197525
1785948258986424964,0.11103300005197525
1785948259007114893,0.11103300005197525
1785948259026895770,0.11103300005197525
1785948259045776749,0.11234699934720993
1785948259065169455,0.11431799829006195
1785948259086376359,0.11628899723291397
1785948259106241174,0.11957400292158127
1785948259132543366,0.12220200151205063
1785948259145295202,0.12483000010251999
1785948259165084176,0.12877200543880463
1785948259185783129,0.13271400332450867
1785948259205318239,0.1346849948167801
1785948259226140139,0.1366560012102127
1785948259245967834,0.13731299340724945
1785948259265528289,0.13731299340724945
1785948259294141974,0.1379700005054474
1785948259305842931,0.13928399980068207
1785948259330332044,0.13928399980068207
1785948259345591635,0.13928399980068207
1785948259365108377,0.13928399980068207
1785948259385273394,0.13928399980068207
1785948259404872954,0.13862699270248413
1785948259425526209,0.13862699270248413
1785948259450331428,0.13862699270248413
1785948259465287554,0.13862699270248413
1785948259488924450,0.1379700005054474
1785948259506116771,0.13731299340724945
1785948259525824558,0.13534200191497803
1785948259545823810,0.13271400332450867
1785948259565532941,0.13074299693107605
1785948259587367288,0.12614400684833527
1785948259605372400,0.12154500186443329
1785948259635412336,0.11957400292158127
1785948259646298100,0.11628899723291397
1785948259665040418,0.11431799829006195
1785948259686538147,0.11366099864244461
1785948259705072299,0.11168999969959259
1785948259728800559,0.10971900075674057
1785948259745538369,0.10971900075674057
1785948259764877314,0.10840500146150589
1785948259785382373,0.10774800181388855
1785948259807619067,0.10709100216627121
1785948259825438894,0.10380599647760391
1785948259845434274,0.10052099823951721
1785948259864847429,0.09920699894428253
1785948259885320167,0.09723600000143051
1785948259905010705,0.09592200070619583
1785948259925417746,0.09592200070619583
1785948259946218397,0.09592200070619583
1785948259966164752,0.09526500105857849
1785948259986007455,0.09526500105857849
1785948260005252029,0.09526500105857849
1785948260025785313,0.09526500105857849
1785948260045793045,0.09526500105857849
1785948260065142741,0.09526500105857849
1785948260085512436,0.09526500105857849
1785948260105690286,0.09526500105857849
1785948260126560508,0.09526500105857849
1785948260145506672,0.09526500105857849
1785948260164765742,0.09526500105857849
1785948260185489496,0.09526500105857849
1785948260204974076,0.09460800141096115
1785948260229858850,0.09395100176334381
1785948260245523573,0.09329400211572647
1785948260264923607,0.09198000282049179
1785948260285385112,0.09132300317287445
1785948260307553997,0.08935199677944183
1785948260330293587,0.08540999889373779
1785948260345544441,0.08343899995088577
1785948260365781076,0.07752600312232971
1785948260386057904,0.07161299884319305
1785948260404989061,0.06832800060510635
1785948260425591051,0.062415000051259995
1785948260445360248,0.057158999145030975
1785948260465244424,0.055844999849796295
1785948260485595111,0.051245998591184616
1785948260506997860,0.045990001410245895
1785948260525595823,0.04336199909448624
1785948260545382108,0.03810599818825722
1785948260564880417,0.0328500010073185
1785948260585822897,0.030879000201821327
1785948260605624735,0.026937000453472137
1785948260627952633,0.024309000000357628
1785948260645736427,0.023652000352740288
1785948260665589050,0.023652000352740288
1785948260686038588,0.02233799919486046
1785948260706667299,0.02233799919486046
1785948260727313386,0.02168099954724312
1785948260745619787,0.02168099954724312
1785948260765263669,0.02168099954724312
1785948260785636948,0.02168099954724312
1785948260805214587,0.02168099954724312
1785948260825544953,0.02168099954724312
1785948260845496844,0.021023999899625778
1785948260864861869,0.020367000252008438
1785948260885470963,0.019710000604391098
1785948260905119964,0.01642500050365925
1785948260925699522,0.01116899959743023
1785948260945486895,0.007884000428020954
1785948260965178746,0.0032850001007318497
1785948260985390164,0.0006569999968633056
1785948261007428837,0.0
1785948261027427481,-0.0026279999874532223
1785948261045709306,-0.007884000428020954
1785948261065104380,-0.01116899959743023
1785948261085593374,-0.01905299909412861
1785948261105218087,-0.028907999396324158
1785948261125382944,-0.03350700065493584
1785948261145499576,-0.042704999446868896
1785948261165035102,-0.051245998591184616
1785948261185726054,-0.055844999849796295
1785948261205836894,-0.06701400130987167
1785948261228080980,-0.07818300276994705
1785948261247117964,-0.08343899995088577
1785948261265458062,-0.09395100176334381
1785948261285650024,-0.10446300357580185
1785948261305124108,-0.10906200110912323
1785948261328814510,-0.12023100256919861
1785948261345467807,-0.13074299693107605
1785948261365924032,-0.13599899411201477
1785948261385592298,-0.1445399969816208
1785948261405586590,-0.15176700055599213
1785948261425323210,-0.15505200624465942
1785948261445984434,-0.1596509963274002
1785948261464827331,-0.16227899491786957
1785948261485893303,-0.1629360020160675
1785948261505570978,-0.16359299421310425
1785948261527545936,-0.16359299421310425
1785948261547060342,-0.16359299421310425
1785948261565472859,-0.16425000131130219
1785948261585576466,-0.16490699350833893
1785948261606098485,-0.16490699350833893
1785948261625603642,-0.16490699350833893
1785948261645484523,-0.16425000131130219
1785948261666184820,-0.16425000131130219
1785948261685897855,-0.16359299421310425
1785948261705906899,-0.1609649956226349
1785948261726273554,-0.15899400413036346
1785948261745460942,-0.15570899844169617
1785948261765861134,-0.1530809998512268
1785948261785347315,-0.15242399275302887
1785948261805183746,-0.15045300126075745
1785948261829423444,-0.15045300126075745
1785948261852012277,-0.15045300126075745
1785948261865038073,-0.15045300126075745
1785948261885278965,-0.15045300126075745
1785948261910549638,-0.15045300126075745
1785948261930303954,-0.1497959941625595
1785948261954592486,-0.14782500267028809
1785948261965008733,-0.14585399627685547
1785948261985502367,-0.13994100689888
1785948262005041670,-0.13205699622631073
1785948262025870482,-0.126800999045372
1785948262046344756,-0.11497499793767929
1785948262067920631,-0.10117799788713455
1785948262085251132,-0.09395100176334381
1785948262105085227,-0.07686900347471237
1785948262125530572,-0.058472998440265656
1785948262145257304,-0.049931999295949936
1785948262165057318,-0.03416400030255318
1785948262198326053,-0.020367000252008438
1785948262207272016,-0.014453999698162079
1785948262231676903,-0.003942000214010477
1785948262249266835,0.003942000214010477
1785948262265619355,0.007226999849081039
1785948262285649936,0.012482999823987484
1785948262305521632,0.015768000856041908
1785948262325447826,0.01708200015127659
1785948262345616203,0.01773899979889393
1785948262365361943,0.015768000856041908
1785948262385472878,0.014453999698162079
1785948262405218427,0.009855000302195549
1785948262425337970,0.0026279999874532223
1785948262445488363,-0.0006569999968633056
1785948262464914158,-0.009855000302195549
1785948262485589142,-0.02233799919486046
1785948262504983352,-0.029565000906586647
1785948262526489240,-0.04336199909448624
1785948262545181830,-0.055188000202178955
1785948262565653128,-0.061101000756025314
1785948262585841377,-0.07095599919557571
1785948262606690702,-0.07949700206518173
1785948262625371067,-0.08343899995088577
1785948262648617104,-0.09132300317287445
1785948262664846707,-0.09789299964904785
1785948262685259156,-0.10117799788713455
1785948262704986336,-0.10643400251865387
1785948262725293565,-0.10971900075674057
1785948262745594586,-0.11103300005197525
1785948262764810198,-0.11168999969959259
1785948262785723174,-0.11234699934720993
1785948262805422481,-0.11234699934720993
1785948262830052751,-0.10906200110912323
1785948262845737154,-0.10380599647760391
1785948262865535568,-0.10052099823951721
1785948262889254323,-0.09460800141096115
1785948262905054602,-0.09000899642705917
1785948262933267026,-0.08803799748420715
1785948262946217140,-0.08606699854135513
1785948262964918273,-0.08672399818897247
1785948262988521153,-0.08738099783658981
1785948263005963113,-0.09132300317287445
1785948263033141939,-0.09789299964904785
1785948263046817482,-0.10183499753475189
1785948263065126156,-0.11037600040435791
1785948263085277412,-0.11760299652814865
1785948263106047087,-0.12023100256919861
1785948263129139039,-0.12483000010251999
1785948263145520455,-0.12614400684833527
1785948263165037549,-0.12614400684833527
1785948263186374985,-0.12483000010251999
1785948263205087446,-0.12023100256919861
1785948263225231759,-0.11826000362634659
1785948263245297925,-0.11431799829006195
1785948263265486654,-0.11168999969959259
1785948263285553556,-0.11037600040435791
1785948263306437827,-0.10774800181388855
1785948263326221296,-0.10577700287103653
1785948263345629075,-0.10380599647760391
1785948263366096276,-0.10052099823951721
1785948263387225386,-0.09526500105857849
1785948263405127456,-0.09198000282049179
1785948263430258028,-0.08409599959850311
1785948263445394479,-0.07424099743366241
1785948263466294558,-0.0689850002527237
1785948263488242316,-0.056501999497413635
1785948263506228388,-0.04467599838972092
1785948263525271260,-0.039420001208782196
1785948263545220782,-0.028907999396324158
1785948263564923897,-0.020367000252008438
1785948263585400092,-0.01642500050365925
1785948263607146500,-0.010511999949812889
1785948263625862289,-0.005913000088185072
1785948263647014824,-0.003942000214010477
1785948263665214502,-0.0019710001070052385
1785948263685426720,-0.0013139999937266111
1785948263705175629,-0.0013139999937266111
1785948263727426244,0.0
1785948263746479100,0.0
1785948263765173321,0.0
1785948263785708781,0.0
1785948263807212814,0.0
1785948263825762998,0.0006569999968633056
1785948263848197875,0.003942000214010477
1785948263865368211,0.007226999849081039
1785948263885738802,0.008541000075638294
1785948263905078738,0.010511999949812889
1785948263933026835,0.011826000176370144
1785948263945364994,0.011826000176370144
1785948263964906697,0.012482999823987484
1785948263985380715,0.013140000402927399
1785948264005418560,0.013140000402927399
1785948264025608890,0.013140000402927399
1785948264045874966,0.013140000402927399
1785948264065164468,0.013797000050544739
1785948264085451953,0.013797000050544739
1785948264106032502,0.013797000050544739
1785948264125720545,0.013797000050544739
1785948264152344794,0.013140000402927399
1785948264166377340,0.013797000050544739
1785948264185417748,0.013797000050544739
1785948264204930105,0.013797000050544739
1785948264225603137,0.013797000050544739
1785948264245462737,0.013797000050544739
1785948264265005496,0.013797000050544739
1785948264285464889,0.013797000050544739
1785948264305112451,0.013797000050544739
1785948264336892854,0.014453999698162079
1785948264345183693,0.014453999698162079
1785948264365142208,0.014453999698162079
1785948264385424540,0.014453999698162079
1785948264417656444,0.014453999698162079
1785948264428853738,0.014453999698162079
1785948264445863237,0.013797000050544739
1785948264468679693,0.013797000050544739
1785948264486637508,0.013797000050544739
1785948264505343538,0.013797000050544739
1785948264525448521,0.014453999698162079
1785948264547383990,0.014453999698162079
1785948264564879232,0.013797000050544739
1785948264585953268,0.013797000050544739
1785948264604953962,0.013797000050544739
1785948264625407531,0.014453999698162079
1785948264648120752,0.013797000050544739
1785948264664835906,0.013797000050544739
1785948264685316197,0.013797000050544739
1785948264706074063,0.013797000050544739
1785948264726703414,0.013797000050544739
1785948264749104561,0.014453999698162079
1785948264765225842,0.014453999698162079
1785948264785703284,0.014453999698162079
1785948264805028948,0.014453999698162079
1785948264825314129,0.013797000050544739
1785948264852073806,0.013797000050544739
1785948264865451165,0.013797000050544739
1785948264886165574,0.013797000050544739
1785948264907043668,0.013797000050544739
1785948264926557658,0.013797000050544739
1785948264946083519,0.014453999698162079
1785948264965362622,0.014453999698162079
1785948264985389107,0.013797000050544739
1785948265005959672,0.013797000050544739
1785948265028856930,0.013797000050544739
1785948265046753175,0.013797000050544739
1785948265065983892,0.013797000050544739
1785948265085842564,0.013797000050544739
1785948265106166754,0.013797000050544739
1785948265130794688,0.014453999698162079
1785948265150858966,0.014453999698162079
1785948265170823817,0.014453999698162079
1785948265185817735,0.013797000050544739
1785948265205446128,0.014453999698162079
1785948265225632106,0.013797000050544739
1785948265246415349,0.014453999698162079
1785948265266365992,0.013797000050544739
1785948265291654233,0.013797000050544739
1785948265310333222,0.013797000050544739
1785948265336957311,0.013797000050544739
1785948265347088845,0.013797000050544739
1785948265364998435,0.013797000050544739
1785948265385625066,0.013797000050544739
1785948265408636247,0.013797000050544739
1785948265425553327,0.013797000050544739
1785948265445579716,0.013797000050544739
1785948265465062601,0.013797000050544739
1785948265486070139,0.013797000050544739
1785948265505248054,0.013797000050544739
1785948265526418349,0.014453999698162079
1785948265546010645,0.013797000050544739
1785948265566574010,0.013797000050544739
1785948265594902950,0.014453999698162079
1785948265605100694,0.013797000050544739
1785948265625576856,0.013797000050544739
1785948265645718320,0.013797000050544739
1785948265664893260,0.013797000050544739
1785948265685621653,0.013797000050544739
1785948265705134459,0.013797000050544739
1785948265725425047,0.013797000050544739
1785948265747322020,0.013797000050544739
1785948265765265723,0.013797000050544739
1785948265786680121,0.013797000050544739
1785948265809228505,0.013797000050544739
1785948265826406329,0.013797000050544739
1785948265845897245,0.013797000050544739
1785948265865566344,0.013797000050544739
1785948265888665688,0.013797000050544739
1785948265906004125,0.013797000050544739
1785948265933442094,0.013797000050544739
1785948265945592728,0.013797000050544739
1785948265965485001,0.013797000050544739
1785948265994441544,0.013797000050544739
1785948266005450768,0.013797000050544739
1785948266033327055,0.013797000050544739
1785948266046442102,0.013797000050544739
1785948266066116864,0.013797000050544739
1785948266090631642,0.013797000050544739
1785948266106747835,0.013797000050544739
1785948266134641530,0.014453999698162079
1785948266145291191,0.014453999698162079
1785948266165174632,0.014453999698162079
1785948266185261342,0.014453999698162079
1785948266205649150,0.01642500050365925
1785948266225333224,0.01839599944651127
1785948266245392382,0.022995000705122948
1785948266265108906,0.030222000554203987
1785948266286014393,0.03482099995017052
1785948266305187156,0.045333001762628555
1785948266338839935,0.057815998792648315
1785948266345738221,0.06504300236701965
1785948266365059532,0.08146800100803375
1785948266385704307,0.10052099823951721
1785948266406657732,0.11168999969959259
1785948266426384528,0.13534200191497803
1785948266445356229,0.16227899491786957
1785948266465038000,0.17673300206661224
1785948266485618485,0.20695500075817108
1785948266505172988,0.2352059930562973
1785948266528143304,0.24900299310684204
1785948266545370633,0.27396899461746216
1785948266566283097,0.2976210117340088
1785948266585405330,0.30813300609588623
1785948266608674760,0.3271859884262085
1785948266625466780,0.34426799416542053
1785948266646890619,0.35149499773979187
1785948266668425148,0.36397799849510193
1785948266689772313,0.3738330006599426
1785948266705408331,0.37711799144744873
1785948266726351323,0.38237398862838745
1785948266745825887,0.3836880028247833
1785948266765172159,0.3836880028247833
1785948266785741220,0.3817169964313507
1785948266805103589,0.37580400705337524
1785948266826588070,0.37186199426651
1785948266845545019,0.36134999990463257
1785948266864967741,0.34821000695228577
1785948266888745858,0.3403260111808777
1785948266906663352,0.32324400544166565
1785948266925957559,0.3028770089149475
1785948266945503005,0.29170799255371094
1785948266965107077,0.26739901304244995
1785948266985390882,0.2417760044336319
1785948267006079562,0.22797900438308716
1785948267026893911,0.199071004986763
1785948267046459774,0.16819199919700623
1785948267069158018,0.1543949991464615
1785948267086421573,0.1281149983406067
1785948267106370903,0.10577700287103653
1785948267128436169,0.09526500105857849
1785948267145614665,0.07686900347471237
1785948267165044972,0.061101000756025314
1785948267185425835,0.053874000906944275
1785948267204958417,0.042047999799251556
1785948267226381327,0.03219300135970116
1785948267248235419,0.028250999748706818
1785948267268455733,0.02168099954724312
1785948267285645013,0.01773899979889393
1785948267305767597,0.01642500050365925
1785948267326487958,0.015111000277101994
1785948267345746132,0.015768000856041908
1785948267365128982,0.01642500050365925
1785948267386465394,0.020367000252008438
1785948267404973465,0.026937000453472137
1785948267429261709,0.030879000201821327
1785948267445308075,0.040077000856399536
1785948267465609256,0.051902998238801956
1785948267485776897,0.058472998440265656
1785948267505830167,0.07424099743366241
1785948267527302487,0.09263700246810913
1785948267545345264,0.10249199718236923
1785948267564916760,0.12483000010251999
1785948267585324856,0.15045300126075745
1785948267605155591,0.16425000131130219
1785948267625768205,0.19512900710105896
1785948267647121865,0.22666500508785248
1785948267665061536,0.2417760044336319
1785948267685268634,0.27068400382995605
1785948267705023271,0.29696398973464966
1785948267725541194,0.31010401248931885
1785948267750765082,0.33309900760650635
1785948267765002530,0.35412299633026123
1785948267786397312,0.3633210062980652
1785948267808364142,0.3797459900379181
1785948267826321829,0.393543004989624
1785948267845415422,0.3994559943675995
1785948267865226637,0.40865400433540344
1785948267885870036,0.4145669937133789
1785948267905218772,0.4165380001068115
1785948267926133732,0.41850900650024414
1785948267945308927,0.4178520143032074
1785948267965076236,0.41719499230384827
1785948267985417098,0.41193899512290955
1785948268006761190,0.40405499935150146
1785948268025504917,0.39879900217056274
1785948268045569515,0.38565900921821594
1785948268067512153,0.3705480098724365
1785948268085488656,0.3620069921016693
1785948268105268862,0.34163999557495117
1785948268126114699,0.31864500045776367
1785948268145892600,0.3061619997024536
1785948268165699975,0.28053900599479675
1785948268186286284,0.25228801369667053
1785948268207267901,0.23717699944972992
1785948268225300599,0.20629799365997314
1785948268250748269,0.17344799637794495
1785948268264921427,0.1563660055398941
1785948268285771777,0.12220200151205063
1785948268305355976,0.08672399818897247
1785948268336292994,0.0689850002527237
1785948268348374474,0.03350700065493584
1785948268364879350,0.0006569999968633056
1785948268386817604,-0.015111000277101994
1785948268405470512,-0.048618000000715256
1785948268425987155,-0.08146800100803375
1785948268446207534,-0.09723600000143051
1785948268465974651,-0.12877200543880463
1785948268486100114,-0.15899400413036346
1785948268506258539,-0.17344799637794495
1785948268526324161,-0.20104199647903442
1785948268545948266,-0.22732199728488922
1785948268565099269,-0.23914800584316254
1785948268585705931,-0.26214298605918884
1785948268605548218,-0.28251001238822937
1785948268625601872,-0.29236501455307007
1785948268646286776,-0.308789998292923
1785948268665513525,-0.3225870132446289
1785948268685522473,-0.32850000262260437
1785948268704999214,-0.33835500478744507
1785948268725389901,-0.3455820083618164
1785948268745766732,-0.347553014755249
1785948268764927399,-0.3501810133457184
1785948268786588429,-0.3501810133457184
1785948268805799817,-0.3501810133457184
1785948268825671450,-0.3501810133457184
1785948268845472456,-0.3501810133457184
1785948268865091696,-0.3508380055427551
1785948268885448559,-0.35149499773979187
1785948268905659273,-0.35149499773979187
1785948268933913811,-0.35149499773979187
1785948268945285606,-0.3508380055427551
1785948268965575203,-0.3508380055427551
1785948268985278094,-0.35149499773979187
1785948269006512710,-0.3508380055427551
1785948269025314519,-0.3508380055427551
1785948269055720481,-0.35149499773979187
1785948269064903955,-0.35149499773979187
1785948269085644573,-0.3521519899368286
1785948269105244069,-0.3521519899368286
1785948269126952044,-0.3521519899368286
1785948269146536179,-0.3521519899368286
1785948269165089244,-0.3521519899368286
1785948269185493788,-0.3521519899368286
1785948269206354826,-0.3521519899368286
1785948269229410169,-0.35149499773979187
1785948269246374194,-0.35149499773979187
1785948269265016478,-0.35149499773979187
1785948269285440446,-0.35149499773979187
1785948269305337967,-0.35149499773979187
1785948269325670253,-0.35149499773979187
1785948269346325365,-0.3508380055427551
1785948269364959744,-0.3508380055427551
1785948269389720514,-0.3508380055427551
1785948269406165164,-0.3508380055427551
1785948269425437994,-0.35149499773979187
1785948269445763816,-0.35149499773979187
1785948269465343887,-0.35149499773979187
1785948269486250142,-0.35149499773979187
1785948269505577854,-0.35149499773979187
1785948269537471093,-0.35149499773979187
1785948269546316156,-0.35149499773979187
1785948269565218736,-0.35149499773979187
1785948269587499144,-0.35149499773979187
1785948269605343611,-0.35149499773979187
1785948269626502226,-0.35149499773979187
1785948269649075251,-0.35149499773979187
1785948269665583519,-0.3521519899368286
1785948269686167492,-0.3521519899368286
1785948269706284155,-0.3521519899368286
1785948269726593049,-0.3521519899368286
1785948269745467819,-0.3521519899368286
1785948269765838730,-0.3521519899368286
1785948269789378696,-0.3521519899368286
1785948269806323073,-0.3521519899368286
1785948269826276915,-0.3521519899368286
1785948269846077889,-0.3521519899368286
1785948269865232508,-0.3521519899368286
1785948269885611163,-0.3521519899368286
1785948269906625101,-0.3521519899368286
1785948269925965710,-0.3521519899368286
1785948269945802205,-0.3521519899368286
1785948269965190175,-0.3521519899368286
1785948269985368568,-0.3521519899368286
1785948270007241444,-0.3521519899368286
1785948270026992464,-0.35149499773979187
1785948270045979750,-0.3508380055427551
1785948270065641328,-0.3508380055427551
1785948270085851722,-0.35149499773979187
1785948270105283501,-0.35149499773979187
1785948270127180538,-0.35149499773979187
1785948270145360408,-0.35149499773979187
1785948270165145029,-0.35149499773979187
1785948270185742283,-0.35149499773979187
1785948270206711004,-0.35149499773979187
1785948270225464459,-0.35149499773979187
1785948270247175954,-0.3508380055427551
1785948270265132617,-0.35149499773979187
1785948270285410565,-0.35149499773979187
1785948270306007243,-0.3508380055427551
1785948270325379692,-0.3508380055427551
1785948270345257501,-0.3508380055427551
1785948270365566906,-0.3508380055427551
1785948270385537005,-0.3501810133457184
1785948270405175926,-0.3501810133457184
1785948270425411633,-0.3501810133457184
1785948270446315776,-0.3501810133457184
1785948270465127505,-0.3501810133457184
1785948270485424397,-0.3501810133457184
1785948270505238332,-0.3501810133457184
1785948270525735615,-0.3501810133457184
1785948270546069053,-0.3501810133457184
1785948270565053266,-0.35149499773979187
1785948270585747131,-0.35149499773979187
1785948270605806449,-0.35149499773979187
1785948270625751171,-0.35149499773979187
1785948270645716182,-0.3521519899368286
1785948270665074839,-0.3521519899368286
1785948270685387860,-0.3521519899368286
1785948270706278211,-0.3521519899368286
1785948270725430302,-0.3521519899368286
1785948270745432626,-0.3521519899368286
1785948270765777040,-0.3521519899368286
1785948270785589246,-0.35149499773979187
1785948270805140133,-0.3508380055427551
1785948270830527993,-0.35149499773979187
1785948270845853506,-0.35149499773979187
1785948270865508524,-0.35149499773979187
1785948270886007567,-0.35149499773979187
1785948270905171274,-0.35149499773979187
1785948270925521384,-0.3508380055427551
1785948270945512444,-0.3508380055427551
1785948270965181350,-0.3508380055427551
1785948270985772364,-0.3508380055427551
1785948271005439638,-0.3508380055427551
1785948271027625931,-0.3508380055427551
1785948271045494527,-0.3508380055427551
1785948271065427281,-0.35149499773979187
1785948271085627595,-0.35149499773979187
1785948271105538909,-0.3508380055427551
1785948271126455084,-0.35149499773979187
1785948271148746596,-0.35149499773979187
1785948271166760701,-0.35149499773979187
1785948271186892565,-0.3508380055427551
1785948271205258328,-0.3508380055427551
1785948271225532532,-0.3508380055427551
1785948271245422789,-0.3508380055427551
1785948271265433785,-0.3508380055427551
1785948271285854554,-0.3501810133457184
1785948271305112440,-0.3501810133457184
1785948271325918692,-0.3501810133457184
1785948271345479211,-0.35149499773979187
1785948271365072275,-0.3501810133457184
1785948271385623991,-0.3488669991493225
1785948271405066170,-0.34295400977134705
1785948271426348309,-0.33441299200057983
1785948271453962475,-0.32850000262260437
1785948271464855472,-0.31536000967025757
1785948271485518328,-0.299591988325119
1785948271505175554,-0.2910510003566742
1785948271527391960,-0.27068400382995605
1785948271545892159,-0.2483460009098053
1785948271565663020,-0.23652000725269318
1785948271585747459,-0.21089699864387512
1785948271605701141,-0.18330299854278564
1785948271626922638,-0.16884900629520416
1785948271645555097,-0.13928399980068207
1785948271666851091,-0.10774800181388855
1785948271687421016,-0.09198000282049179
1785948271705224011,-0.059130001813173294
1785948271726569831,-0.026937000453472137
1785948271745461882,-0.01116899959743023
1785948271765352011,0.01905299909412861
1785948271785446210,0.052560001611709595
1785948271805252944,0.06964199990034103
1785948271825611918,0.10314899682998657
1785948271846001102,0.13731299340724945
1785948271865184618,0.15373800694942474
1785948271885613867,0.185930997133255
1785948271907519095,0.21746699512004852
1785948271925999486,0.23257799446582794
1785948271946588292,0.26214298605918884
1785948271964991336,0.2890799939632416
1785948271985377927,0.3022199869155884
1785948272005239415,0.325872004032135
1785948272025538772,0.347553014755249
1785948272048571395,0.3567509949207306
1785948272065441753,0.37448999285697937
1785948272086456908,0.38894400000572205
1785948272105129944,0.39551401138305664
1785948272125702525,0.4060260057449341
1785948272145538092,0.4132530093193054
1785948272165463486,0.41522398591041565
1785948272186032387,0.41850900650024414
1785948272205384420,0.41850900650024414
1785948272233267906,0.41850900650024414
1785948272245929532,0.41850900650024414
1785948272266960751,0.4158810079097748
1785948272287104103,0.4132530093193054
1785948272309699944,0.4060260057449341
1785948272327014732,0.3948569893836975
1785948272345655576,0.3882870078086853
1785948272366050071,0.3731760084629059
1785948272385398424,0.3554370105266571
1785948272406696211,0.3455820083618164
1785948272426101173,0.3225870132446289
1785948272445900419,0.2976210117340088
1785948272465715601,0.2844809889793396
1785948272488053099,0.2568869888782501
1785948272505837885,0.22732199728488922
1785948272525433797,0.21155400574207306
1785948272547992837,0.18330299854278564
1785948272565136164,0.15833699703216553
1785948272585576837,0.1465110033750534
1785948272605540760,0.12614400684833527
1785948272626206624,0.10840500146150589
1785948272645741286,0.10052099823951721
1785948272675895753,0.08672399818897247
1785948272685549192,0.0755549967288971
1785948272706725759,0.07095599919557571
1785948272725761463,0.06307200342416763
1785948272745745994,0.057815998792648315
1785948272766693146,0.055844999849796295
1785948272785664624,0.053874000906944275
1785948272811260330,0.053874000906944275
1785948272826071908,0.054531000554561615
1785948272846606696,0.057815998792648315
1785948272865569949,0.06372900307178497
1785948272887990137,0.06767100095748901
1785948272914654996,0.07686900347471237
1785948272927102022,0.08803799748420715
1785948272947843153,0.09526500105857849
1785948272966234197,0.11103300005197525
1785948272990692205,0.12877200543880463
1785948273005780719,0.13928399980068207
1785948273026255217,0.16162200272083282
1785948273045584113,0.18724499642848969
1785948273065339582,0.20169900357723236
1785948273085312785,0.2319210022687912
1785948273105274084,0.2614859938621521
1785948273125578529,0.27528300881385803
1785948273145728697,0.30156299471855164
1785948273165144124,0.325872004032135
1785948273187116875,0.3370409905910492
1785948273205283656,0.35740798711776733
1785948273226445407,0.3751470148563385
1785948273249500686,0.38237398862838745
1785948273265386823,0.3961710035800934
1785948273285907115,0.4060260057449341
1785948273305990689,0.40996798872947693
1785948273325412868,0.4158810079097748
1785948273349032484,0.41850900650024414
1785948273365601746,0.41850900650024414
1785948273386417566,0.41850900650024414
1785948273410417577,0.41850900650024414
1785948273426473736,0.41850900650024414
1785948273445720805,0.41850900650024414
1785948273464880128,0.41850900650024414
1785948273486387649,0.41850900650024414
1785948273505179697,0.41850900650024414
1785948273526697362,0.41850900650024414
1785948273547330521,0.41850900650024414
1785948273564913285,0.41850900650024414
1785948273585855669,0.41850900650024414
1785948273605511199,0.41850900650024414
1785948273625841085,0.41850900650024414
1785948273646371776,0.41850900650024414
1785948273666699390,0.41850900650024414
1785948273685309225,0.41850900650024414
1785948273712918463,0.41850900650024414
1785948273728415437,0.41850900650024414
1785948273745524139,0.41850900650024414
1785948273765258295,0.41850900650024414
1785948273785854845,0.41850900650024414
1785948273805826512,0.41850900650024414
1785948273830452686,0.41850900650024414
1785948273845842841,0.41850900650024414
1785948273865027636,0.4165380001068115
1785948273885568760,0.4125959873199463
1785948273906311746,0.4093109965324402
1785948273933607888,0.40077000856399536
1785948273949268643,0.3882870078086853
1785948273967554884,0.38106000423431396
1785948273985715073,0.3652920126914978
1785948274005119299,0.3455820083618164
1785948274026323259,0.33507001399993896
1785948274045430484,0.31141799688339233
1785948274066835634,0.2857950031757355
1785948274085759142,0.27199798822402954
1785948274107004383,0.24309000372886658
1785948274126296958,0.21286800503730774
1785948274145518779,0.19709999859333038
1785948274165176261,0.16753500699996948
1785948274186599811,0.14125500619411469
1785948274206076167,0.12877200543880463
1785948274229055476,0.10709100216627121
1785948274245342809,0.08803799748420715
1785948274265482002,0.07949700206518173
1785948274287209913,0.06438600271940231
1785948274305067309,0.051902998238801956
1785948274325810135,0.045990001410245895
1785948274346076915,0.03679199889302254
1785948274365730589,0.030222000554203987
1785948274385720497,0.027594000101089478
1785948274405775270,0.023652000352740288
1785948274426276585,0.02233799919486046
1785948274445690252,0.02168099954724312
1785948274469431215,0.02168099954724312
1785948274485600689,0.02168099954724312
1785948274505730569,0.02168099954724312
1785948274525436596,0.02168099954724312
1785948274545689776,0.02168099954724312
1785948274564926989,0.02168099954724312
1785948274592053973,0.02168099954724312
1785948274606434466,0.02168099954724312
1785948274635346175,0.02168099954724312
1785948274645617137,0.02168099954724312
1785948274664990259,0.02168099954724312
1785948274685442676,0.02168099954724312
1785948274705082142,0.02168099954724312
1785948274726785668,0.02168099954724312
1785948274745610421,0.02168099954724312
1785948274765556680,0.02168099954724312
1785948274786250640,0.02168099954724312
1785948274806836886,0.02168099954724312
1785948274825502978,0.02168099954724312
1785948274845604313,0.02168099954724312
1785948274865419848,0.02168099954724312
1785948274885615105,0.02168099954724312
1785948274906464207,0.02168099954724312
1785948274926349567,0.02168099954724312
1785948274945836740,0.02168099954724312
1785948274965530831,0.02233799919486046
1785948274985848204,0.022995000705122948
1785948275006710682,0.026280000805854797
1785948275026874291,0.031536001712083817
1785948275045418107,0.03547799959778786
1785948275066152069,0.04401899874210358
1785948275085850736,0.054531000554561615
1785948275105500026,0.061101000756025314
1785948275125603281,0.07424099743366241
1785948275147611617,0.08606699854135513
1785948275165059337,0.09132300317287445
1785948275186427365,0.10052099823951721
1785948275206199987,0.10840500146150589
1785948275226182502,0.11168999969959259
1785948275245731181,0.11563199758529663
1785948275265126319,0.11760299652814865
1785948275285456364,0.11760299652814865
1785948275306266297,0.11694599688053131
1785948275326311502,0.11234699934720993
1785948275346798448,0.10971900075674057
1785948275368324658,0.10183499753475189
1785948275386215431,0.09263700246810913
1785948275405296992,0.08672399818897247
1785948275425421815,0.07358399778604507
1785948275445739413,0.059787001460790634
1785948275465017811,0.053217001259326935
1785948275485956419,0.042704999446868896
1785948275509019891,0.03482099995017052
1785948275526080559,0.031536001712083817
1785948275545948511,0.026280000805854797
1785948275565402787,0.022995000705122948
1785948275585854628,0.02233799919486046
1785948275605256934,0.02168099954724312
1785948275626836009,0.02168099954724312
1785948275646488563,0.02168099954724312
1785948275665894901,0.02168099954724312
1785948275686963913,0.02168099954724312
1785948275705514802,0.02168099954724312
1785948275726169722,0.02168099954724312
1785948275745559163,0.02168099954724312
1785948275767613197,0.02168099954724312
1785948275785600357,0.02168099954724312
1785948275806444274,0.02168099954724312
1785948275825383046,0.02168099954724312
1785948275845463996,0.02168099954724312
1785948275864884895,0.02168099954724312
1785948275885460996,0.02168099954724312
1785948275905192240,0.02168099954724312
1785948275925543983,0.02168099954724312
1785948275945521218,0.02168099954724312
1785948275965107338,0.02168099954724312
1785948275985359141,0.02168099954724312
1785948276005012591,0.02168099954724312
1785948276025513170,0.02168099954724312
1785948276048242743,0.02168099954724312
1785948276068084454,0.02168099954724312
1785948276088320385,0.02168099954724312
1785948276105153847,0.02168099954724312
1785948276128950812,0.02168099954724312
1785948276148810348,0.02168099954724312
1785948276164971054,0.02168099954724312
1785948276189002202,0.02168099954724312
1785948276205175036,0.02168099954724312
1785948276226326066,0.02168099954724312
1785948276245389866,0.02168099954724312
1785948276264911664,0.02168099954724312
1785948276285332400,0.02168099954724312
1785948276305173760,0.02168099954724312
1785948276330539475,0.02168099954724312
1785948276346043073,0.02168099954724312
1785948276365002230,0.02168099954724312
1785948276386915075,0.02168099954724312
1785948276404986334,0.02168099954724312
1785948276425398494,0.02168099954724312
1785948276445476789,0.022995000705122948
1785948276468038069,0.026937000453472137
1785948276485529278,0.029565000906586647
1785948276505703447,0.03679199889302254
1785948276526023861,0.045333001762628555
1785948276545792258,0.050588998943567276
1785948276565068032,0.06372900307178497
1785948276585566467,0.07884000241756439
1785948276605908481,0.08738099783658981
1785948276633414869,0.10643400251865387
1785948276647714015,0.12877200543880463
1785948276665165671,0.14059799909591675
1785948276685956883,0.16490699350833893
1785948276706361363,0.18724499642848969
1785948276733455386,0.19775700569152832
1785948276746365307,0.21681000292301178
1785948276766751482,0.23323500156402588
1785948276787626472,0.24111899733543396
1785948276805574431,0.25425899028778076
1785948276827135874,0.2647710144519806
1785948276845792622,0.26871299743652344
1785948276865119150,0.27528300881385803
1785948276885807702,0.27856799960136414
1785948276908994569,0.2792249917984009
1785948276928517071,0.27856799960136414
1785948276946106139,0.27528300881385803
1785948276965189876,0.27265501022338867
1785948276985319884,0.2647710144519806
1785948277005228957,0.25425899028778076
1785948277026640955,0.24768899381160736
1785948277046096575,0.23389199376106262
1785948277066569025,0.21615299582481384
1785948277085743644,0.20695500075817108
1785948277106164413,0.18658800423145294
1785948277125470908,0.16425000131130219
1785948277145688823,0.15176700055599213
1785948277164954453,0.126800999045372
1785948277185328724,0.10052099823951721
1785948277205179651,0.08606699854135513
1785948277225508897,0.057815998792648315
1785948277247046019,0.028250999748706818
1785948277265185664,0.013140000402927399
1785948277285553566,-0.01708200015127659
1785948277305023107,-0.049931999295949936
1785948277325739500,-0.06635700166225433
1785948277345655710,-0.09854999929666519
1785948277365414666,-0.1300860047340393
1785948277385630789,-0.14519700407981873
1785948277406620438,-0.17476199567317963
1785948277425398406,-0.2023559957742691
1785948277445356185,-0.2154960036277771
1785948277464965441,-0.24046200513839722
1785948277485341088,-0.2634570002555847
1785948277505614364,-0.27396899461746216
1785948277531380732,-0.2930220067501068
1785948277550844832,-0.3094469904899597
1785948277565848287,-0.31667399406433105
1785948277585493929,-0.3291569948196411
1785948277605716483,-0.33835500478744507
1785948277625616692,-0.3422969877719879
1785948277645541734,-0.347553014755249
1785948277665504377,-0.34952399134635925
1785948277685571215,-0.34952399134635925
1785948277705407646,-0.3488669991493225
1785948277725481236,-0.34952399134635925
1785948277745740976,-0.3488669991493225
1785948277768220974,-0.3488669991493225
1785948277787102336,-0.3488669991493225
1785948277806964400,-0.3488669991493225
1785948277825581531,-0.34952399134635925
1785948277845435243,-0.3488669991493225
1785948277865118933,-0.3488669991493225
1785948277885631417,-0.3488669991493225
1785948277905746256,-0.34821000695228577
1785948277926099503,-0.3488669991493225
1785948277945737816,-0.34952399134635925
1785948277965146234,-0.3488669991493225
1785948277985838211,-0.3488669991493225
1785948278005928537,-0.34623900055885315
1785948278026089106,-0.34098300337791443
1785948278045794077,-0.3370409905910492
1785948278065240673,-0.3271859884262085
1785948278086374455,-0.31470298767089844
1785948278105159206,-0.3074760138988495
1785948278125630088,-0.29039400815963745
1785948278146794847,-0.27068400382995605
1785948278165046047,-0.2601720094680786
1785948278185617636,-0.23717699944972992
1785948278205794557,-0.2122109979391098
1785948278225611820,-0.199071004986763
1785948278250132775,-0.17081999778747559
1785948278265467888,-0.14191199839115143
1785948278285681386,-0.1281149983406067
1785948278307367632,-0.10314899682998657
1785948278326940983,-0.08081100136041641
1785948278345723655,-0.07095599919557571
1785948278365140298,-0.051902998238801956
1785948278385628428,-0.03547799959778786
1785948278405533789,-0.028250999748706818
1785948278425424846,-0.015111000277101994
1785948278450329012,-0.004598999861627817
1785948278464986313,0.0
1785948278493272756,0.006570000201463699
1785948278505543650,0.012482999823987484
1785948278526241739,0.014453999698162079
1785948278546245759,0.01708200015127659
1785948278565211092,0.01839599944651127
1785948278585687926,0.01839599944651127
1785948278607226200,0.01839599944651127
1785948278625561242,0.01839599944651127
1785948278646255203,0.01839599944651127
1785948278665732423,0.01839599944651127
1785948278685640025,0.01773899979889393
1785948278713114123,0.01773899979889393
1785948278729682265,0.01839599944651127
1785948278746035776,0.01839599944651127
1785948278766146776,0.01839599944651127
1785948278786736893,0.01839599944651127
1785948278806717681,0.01839599944651127
1785948278828383702,0.01839599944651127
1785948278845527317,0.01839599944651127
1785948278870563007,0.01839599944651127
1785948278886567548,0.01773899979889393
1785948278905373388,0.01839599944651127
1785948278929146737,0.01839599944651127
1785948278945385141,0.01839599944651127
1785948278965088480,0.01839599944651127
1785948278985497888,0.01839599944651127
1785948279005216428,0.01773899979889393
1785948279025762096,0.01839599944651127
1785948279045759268,0.01839599944651127
1785948279065387309,0.01839599944651127
1785948279085642568,0.01773899979889393
1785948279105085100,0.01839599944651127
1785948279125569038,0.01839599944651127
1785948279145359132,0.01839599944651127
1785948279165804733,0.01839599944651127
1785948279185469895,0.01839599944651127
1785948279206260755,0.01839599944651127
1785948279225466319,0.01839599944651127
1785948279245563302,0.01839599944651127
1785948279265001609,0.01773899979889393
1785948279287565130,0.01839599944651127
1785948279305332603,0.01839599944651127
1785948279333180793,0.01839599944651127
1785948279347346719,0.01839599944651127
1785948279368308176,0.01839599944651127
1785948279388210817,0.01839599944651127
1785948279405149626,0.01839599944651127
1785948279438971689,0.01839599944651127
1785948279456542229,0.01839599944651127
1785948279466844456,0.01839599944651127
1785948279485611959,0.01839599944651127
1785948279505708046,0.01773899979889393
1785948279537295067,0.01839599944651127
1785948279546559568,0.01839599944651127
1785948279565083096,0.01839599944651127
1785948279585506648,0.01839599944651127
1785948279607675853,0.01839599944651127
1785948279629862402,0.01839599944651127
1785948279645517748,0.01839599944651127
1785948279665332451,0.01839599944651127
1785948279685657921,0.01773899979889393
1785948279706797399,0.01839599944651127
1785948279727874571,0.01839599944651127
1785948279749090243,0.01839599944651127
1785948279767238880,0.01839599944651127
1785948279788254418,0.01773899979889393
1785948279805713050,0.01773899979889393
1785948279830856231,0.01839599944651127
1785948279847118924,0.01839599944651127
1785948279865565106,0.01839599944651127
1785948279885891504,0.01773899979889393
1785948279910560815,0.01773899979889393
1785948279927644588,0.01839599944651127
1785948279945953901,0.01773899979889393
1785948279965653976,0.01773899979889393
1785948279985510472,0.01839599944651127
1785948280005166130,0.01839599944651127
1785948280025536401,0.01773899979889393
1785948280045571718,0.01839599944651127
1785948280065195919,0.01839599944651127
1785948280086093373,0.01839599944651127
1785948280104989713,0.01773899979889393
1785948280125977762,0.01839599944651127
1785948280145714254,0.01839599944651127
1785948280165016013,0.01773899979889393
1785948280185439758,0.01839599944651127
1785948280206373342,0.01839599944651127
1785948280226625977,0.01839599944651127
1785948280245934713,0.01839599944651127
1785948280265073971,0.01773899979889393
1785948280285352783,0.01773899979889393
1785948280305186782,0.01839599944651127
1785948280328833471,0.01839599944651127
1785948280345992286,0.01773899979889393
1785948280365563654,0.01773899979889393
1785948280386575864,0.01839599944651127
1785948280406008891,0.01839599944651127
1785948280425479551,0.01839599944651127
1785948280445501268,0.01839599944651127
1785948280465107260,0.01839599944651127
1785948280486388630,0.01773899979889393
1785948280505295433,0.01773899979889393
1785948280525431170,0.01773899979889393
1785948280545755999,0.01839599944651127
1785948280564998365,0.01839599944651127
1785948280585612707,0.01773899979889393
1785948280605164074,0.01839599944651127
1785948280625751951,0.01839599944651127
1785948280650447855,0.01839599944651127
1785948280665445166,0.01773899979889393
1785948280685825357,0.01773899979889393
1785948280708177447,0.01839599944651127
1785948280728931730,0.01839599944651127
1785948280745492447,0.01773899979889393
1785948280765922400,0.01773899979889393
1785948280785835025,0.01773899979889393
1785948280805633407,0.01773899979889393
1785948280831174425,0.01773899979889393
1785948280845602951,0.01839599944651127
1785948280865768479,0.01839599944651127
1785948280886266818,0.01839599944651127
1785948280905371900,0.01839599944651127
1785948280925435569,0.01839599944651127
1785948280945816305,0.01773899979889393
1785948280965008109,0.01839599944651127
1785948280985908092,0.01839599944651127
1785948281005167705,0.01839599944651127
1785948281034976882,0.01839599944651127
1785948281045807701,0.01839599944651127
1785948281066791110,0.01839599944651127
1785948281085921152,0.01839599944651127
1785948281107241339,0.01839599944651127
1785948281125749667,0.01839599944651127
1785948281145258696,0.01839599944651127
1785948281164920050,0.01839599944651127
1785948281185338034,0.01839599944651127
1785948281205191650,0.01839599944651127
1785948281227714369,0.01839599944651127
1785948281251149244,0.01839599944651127
1785948281265300801,0.01839599944651127
1785948281285471994,0.01839599944651127
1785948281306640177,0.01773899979889393
1785948281326539394,0.01839599944651127
1785948281350919513,0.01839599944651127
1785948281366308291,0.01839599944651127
1785948281385783688,0.01839599944651127
1785948281405860222,0.01839599944651127
1785948281426174267,0.01773899979889393
1785948281445505659,0.01839599944651127
1785948281465206022,0.01839599944651127
1785948281485633223,0.01773899979889393
1785948281505553721,0.01839599944651127
1785948281534073707,0.01839599944651127
1785948281545831913,0.01839599944651127
1785948281564831103,0.01839599944651127
1785948281585684877,0.01839599944651127
1785948281606958311,0.01839599944651127
1785948281631044724,0.01839599944651127
1785948281646264922,0.01839599944651127
1785948281669607121,0.01773899979889393
1785948281685892087,0.01839599944651127
1785948281705613858,0.01839599944651127
1785948281726714967,0.01773899979889393
1785948281746385729,0.01773899979889393
1785948281765972041,0.01773899979889393
1785948281785594738,0.01839599944651127
1785948281807841161,0.01839599944651127
1785948281828746808,0.01839599944651127
1785948281845433833,0.01773899979889393
1785948281866111409,0.01773899979889393
1785948281885392432,0.01773899979889393
1785948281905028793,0.01773899979889393
1785948281926968583,0.01839599944651127
1785948281945643091,0.01839599944651127
1785948281965836909,0.01839599944651127
1785948281985682332,0.01773899979889393
1785948282005359239,0.01839599944651127
1785948282026742532,0.01839599944651127
1785948282046026531,0.01708200015127659
1785948282068526081,0.01642500050365925
1785948282085845733,0.013797000050544739
1785948282105615506,0.008541000075638294
1785948282126053843,0.005913000088185072
1785948282145518775,0.0019710001070052385
1785948282164864664,-0.0026279999874532223
1785948282185437053,-0.006570000201463699
1785948282206333836,-0.015111000277101994
1785948282229885642,-0.026280000805854797
1785948282254167261,-0.0328500010073185
1785948282264904317,-0.045990001410245895
1785948282285633959,-0.059130001813173294
1785948282305229231,-0.06504300236701965
1785948282325783987,-0.07686900347471237
1785948282345467326,-0.08672399818897247
1785948282365427537,-0.09066600352525711
1785948282385500551,-0.09854999929666519
1785948282405434777,-0.10380599647760391
1785948282428543369,-0.10577700287103653
1785948282445445153,-0.10840500146150589
1785948282465089131,-0.10906200110912323
1785948282490434910,-0.10906200110912323
1785948282507460889,-0.10906200110912323
1785948282530464167,-0.10971900075674057
1785948282549672259,-0.11037600040435791
1785948282565813124,-0.11037600040435791
1785948282585689844,-0.11037600040435791
1785948282605285564,-0.11037600040435791
1785948282625660828,-0.11037600040435791
1785948282646347876,-0.11037600040435791
1785948282665251191,-0.11037600040435791
1785948282685855453,-0.11037600040435791
1785948282705143836,-0.11037600040435791
1785948282725675424,-0.11037600040435791
1785948282747301604,-0.11037600040435791
1785948282765186841,-0.11037600040435791
1785948282786019142,-0.11037600040435791
1785948282813392662,-0.11037600040435791
1785948282827212850,-0.11037600040435791
1785948282846337580,-0.11037600040435791
1785948282866895952,-0.10906200110912323
1785948282886926629,-0.10906200110912323
1785948282905237479,-0.10906200110912323
1785948282925485794,-0.10906200110912323
1785948282945550776,-0.10906200110912323
1785948282965277188,-0.10906200110912323
1785948282985675524,-0.10906200110912323
1785948283006274666,-0.10906200110912323
1785948283025580041,-0.10906200110912323
1785948283045371479,-0.10906200110912323
1785948283064961566,-0.10906200110912323
1785948283089702880,-0.10906200110912323
1785948283105079562,-0.10906200110912323
1785948283132434393,-0.10906200110912323
1785948283145332121,-0.10906200110912323
1785948283167965756,-0.10906200110912323
1785948283185537512,-0.10906200110912323
1785948283206344148,-0.10906200110912323
1785948283225838937,-0.10906200110912323
1785948283247031312,-0.10906200110912323
1785948283266920993,-0.10906200110912323
1785948283285574573,-0.10906200110912323
1785948283305736357,-0.10906200110912323
1785948283327682835,-0.10906200110912323
1785948283345885330,-0.10906200110912323
1785948283365103791,-0.10906200110912323
1785948283385692596,-0.10906200110912323
1785948283405363390,-0.10906200110912323
1785948283427805595,-0.10906200110912323
1785948283445466729,-0.10906200110912323
1785948283464968431,-0.10906200110912323
1785948283485603957,-0.10906200110912323
1785948283505122779,-0.10906200110912323
1785948283525742882,-0.10906200110912323
1785948283546586479,-0.10906200110912323
1785948283565138264,-0.10906200110912323
1785948283585524919,-0.10906200110912323
1785948283605061341,-0.10906200110912323
1785948283625455965,-0.10906200110912323
1785948283647056225,-0.10906200110912323
1785948283665037881,-0.10906200110912323
1785948283685958248,-0.10906200110912323
1785948283705376811,-0.10906200110912323
1785948283726074003,-0.10906200110912323
1785948283745412724,-0.10906200110912323
1785948283765232354,-0.10906200110912323
1785948283785504254,-0.10906200110912323
1785948283805348526,-0.10906200110912323
1785948283826112280,-0.10906200110912323
1785948283846426358,-0.10906200110912323
1785948283865517967,-0.10906200110912323
1785948283886393053,-0.10906200110912323
1785948283907264779,-0.10906200110912323
1785948283925866645,-0.10906200110912323
1785948283945635778,-0.10906200110912323
1785948283965037028,-0.10906200110912323
1785948283985698252,-0.10906200110912323
1785948284005069581,-0.10906200110912323
1785948284025672723,-0.10906200110912323
1785948284046215511,-0.10906200110912323
1785948284065869281,-0.10906200110912323
1785948284086065691,-0.10906200110912323
1785948284105103602,-0.10906200110912323
1785948284125562516,-0.10906200110912323
1785948284145836912,-0.10906200110912323
1785948284165781186,-0.10906200110912323
1785948284185842456,-0.10709100216627121
1785948284205158808,-0.10446300357580185
1785948284226262573,-0.10249199718236923
1785948284245584237,-0.09723600000143051
1785948284270357391,-0.09132300317287445
1785948284286046850,-0.08803799748420715
1785948284306865519,-0.08081100136041641
1785948284325701504,-0.07292699813842773
1785948284345601969,-0.0689850002527237
1785948284365338077,-0.060444001108407974
1785948284385594649,-0.050588998943567276
1785948284405670639,-0.045990001410245895
1785948284427576540,-0.03482099995017052
1785948284448671888,-0.024309000000357628
1785948284465239038,-0.019710000604391098
1785948284485526555,-0.011826000176370144
1785948284506342119,-0.0052559999749064445
1785948284525422432,-0.0026279999874532223
1785948284545850400,0.0019710001070052385
1785948284566183006,0.006570000201463699
1785948284585676867,0.007884000428020954
1785948284605383246,0.010511999949812889
1785948284627028723,0.011826000176370144
1785948284645749569,0.012482999823987484
1785948284665444908,0.013140000402927399
1785948284685371166,0.013797000050544739
1785948284706749819,0.013797000050544739
1785948284726484999,0.013797000050544739
1785948284746219603,0.013797000050544739
1785948284765349293,0.013797000050544739
1785948284786323998,0.013797000050544739
1785948284805124783,0.013797000050544739
1785948284825518094,0.013140000402927399
1785948284846088595,0.009855000302195549
1785948284867759865,0.0052559999749064445
1785948284885363814,0.0026279999874532223
1785948284905459805,-0.0019710001070052385
1785948284925833756,-0.009197999723255634
1785948284945869681,-0.013797000050544739
1785948284965436408,-0.024965999647974968
1785948284985525839,-0.038763001561164856
1785948285006555521,-0.045333001762628555
1785948285025606713,-0.059130001813173294
1785948285045423559,-0.07161299884319305
1785948285065230454,-0.07752600312232971
1785948285085638838,-0.0886949971318245
1785948285105346337,-0.09986399859189987
1785948285130628755,-0.10512000322341919
1785948285145519662,-0.11431799829006195
1785948285165807659,-0.12285900115966797
1785948285185952739,-0.12614400684833527
1785948285206748399,-0.13205699622631073
1785948285225786662,-0.1366560012102127
1785948285245576884,-0.1379700005054474
1785948285264948245,-0.13994100689888
1785948285288469682,-0.14059799909591675
1785948285305338953,-0.14059799909591675
1785948285325824587,-0.14059799909591675
1785948285348249160,-0.14125500619411469
1785948285365502186,-0.14191199839115143
1785948285386020781,-0.14191199839115143
1785948285407526606,-0.14191199839115143
1785948285425662314,-0.14191199839115143
1785948285445683391,-0.14191199839115143
1785948285465113762,-0.14191199839115143
1785948285486144821,-0.14191199839115143
1785948285505972228,-0.14191199839115143
1785948285526585546,-0.14125500619411469
1785948285545825351,-0.14059799909591675
1785948285565824539,-0.13862699270248413
1785948285585932786,-0.13534200191497803
1785948285607698779,-0.13271400332450867
1785948285625701043,-0.12548699975013733
1785948285645579492,-0.11628899723291397
1785948285665148939,-0.11037600040435791
1785948285685589292,-0.09789299964904785
1785948285705473469,-0.08278200030326843
1785948285727756373,-0.07489799708127975
1785948285745761517,-0.057158999145030975
1785948285765248722,-0.041391000151634216
1785948285791561410,-0.03416400030255318
1785948285806469246,-0.02168099954724312
1785948285825658746,-0.010511999949812889
1785948285861297760,-0.005913000088185072
1785948285866618751,0.0013139999937266111
1785948285886096643,0.007226999849081039
1785948285908253143,0.009197999723255634
1785948285926139084,0.012482999823987484
1785948285950105591,0.013797000050544739
1785948285965443648,0.013797000050544739
1785948285986321966,0.014453999698162079
1785948286005699279,0.014453999698162079
1785948286027423607,0.014453999698162079
1785948286048446057,0.015111000277101994
1785948286069436315,0.015111000277101994
1785948286095211451,0.015111000277101994
1785948286107202144,0.015111000277101994
1785948286129654493,0.015111000277101994
1785948286146677208,0.015111000277101994
1785948286166168061,0.015111000277101994
1785948286185909065,0.015111000277101994
1785948286205876508,0.015111000277101994
1785948286226500547,0.015111000277101994
1785948286246690653,0.015111000277101994
1785948286265580688,0.015111000277101994
1785948286286797288,0.015111000277101994
1785948286305084137,0.015111000277101994
1785948286325599820,0.015111000277101994
1785948286357144568,0.014453999698162079
1785948286367475948,0.014453999698162079
1785948286388741062,0.014453999698162079
1785948286413664044,0.014453999698162079
1785948286426005084,0.014453999698162079
1785948286445931630,0.014453999698162079
1785948286468269416,0.014453999698162079
1785948286485531754,0.014453999698162079
1785948286506241427,0.014453999698162079
1785948286540553234,0.014453999698162079
1785948286548461149,0.014453999698162079
1785948286565069580,0.014453999698162079
1785948286585641169,0.014453999698162079
1785948286606620386,0.014453999698162079
1785948286634350461,0.014453999698162079
1785948286656773433,0.014453999698162079
1785948286666390424,0.014453999698162079
1785948286685863964,0.014453999698162079
1785948286705180059,0.014453999698162079
1785948286726403220,0.014453999698162079
1785948286745734580,0.014453999698162079
1785948286765026675,0.015111000277101994
1785948286785554935,0.015111000277101994
1785948286804998938,0.015111000277101994
1785948286833250692,0.015111000277101994
1785948286845477552,0.015111000277101994
1785948286865081080,0.015111000277101994
1785948286885498681,0.015111000277101994
1785948286905106721,0.015111000277101994
1785948286925551362,0.015111000277101994
1785948286946778843,0.015111000277101994
1785948286965134846,0.015111000277101994
1785948286987418998,0.015111000277101994
1785948287005518961,0.015111000277101994
1785948287025801422,0.015111000277101994
1785948287045261586,0.015111000277101994
1785948287066661359,0.015111000277101994
1785948287085666182,0.014453999698162079
1785948287105034695,0.014453999698162079
1785948287129526209,0.014453999698162079
1785948287146309749,0.014453999698162079
1785948287164904511,0.014453999698162079
1785948287186107223,0.014453999698162079
1785948287205546202,0.014453999698162079
1785948287226699569,0.014453999698162079
1785948287246430781,0.014453999698162079
1785948287265657017,0.015111000277101994
1785948287286288960,0.015111000277101994
1785948287305439003,0.014453999698162079
1785948287325345292,0.014453999698162079
1785948287345393186,0.014453999698162079
1785948287365082540,0.015111000277101994
1785948287386458601,0.015111000277101994
1785948287406749286,0.015111000277101994
1785948287429698258,0.015111000277101994
1785948287448702760,0.015111000277101994
1785948287465254517,0.015111000277101994
1785948287485622388,0.014453999698162079
1785948287506027796,0.014453999698162079
1785948287525679166,0.014453999698162079
1785948287545581647,0.014453999698162079
1785948287565354300,0.015111000277101994
1785948287585964130,0.015111000277101994
1785948287605170591,0.014453999698162079
1785948287625565631,0.014453999698162079
1785948287645881308,0.014453999698162079
1785948287665445923,0.014453999698162079
1785948287685896260,0.014453999698162079
1785948287705530542,0.014453999698162079
1785948287728814275,0.014453999698162079
1785948287745740028,0.014453999698162079
1785948287765233889,0.014453999698162079
1785948287785475292,0.014453999698162079
1785948287805111781,0.014453999698162079
1785948287835097571,0.014453999698162079
1785948287846363762,0.015111000277101994
1785948287865445707,0.015111000277101994
1785948287885806474,0.015111000277101994
1785948287905331055,0.015111000277101994
1785948287925554858,0.015111000277101994
1785948287945544990,0.015111000277101994
1785948287965157958,0.015111000277101994
1785948287986077174,0.015111000277101994
1785948288005328627,0.015111000277101994
1785948288025599599,0.015111000277101994
1785948288046412796,0.015111000277101994
1785948288065185387,0.015111000277101994
1785948288085549674,0.015111000277101994
1785948288106728865,0.015111000277101994
1785948288127215556,0.015111000277101994
1785948288145574215,0.015111000277101994
1785948288166055881,0.015111000277101994
1785948288185545294,0.015111000277101994
1785948288205148470,0.015111000277101994
1785948288233325822,0.015111000277101994
1785948288245615404,0.015111000277101994
1785948288265541086,0.015111000277101994
1785948288289692941,0.015111000277101994
1785948288305066231,0.015111000277101994
1785948288325475800,0.015111000277101994
1785948288349320286,0.015111000277101994
1785948288365216216,0.015111000277101994
1785948288387899260,0.015111000277101994
1785948288405180319,0.015111000277101994
1785948288427932709,0.015111000277101994
1785948288446136803,0.015111000277101994
1785948288466607365,0.015111000277101994
1785948288485776129,0.015111000277101994
1785948288506635598,0.015111000277101994
1785948288526925099,0.015111000277101994
1785948288545576183,0.015111000277101994
1785948288565016218,0.015111000277101994
1785948288585343416,0.015111000277101994
1785948288605202695,0.015111000277101994
1785948288625383649,0.015111000277101994
1785948288650613681,0.015111000277101994
1785948288665424106,0.015111000277101994
1785948288685721383,0.015111000277101994
1785948288705194923,0.015111000277101994
1785948288725461287,0.015111000277101994
1785948288745690754,0.015111000277101994
1785948288765200231,0.014453999698162079
1785948288785701290,0.014453999698162079
1785948288807776700,0.014453999698162079
1785948288828804303,0.014453999698162079
1785948288845755080,0.014453999698162079
1785948288865072999,0.014453999698162079
1785948288885825298,0.014453999698162079
1785948288908095209,0.014453999698162079
1785948288930446628,0.014453999698162079
1785948288946436096,0.014453999698162079
1785948288966687899,0.014453999698162079
1785948288985459467,0.014453999698162079
1785948289006509630,0.015111000277101994
1785948289030392422,0.015111000277101994
1785948289046161724,0.015111000277101994
1785948289070406062,0.015111000277101994
1785948289085663509,0.015111000277101994
1785948289111568441,0.015111000277101994
1785948289128203241,0.015111000277101994
1785948289145702418,0.015111000277101994
1785948289165038194,0.015111000277101994
1785948289186747033,0.015111000277101994
1785948289205510920,0.015111000277101994
1785948289226760834,0.015111000277101994
1785948289246995517,0.015111000277101994
1785948289265537541,0.015111000277101994
1785948289285782016,0.015111000277101994
1785948289306918550,0.015111000277101994
1785948289325530401,0.015111000277101994
1785948289347871995,0.015111000277101994
1785948289367739755,0.015111000277101994
1785948289385798053,0.015111000277101994
1785948289405512368,0.015111000277101994
1785948289425554438,0.015111000277101994
1785948289445493592,0.015111000277101994
1785948289465201795,0.015111000277101994
1785948289487391960,0.015111000277101994
1785948289506547923,0.015111000277101994
1785948289526701100,0.015111000277101994
1785948289547339347,0.015111000277101994
1785948289565505840,0.015111000277101994
1785948289585914608,0.015111000277101994
1785948289605339635,0.015111000277101994
1785948289626046748,0.015111000277101994
1785948289646768326,0.015111000277101994
1785948289665818397,0.015111000277101994
1785948289686093401,0.015111000277101994
1785948289705833286,0.015111000277101994
1785948289725798393,0.015111000277101994
1785948289746034004,0.015111000277101994
1785948289765274897,0.015111000277101994
1785948289787354211,0.015111000277101994
1785948289805306810,0.015111000277101994
1785948289826166440,0.015111000277101994
1785948289847177242,0.015111000277101994
1785948289865320566,0.015111000277101994
1785948289887852854,0.015111000277101994
1785948289907345371,0.015111000277101994
1785948289926608313,0.015111000277101994
1785948289946226625,0.015111000277101994
1785948289966861256,0.015111000277101994
1785948289985584022,0.015111000277101994
1785948290005097372,0.015111000277101994
1785948290031748054,0.015111000277101994
1785948290045343243,0.015111000277101994
1785948290065438594,0.015111000277101994
1785948290085597307,0.015111000277101994
1785948290105285669,0.015111000277101994
1785948290125606243,0.015111000277101994
1785948290146015939,0.015111000277101994
1785948290166093785,0.015111000277101994
1785948290186979304,0.015111000277101994
1785948290205862202,0.015111000277101994
1785948290225901008,0.015111000277101994
1785948290245807169,0.015111000277101994
1785948290265230340,0.015111000277101994
1785948290293859961,0.014453999698162079
1785948290305149833,0.014453999698162079
1785948290325513128,0.015111000277101994
1785948290346404022,0.015111000277101994
1785948290365345963,0.014453999698162079
1785948290385835758,0.015111000277101994
1785948290405468887,0.015111000277101994
1785948290426237857,0.015111000277101994
1785948290446534782,0.015111000277101994
1785948290465407793,0.015111000277101994
1785948290486940978,0.015111000277101994
1785948290505975978,0.015111000277101994
1785948290525997886,0.015111000277101994
1785948290547842537,0.015111000277101994
1785948290566173067,0.015111000277101994
1785948290591238902,0.015111000277101994
1785948290606943242,0.015111000277101994
1785948290626624981,0.015111000277101994
1785948290647019509,0.015111000277101994
1785948290666574811,0.015111000277101994
1785948290686092481,0.015111000277101994
1785948290705624487,0.015111000277101994
1785948290727134280,0.015111000277101994
1785948290746470792,0.015111000277101994
1785948290765497919,0.015111000277101994
1785948290785493427,0.015111000277101994
1785948290805127996,0.015111000277101994
1785948290826067884,0.015111000277101994
1785948290845551345,0.015111000277101994
1785948290865182682,0.015111000277101994
1785948290890438090,0.015111000277101994
1785948290905237795,0.015111000277101994
1785948290925764039,0.015111000277101994
1785948290946622357,0.015111000277101994
1785948290965275297,0.015111000277101994
1785948290985508476,0.015111000277101994
1785948291005079299,0.015111000277101994
1785948291028990475,0.015111000277101994
1785948291046094793,0.015111000277101994
1785948291066080413,0.015111000277101994
1785948291086039791,0.015111000277101994
1785948291107464558,0.015111000277101994
1785948291128058483,0.015111000277101994
1785948291145597886,0.015111000277101994
1785948291166401930,0.015111000277101994
1785948291185443906,0.015111000277101994
1785948291205717726,0.015111000277101994
1785948291227100507,0.015111000277101994
1785948291245984750,0.015111000277101994
1785948291265589430,0.015111000277101994
1785948291285646059,0.015111000277101994
1785948291306943974,0.015111000277101994
1785948291326243045,0.015111000277101994
1785948291345517284,0.015111000277101994
1785948291365381876,0.015111000277101994
1785948291385561517,0.015111000277101994
1785948291405384508,0.015111000277101994
1785948291432117400,0.015111000277101994
1785948291445872786,0.015111000277101994
1785948291465551261,0.015111000277101994
1785948291486712243,0.015111000277101994
1785948291508763940,0.015111000277101994
1785948291536665700,0.015111000277101994
1785948291545986906,0.015111000277101994
1785948291565887275,0.015111000277101994
1785948291587313769,0.014453999698162079
1785948291605589546,0.014453999698162079
1785948291626604796,0.014453999698162079
1785948291645691669,0.015111000277101994
1785948291665195066,0.015111000277101994
1785948291685407668,0.014453999698162079
1785948291706150078,0.015111000277101994
1785948291725646563,0.015111000277101994
1785948291745937888,0.015111000277101994
1785948291765175133,0.015111000277101994
1785948291785863142,0.015111000277101994
1785948291806169315,0.015111000277101994
1785948291826173591,0.015111000277101994
1785948291845994310,0.015111000277101994
1785948291865702289,0.015111000277101994
1785948291885654948,0.015111000277101994
1785948291905177833,0.015111000277101994
1785948291926330208,0.015111000277101994
1785948291946045387,0.015111000277101994
1785948291965840921,0.015111000277101994
1785948291986874284,0.015111000277101994
1785948292005465462,0.015111000277101994
1785948292025859510,0.015111000277101994
1785948292045747782,0.015111000277101994
1785948292065299277,0.015111000277101994
1785948292085511911,0.015111000277101994
1785948292105292917,0.015111000277101994
1785948292125424429,0.015111000277101994
1785948292145671048,0.015111000277101994
1785948292167426672,0.015111000277101994
1785948292186118397,0.015111000277101994
1785948292208482136,0.015111000277101994
1785948292225520947,0.015111000277101994
1785948292245363619,0.015111000277101994
1785948292264959787,0.015111000277101994
1785948292285801816,0.014453999698162079
1785948292305140504,0.015111000277101994
1785948292329365706,0.015111000277101994
1785948292345662192,0.014453999698162079
1785948292369442836,0.014453999698162079
1785948292385550964,0.014453999698162079
1785948292406958450,0.015111000277101994
1785948292427292528,0.014453999698162079
1785948292445895482,0.014453999698162079
1785948292466966670,0.014453999698162079
1785948292485876322,0.015111000277101994
1785948292507089818,0.015111000277101994
1785948292525633955,0.014453999698162079
1785948292545630391,0.014453999698162079
1785948292565339714,0.014453999698162079
1785948292585947240,0.014453999698162079
1785948292605441837,0.014453999698162079
1785948292629420823,0.014453999698162079
1785948292647044869,0.014453999698162079
1785948292665088414,0.014453999698162079
1785948292685587457,0.014453999698162079
1785948292705744378,0.014453999698162079
1785948292728362236,0.014453999698162079
1785948292756187161,0.014453999698162079
1785948292766878424,0.015111000277101994
1785948292786554722,0.015111000277101994
1785948292805369203,0.015111000277101994
1785948292825615086,0.015111000277101994
1785948292845620450,0.015111000277101994
1785948292865300461,0.015111000277101994
1785948292885633610,0.015111000277101994
1785948292907292176,0.015111000277101994
1785948292929162332,0.015111000277101994
1785948292947816903,0.015111000277101994
1785948292965200558,0.014453999698162079
1785948292985578861,0.014453999698162079
1785948293005598017,0.014453999698162079
1785948293026135621,0.014453999698162079
1785948293045640875,0.015111000277101994
1785948293068789468,0.015111000277101994
1785948293086280070,0.014453999698162079
1785948293107435580,0.014453999698162079
1785948293125967012,0.014453999698162079
1785948293146164382,0.014453999698162079
1785948293166012046,0.014453999698162079
1785948293187011327,0.014453999698162079
1785948293205741870,0.014453999698162079
1785948293229104870,0.015111000277101994
1785948293248631340,0.015111000277101994
1785948293267155124,0.014453999698162079
1785948293288793720,0.014453999698162079
1785948293305695152,0.014453999698162079
1785948293326154514,0.014453999698162079
1785948293348263813,0.014453999698162079
1785948293365653547,0.014453999698162079
1785948293388287245,0.014453999698162079
1785948293407444904,0.014453999698162079
1785948293430901539,0.014453999698162079
1785948293452237503,0.015111000277101994
1785948293470452318,0.014453999698162079
1785948293486645280,0.014453999698162079
1785948293506997983,0.015111000277101994
1785948293526705898,0.014453999698162079
1785948293546963078,0.014453999698162079
1785948293565650675,0.015111000277101994
1785948293585763402,0.015111000277101994
1785948293605255343,0.015111000277101994
1785948293626111100,0.015111000277101994
1785948293645768998,0.015111000277101994
1785948293665489394,0.014453999698162079
1785948293685352578,0.014453999698162079
1785948293705115983,0.015111000277101994
1785948293726567246,0.015111000277101994
1785948293746142613,0.015111000277101994
1785948293765362866,0.015111000277101994
1785948293786568906,0.015111000277101994
1785948293805524671,0.015111000277101994
1785948293825785755,0.015111000277101994
1785948293846927793,0.015111000277101994
1785948293865249939,0.015111000277101994
1785948293885747125,0.015111000277101994
1785948293905127767,0.015111000277101994
1785948293926149897,0.015111000277101994
1785948293945367462,0.015111000277101994
1785948293965329273,0.015111000277101994
1785948293985381518,0.015111000277101994
1785948294005328993,0.015111000277101994
1785948294033516489,0.015111000277101994
1785948294045647634,0.015111000277101994
1785948294065070741,0.015111000277101994
1785948294085352626,0.015111000277101994
1785948294106296994,0.015111000277101994
1785948294125786471,0.015111000277101994
1785948294145877181,0.015111000277101994
1785948294165026360,0.015111000277101994
1785948294185339317,0.015111000277101994
1785948294205021376,0.015111000277101994
1785948294225595813,0.015111000277101994
1785948294252521287,0.015111000277101994
1785948294266082715,0.015111000277101994
1785948294288929700,0.015111000277101994
1785948294305694520,0.015111000277101994
1785948294329028399,0.015111000277101994
1785948294349507089,0.015111000277101994
1785948294365350569,0.015111000277101994
1785948294396375590,0.015111000277101994
1785948294410662768,0.015111000277101994
1785948294428210011,0.015111000277101994
1785948294446332759,0.015111000277101994
1785948294465305772,0.015111000277101994
1785948294485999093,0.015111000277101994
1785948294505206385,0.015111000277101994
1785948294526607727,0.015111000277101994
1785948294546508544,0.015111000277101994
1785948294565510550,0.015111000277101994
1785948294586209215,0.015111000277101994
1785948294605655778,0.015111000277101994
1785948294625537363,0.015111000277101994
1785948294646077239,0.015111000277101994
1785948294667164939,0.015111000277101994
1785948294685818967,0.015111000277101994
1785948294705436032,0.015111000277101994
1785948294727471024,0.015111000277101994
1785948294745808019,0.015111000277101994
1785948294766722594,0.015111000277101994
1785948294786154885,0.015111000277101994
1785948294808102003,0.015111000277101994
1785948294825664671,0.014453999698162079
1785948294845609553,0.014453999698162079
1785948294865138967,0.014453999698162079
1785948294885941795,0.015111000277101994
1785948294905675695,0.015111000277101994
1785948294929300559,0.015111000277101994
1785948294949336356,0.015111000277101994
1785948294965053304,0.014453999698162079
1785948294985789282,0.015111000277101994
1785948295005424555,0.015111000277101994
1785948295037044282,0.015111000277101994
1785948295050394951,0.015111000277101994
1785948295065059996,0.015111000277101994
1785948295091226344,0.015111000277101994
1785948295105227369,0.015111000277101994
1785948295125587688,0.014453999698162079
1785948295145610493,0.014453999698162079
1785948295164998815,0.014453999698162079
1785948295185835340,0.014453999698162079
1785948295205407859,0.015111000277101994
1785948295227419587,0.015111000277101994
1785948295245856872,0.014453999698162079
1785948295265252042,0.014453999698162079
1785948295285544327,0.014453999698162079
1785948295307980515,0.015111000277101994
1785948295325833527,0.014453999698162079
1785948295346465310,0.015111000277101994
1785948295365047976,0.015111000277101994
1785948295385622861,0.015111000277101994
1785948295405199444,0.015111000277101994
1785948295427926362,0.015111000277101994
1785948295446529700,0.015111000277101994
1785948295465079373,0.015111000277101994
1785948295485848408,0.015111000277101994
1785948295510699420,0.015111000277101994
1785948295525642810,0.015111000277101994
1785948295545449736,0.015111000277101994
1785948295565394394,0.015111000277101994
1785948295585597684,0.015111000277101994
1785948295605891857,0.015111000277101994
1785948295629025218,0.015111000277101994
1785948295647481288,0.014453999698162079
1785948295665146711,0.014453999698162079
1785948295685452404,0.015111000277101994
1785948295705125214,0.015111000277101994
1785948295729575767,0.014453999698162079
1785948295745671126,0.014453999698162079
1785948295765059192,0.014453999698162079
1785948295785528410,0.014453999698162079
1785948295805394154,0.014453999698162079
1785948295825499905,0.014453999698162079
1785948295847009282,0.015111000277101994
1785948295865046268,0.015111000277101994
1785948295885559199,0.015111000277101994
1785948295905191624,0.015111000277101994
1785948295926732746,0.015111000277101994
1785948295945921990,0.015111000277101994
1785948295966349447,0.015111000277101994
1785948295985450400,0.015111000277101994
1785948296006515923,0.015111000277101994
1785948296026280448,0.015111000277101994
1785948296045686787,0.015111000277101994
1785948296065224809,0.015111000277101994
1785948296085514950,0.015111000277101994
1785948296105545499,0.015111000277101994
1785948296125767893,0.015111000277101994
1785948296145566403,0.015111000277101994
1785948296165177676,0.015111000277101994
1785948296192071213,0.015111000277101994
1785948296205967275,0.015111000277101994
1785948296226612402,0.015111000277101994
1785948296247435071,0.015111000277101994
1785948296265621021,0.015111000277101994
1785948296285734964,0.015111000277101994
1785948296305545346,0.015111000277101994
1785948296325864192,0.015111000277101994
1785948296350296184,0.015111000277101994
1785948296365840743,0.015111000277101994
1785948296385822395,0.015111000277101994
1785948296406123448,0.015111000277101994
1785948296425872356,0.015111000277101994
1785948296446118847,0.015111000277101994
1785948296465776137,0.015111000277101994
1785948296485817054,0.014453999698162079
1785948296505416487,0.014453999698162079
1785948296529943361,0.014453999698162079
1785948296546517487,0.014453999698162079
1785948296569285078,0.014453999698162079
1785948296585911589,0.015111000277101994
1785948296605388138,0.015111000277101994
1785948296625870860,0.015111000277101994
1785948296645978979,0.015111000277101994
1785948296665413606,0.015111000277101994
1785948296685667170,0.015111000277101994
1785948296711409889,0.015111000277101994
1785948296725925842,0.015111000277101994
1785948296747134954,0.015111000277101994
1785948296765455468,0.015111000277101994
1785948296785930062,0.015111000277101994
1785948296806274348,0.015111000277101994
1785948296826582185,0.015111000277101994
1785948296846453081,0.015111000277101994
1785948296870441124,0.015111000277101994
1785948296885591560,0.015111000277101994
1785948296905620476,0.015111000277101994
1785948296938126437,0.015111000277101994
1785948296945772201,0.015111000277101994
1785948296965174699,0.015111000277101994
1785948296986126843,0.015111000277101994
1785948297005338840,0.015111000277101994
1785948297036171567,0.015111000277101994
1785948297050704256,0.015111000277101994
1785948297065252273,0.015111000277101994
1785948297085833943,0.015111000277101994
1785948297106726949,0.015111000277101994
1785948297125636761,0.015111000277101994
1785948297145968407,0.015111000277101994
1785948297165080112,0.015111000277101994
1785948297185582739,0.015111000277101994
1785948297205990259,0.015111000277101994
1785948297226044681,0.015111000277101994
1785948297246610862,0.015111000277101994
1785948297265778313,0.015111000277101994
1785948297296145426,0.015111000277101994
1785948297305841779,0.014453999698162079
1785948297330868605,0.014453999698162079
1785948297346960636,0.014453999698162079
1785948297365556902,0.014453999698162079
1785948297385523993,0.014453999698162079
1785948297405574543,0.014453999698162079
1785948297427904552,0.014453999698162079
1785948297446044933,0.015111000277101994
1785948297469102804,0.015111000277101994
1785948297485520381,0.015111000277101994
1785948297508128703,0.015111000277101994
1785948297525651657,0.015111000277101994
1785948297545648573,0.015111000277101994
1785948297565388457,0.015111000277101994
1785948297585946190,0.015111000277101994
1785948297605580055,0.015111000277101994
1785948297635564916,0.015111000277101994
1785948297645869224,0.015111000277101994
1785948297673356283,0.015111000277101994
1785948297686512323,0.015111000277101994
1785948297705600859,0.015111000277101994
1785948297725821174,0.015111000277101994
1785948297746158644,0.015111000277101994
1785948297766057605,0.015111000277101994
1785948297785790129,0.015111000277101994
1785948297805233557,0.014453999698162079
1785948297825492016,0.014453999698162079
1785948297849499292,0.014453999698162079
1785948297865113357,0.014453999698162079
1785948297892646593,0.015111000277101994
1785948297906322841,0.015111000277101994
1785948297926116039,0.015111000277101994
1785948297946178813,0.015111000277101994
1785948297965416602,0.015111000277101994
1785948297985520689,0.015111000277101994
1785948298005345120,0.015111000277101994
1785948298027384721,0.015111000277101994
1785948298046517099,0.015111000277101994
1785948298066015728,0.015111000277101994
1785948298085659257,0.014453999698162079
1785948298105328963,0.014453999698162079
1785948298126145872,0.015111000277101994
1785948298145994367,0.014453999698162079
1785948298165570310,0.014453999698162079
1785948298185874819,0.015111000277101994
1785948298205705330,0.015111000277101994
1785948298225956526,0.015111000277101994
1785948298245883680,0.015111000277101994
1785948298265188479,0.015111000277101994
1785948298287923300,0.015111000277101994
1785948298305540529,0.015111000277101994
1785948298328988588,0.015111000277101994
1785948298345855587,0.015111000277101994
1785948298370105077,0.015111000277101994
1785948298386227670,0.015111000277101994
1785948298405654489,0.015111000277101994
1785948298427198747,0.015111000277101994
1785948298455076538,0.015111000277101994
1785948298465465007,0.015111000277101994
1785948298485662761,0.015111000277101994
1785948298505301938,0.015111000277101994
1785948298530809226,0.015111000277101994
1785948298545739623,0.015111000277101994
1785948298565544149,0.015111000277101994
1785948298585653549,0.015111000277101994
1785948298605280246,0.015111000277101994
1785948298626500526,0.015111000277101994
1785948298648676643,0.015111000277101994
1785948298665856803,0.015111000277101994
1785948298686855764,0.015111000277101994
1785948298708072621,0.015111000277101994
1785948298725554806,0.015111000277101994
1785948298745582123,0.015111000277101994
1785948298765424634,0.015111000277101994
1785948298785839130,0.015111000277101994
1785948298814700918,0.015111000277101994
1785948298826693628,0.015111000277101994
1785948298851924043,0.015111000277101994
1785948298865663461,0.015111000277101994
1785948298885971778,0.015111000277101994
1785948298905529001,0.015111000277101994
1785948298933419720,0.015111000277101994
1785948298947422409,0.015111000277101994
1785948298965290910,0.015111000277101994
1785948298985831170,0.015111000277101994
1785948299005313510,0.015111000277101994
1785948299026132211,0.015111000277101994
1785948299045445714,0.015111000277101994
1785948299065223776,0.015111000277101994
1785948299087121068,0.015111000277101994
1785948299105415757,0.015111000277101994
1785948299126074997,0.015111000277101994
1785948299145953029,0.015111000277101994
1785948299165606799,0.015111000277101994
1785948299185574274,0.015111000277101994
1785948299205466611,0.015111000277101994
1785948299225993399,0.015111000277101994
1785948299250309483,0.015111000277101994
1785948299265765016,0.015111000277101994
1785948299285991570,0.015111000277101994
1785948299305247120,0.015111000277101994
1785948299327457414,0.015111000277101994
1785948299346155571,0.015111000277101994
1785948299366639766,0.015111000277101994
1785948299385655020,0.015111000277101994
1785948299406069261,0.015111000277101994
1785948299426745781,0.015111000277101994
1785948299446249658,0.015111000277101994
1785948299466019527,0.015111000277101994
1785948299486110238,0.015111000277101994
1785948299506611809,0.015111000277101994
1785948299531361218,0.015111000277101994
1785948299545666221,0.015111000277101994
1785948299565211731,0.015111000277101994
1785948299585987582,0.015111000277101994
1785948299607543137,0.015111000277101994
1785948299626230029,0.015111000277101994
1785948299645753779,0.015111000277101994
1785948299665513568,0.015111000277101994
1785948299685678425,0.015111000277101994
1785948299705315554,0.015111000277101994
1785948299729719705,0.015111000277101994
1785948299746281287,0.015111000277101994
1785948299765423201,0.015111000277101994
1785948299790283622,0.015111000277101994
1785948299806806739,0.015111000277101994
1785948299826488157,0.015111000277101994
1785948299853341597,0.015111000277101994
1785948299865159101,0.015111000277101994
1785948299887408820,0.015111000277101994
1785948299906411499,0.015111000277101994
1785948299932452307,0.015111000277101994
1785948299945901828,0.015111000277101994
1785948299966554027,0.015111000277101994
1785948299990157802,0.015111000277101994
1785948300006810715,0.015111000277101994
1785948300026393186,0.015111000277101994
1785948300045776580,0.015111000277101994
1785948300066614449,0.015111000277101994
1785948300087683109,0.015111000277101994
1785948300107130312,0.015111000277101994
1785948300126564939,0.014453999698162079
1785948300146062960,0.014453999698162079
1785948300166123654,0.014453999698162079
1785948300185819889,0.014453999698162079
1785948300205357527,0.014453999698162079
1785948300225594898,0.014453999698162079
1785948300245724202,0.015111000277101994
1785948300265433429,0.015111000277101994
1785948300285865206,0.015111000277101994
1785948300305540961,0.015111000277101994
1785948300325705146,0.015111000277101994
1785948300345841874,0.015111000277101994
1785948300365618911,0.014453999698162079
1785948300385646260,0.015111000277101994
1785948300405013333,0.015111000277101994
1785948300425345811,0.015111000277101994
1785948300447215742,0.015111000277101994
1785948300465119732,0.015111000277101994
1785948300489144640,0.015111000277101994
1785948300505161693,0.015111000277101994
1785948300525606783,0.015111000277101994
1785948300545523312,0.015111000277101994
1785948300565542085,0.015111000277101994
1785948300585447894,0.015111000277101994
1785948300608061272,0.015111000277101994
1785948300625945293,0.015111000277101994
1785948300645603702,0.015111000277101994
1785948300665057850,0.015111000277101994
1785948300685631839,0.015111000277101994
1785948300705280713,0.015111000277101994
1785948300732584406,0.015111000277101994
1785948300745624539,0.015111000277101994
1785948300765704785,0.015111000277101994
1785948300785482015,0.015111000277101994
1785948300805234859,0.015111000277101994
1785948300829664611,0.015111000277101994
1785948300845662656,0.015111000277101994
1785948300865178438,0.015111000277101994
1785948300888589439,0.015111000277101994
1785948300905324050,0.015111000277101994
1785948300928255357,0.015111000277101994
1785948300945534336,0.015111000277101994
1785948300965145065,0.015111000277101994
1785948300988269530,0.015111000277101994
1785948301010447439,0.015111000277101994
1785948301038764762,0.015111000277101994
1785948301050535321,0.015111000277101994
1785948301069022272,0.015111000277101994
1785948301085859542,0.015111000277101994
1785948301105531328,0.015111000277101994
1785948301125767707,0.015111000277101994
1785948301145686029,0.015111000277101994
1785948301165433945,0.015111000277101994
1785948301186899769,0.014453999698162079
1785948301207780039,0.014453999698162079
1785948301228021378,0.014453999698162079
1785948301247527207,0.015111000277101994
1785948301266114161,0.015111000277101994
1785948301286038723,0.015111000277101994
1785948301306002838,0.015111000277101994
1785948301326168079,0.015111000277101994
1785948301345946972,0.015111000277101994
1785948301365471202,0.015111000277101994
1785948301386170251,0.014453999698162079
1785948301405647471,0.015111000277101994
1785948301426174739,0.015111000277101994
1785948301455064048,0.014453999698162079
1785948301465228191,0.015111000277101994
1785948301485980297,0.015111000277101994
1785948301505415852,0.015111000277101994
1785948301526061204,0.015111000277101994
1785948301546348816,0.015111000277101994
1785948301569658535,0.015111000277101994
1785948301591316044,0.015111000277101994
1785948301606647797,0.014453999698162079
1785948301626821678,0.014453999698162079
1785948301645502235,0.014453999698162079
1785948301665465838,0.014453999698162079
1785948301685774603,0.014453999698162079
1785948301705147980,0.014453999698162079
1785948301728963186,0.014453999698162079
1785948301749185101,0.014453999698162079
1785948301773065460,0.014453999698162079
1785948301786778957,0.014453999698162079
1785948301806238897,0.014453999698162079
1785948301825942876,0.015111000277101994
1785948301847535391,0.015111000277101994
1785948301865221006,0.014453999698162079
1785948301885487210,0.015111000277101994
1785948301905071922,0.015111000277101994
1785948301925809180,0.015111000277101994
1785948301945551848,0.015111000277101994
1785948301965175377,0.015111000277101994
1785948301986223588,0.015111000277101994
1785948302005248987,0.015111000277101994
1785948302026200876,0.015111000277101994
1785948302045641295,0.015111000277101994
1785948302065380987,0.015111000277101994
1785948302085612310,0.015111000277101994
1785948302110590270,0.015111000277101994
1785948302128129609,0.015111000277101994
1785948302147102398,0.015111000277101994
1785948302165189209,0.015111000277101994
1785948302185872354,0.014453999698162079
1785948302205628462,0.015111000277101994
1785948302227865509,0.014453999698162079
1785948302249179968,0.014453999698162079
1785948302266805390,0.015111000277101994
1785948302285794755,0.015111000277101994
1785948302308714446,0.015111000277101994
1785948302325850413,0.015111000277101994
1785948302352791088,0.015111000277101994
1785948302372824133,0.015111000277101994
1785948302386679842,0.015111000277101994
1785948302405426256,0.015111000277101994
1785948302425854001,0.015111000277101994
1785948302446699326,0.015111000277101994
1785948302464977535,0.015111000277101994
1785948302485420832,0.015111000277101994
1785948302508271721,0.015111000277101994
1785948302528983986,0.015111000277101994
1785948302549393235,0.015111000277101994
1785948302566014946,0.015111000277101994
1785948302585847057,0.015111000277101994
1785948302606185359,0.015111000277101994
1785948302629821359,0.015111000277101994
1785948302645656935,0.015111000277101994
1785948302667558964,0.015111000277101994
1785948302686226656,0.015111000277101994
1785948302705458237,0.015111000277101994
1785948302725661079,0.015111000277101994
1785948302754310733,0.015111000277101994
1785948302766704574,0.015111000277101994
1785948302788799249,0.015111000277101994
1785948302805345470,0.015111000277101994
1785948302826419378,0.015111000277101994
1785948302847279423,0.015111000277101994
1785948302866648001,0.015111000277101994
1785948302886055459,0.015111000277101994
1785948302905622954,0.015111000277101994
1785948302926057419,0.015111000277101994
1785948302946124097,0.014453999698162079
1785948302965365502,0.014453999698162079
1785948302985900610,0.014453999698162079
1785948303007337313,0.014453999698162079
1785948303025534687,0.014453999698162079
1785948303045679960,0.015111000277101994
1785948303065263167,0.014453999698162079
1785948303085563740,0.014453999698162079
1785948303106937593,0.014453999698162079
1785948303127697188,0.014453999698162079
1785948303145692188,0.014453999698162079
1785948303165567244,0.015111000277101994
1785948303189354385,0.015111000277101994
1785948303206243720,0.015111000277101994
1785948303227363742,0.015111000277101994
1785948303250456590,0.015111000277101994
1785948303265580497,0.015111000277101994
1785948303285648679,0.015111000277101994
1785948303305418484,0.015111000277101994
1785948303328769900,0.015111000277101994
1785948303346663265,0.015111000277101994
1785948303365093030,0.015111000277101994
1785948303385660747,0.015111000277101994
1785948303405456153,0.015111000277101994
1785948303425585713,0.015111000277101994
1785948303447805287,0.015111000277101994
1785948303466897856,0.015111000277101994
1785948303486430118,0.015111000277101994
1785948303506972298,0.015111000277101994
1785948303525909278,0.015111000277101994
1785948303546146457,0.015111000277101994
1785948303566414165,0.015111000277101994
1785948303585593745,0.015111000277101994
1785948303605628134,0.015111000277101994
1785948303636308248,0.015111000277101994
1785948303646066331,0.015111000277101994
1785948303665133107,0.015111000277101994
1785948303685826844,0.015111000277101994
1785948303705380098,0.015111000277101994
1785948303732363783,0.015111000277101994
1785948303746540717,0.015111000277101994
1785948303766475359,0.015111000277101994
1785948303789476460,0.015111000277101994
1785948303805853076,0.015111000277101994
1785948303828058730,0.015111000277101994
1785948303845924127,0.015111000277101994
1785948303866264381,0.015111000277101994
1785948303885727905,0.015111000277101994
1785948303905312776,0.015111000277101994
1785948303925709384,0.015111000277101994
1785948303945771198,0.015111000277101994
1785948303964979354,0.015111000277101994
1785948303985498814,0.015111000277101994
1785948304007147747,0.015111000277101994
1785948304032982949,0.015111000277101994
1785948304047369906,0.015111000277101994
1785948304065851576,0.015111000277101994
1785948304086103124,0.015111000277101994
1785948304105790014,0.015111000277101994
1785948304133413462,0.015111000277101994
1785948304145639170,0.015111000277101994
1785948304165330573,0.015111000277101994
1785948304185769710,0.015111000277101994
1785948304206891139,0.015111000277101994
1785948304225638706,0.015111000277101994
1785948304258059320,0.015111000277101994
1785948304265073449,0.015111000277101994
1785948304285773298,0.015111000277101994
1785948304305463965,0.015111000277101994
1785948304336870245,0.015111000277101994
1785948304346955441,0.015111000277101994
1785948304365484345,0.015111000277101994
1785948304388263072,0.014453999698162079
1785948304405730889,0.015111000277101994
1785948304428085763,0.015111000277101994
1785948304445856276,0.015111000277101994
1785948304465543999,0.015111000277101994
1785948304486698453,0.015111000277101994
1785948304506174778,0.015111000277101994
1785948304526113484,0.015111000277101994
1785948304545762710,0.015111000277101994
1785948304565187320,0.015111000277101994
1785948304585852928,0.015111000277101994
1785948304605478729,0.015111000277101994
1785948304626379064,0.015111000277101994
1785948304645673815,0.015111000277101994
1785948304665424195,0.015111000277101994
1785948304686053226,0.015111000277101994
1785948304706313094,0.015111000277101994
1785948304725730536,0.015111000277101994
1785948304745706652,0.015111000277101994
1785948304765231010,0.015111000277101994
1785948304788999974,0.015111000277101994
1785948304805476529,0.015111000277101994
1785948304827956943,0.015111000277101994
1785948304845586812,0.015111000277101994
1785948304866655312,0.015111000277101994
1785948304886042866,0.015111000277101994
1785948304906904287,0.015111000277101994
1785948304926310466,0.015111000277101994
1785948304945807175,0.015111000277101994
1785948304965158503,0.015111000277101994
1785948304985685163,0.015111000277101994
1785948305006548857,0.015111000277101994
1785948305027844435,0.015111000277101994
1785948305045766857,0.015111000277101994
1785948305065548727,0.015111000277101994
1785948305086553545,0.015111000277101994
1785948305105332536,0.015111000277101994
1785948305125723928,0.015111000277101994
1785948305145684811,0.015111000277101994
1785948305165303540,0.015111000277101994
1785948305185866296,0.015111000277101994
1785948305205272603,0.015111000277101994
1785948305233350559,0.015111000277101994
1785948305246379268,0.015111000277101994
1785948305267119822,0.015111000277101994
1785948305287982491,0.015111000277101994
1785948305306123800,0.015111000277101994
1785948305327784477,0.015111000277101994
1785948305347627821,0.015111000277101994
1785948305365477313,0.015111000277101994
1785948305385786654,0.015111000277101994
1785948305405179200,0.015111000277101994
1785948305433102112,0.015111000277101994
1785948305447150626,0.015111000277101994
1785948305469828742,0.015111000277101994
1785948305486101451,0.015111000277101994
1785948305505314184,0.015111000277101994
1785948305525933294,0.015111000277101994
1785948305545678555,0.015111000277101994
1785948305565628141,0.014453999698162079
1785948305586406584,0.014453999698162079
1785948305605924414,0.014453999698162079
1785948305625630441,0.015111000277101994
1785948305649171847,0.014453999698162079
1785948305665195044,0.014453999698162079
1785948305686095059,0.015111000277101994
1785948305705830111,0.015111000277101994
1785948305726020889,0.015111000277101994
1785948305747698655,0.015111000277101994
1785948305765041540,0.015111000277101994
1785948305785463844,0.015111000277101994
1785948305805255090,0.015111000277101994
1785948305826278404,0.015111000277101994
1785948305846086259,0.015111000277101994
1785948305866674616,0.015111000277101994
1785948305886128220,0.015111000277101994
1785948305905391802,0.015111000277101994
1785948305925695735,0.015111000277101994
1785948305945790638,0.015111000277101994
1785948305965761601,0.015111000277101994
1785948305986605422,0.015111000277101994
1785948306006724038,0.015111000277101994
1785948306026408496,0.015111000277101994
1785948306045505609,0.015111000277101994
1785948306065141394,0.015111000277101994
1785948306085582676,0.015111000277101994
1785948306105560327,0.015111000277101994
1785948306125843331,0.015111000277101994
1785948306146130880,0.015111000277101994
1785948306165635717,0.015111000277101994
1785948306186579413,0.015111000277101994
1785948306205464520,0.015111000277101994
1785948306231236904,0.015111000277101994
1785948306245852347,0.015111000277101994
1785948306265914065,0.015111000277101994
1785948306285987623,0.015111000277101994
1785948306309008502,0.015111000277101994
1785948306328311925,0.015111000277101994
1785948306346235019,0.015111000277101994
1785948306365569131,0.015111000277101994
1785948306385817286,0.015111000277101994
1785948306411329727,0.015111000277101994
1785948306427538722,0.015111000277101994
1785948306450282695,0.015111000277101994
1785948306467591371,0.015111000277101994
1785948306485843403,0.015111000277101994
1785948306506808764,0.015111000277101994
1785948306528304828,0.015111000277101994
1785948306552916474,0.015111000277101994
1785948306566747286,0.015111000277101994
1785948306586029749,0.014453999698162079
1785948306612833235,0.014453999698162079
1785948306626029469,0.014453999698162079
1785948306645741896,0.014453999698162079
1785948306665307055,0.014453999698162079
1785948306685946230,0.015111000277101994
1785948306705365401,0.015111000277101994
1785948306726374251,0.015111000277101994
1785948306746466082,0.015111000277101994
1785948306765462424,0.015111000277101994
1785948306786103423,0.015111000277101994
1785948306806084242,0.015111000277101994
1785948306831938901,0.015111000277101994
1785948306850329369,0.015111000277101994
1785948306865552638,0.015111000277101994
1785948306885981439,0.015111000277101994
1785948306905639753,0.015111000277101994
1785948306928569588,0.015111000277101994
1785948306959552879,0.015111000277101994
1785948306969757728,0.015111000277101994
1785948306989301350,0.015111000277101994
1785948307005374437,0.015111000277101994
1785948307039967212,0.015111000277101994
1785948307047135393,0.015111000277101994
1785948307065474820,0.015111000277101994
1785948307120728850,0.015768000856041908
1785948307164149120,0.015111000277101994
1785948307169767944,0.015111000277101994
1785948307193773747,0.015111000277101994
1785948307206535343,0.015111000277101994
1785948307227756264,0.015111000277101994
1785948307248112614,0.015111000277101994
1785948307265818582,0.015111000277101994
1785948307290876225,0.014453999698162079
1785948307305276558,0.015111000277101994
1785948307326473542,0.015111000277101994
1785948307347913924,0.015111000277101994
1785948307365974911,0.015111000277101994
1785948307385983891,0.015111000277101994
1785948307405688830,0.015111000277101994
1785948307426714257,0.015111000277101994
1785948307448077741,0.015111000277101994
1785948307465422578,0.015111000277101994
1785948307488883853,0.015111000277101994
1785948307506405111,0.015111000277101994
1785948307525748120,0.015111000277101994
1785948307545678378,0.015111000277101994
1785948307565136142,0.015111000277101994
1785948307592909257,0.015111000277101994
1785948307608371798,0.015111000277101994
1785948307626257771,0.015111000277101994
1785948307648641510,0.015111000277101994
1785948307666874981,0.015111000277101994
1785948307686301000,0.015111000277101994
1785948307706770570,0.015111000277101994
1785948307728605461,0.015111000277101994
1785948307746864021,0.015111000277101994
1785948307765839370,0.015111000277101994
1785948307789656112,0.015111000277101994
1785948307809404829,0.015111000277101994
1785948307826653151,0.015111000277101994
1785948307845436494,0.015111000277101994
1785948307865228860,0.015111000277101994
1785948307885805889,0.015111000277101994
1785948307906567660,0.015111000277101994
1785948307926079186,0.015111000277101994
1785948307946059109,0.015111000277101994
1785948307965527017,0.015111000277101994
1785948308005075428,0.015111000277101994
1785948308014628192,0.015111000277101994
1785948308038419621,0.015111000277101994
1785948308046334257,0.015111000277101994
1785948308065710547,0.015111000277101994
1785948308087994731,0.015111000277101994
1785948308105869855,0.015111000277101994
1785948308129211927,0.015111000277101994
1785948308146000555,0.015111000277101994
1785948308166184101,0.015111000277101994
1785948308185699082,0.015111000277101994
1785948308209591314,0.015111000277101994
1785948308234496728,0.015111000277101994
1785948308245772008,0.015111000277101994
1785948308266056869,0.015111000277101994
1785948308286152828,0.015111000277101994
1785948308319189396,0.015111000277101994
1785948308329353411,0.015111000277101994
1785948308345760524,0.015111000277101994
1785948308369573233,0.015111000277101994
1785948308394020202,0.015111000277101994
1785948308407817701,0.015111000277101994
1785948308425569334,0.015111000277101994
1785948308446238942,0.015111000277101994
1785948308466061069,0.015111000277101994
1785948308486063489,0.015111000277101994
1785948308505273245,0.015111000277101994
1785948308525836386,0.015111000277101994
1785948308545421994,0.015111000277101994
1785948308565079091,0.015111000277101994
1785948308593686216,0.015111000277101994
1785948308605217472,0.015111000277101994
1785948308630776985,0.015111000277101994
1785948308646085249,0.015111000277101994
1785948308665239132,0.015111000277101994
1785948308685309586,0.015111000277101994
1785948308705208515,0.015111000277101994
1785948308727135377,0.015111000277101994
1785948308746120934,0.015111000277101994
1785948308765389381,0.015111000277101994
1785948308786587964,0.015111000277101994
1785948308805356844,0.015111000277101994
1785948308825843342,0.015111000277101994
1785948308845657821,0.015111000277101994
1785948308865272485,0.015111000277101994
1785948308885734279,0.015111000277101994
1785948308905158090,0.015111000277101994
1785948308932751968,0.015111000277101994
1785948308947537017,0.015111000277101994
1785948308965488304,0.014453999698162079
1785948308987022417,0.014453999698162079
1785948309005572986,0.015111000277101994
1785948309033665375,0.015111000277101994
1785948309062417144,0.015111000277101994
1785948309065189035,0.015111000277101994
1785948309085623307,0.015111000277101994
1785948309105312726,0.015111000277101994
1785948309126904026,0.015111000277101994
1785948309148851208,0.015111000277101994
1785948309170489708,0.015111000277101994
1785948309185834806,0.015111000277101994
1785948309213889338,0.015111000277101994
1785948309230516105,0.015111000277101994
1785948309247353951,0.015111000277101994
1785948309265208947,0.015111000277101994
1785948309285675701,0.015111000277101994
1785948309305879631,0.015111000277101994
1785948309330370217,0.015111000277101994
1785948309345920792,0.015111000277101994
1785948309365277753,0.015111000277101994
1785948309385893343,0.015111000277101994
1785948309405314914,0.015111000277101994
1785948309426243314,0.015111000277101994
1785948309445973278,0.015111000277101994
1785948309465538245,0.015111000277101994
1785948309489399628,0.015111000277101994
1785948309506544715,0.015111000277101994
1785948309526158547,0.015111000277101994
1785948309546170568,0.015111000277101994
1785948309565530057,0.015111000277101994
1785948309585764579,0.015111000277101994
1785948309605386956,0.015111000277101994
1785948309626095733,0.015111000277101994
1785948309646541943,0.015111000277101994
1785948309665898167,0.015111000277101994
1785948309685773608,0.015111000277101994
1785948309705652184,0.015111000277101994
1785948309733583416,0.015111000277101994
1785948309745823813,0.015111000277101994
1785948309766811863,0.015111000277101994
1785948309787562657,0.015111000277101994
1785948309813116762,0.015111000277101994
1785948309828236381,0.015111000277101994
1785948309846172052,0.015111000277101994
1785948309865187626,0.015111000277101994
1785948309886882865,0.015111000277101994
1785948309907137580,0.015111000277101994
1785948309926335048,0.015111000277101994
1785948309946396894,0.015111000277101994
1785948309967223627,0.015111000277101994
1785948309986310468,0.015111000277101994
1785948310007081071,0.015111000277101994
1785948310026599796,0.015111000277101994
1785948310046644906,0.015111000277101994
1785948310068646617,0.015111000277101994
1785948310086112994,0.015111000277101994
1785948310105540197,0.015111000277101994
1785948310125777312,0.015111000277101994
1785948310145992378,0.015111000277101994
1785948310165568513,0.015111000277101994
1785948310186298571,0.015111000277101994
1785948310205347651,0.015111000277101994
1785948310228516981,0.015111000277101994
1785948310245800056,0.015111000277101994
1785948310265544869,0.015111000277101994
1785948310288866300,0.015111000277101994
1785948310305233699,0.015111000277101994
1785948310329245455,0.015111000277101994
1785948310346410222,0.015111000277101994
1785948310365253984,0.015111000277101994
1785948310385787396,0.015111000277101994
1785948310405358955,0.015111000277101994
1785948310425628039,0.015111000277101994
1785948310446234125,0.015111000277101994
1785948310465962809,0.015111000277101994
1785948310486353721,0.015111000277101994
1785948310505299885,0.015111000277101994
1785948310527010932,0.015111000277101994
1785948310545507675,0.015111000277101994
1785948310565542544,0.015111000277101994
1785948310585466946,0.015111000277101994
1785948310606676122,0.015111000277101994
1785948310626940054,0.015111000277101994
1785948310646489405,0.015111000277101994
1785948310665190378,0.015111000277101994
1785948310688032339,0.015111000277101994
1785948310705306901,0.015111000277101994
1785948310725661780,0.015111000277101994
1785948310745890095,0.015111000277101994
1785948310765920612,0.015111000277101994
1785948310787211582,0.015111000277101994
1785948310805709765,0.015111000277101994
1785948310826002658,0.015111000277101994
1785948310845482407,0.015111000277101994
1785948310865006636,0.015111000277101994
1785948310885435661,0.015111000277101994
1785948310906637797,0.015111000277101994
1785948310926601144,0.015111000277101994
1785948310946733840,0.015111000277101994
1785948310965181974,0.015111000277101994
1785948310987674836,0.015111000277101994
1785948311006711947,0.014453999698162079
1785948311027892802,0.014453999698162079
1785948311049388323,0.014453999698162079
1785948311065966481,0.014453999698162079
1785948311086057960,0.014453999698162079
1785948311105737650,0.014453999698162079
1785948311125584353,0.014453999698162079
1785948311145607638,0.014453999698162079
1785948311167359838,0.014453999698162079
1785948311185590910,0.014453999698162079
1785948311207942168,0.015111000277101994
1785948311230498136,0.015111000277101994
1785948311245927076,0.015111000277101994
1785948311265899287,0.015111000277101994
1785948311286247637,0.015111000277101994
1785948311305587285,0.015111000277101994
1785948311329815399,0.015111000277101994
1785948311346139022,0.015111000277101994
1785948311365803800,0.015111000277101994
1785948311387544672,0.015111000277101994
1785948311406560982,0.014453999698162079
1785948311425462282,0.015111000277101994
1785948311445536192,0.015111000277101994
1785948311465573877,0.014453999698162079
1785948311485651499,0.014453999698162079
1785948311505919559,0.015111000277101994
1785948311534391640,0.014453999698162079
1785948311546800938,0.014453999698162079
1785948311565416276,0.014453999698162079
1785948311587300896,0.014453999698162079
1785948311605133460,0.014453999698162079
1785948311633914446,0.014453999698162079
1785948311650529181,0.014453999698162079
1785948311665619006,0.014453999698162079
1785948311686027998,0.015111000277101994
1785948311706151478,0.015111000277101994
1785948311727209258,0.015111000277101994
1785948311755743324,0.015111000277101994
1785948311765190613,0.015111000277101994
1785948311791057112,0.015111000277101994
1785948311804997944,0.015111000277101994
1785948311825746594,0.015111000277101994
1785948311845591121,0.015111000277101994
1785948311872738906,0.015111000277101994
1785948311885723197,0.015111000277101994
1785948311908656617,0.015111000277101994
1785948311931064420,0.015111000277101994
1785948311947608881,0.015111000277101994
1785948311965162365,0.015111000277101994
1785948311985631135,0.015111000277101994
1785948312005153060,0.015111000277101994
1785948312026214200,0.015111000277101994
1785948312045779583,0.015111000277101994
1785948312065030877,0.015111000277101994
1785948312088709598,0.015111000277101994
1785948312105452497,0.015111000277101994
1785948312126167546,0.015111000277101994
1785948312145809668,0.015111000277101994
1785948312165169381,0.015111000277101994
1785948312185618342,0.015111000277101994
1785948312205104907,0.015111000277101994
1785948312226351620,0.015111000277101994
1785948312245439453,0.015111000277101994
1785948312265235499,0.015111000277101994
1785948312286433538,0.015111000277101994
1785948312305210482,0.015111000277101994
1785948312325989885,0.015111000277101994
1785948312345566628,0.015111000277101994
1785948312365049385,0.015111000277101994
1785948312385760914,0.015111000277101994
1785948312407223442,0.015111000277101994
1785948312426406445,0.015111000277101994
1785948312446759212,0.015111000277101994
1785948312465898214,0.015111000277101994
1785948312485491246,0.015111000277101994
1785948312505380159,0.015111000277101994
1785948312526635448,0.015111000277101994
1785948312546279522,0.015111000277101994
1785948312565919947,0.015111000277101994
1785948312585987041,0.015111000277101994
1785948312607845516,0.015111000277101994
1785948312625620926,0.015111000277101994
1785948312645691636,0.015111000277101994
1785948312665512771,0.015111000277101994
1785948312685974052,0.015111000277101994
1785948312705202273,0.015111000277101994
1785948312735798193,0.015111000277101994
1785948312746443854,0.015111000277101994
1785948312765552936,0.015111000277101994
1785948312785751714,0.015111000277101994
1785948312808303458,0.015111000277101994
1785948312827196245,0.015111000277101994
1785948312846467187,0.015111000277101994
1785948312865435656,0.015111000277101994
1785948312888743647,0.015111000277101994
1785948312905230506,0.015111000277101994
1785948312926346911,0.015111000277101994
1785948312946061227,0.015111000277101994
1785948312965864825,0.015111000277101994
1785948312988340695,0.015111000277101994
1785948313005402323,0.015111000277101994
1785948313027547943,0.014453999698162079
1785948313046777348,0.014453999698162079
1785948313065058757,0.014453999698162079
1785948313085606921,0.015111000277101994
1785948313109572116,0.015111000277101994
1785948313125594417,0.015111000277101994
1785948313147043728,0.015111000277101994
1785948313165161260,0.015111000277101994
1785948313185596877,0.015111000277101994
1785948313206348311,0.015111000277101994
1785948313225977792,0.015111000277101994
1785948313250631295,0.015111000277101994
1785948313265990537,0.015111000277101994
1785948313286693746,0.015111000277101994
1785948313307407707,0.015111000277101994
1785948313325535223,0.015111000277101994
1785948313345971608,0.015111000277101994
1785948313365471069,0.015111000277101994
1785948313388889751,0.015111000277101994
1785948313405403171,0.015111000277101994
1785948313430717686,0.015111000277101994
1785948313445692884,0.015111000277101994
1785948313465149112,0.015111000277101994
1785948313485530295,0.015111000277101994
1785948313509136182,0.015111000277101994
1785948313525912010,0.015111000277101994
1785948313550368707,0.015111000277101994
1785948313565190141,0.015111000277101994
1785948313585837540,0.015111000277101994
1785948313605046304,0.015111000277101994
1785948313626551649,0.015111000277101994
1785948313647595796,0.015111000277101994
1785948313666019801,0.015111000277101994
1785948313688716382,0.015111000277101994
1785948313706798329,0.015111000277101994
1785948313727044404,0.015111000277101994
1785948313746332915,0.015111000277101994
1785948313767854612,0.015111000277101994
1785948313788291637,0.015111000277101994
1785948313805291120,0.015111000277101994
1785948313825703408,0.015111000277101994
1785948313846118416,0.015111000277101994
1785948313866842682,0.015111000277101994
1785948313886144089,0.015111000277101994
1785948313906881411,0.015111000277101994
1785948313925675187,0.015111000277101994
1785948313945849100,0.015111000277101994
1785948313965732477,0.015111000277101994
1785948313986351651,0.015111000277101994
1785948314005621409,0.015111000277101994
1785948314025689079,0.015111000277101994
1785948314046519588,0.015111000277101994
1785948314066281745,0.015111000277101994
1785948314090079126,0.014453999698162079
1785948314105151095,0.014453999698162079
1785948314131930197,0.014453999698162079
1785948314145528811,0.014453999698162079
1785948314165786822,0.014453999698162079
1785948314185606485,0.014453999698162079
1785948314205239966,0.014453999698162079
1785948314227221581,0.013797000050544739
1785948314245985788,0.013797000050544739
1785948314265423263,0.013140000402927399
1785948314286062854,0.013140000402927399
1785948314305749297,0.013140000402927399
1785948314325686595,0.013140000402927399
1785948314345591380,0.013140000402927399
1785948314365032088,0.013140000402927399
1785948314385447224,0.013140000402927399
1785948314406839478,0.013140000402927399
1785948314435584814,0.012482999823987484
1785948314446749787,0.012482999823987484
1785948314465313220,0.012482999823987484
1785948314485430492,0.012482999823987484
1785948314507085025,0.012482999823987484
1785948314525561319,0.01116899959743023
1785948314545496057,0.01116899959743023
1785948314565416747,0.01116899959743023
1785948314585590148,0.01116899959743023
1785948314605398387,0.01116899959743023
1785948314626314818,0.010511999949812889
1785948314645719236,0.009855000302195549
1785948314665135431,0.009855000302195549
1785948314686623591,0.009855000302195549
1785948314706513560,0.009855000302195549
1785948314732146388,0.009855000302195549
1785948314746470430,0.009855000302195549
1785948314765527830,0.009197999723255634
1785948314785946551,0.009197999723255634
1785948314806515356,0.009197999723255634
1785948314827604848,0.009197999723255634
1785948314846568837,0.009197999723255634
1785948314865211633,0.009197999723255634
1785948314885597872,0.009197999723255634
1785948314906202390,0.009197999723255634
1785948314929878680,0.008541000075638294
1785948314945516426,0.007884000428020954
1785948314965296919,0.007884000428020954
1785948314985635189,0.007884000428020954
1785948315009206772,0.007884000428020954
1785948315040387797,0.007884000428020954
