t_ns,v0,v1
1785941064916185522,0.1180974468588829,-1.0
1785941065015951220,0.126076802611351,-1.0
1785941065116160967,0.14506763219833374,-1.0
1785941065215880871,0.1435551941394806,-1.0
1785941065318037669,0.10820376127958298,-1.0
1785941065417956749,0.12046775221824646,-1.0
1785941065516657030,0.12091425061225891,-1.0
1785941065617328267,0.10531255602836609,-1.0
1785941065716103174,0.13169145584106445,-1.0
1785941065816652326,0.09379131346940994,-1.0
1785941065917613238,0.09506472200155258,-1.0
1785941066025325453,0.13981223106384277,-1.0
1785941066116869903,0.1226038709282875,-1.0
1785941066218220975,0.1226038709282875,-1.0
1785941066316855781,0.13961535692214966,-1.0
1785941066416622054,0.12712794542312622,-1.0
1785941066516688660,0.15263763070106506,-1.0
1785941066618829298,0.15277953445911407,-1.0
1785941066718083360,0.130619615316391,-1.0
1785941066817468403,0.12406917661428452,-1.0
1785941066918854292,0.12406917661428452,-1.0
1785941067016711275,0.11981096118688583,-1.0
1785941067116047836,0.1319180727005005,-1.0
1785941067218655661,0.12881284952163696,-1.0
1785941067316404416,0.12881284952163696,-1.0
1785941067422666782,0.13495607674121857,-1.0
1785941067516484089,0.16079720854759216,-1.0
1785941067621983193,0.16079720854759216,-1.0
1785941067715977435,0.14687158167362213,-1.0
1785941067817120114,0.14687158167362213,-1.0
1785941067922627987,0.12658117711544037,-1.0
1785941068027707971,0.13981467485427856,-1.0
1785941068123958045,0.13981467485427856,-1.0
1785941068216731055,0.13761819899082184,-1.0
1785941068321253097,0.14711396396160126,-1.0
1785941068420067270,0.14666792750358582,-1.0
1785941068517063101,0.12833160161972046,-1.0
1785941068616957347,0.12819524109363556,-1.0
1785941068716936238,0.13910187780857086,-1.0
1785941068816718064,0.11735311150550842,-1.0
1785941068921460787,0.11562904715538025,-1.0
1785941069018331876,0.09819293767213821,-1.0
1785941069122507057,0.06303443014621735,-1.0
1785941069217656128,0.0663769468665123,-1.0
1785941069321886831,0.052939385175704956,-1.0
1785941069419354360,0.02599005214869976,-1.0
1785941069520305800,-0.005855767522007227,-1.0
1785941069619064290,-0.009448109194636345,-1.0
1785941069719104527,0.02213851734995842,-1.0
1785941069819691344,0.023221787065267563,-1.0
1785941069920570013,0.017699381336569786,-1.0
1785941070025540425,0.015071382746100426,-1.0
1785941070118984406,-0.004640320781618357,-1.0
1785941070219344655,0.004826707765460014,-1.0
1785941070318818949,0.006975409109145403,-1.0
1785941070418756270,0.004835797473788261,-1.0
1785941070518738168,0.012691417708992958,-1.0
1785941070619178676,-0.0232484582811594,-1.0
1785941070718929013,-0.022219985723495483,-1.0
1785941070819103079,0.030834266915917397,-1.0
1785941070921511279,0.03745704144239426,-1.0
1785941071018623178,0.03102901391685009,-1.0
1785941071119212044,0.016724327579140663,-1.0
1785941071217428881,0.023407692089676857,-1.0
1785941071318796561,-0.024438874796032906,-1.0
1785941071418200229,-0.024617357179522514,-1.0
1785941071521833757,-0.014085494913160801,-1.0
1785941071618989754,0.015164547599852085,-1.0
1785941071717987998,0.01360387448221445,-1.0
1785941071820310403,0.0006482701865024865,-1.0
1785941071919458860,-0.004618705250322819,-1.0
1785941072017545165,-0.053091563284397125,-1.0
1785941072119251386,-0.0478021502494812,-1.0
1785941072217767980,0.00045325749670155346,-1.0
1785941072319838343,0.005116684827953577,-1.0
1785941072419297981,0.0038026857655495405,-1.0
1785941072519800731,0.025268487632274628,-1.0
1785941072620387005,0.0006439675344154239,-1.0
1785941072718030828,0.009137803688645363,-1.0
1785941072821183026,0.00650980556383729,-1.0
1785941072924616354,0.03125590831041336,-1.0
1785941073019888885,0.03174781799316406,-1.0
1785941073120584667,0.026491820812225342,-1.0
1785941073218667196,-0.023172736167907715,-1.0
1785941073319272254,0.006983094848692417,-1.0
1785941073418743636,-0.01117901224642992,-1.0
1785941073518923046,-0.00986501295119524,-1.0
1785941073620939871,0.0042422180995345116,-1.0
1785941073718283011,0.009675000794231892,-1.0
1785941073823072840,0.006168735213577747,-1.0
1785941073918874960,0.006117191631346941,-1.0
1785941074018657970,-0.025945572182536125,-1.0
1785941074118262318,-0.04816637188196182,-1.0
1785941074218322811,-0.0429103747010231,-1.0
1785941074327774901,0.0005597927956841886,-1.0
1785941074418623869,0.02027716115117073,-1.0
1785941074522108207,0.01719103381037712,-1.0
1785941074617793458,0.029832031577825546,-1.0
1785941074720198203,-0.01583593152463436,-1.0
1785941074819115131,0.01161835715174675,-1.0
1785941074919183945,0.01030435785651207,-1.0
1785941075027125704,0.007475304417312145,-1.0
1785941075118465571,-0.015054771676659584,-1.0
1785941075219583673,-0.005075927823781967,-1.0
1785941075317374926,-0.002773249289020896,-1.0
1785941075418860467,-0.008496245369315147,-1.0
1785941075519439668,-0.0014427491696551442,-1.0
1785941075619818606,0.0007543788524344563,-1.0
1785941075718320735,0.004946012049913406,-1.0
1785941075819398132,-0.008525291457772255,-1.0
1785941075921558322,-0.0010854817228391767,-1.0
1785941076022112275,0.00022851757239550352,-1.0
1785941076120552033,0.02454252913594246,-1.0
1785941076220543660,0.006143904756754637,-1.0
1785941076319490958,0.004829905461519957,-1.0
1785941076418808702,0.00514792138710618,-1.0
1785941076519405312,-0.006223105825483799,-1.0
1785941076624210534,-0.006832455284893513,-1.0
1785941076719106954,0.02721359394490719,-1.0
1785941076820778070,-0.0340731218457222,-1.0
1785941076918710641,0.0015841162530705333,-1.0
1785941077025405856,0.005526114255189896,-1.0
1785941077120914460,0.02275015413761139,-1.0
1785941077226317753,-0.001112140016630292,-1.0
1785941077319101676,-0.0030675276648253202,-1.0
1785941077418090063,-0.00012799361138604581,-1.0
1785941077518294978,-0.028387971222400665,-1.0
1785941077618733470,-0.017257550731301308,-1.0
1785941077719669261,-0.009108668193221092,-1.0
1785941077826350716,-0.0194877739995718,-1.0
1785941077920221145,0.04687059670686722,-1.0
1785941078018345947,0.0369143970310688,-1.0
1785941078119814015,-0.021298334002494812,-1.0
1785941078226343047,-0.02624538540840149,-1.0
1785941078319438758,-0.008943300694227219,-1.0
1785941078419663577,-0.4363323152065277,-1.0
1785941078519246164,-0.09293005615472794,-1.0
1785941078619538634,-0.02854406088590622,-1.0
1785941078719051362,0.11562022566795349,-1.0
1785941078818059239,0.14336234331130981,-1.0
1785941078920442030,0.11500062793493271,-1.0
1785941079022180925,0.06942640990018845,-1.0
1785941079120286654,0.044943660497665405,-1.0
1785941079219512235,0.031201865524053574,-1.0
1785941079326369440,0.024161340668797493,-1.0
1785941079420484358,-0.0008658130536787212,-1.0
1785941079524347175,-0.0073446729220449924,-1.0
1785941079620485532,-0.0018624771619215608,-1.0
1785941079718880873,0.04216383025050163,-1.0
1785941079819861434,0.0010830532992258668,-1.0
1785941079919545432,-0.0022272642236202955,-1.0
1785941080017538901,-0.00037358063855208457,-1.0
1785941080115831518,-0.4363323152065277,-1.0
1785941080216163958,-0.4363323152065277,-1.0
1785941080326474449,0.1887628585100174,-1.0
1785941080412059404,-0.4363323152065277,-1.0
1785941080511639687,-0.4363323152065277,-1.0
1785941080621316778,0.4044649302959442,-1.0
1785941080711638525,-0.4363323152065277,-1.0
1785941080812959835,-0.4363323152065277,-1.0
1785941080918653667,0.4363323152065277,-1.0
1785941081016195438,-0.4363323152065277,-1.0
1785941081111843952,-0.4363323152065277,-1.0
1785941081218168081,0.4363323152065277,-1.0
1785941081312116145,-0.4363323152065277,-1.0
1785941081411862418,-0.4363323152065277,-1.0
1785941081519340735,0.4363323152065277,-1.0
1785941081612911888,-0.4363323152065277,-1.0
1785941081712364294,-0.4363323152065277,-1.0
1785941081819205851,-0.4363323152065277,-1.0
1785941081919265448,0.4363323152065277,-1.0
1785941082024291062,0.4363323152065277,-1.0
1785941082119095511,0.4363323152065277,-1.0
1785941082219429103,0.4363323152065277,-1.0
1785941082318264172,0.4363323152065277,-1.0
1785941082420109343,0.41026604175567627,-1.0
1785941082517552743,0.32698217034339905,-1.0
1785941082622258632,0.24814216792583466,-1.0
1785941082719442374,-0.4363323152065277,-1.0
1785941082815919720,-0.4363323152065277,-1.0
1785941082916083193,-0.4363323152065277,-1.0
1785941083018630471,0.4042249917984009,-1.0
1785941083118850555,0.3340752124786377,-1.0
1785941083229147381,0.35780853033065796,-1.0
1785941083318094163,0.363404780626297,-1.0
1785941083417983898,0.21466442942619324,-1.0
1785941083518548826,0.12268442660570145,-1.0
1785941083619032408,0.06870664656162262,-1.0
1785941083718134080,0.02685038559138775,-1.0
1785941083818491961,0.01633838377892971,-1.0
1785941083920632311,-0.018420666456222534,-1.0
1785941084017783827,-0.017106667160987854,-1.0
1785941084124750573,0.004511287435889244,-1.0
1785941084218861651,0.033790361136198044,-1.0
1785941084318795835,0.026441076770424843,-1.0
1785941084421368490,0.02914700284600258,-1.0
1785941084519531790,0.002623448148369789,-1.0
1785941084619117640,-0.006881853099912405,-1.0
1785941084719334108,0.0007499048369936645,-1.0
1785941084818541672,-0.0011120348935946822,-1.0
1785941084923131749,0.0006453522364608943,-1.0
1785941085022552121,0.006090915761888027,-1.0
1785941085119166337,0.004573514685034752,-1.0
1785941085218714266,-0.005983639508485794,-1.0
1785941085321067393,0.0009464453323744237,-1.0
1785941085422843248,0.0009464453323744237,-1.0
1785941085518127460,-0.030288930982351303,-1.0
1785941085618996721,0.007545055355876684,-1.0
1785941085717638535,-0.013203690759837627,-1.0
1785941085818623032,-0.011889691464602947,-1.0
1785941085918675909,-0.014231066219508648,-1.0
1785941086018779508,-0.012984891422092915,-1.0
1785941086117779064,0.018504325300455093,-1.0
1785941086218134897,0.01690964214503765,-1.0
1785941086318510058,0.009775764308869839,-1.0
1785941086420852848,0.009025652892887592,-1.0
1785941086520991360,-0.00017551502969581634,-1.0
1785941086617839281,0.02377120964229107,-1.0
1785941086719751110,0.02114321105182171,-1.0
1785941086819057974,-0.015231224708259106,-1.0
1785941086918118077,-0.030466485768556595,-1.0
1785941087019189169,-0.022456448525190353,-1.0
1785941087120570066,-0.01336706429719925,-1.0
1785941087220735171,0.017347149550914764,-1.0
1785941087318483286,0.014799859374761581,-1.0
1785941087419249567,-0.00781448557972908,-1.0
1785941087518481740,0.015799574553966522,-1.0
1785941087619214547,0.0034389537759125233,-1.0
1785941087718293371,0.004924001172184944,-1.0
1785941087821539716,0.010597426444292068,-1.0
1785941087918495448,0.019770126789808273,-1.0
1785941088019448648,0.017142128199338913,-1.0
1785941088117470470,-0.028278840705752373,-1.0
1785941088218828230,-0.0016344139585271478,-1.0
1785941088319465322,0.0022962610237300396,-1.0
1785941088417768467,-0.006647015921771526,-1.0
1785941088520823188,0.0020853388123214245,-1.0
1785941088618534662,0.0033992216922342777,-1.0
1785941088719808963,-0.020416712388396263,-1.0
1785941088818149421,0.018638379871845245,-1.0
1785941088917977201,0.016010381281375885,-1.0
1785941089025929745,-0.020809046924114227,-1.0
1785941089120067832,0.011944697238504887,-1.0
1785941089220132166,0.011745218187570572,-1.0
1785941089317850168,-0.01972685381770134,-1.0
1785941089417912581,-0.01359709445387125,-1.0
1785941089518007924,-0.010220570489764214,-1.0
1785941089620222933,0.004329035058617592,-1.0
1785941089718616257,0.02852581813931465,-1.0
1785941089826468029,0.026706214994192123,-1.0
1785941089922973568,0.024737656116485596,-1.0
1785941090018219731,-0.026407625526189804,-1.0
1785941090120162249,-0.023388277739286423,-1.0
1785941090218399119,-0.012179242447018623,-1.0
1785941090318530911,-0.020405741408467293,-1.0
1785941090417685834,0.06582549214363098,-1.0
1785941090534808461,0.18075858056545258,-1.0
1785941090627366839,0.18684235215187073,-1.0
1785941090718250592,0.1850259006023407,-1.0
1785941090820107827,0.15959566831588745,-1.0
1785941090918145042,0.1590883880853653,-1.0
1785941091027938937,0.1839020550251007,-1.0
1785941091118472564,0.18079693615436554,-1.0
1785941091226298031,0.17554093897342682,-1.0
1785941091318259970,0.12589552998542786,-1.0
1785941091431825916,0.0974925309419632,-1.0
1785941091518397053,0.0647471696138382,-1.0
1785941091620340884,0.04722299054265022,-1.0
1785941091720187416,0.05069977790117264,-1.0
1785941091818645511,0.04451268911361694,-1.0
1785941091920486586,0.036628685891628265,-1.0
1785941092020090517,0.022495588287711143,-1.0
1785941092120526929,0.007534435950219631,-1.0
1785941092219619129,0.006220436654984951,-1.0
1785941092319647173,-0.0009728471632115543,-1.0
1785941092419122491,0.012214696034789085,-1.0
1785941092518408971,-0.003939121495932341,-1.0
1785941092620887894,-0.003939121495932341,-1.0
1785941092722663302,0.03281212970614433,-1.0
1785941092818162210,0.020996693521738052,-1.0
1785941092919024270,0.014426697045564651,-1.0
1785941093019174367,-0.017652157694101334,-1.0
1785941093120036459,0.005907053593546152,-1.0
1785941093218434648,-0.02426326647400856,-1.0
1785941093320625144,-0.02032126858830452,-1.0
1785941093419935400,-0.017983386293053627,-1.0
1785941093522234060,0.009448121301829815,-1.0
1785941093618924823,0.009382050484418869,-1.0
1785941093719262703,0.02375439926981926,-1.0
1785941093818579071,-0.0020254349801689386,-1.0
1785941093918178522,-0.0122378496453166,-1.0
1785941094019780004,-0.00960985105484724,-1.0
1785941094119528357,0.006919373758137226,-1.0
1785941094218890039,-0.005095799453556538,-1.0
1785941094319961451,-0.005989488214254379,-1.0
1785941094418068973,-0.01575133390724659,-1.0
1785941094519379082,-0.0038698080461472273,-1.0
1785941094622293735,6.102918996475637e-05,-1.0
1785941094720754134,0.00033302721567451954,-1.0
1785941094818173500,0.0332760326564312,-1.0
1785941094919370134,0.010671299882233143,-1.0
1785941095019870100,0.005716017913073301,-1.0
1785941095117899794,0.023126455023884773,-1.0
1785941095220726347,-0.0012449893401935697,-1.0
1785941095320183425,-0.001797399716451764,-1.0
1785941095422619658,-0.022891836240887642,-1.0
1785941095519344438,-0.01662318967282772,-1.0
1785941095620220227,0.008029479533433914,-1.0
1785941095717605225,0.008478222414851189,-1.0
1785941095819068460,0.005511520896106958,-1.0
1785941095917781157,-0.02100919559597969,-1.0
1785941096020600286,-0.01838119700551033,-1.0
1785941096118819619,-0.012862049974501133,-1.0
1785941096217874666,0.020892033353447914,-1.0
1785941096326234457,-0.008932237513363361,-1.0
1785941096418067847,-0.007634070701897144,-1.0
1785941096517922540,0.00146755191963166,-1.0
1785941096618180129,0.004868094809353352,-1.0
1785941096722699675,0.013217923231422901,-1.0
1785941096818049010,0.011686325073242188,-1.0
1785941096918132192,0.009058326482772827,-1.0
1785941097047156082,-0.026451095938682556,-1.0
1785941097117799721,0.00934095773845911,-1.0
1785941097225755081,0.01328295562416315,-1.0
1785941097326342890,-0.00485153729096055,-1.0
1785941097420553012,-0.0016305125318467617,-1.0
1785941097519114023,-0.0020803820807486773,-1.0
1785941097620467207,0.03493067994713783,-1.0
1785941097720509331,0.03230268135666847,-1.0
1785941097820263637,-0.013784738257527351,-1.0
1785941097921155234,-0.04230905696749687,-1.0
1785941098018304127,-0.0384187214076519,-1.0
1785941098119403156,0.007395139429718256,-1.0
1785941098224908789,0.010023137554526329,-1.0
1785941098319648723,0.0216542799025774,-1.0
1785941098419888488,0.02044900320470333,-1.0
1785941098518378392,0.013782340101897717,-1.0
1785941098618613132,0.021774301305413246,-1.0
1785941098720775243,0.020940667018294334,-1.0
1785941098818475196,0.017271777614951134,-1.0
1785941098918722513,-0.026742951944470406,-1.0
1785941099018368910,-0.0400061160326004,-1.0
1785941099120350310,-0.01123796682804823,-1.0
1785941099219415821,-0.005214293021708727,-1.0
1785941099320102002,-0.014799696393311024,-1.0
1785941099419558920,-0.02346833422780037,-1.0
1785941099519390252,-0.02084033563733101,-1.0
1785941099619082123,-0.015699895098805428,-1.0
1785941099723245304,0.023776298388838768,-1.0
1785941099820125354,0.024998176842927933,-1.0
1785941099920235353,-0.009410153143107891,-1.0
1785941100019181115,-0.029685813933610916,-1.0
1785941100126059249,-0.02442389912903309,-1.0
1785941100221252833,0.02404005080461502,-1.0
1785941100318327418,-0.012052850797772408,-1.0
1785941100420813542,-0.012052850797772408,-1.0
1785941100518885286,-0.006477220915257931,-1.0
1785941100622385881,0.009179755114018917,-1.0
1785941100719860993,0.009732207283377647,-1.0
1785941100820391009,-0.009285703301429749,-1.0
1785941100922675781,-0.01153379213064909,-1.0
1785941101020935116,0.01668829470872879,-1.0
1785941101118285840,0.01545012928545475,-1.0
1785941101218111700,0.01924971677362919,-1.0
1785941101319760159,0.015139131806790829,-1.0
1785941101419445054,0.008200831711292267,-1.0
1785941101517659011,-0.02720976434648037,-1.0
1785941101618815227,-0.0013755530817434192,-1.0
1785941101722966471,-0.011675802059471607,-1.0
1785941101819883770,-0.011673715896904469,-1.0
1785941101919156745,0.029660267755389214,-1.0
1785941102020872407,0.012478143908083439,-1.0
1785941102118710637,0.011082367971539497,-1.0
1785941102218759194,-0.02245764434337616,-1.0
1785941102317851618,0.0034441789612174034,-1.0
1785941102418227675,0.004758178256452084,-1.0
1785941102519560442,-0.024777067825198174,-1.0
1785941102619614343,0.017997469753026962,-1.0
1785941102720323406,0.01600482128560543,-1.0
1785941102819627197,-0.0171656496822834,-1.0
1785941102919077587,0.024752739816904068,-1.0
1785941103017717993,0.024595629423856735,-1.0
1785941103120725257,0.026603633537888527,-1.0
1785941103218702821,-0.029277058318257332,-1.0
1785941103320906694,-0.02796305902302265,-1.0
1785941103418727868,-0.008580571040511131,-1.0
1785941103519268508,0.008771402761340141,-1.0
1785941103618839926,-0.028431067243218422,-1.0
1785941103718645785,-0.0257586557418108,-1.0
1785941103818869709,-0.003806433640420437,-1.0
1785941103918448200,0.005634442437440157,-1.0
1785941104017617778,0.006790633779019117,-1.0
1785941104120029659,0.02870459295809269,-1.0
1785941104218576141,-0.019959544762969017,-1.0
1785941104320458017,-0.019959544762969017,-1.0
1785941104420035452,0.001822277787141502,-1.0
1785941104519247272,0.0013625797582790256,-1.0
1785941104619501373,-0.03222605958580971,-1.0
1785941104718044399,0.00634662015363574,-1.0
1785941104818738165,0.008974619209766388,-1.0
1785941104918006788,-0.008209964260458946,-1.0
1785941105019050071,0.008226180449128151,-1.0
1785941105119858593,0.00640401104465127,-1.0
1785941105217996004,-0.02034086361527443,-1.0
1785941105318364509,-0.0063651795499026775,-1.0
1785941105419196200,-0.0038955560885369778,-1.0
1785941105519433084,0.01733793504536152,-1.0
1785941105618282747,0.003176625818014145,-1.0
1785941105721689290,0.003176625818014145,-1.0
1785941105820131000,0.022378835827112198,-1.0
1785941105920289161,-0.010325275361537933,-1.0
1785941106018360169,-0.02661912888288498,-1.0
1785941106127243949,-0.02365698479115963,-1.0
1785941106220469809,0.041292864829301834,-1.0
1785941106317891576,-0.0003115349682047963,-1.0
1785941106420109945,-0.003617894370108843,-1.0
1785941106519521645,0.05010716989636421,-1.0
1785941106619070534,0.022025596350431442,-1.0
1785941106719083058,0.01240925956517458,-1.0
1785941106820701339,-0.029987070709466934,-1.0
1785941106917954044,-0.029901182278990746,-1.0
1785941107022314096,-0.023331185802817345,-1.0
1785941107118257373,0.008811814710497856,-1.0
1785941107218486417,0.03857820853590965,-1.0
1785941107320554508,0.009191942401230335,-1.0
1785941107418600747,0.0020113917998969555,-1.0
1785941107521612747,-0.020119618624448776,-1.0
1785941107618736550,0.002261559944599867,-1.0
1785941107723024472,0.003142236964777112,-1.0
1785941107818779870,0.0018795245559886098,-1.0
1785941107922274000,0.012951457872986794,-1.0
1785941108018150875,0.008773168548941612,-1.0
1785941108125848241,-0.0004943858948536217,-1.0
1785941108220155551,0.008573133498430252,-1.0
1785941108319313897,-0.012760048732161522,-1.0
1785941108420478849,-0.0129808085039258,-1.0
1785941108518325017,-0.002622312167659402,-1.0
1785941108620449782,-0.03046273998916149,-1.0
1785941108719390424,-0.031195180490612984,-1.0
1785941108820280165,-0.013936358503997326,-1.0
1785941108919611734,0.008763243444263935,-1.0
1785941109018411282,0.008763243444263935,-1.0
1785941109119648205,-0.0005568144842982292,-1.0
1785941109225822536,-0.003050154307857156,-1.0
1785941109320334910,-0.006104270927608013,-1.0
1785941109418240407,-0.03420835733413696,-1.0
1785941109519501427,0.01629146747291088,-1.0
1785941109619703878,0.01327896025031805,-1.0
1785941109720150050,-0.008169049397110939,-1.0
1785941109818703797,-0.019624827429652214,-1.0
1785941109919066350,-0.015682829543948174,-1.0
1785941110018357501,-0.01905709132552147,-1.0
1785941110120837481,0.027923697605729103,-1.0
1785941110225195197,0.02692512795329094,-1.0
1785941110324322534,-0.003688895609229803,-1.0
1785941110418059102,-0.01816997490823269,-1.0
1785941110521159969,-0.014192732982337475,-1.0
1785941110618126134,-0.009360904805362225,-1.0
1785941110717702672,0.017358927056193352,-1.0
1785941110818450616,0.019226055592298508,-1.0
1785941110922477024,-0.005159229040145874,-1.0
1785941111018914144,-0.004342914093285799,-1.0
1785941111118244881,-0.029652204364538193,-1.0
1785941111218388482,-0.026354359462857246,-1.0
1785941111319706784,0.008549683727324009,-1.0
1785941111418570750,0.027028068900108337,-1.0
1785941111518881493,0.025594912469387054,-1.0
1785941111623445778,0.007751214783638716,-1.0
1785941111720687313,-0.006768686231225729,-1.0
1785941111818759857,-0.006768686231225729,-1.0
1785941111921258461,0.030795171856880188,-1.0
1785941112030569330,-0.0037146357353776693,-1.0
1785941112119030109,-0.005811247508972883,-1.0
1785941112218115428,-0.012138725258409977,-1.0
1785941112320570510,0.019768208265304565,-1.0
1785941112418307393,0.016966449096798897,-1.0
1785941112519013896,0.01302444376051426,-1.0
1785941112619500901,0.005160180386155844,-1.0
1785941112718254944,-0.00030728112324140966,-1.0
1785941112820524771,0.009306978434324265,-1.0
1785941112919288094,0.009449241682887077,-1.0
1785941113019174468,0.020771464332938194,-1.0
1785941113128800997,0.02991301752626896,-1.0
1785941113220145024,0.02597101964056492,-1.0
1785941113317691020,0.00594656728208065,-1.0
1785941113418688925,-0.009469050914049149,-1.0
1785941113518447583,-0.003393466118723154,-1.0
1785941113618424105,-0.0024660960771143436,-1.0
1785941113720036210,-0.001228861859999597,-1.0
1785941113818969780,0.022324450314044952,-1.0
1785941113917876916,0.017392147332429886,-1.0
1785941114018088775,-0.0385594479739666,-1.0
1785941114118684969,0.007452088873833418,-1.0
1785941114222714545,0.011574145406484604,-1.0
1785941114320150136,-0.03161371126770973,-1.0
1785941114419114107,-0.008949828334152699,-1.0
1785941114521245464,0.020618276670575142,-1.0
1785941114617864352,0.018849467858672142,-1.0
1785941114719380326,-0.027284596115350723,-1.0
1785941114819211754,0.016456497833132744,-1.0
1785941114917880289,0.017976779490709305,-1.0
1785941115018150391,-0.021161429584026337,-1.0
1785941115120467420,-0.01290150173008442,-1.0
1785941115218227344,-0.0076455045491456985,-1.0
1785941115317988913,0.02230682224035263,-1.0
1785941115419206123,-0.010307666845619678,-1.0
1785941115519476705,-0.01121790986508131,-1.0
1785941115627740109,-0.022178398445248604,-1.0
1785941115718779644,0.0007086332770995796,-1.0
1785941115819449697,0.005001314915716648,-1.0
1785941115926280085,-0.017943305894732475,-1.0
1785941116019278768,0.014108593575656414,-1.0
1785941116120066105,0.014108593575656414,-1.0
1785941116217944946,-0.003328812075778842,-1.0
1785941116319428566,0.0074129956774413586,-1.0
1785941116421348716,0.004776769783347845,-1.0
1785941116518180668,0.003955037798732519,-1.0
1785941116628987050,-0.009837154299020767,-1.0
1785941116718062157,-0.02012472413480282,-1.0
1785941116817813326,-0.016182726249098778,-1.0
1785941116918718876,0.015141071751713753,-1.0
1785941117019432131,0.008842367678880692,-1.0
1785941117123302596,0.007923615165054798,-1.0
1785941117217969184,-0.008334532380104065,-1.0
1785941117319633867,0.0039749774150550365,-1.0
1785941117419019838,0.003940619993954897,-1.0
1785941117522020158,0.018011225387454033,-1.0
1785941117618381659,0.012903167866170406,-1.0
1785941117718601103,0.010275169275701046,-1.0
1785941117821550668,-0.026754766702651978,-1.0
1785941117925594132,-0.022466644644737244,-1.0
1785941118018612080,-0.035776056349277496,-1.0
1785941118120977943,0.0019399519078433514,-1.0
1785941118219014197,0.006116172298789024,-1.0
1785941118318082012,0.014075438492000103,-1.0
1785941118420279868,0.0108179384842515,-1.0
1785941118525403438,0.03304449841380119,-1.0
1785941118621459584,0.005873870570212603,-1.0
1785941118722368526,-0.008578344248235226,-1.0
1785941118818166518,-0.0072856382466852665,-1.0
1785941118918908862,-0.00476149283349514,-1.0
1785941119023297779,0.010812628082931042,-1.0
1785941119120720602,0.0081832529976964,-1.0
1785941119220796776,0.013165811076760292,-1.0
1785941119318388725,-0.016458362340927124,-1.0
1785941119419896251,0.0007873094291426241,-1.0
1785941119520213298,0.00047521619126200676,-1.0
1785941119619066256,-0.004759135656058788,-1.0
1785941119720060770,-0.0024406404700130224,-1.0
1785941119821155191,-0.0024406404700130224,-1.0
1785941119927093513,-0.007225787732750177,-1.0
1785941120021118347,-0.024338670074939728,-1.0
1785941120121319006,-0.02182910032570362,-1.0
1785941120217915173,0.006180698052048683,-1.0
1785941120326156176,0.00703064352273941,-1.0
1785941120419139114,0.015265808440744877,-1.0
1785941120519979254,0.012637809850275517,-1.0
1785941120621014825,0.02136147767305374,-1.0
1785941120718728731,-0.01687581278383732,-1.0
1785941120819207224,-0.015412673354148865,-1.0
1785941120921363927,0.003201371058821678,-1.0
1785941121020217846,-0.006023929454386234,-1.0
1785941121118219891,-0.008280967362225056,-1.0
1785941121218734770,-0.00533391535282135,-1.0
1785941121318458130,-0.001323052798397839,-1.0
1785941121426254060,0.0386955589056015,-1.0
1785941121519714264,0.035671770572662354,-1.0
1785941121621126074,-0.001907911617308855,-1.0
1785941121717686656,0.028033284470438957,-1.0
1785941121818261441,0.025405272841453552,-1.0
1785941121919745061,-0.002318000653758645,-1.0
1785941122019460453,-0.006464669480919838,-1.0
1785941122120453527,-0.007277112919837236,-1.0
1785941122219486364,-0.00746114132925868,-1.0
1785941122322250834,-0.029194403439760208,-1.0
1785941122418578319,-0.023837853223085403,-1.0
1785941122519697765,-0.0037424720358103514,-1.0
1785941122621580985,0.011154239997267723,-1.0
1785941122718546574,-0.010511987842619419,-1.0
1785941122819984465,-0.009838027879595757,-1.0
1785941122918167893,-0.026423929259181023,-1.0
1785941123018038747,0.028902333229780197,-1.0
1785941123118961002,0.02771938033401966,-1.0
1785941123219136635,-0.009222973138093948,-1.0
1785941123318821498,0.00023449845321010798,-1.0
1785941123422808896,0.01994449459016323,-1.0
1785941123517464635,0.11341371387243271,-1.0
1785941123617850453,0.1871994286775589,-1.0
1785941123718130667,0.17207837104797363,-1.0
1785941123824336871,0.17207837104797363,-1.0
1785941123922792310,0.1832161396741867,-1.0
1785941124018015847,0.18985553085803986,-1.0
1785941124119239234,0.18985553085803986,-1.0
1785941124220565216,0.19207246601581573,-1.0
1785941124319646151,0.13632678985595703,-1.0
1785941124418626923,0.09822698682546616,-1.0
1785941124518460399,0.060779958963394165,-1.0
1785941124620219422,0.03291827812790871,-1.0
1785941124719445547,0.020121952518820763,-1.0
1785941124819453206,0.02899017557501793,-1.0
1785941124921903296,0.02504817768931389,-1.0
1785941125019721687,0.004344235174357891,-1.0
1785941125118500178,0.04246550798416138,-1.0
1785941125218951726,0.038416117429733276,-1.0
1785941125326392122,0.004869512282311916,-1.0
1785941125422672565,-0.0017004840774461627,-1.0
1785941125517956009,-0.005363031290471554,-1.0
1785941125618325666,-0.009327784180641174,-1.0
1785941125720566404,-0.004771213512867689,-1.0
1785941125819438051,0.05443379282951355,-1.0
1785941125920972201,0.013505029492080212,-1.0
1785941126020218679,0.007032300345599651,-1.0
1785941126120294789,0.005718301050364971,-1.0
1785941126219278056,0.02241595834493637,-1.0
1785941126318172872,0.004510651808232069,-1.0
1785941126420719702,0.0018518985016271472,-1.0
1785941126521266518,-0.008670625276863575,-1.0
1785941126620131285,-0.025084828957915306,-1.0
1785941126721756159,-0.02111005410552025,-1.0
1785941126820663071,0.014194106683135033,-1.0
1785941126917550449,0.006373401265591383,-1.0
1785941127019002901,0.005059401970356703,-1.0
1785941127118821145,0.0023266952484846115,-1.0
1785941127217740442,-0.02862536534667015,-1.0
1785941127321727967,-0.008896421641111374,-1.0
1785941127419701884,-0.004084176383912563,-1.0
1785941127528431321,0.009239093400537968,-1.0
1785941127618749612,-0.032796572893857956,-1.0
1785941127718494413,-0.031482573598623276,-1.0
1785941127826424716,-0.016462111845612526,-1.0
1785941127919659856,0.02928156964480877,-1.0
1785941128017864150,0.02826511301100254,-1.0
1785941128123411768,-0.016349535435438156,-1.0
1785941128218328669,0.005353420972824097,-1.0
1785941128317381732,0.007271326147019863,-1.0
1785941128418458552,0.02865929901599884,-1.0
1785941128519434089,-0.006780324503779411,-1.0
1785941128622153150,-0.008094323799014091,-1.0
1785941128718381302,-0.009354126639664173,-1.0
1785941128818347168,-0.0024407804012298584,-1.0
1785941128917919322,-0.0008574983803555369,-1.0
1785941129017358031,0.0003027915954589844,-1.0
1785941129119387817,0.004469424951821566,-1.0
1785941129218099458,-0.007271722890436649,-1.0
1785941129318853802,-0.007271722890436649,-1.0
1785941129419251364,0.01023933570832014,-1.0
1785941129517655633,0.008774429559707642,-1.0
1785941129619040946,0.00635881582275033,-1.0
1785941129719490766,-0.006971918512135744,-1.0
1785941129819767492,-0.005106545984745026,-1.0
1785941129918184913,0.02646723948419094,-1.0
1785941130018844342,0.0225252415984869,-1.0
1785941130118681978,-0.019864466041326523,-1.0
1785941130219537031,0.018104223534464836,-1.0
1785941130317693898,0.01729520969092846,-1.0
1785941130420384253,-0.007604037877172232,-1.0
1785941130517978187,-0.007130212616175413,-1.0
1785941130619465871,-0.005816213320940733,-1.0
1785941130719221329,0.03366146609187126,-1.0
1785941130817804581,0.015079391188919544,-1.0
1785941130920826661,0.0082960594445467,-1.0
1785941131019541342,-0.006178713403642178,-1.0
1785941131123767949,-0.028500517830252647,-1.0
1785941131229780385,-0.02592434734106064,-1.0
1785941131320278715,-0.020165424793958664,-1.0
1785941131419734673,0.018337512388825417,-1.0
1785941131520042888,0.01610676944255829,-1.0
1785941131620679500,-0.013805659487843513,-1.0
1785941131720547697,0.0029170671477913857,-1.0
1785941131819665978,0.005020821932703257,-1.0
1785941131920484517,-0.02191522903740406,-1.0
1785941132019292161,-0.01971394754946232,-1.0
1785941132120206864,0.02464982680976391,-1.0
1785941132219536769,-0.0005448342417366803,-1.0
1785941132319394758,-0.005253218580037355,-1.0
1785941132419900901,-0.023448336869478226,-1.0
1785941132520457765,-0.020545581355690956,-1.0
1785941132621168428,-0.015532068908214569,-1.0
1785941132717914936,-0.012251169420778751,-1.0
1785941132833504064,-0.0006425598403438926,-1.0
1785941132918439714,0.00939611904323101,-1.0
1785941133018129921,0.008206609636545181,-1.0
1785941133120138522,0.0031474230345338583,-1.0
1785941133219650162,0.012990638613700867,-1.0
1785941133319260494,0.010362640023231506,-1.0
1785941133418264754,-0.015520854853093624,-1.0
1785941133522572420,0.0006024959147907794,-1.0
1785941133620558721,0.0010754981776699424,-1.0
1785941133718322613,0.0027358010411262512,-1.0
1785941133820424658,-0.0053711519576609135,-1.0
1785941133919015878,-0.00554879754781723,-1.0
1785941134019240634,0.0019993388559669256,-1.0
1785941134118141562,0.017119456082582474,-1.0
1785941134218842784,0.012584690004587173,-1.0
1785941134318466908,-0.003088125493377447,-1.0
1785941134422027857,-0.024212026968598366,-1.0
1785941134519364405,-0.02146325260400772,-1.0
1785941134620448234,4.3546166125452146e-05,-1.0
1785941134717880305,-0.011981269344687462,-1.0
1785941134818179496,-0.00932899210602045,-1.0
1785941134919038068,-0.006994811352342367,-1.0
1785941135020745505,-0.0006304469425231218,-1.0
1785941135121953531,0.030381707474589348,-1.0
1785941135220135327,0.02774675562977791,-1.0
1785941135318504779,-0.004130380228161812,-1.0
1785941135430157050,-0.007370842155069113,-1.0
1785941135519835092,-0.016881674528121948,-1.0
1785941135617696524,-0.01286506187170744,-1.0
1785941135718819299,0.010313632898032665,-1.0
1785941135823876274,0.0007663920987397432,-1.0
1785941135918849306,0.0006505021592602134,-1.0
1785941136018368466,0.002359001897275448,-1.0
1785941136118620070,-0.0056821866892278194,-1.0
1785941136218481452,0.014637460000813007,-1.0
1785941136317497681,0.013464642688632011,-1.0
1785941136423728238,0.014384984970092773,-1.0
1785941136522183388,0.011168437078595161,-1.0
1785941136620170713,0.008540438488125801,-1.0
1785941136720105698,-0.0021361527033150196,-1.0
1785941136819878884,-0.02630334161221981,-1.0
1785941136920981689,0.006338048260658979,-1.0
1785941137017798825,0.007612865883857012,-1.0
1785941137119557336,-0.018513280898332596,-1.0
1785941137218853608,0.027303684502840042,-1.0
1785941137323511655,0.027303684502840042,-1.0
1785941137418820956,-0.0032516547944396734,-1.0
1785941137518416503,0.008270280435681343,-1.0
1785941137625193961,0.003250410780310631,-1.0
1785941137719116488,0.0016265524318441749,-1.0
1785941137821992483,-0.011893943883478642,-1.0
1785941137918868500,-0.012829413637518883,-1.0
1785941138050249282,-0.008887415751814842,-1.0
1785941138123348216,0.005486384499818087,-1.0
1785941138220126374,0.005791686940938234,-1.0
1785941138318479441,-0.017914924770593643,-1.0
1785941138417823042,0.021278612315654755,-1.0
1785941138519375306,0.019964613020420074,-1.0
1785941138625644296,-0.004740102216601372,-1.0
1785941138720292963,-0.002005127025768161,-1.0
1785941138819278279,-0.00030582299223169684,-1.0
1785941138918579254,0.000513487437274307,-1.0
1785941139019887252,-0.03711114823818207,-1.0
1785941139118496617,-0.037517573684453964,-1.0
1785941139218243882,0.007416423875838518,-1.0
1785941139318445597,0.012337567284703255,-1.0
1785941139418114875,-0.0006050151423551142,-1.0
1785941139518698876,-0.0004116004565730691,-1.0
1785941139617914089,0.031009800732135773,-1.0
1785941139718108571,0.011359075084328651,-1.0
1785941139817869565,0.00586783466860652,-1.0
1785941139921586232,0.023135021328926086,-1.0
1785941140020697697,0.005769719835370779,-1.0
1785941140119745254,0.0031417212449014187,-1.0
1785941140219929177,-0.014686241745948792,-1.0
1785941140324521270,0.007388231344521046,-1.0
1785941140420102069,0.008939926512539387,-1.0
1785941140518621094,-0.02104516699910164,-1.0
1785941140622085176,0.008868420496582985,-1.0
1785941140730335587,0.009752566926181316,-1.0
1785941140832139316,0.0013826527865603566,-1.0
1785941140918074493,-0.038403987884521484,-1.0
1785941141020093654,-0.035775989294052124,-1.0
1785941141118559077,0.011614454910159111,-1.0
1785941141218490830,0.032332178205251694,-1.0
1785941141326123457,0.02739770896732807,-1.0
1785941141419081306,-0.021150533109903336,-1.0
1785941141521534021,-0.009718847461044788,-1.0
1785941141618499930,-0.017102746292948723,-1.0
1785941141721107370,-0.014474747702479362,-1.0
1785941141818564562,0.002812480553984642,-1.0
1785941141918908266,0.007502670865505934,-1.0
1785941142018521318,0.004392416216433048,-1.0
1785941142125683559,0.020811785012483597,-1.0
1785941142218797927,-0.006981965154409409,-1.0
1785941142319110878,-0.006981965154409409,-1.0
1785941142420206163,-0.003767388639971614,-1.0
1785941142523753544,0.020610669627785683,-1.0
1785941142620298477,0.01829494722187519,-1.0
1785941142720452190,-0.03487344831228256,-1.0
1785941142822148042,0.007198101840913296,-1.0
1785941142919508271,-0.002360027749091387,-1.0
1785941143020032014,-0.0027013139333575964,-1.0
1785941143119175032,-0.011673163622617722,-1.0
1785941143226441757,0.02123950608074665,-1.0
1785941143320171092,0.019205229356884956,-1.0
1785941143419127766,-0.0025810266379266977,-1.0
1785941143519654486,-0.012540344148874283,-1.0
1785941143626319780,-0.0053120749071240425,-1.0
1785941143718163986,-0.0016728290356695652,-1.0
1785941143819777563,-0.03211400285363197,-1.0
1785941143920989589,-0.004546750336885452,-1.0
1785941144018377723,0.00044732389505952597,-1.0
1785941144118015384,-0.02026134356856346,-1.0
1785941144217929887,0.009394598193466663,-1.0
1785941144322520508,0.007813351228833199,-1.0
1785941144418951837,0.00734235905110836,-1.0
1785941144518803074,0.020086269825696945,-1.0
1785941144618678248,0.007373855449259281,-1.0
1785941144719670809,0.006381005514413118,-1.0
1785941144823571804,0.0006248608697205782,-1.0
1785941144918721194,-0.011629526503384113,-1.0
1785941145019172519,-0.010315527208149433,-1.0
1785941145121245474,-0.003399099688977003,-1.0
1785941145220367435,-0.0015578394522890449,-1.0
1785941145319288268,-0.00024384015705436468,-1.0
1785941145418065223,0.020969703793525696,-1.0
1785941145517927053,0.003027496859431267,-1.0
1785941145619655323,0.0008924031280912459,-1.0
1785941145720532168,-0.014846697449684143,-1.0
1785941145818416129,-0.015588411130011082,-1.0
1785941145920998448,-0.01169187668710947,-1.0
1785941146017817759,0.00240583554841578,-1.0
1785941146123605547,-0.013308616355061531,-1.0
1785941146221408416,-0.011994617059826851,-1.0
1785941146319375292,-0.010682405903935432,-1.0
1785941146419480811,-0.010466915555298328,-1.0
1785941146518117057,0.021996695548295975,-1.0
1785941146618000424,0.020216500386595726,-1.0
1785941146724701111,0.018412141129374504,-1.0
1785941146819044038,-0.018794864416122437,-1.0
1785941146917573624,-0.018794864416122437,-1.0
1785941147018982553,-0.019482649862766266,-1.0
1785941147119933929,0.017505669966340065,-1.0
1785941147219985174,0.016428247094154358,-1.0
1785941147319902942,0.012486249208450317,-1.0
1785941147419671008,0.00027842429699376225,-1.0
1785941147522626525,0.001317057409323752,-1.0
1785941147619367146,0.0015064694453030825,-1.0
1785941147718813567,0.012191294692456722,-1.0
1785941147819164376,-0.01848680153489113,-1.0
1785941147924090914,-0.01638334058225155,-1.0
1785941148017959967,-0.017285173758864403,-1.0
1785941148126245003,-0.004052372183650732,-1.0
1785941148218946939,-0.00016159842198248953,-1.0
1785941148321519562,0.002206985140219331,-1.0
1785941148420719126,0.008748549036681652,-1.0
1785941148522601354,-0.020291103050112724,-1.0
1785941148619963086,-0.018944967538118362,-1.0
1785941148718981811,0.02859930321574211,-1.0
1785941148818466794,0.01826964132487774,-1.0
1785941148919394553,0.013774123974144459,-1.0
1785941149020259589,-0.006998442579060793,-1.0
1785941149118041370,-0.010103189386427402,-1.0
1785941149220321309,0.027099566534161568,-1.0
1785941149320251622,0.025505853816866875,-1.0
1785941149417704974,0.021005835384130478,-1.0
1785941149521031930,-0.049837905913591385,-1.0
1785941149619449415,-0.05041178688406944,-1.0
1785941149720319124,-0.018609819933772087,-1.0
1785941149819643077,0.04426649957895279,-1.0
1785941149920128546,-0.0004803150368388742,-1.0
1785941150019513717,-0.008811850100755692,-1.0
1785941150119483743,-0.006324242800474167,-1.0
1785941150221045991,0.0008427334832958877,-1.0
1785941150317938809,0.0008427334832958877,-1.0
1785941150420406596,0.000174270651768893,-1.0
1785941150519202208,0.004046622198075056,-1.0
1785941150627377800,0.0027326226700097322,-1.0
1785941150720699824,0.007376622408628464,-1.0
1785941150819169055,0.029271474108099937,-1.0
1785941150918014141,0.023170262575149536,-1.0
1785941151020521802,-0.008332354947924614,-1.0
1785941151121704898,-0.031073205173015594,-1.0
1785941151218226182,-0.028891416266560555,-1.0
1785941151320809685,0.01047487836331129,-1.0
1785941151418390082,0.020469602197408676,-1.0
1785941151520552353,0.016527604311704636,-1.0
1785941151618741766,-0.006968302186578512,-1.0
1785941151723972092,0.0200270414352417,-1.0
1785941151817844185,0.01739904284477234,-1.0
1785941151919944917,0.006466131191700697,-1.0
1785941152024413454,0.005152131896466017,-1.0
1785941152118260394,-0.02128419652581215,-1.0
1785941152218926190,-0.019932005554437637,-1.0
1785941152326123825,0.007075549568980932,-1.0
1785941152418082308,-0.014228674583137035,-1.0
1785941152521747197,0.009982035495340824,-1.0
1785941152619080640,0.008813168853521347,-1.0
1785941152719008904,0.0063269068486988544,-1.0
1785941152817983243,0.004277600906789303,-1.0
1785941152918933083,0.018652185797691345,-1.0
1785941153018453107,-0.014432074502110481,-1.0
1785941153118288792,0.004154257941991091,-1.0
1785941153224153030,0.004154257941991091,-1.0
1785941153318107687,-0.0005188420182093978,-1.0
1785941153418623814,-0.013345692306756973,-1.0
1785941153521198132,-0.011346057057380676,-1.0
1785941153618317296,0.01833854615688324,-1.0
1785941153718693033,-0.04375705495476723,-1.0
1785941153819307340,0.02366442047059536,-1.0
1785941153919674597,0.026792390272021294,-1.0
1785941154018280794,-0.012353982776403427,-1.0
1785941154119835649,-0.007588192354887724,-1.0
1785941154222473970,-0.003618033370003104,-1.0
1785941154324369159,0.00997124146670103,-1.0
1785941154418519919,-0.017489613965153694,-1.0
1785941154517911970,0.0008724165963940322,-1.0
1785941154619855000,-0.002556646941229701,-1.0
1785941154719559224,-0.02122526429593563,-1.0
1785941154819721673,0.0053452374413609505,-1.0
1785941154918373632,0.006242627743631601,-1.0
1785941155019362961,0.017911333590745926,-1.0
1785941155117610808,-0.014539327472448349,-1.0
1785941155222576099,0.0017634148243814707,-1.0
1785941155318695416,0.00387383415363729,-1.0
1785941155417675771,0.000477543449960649,-1.0
1785941155519753495,0.011583623476326466,-1.0
1785941155620348249,0.010269624181091785,-1.0
1785941155719228504,0.02251148596405983,-1.0
1785941155818992826,0.00940416194498539,-1.0
1785941155920287863,-0.01533194538205862,-1.0
1785941156018445754,-0.011129562743008137,-1.0
1785941156118497735,-0.0011278006713837385,-1.0
1785941156218893473,-0.011850654147565365,-1.0
1785941156324825491,-0.011850654147565365,-1.0
1785941156419565521,0.02981288731098175,-1.0
1785941156518308780,-0.012938744388520718,-1.0
1785941156623176371,-0.014252743683755398,-1.0
1785941156718087257,-0.003388179698958993,-1.0
1785941156817447179,0.00567132793366909,-1.0
1785941156918788778,-0.0019402793841436505,-1.0
1785941157017562981,-0.0022860297467559576,-1.0
1785941157119357750,-0.015266687609255314,-1.0
1785941157217820933,0.006094729993492365,-1.0
1785941157320934217,0.004780730698257685,-1.0
1785941157417748888,0.010443835519254208,-1.0
1785941157519886262,0.006617877632379532,-1.0
1785941157617692716,-0.004951468203216791,-1.0
1785941157718340400,-0.004951468203216791,-1.0
1785941157825072384,-0.015300113707780838,-1.0
1785941157918246914,0.019893141463398933,-1.0
1785941158026001178,0.017727123573422432,-1.0
1785941158118039440,0.019564809277653694,-1.0
1785941158219311340,-0.01185197290033102,-1.0
1785941158317701656,-0.012791353277862072,-1.0
1785941158419336771,-0.005831501446664333,-1.0
1785941158518808889,0.004297938663512468,-1.0
1785941158618918760,0.004297938663512468,-1.0
1785941158717520317,-0.005714090541005135,-1.0
1785941158819509301,-0.007001442369073629,-1.0
1785941158919197300,0.014156842604279518,-1.0
1785941159017823017,0.011528844013810158,-1.0
1785941159121450849,0.0019011329859495163,-1.0
1785941159219208277,0.022007178515195847,-1.0
1785941159318738062,0.018065180629491806,-1.0
1785941159421671786,-0.016846437007188797,-1.0
1785941159520344578,-0.007136544678360224,-1.0
1785941159617886989,-0.0025132442824542522,-1.0
1785941159720355384,0.00504675367847085,-1.0
1785941159821166018,-0.010624277405440807,-1.0
1785941159918270013,-0.00865672342479229,-1.0
1785941160021020179,-0.015700066462159157,-1.0
1785941160122407091,-0.01997537724673748,-1.0
1785941160225147561,-0.00015079459990374744,-1.0
1785941160317642192,0.001604679157026112,-1.0
1785941160420503178,0.028568949550390244,-1.0
1785941160520182057,0.027211671695113182,-1.0
1785941160621169434,-0.004496782552450895,-1.0
1785941160727410583,0.0020297488663345575,-1.0
1785941160819295943,0.003940299153327942,-1.0
1785941160919756324,0.018428128212690353,-1.0
1785941161018717638,-0.03211864084005356,-1.0
1785941161118363907,0.004469510167837143,-1.0
1785941161218051842,0.007537460885941982,-1.0
1785941161320918332,-0.0008612218662165105,-1.0
1785941161419294600,0.01167770940810442,-1.0
1785941161520743915,0.01036371011286974,-1.0
1785941161618379259,-0.012831024825572968,-1.0
1785941161718742452,-0.022354157641530037,-1.0
1785941161823823460,-0.018412159755825996,-1.0
1785941161921981415,-0.02613990195095539,-1.0
1785941162019513234,-0.004062172956764698,-1.0
1785941162120041010,0.009533959440886974,-1.0
1785941162219721968,0.008219960145652294,-1.0
1785941162320315890,0.024494381621479988,-1.0
1785941162418708383,-0.009204765781760216,-1.0
1785941162520499439,-0.009743413887917995,-1.0
1785941162618760470,-0.02867232635617256,-1.0
1785941162719725479,-0.015413816086947918,-1.0
1785941162818862160,0.018064703792333603,-1.0
1785941162920372374,0.015436706133186817,-1.0
1785941163019223732,-0.025295846164226532,-1.0
1785941163119893337,-0.0018377740634605289,-1.0
1785941163218599186,-0.002108371816575527,-1.0
1785941163320640652,0.01917204074561596,-1.0
1785941163418952181,-0.002847889671102166,-1.0
1785941163527079676,-0.0022227803710848093,-1.0
1785941163620424612,0.00046890953672118485,-1.0
1785941163718997912,0.004707686603069305,-1.0
1785941163820108366,0.022627808153629303,-1.0
1785941163922433555,0.020034324377775192,-1.0
1785941164025035203,-0.0024358509108424187,-1.0
1785941164119446453,-0.0016673477366566658,-1.0
1785941164220280000,-0.0016673477366566658,-1.0
1785941164319284036,-0.008573614060878754,-1.0
1785941164420622339,0.027865970507264137,-1.0
1785941164520649935,0.025237971916794777,-1.0
1785941164628101787,-0.017373934388160706,-1.0
1785941164718471664,-0.03805796429514885,-1.0
1785941164819061394,-0.03490623086690903,-1.0
1785941164925239949,0.020740291103720665,-1.0
1785941165020507296,-0.027218500152230263,-1.0
1785941165118279636,0.0029614008963108063,-1.0
1785941165228337350,0.0042754001915454865,-1.0
1785941165319277233,0.0032260550651699305,-1.0
1785941165418942735,0.0019120558863505721,-1.0
1785941165522053139,0.03263566270470619,-1.0
1785941165619655360,-0.01465153880417347,-1.0
1785941165720487500,-0.01596553809940815,-1.0
1785941165819704632,-0.004375784657895565,-1.0
1785941165918795584,-0.0077529484406113625,-1.0
1785941166020000409,-0.005354749970138073,-1.0
1785941166117912307,0.010424543172121048,-1.0
1785941166218713597,0.014484123326838017,-1.0
1785941166318165523,0.01062655821442604,-1.0
1785941166419774076,-0.0026263839099556208,-1.0
1785941166519954062,0.001366917509585619,-1.0
1785941166620922047,0.017088357359170914,-1.0
1785941166720583356,0.014544251374900341,-1.0
1785941166817864478,-0.02868555299937725,-1.0
1785941166923389151,-0.011079132556915283,-1.0
1785941167021506593,-0.006010965909808874,-1.0
1785941167120958519,-0.018578264862298965,-1.0
1785941167218464673,-0.008184630423784256,-1.0
1785941167319969574,-0.005556632298976183,-1.0
1785941167426737304,0.003546802094206214,-1.0
1785941167518900242,-0.022226771339774132,-1.0
1785941167618113407,-0.02184928208589554,-1.0
1785941167722581303,-0.017809847369790077,-1.0
1785941167821898439,0.016919417306780815,-1.0
1785941167918130496,0.01406328845769167,-1.0
1785941168019972722,0.011435289867222309,-1.0
1785941168118050803,0.04197489842772484,-1.0
1785941168218074623,0.005478186998516321,-1.0
1785941168319082929,-0.03441791981458664,-1.0
1785941168420761181,-0.03422442451119423,-1.0
1785941168518064447,-0.009378735907375813,-1.0
1785941168619736107,0.047388385981321335,-1.0
1785941168717896782,0.04451686143875122,-1.0
1785941168818009181,-0.02525249682366848,-1.0
1785941168920563724,-0.008395710028707981,-1.0
1785941169017766570,0.005126430653035641,-1.0
1785941169119669407,0.003812431590631604,-1.0
1785941169218857194,0.02019687555730343,-1.0
1785941169318310752,0.008904295973479748,-1.0
1785941169418811614,0.004679761826992035,-1.0
1785941169518463227,0.004243339411914349,-1.0
1785941169620769088,-0.0399940051138401,-1.0
1785941169720416157,-0.010440430603921413,-1.0
1785941169818553856,-0.005184433422982693,-1.0
1785941169917999701,-0.007100125774741173,-1.0
1785941170019372885,0.01380232535302639,-1.0
1785941170117814756,0.011106716468930244,-1.0
1785941170217996566,0.00011294073919998482,-1.0
1785941170324534750,-0.0018248932901769876,-1.0
1785941170419225531,-0.0017768207471817732,-1.0
1785941170518489482,0.028607336804270744,-1.0
1785941170617672853,0.025914695113897324,-1.0
1785941170726134664,0.02406289428472519,-1.0
1785941170820276208,0.021194742992520332,-1.0
1785941170917906079,-0.0209030881524086,-1.0
1785941171017759236,-0.0035095419734716415,-1.0
1785941171120853415,0.0004637031233869493,-1.0
1785941171223070952,0.01872296817600727,-1.0
1785941171318368028,-0.030885521322488785,-1.0
1785941171419655513,-0.018333254382014275,-1.0
1785941171518623260,-0.012437717989087105,-1.0
1785941171621851172,0.030643902719020844,-1.0
1785941171720605759,0.001719350810162723,-1.0
1785941171835702292,-0.0009086478385142982,-1.0
1785941171925820511,-0.0420825257897377,-1.0
1785941172019643162,-0.02329985424876213,-1.0
1785941172119717000,0.0104698920622468,-1.0
1785941172222614787,0.009723720140755177,-1.0
1785941172318052157,-0.011627504602074623,-1.0
1785941172424953460,-0.008398531004786491,-1.0
1785941172518039826,-0.009220627136528492,-1.0
1785941172619006179,0.002261779736727476,-1.0
1785941172720173371,0.003710835473611951,-1.0
1785941172818246171,0.016811812296509743,-1.0
1785941172925349978,0.0333387590944767,-1.0
1785941173019435295,0.02786015160381794,-1.0
1785941173124550544,-0.011808743700385094,-1.0
1785941173218021406,0.006444147322326899,-1.0
1785941173328563074,0.006444147322326899,-1.0
1785941173423602860,-0.0036625151988118887,-1.0
1785941173522615313,-0.0036625151988118887,-1.0
1785941173619476450,0.0012685437686741352,-1.0
1785941173723433639,-0.0018317055655643344,-1.0
1785941173829199409,-0.002551614074036479,-1.0
1785941173929267935,-0.011944510042667389,-1.0
1785941174019898846,0.0004524329269770533,-1.0
1785941174118229512,-2.8654774723690934e-05,-1.0
1785941174221793661,-0.02573275752365589,-1.0
1785941174317526787,-0.002507414435967803,-1.0
1785941174533965687,0.00012058415450155735,-1.0
1785941174619277223,0.025052856653928757,-1.0
1785941174718770047,0.021110858768224716,-1.0
1785941174822992109,-0.02758106403052807,-1.0
1785941174919012254,-0.024953065440058708,-1.0
1785941175018702653,-0.0005652378313243389,-1.0
1785941175121674779,0.0020627607591450214,-1.0
1785941175220060711,0.011956202797591686,-1.0
1785941175317734744,-1.557358518766705e-05,-1.0
1785941175420392394,-0.0013295728713274002,-1.0
1785941175518855833,0.014543094672262669,-1.0
1785941175619231699,0.005135220009833574,-1.0
1785941175718176821,0.010616498999297619,-1.0
1785941175819178374,0.007848098874092102,-1.0
1785941175929242200,-0.024876156821846962,-1.0
1785941176019731954,-0.016932005062699318,-1.0
1785941176123557489,-0.011676006950438023,-1.0
1785941176219287158,0.011736368760466576,-1.0
1785941176318272154,0.00931673776358366,-1.0
1785941176419070276,0.006615163758397102,-1.0
1785941176523420439,0.014616891741752625,-1.0
1785941176618007888,0.011988893151283264,-1.0
1785941176722276033,-0.014366927556693554,-1.0
1785941176826497808,-0.013052928261458874,-1.0
1785941176919688402,0.0016229182947427034,-1.0
1785941177017452486,0.001044912845827639,-1.0
1785941177120084407,0.013399467803537846,-1.0
1785941177217753864,0.014399031177163124,-1.0
1785941177320062540,0.011771032586693764,-1.0
1785941177418158829,0.010334591381251812,-1.0
1785941177520365486,-0.012288295663893223,-1.0
1785941177622713012,-0.009910909458994865,-1.0
1785941177718249682,-0.010250454768538475,-1.0
1785941177817909711,-0.00964137353003025,-1.0
1785941177925199445,-0.009702998213469982,-1.0
1785941178021006013,-0.011793576180934906,-1.0
1785941178117816620,-0.009436599910259247,-1.0
1785941178220374427,0.003863898804411292,-1.0
1785941178317827427,0.002549899509176612,-1.0
1785941178418780563,0.010103544220328331,-1.0
1785941178533489657,-0.017009159550070763,-1.0
1785941178618204594,-0.017848361283540726,-1.0
1785941178717536355,-0.013755816966295242,-1.0
1785941178826137628,-0.01573587767779827,-1.0
1785941178919455267,-0.01294686645269394,-1.0
1785941179020749024,0.021286655217409134,-1.0
1785941179122737369,0.018117574974894524,-1.0
1785941179219410594,0.01370287872850895,-1.0
1785941179326171412,-0.0016468968242406845,-1.0
1785941179418384176,-0.002864951267838478,-1.0
1785941179517909097,0.0033764061518013477,-1.0
1785941179619114562,0.0033825645223259926,-1.0
1785941179717735800,0.016922546550631523,-1.0
1785941179819911895,0.014294547960162163,-1.0
1785941179920143627,0.0163652952760458,-1.0
1785941180017283335,0.013532552868127823,-1.0
1785941180117509051,-0.02829352393746376,-1.0
1785941180225082860,-0.012346743606030941,-1.0
1785941180320062644,-0.009792668744921684,-1.0
1785941180429253731,-0.024967892095446587,-1.0
1785941180518572560,-0.020063236355781555,-1.0
1785941180617833982,0.00964413397014141,-1.0
1785941180718465153,-0.004286209121346474,-1.0
1785941180818343687,-0.00479148980230093,-1.0
1785941180918163211,-0.009562565945088863,-1.0
1785941181017996464,-0.014710275456309319,-1.0
1785941181119286541,-0.012082276865839958,-1.0
1785941181230215168,0.023642096668481827,-1.0
1785941181320519090,0.022328097373247147,-1.0
1785941181418030685,0.0010344687616452575,-1.0
1785941181519255031,0.005314765032380819,-1.0
1785941181618744174,0.005314765032380819,-1.0
1785941181717512137,0.021538693457841873,-1.0
1785941181820372803,-0.01215373631566763,-1.0
1785941181918554504,-0.012653498910367489,-1.0
1785941182018868607,0.025507556274533272,-1.0
1785941182118477562,0.022404057905077934,-1.0
1785941182217679974,-0.023340683430433273,-1.0
1785941182318964739,0.016406938433647156,-1.0
1785941182419303899,0.012727710418403149,-1.0
1785941182518415556,-0.0309011097997427,-1.0
1785941182619506201,-0.003680518828332424,-1.0
1785941182718738758,-0.00037460835301317275,-1.0
1785941182818083415,0.0035706704948097467,-1.0
1785941182918133540,0.0036954698152840137,-1.0
1785941183021578357,0.004886956885457039,-1.0
1785941183120595642,0.015608075074851513,-1.0
1785941183219087306,0.012980076484382153,-1.0
1785941183327029673,-0.027775853872299194,-1.0
1785941183418220190,-0.019815348088741302,-1.0
1785941183527392781,-0.014270774088799953,-1.0
1785941183619151576,0.0032896108459681273,-1.0
1785941183721968272,-0.01761474646627903,-1.0
1785941183820767277,-0.01754532754421234,-1.0
1785941183919298463,0.03023572824895382,-1.0
1785941184020428501,0.03652520105242729,-1.0
1785941184120200759,0.030297687277197838,-1.0
1785941184228627914,0.004001572262495756,-1.0
1785941184339932715,-0.008361387066543102,-1.0
1785941184419349975,-0.008361387066543102,-1.0
1785941184523680586,-0.008497221395373344,-1.0
1785941184623867292,-0.0054788184352219105,-1.0
1785941184718386034,-0.007034158334136009,-1.0
1785941184819010198,-0.01778309978544712,-1.0
1785941184917585193,-0.01384110189974308,-1.0
1785941185019768905,-0.0022340831346809864,-1.0
1785941185122939983,0.001036317553371191,-1.0
1785941185223566034,0.002350316848605871,-1.0
1785941185326690998,0.008445722050964832,-1.0
1785941185420959811,0.003762861480936408,-1.0
1785941185519058404,0.002756651723757386,-1.0
1785941185619143314,0.020367184653878212,-1.0
1785941185732184087,0.016431208699941635,-1.0
1785941185818929983,0.02811408042907715,-1.0
1785941185919241591,-0.026553049683570862,-1.0
1785941186018964695,-0.02643456868827343,-1.0
1785941186119073926,0.026897219941020012,-1.0
1785941186231516372,-0.01772521622478962,-1.0
1785941186319535150,-0.017058290541172028,-1.0
1785941186422405416,-0.021726345643401146,-1.0
1785941186517970023,-0.030579786747694016,-1.0
1785941186619003162,-0.026637788861989975,-1.0
1785941186720871693,0.012443684972822666,-1.0
1785941186818495740,0.012772846035659313,-1.0
1785941186920839650,0.008845780976116657,-1.0
1785941187018235751,-0.00042241066694259644,-1.0
1785941187119114964,-0.0017364099621772766,-1.0
1785941187220060004,0.002922923769801855,-1.0
1785941187319367092,-0.004989489912986755,-1.0
1785941187432812297,-0.006416776683181524,-1.0
1785941187518688016,0.01052613090723753,-1.0
1785941187618863457,-0.00447428971529007,-1.0
1785941187719162936,-0.003170734504237771,-1.0
1785941187826353818,0.016520194709300995,-1.0
1785941187923484533,-0.0016242748824879527,-1.0
1785941188017599644,0.0007786907372064888,-1.0
1785941188119613589,0.0009168132091872394,-1.0
1785941188219515036,0.005893874913454056,-1.0
1785941188318370490,0.029786352068185806,-1.0
1785941188418541292,0.025355178862810135,-1.0
1785941188522057759,-0.008837678469717503,-1.0
1785941188617787909,-0.011067871935665607,-1.0
1785941188718840152,-0.007445185910910368,-1.0
1785941188818690813,-0.004493413958698511,-1.0
1785941188918580292,0.014344955794513226,-1.0
1785941189018567182,0.009338051080703735,-1.0
1785941189119302774,0.023578055202960968,-1.0
1785941189218715466,-0.011322993785142899,-1.0
1785941189321075793,-0.010008994489908218,-1.0
1785941189418697183,-0.006896180100739002,-1.0
1785941189518485986,0.01261285413056612,-1.0
1785941189622649134,-0.009034998714923859,-1.0
1785941189718665247,-0.0076080989092588425,-1.0
1785941189819312483,0.005385633558034897,-1.0
1785941189917756209,0.0002481367555446923,-1.0
1785941190017853920,-0.0010658625978976488,-1.0
1785941190118279835,-0.010164636187255383,-1.0
1785941190217915992,-0.008275296539068222,-1.0
1785941190319565635,-0.007087036967277527,-1.0
1785941190418523141,0.002856259234249592,-1.0
1785941190522220864,-0.015517009422183037,-1.0
1785941190621042045,0.016705797985196114,-1.0
1785941190721334867,0.015391799621284008,-1.0
1785941190818367915,0.01730847917497158,-1.0
1785941190922404723,-0.027413882315158844,-1.0
1785941191019157055,-0.024992944672703743,-1.0
1785941191117714226,0.006951251067221165,-1.0
1785941191220630895,0.014360630884766579,-1.0
1785941191324951777,-0.024553857743740082,-1.0
1785941191418238343,-0.022523384541273117,-1.0
1785941191519815184,-0.017325177788734436,-1.0
1785941191620205322,-0.007263978477567434,-1.0
1785941191722896797,-0.0041596973314881325,-1.0
1785941191820367718,0.013854444958269596,-1.0
1785941191917595461,0.01749659702181816,-1.0
1785941192019417783,0.009515387006103992,-1.0
1785941192122456504,0.008712420240044594,-1.0
1785941192218137659,-0.005144884344190359,-1.0
1785941192320214390,-0.005328860133886337,-1.0
1785941192420229954,-0.0031529723200947046,-1.0
1785941192522419234,0.007116163615137339,-1.0
1785941192617930430,0.022857122123241425,-1.0
1785941192730671064,0.018915124237537384,-1.0
1785941192821320088,0.0022880430333316326,-1.0
1785941192917467917,0.011517992243170738,-1.0
1785941193018453534,-0.011465520597994328,-1.0
1785941193119575349,-0.011311358772218227,-1.0
1785941193222075617,-0.0020808603148907423,-1.0
1785941193322703076,-0.0020808603148907423,-1.0
1785941193419340780,-0.016863582655787468,-1.0
1785941193522694490,0.0058668628334999084,-1.0
1785941193622497437,0.005965838208794594,-1.0
1785941193718415785,-0.019333086907863617,-1.0
1785941193824302521,-0.0084396842867136,-1.0
1785941193919982460,-0.009588588029146194,-1.0
1785941194018804025,-0.008274588733911514,-1.0
1785941194118184044,0.004303773399442434,-1.0
1785941194220096385,-0.0017903244588524103,-1.0
1785941194321325564,-0.000671216519549489,-1.0
1785941194418178732,-0.005158435553312302,-1.0
1785941194521796388,-0.0012849223567172885,-1.0
1785941194623148515,-0.0012563671916723251,-1.0
1785941194718675392,0.02088882029056549,-1.0
1785941194818588648,0.03599175065755844,-1.0
1785941194918832828,0.025573931634426117,-1.0
1785941195020276927,0.018808593973517418,-1.0
1785941195119009305,0.009850485250353813,-1.0
1785941195220362040,-0.031887397170066833,-1.0
1785941195318864457,-0.027673212811350822,-1.0
1785941195421286066,0.006537352688610554,-1.0
1785941195517988573,0.0070885661989450455,-1.0
1785941195622554361,-0.02205464243888855,-1.0
1785941195719595665,-0.019889259710907936,-1.0
1785941195817932796,0.016063157469034195,-1.0
1785941195921104610,0.008452541194856167,-1.0
1785941196018274335,0.005075952969491482,-1.0
1785941196119341971,-0.01005591917783022,-1.0
1785941196218838666,0.032194074243307114,-1.0
1785941196317911217,0.00019209111633244902,-1.0
1785941196422789338,-0.003749893046915531,-1.0
1785941196518651332,-0.004040527623146772,-1.0
1785941196619939297,-0.008105766028165817,-1.0
1785941196718785663,-0.008145476691424847,-1.0
1785941196818155505,0.009529650211334229,-1.0
1785941196922311998,-0.005125722382217646,-1.0
1785941197021624878,-0.03605188801884651,-1.0
1785941197118410748,-0.03545640781521797,-1.0
1785941197219637142,0.013965154066681862,-1.0
1785941197320211896,-0.0076875220984220505,-1.0
1785941197418394236,-0.01028335839509964,-1.0
1785941197522019060,-0.0061407978646457195,-1.0
1785941197618558616,-0.02336425520479679,-1.0
1785941197720960800,-0.021313602104783058,-1.0
1785941197823686229,-0.01628490909934044,-1.0
1785941197917706616,0.02771127037703991,-1.0
1785941198020114784,0.020413722842931747,-1.0
1785941198118081404,0.016472583636641502,-1.0
1785941198219245492,-0.0009327656589448452,-1.0
1785941198318445280,0.010999997146427631,-1.0
1785941198419799040,0.010999997146427631,-1.0
1785941198522455570,0.00936747994273901,-1.0
1785941198618519940,0.015533855184912682,-1.0
1785941198718169153,0.014589730650186539,-1.0
1785941198818016614,0.01329239271581173,-1.0
1785941198919633744,-0.011338750831782818,-1.0
1785941199020934477,-0.008614826016128063,-1.0
1785941199121168833,0.01614345796406269,-1.0
1785941199223717615,0.03329254314303398,-1.0
1785941199317843126,0.03066454455256462,-1.0
1785941199419044847,-0.01438292395323515,-1.0
1785941199519284292,-0.011539728380739689,-1.0
1785941199618277703,0.021500296890735626,-1.0
1785941199727099497,0.012458393350243568,-1.0
1785941199818867252,0.01272588036954403,-1.0
1785941199922430569,0.008570535108447075,-1.0
1785941200018439033,-0.0009384172735735774,-1.0
1785941200119915870,-0.0009384172735735774,-1.0
1785941200237595447,3.383306466275826e-05,-1.0
1785941200319523460,0.005411657504737377,-1.0
1785941200419081214,-0.017031526193022728,-1.0
1785941200518349932,-0.015717526897788048,-1.0
1785941200617880197,-0.010833187960088253,-1.0
1785941200719383722,-0.009519188664853573,-1.0
1785941200820048271,0.026826459914445877,-1.0
1785941200918695525,0.0016383075853809714,-1.0
1785941201019836317,0.0003243083192501217,-1.0
1785941201118544117,0.021480711176991463,-1.0
1785941201219061140,0.008777523413300514,-1.0
1785941201318465384,0.010794954374432564,-1.0
1785941201417977728,0.007261395920068026,-1.0
1785941201518170802,0.004633397329598665,-1.0
1785941201618702802,-0.010102278552949429,-1.0
1785941201719264499,0.040027398616075516,-1.0
1785941201823994869,0.04234834387898445,-1.0
1785941201917653674,-0.005848621018230915,-1.0
1785941202018180969,-0.011104618199169636,-1.0
1785941202120493614,-0.008754141628742218,-1.0
1785941202218661362,-0.006126129534095526,-1.0
1785941202321139837,-0.00012886810873169452,-1.0
1785941202417757125,0.027255121618509293,-1.0
1785941202520769284,0.036844462156295776,-1.0
1785941202618267310,0.030988898128271103,-1.0
1785941202719042423,-0.02645273320376873,-1.0
1785941202829034054,-0.027801312506198883,-1.0
1785941202918435637,0.003100847825407982,-1.0
1785941203018315228,-0.014349674805998802,-1.0
1785941203118721558,-0.015483041293919086,-1.0
1785941203223548477,-0.027118535712361336,-1.0
1785941203321488216,-0.02063361182808876,-1.0
1785941203420166671,-0.01537761464715004,-1.0
1785941203523922188,0.0007275225361809134,-1.0
1785941203634488305,0.0016204578569158912,-1.0
1785941203718582642,0.003292459063231945,-1.0
1785941203818980045,0.004551970865577459,-1.0
1785941203922252375,0.004551970865577459,-1.0
1785941204020911310,-0.025681566447019577,-1.0
1785941204121662518,0.010884995572268963,-1.0
1785941204219118526,-0.008199133910238743,-1.0
1785941204331186461,-0.008199133910238743,-1.0
1785941204420039831,-0.0224524587392807,-1.0
1785941204519064796,-0.0065273623913526535,-1.0
1785941204621195322,-0.005370793864130974,-1.0
1785941204721261160,-0.011595350690186024,-1.0
1785941204820052547,0.016485396772623062,-1.0
1785941204919521434,0.011845421977341175,-1.0
1785941205019537669,-0.010344531387090683,-1.0
1785941205138954690,-0.009030532091856003,-1.0
1785941205221060790,-0.01567760668694973,-1.0
1785941205319402497,0.02564370073378086,-1.0
1785941205419861950,0.0230157021433115,-1.0
1785941205519393814,-0.014277596957981586,-1.0
1785941205623422334,-0.008417007513344288,-1.0
1785941205730101804,-0.0057890089228749275,-1.0
1785941205820648328,0.0015589926624670625,-1.0
1785941205918224404,0.03156113252043724,-1.0
1785941206019915681,0.025332672521471977,-1.0
1785941206123079687,-0.021729683503508568,-1.0
1785941206221071236,-0.019211480394005775,-1.0
1785941206319840703,-0.01880301535129547,-1.0
1785941206424452765,-0.009569361805915833,-1.0
1785941206518135346,-0.012885738164186478,-1.0
1785941206617890292,-0.0073567661456763744,-1.0
1785941206719812489,0.002195563865825534,-1.0
1785941206820258694,-0.002002927241846919,-1.0
1785941206921145299,-0.002002927241846919,-1.0
1785941207018782306,0.035310130566358566,-1.0
1785941207117984942,-0.009027034975588322,-1.0
1785941207220281394,-0.012969032861292362,-1.0
1785941207317605557,-0.0029382500797510147,-1.0
1785941207420101537,-0.0008454871131107211,-1.0
1785941207531946040,-0.008610733784735203,-1.0
1785941207619386459,0.0024558480363339186,-1.0
1785941207719457449,-0.008965527638792992,-1.0
1785941207819491317,-0.0055300891399383545,-1.0
1785941207917940804,-0.014298644848167896,-1.0
1785941208024649139,0.032431650906801224,-1.0
1785941208122595566,0.03024904988706112,-1.0
1785941208219454271,0.0002445742138661444,-1.0
1785941208318252315,-0.011360901407897472,-1.0
1785941208420027403,-0.011360887438058853,-1.0
1785941208521389611,0.018266841769218445,-1.0
1785941208618262492,0.014621558599174023,-1.0
1785941208718098753,-0.007444964721798897,-1.0
1785941208821098240,-0.006130965426564217,-1.0
1785941208918147513,0.0029546329751610756,-1.0
1785941209017747284,0.02568851225078106,-1.0
1785941209118605216,0.02141646482050419,-1.0
1785941209218050934,-0.02232973650097847,-1.0
1785941209318757244,-0.032619014382362366,-1.0
1785941209419232153,-0.027598313987255096,-1.0
1785941209527959511,0.0183236226439476,-1.0
1785941209617885563,0.007809581235051155,-1.0
1785941209718431259,0.002205840777605772,-1.0
1785941209819887774,0.0014839412178844213,-1.0
1785941209917870779,-0.000104357379314024,-1.0
1785941210019816273,0.007058325689285994,-1.0
1785941210117672553,0.003906749188899994,-1.0
1785941210222729880,0.009598207660019398,-1.0
1785941210318763753,-0.04842286556959152,-1.0
1785941210418627695,-0.007306694518774748,-1.0
1785941210520982197,-0.0012849706690758467,-1.0
1785941210620381865,0.007476528640836477,-1.0
1785941210718725940,-0.0036902313586324453,-1.0
1785941210820038961,-0.004266803618520498,-1.0
1785941210922333621,0.0030350799206644297,-1.0
1785941211017453635,0.01629691757261753,-1.0
1785941211118000739,-0.018313908949494362,-1.0
1785941211218692457,-0.017084145918488503,-1.0
1785941211318592080,0.0015989933162927628,-1.0
1785941211417753114,-0.017298582941293716,-1.0
1785941211517864233,-0.015984583646059036,-1.0
1785941211617869780,0.0008092084317468107,-1.0
1785941211721672275,-0.008749177679419518,-1.0
1785941211820954050,-0.0062350258231163025,-1.0
1785941211919861698,0.028439680114388466,-1.0
1785941212028652131,0.019014496356248856,-1.0
1785941212118926644,-0.010965150780975819,-1.0
1785941212221272762,-0.009651151485741138,-1.0
1785941212320863989,0.016056928783655167,-1.0
1785941212421347987,0.01578379049897194,-1.0
1785941212520421178,0.012342868372797966,-1.0
1785941212618132876,0.0027066075708717108,-1.0
1785941212719391559,0.0030325367115437984,-1.0
1785941212818426765,0.0036369585432112217,-1.0
1785941212924228569,0.0035826973617076874,-1.0
1785941213018260220,-0.012044720351696014,-1.0
1785941213118955138,-0.010730721056461334,-1.0
1785941213217921253,0.005720534827560186,-1.0
1785941213317778442,0.03668558970093727,-1.0
1785941213422677203,-0.016502603888511658,-1.0
1785941213519142965,-0.017242973670363426,-1.0
1785941213621416760,0.035411857068538666,-1.0
1785941213731229760,0.00548120541498065,-1.0
1785941213818608097,0.00022520842321682721,-1.0
1785941213919928479,0.002699682954698801,-1.0
1785941214019195182,0.0030890977941453457,-1.0
1785941214118339511,-0.0070634810253977776,-1.0
1785941214228351303,-0.006165061611682177,-1.0
1785941214318499603,-0.030556151643395424,-1.0
1785941214421642840,-0.011792251840233803,-1.0
1785941214519180676,0.019116058945655823,-1.0
1785941214619080267,0.017802059650421143,-1.0
1785941214720000473,0.01624584011733532,-1.0
1785941214818147164,0.012303842231631279,-1.0
1785941214918689660,0.0018129218369722366,-1.0
1785941215017699297,-0.008300233632326126,-1.0
1785941215118062938,-0.015446042641997337,-1.0
1785941215222613621,-0.013076262548565865,-1.0
1785941215327899725,0.016993092373013496,-1.0
1785941215418226433,0.02450661174952984,-1.0
1785941215519715461,0.020564613863825798,-1.0
1785941215620835004,-0.012680010870099068,-1.0
1785941215719486770,-0.02806917205452919,-1.0
1785941215821099164,-0.022814812138676643,-1.0
1785941215917553981,-0.030475139617919922,-1.0
1785941216018412745,0.02209964208304882,-1.0
1785941216122005664,0.0233792532235384,-1.0
1785941216219236479,0.009569406509399414,-1.0
1785941216318589585,0.005112547427415848,-1.0
1785941216421441867,0.0007380624301731586,-1.0
1785941216518628744,-0.0007086443365551531,-1.0
1785941216619267884,0.008009600453078747,-1.0
1785941216717706682,0.02210957743227482,-1.0
1785941216818276187,0.019481578841805458,-1.0
1785941216923142435,-0.01768101565539837,-1.0
1785941217019166420,-0.03938620537519455,-1.0
1785941217117658276,-0.03217468038201332,-1.0
1785941217218212453,0.016641270369291306,-1.0
1785941217318881481,0.015695011243224144,-1.0
1785941217417972113,0.012304135598242283,-1.0
1785941217519572058,0.017795169726014137,-1.0
1785941217617998248,0.01304380502551794,-1.0
1785941217724492207,-0.032583583146333694,-1.0
1785941217820200115,-0.050570297986269,-1.0
1785941217917716638,-0.025323467329144478,-1.0
1785941218025037189,-0.013497473672032356,-1.0
1785941218118527475,-0.00870138593018055,-1.0
1785941218219443553,0.01799226738512516,-1.0
1785941218318024021,0.014632854610681534,-1.0
1785941218426873464,0.010805362835526466,-1.0
1785941218518106254,0.004146171733736992,-1.0
1785941218618886231,0.0028321724385023117,-1.0
1785941218726069305,0.010829174891114235,-1.0
1785941218817550265,-0.005137361120432615,-1.0
1785941218919492592,-0.005137361120432615,-1.0
1785941219018973158,-0.02475784346461296,-1.0
1785941219118445341,-0.0002905249421019107,-1.0
1785941219218902233,0.003873611567541957,-1.0
1785941219318948326,0.03316812962293625,-1.0
1785941219417923465,0.010766780003905296,-1.0
1785941219517771310,0.005510783288627863,-1.0
1785941219619848714,-0.0049615162424743176,-1.0
1785941219718796236,-0.008557221852242947,-1.0
1785941219818342021,-0.008958755992352962,-1.0
1785941219921573454,0.009008866734802723,-1.0
1785941220018334267,0.0024097368586808443,-1.0
1785941220127870584,0.0006616156315430999,-1.0
1785941220218596667,0.02048719860613346,-1.0
1785941220318522339,-0.004520703107118607,-1.0
1785941220418522062,-0.004296459723263979,-1.0
1785941220520286365,-0.016664281487464905,-1.0
1785941220617948077,-0.015483585186302662,-1.0
1785941220724177098,0.0051575591787695885,-1.0
1785941220820661420,-0.021844929084181786,-1.0
1785941220926653376,-0.020576531067490578,-1.0
1785941221018593298,-0.005620583426207304,-1.0
1785941221120080566,-0.005539114587008953,-1.0
1785941221217371448,0.018795616924762726,-1.0
1785941221319872804,0.011608310043811798,-1.0
1785941221419478208,0.010169078595936298,-1.0
1785941221518860243,0.0018948483048006892,-1.0
1785941221618211364,-0.016717394813895226,-1.0
1785941221718990222,-0.0015200733905658126,-1.0
1785941221819308357,-0.0015200733905658126,-1.0
1785941221918046015,0.02389543317258358,-1.0
1785941222018232529,0.01052062027156353,-1.0
1785941222119048059,0.008998269215226173,-1.0
1785941222218860159,-0.0006431309157051146,-1.0
1785941222318740389,6.4908567765087355e-06,-1.0
1785941222420105029,-0.00010498263145564124,-1.0
1785941222518524947,-0.0041216532699763775,-1.0
1785941222618117454,0.01824663206934929,-1.0
1785941222717957971,-0.0071424152702093124,-1.0
1785941222823352239,-0.01004850771278143,-1.0
1785941222920141405,0.019095638766884804,-1.0
1785941223019147009,-0.0207765344530344,-1.0
1785941223121413668,-0.01946253515779972,-1.0
1785941223217400851,-0.008332439698278904,-1.0
1785941223318756147,0.014089384116232395,-1.0
1785941223421208989,-0.003177687292918563,-1.0
1785941223520062428,-0.004659227095544338,-1.0
1785941223619920897,0.016373315826058388,-1.0
1785941223720671049,-0.021549277007579803,-1.0
1785941223819890390,-0.018921278417110443,-1.0
1785941223919651447,0.003797166282311082,-1.0
1785941224029626341,0.014761025086045265,-1.0
1785941224118053903,0.012349220924079418,-1.0
1785941224218085339,0.013155832886695862,-1.0
1785941224318675837,-0.01178845576941967,-1.0
1785941224417927627,-0.009234393946826458,-1.0
1785941224519090371,-0.007381202187389135,-1.0
1785941224618172522,-0.015319213271141052,-1.0
1785941224718619366,-0.013089821673929691,-1.0
1785941224819679098,-0.010379774495959282,-1.0
1785941224919158353,0.02151528373360634,-1.0
1785941225018690570,0.018213937059044838,-1.0
1785941225117546536,0.011997767724096775,-1.0
1785941225220386850,0.0057113585062325,-1.0
1785941225321891399,-0.02417180873453617,-1.0
1785941225419753343,0.027280820533633232,-1.0
1785941225518739554,0.027233783155679703,-1.0
1785941225620876320,0.006549924612045288,-1.0
1785941225717267615,-0.008455049246549606,-1.0
1785941225818764356,-0.007141049485653639,-1.0
1785941225918252795,-0.01202547550201416,-1.0
1785941226018542865,0.0032799160107970238,-1.0
1785941226119859983,0.016546126455068588,-1.0
1785941226219924125,0.013717243447899818,-1.0
1785941226323893282,-0.02749611809849739,-1.0
1785941226419405950,-0.013770178891718388,-1.0
1785941226518789617,-0.011142180301249027,-1.0
1785941226618855007,0.009483897127211094,-1.0
1785941226720952955,0.0012521912576630712,-1.0
1785941226823909593,0.002131813205778599,-1.0
1785941226918836255,-0.01590651459991932,-1.0
1785941227018427674,0.027677442878484726,-1.0
1785941227122295803,0.003284066915512085,-1.0
1785941227218638072,0.001970067620277405,-1.0
1785941227326308269,0.011334825307130814,-1.0
1785941227426292599,0.008706826716661453,-1.0
1785941227521772274,-0.009462324902415276,-1.0
1785941227617669086,0.01851798966526985,-1.0
1785941227730202543,0.01588999107480049,-1.0
1785941227823772769,-0.008695108816027641,-1.0
1785941227918922159,-0.008410821668803692,-1.0
1785941228025894633,0.004172151908278465,-1.0
1785941228120036272,-0.001476773526519537,-1.0
1785941228220780568,-0.005125305615365505,-1.0
1785941228319657463,-0.004916334990411997,-1.0
1785941228422262183,-0.034246038645505905,-1.0
1785941228522234705,-0.03104347549378872,-1.0
1785941228618684722,0.0036156862042844296,-1.0
1785941228720080179,0.001964252907782793,-1.0
1785941228819688911,0.013049998320639133,-1.0
1785941228919173734,0.010421999730169773,-1.0
1785941229020253211,-0.003311142325401306,-1.0
1785941229120291879,0.009627855382859707,-1.0
1785941229222610156,0.009530337527394295,-1.0
1785941229319585250,-0.016321752220392227,-1.0
1785941229420891839,-0.014375421218574047,-1.0
1785941229519378735,-0.013610265217721462,-1.0
1785941229622393327,-0.02377668209373951,-1.0
1785941229718956821,-0.005852388683706522,-1.0
1785941229820508060,-0.003224403830245137,-1.0
1785941229918170732,-0.0035282657481729984,-1.0
1785941230022763753,-0.0022499412298202515,-1.0
1785941230120647586,0.02799258939921856,-1.0
1785941230221297062,0.026315828785300255,-1.0
1785941230321645599,-0.007094609551131725,-1.0
1785941230417342819,-0.003315860405564308,-1.0
1785941230518616575,-0.003315860405564308,-1.0
1785941230630386067,0.028835609555244446,-1.0
1785941230718856350,-0.011315041221678257,-1.0
1785941230817672635,-0.012794234789907932,-1.0
1785941230925061093,-0.008852236904203892,-1.0
1785941231017709362,0.003759481944143772,-1.0
1785941231118019625,-0.009247533977031708,-1.0
1785941231219410026,-0.007933534681797028,-1.0
1785941231319097673,-0.012450954876840115,-1.0
1785941231419090644,-0.007486054208129644,-1.0
1785941231517834158,-0.013751540333032608,-1.0
1785941231618548084,-0.012437541037797928,-1.0
1785941231718463132,0.019188351929187775,-1.0
1785941231820535735,0.029098307713866234,-1.0
1785941231922413387,0.02363535761833191,-1.0
1785941232019580136,0.019313344731926918,-1.0
1785941232119313256,0.0021917694248259068,-1.0
1785941232218505204,-0.015306870453059673,-1.0
1785941232322307859,-0.012070666067302227,-1.0
1785941232418028407,-0.008299055509269238,-1.0
1785941232519639489,-0.0036265861708670855,-1.0
1785941232617816773,-0.003617967013269663,-1.0
1785941232718273026,-0.037692032754421234,-1.0
1785941232819477499,0.00041630445048213005,-1.0
1785941232918604772,0.0006234176107682288,-1.0
1785941233019992869,0.0009587030508555472,-1.0
1785941233118977673,0.01015660259872675,-1.0
1785941233219282591,0.019010251387953758,-1.0
1785941233318841753,0.015446365810930729,-1.0
1785941233420069780,0.011858577840030193,-1.0
1785941233517906283,0.02756105549633503,-1.0
1785941233618508141,-0.047040410339832306,-1.0
1785941233719037804,-0.04227132350206375,-1.0
1785941233821350257,0.03266251087188721,-1.0
1785941233920697443,0.005289070308208466,-1.0
1785941234018250638,0.0014541668351739645,-1.0
1785941234127436958,0.034573763608932495,-1.0
1785941234218979873,0.030089406296610832,-1.0
1785941234319064335,0.008809499442577362,-1.0
1785941234417625986,-0.03858434781432152,-1.0
1785941234520536030,-0.0333283506333828,-1.0
1785941234629928117,0.03223198652267456,-1.0
1785941234719748917,0.033344168215990067,-1.0
1785941234819801858,-0.018959663808345795,-1.0
1785941234920366851,0.005225079134106636,-1.0
1785941235018380961,-0.017012596130371094,-1.0
1785941235120445692,-0.015698596835136414,-1.0
1785941235219062961,-0.004822202026844025,-1.0
1785941235318243964,0.02030465565621853,-1.0
1785941235426529257,0.016362644731998444,-1.0
1785941235517863395,0.0013165081618353724,-1.0
1785941235617638949,0.008441808633506298,-1.0
1785941235718899041,0.005772328469902277,-1.0
1785941235818487772,-0.01449940912425518,-1.0
1785941235920154728,-0.0007709796773269773,-1.0
1785941236018672761,-0.0001772651303326711,-1.0
1785941236121507218,0.022778548300266266,-1.0
1785941236218464231,-0.003979826346039772,-1.0
1785941236319900713,-0.006607824936509132,-1.0
1785941236419489476,0.01389675959944725,-1.0
1785941236519038334,-0.02052639052271843,-1.0
1785941236618177415,-0.0031792207155376673,-1.0
1785941236719784721,-0.001865221420302987,-1.0
1785941236822141271,0.016453346237540245,-1.0
1785941236918452595,-0.028361016884446144,-1.0
1785941237019984665,-0.025733018293976784,-1.0
1785941237118552300,0.01559965219348669,-1.0
1785941237221719314,-0.010408001020550728,-1.0
1785941237319106616,-0.01074201613664627,-1.0
1785941237420898408,-0.00929740909487009,-1.0
1785941237518508630,0.002449875231832266,-1.0
1785941237618030159,0.010026603005826473,-1.0
1785941237719623671,0.008767242543399334,-1.0
1785941237821787670,0.0056023201905190945,-1.0
1785941237921601818,0.008396380580961704,-1.0
1785941238020155469,0.0018577645532786846,-1.0
1785941238121043642,-0.006897054612636566,-1.0
1785941238218646600,0.006375267170369625,-1.0
1785941238318328615,-0.035010892897844315,-1.0
1785941238420585289,-0.033364444971084595,-1.0
1785941238518795886,0.02203300967812538,-1.0
1785941238618977056,0.008235839195549488,-1.0
1785941238719060143,0.0034092075657099485,-1.0
1785941238819751828,0.03232910484075546,-1.0
1785941238919676604,0.020263120532035828,-1.0
1785941239018240719,-0.024228142574429512,-1.0
1785941239118914229,-0.02271626889705658,-1.0
1785941239219828131,-0.033642448484897614,-1.0
1785941239318665377,-0.0173908993601799,-1.0
1785941239417599682,-0.011137034744024277,-1.0
1785941239518359339,-0.006880635395646095,-1.0
1785941239619836879,0.01054556667804718,-1.0
1785941239718899573,0.0092315673828125,-1.0
1785941239819680223,0.00786726363003254,-1.0
1785941239917829026,0.008648362010717392,-1.0
1785941240020433074,0.0072119333781301975,-1.0
1785941240119394228,-0.010344847105443478,-1.0
1785941240218261811,0.001950993319042027,-1.0
1785941240320510421,0.003264992730692029,-1.0
1785941240419375476,-0.002798014087602496,-1.0
1785941240522020614,0.0003378962865099311,-1.0
1785941240619705751,0.0016518955817446113,-1.0
1785941240719412566,0.0336776040494442,-1.0
1785941240817964681,0.029735606163740158,-1.0
1785941240919689335,-0.025387320667505264,-1.0
1785941241025890227,-0.005525300744920969,-1.0
1785941241119029875,-0.0015833026263862848,-1.0
1785941241221255764,0.020922688767313957,-1.0
1785941241323975401,0.022236688062548637,-1.0
1785941241433659404,0.020892281085252762,-1.0
1785941241518591470,-0.01491222158074379,-1.0
1785941241618208042,-0.03363263979554176,-1.0
1785941241720116639,0.00678200414404273,-1.0
1785941241821202292,0.003661863040179014,-1.0
1785941241918469397,-0.020430533215403557,-1.0
1785941242019486631,-0.03923603892326355,-1.0
1785941242120005766,-0.01724424585700035,-1.0
1785941242220193240,-0.006041274406015873,-1.0
1785941242318838767,-0.001246161526069045,-1.0
1785941242421290681,-0.027059726417064667,-1.0
1785941242518135977,-0.024401534348726273,-1.0
1785941242619712017,0.01664576306939125,-1.0
1785941242718650739,0.007868046872317791,-1.0
1785941242821513645,0.006554040126502514,-1.0
1785941242917864106,0.0037663320545107126,-1.0
1785941243021374749,0.04223219305276871,-1.0
1785941243117726907,0.027935398742556572,-1.0
1785941243223305630,0.016687465831637383,-1.0
1785941243320799848,-0.006309450604021549,-1.0
1785941243424691530,-0.002509203040972352,-1.0
1785941243525183784,-0.0023371160496026278,-1.0
1785941243618737977,0.0023284079506993294,-1.0
1785941243719194069,-0.039819080382585526,-1.0
1785941243818628906,-0.009593634866178036,-1.0
1785941243926559849,-0.0030236386228352785,-1.0
1785941244019678921,0.033136580139398575,-1.0
1785941244119608273,0.02036157436668873,-1.0
1785941244229296724,0.015105577185750008,-1.0
1785941244318184399,-0.001996764214709401,-1.0
1785941244419959551,0.005205666180700064,-1.0
1785941244519560059,0.006232984829694033,-1.0
1785941244619494307,-0.036978814750909805,-1.0
1785941244719330407,-0.005158091429620981,-1.0
1785941244819211982,0.001210783957503736,-1.0
1785941244920549421,-8.189148502424359e-05,-1.0
1785941245019120896,-0.013038133271038532,-1.0
1785941245120761259,-0.010410134680569172,-1.0
1785941245218467357,0.025784505531191826,-1.0
1785941245318469351,0.004929180257022381,-1.0
1785941245418313228,0.006044703535735607,-1.0
1785941245517700255,0.006044703535735607,-1.0
1785941245620045701,0.0039174663834273815,-1.0
1785941245719193199,-0.015755144879221916,-1.0
1785941245819571977,-0.01444114651530981,-1.0
1785941245920052902,0.0392497219145298,-1.0
1785941246019478011,0.01496563944965601,-1.0
1785941246124687568,0.01044648140668869,-1.0
1785941246220183564,-0.007534056901931763,-1.0
1785941246318427955,0.004350663162767887,-1.0
1785941246418182676,-0.0068495990708470345,-1.0
1785941246518476491,-0.006577746942639351,-1.0
1785941246617814460,-0.019175926223397255,-1.0
1785941246720777978,0.006133303977549076,-1.0
1785941246818055227,0.006101157516241074,-1.0
1785941246918531480,0.010263917967677116,-1.0
1785941247018304859,0.002407595282420516,-1.0
1785941247119964230,0.0013464119983837008,-1.0
1785941247226613267,-0.0018120671156793833,-1.0
1785941247317880331,0.0056647928431630135,-1.0
1785941247422735154,0.005047785583883524,-1.0
1785941247517652280,0.0035629025660455227,-1.0
1785941247618392383,-0.011788972653448582,-1.0
1785941247727042682,-0.010348831303417683,-1.0
1785941247819181844,0.01777614839375019,-1.0
1785941247918064467,0.00616694800555706,-1.0
1785941248017646606,0.0033969951327890158,-1.0
1785941248118539228,-0.02381102368235588,-1.0
1785941248219046042,-0.0224970243871212,-1.0
1785941248326486470,0.016468625515699387,-1.0
1785941248418588382,-0.01053662970662117,-1.0
1785941248519399689,-0.00922263041138649,-1.0
1785941248620037452,0.0115241389721632,-1.0
1785941248719698698,-0.02484705112874508,-1.0
1785941248822471393,-0.02432345785200596,-1.0
1785941248918977988,0.013223912566900253,-1.0
1785941249020675825,0.01951604150235653,-1.0
1785941249118242173,0.01669207215309143,-1.0
1785941249220102736,-0.003982154186815023,-1.0
1785941249319374591,0.012054810300469398,-1.0
1785941249419024668,-0.009706659242510796,-1.0
1785941249524572287,-0.007880368269979954,-1.0
1785941249620762262,-0.01901162974536419,-1.0
1785941249719109888,-0.02042216993868351,-1.0
1785941249818548693,-0.015814365819096565,-1.0
1785941249918759272,0.02161707542836666,-1.0
1785941250018124315,-0.0007833316922187805,-1.0
1785941250119099340,-0.007651997730135918,-1.0
1785941250219361313,-0.006745416671037674,-1.0
1785941250318624271,0.02404957078397274,-1.0
1785941250420444064,0.03732824698090553,-1.0
1785941250519963193,0.033155884593725204,-1.0
1785941250619047776,0.001352027291432023,-1.0
1785941250718841987,0.0013103483943268657,-1.0
1785941250825205125,0.0048414357006549835,-1.0
1785941250918320549,0.001389946904964745,-1.0
1785941251020326525,-0.012062398716807365,-1.0
1785941251121434163,-0.020227838307619095,-1.0
1785941251219326444,-0.017599839717149734,-1.0
1785941251320061044,-0.01221065130084753,-1.0
1785941251418298810,0.01828775368630886,-1.0
1785941251525711685,0.03117188811302185,-1.0
1785941251624152915,0.026126200333237648,-1.0
1785941251720503441,-0.00724174827337265,-1.0
1785941251820579166,-0.017339035868644714,-1.0
1785941251917975460,-0.0043485648930072784,-1.0
1785941252018777518,-0.0043485648930072784,-1.0
1785941252120036682,-0.04022727906703949,-1.0
1785941252220038517,-0.039645761251449585,-1.0
1785941252324831290,0.010602935217320919,-1.0
1785941252417491112,0.01879788376390934,-1.0
1785941252519268984,0.03004264272749424,-1.0
1785941252618742670,0.012943602167069912,-1.0
1785941252719561721,0.013828346505761147,-1.0
1785941252818371254,0.0065874201245605946,-1.0
1785941252920639545,0.00830764789134264,-1.0
1785941253018007805,0.014679685235023499,-1.0
1785941253117774527,0.016008496284484863,-1.0
1785941253219888348,-0.012138801626861095,-1.0
1785941253318345707,0.01189106609672308,-1.0
1785941253418557502,0.009991944767534733,-1.0
1785941253517962706,-0.0034204802941530943,-1.0
1785941253617819480,-0.03603259101510048,-1.0
1785941253719689483,-0.01417294330894947,-1.0
1785941253820458516,-0.00891694612801075,-1.0
1785941253917656178,-0.015901977196335793,-1.0
1785941254018497758,0.020687539130449295,-1.0
1785941254117739179,0.014319036155939102,-1.0
1785941254217830201,0.035188980400562286,-1.0
1785941254325003675,0.0019828425720334053,-1.0
1785941254418420454,-0.00026567443273961544,-1.0
1785941254519557789,-0.016930149868130684,-1.0
1785941254621724348,-0.029963187873363495,-1.0
1785941254720043910,-0.026021189987659454,-1.0
1785941254818429330,-0.0027784842532128096,-1.0
1785941254918715240,-0.004531456157565117,-1.0
1785941255021392795,-0.0032174568623304367,-1.0
1785941255132714494,1.2903578863188159e-05,-1.0
1785941255217987885,1.2903578863188159e-05,-1.0
1785941255319038656,-0.00013193930499255657,-1.0
1785941255418677149,0.011861065402626991,-1.0
1785941255520553681,0.009233066812157631,-1.0
1785941255618673491,-0.005520390812307596,-1.0
1785941255719601794,-0.004893800243735313,-1.0
1785941255819176348,-0.002984112361446023,-1.0
1785941255921776844,0.029019370675086975,-1.0
1785941256018527033,0.027705371379852295,-1.0
1785941256117749830,0.0022089912090450525,-1.0
1785941256219119558,0.002677049022167921,-1.0
1785941256317645271,0.0016025518998503685,-1.0
1785941256418392543,0.013513206504285336,-1.0
1785941256520274419,-0.028127610683441162,-1.0
1785941256621639187,-0.02725091390311718,-1.0
1785941256720234215,-0.02867317572236061,-1.0
1785941256820638530,0.011854991316795349,-1.0
1785941256920420741,0.01316899061203003,-1.0
1785941257017340856,0.026169050484895706,-1.0
1785941257121124534,-0.013084251433610916,-1.0
1785941257219544099,-0.017152758315205574,-1.0
1785941257318934934,-0.02181641198694706,-1.0
1785941257419943241,-0.010661737993359566,-1.0
1785941257519740492,0.01344158872961998,-1.0
1785941257621629184,0.012715543620288372,-1.0
1785941257717987517,-0.010151269845664501,-1.0
1785941257818610400,-0.0029657226987183094,-1.0
1785941257918384579,-0.0010049581760540605,-1.0
1785941258021015924,0.0026043581310659647,-1.0
1785941258118089037,0.002987379441037774,-1.0
1785941258218541769,0.002987379441037774,-1.0
1785941258323062340,0.00016019192116800696,-1.0
1785941258418128559,0.013548203743994236,-1.0
1785941258518213181,-0.01305734645575285,-1.0
1785941258618512948,-0.010084172710776329,-1.0
1785941258719989080,0.006465223152190447,-1.0
1785941258817577061,0.018680322915315628,-1.0
1785941258918961510,0.014738324098289013,-1.0
1785941259019258012,-0.02504606358706951,-1.0
1785941259118614638,0.0252141822129488,-1.0
1785941259226163934,-0.009769327007234097,-1.0
1785941259318304536,-0.01142207719385624,-1.0
1785941259421783562,-0.00979759730398655,-1.0
1785941259520972118,-0.008517373353242874,-1.0
1785941259624294977,-0.018894454464316368,-1.0
1785941259718685971,0.016097672283649445,-1.0
1785941259819300373,-0.009449431672692299,-1.0
1785941259921829730,-0.008884012699127197,-1.0
1785941260020522075,-0.024871403351426125,-1.0
1785941260118385779,0.04094945639371872,-1.0
1785941260225740219,0.03832145780324936,-1.0
1785941260318118238,-0.003947689197957516,-1.0
1785941260421649682,0.0028429212979972363,-1.0
1785941260526552059,0.003021178301423788,-1.0
1785941260619970375,-0.008951354771852493,-1.0
1785941260719345177,-0.028100257739424706,-1.0
1785941260817710373,-0.017016341909766197,-1.0
1785941260932918910,-0.013022291474044323,-1.0
1785941261017562677,-0.008487249724566936,-1.0
1785941261120249128,-0.004058945924043655,-1.0
1785941261218470990,-0.005641018971800804,-1.0
1785941261318518299,0.025935322046279907,-1.0
1785941261418138551,0.00789722241461277,-1.0
1785941261517956027,0.018330251798033714,-1.0
1785941261621537393,0.014388253912329674,-1.0
1785941261718072117,0.0021944178733974695,-1.0
1785941261818568723,-0.01853562705218792,-1.0
1785941261929586666,-0.01591498591005802,-1.0
1785941262019628242,-0.01750699058175087,-1.0
1785941262124654880,-0.014878992922604084,-1.0
1785941262219746092,0.040225811302661896,-1.0
1785941262319978912,0.0008284752839244902,-1.0
1785941262418225031,-0.003549247747287154,-1.0
1785941262518393913,0.005730229429900646,-1.0
1785941262623110907,-0.011357652954757214,-1.0
1785941262721263646,-0.010043653659522533,-1.0
1785941262825747383,0.02153998799622059,-1.0
1785941262918342594,0.02309158816933632,-1.0
1785941263020561731,0.0178355909883976,-1.0
1785941263120160639,-0.02433105558156967,-1.0
1785941263219870590,0.004925981163978577,-1.0
1785941263321179740,0.006579695735126734,-1.0
1785941263418287447,-0.0077247838489711285,-1.0
1785941263518705010,0.00927754770964384,-1.0
1785941263620201047,0.01709906943142414,-1.0
1785941263727061388,0.01578507013618946,-1.0
1785941263818629552,-0.007338065188378096,-1.0
1785941263920430720,-0.010636958293616772,-1.0
1785941264018413277,-0.008008959703147411,-1.0
1785941264117911380,-0.0029849328566342592,-1.0
1785941264219261108,-0.025620995089411736,-1.0
1785941264317624223,-0.025180131196975708,-1.0
1785941264418354630,0.014510763809084892,-1.0
1785941264526640979,0.008124161511659622,-1.0
1785941264618036688,0.006994334980845451,-1.0
1785941264719313132,0.0407821349799633,-1.0
1785941264818524057,-0.011632106266915798,-1.0
1785941264918705259,-0.015193348750472069,-1.0
1785941265018803769,-0.012173432856798172,-1.0
1785941265120335296,0.0019590456504374743,-1.0
1785941265218510980,-0.008180253207683563,-1.0
1785941265318988833,-0.008180253207683563,-1.0
1785941265418641375,0.01739995740354061,-1.0
1785941265524725174,-0.013087817467749119,-1.0
1785941265618916511,0.005791714880615473,-1.0
1785941265717618808,0.004344422835856676,-1.0
1785941265825209161,0.00654215132817626,-1.0
1785941265919067494,-0.008226956240832806,-1.0
1785941266019484673,-0.007700369227677584,-1.0
1785941266117909615,0.03046128898859024,-1.0
1785941266218594932,-0.006401214748620987,-1.0
1785941266318711715,-0.007432724814862013,-1.0
1785941266419033723,0.019067730754613876,-1.0
1785941266517609678,-0.03316887840628624,-1.0
1785941266627051624,-0.008031822741031647,-1.0
1785941266717977427,-0.004239938221871853,-1.0
1785941266818997701,0.007652045227587223,-1.0
1785941266928773580,-0.004900178872048855,-1.0
1785941267018136441,-0.004647769499570131,-1.0
1785941267119811205,0.014807307161390781,-1.0
1785941267218153744,-0.026188232004642487,-1.0
1785941267322881586,-0.023124737665057182,-1.0
1785941267419587837,-0.013687132857739925,-1.0
1785941267518128496,0.03335500881075859,-1.0
1785941267618873912,0.005120515823364258,-1.0
1785941267720459520,0.0009937477298080921,-1.0
1785941267820391976,0.014434188604354858,-1.0
1785941267920754305,-0.021112028509378433,-1.0
1785941268018216810,-0.018484029918909073,-1.0
1785941268120935198,-0.012507227249443531,-1.0
1785941268217612616,0.030327966436743736,-1.0
1785941268323475255,0.02611050382256508,-1.0
1785941268419414532,-0.014588683843612671,-1.0
1785941268526340252,-0.014588683843612671,-1.0
1785941268617752537,0.017782673239707947,-1.0
1785941268718563331,0.011423428542912006,-1.0
1785941268818360198,0.009232329204678535,-1.0
1785941268917931521,-0.001419256441295147,-1.0
1785941269019619917,-0.013185817748308182,-1.0
1785941269123426924,-0.010539132170379162,-1.0
1785941269218154410,-0.0028629794251173735,-1.0
1785941269324636145,0.0056822095066308975,-1.0
1785941269421024175,0.0050038122572004795,-1.0
1785941269518826757,0.020981088280677795,-1.0
1785941269620256647,0.029575897380709648,-1.0
1785941269722868120,0.025633899495005608,-1.0
1785941269818959499,-0.03162452578544617,-1.0
1785941269921293584,-0.013084901496767998,-1.0
1785941270018869341,-0.009240657091140747,-1.0
1785941270119044047,0.008358554914593697,-1.0
1785941270219513324,0.006984962150454521,-1.0
1785941270319361169,-0.021321995183825493,-1.0
1785941270421183267,-0.01065155304968357,-1.0
1785941270517931631,0.012338106520473957,-1.0
1785941270620693221,0.009710107930004597,-1.0
1785941270721392683,-0.009573794901371002,-1.0
1785941270819769911,0.00858510471880436,-1.0
1785941270920353177,0.0066877142526209354,-1.0
1785941271018826761,0.002990501467138529,-1.0
1785941271123575340,-0.005928374826908112,-1.0
1785941271219730081,-0.004580316599458456,-1.0
1785941271319786991,-0.027284149080514908,-1.0
1785941271418373603,-0.013817836530506611,-1.0
1785941271521577002,0.02414451166987419,-1.0
1785941271618522078,0.022442178800702095,-1.0
1785941271718928473,-0.01612730510532856,-1.0
1785941271819224495,-0.019340431317687035,-1.0
1785941271919746222,-0.015522392466664314,-1.0
1785941272019897951,0.01968732476234436,-1.0
1785941272119011720,0.019620802253484726,-1.0
1785941272226563576,0.014364805072546005,-1.0
1785941272319583700,-0.03472011163830757,-1.0
1785941272419725220,0.012965773232281208,-1.0
1785941272520346151,-0.0023385847453027964,-1.0
1785941272619314250,-0.0023385847453027964,-1.0
1785941272719364439,-0.020518217235803604,-1.0
1785941272820519247,0.005597345530986786,-1.0
1785941272919561780,0.006219143979251385,-1.0
1785941273018297614,0.02130006067454815,-1.0
1785941273126095144,-0.00621170224621892,-1.0
1785941273219755453,-0.005819354671984911,-1.0
1785941273318444213,-0.011666778475046158,-1.0
1785941273418160756,-0.009156793355941772,-1.0
1785941273517887285,-0.011528058908879757,-1.0
1785941273617975267,0.010647636838257313,-1.0
1785941273718773613,0.0109792435541749,-1.0
1785941273818509838,-0.004298587795346975,-1.0
1785941273918117545,-0.01772141270339489,-1.0
1785941274017735461,-0.014958810992538929,-1.0
1785941274122069401,0.0027307551354169846,-1.0
1785941274228569568,0.015079277567565441,-1.0
1785941274318704364,0.0111372796818614,-1.0
1785941274419623290,0.01596134342253208,-1.0
1785941274519431294,0.013271861709654331,-1.0
1785941274618818929,0.002242986112833023,-1.0
1785941274718315560,-0.020642602816224098,-1.0
1785941274821396011,-0.006975778378546238,-1.0
1785941274918602089,-0.0056863161735236645,-1.0
1785941275018536722,0.013895592652261257,-1.0
1785941275119688649,0.011267594061791897,-1.0
1785941275219572016,-0.041274990886449814,-1.0
1785941275319087912,-0.01199513953179121,-1.0
1785941275418916140,-0.0071092406287789345,-1.0
1785941275532808178,-0.0025040144100785255,-1.0
1785941275619581884,-0.0011900149984285235,-1.0
1785941275719413152,0.03680534288287163,-1.0
1785941275819430508,0.03154933080077171,-1.0
1785941275921465445,-0.014379164204001427,-1.0
1785941276018748999,-0.014178759418427944,-1.0
1785941276117758923,-0.020514698699116707,-1.0
1785941276218948773,-0.012944952584803104,-1.0
1785941276318146640,-0.010316953994333744,-1.0
1785941276419016797,0.02629561349749565,-1.0
1785941276526391526,0.02344006672501564,-1.0
1785941276618428604,0.01818406954407692,-1.0
1785941276719611605,-0.024889923632144928,-1.0
1785941276817819290,0.019645914435386658,-1.0
1785941276919682253,0.019645914435386658,-1.0
1785941277018446408,-0.021200327202677727,-1.0
1785941277118986568,0.03052484430372715,-1.0
1785941277218021486,0.03024204447865486,-1.0
1785941277320190221,0.007840374484658241,-1.0
1785941277417658997,0.002937454730272293,-1.0
1785941277521779584,-0.0006067100912332535,-1.0
1785941277620636895,0.00756442965939641,-1.0
1785941277722603574,-0.020645424723625183,-1.0
1785941277818545475,-0.01933141052722931,-1.0
1785941277919347437,-0.015469010919332504,-1.0
1785941278017866719,0.007060931529849768,-1.0
1785941278118834543,-0.024568231776356697,-1.0
1785941278217909334,-0.021793769672513008,-1.0
1785941278318173835,0.04032870754599571,-1.0
1785941278417561439,-0.002131218556314707,-1.0
1785941278518224451,-0.006073216442018747,-1.0
1785941278618476664,0.01027604192495346,-1.0
1785941278718158871,-0.004848821554332972,-1.0
1785941278823483568,-0.004848821554332972,-1.0
1785941278917860609,-0.007458958309143782,-1.0
1785941279017820298,0.008392485789954662,-1.0
1785941279120146031,0.007269336376339197,-1.0
1785941279217903203,0.0211118683218956,-1.0
1785941279317948624,0.00045440540998242795,-1.0
1785941279421412033,-0.0008595938561484218,-1.0
1785941279525752309,0.004888466559350491,-1.0
1785941279617675430,-0.018134845420718193,-1.0
1785941279719107112,-0.02124633826315403,-1.0
1785941279818450586,-0.01796678453683853,-1.0
1785941279920252107,0.028287379071116447,-1.0
1785941280018781212,-0.016208283603191376,-1.0
1785941280118676227,-0.01358028594404459,-1.0
1785941280218556298,0.020211568102240562,-1.0
1785941280317995263,0.01914641074836254,-1.0
1785941280420107324,0.014294086024165154,-1.0
1785941280518685295,-0.025906331837177277,-1.0
1785941280619974732,-0.024907464161515236,-1.0
1785941280718571937,0.015505949966609478,-1.0
1785941280824818302,0.015505949966609478,-1.0
1785941280918869474,0.029601650312542915,-1.0
1785941281018801098,-0.01692352071404457,-1.0
1785941281118250496,-0.01797802560031414,-1.0
1785941281219885002,-0.0013846607180312276,-1.0
1785941281318801131,0.033349327743053436,-1.0
1785941281418531980,-0.027439182624220848,-1.0
1785941281518346607,-0.025239864364266396,-1.0
1785941281617891304,0.02029491402208805,-1.0
1785941281718931452,0.006392110604792833,-1.0
1785941281818115367,0.00392873166128993,-1.0
1785941281920017116,-0.02175779826939106,-1.0
1785941282018995423,-0.0038442318327724934,-1.0
1785941282119640771,9.776614024303854e-05,-1.0
1785941282231955660,-0.015402166172862053,-1.0
1785941282322811124,0.02692367322742939,-1.0
1785941282423959179,-0.00900154747068882,-1.0
1785941282526225998,-0.010212344117462635,-1.0
1785941282618581008,0.0041428301483392715,-1.0
1785941282725192508,0.0032443166710436344,-1.0
1785941282819452584,0.019888203591108322,-1.0
1785941282920784583,-0.01940048858523369,-1.0
1785941283017826207,-0.015510578639805317,-1.0
1785941283124730838,-0.0038667384069412947,-1.0
1785941283220021866,-0.010475322604179382,-1.0
1785941283318904937,-0.007847324013710022,-1.0
1785941283418514373,-0.004391495604068041,-1.0
1785941283518830460,0.03863038867712021,-1.0
1785941283619417950,0.03341258689761162,-1.0
1785941283718093461,0.007304460275918245,-1.0
1785941283820419515,0.014598637819290161,-1.0
1785941283920395205,0.013289304450154305,-1.0
1785941284018375041,-0.04596225172281265,-1.0
1785941284119507192,0.008389507420361042,-1.0
1785941284217619257,-0.012524142861366272,-1.0
1785941284322642695,-0.010066317394375801,-1.0
1785941284419332434,0.0034353872761130333,-1.0
1785941284518537246,0.02332630753517151,-1.0
1785941284619591314,0.020548587664961815,-1.0
1785941284720965522,0.004888375289738178,-1.0
1785941284819944117,0.016508115455508232,-1.0
1785941284920278861,-0.003657219000160694,-1.0
1785941285019601598,-0.003245019353926182,-1.0
1785941285118309622,-0.010907956399023533,-1.0
1785941285221481341,-0.005738593637943268,-1.0
1785941285318696859,-0.008818143978714943,-1.0
1785941285417716736,-0.004347129724919796,-1.0
1785941285519995588,-0.025228245183825493,-1.0
1785941285618147399,-0.01815945655107498,-1.0
1785941285719922166,-0.010980591177940369,-1.0
1785941285818737843,0.01972959376871586,-1.0
1785941285920300923,-0.011478770524263382,-1.0
1785941286018097776,-0.013867119327187538,-1.0
1785941286117764398,0.008135671727359295,-1.0
1785941286219839210,0.010108579881489277,-1.0
1785941286319788147,0.0074805812910199165,-1.0
1785941286418323333,-0.02967647835612297,-1.0
1785941286519857323,-0.025803865864872932,-1.0
1785941286620518512,0.004998474381864071,-1.0
1785941286718013081,0.0046684215776622295,-1.0
1785941286819218067,0.016023965552449226,-1.0
1785941286919948154,0.008899343200027943,-1.0
1785941287020440824,0.006271344609558582,-1.0
1785941287118066631,-0.01769143156707287,-1.0
1785941287218890994,0.01742776669561863,-1.0
1785941287322770740,0.015879619866609573,-1.0
1785941287422478099,0.02836097963154316,-1.0
1785941287519133340,0.010413892567157745,-1.0
1785941287619953223,0.0020225883927196264,-1.0
1785941287718124331,0.0023444793187081814,-1.0
1785941287817335095,-0.032238420099020004,-1.0
1785941287926974616,0.006220687180757523,-1.0
1785941288018760836,0.010954226367175579,-1.0
1785941288122052335,0.023053687065839767,-1.0
1785941288218854014,0.001156186917796731,-1.0
1785941288318401143,0.001034169690683484,-1.0
1785941288419433098,0.0022636428475379944,-1.0
1785941288517943355,-0.028833849355578423,-1.0
1785941288617627802,-0.0006420371937565506,-1.0
1785941288720779007,0.0019764273893088102,-1.0
1785941288817935547,0.0064192782156169415,-1.0
1785941288918385016,-0.008683321066200733,-1.0
1785941289018563274,-0.008683321066200733,-1.0
1785941289118844960,-0.008237097412347794,-1.0
1785941289218753479,-0.023538028821349144,-1.0
1785941289320322127,-0.019596030935645103,-1.0
1785941289417228705,-0.001968091819435358,-1.0
1785941289520648849,0.0006599067128263414,-1.0
1785941289625054951,0.010823815129697323,-1.0
1785941289718513140,-0.0037315781228244305,-1.0
1785941289820637297,0.005640106275677681,-1.0
1785941289919610036,0.005261882208287716,-1.0
1785941290018356239,-0.004756326787173748,-1.0
1785941290123825390,0.008791502565145493,-1.0
1785941290218048281,0.008379983715713024,-1.0
1785941290318849187,0.023672940209507942,-1.0
1785941290420694005,0.016164908185601234,-1.0
1785941290522926967,0.011947383172810078,-1.0
1785941290618740607,-0.009735379368066788,-1.0
1785941290718424638,-0.015301553532481194,-1.0
1785941290821262519,0.0009031309746205807,-1.0
1785941290922238824,0.0019925767555832863,-1.0
1785941291027810987,-0.018885569646954536,-1.0
1785941291119301803,0.02071995474398136,-1.0
1785941291219627171,0.018091956153512,-1.0
1785941291319300065,0.009379471652209759,-1.0
1785941291421171093,0.006732593756169081,-1.0
1785941291519760681,0.015029151923954487,-1.0
1785941291629535919,-0.05973866209387779,-1.0
1785941291718796953,-0.05635704845190048,-1.0
1785941291819003628,-0.004909431096166372,-1.0
1785941291920386093,0.006983565632253885,-1.0
1785941292018094175,0.0063758534379303455,-1.0
1785941292120490599,-0.0043709781020879745,-1.0
1785941292219502827,0.03420690819621086,-1.0
1785941292318166946,0.03026490844786167,-1.0
1785941292420308928,0.008675243705511093,-1.0
1785941292519283011,-0.025890370830893517,-1.0
1785941292618969282,-0.023865878582000732,-1.0
1785941292720556267,0.006906292866915464,-1.0
1785941292820779390,-0.0024626159574836493,-1.0
1785941292919484567,-0.00344464392401278,-1.0
1785941293019223672,-0.00401446595788002,-1.0
1785941293120380559,-0.008331338874995708,-1.0
1785941293221567720,-0.004389340989291668,-1.0
1785941293318290388,-0.01044292002916336,-1.0
1785941293418520872,0.0067292689345777035,-1.0
1785941293520025101,0.0063628461211919785,-1.0
1785941293618969487,-0.003821935737505555,-1.0
1785941293720423283,0.01108136959373951,-1.0
1785941293819223279,-0.014638720080256462,-1.0
1785941293918440443,-0.01418372057378292,-1.0
1785941294018993404,-0.004307994619011879,-1.0
1785941294122070430,-0.005073242820799351,-1.0
1785941294221309708,-0.0020491681061685085,-1.0
1785941294322144663,0.0011378010967746377,-1.0
1785941294417781208,0.022688494995236397,-1.0
1785941294518544545,0.019305454567074776,-1.0
1785941294625571037,0.01677420735359192,-1.0
1785941294720187414,0.02321341075003147,-1.0
1785941294819524360,-0.01603332720696926,-1.0
1785941294918960413,-0.015637774020433426,-1.0
1785941295019917165,-0.004887089598923922,-1.0
1785941295118507297,0.021115344017744064,-1.0
1785941295219221287,0.019801344722509384,-1.0
1785941295318486550,0.01736396737396717,-1.0
1785941295419408869,0.013289645314216614,-1.0
1785941295518574159,0.002395443618297577,-1.0
1785941295618082503,0.0017384232487529516,-1.0
1785941295726437462,-0.004234216641634703,-1.0
1785941295817541096,-0.004442165605723858,-1.0
1785941295918228845,-0.017052363604307175,-1.0
1785941296017961262,-0.025763191282749176,-1.0
1785941296118402986,-0.024547364562749863,-1.0
1785941296223463929,-0.011824160814285278,-1.0
1785941296317868587,-0.009430043399333954,-1.0
1785941296418694678,-0.01343920361250639,-1.0
1785941296519055151,-0.016674868762493134,-1.0
1785941296618611689,-0.014407006092369556,-1.0
1785941296722220128,0.017360510304570198,-1.0
1785941296818217423,0.017450498417019844,-1.0
1785941296918755951,0.014822499826550484,-1.0
1785941297128540321,0.0146016925573349,-1.0
1785941297218336543,0.005122526548802853,-1.0
1785941297318864063,-0.0007308549829758704,-1.0
1785941297419310779,-0.0011252191616222262,-1.0
1785941297518126008,-0.008829889819025993,-1.0
1785941297619341298,-0.015464670024812222,-1.0
1785941297718587168,-0.014577562920749187,-1.0
1785941297818989498,-0.009217650629580021,-1.0
1785941297918169477,0.009817193262279034,-1.0
1785941298018515869,-0.006529127713292837,-1.0
1785941298118629165,-0.006031928583979607,-1.0
1785941298220190164,0.01377786137163639,-1.0
1785941298319196633,0.012580168433487415,-1.0
1785941298418790804,0.009952169843018055,-1.0
1785941298520245303,-0.018470335751771927,-1.0
1785941298618132112,-0.005541581194847822,-1.0
1785941298718692401,-0.004212882835417986,-1.0
1785941298821557867,-0.010335247963666916,-1.0
1785941298917667487,0.013959447853267193,-1.0
1785941299017762381,-0.005042268894612789,-1.0
1785941299119519452,-0.005042268894612789,-1.0
1785941299217747555,0.007045363541692495,-1.0
1785941299318321060,0.020540770143270493,-1.0
1785941299418658460,0.01950809918344021,-1.0
1785941299519567274,0.011214638128876686,-1.0
1785941299618149150,0.042925093322992325,-1.0
1785941299719767496,0.04077325388789177,-1.0
1785941299819676111,-0.041966404765844345,-1.0
1785941299919284043,-0.019573036581277847,-1.0
1785941300019735847,-0.013003040105104446,-1.0
1785941300117318292,-0.0013413599226623774,-1.0
1785941300222369827,-0.0031931740231812,-1.0
1785941300319533984,-0.003170223906636238,-1.0
1785941300419224575,-0.006182345561683178,-1.0
1785941300525719942,0.010862636379897594,-1.0
1785941300619184563,0.007985361851751804,-1.0
1785941300718782094,-0.007663041818886995,-1.0
1785941300818075614,-0.01760309562087059,-1.0
1785941300918258256,0.008950070478022099,-1.0
1785941301020700346,0.008031097240746021,-1.0
1785941301119289390,-0.004219927359372377,-1.0
1785941301217918915,-0.02294866181910038,-1.0
1785941301317833451,-0.017232012003660202,-1.0
1785941301419649820,0.015128493309020996,-1.0
1785941301517884931,-0.020668698474764824,-1.0
1785941301624663669,0.03247173875570297,-1.0
1785941301719913031,0.03141364827752113,-1.0
1785941301818303892,0.03284285217523575,-1.0
1785941301918340704,0.010541534051299095,-1.0
1785941302018168164,0.007214413024485111,-1.0
1785941302122004484,-0.027619926258921623,-1.0
1785941302218084727,-0.024455932900309563,-1.0
1785941302326763827,-0.019199935719370842,-1.0
1785941302425134462,0.009824604727327824,-1.0
1785941302521962446,-0.017503462731838226,-1.0
1785941302621516456,-0.00021498563000932336,-1.0
1785941302719646922,0.0010990137234330177,-1.0
1785941302817716970,-0.005619058385491371,-1.0
1785941302921359714,-0.006933057680726051,-1.0
1785941303022357780,0.0135559793561697,-1.0
1785941303119485967,0.012602020055055618,-1.0
1785941303218648666,0.001717907958664,-1.0
1785941303324523945,-0.004078863654285669,-1.0
1785941303418885049,-0.003514123149216175,-1.0
1785941303518846242,0.014616891741752625,-1.0
1785941303617387605,0.01612956076860428,-1.0
1785941303718581262,-0.012437424622476101,-1.0
1785941303823401876,-0.01454848051071167,-1.0
1785941303918774827,0.010756990872323513,-1.0
1785941304019171461,0.009442991577088833,-1.0
1785941304119555647,-0.011580119840800762,-1.0
1785941304217531772,-0.0230071060359478,-1.0
1785941304319080739,-0.016801992431282997,-1.0
1785941304420429090,0.011409614235162735,-1.0
1785941304522178289,0.009906873106956482,-1.0
1785941304617950583,-0.019174469634890556,-1.0
1785941304718434165,-0.015912719070911407,-1.0
1785941304818065874,-0.0016603877302259207,-1.0
1785941304922267808,-0.02125704288482666,-1.0
1785941305018286352,-0.016747847199440002,-1.0
1785941305118061522,0.003384515643119812,-1.0
1785941305219740350,0.0388549268245697,-1.0
1785941305318136651,0.0034929101821035147,-1.0
1785941305419355205,-0.001763086998835206,-1.0
1785941305517507112,0.020734786987304688,-1.0
1785941305621067806,-0.005078364163637161,-1.0
1785941305718655947,-0.004749206360429525,-1.0
1785941305819179850,0.006231182720512152,-1.0
1785941305919328219,0.0173853300511837,-1.0
1785941306020285099,-0.009062699042260647,-1.0
1785941306118869279,-0.008301922120153904,-1.0
1785941306217673595,0.00386839103884995,-1.0
1785941306318693166,0.03366357833147049,-1.0
1785941306417669265,0.028623102232813835,-1.0
1785941306530345448,-0.01625584438443184,-1.0
1785941306621661666,-0.018894251435995102,-1.0
1785941306718985221,-0.005557861644774675,-1.0
1785941306818356727,-0.005434360820800066,-1.0
1785941306918142970,0.006338735576719046,-1.0
1785941307019844103,0.0020716895814985037,-1.0
1785941307120487979,0.0022559501230716705,-1.0
1785941307220792801,-0.006171585060656071,-1.0
1785941307318185895,0.018558664247393608,-1.0
1785941307420729781,0.017244664952158928,-1.0
1785941307518518570,-0.018216600641608238,-1.0
1785941307618623257,0.005025388207286596,-1.0
1785941307719246844,0.00669538788497448,-1.0
1785941307818901561,-0.004793793428689241,-1.0
1785941307920267449,-0.024759870022535324,-1.0
1785941308019083446,-0.02063852921128273,-1.0
1785941308117870386,0.0012190835550427437,-1.0
1785941308218475604,0.008746806532144547,-1.0
1785941308318510497,0.006118807476013899,-1.0
1785941308418026169,0.00695609487593174,-1.0
1785941308518348432,0.011354823596775532,-1.0
1785941308619443078,0.029120715335011482,-1.0
1785941308719502387,0.026131970807909966,-1.0
1785941308820314141,0.011244574561715126,-1.0
1785941308917483290,-0.022565452381968498,-1.0
1785941309026480067,-0.021251453086733818,-1.0
1785941309117569363,0.003415705170482397,-1.0
1785941309219652943,0.018536698073148727,-1.0
1785941309322325410,0.016523897647857666,-1.0
1785941309419484383,-0.014636891894042492,-1.0
1785941309521007365,-0.0007684690062887967,-1.0
1785941309621012816,0.01341065764427185,-1.0
1785941309718456439,0.010782644152641296,-1.0
1785941309845402201,-0.026703966781497,-1.0
1785941309920229714,-0.027402905747294426,-1.0
1785941310020019189,-0.0022600090596824884,-1.0
1785941310118398881,-0.028066486120224,-1.0
1785941310218394699,-0.02675248682498932,-1.0
1785941310321317224,0.0016457620076835155,-1.0
1785941310418049172,0.01756112650036812,-1.0
1785941310519422708,0.014933126978576183,-1.0
1785941310618145485,0.0028210931923240423,-1.0
1785941310720467571,0.004345773719251156,-1.0
1785941310825136275,-0.009216072969138622,-1.0
1785941310918895051,-0.008452758193016052,-1.0
1785941311018538504,-0.01836206018924713,-1.0
1785941311119028614,0.0001737254933686927,-1.0
1785941311221219686,0.002801724011078477,-1.0
1785941311318264542,0.03144550696015358,-1.0
1785941311420201877,0.011807363480329514,-1.0
1785941311526115269,0.0029287650249898434,-1.0
1785941311618685583,0.012598436325788498,-1.0
1785941311717935133,0.000937243748921901,-1.0
1785941311818578721,-0.0003767555463127792,-1.0
1785941311920597818,-0.02890884503722191,-1.0
1785941312018614712,0.007049763109534979,-1.0
1785941312122949388,0.0211944617331028,-1.0
1785941312218305954,0.01705535501241684,-1.0
1785941312320582918,-0.002659647958353162,-1.0
1785941312418695143,-0.006240954622626305,-1.0
1785941312518524523,-0.03536171838641167,-1.0
1785941312621406054,-0.023780087009072304,-1.0
1785941312721709149,-0.004110334906727076,-1.0
1785941312823036987,-0.00253414292819798,-1.0
1785941312919240979,-0.007016666233539581,-1.0
1785941313024923130,0.01496668066829443,-1.0
1785941313119018112,0.012758132070302963,-1.0
1785941313225190555,0.02479431964457035,-1.0
1785941313319298881,0.014612727798521519,-1.0
1785941313426322940,0.011984729208052158,-1.0
1785941313518212076,-0.019297832623124123,-1.0
1785941313618109523,-0.029402345418930054,-1.0
1785941313720048265,-0.02519453689455986,-1.0
1785941313818669215,0.022632986307144165,-1.0
1785941313918885362,0.016920123249292374,-1.0
1785941314020035786,0.012817996554076672,-1.0
1785941314118425174,-0.012798987329006195,-1.0
1785941314218141494,-0.007416803855448961,-1.0
1785941314321310268,-0.040925756096839905,-1.0
1785941314418852103,-0.0378601998090744,-1.0
1785941314521304882,0.028172524645924568,-1.0
1785941314620095981,0.028341680765151978,-1.0
1785941314719531458,-0.003485972061753273,-1.0
1785941314818234299,0.009216665290296078,-1.0
1785941314920917294,0.007902665995061398,-1.0
1785941315018911371,0.0047667198814451694,-1.0
1785941315119407625,-0.009484585374593735,-1.0
1785941315221777040,0.005268368870019913,-1.0
1785941315318470171,0.004193521570414305,-1.0
1785941315419656948,0.008444627746939659,-1.0
1785941315517888794,-0.011454645544290543,-1.0
1785941315620150077,-0.010140646249055862,-1.0
1785941315718114009,0.014052210375666618,-1.0
1785941315826078841,-0.011391658335924149,-1.0
1785941315922765155,-0.012090499512851238,-1.0
1785941316021510525,0.016524525359272957,-1.0
1785941316117713589,-0.0049345726147294044,-1.0
1785941316219182873,-0.004774087108671665,-1.0
1785941316317769229,0.004692011512815952,-1.0
1785941316418765534,-0.009919927455484867,-1.0
1785941316518329144,-0.008846730925142765,-1.0
1785941316618147420,-0.00387173960916698,-1.0
1785941316726502699,-0.0036307640839368105,-1.0
1785941316820924382,-0.013674085028469563,-1.0
1785941316918348869,-0.01352064311504364,-1.0
1785941317018896517,-0.02548050321638584,-1.0
1785941317129500683,0.010481295175850391,-1.0
1785941317218105084,-0.008390180766582489,-1.0
1785941317317823260,-0.008390180766582489,-1.0
1785941317428854195,0.014608947560191154,-1.0
1785941317517760111,0.005573712754994631,-1.0
1785941317618342577,0.005134151317179203,-1.0
1785941317718748075,0.016072360798716545,-1.0
1785941317817894197,0.012544669210910797,-1.0
1785941317918265710,0.009390406310558319,-1.0
1785941318018931923,0.005137968808412552,-1.0
1785941318118810425,0.004514030180871487,-1.0
1785941318218005509,0.00188603182323277,-1.0
1785941318318044241,-0.025042248889803886,-1.0
1785941318417760177,0.0014777169562876225,-1.0
1785941318526548657,0.0017868344439193606,-1.0
1785941318617841706,-0.01563129760324955,-1.0
1785941318719139816,0.040181200951337814,-1.0
1785941318817930596,0.03673051297664642,-1.0
1785941318919847513,0.008603504858911037,-1.0
1785941319022458729,-0.033377017825841904,-1.0
1785941319118312531,-0.030749019235372543,-1.0
1785941319218048404,-0.004871738143265247,-1.0
1785941319325258743,0.01248723641037941,-1.0
1785941319419387486,0.009834994561970234,-1.0
1785941319517982194,-0.016773918643593788,-1.0
1785941319617604238,-0.007956116460263729,-1.0
1785941319722460438,-0.004782221745699644,-1.0
1785941319819871164,0.011329025030136108,-1.0
1785941319918170085,0.027196316048502922,-1.0
1785941320025547438,0.02325431816279888,-1.0
1785941320117699016,0.01580735109746456,-1.0
1785941320220712392,-0.032171424478292465,-1.0
1785941320318399897,-0.026305612176656723,-1.0
1785941320428800984,-0.019735615700483322,-1.0
1785941320518154470,-0.013187720440328121,-1.0
1785941320618271893,0.021818852052092552,-1.0
1785941320720106087,0.020752808079123497,-1.0
1785941320819620767,0.022124869748950005,-1.0
1785941320918152497,0.009438642300665379,-1.0
1785941321018545003,0.007135778199881315,-1.0
1785941321118401585,-0.017751028761267662,-1.0
1785941321218200948,-0.018134964630007744,-1.0
1785941321319106050,-0.014192966744303703,-1.0
1785941321418412946,0.01125058438628912,-1.0
1785941321522960173,0.0006082392646931112,-1.0
1785941321620515737,-0.002097467193379998,-1.0
1785941321718070245,-0.005314281675964594,-1.0
1785941321818034063,-0.03618515282869339,-1.0
1785941321920330899,-0.034919511526823044,-1.0
1785941322021299427,0.03133299946784973,-1.0
1785941322119379492,0.01832573302090168,-1.0
1785941322217749263,0.002297178143635392,-1.0
1785941322317693272,0.002402965910732746,-1.0
1785941322420103937,0.01642657443881035,-1.0
1785941322517451620,0.023191452026367188,-1.0
1785941322623218447,0.019249454140663147,-1.0
1785941322720578196,0.003046854166314006,-1.0
1785941322819515733,-0.01017624419182539,-1.0
1785941322940140001,-0.008159741759300232,-1.0
1785941323018798223,-0.020431287586688995,-1.0
1785941323118615731,-0.006278186570852995,-1.0
1785941323228653764,-0.004164676647633314,-1.0
1785941323317963120,0.009923317469656467,-1.0
1785941323421723885,-0.01713254675269127,-1.0
1785941323518671905,-0.01644785702228546,-1.0
1785941323617772969,-0.012505859136581421,-1.0
1785941323720345944,0.033843446522951126,-1.0
1785941323818645601,0.016666820272803307,-1.0
1785941323926029546,0.010096823796629906,-1.0
1785941324020104527,0.008035307750105858,-1.0
1785941324118044010,-0.014148905873298645,-1.0
1785941324219866012,-0.012252584099769592,-1.0
1785941324323264107,0.015894658863544464,-1.0
1785941324420542252,-0.01898547261953354,-1.0
1785941324518642509,-0.01593087799847126,-1.0
1785941324618680345,-0.0028622352983802557,-1.0
1785941324718082317,0.01859515719115734,-1.0
1785941324817690121,0.015088404528796673,-1.0
1785941324918736668,0.011885745450854301,-1.0
1785941325018954288,-0.006509096827358007,-1.0
1785941325118998908,0.012165302410721779,-1.0
1785941325219300531,0.010800783522427082,-1.0
1785941325321956645,-0.0006372462376020849,-1.0
1785941325418070937,-0.006837985012680292,-1.0
1785941325519815559,-0.005523985717445612,-1.0
1785941325617921609,0.005990615114569664,-1.0
1785941325717935668,0.023739807307720184,-1.0
1785941325819730981,0.021998384967446327,-1.0
1785941325918528641,-0.04320646449923515,-1.0
1785941326028321480,0.0035434565506875515,-1.0
1785941326126572879,0.008772973902523518,-1.0
1785941326219768274,-0.008433212526142597,-1.0
1785941326317278972,-0.0018965315539389849,-1.0
1785941326425777553,0.0007314669783227146,-1.0
1785941326522563967,0.002851068275049329,-1.0
1785941326617677516,-0.009037521667778492,-1.0
1785941326718964009,0.003990441095083952,-1.0
1785941326817610112,0.005682488903403282,-1.0
1785941326919643770,-0.002178188180550933,-1.0
1785941327018723969,-0.0026670244988054037,-1.0
1785941327120494224,0.01910276710987091,-1.0
1785941327218263749,-0.003596167080104351,-1.0
1785941327318847206,0.007457155268639326,-1.0
1785941327418642345,0.005062606651335955,-1.0
1785941327518102527,0.00040759879630059004,-1.0
1785941327617790718,-0.0033912062644958496,-1.0
1785941327718173656,-0.003694933606311679,-1.0
1785941327818302824,-0.03405267000198364,-1.0
1785941327917391599,-0.0047782715409994125,-1.0
1785941328020016000,0.0004777255526278168,-1.0
1785941328118746650,0.0025601850356906652,-1.0
1785941328220197917,0.0018726579146459699,-1.0
1785941328320018849,0.00031934119760990143,-1.0
1785941328417976764,0.018350092694163322,-1.0
1785941328520357572,-0.0040562087669968605,-1.0
1785941328618183258,-0.010720983147621155,-1.0
1785941328717584270,-0.0073247794061899185,-1.0
1785941328818828809,0.0031829639337956905,-1.0
1785941328918514856,0.013658619485795498,-1.0
1785941329018768221,0.009177044034004211,-1.0
1785941329118664995,-0.027398208156228065,-1.0
1785941329218703664,-0.00039098411798477173,-1.0
1785941329322354825,0.0009230151772499084,-1.0
1785941329419078068,0.0065692756325006485,-1.0
1785941329518287200,0.020137391984462738,-1.0
1785941329618719964,-0.02662389911711216,-1.0
1785941329719785904,-0.02556280419230461,-1.0
1785941329821499934,0.017682000994682312,-1.0
1785941329927156708,0.01726200059056282,-1.0
1785941330020564047,0.014634002931416035,-1.0
1785941330118898778,0.03225858509540558,-1.0
1785941330220015696,0.02831658534705639,-1.0
1785941330319633388,-0.003777738194912672,-1.0
1785941330419198534,-0.006759908981621265,-1.0
1785941330519326614,-0.020670680329203606,-1.0
1785941330617421463,0.014132366515696049,-1.0
1785941330719815519,0.014132366515696049,-1.0
1785941330818593210,0.009521928615868092,-1.0
1785941330925563924,0.0060562556609511375,-1.0
1785941331018364743,0.002899453043937683,-1.0
1785941331126731927,-0.00516523327678442,-1.0
1785941331226890536,-0.013078411109745502,-1.0
1785941331318059804,-0.013638724572956562,-1.0
1785941331419382298,-0.012818096205592155,-1.0
1785941331519913850,-0.009433669038116932,-1.0
1785941331619742206,-0.008143337443470955,-1.0
1785941331718693824,0.019262278452515602,-1.0
1785941331819903322,-0.022156745195388794,-1.0
1785941331930296665,-0.018839312717318535,-1.0
1785941332017578710,-0.012148245237767696,-1.0
1785941332119551917,0.008053324185311794,-1.0
1785941332221071347,0.004503721371293068,-1.0
1785941332319564739,-0.02258547581732273,-1.0
1785941332421566812,-0.0011062822304666042,-1.0
1785941332524309073,0.0015217163600027561,-1.0
1785941332620518569,0.002158380812034011,-1.0
1785941332720402384,-0.012695206329226494,-1.0
1785941332819008516,-0.02277221344411373,-1.0
1785941332919128116,-0.02014421485364437,-1.0
1785941333019901469,0.028586553409695625,-1.0
1785941333120793866,0.008419239893555641,-1.0
1785941333221051455,0.00624357583001256,-1.0
1785941333322347261,-0.008937892504036427,-1.0
1785941333418413455,0.029914911836385727,-1.0
1785941333520511403,0.027768008410930634,-1.0
1785941333622098900,0.02440866455435753,-1.0
1785941333719458008,0.007970309816300869,-1.0
1785941333822784164,0.012581706047058105,-1.0
1785941333918408421,0.010599412955343723,-1.0
1785941334020996052,-0.017432093620300293,-1.0
1785941334120903036,2.488856262061745e-05,-1.0
1785941334218620686,0.0015575357247143984,-1.0
1785941334320199126,-0.010691334493458271,-1.0
1785941334421056546,-0.007186645641922951,-1.0
1785941334521485502,-0.012813347391784191,-1.0
1785941334618353103,-0.011950820684432983,-1.0
1785941334719656045,-0.0302381981164217,-1.0
1785941334819302858,-0.017812198027968407,-1.0
1785941334926490188,-0.011242200620472431,-1.0
1785941335019000020,0.0026489831507205963,-1.0
1785941335119412015,-0.016719182953238487,-1.0
1785941335221327044,0.0012910364894196391,-1.0
1785941335326373683,0.002605035901069641,-1.0
1785941335420470617,0.021627208217978477,-1.0
1785941335518409588,-0.02554534748196602,-1.0
1785941335618875921,-0.02291734889149666,-1.0
1785941335719011361,0.00516129145398736,-1.0
1785941335821571087,-0.008095732890069485,-1.0
1785941335919671088,0.0026144611183553934,-1.0
1785941336019661467,0.0026144611183553934,-1.0
1785941336121458059,-0.003577454946935177,-1.0
1785941336217390648,0.0012199971824884415,-1.0
1785941336317689263,0.0015311015304178,-1.0
1785941336417925315,0.01879817247390747,-1.0
1785941336520961252,0.028954187408089638,-1.0
1785941336619112711,0.025915266945958138,-1.0
1785941336727509464,0.029234884306788445,-1.0
1785941336822870607,0.011962358839809895,-1.0
1785941336922225441,0.008020360954105854,-1.0
1785941337026802781,0.0006805979064665735,-1.0
1785941337126986831,-0.043124862015247345,-1.0
1785941337220615651,-0.041810862720012665,-1.0
1785941337317401841,0.012630346231162548,-1.0
1785941337417927504,0.0072533017955720425,-1.0
1785941337518391309,0.006505192257463932,-1.0
1785941337625936445,0.016245977953076363,-1.0
1785941337719155105,0.006465940736234188,-1.0
1785941337818065089,0.005709781311452389,-1.0
1785941337919863890,0.012297730892896652,-1.0
1785941338018264799,0.010151255875825882,-1.0
1785941338118255689,-0.0006130059482529759,-1.0
1785941338219281116,0.0011018684599548578,-1.0
1785941338322984439,0.002415867755189538,-1.0
1785941338418231081,0.003150531090795994,-1.0
1785941338518332760,-0.02784312330186367,-1.0
1785941338617714923,-0.014269508421421051,-1.0
1785941338719169646,-0.00901351124048233,-1.0
1785941338817800004,-0.02127613127231598,-1.0
1785941338917545189,0.01669042371213436,-1.0
1785941339019927180,0.014371859841048717,-1.0
1785941339118798219,0.0042220065370202065,-1.0
1785941339220642974,-0.03393515944480896,-1.0
1785941339318662268,-0.03196985647082329,-1.0
1785941339417945803,-0.014801142737269402,-1.0
1785941339518070875,0.007666278630495071,-1.0
1785941339622889601,0.03282436728477478,-1.0
1785941339720130209,0.02748901955783367,-1.0
1785941339820542587,0.009020611643791199,-1.0
1785941339922864737,-0.002142481040209532,-1.0
1785941340020750745,-0.002142481040209532,-1.0
1785941340119631097,-0.002854367019608617,-1.0
1785941340218447094,0.010111053474247456,-1.0
1785941340318651913,0.015361502766609192,-1.0
1785941340419105093,0.009545883163809776,-1.0
1785941340518105481,-0.03265765681862831,-1.0
1785941340619382694,-0.008990221656858921,-1.0
1785941340719041475,-0.005149936303496361,-1.0
1785941340819410653,-0.011509912088513374,-1.0
1785941340917515934,-0.0005429278826341033,-1.0
1785941341018087647,-0.0005429278826341033,-1.0
1785941341118051497,0.0011649146908894181,-1.0
1785941341220044929,-0.013406929560005665,-1.0
1785941341320873644,-0.025727879256010056,-1.0
1785941341418435672,-0.022640487179160118,-1.0
1785941341520581910,0.01849391497671604,-1.0
1785941341618025790,-0.0017069256864488125,-1.0
1785941341719749068,-0.0030209249816834927,-1.0
1785941341820029346,-0.000131928245536983,-1.0
1785941341919171499,0.01448079664260149,-1.0
1785941342019277242,0.0007176421349868178,-1.0
1785941342117644934,-0.0002943094295915216,-1.0
1785941342226365443,-0.029089057818055153,-1.0
1785941342317799874,-0.009340044111013412,-1.0
1785941342418629293,0.038185965269804,-1.0
1785941342517156767,0.035836271941661835,-1.0
1785941342621644088,-0.01032763347029686,-1.0
1785941342719016829,0.030368398874998093,-1.0
1785941342820173332,0.028338409960269928,-1.0
1785941342920741653,0.009794165380299091,-1.0
1785941343017758348,-0.028017569333314896,-1.0
1785941343118129798,-0.025389570742845535,-1.0
1785941343218058478,-0.009411754086613655,-1.0
1785941343318302754,-0.002571017714217305,-1.0
1785941343418001729,-0.0014564156299456954,-1.0
1785941343522829832,-0.002657430712133646,-1.0
1785941343619212614,-0.011302199214696884,-1.0
1785941343718981896,-0.009557880461215973,-1.0
1785941343819224861,-0.001934571424499154,-1.0
1785941343918260610,0.013728158548474312,-1.0
1785941344020428449,0.011616438627243042,-1.0
1785941344118060112,-0.00691573228687048,-1.0
1785941344221551363,0.0016693489160388708,-1.0
1785941344318339409,0.002983348211273551,-1.0
1785941344417787622,0.001266137813217938,-1.0
1785941344521049904,0.030873576179146767,-1.0
1785941344618693791,0.026691317558288574,-1.0
1785941344718135764,0.025026705116033554,-1.0
1785941344820538141,-0.011318291537463665,-1.0
1785941344920526311,-0.011344804428517818,-1.0
1785941345018917684,0.007015446200966835,-1.0
1785941345117507656,-0.014653329737484455,-1.0
1785941345219138994,-0.013339330442249775,-1.0
1785941345317750823,-0.01705244369804859,-1.0
1785941345418157570,0.012837649323046207,-1.0
1785941345518027336,0.009625476785004139,-1.0
1785941345618239419,0.007967613637447357,-1.0
1785941345718958754,-0.02000216394662857,-1.0
1785941345817998087,-0.03251278027892113,-1.0
1785941345922888368,-0.028570780530571938,-1.0
1785941346019851461,0.017252102494239807,-1.0
1785941346117747134,0.022961804643273354,-1.0
1785941346218014195,0.019276058301329613,-1.0
1785941346319957642,0.0038146430160850286,-1.0
1785941346418755462,-0.005470990668982267,-1.0
1785941346518794706,-0.005167186725884676,-1.0
1785941346618836415,-0.018968280404806137,-1.0
1785941346718788808,0.0007865812513045967,-1.0
1785941346819844348,0.0021005806047469378,-1.0
1785941346922439756,0.004064652137458324,-1.0
1785941347018961263,0.00923000555485487,-1.0
1785941347119457454,0.006832537241280079,-1.0
1785941347219196110,-0.010479075834155083,-1.0
1785941347320277731,-0.0036778775975108147,-1.0
1785941347418243583,-0.00339968572370708,-1.0
1785941347519031689,-0.0032049990259110928,-1.0
1785941347618556225,-0.012755375355482101,-1.0
1785941347719177380,0.02845948375761509,-1.0
1785941347818371440,0.026479026302695274,-1.0
1785941347922374198,-0.011784129776060581,-1.0
1785941348017981654,-0.034613531082868576,-1.0
1785941348123162347,-0.029357533901929855,-1.0
1785941348218279960,-0.0044050635769963264,-1.0
1785941348326285242,0.022304126992821693,-1.0
1785941348419273812,0.01499275304377079,-1.0
1785941348520060190,0.012842442840337753,-1.0
1785941348619858817,0.01875428296625614,-1.0
1785941348717989571,0.006556660868227482,-1.0
1785941348819262655,0.005242661572992802,-1.0
1785941348917370817,-0.02953956089913845,-1.0
1785941349018855077,-0.033805251121520996,-1.0
1785941349119644751,-0.008565019816160202,-1.0
1785941349217558377,-0.003309022169560194,-1.0
1785941349318026598,-0.013956354930996895,-1.0
1785941349420006398,0.030173027887940407,-1.0
1785941349518562193,0.02947958931326866,-1.0
1785941349619525601,0.0006278965156525373,-1.0
1785941349717750311,-0.0134370606392622,-1.0
1785941349818018780,-0.009414054453372955,-1.0
1785941349918126283,0.009345877915620804,-1.0
1785941350024320871,0.0040623825043439865,-1.0
1785941350120552223,0.0040623825043439865,-1.0
1785941350222366417,0.012974674813449383,-1.0
1785941350319157887,-0.003681106260046363,-1.0
1785941350418511249,-0.01477608922868967,-1.0
1785941350517857826,-0.010186580941081047,-1.0
1785941350617954929,0.014253055676817894,-1.0
1785941350718282025,0.012682190164923668,-1.0
1785941350819302843,-0.0192108191549778,-1.0
1785941350918047701,-0.016582820564508438,-1.0
1785941351019348211,-0.03479994460940361,-1.0
1785941351119757102,-0.02822994999587536,-1.0
1785941351219778617,0.005610878579318523,-1.0
1785941351318222792,0.009421425871551037,-1.0
1785941351418968208,0.008982318453490734,-1.0
1785941351518434758,0.0033426873851567507,-1.0
1785941351617937277,0.00034155568573623896,-1.0
1785941351717973418,0.0011200221488252282,-1.0
1785941351818056280,0.011909541673958302,-1.0
1785941351919052489,0.009201728738844395,-1.0
1785941352027266099,0.04072504863142967,-1.0
1785941352118528043,-0.0008158247219398618,-1.0
1785941352217531695,0.03813876211643219,-1.0
1785941352320478860,0.0330602303147316,-1.0
1785941352419104386,-0.017861174419522285,-1.0
1785941352518640379,0.008332165889441967,-1.0
1785941352618771979,0.00813293643295765,-1.0
1785941352717713261,-0.028211036697030067,-1.0
1785941352827130533,0.025014176964759827,-1.0
1785941352921122439,0.025014176964759827,-1.0
1785941353017432162,0.004714624490588903,-1.0
1785941353117843613,-0.04817824438214302,-1.0
1785941353222872652,-0.04534560441970825,-1.0
1785941353321440671,-0.018410397693514824,-1.0
1785941353420039987,-0.028641941025853157,-1.0
1785941353519743507,-0.023391520604491234,-1.0
1785941353620201359,0.0037001839373260736,-1.0
1785941353719365626,0.00819743424654007,-1.0
1785941353818434369,0.005569435190409422,-1.0
1785941353918231556,0.011121326126158237,-1.0
1785941354018641567,-0.008706013672053814,-1.0
1785941354119069978,-0.008985238149762154,-1.0
1785941354218539664,-0.0013691760832443833,-1.0
1785941354320754001,0.01993056945502758,-1.0
1785941354419782326,0.016418887302279472,-1.0
1785941354520359384,-0.012124568223953247,-1.0
1785941354621731320,0.009723557159304619,-1.0
1785941354720629848,0.008409557864069939,-1.0
1785941354817630030,-0.022202594205737114,-1.0
1785941354918472634,0.0207237396389246,-1.0
1785941355017736040,0.02151772379875183,-1.0
1785941355121526311,0.016438573598861694,-1.0
1785941355220430343,-0.006105499807745218,-1.0
1785941355319623154,-0.006861562374979258,-1.0
1785941355420647429,0.030972223728895187,-1.0
1785941355520527019,0.0007523957174271345,-1.0
1785941355622018672,0.0032690654043108225,-1.0
1785941355718893826,0.002627237467095256,-1.0
1785941355819159703,-0.03493793308734894,-1.0
1785941355918351202,-0.03088250569999218,-1.0
1785941356020525186,-0.0007620618562214077,-1.0
1785941356120917276,-0.012539072893559933,-1.0
1785941356222264635,0.00802290253341198,-1.0
1785941356318472659,0.00802290253341198,-1.0
1785941356419860372,0.01649794541299343,-1.0
1785941356518946619,0.01386994682252407,-1.0
1785941356619780134,-0.00975324958562851,-1.0
1785941356726893925,-0.008871469646692276,-1.0
1785941356826375484,-0.006363441236317158,-1.0
1785941356917798874,-0.016020532697439194,-1.0
1785941357021740574,0.05011209100484848,-1.0
1785941357120584860,0.04815060645341873,-1.0
1785941357218062981,-0.0012654971797019243,-1.0
1785941357318170548,-0.03601132705807686,-1.0
1785941357422591115,-0.033383313566446304,-1.0
1785941357519007306,0.025555720552802086,-1.0
1785941357619605389,0.00911357905715704,-1.0
1785941357719629112,0.005171581171452999,-1.0
1785941357817962755,-0.040777016431093216,-1.0
1785941357918684906,-0.0026089700404554605,-1.0
1785941358018676724,-0.006991566624492407,-1.0
1785941358119728392,-0.005074652843177319,-1.0
1785941358218014960,-0.0060184611938893795,-1.0
1785941358317706639,-0.018302330747246742,-1.0
1785941358421162912,-0.015674332156777382,-1.0
1785941358518304924,-0.010562206618487835,-1.0
1785941358618851228,-0.0027919625863432884,-1.0
1785941358720434757,-0.001501997816376388,-1.0
1785941358819616912,-0.010278353467583656,-1.0
1785941358918805819,0.020379550755023956,-1.0
1785941359017355886,-0.0058633373118937016,-1.0
1785941359118569096,-0.007177336607128382,-1.0
1785941359220204914,0.0066216085106134415,-1.0
1785941359319459360,-0.004441579803824425,-1.0
1785941359418516167,0.041473980993032455,-1.0
1785941359518710809,0.038845982402563095,-1.0
1785941359618716804,0.00884347315877676,-1.0
1785941359717848909,-0.003975956235080957,-1.0
1785941359817732628,-0.00502624548971653,-1.0
1785941359921281641,0.0035791818518191576,-1.0
1785941360021415801,-0.01191080641001463,-1.0
1785941360121390499,-0.012260978110134602,-1.0
1785941360220204767,-0.009632979519665241,-1.0
1785941360319313800,-0.020372850820422173,-1.0
1785941360419896553,-0.010610632598400116,-1.0
1785941360518438492,-0.008167206309735775,-1.0
1785941360617816174,0.004401459824293852,-1.0
1785941360717858491,0.001295853522606194,-1.0
1785941360821264490,0.002696351381018758,-1.0
1785941360917755373,-0.014864573255181313,-1.0
1785941361018706397,-0.017184222117066383,-1.0
1785941361118430685,0.011249869130551815,-1.0
1785941361217960213,0.010717583820223808,-1.0
1785941361319652418,0.007855166681110859,-1.0
1785941361429185855,0.018305225297808647,-1.0
1785941361520065320,0.013924618251621723,-1.0
1785941361620097300,0.02098502777516842,-1.0
1785941361719046582,-0.007796732243150473,-1.0
1785941361819637816,-0.0064827329479157925,-1.0
1785941361917406028,-0.013341380283236504,-1.0
1785941362019221758,0.0006269171135500073,-1.0
1785941362121623206,-0.013128232210874557,-1.0
1785941362224948658,-0.012436183169484138,-1.0
1785941362319393925,0.010286355391144753,-1.0
1785941362417593642,-0.013632201589643955,-1.0
1785941362522422992,-0.011004202999174595,-1.0
1785941362618297595,0.006878088228404522,-1.0
1785941362717901751,0.008534830063581467,-1.0
1785941362817904098,0.006340069696307182,-1.0
1785941362918217529,-0.0022908677347004414,-1.0
1785941363021813711,0.04524815082550049,-1.0
1785941363117823423,-0.004436346236616373,-1.0
1785941363222787051,-0.008378343656659126,-1.0
1785941363317692272,0.01384419109672308,-1.0
1785941363419469312,0.011625082232058048,-1.0
1785941363518345695,0.009117759764194489,-1.0
1785941363619003876,-0.0219113826751709,-1.0
1785941363720660271,-0.00032008596463128924,-1.0
1785941363820593719,0.0013418802991509438,-1.0
1785941363925393469,0.0063064489513635635,-1.0
1785941364019223768,-0.015653394162654877,-1.0
1785941364121372310,-0.014339393936097622,-1.0
1785941364218764284,0.012320950627326965,-1.0
1785941364319570438,0.008760998025536537,-1.0
1785941364421436089,0.018545057624578476,-1.0
1785941364517811320,-0.015692295506596565,-1.0
1785941364620427368,-0.01437829714268446,-1.0
1785941364718767442,0.019153354689478874,-1.0
1785941364821914680,-0.0004696684773080051,-1.0
1785941364917858533,-0.0004696684773080051,-1.0
1785941365019823900,-0.0341535322368145,-1.0
1785941365117511821,0.019384348765015602,-1.0
1785941365224941753,0.017930997535586357,-1.0
1785941365318636527,-0.01589350774884224,-1.0
1785941365418387248,0.01448024157434702,-1.0
1785941365526242636,0.017178164795041084,-1.0
1785941365619851743,0.014565330930054188,-1.0
1785941365718718270,-0.002772406442090869,-1.0
1785941365817894857,-0.002772406442090869,-1.0
1785941365918327300,-0.019974488765001297,-1.0
1785941366020126837,-0.017346490174531937,-1.0
1785941366122512029,0.013459352776408195,-1.0
1785941366218622864,-0.0025182508397847414,-1.0
1785941366319493341,-0.03640598803758621,-1.0
1785941366418319835,-0.0318044051527977,-1.0
1785941366520953612,0.01486356183886528,-1.0
1785941366618617436,0.021238207817077637,-1.0
1785941366718735723,0.017296209931373596,-1.0
1785941366819210569,0.014148538000881672,-1.0
1785941366917539091,0.013246507383883,-1.0
1785941367019050904,0.01055893674492836,-1.0
1785941367118379913,-0.01764468289911747,-1.0
1785941367220265373,-0.008704468607902527,-1.0
1785941367321057639,0.005251005291938782,-1.0
1785941367418175426,0.0039370059967041016,-1.0
1785941367518307250,0.02270582690834999,-1.0
1785941367619509964,0.011431553401052952,-1.0
1785941367721709100,0.008304325863718987,-1.0
1785941367819083281,-0.006333804223686457,-1.0
1785941367920285610,0.0030009301844984293,-1.0
1785941368017828118,-0.005651954561471939,-1.0
1785941368120556779,-0.005651954561471939,-1.0
1785941368218208859,-0.019253697246313095,-1.0
1785941368319293488,-0.02197904884815216,-1.0
1785941368418212977,-0.017986174672842026,-1.0
1785941368518882549,0.036127179861068726,-1.0
1785941368617983869,0.021488206461071968,-1.0
1785941368719437121,0.014918209984898567,-1.0
1785941368819320871,-0.011697662062942982,-1.0
1785941368920380763,-0.019904611632227898,-1.0
1785941369018679140,-0.014544717036187649,-1.0
1785941369118622253,-0.01168859377503395,-1.0
1785941369220070288,0.019042115658521652,-1.0
1785941369319367744,-0.017097370699048042,-1.0
1785941369418826389,-0.014469371177256107,-1.0
1785941369518284555,0.01988370530307293,-1.0
1785941369618290582,-0.007876313291490078,-1.0
1785941369718108314,-0.005684542469680309,-1.0
1785941369817933502,-0.003134830156341195,-1.0
1785941369918511008,0.031949400901794434,-1.0
1785941370018432776,-0.02130667120218277,-1.0
1785941370121433447,-0.01999267190694809,-1.0
1785941370217444151,0.005955934524536133,-1.0
1785941370320080104,0.007979935966432095,-1.0
1785941370417504207,0.005052404012531042,-1.0
1785941370520164161,-0.03385426849126816,-1.0
1785941370625137805,0.008182716555893421,-1.0
1785941370719556544,0.010350856930017471,-1.0
1785941370831771205,0.0021896916441619396,-1.0
1785941370919788606,-0.004844586830586195,-1.0
1785941371019097134,-0.004844586830586195,-1.0
1785941371117788199,-0.0017455221386626363,-1.0
1785941371222698704,-0.0085687767714262,-1.0
1785941371319494367,-0.006376880686730146,-1.0
1785941371419073945,-0.005334791727364063,-1.0
1785941371519647706,-0.009328898042440414,-1.0
1785941371618971979,0.009991835802793503,-1.0
1785941371723835251,0.02130826562643051,-1.0
1785941371820775975,0.017036521807312965,-1.0
1785941371923445049,0.002969857770949602,-1.0
1785941372022630597,0.001655858475714922,-1.0
1785941372118257254,-0.010214692912995815,-1.0
1785941372218621503,-0.008900693617761135,-1.0
1785941372319217985,0.004421586636453867,-1.0
1785941372419337328,0.02231675758957863,-1.0
1785941372519730059,0.017211994156241417,-1.0
1785941372618405346,-0.02727363258600235,-1.0
1785941372723560757,-0.0063520632684230804,-1.0
1785941372819328732,0.021710313856601715,-1.0
1785941372918573545,0.017768315970897675,-1.0
1785941373018918114,0.027367103844881058,-1.0
1785941373119283259,0.01487248670309782,-1.0
1785941373222357597,0.00905535090714693,-1.0
1785941373317431689,0.013919219374656677,-1.0
1785941373418421594,0.011698231101036072,-1.0
1785941373518586571,-0.00836422573775053,-1.0
1785941373621060342,-0.05924864858388901,-1.0
1785941373719434754,-0.0072522396221756935,-1.0
1785941373819169699,0.0019457704620435834,-1.0
1785941373918875746,0.008554255589842796,-1.0
1785941374018515935,-0.01243485976010561,-1.0
1785941374120579034,-0.012204086408019066,-1.0
1785941374217895101,-0.015868671238422394,-1.0
1785941374318828268,-0.008559644222259521,-1.0
1785941374420432277,-0.007579770404845476,-1.0
1785941374523570618,0.0003943817282561213,-1.0
1785941374618220277,0.010650195181369781,-1.0
1785941374719715130,0.009336195886135101,-1.0
1785941374825491365,-0.008356110192835331,-1.0
1785941374918561475,-0.013717357069253922,-1.0
1785941375021184244,-0.009108468890190125,-1.0
1785941375118346577,-0.008500641211867332,-1.0
1785941375219538698,-0.003348603844642639,-1.0
1785941375317974808,-8.299079490825534e-05,-1.0
1785941375417632502,-8.299079490825534e-05,-1.0
1785941375520040990,0.01142557617276907,-1.0
1785941375623025757,0.00879757758229971,-1.0
1785941375719361977,-0.005990516860038042,-1.0
1785941375818111924,0.01593276858329773,-1.0
1785941375920056362,-0.014387248083949089,-1.0
1785941376018668639,-0.013194668106734753,-1.0
1785941376120410990,0.057538241147994995,-1.0
1785941376221331580,-0.009143898263573647,-1.0
1785941376318415446,-0.014399895444512367,-1.0
1785941376417928302,0.018055308610200882,-1.0
1785941376519181098,-0.006453793030232191,-1.0
1785941376626414669,-0.005320446565747261,-1.0
1785941376718994296,-0.004518063273280859,-1.0
1785941376819433524,-0.021633530035614967,-1.0
1785941376919225719,-0.018571507185697556,-1.0
1785941377019894588,0.01787841133773327,-1.0
1785941377119005476,-0.004882714711129665,-1.0
1785941377225237153,-0.004882714711129665,-1.0
1785941377317757962,0.021189512684941292,-1.0
1785941377417423208,-0.029339909553527832,-1.0
1785941377519899379,0.013466817326843739,-1.0
1785941377619690357,0.0145069295540452,-1.0
1785941377719827526,0.001386416144669056,-1.0
1785941377818937742,-0.0012575410073623061,-1.0
1785941377918762418,0.01256147213280201,-1.0
1785941378024425785,0.005045311059802771,-1.0
1785941378122558363,0.002999132266268134,-1.0
1785941378218863639,-0.006465817801654339,-1.0
1785941378318236681,0.0025229586753994226,-1.0
1785941378417486007,0.0012089593801647425,-1.0
1785941378526653382,0.006567526608705521,-1.0
1785941378618009761,-0.0019899492617696524,-1.0
1785941378718559713,-0.004144766833633184,-1.0
1785941378818061081,-0.03126658871769905,-1.0
1785941378924604994,0.02743612229824066,-1.0
1785941379019319840,0.025576673448085785,-1.0
1785941379118965181,0.010562527924776077,-1.0
1785941379219861387,-0.018097244203090668,-1.0
1785941379319498183,-0.015589545480906963,-1.0
1785941379418696723,0.019433753564953804,-1.0
1785941379518107303,-0.008166785351932049,-1.0
1785941379621636283,-0.021990088745951653,-1.0
1785941379717834418,-0.018347878009080887,-1.0
1785941379821182303,0.01601041667163372,-1.0
1785941379917879594,0.02419438771903515,-1.0
1785941380017621899,0.020252389833331108,-1.0
1785941380120270173,-0.008297470398247242,-1.0
1785941380222579265,-0.019374189898371696,-1.0
1785941380318682005,-0.015351652167737484,-1.0
1785941380418034759,-0.01916901022195816,-1.0
1785941380517338934,-0.002708435757085681,-1.0
1785941380619701213,0.0009836964309215546,-1.0
1785941380723926540,0.0022976957261562347,-1.0
1785941380818319037,0.005402133334428072,-1.0
1785941380919116615,-0.008410783484578133,-1.0
1785941381020664462,-0.008600308559834957,-1.0
1785941381119805368,0.01468875166028738,-1.0
1785941381219088135,0.002629266818985343,-1.0
1785941381320685360,0.0018121798057109118,-1.0
1785941381418116823,0.007401253562420607,-1.0
1785941381517840279,-0.02399251237511635,-1.0
1785941381619120564,-0.020050514489412308,-1.0
1785941381718985753,0.01216279249638319,-1.0
1785941381819857254,0.034253235906362534,-1.0
1785941381919694859,0.007869841530919075,-1.0
1785941382017358363,0.0012998452875763178,-1.0
1785941382117890970,-0.00767049053683877,-1.0
1785941382217989641,-0.0032615510281175375,-1.0
1785941382325542233,-0.0032615510281175375,-1.0
1785941382418874657,0.019611377269029617,-1.0
1785941382517627708,-0.00802716612815857,-1.0
1785941382621267124,-0.008111412636935711,-1.0
1785941382719337300,-0.028352688997983932,-1.0
1785941382819963287,0.025101428851485252,-1.0
1785941382919012573,0.023787429556250572,-1.0
1785941383017819194,0.018083063885569572,-1.0
1785941383119237692,0.040418416261672974,-1.0
1785941383218690225,-0.014877467416226864,-1.0
1785941383317616083,-0.017819952219724655,-1.0
1785941383419492838,0.010470752604305744,-1.0
1785941383517929301,0.01687701605260372,-1.0
1785941383618182825,0.014249018393456936,-1.0
1785941383718022286,-0.01902095414698124,-1.0
1785941383819773565,0.008648871444165707,-1.0
1785941383925370817,-0.01612238399684429,-1.0
1785941384017877929,-0.014808385632932186,-1.0
1785941384118325029,0.00873847957700491,-1.0
1785941384219330615,0.021760044619441032,-1.0
1785941384326308209,0.017818046733736992,-1.0
1785941384419612216,-0.016165228560566902,-1.0
1785941384520207482,-3.8094390220067e-06,-1.0
1785941384620069088,-0.0006446841871365905,-1.0
1785941384722800597,-0.02023503929376602,-1.0
1785941384821398601,-0.017263010144233704,-1.0
1785941384927871631,0.020947497338056564,-1.0
1785941385017710160,0.0005750139243900776,-1.0
1785941385118636447,0.00042847185977734625,-1.0
1785941385218552550,-0.005055196117609739,-1.0
1785941385320944494,-0.03332218900322914,-1.0
1785941385417868257,-0.028994401916861534,-1.0
1785941385520586326,0.011260838247835636,-1.0
1785941385618557426,0.025953954085707664,-1.0
1785941385724991703,0.022011956200003624,-1.0
1785941385826304629,-0.004860994406044483,-1.0
1785941385923316684,-0.02445097640156746,-1.0
1785941386020295105,0.006108621601015329,-1.0
1785941386118272669,0.008620189502835274,-1.0
1785941386223447473,-0.02033337950706482,-1.0
1785941386317420594,-0.0035231043584644794,-1.0
1785941386417946578,0.00041889355634339154,-1.0
1785941386519408181,0.012785680592060089,-1.0
1785941386618040907,-0.0033677357714623213,-1.0
1785941386721004105,-0.00401777820661664,-1.0
1785941386818354829,-0.015175681561231613,-1.0
1785941386918833611,-0.012218564748764038,-1.0
1785941387031370620,-0.008171170018613338,-1.0
1785941387120303801,-0.03391429781913757,-1.0
1785941387218466845,0.002025849651545286,-1.0
1785941387320749825,0.004050134681165218,-1.0
1785941387417491533,0.0036561747547239065,-1.0
1785941387517511801,-0.024533985182642937,-1.0
1785941387617608487,0.03507928177714348,-1.0
1785941387718368272,0.0337652824819088,-1.0
1785941387821553750,-0.0017646262422204018,-1.0
1785941387921649285,0.006053335499018431,-1.0
1785941388031266405,0.0065507409162819386,-1.0
1785941388117275345,-0.010403153486549854,-1.0
1785941388219213031,0.011408091522753239,-1.0
1785941388317656181,0.019855350255966187,-1.0
1785941388418972596,0.017227351665496826,-1.0
1785941388518993887,-0.005640348419547081,-1.0
1785941388617505072,0.005883906502276659,-1.0
1785941388723719981,0.006052682176232338,-1.0
1785941388818989504,0.011323659680783749,-1.0
1785941388918669022,-0.00892676878720522,-1.0
1785941389022375161,-0.009382777847349644,-1.0
1785941389118817082,-0.003994668833911419,-1.0
1785941389217408622,-0.00031699248938821256,-1.0
1785941389318442465,-0.028045790269970894,-1.0
1785941389419067460,-0.02271106466650963,-1.0
1785941389517329228,0.0044937110505998135,-1.0
1785941389621086952,0.01674606464803219,-1.0
1785941389721779022,0.012109097093343735,-1.0
1785941389818030408,-0.007907012477517128,-1.0
1785941389919510956,-0.038231030106544495,-1.0
1785941390019085158,-0.0006259945221245289,-1.0
1785941390119242935,0.004377176519483328,-1.0
1785941390217742984,-0.009892882779240608,-1.0
1785941390319490295,0.004861853085458279,-1.0
1785941390418232753,0.004852192476391792,-1.0
1785941390518949496,0.021410509943962097,-1.0
1785941390617404775,0.005944673903286457,-1.0
1785941390718620705,0.004630674608051777,-1.0
1785941390818593675,0.0018277768976986408,-1.0
1785941390917591663,-0.023870982229709625,-1.0
1785941391021682840,-0.01905946061015129,-1.0
1785941391118094072,-0.005937665235251188,-1.0
1785941391220995091,0.002265346935018897,-1.0
1785941391317597722,0.0027455054223537445,-1.0
1785941391423312611,-0.0069666663184762,-1.0
1785941391522505231,0.030607478693127632,-1.0
1785941391623860718,0.02836046740412712,-1.0
1785941391726687527,0.007492018863558769,-1.0
1785941391823739679,0.0035500209778547287,-1.0
1785941391930543283,0.014110419899225235,-1.0
1785941392022453699,0.012796420603990555,-1.0
1785941392119318549,-0.009698028676211834,-1.0
1785941392218076047,0.006854746490716934,-1.0
1785941392317709004,0.006854746490716934,-1.0
1785941392417491438,-0.024880455806851387,-1.0
1785941392519086839,-0.024685073643922806,-1.0
1785941392618097628,-0.01754022389650345,-1.0
1785941392717955009,0.008927162736654282,-1.0
1785941392818098033,0.01617608219385147,-1.0
1785941392918004505,0.013452192768454552,-1.0
1785941393019294806,0.014423391781747341,-1.0
1785941393118334619,0.012065536342561245,-1.0
1785941393217434595,0.009437537752091885,-1.0
1785941393325946777,-0.024112842977046967,-1.0
1785941393418234744,-0.006250443868339062,-1.0
1785941393518736503,0.002147661754861474,-1.0
1785941393617799677,0.0008992364164441824,-1.0
1785941393722416187,0.005567486397922039,-1.0
1785941393818285158,0.004349652212113142,-1.0
1785941393924623879,0.004117981996387243,-1.0
1785941394023143096,-0.0032893659081310034,-1.0
1785941394117978395,0.015498540364205837,-1.0
1785941394219434590,0.013309062458574772,-1.0
1785941394320289130,-0.015473192557692528,-1.0
1785941394417639694,-0.031506553292274475,-1.0
1785941394519180693,-0.02625054307281971,-1.0
1785941394618041524,-0.01241906825453043,-1.0
1785941394721908437,-0.016743024811148643,-1.0
1785941394821460718,-0.013055426999926567,-1.0
1785941394918975385,-0.00979218166321516,-1.0
1785941395018105666,0.0005844520055688918,-1.0
1785941395120602158,0.026031268760561943,-1.0
1785941395218006868,0.022076433524489403,-1.0
1785941395318061089,-0.023691747337579727,-1.0
1785941395419415808,-0.0002245086507173255,-1.0
1785941395519809402,-0.002346019260585308,-1.0
1785941395617488907,-0.002346019260585308,-1.0
1785941395719249338,-0.010757220908999443,-1.0
1785941395821941966,-0.009899077005684376,-1.0
1785941395923577112,0.017524126917123795,-1.0
1785941396018529759,0.025803832337260246,-1.0
1785941396118968027,0.013606266118586063,-1.0
1785941396217941822,0.008405446074903011,-1.0
1785941396318945200,-0.0071837762370705605,-1.0
1785941396418345188,-0.008215369656682014,-1.0
1785941396518254187,-0.005587371531873941,-1.0
1785941396617977931,-0.038011353462934494,-1.0
1785941396720027462,0.022140106186270714,-1.0
1785941396819277492,0.023135893046855927,-1.0
1785941396919451205,-0.012145822867751122,-1.0
1785941397020284432,-0.01704680360853672,-1.0
1785941397122056704,-0.012888801284134388,-1.0
1785941397219035414,0.0011500450782477856,-1.0
1785941397319869857,-0.006513597909361124,-1.0
1785941397418666045,0.007140228059142828,-1.0
1785941397518234615,0.004450633656233549,-1.0
1785941397620041801,0.006053750868886709,-1.0
1785941397721615633,-0.007121256086975336,-1.0
1785941397818279034,-0.007125553209334612,-1.0
1785941397921855920,-0.004585129674524069,-1.0
1785941398019160786,0.011343912221491337,-1.0
1785941398118167478,0.008508309721946716,-1.0
1785941398222446183,0.007130247540771961,-1.0
1785941398318562235,0.010733306407928467,-1.0
1785941398418515589,0.015853002667427063,-1.0
1785941398530664263,0.013404064811766148,-1.0
1785941398634383618,0.021306099370121956,-1.0
1785941398719954621,0.019195355474948883,-1.0
1785941398817409317,-0.027149654924869537,-1.0
1785941398919908177,-0.014645600691437721,-1.0
1785941399019453898,-0.00718721654266119,-1.0
1785941399118984131,0.007013717200607061,-1.0
1785941399217616825,0.0032385720405727625,-1.0
1785941399317264790,0.0004970623413100839,-1.0
1785941399419520121,-0.019871508702635765,-1.0
1785941399522852965,0.020819108933210373,-1.0
1785941399625870533,0.019505109637975693,-1.0
1785941399718428239,-0.020871246233582497,-1.0
1785941399818023946,-0.006610888056457043,-1.0
1785941399921509916,-0.0015108237275853753,-1.0
1785941400017258882,-0.0008015172206796706,-1.0
1785941400118230931,-0.0009958016453310847,-1.0
1785941400217708105,0.0010684151202440262,-1.0
1785941400323379153,-0.014948385767638683,-1.0
1785941400417409012,-0.0018153260461986065,-1.0
1785941400522138550,-0.014071693643927574,-1.0
1785941400618701020,-0.013460288755595684,-1.0
1785941400720226786,-0.02012881264090538,-1.0
1785941400821308599,0.02285127528011799,-1.0
1785941400919473754,0.020223276689648628,-1.0
1785941401018954353,0.014240576885640621,-1.0
1785941401121800651,-0.007331725675612688,-1.0
1785941401219174831,-0.032186515629291534,-1.0
1785941401318616581,-0.026309829205274582,-1.0
1785941401420766947,0.02226758375763893,-1.0
1785941401518146600,0.01302429661154747,-1.0
1785941401622270963,0.00908229872584343,-1.0
1785941401722442853,0.020490407943725586,-1.0
1785941401817814364,-3.533046037773602e-05,-1.0
1785941401923002448,-0.0018457166152074933,-1.0
1785941402018331174,0.01106236968189478,-1.0
1785941402118218381,-0.016407031565904617,-1.0
1785941402218120308,0.011892233975231647,-1.0
1785941402318915581,0.011892233975231647,-1.0
1785941402418126090,-0.01134386844933033,-1.0
1785941402518816975,-0.021511804312467575,-1.0
1785941402617662893,-0.016506580635905266,-1.0
1785941402720405379,0.003941630013287067,-1.0
1785941402818236186,-0.005830647423863411,-1.0
1785941402919262092,-0.005149076692759991,-1.0
1785941403021360137,0.014224011451005936,-1.0
1785941403117790825,-0.008948433212935925,-1.0
1785941403223352588,-0.00964562688022852,-1.0
1785941403318437752,-0.006438317708671093,-1.0
1785941403417624259,-0.0019980082288384438,-1.0
1785941403518460911,0.0005006975261494517,-1.0
1785941403618749445,0.0005006975261494517,-1.0
1785941403719336198,0.029896389693021774,-1.0
1785941403822133278,0.008659771643579006,-1.0
1785941403920862488,0.0060317725874483585,-1.0
1785941404018531400,0.03436347469687462,-1.0
1785941404118811838,-0.0018477211706340313,-1.0
1785941404219584391,-0.0028333577793091536,-1.0
1785941404319111231,-0.019411809742450714,-1.0
1785941404418618039,-0.004179386887699366,-1.0
1785941404521358956,-0.009273569099605083,-1.0
1785941404620463700,-0.009273569099605083,-1.0
1785941404717998944,0.03725077956914902,-1.0
1785941404818899853,-0.028286093845963478,-1.0
1785941404918347171,-0.02927500568330288,-1.0
1785941405023305262,-0.014386431314051151,-1.0
1785941405117755842,0.021138189360499382,-1.0
1785941405217614119,0.020123742520809174,-1.0
1785941405317585745,0.004451548680663109,-1.0
1785941405419546824,-0.007281783502548933,-1.0
1785941405517340285,-0.007281783502548933,-1.0
1785941405618950695,-0.0046463520266115665,-1.0
1785941405722860329,-0.005527174100279808,-1.0
1785941405818276610,0.007402951829135418,-1.0
1785941405919619361,0.006893589626997709,-1.0
1785941406018229782,0.015046251937747002,-1.0
1785941406118237442,0.013732252642512321,-1.0
1785941406218234444,-0.020628882572054863,-1.0
1785941406318726762,-0.016154438257217407,-1.0
1785941406418972383,-0.004045042674988508,-1.0
1785941406517464751,-0.0027310431469231844,-1.0
1785941406618651688,0.01800227351486683,-1.0
1785941406717955736,-0.007331486325711012,-1.0
1785941406823213359,-0.008645485155284405,-1.0
1785941406917476539,0.013274680823087692,-1.0
1785941407018456268,0.013950169086456299,-1.0
1785941407132525881,0.009131249971687794,-1.0
1785941407219034136,-0.036762043833732605,-1.0
1785941407318313767,-0.035487622022628784,-1.0
1785941407419547554,0.0034734029322862625,-1.0
1785941407519555053,0.012421020306646824,-1.0
1785941407617637198,0.010283037088811398,-1.0
1785941407719554755,-0.01186289545148611,-1.0
1785941407817608131,0.004447960760444403,-1.0
1785941407919438229,0.004447960760444403,-1.0
1785941408017442098,0.020614180713891983,-1.0
1785941408119843290,-0.022563664242625237,-1.0
1785941408217737331,-0.022338062524795532,-1.0
1785941408318615488,-0.000829641823656857,-1.0
1785941408419377993,0.0216736551374197,-1.0
1785941408540089816,0.019532836973667145,-1.0
1785941408625170175,0.0045665656216442585,-1.0
1785941408718344993,-0.001017494942061603,-1.0
1785941408817798391,-0.001017494942061603,-1.0
1785941408918219346,0.019323643296957016,-1.0
1785941409018300736,-0.0004368906083982438,-1.0
1785941409119744291,-0.003920346032828093,-1.0
1785941409218048364,-0.0029839370399713516,-1.0
1785941409320830179,-0.02069786563515663,-1.0
1785941409418283275,-0.012315304018557072,-1.0
1785941409521584822,-0.008373306132853031,-1.0
1785941409622299037,-0.016253836452960968,-1.0
1785941409717649523,0.005374314729124308,-1.0
1785941409819889749,0.006807038094848394,-1.0
1785941409917344957,0.026693448424339294,-1.0
1785941410019309173,-0.004947269801050425,-1.0
1785941410117882664,-0.011943756602704525,-1.0
1785941410221194100,-0.009315758012235165,-1.0
1785941410317547345,-0.0015606599627062678,-1.0
1785941410418780172,0.005977732129395008,-1.0
1785941410518243042,0.007652066648006439,-1.0
1785941410617568786,0.0016359906876459718,-1.0
1785941410718495073,0.00924992747604847,-1.0
1785941410818815353,0.005722201429307461,-1.0
1785941410918041894,-0.02226565033197403,-1.0
1785941411017670978,0.03886033967137337,-1.0
1785941411123856637,0.004099438898265362,-1.0
1785941411217405358,-0.0002985943865496665,-1.0
1785941411319304194,-0.014180528931319714,-1.0
1785941411417438341,-0.011039431206882,-1.0
1785941411517657944,-0.00841143261641264,-1.0
1785941411618045138,-0.006807259283959866,-1.0
1785941411719238251,0.01815246418118477,-1.0
1785941411819705384,0.01537626888602972,-1.0
1785941411924611634,-0.015073223039507866,-1.0
1785941412022624719,0.0030684401281177998,-1.0
1785941412117533461,0.004587216768413782,-1.0
1785941412218119766,0.007602280005812645,-1.0
1785941412319256685,0.019556725397706032,-1.0
1785941412417921284,0.01692872680723667,-1.0
1785941412519639890,-0.03265060856938362,-1.0
1785941412618335274,-0.03109060227870941,-1.0
1785941412720665328,-0.012898161076009274,-1.0
1785941412820543894,-0.005484083201736212,-1.0
1785941412920724904,0.010693616233766079,-1.0
1785941413019775758,0.010071360506117344,-1.0
1785941413118270494,0.007134238723665476,-1.0
1785941413221013300,0.009819836355745792,-1.0
1785941413317801282,0.024530310183763504,-1.0
1785941413420261068,0.020588312298059464,-1.0
1785941413528342097,-0.01747082732617855,-1.0
1785941413617787266,0.005156915169209242,-1.0
1785941413719321033,0.006470914464443922,-1.0
1785941413817458955,-0.023302746936678886,-1.0
1785941413919249308,0.0066306097432971,-1.0
1785941414018100538,0.007766898721456528,-1.0
1785941414119329365,-0.013149892911314964,-1.0
1785941414219727535,0.018407171592116356,-1.0
1785941414320440982,0.016202174127101898,-1.0
1785941414419362327,-0.01215570792555809,-1.0
1785941414517222734,-0.009733589366078377,-1.0
1785941414624703804,-0.016555678099393845,-1.0
1785941414717659989,-0.014526091516017914,-1.0
1785941414818307193,-0.023694787174463272,-1.0
1785941414917405761,0.028736835345625877,-1.0
1785941415018685598,0.026108836755156517,-1.0
1785941415117273906,0.0009635940659791231,-1.0
1785941415220072681,0.007290413603186607,-1.0
1785941415317666423,0.01406150497496128,-1.0
1785941415418134260,0.012029812671244144,-1.0
1785941415518961343,-0.0027511215303093195,-1.0
1785941415620312958,-0.00032986360020004213,-1.0
1785941415718410303,-0.00032986360020004213,-1.0
1785941415819192169,0.007506513502448797,-1.0
1785941415920945400,-0.01977434940636158,-1.0
1785941416022851821,-0.019309669733047485,-1.0
1785941416118881053,-0.00565897673368454,-1.0
1785941416221092382,0.014201123267412186,-1.0
1785941416320862496,0.00585164362564683,-1.0
1785941416420542367,0.004616968799382448,-1.0
1785941416517973830,-0.030490240082144737,-1.0
1785941416619154366,-0.016366131603717804,-1.0
1785941416721879123,-0.008028393611311913,-1.0
1785941416819944307,0.0010811458341777325,-1.0
1785941416918873268,0.009982272051274776,-1.0
1785941417022499212,0.007354273460805416,-1.0
1785941417118652641,-0.014715912751853466,-1.0
1785941417219352200,0.005787097383290529,-1.0
1785941417317981533,-0.0011939392425119877,-1.0
1785941417418671843,-0.00220474973320961,-1.0
1785941417518600427,0.02709757164120674,-1.0
1785941417618592950,0.01918499730527401,-1.0
1785941417728381373,0.013929000124335289,-1.0
1785941417818895927,-0.030660446733236313,-1.0
1785941417926399334,0.010282117873430252,-1.0
1785941418018470141,0.015541372820734978,-1.0
1785941418117724843,0.012913374230265617,-1.0
1785941418218001952,-0.012779174372553825,-1.0
1785941418320531789,-0.012355528771877289,-1.0
1785941418418582189,-0.01627577468752861,-1.0
1785941418519219504,0.001099271816201508,-1.0
1785941418625861789,0.0025724952574819326,-1.0
1785941418719543539,-0.002142922719940543,-1.0
1785941418819613344,-0.03124418668448925,-1.0
1785941418920949247,-0.02682380937039852,-1.0
1785941419025514971,0.006991720292717218,-1.0
1785941419117799547,0.013414537534117699,-1.0
1785941419218312953,0.009980624541640282,-1.0
1785941419319226632,-0.00761990575119853,-1.0
1785941419421460585,-0.01608765684068203,-1.0
1785941419619800319,-0.01608765684068203,-1.0
1785941419719011147,0.0032974618952721357,-1.0
1785941419819121434,0.004182882606983185,-1.0
1785941419919239050,-0.00027434027288109064,-1.0
1785941420018650494,0.038559380918741226,-1.0
1785941420117824489,0.034617383033037186,-1.0
1785941420218987105,-0.0003101885668002069,-1.0
1785941420319679782,-0.016145357862114906,-1.0
1785941420417761831,0.01320633850991726,-1.0
1785941420519011842,0.013465738855302334,-1.0
1785941420618118891,-0.023727858439087868,-1.0
1785941420719228897,-0.007310692220926285,-1.0
1785941420820368856,-0.0033686943352222443,-1.0
1785941420919017582,0.011479990556836128,-1.0
1785941421018933686,-0.02859916351735592,-1.0
1785941421118280615,-0.02839008718729019,-1.0
1785941421220724849,-0.015229996293783188,-1.0
1785941421322117170,0.00456722266972065,-1.0
1785941421417394982,0.005387620069086552,-1.0
1785941421518837833,0.0040736207738518715,-1.0
1785941421621245521,-0.001240827376022935,-1.0
1785941421719605212,0.013412815518677235,-1.0
1785941421818870091,0.011503009125590324,-1.0
1785941421920039555,0.007547758053988218,-1.0
1785941422018311627,-0.007744166534394026,-1.0
1785941422117298286,0.005207360256463289,-1.0
1785941422218168091,0.004372208844870329,-1.0
1785941422320531906,0.01340210996568203,-1.0
1785941422423292344,-0.03574098274111748,-1.0
1785941422518203901,-0.0343950055539608,-1.0
1785941422620359836,-0.02913900651037693,-1.0
1785941422718109423,0.013157582841813564,-1.0
1785941422817871185,0.012796212919056416,-1.0
1785941422917262180,0.01149456761777401,-1.0
1785941423017661727,-0.004153605084866285,-1.0
1785941423119250151,0.04687591269612312,-1.0
1785941423219257266,0.04556191340088844,-1.0
1785941423320596657,0.004168517887592316,-1.0
1785941423417337822,-0.0057358951307833195,-1.0
1785941423519821321,0.03240741789340973,-1.0
1785941423617633439,0.030988210812211037,-1.0
1785941423718495339,-0.005967963952571154,-1.0
1785941423818265549,0.0040992870926856995,-1.0
1785941423918055056,0.0040992870926856995,-1.0
1785941424019167270,-0.005970390979200602,-1.0
1785941424119081550,-0.01406219881027937,-1.0
1785941424219727442,-0.011320371180772781,-1.0
1785941424318213090,-0.003643328556790948,-1.0
1785941424420391457,-0.0077737499959766865,-1.0
1785941424518212312,-0.0053352173417806625,-1.0
1785941424618401098,-0.024167200550436974,-1.0
1785941424718430582,-0.015952397137880325,-1.0
1785941424817666403,-0.02348174899816513,-1.0
1785941424917537545,-0.01875458098948002,-1.0
1785941425018631166,0.033977508544921875,-1.0
1785941425117393305,-0.015587192960083485,-1.0
1785941425217630381,-0.01690119318664074,-1.0
1785941425318443800,0.01657280884683132,-1.0
1785941425417997329,-0.015946675091981888,-1.0
1785941425517886136,0.0214272141456604,-1.0
1785941425618380566,0.021361399441957474,-1.0
1785941425720135749,0.02402675896883011,-1.0
1785941425817414438,-0.016172925010323524,-1.0
1785941425926301642,-0.016172925010323524,-1.0
1785941426025556824,0.00912855938076973,-1.0
1785941426117286370,0.025894828140735626,-1.0
1785941426220035832,0.022306445986032486,-1.0
1785941426317505120,-0.028619084507226944,-1.0
1785941426418047968,-0.025991085916757584,-1.0
1785941426518300757,-0.009796367958188057,-1.0
1785941426619012860,-0.014944814145565033,-1.0
1785941426719559676,-0.012646920047700405,-1.0
1785941426819247099,0.018247999250888824,-1.0
1785941426919774202,0.012872152030467987,-1.0
1785941427020111474,0.009856276214122772,-1.0
1785941427119232859,-0.011322969570755959,-1.0
1785941427219301320,-0.02208523452281952,-1.0
1785941427317427082,-0.01814323663711548,-1.0
1785941427419528295,-0.010885714553296566,-1.0
1785941427518607950,0.0034794064704328775,-1.0
1785941427622528529,0.005600668024271727,-1.0
1785941427718465022,0.0014770945999771357,-1.0
1785941427821763273,-0.0034962135832756758,-1.0
1785941427919904428,0.008898486383259296,-1.0
1785941428018340026,0.008898486383259296,-1.0
1785941428118295587,0.011952822096645832,-1.0
1785941428217451598,-0.010250437073409557,-1.0
1785941428319081272,-0.00836320873349905,-1.0
1785941428418434602,0.007817854173481464,-1.0
1785941428524529921,-0.013634635135531425,-1.0
1785941428617399447,0.014780895784497261,-1.0
1785941428718611217,0.013466896489262581,-1.0
1785941428820064148,0.01396721601486206,-1.0
1785941428918137173,0.0113392174243927,-1.0
1785941429018938047,-0.01380917802453041,-1.0
1785941429118252911,-0.01549077033996582,-1.0
1785941429219326787,0.008595120161771774,-1.0
1785941429321496835,0.00874172430485487,-1.0
1785941429418800229,-0.015355276875197887,-1.0
1785941429518106133,0.026389358565211296,-1.0
1785941429619028164,0.026389358565211296,-1.0
1785941429718749348,0.006723654922097921,-1.0
1785941429817602370,0.011367502622306347,-1.0
1785941429919593530,0.007675492204725742,-1.0
1785941430019327323,-0.028638271614909172,-1.0
1785941430120626392,-0.056167371571063995,-1.0
1785941430225500064,-0.046599749475717545,-1.0
1785941430317582840,0.02588670887053013,-1.0
1785941430421905130,0.04650283604860306,-1.0
1785941430520461597,0.03861884027719498,-1.0
1785941430619723500,-0.0072382977232337,-1.0
1785941430720008642,-0.012573379091918468,-1.0
1785941430826524841,-0.009761053137481213,-1.0
1785941430917328751,0.0027760860975831747,-1.0
1785941431018609420,-0.022409508004784584,-1.0
1785941431118782174,-0.01998649723827839,-1.0
1785941431218424763,0.02441064827144146,-1.0
1785941431317923602,0.012797932140529156,-1.0
1785941431418390447,0.004052064381539822,-1.0
1785941431517929384,0.00282770162448287,-1.0
1785941431620564441,-0.010775678791105747,-1.0
1785941431717454635,0.0009965444914996624,-1.0
1785941431818173298,0.0023105437867343426,-1.0
1785941431917500995,0.022543316707015038,-1.0
1785941432018053347,0.002454083878546953,-1.0
1785941432123169813,0.0005980485584586859,-1.0
1785941432217654762,0.006888885982334614,-1.0
1785941432325816274,-0.00991712138056755,-1.0
1785941432417654912,-0.01820041425526142,-1.0
1785941432519075490,-0.014258415438234806,-1.0
1785941432617497487,0.0039057752583175898,-1.0
1785941432723259098,-0.0035396330058574677,-1.0
1785941432817641643,-0.004550573416054249,-1.0
1785941432928238993,0.0075888014398515224,-1.0
1785941433023043922,-0.038887809962034225,-1.0
1785941433119713052,-0.03659219294786453,-1.0
1785941433220321022,0.03117453306913376,-1.0
1785941433318533636,0.03117453306913376,-1.0
1785941433419186056,-0.021046089008450508,-1.0
1785941433517380109,0.007077433168888092,-1.0
1785941433620018590,0.007938854396343231,-1.0
1785941433719058148,0.028899842873215675,-1.0
1785941433819343738,-0.015855275094509125,-1.0
1785941433918600744,0.0011974788503721356,-1.0
1785941434019448884,0.002511478029191494,-1.0
1785941434118673889,0.02424626611173153,-1.0
1785941434217291030,-0.017261117696762085,-1.0
1785941434317816085,-0.018152518197894096,-1.0
1785941434418495642,0.027238614857196808,-1.0
1785941434518497413,0.01648256741464138,-1.0
1785941434618738298,-0.0005940584233030677,-1.0
1785941434721338057,-0.0019080577185377479,-1.0
1785941434817442493,0.02850620076060295,-1.0
1785941434918690680,-0.024224556982517242,-1.0
1785941435018075404,-0.024876799434423447,-1.0
1785941435120189865,0.017193812876939774,-1.0
1785941435218006111,-0.008193469606339931,-1.0
1785941435317930663,-0.008688031695783138,-1.0
1785941435418326433,0.004319056402891874,-1.0
1785941435519569404,-0.018542515113949776,-1.0
1785941435624764785,0.012192364782094955,-1.0
1785941435718524681,0.010371035896241665,-1.0
1785941435822265893,-0.03305613994598389,-1.0
1785941435919790000,0.016327278688549995,-1.0
1785941436019015165,0.01501328032463789,-1.0
1785941436126377670,0.029659265652298927,-1.0
1785941436217505432,-0.011385701596736908,-1.0
1785941436318366565,-0.01305477600544691,-1.0
1785941436418182088,-0.01237289234995842,-1.0
1785941436519597834,-0.026852641254663467,-1.0
1785941436618488298,-0.024191413074731827,-1.0
1785941436720422304,0.008465118706226349,-1.0
1785941436819348001,0.01273512002080679,-1.0
1785941436919832895,0.010107121430337429,-1.0
1785941437020108533,-0.0010219707619398832,-1.0
1785941437118077841,0.0032745434436947107,-1.0
1785941437219509107,0.002632632851600647,-1.0
1785941437318972009,-0.013452569954097271,-1.0
1785941437418392510,-0.01113862730562687,-1.0
1785941437517751440,-0.008498323149979115,-1.0
1785941437622358349,-0.010452893562614918,-1.0
1785941437718764589,-0.010311282239854336,-1.0
1785941437818557104,0.025530751794576645,-1.0
1785941437919719208,-0.013941571116447449,-1.0
1785941438019917690,-0.000751672952901572,-1.0
1785941438119932710,0.0005623263423331082,-1.0
1785941438217538516,0.00032203923910856247,-1.0
1785941438320623926,-0.019207758828997612,-1.0
1785941438418263654,-0.01617586798965931,-1.0
1785941438517589334,0.023509535938501358,-1.0
1785941438618812529,0.002003598026931286,-1.0
1785941438718465070,-0.0006244080141186714,-1.0
1785941438818294258,0.002281252294778824,-1.0
1785941438919537870,0.007439266424626112,-1.0
1785941439042688604,0.00589707400649786,-1.0
1785941439123114318,-0.009252994321286678,-1.0
1785941439226533918,0.0002749935956671834,-1.0
1785941439319659614,0.0024332066532224417,-1.0
1785941439419606631,-0.0322892852127552,-1.0
1785941439525756289,0.012025754898786545,-1.0
1785941439620749833,0.013339761644601822,-1.0
1785941439718124622,0.003718242049217224,-1.0
1785941439822161686,0.0038121321704238653,-1.0
1785941439918679961,0.015296656638383865,-1.0
1785941440021354860,0.014067118987441063,-1.0
1785941440119374954,-0.005228809081017971,-1.0
1785941440220005454,-0.004832989536225796,-1.0
1785941440317844773,-0.005616925656795502,-1.0
1785941440418423590,-0.0026108596939593554,-1.0
1785941440520729322,-0.0008344561792910099,-1.0
1785941440617995467,0.04045889899134636,-1.0
1785941440725952427,0.037340499460697174,-1.0
1785941440820952372,-0.012339247390627861,-1.0
1785941440921364239,0.013076871633529663,-1.0
1785941441018282306,0.014291844330728054,-1.0
1785941441118762336,-0.02591113932430744,-1.0
1785941441217390389,-0.005105965305119753,-1.0
1785941441318945660,0.00015003167209215462,-1.0
1785941441418790433,-0.0030289364513009787,-1.0
1785941441518574948,0.008732609450817108,-1.0
1785941441618977022,0.013697364367544651,-1.0
1785941441720430530,0.010988757014274597,-1.0
1785941441821227244,-0.01031491719186306,-1.0
1785941441919800895,0.00907528679817915,-1.0
1785941442025611564,0.00907528679817915,-1.0
1785941442117320821,0.002905376022681594,-1.0
1785941442217228860,-0.040197402238845825,-1.0
1785941442317617718,-0.015405116602778435,-1.0
1785941442419692209,-0.007515811827033758,-1.0
1785941442517290879,-0.04009172320365906,-1.0
1785941442617999462,-0.014876543544232845,-1.0
1785941442718611624,-0.006992547772824764,-1.0
1785941442817620493,0.021062077954411507,-1.0
1785941442917437040,0.030572591349482536,-1.0
1785941443018706893,0.023221217095851898,-1.0
1785941443119396242,0.015337221324443817,-1.0
1785941443221522800,-0.013719169422984123,-1.0
1785941443317923727,0.008139212615787983,-1.0
1785941443419504855,0.00802845973521471,-1.0
1785941443517562775,0.008677195757627487,-1.0
1785941443617272662,-0.019534332677721977,-1.0
1785941443722511853,-0.016702542081475258,-1.0
1785941443818419001,0.01512824185192585,-1.0
1785941443918900022,0.02282377891242504,-1.0
1785941444018047520,0.018881781026721,-1.0
1785941444117384881,-0.04891391098499298,-1.0
1785941444217333178,0.0017967497697100043,-1.0
1785941444318288106,0.012322095222771168,-1.0
1785941444417704990,0.009774284437298775,-1.0
1785941444532265119,-0.0038387496024370193,-1.0
1785941444617657842,-0.003632528940215707,-1.0
1785941444719922645,-0.003632528940215707,-1.0
1785941444820362673,0.009095581248402596,-1.0
1785941444920481697,-0.004333806224167347,-1.0
1785941445020526989,-0.0052224136888980865,-1.0
1785941445118935867,0.010110472328960896,-1.0
1785941445220068785,-0.003638319671154022,-1.0
1785941445320153408,-0.0027919034473598003,-1.0
1785941445423033178,-0.004646040499210358,-1.0
1785941445520472482,-0.009289026260375977,-1.0
1785941445618323769,-0.0045452360063791275,-1.0
1785941445719133860,-0.00440299091860652,-1.0
1785941445817460750,-0.005122046452015638,-1.0
1785941445918837326,0.012348177842795849,-1.0
1785941446017304157,0.009720179252326488,-1.0
1785941446120824241,-0.012363342568278313,-1.0
1785941446222712869,0.004343201406300068,-1.0
1785941446317880308,0.004343201406300068,-1.0
1785941446417720889,-0.009907877072691917,-1.0
1785941446525171429,-0.010937059298157692,-1.0
1785941446625648899,-0.007664058823138475,-1.0
1785941446717723450,0.0011061056284233928,-1.0
1785941446825654169,0.002420104807242751,-1.0
1785941446917623372,0.005842654500156641,-1.0
1785941447019887887,0.010457763448357582,-1.0
1785941447119833688,0.008865559473633766,-1.0
1785941447217616940,0.01981555111706257,-1.0
1785941447321272389,-0.002028678311035037,-1.0
1785941447418208377,-0.0034018049482256174,-1.0
1785941447519097159,-0.007770058233290911,-1.0
1785941447617763422,-0.017814548686146736,-1.0
1785941447717984401,-0.016560755670070648,-1.0
1785941447821250715,0.013269316405057907,-1.0
1785941447917595512,-0.024111011996865273,-1.0
1785941448019283076,-0.009803859516978264,-1.0
1785941448118321162,-0.0072109452448785305,-1.0
1785941448219975253,0.03853707015514374,-1.0
1785941448318832980,0.027975309640169144,-1.0
1785941448419022278,0.021405313163995743,-1.0
1785941448518061771,0.020848222076892853,-1.0
1785941448617688040,0.014786338433623314,-1.0
1785941448722486125,0.012560785748064518,-1.0
1785941448818722406,-0.030043913051486015,-1.0
1785941448917410494,-0.031737878918647766,-1.0
1785941449019453112,-0.018843401223421097,-1.0
1785941449118808010,-0.010959405452013016,-1.0
1785941449217243352,0.029317058622837067,-1.0
1785941449317388169,-0.03216787800192833,-1.0
1785941449419381665,-0.032893236726522446,-1.0
1785941449517721835,-0.00029329597600735724,-1.0
1785941449618843490,0.025146037340164185,-1.0
1785941449718533089,0.021042920649051666,-1.0
1785941449817893971,-0.011678735725581646,-1.0
1785941449918459700,5.480554318637587e-05,-1.0
1785941450022539293,0.01563924551010132,-1.0
1785941450117365791,0.012307475320994854,-1.0
1785941450220566246,-0.02230262942612171,-1.0
1785941450318961555,-0.021778332069516182,-1.0
1785941450418101852,-0.01652233488857746,-1.0
1785941450521005816,0.009795510210096836,-1.0
1785941450618362268,-0.0006009901408106089,-1.0
1785941450719557270,-0.0010935516329482198,-1.0
1785941450825925592,-0.028770282864570618,-1.0
1785941450922089230,-0.007060758303850889,-1.0
1785941451017325792,0.0019761689472943544,-1.0
1785941451118000069,0.0019761689472943544,-1.0
1785941451217723685,0.013167242519557476,-1.0
1785941451318997313,0.025575406849384308,-1.0
1785941451417669721,0.022229501977562904,-1.0
1785941451517833034,-0.015831219032406807,-1.0
1785941451626676556,0.01966521143913269,-1.0
1785941451719427678,-0.004094257485121489,-1.0
1785941451820180486,-0.00836554542183876,-1.0
1785941451920767047,0.017031189054250717,-1.0
1785941452017463218,0.0150938481092453,-1.0
1785941452117322583,0.015361717902123928,-1.0
1785941452221392800,-0.009821563959121704,-1.0
1785941452318825192,-0.01534332986921072,-1.0
1785941452417323768,-0.01271533127874136,-1.0
1785941452518894496,-0.010173088870942593,-1.0
1785941452617379664,0.03568624332547188,-1.0
1785941452721220112,0.03305824473500252,-1.0
1785941452818085345,-0.015037625096738338,-1.0
1785941452917429779,0.0030529818031936884,-1.0
1785941453017624517,-0.019148429855704308,-1.0
1785941453117943869,-0.01551511138677597,-1.0
1785941453228485985,0.0015536700375378132,-1.0
1785941453317929394,-0.019159384071826935,-1.0
1785941453417628529,-0.016531385481357574,-1.0
1785941453518489341,-0.015667559579014778,-1.0
1785941453623234817,-0.01443129125982523,-1.0
1785941453722016348,-0.00044939701911062,-1.0
1785941453821238537,0.0015077507123351097,-1.0
1785941453917855664,0.009600987657904625,-1.0
1785941454018279116,0.015132601372897625,-1.0
1785941454119306719,0.012788031250238419,-1.0
1785941454219789212,0.032624244689941406,-1.0
1785941454322469807,-0.020459651947021484,-1.0
1785941454417864295,-0.021773651242256165,-1.0
1785941454519572213,-0.02325570397078991,-1.0
1785941454617404587,-0.018825704231858253,-1.0
1785941454721370256,-0.014883706346154213,-1.0
1785941454817341759,0.028843531385064125,-1.0
1785941454920792976,0.0219442006200552,-1.0
1785941455017579294,0.016733812168240547,-1.0
1785941455118791256,-0.007313251495361328,-1.0
1785941455226233636,0.019055752083659172,-1.0
1785941455321908775,0.014157366007566452,-1.0
1785941455418010266,0.011300968937575817,-1.0
1785941455518916200,0.018270384520292282,-1.0
1785941455620255495,-0.02450493909418583,-1.0
1785941455717372386,-0.02519410289824009,-1.0
1785941455818883784,-0.004422532860189676,-1.0
1785941455918690155,0.01541895791888237,-1.0
1785941456022553644,0.01279095932841301,-1.0
1785941456117949380,0.004169817082583904,-1.0
1785941456217353240,-0.018159441649913788,-1.0
1785941456322570669,-0.0007493301527574658,-1.0
1785941456419501633,0.0013661074917763472,-1.0
1785941456519876283,-0.011094982735812664,-1.0
1785941456617418406,-0.011221191845834255,-1.0
1785941456723924942,-0.011539026163518429,-1.0
1785941456817435004,-0.014013225212693214,-1.0
1785941456922336134,0.025235729292035103,-1.0
1785941457018257010,0.021757137030363083,-1.0
1785941457117648453,-0.01198175735771656,-1.0
1785941457218669816,-0.013906203210353851,-1.0
1785941457319493827,-0.01735566183924675,-1.0
1785941457418156506,-0.01205282099545002,-1.0
1785941457518615735,0.011505885981023312,-1.0
1785941457619969430,0.0074457270093262196,-1.0
1785941457718258367,0.0049754478968679905,-1.0
1785941457819769380,0.01086951233446598,-1.0
1785941457918694117,-0.02138080634176731,-1.0
1785941458020527767,0.018449734896421432,-1.0
1785941458124381816,0.0169797595590353,-1.0
1785941458218333720,0.014298869296908379,-1.0
1785941458321622179,-0.009125886484980583,-1.0
1785941458418605592,-0.007211934309452772,-1.0
1785941458519342240,-0.008051800541579723,-1.0
1785941458618776629,-0.023510508239269257,-1.0
1785941458719248146,-0.019568510353565216,-1.0
1785941458818978291,-0.007481535896658897,-1.0
1785941458921253270,0.02302488498389721,-1.0
1785941459019029450,-0.00536964600905776,-1.0
1785941459118862991,-0.006764756515622139,-1.0
1785941459219141412,-0.002764311386272311,-1.0
1785941459319410874,0.02147718146443367,-1.0
1785941459419621453,0.01753518357872963,-1.0
1785941459517954071,-0.02816409058868885,-1.0
1785941459629158453,0.007805859670042992,-1.0
1785941459719551659,0.004818931221961975,-1.0
1785941459819007393,0.003843121463432908,-1.0
1785941459929083763,0.0075643532909452915,-1.0
1785941460018333692,0.032391250133514404,-1.0
1785941460118348936,0.029763249680399895,-1.0
1785941460219148466,-0.00015848006296437234,-1.0
1785941460319388326,-0.000810655823443085,-1.0
1785941460418748024,0.005382022820413113,-1.0
1785941460532119306,0.0038767633959650993,-1.0
1785941460621089673,0.0031522512435913086,-1.0
1785941460719939079,-0.008898856118321419,-1.0
1785941460824105108,-0.009720169007778168,-1.0
1785941460918801329,-0.02293313667178154,-1.0
1785941461018332873,0.018676212057471275,-1.0
1785941461120203453,0.017362212762236595,-1.0
1785941461219555663,-0.012046469375491142,-1.0
1785941461321598985,-0.005617043934762478,-1.0
1785941461420679024,-0.005139731336385012,-1.0
1785941461518281726,0.00016551974113099277,-1.0
1785941461619095400,0.011778817512094975,-1.0
1785941461720041784,0.001547046354971826,-1.0
1785941461818255742,0.001547046354971826,-1.0
1785941461917383527,0.010216508992016315,-1.0
1785941462020586478,-0.01106960978358984,-1.0
1785941462118319361,-0.007286685053259134,-1.0
1785941462217313381,-0.007810849696397781,-1.0
1785941462319956758,-0.006994652561843395,-1.0
1785941462419121409,-0.007588126230984926,-1.0
1785941462519140204,-0.027803584933280945,-1.0
1785941462619747855,-0.0006910153315402567,-1.0
1785941462723487883,0.0019630424212664366,-1.0
1785941462818892772,-0.002529717516154051,-1.0
1785941462918418396,-0.027892978861927986,-1.0
1785941463019706905,0.01275915838778019,-1.0
1785941463117915102,0.01275915838778019,-1.0
1785941463217381972,0.029250582680106163,-1.0
1785941463319498162,-0.002742940094321966,-1.0
1785941463419706501,-0.006026842165738344,-1.0
1785941463517506394,0.011611766181886196,-1.0
1785941463617459523,-0.009224697947502136,-1.0
1785941463717961249,0.004672974813729525,-1.0
1785941463818064336,0.00472279405221343,-1.0
1785941463918960446,-0.0017781752394512296,-1.0
1785941464019715942,-0.02376030758023262,-1.0
1785941464117308500,-0.02103869803249836,-1.0
1785941464218699573,0.01911482773721218,-1.0
1785941464317509041,0.03788423165678978,-1.0
1785941464417658914,0.03262823447585106,-1.0
1785941464520183887,-0.019811542704701424,-1.0
1785941464619444797,-0.013510000891983509,-1.0
1785941464717314293,-0.016823437064886093,-1.0
1785941464817395620,-0.013745833188295364,-1.0
1785941464925877752,0.00571346003562212,-1.0
1785941465020278121,-0.009138751775026321,-1.0
1785941465120851242,-0.009138751775026321,-1.0
1785941465217711483,0.009401812218129635,-1.0
1785941465318733454,-0.01573900878429413,-1.0
1785941465417672240,-0.03492704778909683,-1.0
1785941465518596543,-0.029378751292824745,-1.0
1785941465618041908,0.0389675572514534,-1.0
1785941465719608924,0.011945463716983795,-1.0
1785941465818002152,0.005375459790229797,-1.0
1785941465919196065,0.035375773906707764,-1.0
1785941466023377999,0.0013426138320937753,-1.0
1785941466118069419,-0.009435481391847134,-1.0
1785941466218866549,-0.006057696416974068,-1.0
1785941466319117802,-0.021970316767692566,-1.0
1785941466420827703,-0.0021567463409155607,-1.0
1785941466520227467,-0.0021567463409155607,-1.0
1785941466618095555,-0.0006913768011145294,-1.0
1785941466717507511,0.02077261172235012,-1.0
1785941466819004732,0.01683061383664608,-1.0
1785941466918559798,0.0392143540084362,-1.0
1785941467020141342,-0.029067350551486015,-1.0
1785941467132374628,0.011164373718202114,-1.0
1785941467220875408,0.012740560807287693,-1.0
1785941467317620733,0.010112562216818333,-1.0
1785941467418996093,-0.00934601854532957,-1.0
1785941467520513315,0.00359384436160326,-1.0
1785941467617427830,0.004711113404482603,-1.0
1785941467717383263,-0.0029581845737993717,-1.0
1785941467826243714,-0.01009318046271801,-1.0
1785941467920056317,-0.006146011408418417,-1.0
1785941468030306230,0.0015792784979566932,-1.0
1785941468118371537,0.017077870666980743,-1.0
1785941468217198415,0.013135873712599277,-1.0
1785941468319701147,-0.03739945963025093,-1.0
1785941468418527704,0.005426550284028053,-1.0
1785941468522970672,0.009427045471966267,-1.0
1785941468617245244,-0.03490074351429939,-1.0
1785941468719330840,-0.0035820575430989265,-1.0
1785941468817427001,0.0034244502894580364,-1.0
1785941468919719389,-0.006966898217797279,-1.0
1785941469017473265,-0.015018649399280548,-1.0
1785941469120355659,-0.011076651513576508,-1.0
1785941469218682197,0.013670961372554302,-1.0
1785941469319642470,0.0184487234801054,-1.0
1785941469419487690,0.019362447783350945,-1.0
1785941469517565995,0.014551096595823765,-1.0
1785941469617494739,-0.019020209088921547,-1.0
1785941469719474283,0.027035078033804893,-1.0
1785941469818282311,0.024407079443335533,-1.0
1785941469918494746,-0.035566944628953934,-1.0
1785941470019811224,0.0077247824519872665,-1.0
1785941470120033132,0.009906385093927383,-1.0
1785941470217651354,-0.04436530917882919,-1.0
1785941470320633145,-0.010665684007108212,-1.0
1785941470417364453,-0.007642460521310568,-1.0
1785941470523361657,-0.007642460521310568,-1.0
1785941470618568298,-0.008350299671292305,-1.0
1785941470721951608,0.0004182759439572692,-1.0
1785941470820515659,0.0017322752391919494,-1.0
1785941470917490401,0.013824757188558578,-1.0
1785941471019711426,0.020134931430220604,-1.0
1785941471117539192,0.02415529452264309,-1.0
1785941471218879191,0.02021329663693905,-1.0
1785941471317312197,0.0024883795995265245,-1.0
1785941471426062084,0.0011743803042918444,-1.0
1785941471518708337,-0.0037047453224658966,-1.0
1785941471617420074,-0.017265504226088524,-1.0
1785941471718878190,-0.014029270969331264,-1.0
1785941471817928308,-0.0027783126570284367,-1.0
1785941471917925695,0.006743183359503746,-1.0
1785941472018279511,0.004853310063481331,-1.0
1785941472119489585,-0.028774444013834,-1.0
1785941472218512790,-0.0026903082616627216,-1.0
1785941472318390556,-0.00827832892537117,-1.0
1785941472418779990,-0.005620522424578667,-1.0
1785941472518467829,0.043812982738018036,-1.0
1785941472621364432,0.0038824949879199266,-1.0
1785941472717431555,-0.0026012337766587734,-1.0
1785941472820860499,0.00481729581952095,-1.0
1785941472917394967,-5.932242129347287e-05,-1.0
1785941473018211682,-5.932242129347287e-05,-1.0
1785941473117478480,0.0007709008059464395,-1.0
1785941473222598370,-0.012961169704794884,-1.0
1785941473318674100,-0.019194364547729492,-1.0
1785941473417312554,-0.015252366662025452,-1.0
1785941473519255681,0.020137062296271324,-1.0
1785941473617527048,0.0001065038304659538,-1.0
1785941473717704698,-0.0012074954574927688,-1.0
1785941473820060897,0.022086670622229576,-1.0
1785941473917617805,0.017681429162621498,-1.0
1785941474027278895,-0.017453080043196678,-1.0
1785941474125775583,-0.009395131841301918,-1.0
1785941474222935132,-0.004139135126024485,-1.0
1785941474318233904,-0.013592741452157497,-1.0
1785941474418655628,-0.012359964661300182,-1.0
1785941474518803452,-0.0040554446168243885,-1.0
1785941474618800679,0.014867294579744339,-1.0
1785941474720414609,0.013553295284509659,-1.0
1785941474820274742,0.0125843845307827,-1.0
1785941474917955623,-0.007416637614369392,-1.0
1785941475023579084,-0.007416637614369392,-1.0
1785941475117350277,-0.011602428741753101,-1.0
1785941475217773633,-0.011925402097404003,-1.0
1785941475324939362,-0.008092173375189304,-1.0
1785941475417438185,-0.003206617431715131,-1.0
1785941475517300463,-0.010614827275276184,-1.0
1785941475617424159,0.007745817769318819,-1.0
1785941475721804532,0.008172178640961647,-1.0
1785941475817464310,0.015995245426893234,-1.0
1785941475922764943,-0.0006130289984866977,-1.0
1785941476017792185,-5.612572203972377e-05,-1.0
1785941476119090806,0.018531642854213715,-1.0
1785941476217492419,0.03929640352725983,-1.0
1785941476318968167,0.032726407051086426,-1.0
1785941476417676160,-0.01629028469324112,-1.0
1785941476517341566,-0.017798837274312973,-1.0
1785941476619211153,-0.012542824260890484,-1.0
1785941476719111640,-0.017943132668733597,-1.0
1785941476821398460,-0.04356143996119499,-1.0
1785941476917540913,-0.010071615688502789,-1.0
1785941477017285522,-0.004815618507564068,-1.0
1785941477119956613,0.0028641410171985626,-1.0
1785941477218954441,0.005408511962741613,-1.0
1785941477317278354,0.005408511962741613,-1.0
1785941477417401506,0.01678100973367691,-1.0
1785941477518904647,-0.014408732764422894,-1.0
1785941477619578124,-0.014783559367060661,-1.0
1785941477719005505,0.032506849616765976,-1.0
1785941477817765660,-0.01633547805249691,-1.0
1785941477917392536,0.02798491343855858,-1.0
1785941478021208951,0.0266709141433239,-1.0
1785941478117441488,-0.01771261729300022,-1.0
1785941478218088820,-0.008854759857058525,-1.0
1785941478321670314,-0.008435209281742573,-1.0
1785941478419536994,0.01973310299217701,-1.0
1785941478522413245,-0.020202934741973877,-1.0
1785941478619747200,0.016523156315088272,-1.0
1785941478720865590,0.015985365957021713,-1.0
1785941478817566305,-0.011313749477267265,-1.0
1785941478919772514,-0.022093405947089195,-1.0
1785941479020810133,-0.016471238806843758,-1.0
1785941479118848116,-0.017620595172047615,-1.0
1785941479218213638,-0.00875779613852501,-1.0
1785941479323085294,0.022273335605859756,-1.0
1785941479418170426,0.01779891923069954,-1.0
1785941479518942371,-0.024616554379463196,-1.0
1785941479624244284,0.0024204482324421406,-1.0
1785941479718675470,0.0021272841840982437,-1.0
1785941479823855810,-0.006683421786874533,-1.0
1785941479919081684,-0.0003955465217586607,-1.0
1785941480019040637,-0.0003955465217586607,-1.0
1785941480124284756,0.016673747450113297,-1.0
1785941480218270613,0.013249498791992664,-1.0
1785941480317927283,0.012904389761388302,-1.0
1785941480418269003,0.022441627457737923,-1.0
1785941480518583106,0.005891843233257532,-1.0
1785941480617807663,0.004217696376144886,-1.0
1785941480717859516,-0.01128163281828165,-1.0
1785941480817660063,-0.005877294577658176,-1.0
1785941480929053956,-0.005877294577658176,-1.0
1785941481021273633,-0.020065344870090485,-1.0
1785941481118497600,-0.018197789788246155,-1.0
1785941481219686425,0.030621180310845375,-1.0
1785941481319342903,-0.00285898195579648,-1.0
1785941481422933677,0.021315468475222588,-1.0
1785941481517782320,0.012285403907299042,-1.0
1785941481619648931,0.0023498900700360537,-1.0
1785941481729930334,-0.0011366897961124778,-1.0
1785941481819294732,-0.0037531587295234203,-1.0
1785941481919073582,-0.025296838954091072,-1.0
1785941482020364779,-0.02536476030945778,-1.0
1785941482118073245,-0.020108763128519058,-1.0
1785941482217553108,0.020540710538625717,-1.0
1785941482319093242,-0.0054332478903234005,-1.0
1785941482420058891,-0.007955987006425858,-1.0
1785941482518921513,-0.002496063942089677,-1.0
1785941482618208857,0.0022909604012966156,-1.0
1785941482718907455,0.014817185699939728,-1.0
1785941482819329626,0.012189187109470367,-1.0
1785941482917534207,0.005091444589197636,-1.0
1785941483017926073,-0.019077861681580544,-1.0
1785941483123423738,-0.018049489706754684,-1.0
1785941483219337254,-0.010846630670130253,-1.0
1785941483317719346,0.005309343338012695,-1.0
1785941483417180648,-0.016076678410172462,-1.0
1785941483518098839,-0.013448680751025677,-1.0
1785941483617311811,-0.02420111373066902,-1.0
1785941483718532189,-0.007748937234282494,-1.0
1785941483826629090,-0.0014459416270256042,-1.0
1785941483920964753,0.03007332608103752,-1.0
1785941484019890995,0.004891661927103996,-1.0
1785941484117721705,-0.022819021716713905,-1.0
1785941484217676722,-0.020191015675663948,-1.0
1785941484317306831,0.010600941255688667,-1.0
1785941484422012177,-0.005707383155822754,-1.0
1785941484517493036,-0.004748333245515823,-1.0
1785941484618998801,0.009383001364767551,-1.0
1785941484717782765,0.0026886211708188057,-1.0
1785941484818957798,-0.013308481313288212,-1.0
1785941484917484567,-0.011994482018053532,-1.0
1785941485017742700,0.04973703622817993,-1.0
1785941485117393706,0.00015200089546851814,-1.0
1785941485217349075,-0.0006249105208553374,-1.0
1785941485318102075,0.024554412811994553,-1.0
1785941485417931839,-0.00015458933194167912,-1.0
1785941485518581059,0.0012226931285113096,-1.0
1785941485617519173,0.0012226931285113096,-1.0
1785941485718876869,0.01927335374057293,-1.0
1785941485821704573,-0.00032590189948678017,-1.0
1785941485919605591,-0.0058596995659172535,-1.0
1785941486017325033,-0.004427773877978325,-1.0
1785941486121844004,-0.018045423552393913,-1.0
1785941486218025914,-0.01454795803874731,-1.0
1785941486318532537,-0.007289272267371416,-1.0
1785941486418495970,-0.004414533730596304,-1.0
1785941486519778815,0.003952933941036463,-1.0
1785941486627448756,0.0050804223865270615,-1.0
1785941486719868664,0.013304523192346096,-1.0
1785941486818041660,0.01596803031861782,-1.0
1785941486918267280,0.018221892416477203,-1.0
1785941487017718790,0.01675466261804104,-1.0
1785941487117494280,-0.0003303701232653111,-1.0
1785941487220674510,-0.024843163788318634,-1.0
1785941487318637930,-0.02004118263721466,-1.0
1785941487435885267,0.012150179594755173,-1.0
1785941487518212399,0.011577730067074299,-1.0
1785941487622024942,0.007635732181370258,-1.0
1785941487724217582,0.004443251062184572,-1.0
1785941487820112922,-0.013406623154878616,-1.0
1785941487919003194,-0.012092623859643936,-1.0
1785941488017448680,0.001244703191332519,-1.0
1785941488118825576,0.021112848073244095,-1.0
1785941488217490176,0.034508224576711655,-1.0
1785941488317807959,0.027938228100538254,-1.0
1785941488418849194,-0.006961362902075052,-1.0
1785941488517475296,-0.0069102211855351925,-1.0
1785941488620352378,-0.004282222595065832,-1.0
1785941488717904454,-0.005849156063050032,-1.0
1785941488819071166,0.014251003041863441,-1.0
1785941488917516045,0.023765243589878082,-1.0
1785941489022048136,0.019823245704174042,-1.0
1785941489118461799,-0.007122489623725414,-1.0
1785941489217235907,0.009938132017850876,-1.0
1785941489318479454,0.00874288845807314,-1.0
1785941489419015198,0.0026282386388629675,-1.0
1785941489520624199,0.009814723394811153,-1.0
1785941489617423958,-0.027129502967000008,-1.0
1785941489723527310,-0.025815503671765327,-1.0
1785941489821161949,0.030728602781891823,-1.0
1785941489920378697,0.009470127522945404,-1.0
1785941490019972964,0.005749762989580631,-1.0
1785941490118742079,0.00547074293717742,-1.0
1785941490218199509,0.009724297560751438,-1.0
1785941490317406369,-0.0064587038941681385,-1.0
1785941490419836747,-0.0064587038941681385,-1.0
1785941490517543868,-0.010401279665529728,-1.0
1785941490617666060,-0.012799098156392574,-1.0
1785941490718776002,-0.00963104609400034,-1.0
1785941490818879921,0.004503440577536821,-1.0
1785941490917552488,-0.0063453614711761475,-1.0
1785941491019371418,-0.009900424629449844,-1.0
1785941491117763590,-0.02815169095993042,-1.0
1785941491220728292,0.0046943132765591145,-1.0
1785941491320475142,0.016764387488365173,-1.0
1785941491418477539,0.015182324685156345,-1.0
1785941491517423845,-0.006499636452645063,-1.0
1785941491618702945,-0.007823592983186245,-1.0
1785941491717643907,-0.005659186746925116,-1.0
1785941491819699966,-0.03483854979276657,-1.0
1785941491919233239,0.03005756437778473,-1.0
1785941492018772720,-0.019863083958625793,-1.0
1785941492124762979,-0.02280252054333687,-1.0
1785941492218574334,-0.024808146059513092,-1.0
1785941492319227106,-0.026516269892454147,-1.0
1785941492427201475,-0.02258836291730404,-1.0
1785941492517247627,0.006546614225953817,-1.0
1785941492623124314,0.0060516418889164925,-1.0
1785941492718184325,0.004737635143101215,-1.0
1785941492820979837,0.02028760313987732,-1.0
1785941492917349723,-0.009573305957019329,-1.0
1785941493017931676,-0.009679137729108334,-1.0
1785941493117480534,0.018111685290932655,-1.0
1785941493219273798,-0.011184265837073326,-1.0
1785941493318976358,-0.0013270903145894408,-1.0
1785941493418453756,-1.3091008440824226e-05,-1.0
1785941493517286778,0.013972431421279907,-1.0
1785941493617706421,0.01618296094238758,-1.0
1785941493719480005,0.014078184962272644,-1.0
1785941493818734707,-0.013944189995527267,-1.0
1785941493917245348,0.008183629252016544,-1.0
1785941494017685024,0.007513147313147783,-1.0
1785941494122222523,-0.01003012340515852,-1.0
1785941494217227140,-0.012570759281516075,-1.0
1785941494322705091,-0.009942760691046715,-1.0
1785941494424712540,-0.0027159475721418858,-1.0
1785941494517653173,-0.0017595484387129545,-1.0
1785941494621571416,0.02547287754714489,-1.0
1785941494721272087,0.00954791996628046,-1.0
1785941494817852285,0.0058481511659920216,-1.0
1785941494925164772,0.014494442380964756,-1.0
1785941495019099876,-0.006777575705200434,-1.0
1785941495119540288,-0.006777575705200434,-1.0
1785941495217403928,-0.022341646254062653,-1.0
1785941495320897578,-0.019713647663593292,-1.0
1785941495419506303,-0.012766540050506592,-1.0
1785941495517911596,0.010332729667425156,-1.0
1785941495620297396,-0.004265851341187954,-1.0
1785941495718214350,-0.0036990465596318245,-1.0
1785941495818757070,0.027083469554781914,-1.0
1785941495918590482,-0.003186778863891959,-1.0
1785941496017461105,-0.004500778391957283,-1.0
1785941496122321721,-0.004100223071873188,-1.0
1785941496222376646,0.00855252519249916,-1.0
1785941496318695458,0.02226565219461918,-1.0
1785941496417217523,0.018501058220863342,-1.0
1785941496518440686,-0.026050223037600517,-1.0
1785941496618026025,-0.008686108514666557,-1.0
1785941496718517191,-0.006058110389858484,-1.0
1785941496817461864,0.03278035297989845,-1.0
1785941496917877572,-0.16787196695804596,-1.0
1785941497018308031,-0.16689355671405792,-1.0
1785941497126350754,-0.17056767642498016,-1.0
1785941497220143388,-0.20617559552192688,-1.0
1785941497321074475,-0.2056756466627121,-1.0
1785941497417794135,-0.18893378973007202,-1.0
1785941497517386322,-0.1833602786064148,-1.0
1785941497617494977,-0.15668120980262756,-1.0
1785941497720116754,-0.1569381058216095,-1.0
1785941497819089141,-0.15415586531162262,-1.0
1785941497918797908,-0.20741529762744904,-1.0
1785941498020868400,-0.20832163095474243,-1.0
1785941498118864141,-0.1814175397157669,-1.0
1785941498220009572,-0.1714993417263031,-1.0
1785941498319365206,-0.14774203300476074,-1.0
1785941498417290512,-0.14766305685043335,-1.0
1785941498519825854,-0.1641804277896881,-1.0
1785941498617343016,-0.19949552416801453,-1.0
1785941498720683413,-0.19949552416801453,-1.0
1785941498818325060,-0.1749500185251236,-1.0
1785941498919168784,-0.19270873069763184,-1.0
1785941499018168052,-0.18979062139987946,-1.0
1785941499118111837,-0.19057130813598633,-1.0
1785941499219674020,-0.19451875984668732,-1.0
1785941499319424837,-0.20443107187747955,-1.0
1785941499418531758,-0.20443107187747955,-1.0
1785941499520738222,-0.21742944419384003,-1.0
1785941499620856126,-0.2078000158071518,-1.0
1785941499718910685,-0.20805373787879944,-1.0
1785941499818662718,-0.20757944881916046,-1.0
1785941499918890418,-0.1806100606918335,-1.0
1785941500019382736,-0.20881712436676025,-1.0
1785941500126671382,-0.20881712436676025,-1.0
1785941500220674008,-0.2180376797914505,-1.0
1785941500317651982,-0.19457688927650452,-1.0
1785941500420184347,-0.19514937698841095,-1.0
1785941500520581621,-0.21744267642498016,-1.0
1785941500619062437,-0.18633121252059937,-1.0
1785941500719834670,-0.18582646548748016,-1.0
1785941500818089045,-0.20406457781791687,-1.0
1785941500917898521,-0.18745775520801544,-1.0
1785941501018784582,-0.18745775520801544,-1.0
1785941501143629590,-0.19527561962604523,-1.0
1785941501220597442,-0.1949406862258911,-1.0
1785941501326444080,-0.20525750517845154,-1.0
1785941501418925495,-0.20480798184871674,-1.0
1785941501519293200,-0.17567919194698334,-1.0
1785941501621412717,-0.18249356746673584,-1.0
1785941501720882180,-0.1831512749195099,-1.0
1785941501818710650,-0.19905751943588257,-1.0
1785941501919511716,-0.1607755869626999,-1.0
1785941502019553361,-0.1607755869626999,-1.0
1785941502118116420,-0.1966802477836609,-1.0
1785941502219041971,-0.18364298343658447,-1.0
1785941502320415923,-0.1852065622806549,-1.0
1785941502417918781,-0.1921287328004837,-1.0
1785941502519813777,-0.20854976773262024,-1.0
1785941502617771053,-0.16767410933971405,-1.0
1785941502718349806,-0.16767410933971405,-1.0
1785941502826338672,-0.20557065308094025,-1.0
1785941502925278769,-0.1977962702512741,-1.0
1785941503019805768,-0.19823531806468964,-1.0
1785941503117724898,-0.21063825488090515,-1.0
1785941503238458034,-0.17672108113765717,-1.0
1785941503318174633,-0.17576485872268677,-1.0
1785941503418368988,-0.19542033970355988,-1.0
1785941503520670240,-0.1825936883687973,-1.0
1785941503619098990,-0.1825936883687973,-1.0
1785941503718528034,-0.18052442371845245,-1.0
1785941503818817145,-0.20428317785263062,-1.0
1785941503917655446,-0.203584223985672,-1.0
1785941504017786246,-0.19304297864437103,-1.0
1785941504118739222,-0.19933222234249115,-1.0
1785941504217485681,-0.1925940215587616,-1.0
1785941504319527435,-0.1925940215587616,-1.0
1785941504417191227,-0.15956690907478333,-1.0
1785941504520140216,-0.18990495800971985,-1.0
1785941504617439898,-0.1913480907678604,-1.0
1785941504717304736,-0.1921345591545105,-1.0
1785941504819877903,-0.19773927330970764,-1.0
1785941504917920430,-0.19754236936569214,-1.0
1785941505019303150,-0.20259958505630493,-1.0
1785941505117541685,-0.1691116988658905,-1.0
1785941505218036435,-0.19599944353103638,-1.0
1785941505317708721,-0.19421137869358063,-1.0
1785941505421898239,-0.1901838481426239,-1.0
1785941505517948720,-0.19840744137763977,-1.0
1785941505618449743,-0.19840744137763977,-1.0
1785941505721319369,-0.2109820395708084,-1.0
1785941505817465246,-0.17223337292671204,-1.0
1785941505918300010,-0.18264128267765045,-1.0
1785941506021029694,-0.18239006400108337,-1.0
1785941506119336968,-0.19475367665290833,-1.0
1785941506219366388,-0.18994857370853424,-1.0
1785941506318233779,-0.18994857370853424,-1.0
1785941506417342331,-0.18367771804332733,-1.0
1785941506522460365,-0.15935474634170532,-1.0
1785941506617526520,-0.18219275772571564,-1.0
1785941506722443106,-0.18219275772571564,-1.0
1785941506822778490,-0.17089788615703583,-1.0
1785941506918774665,-0.18619845807552338,-1.0
1785941507018323618,-0.18619845807552338,-1.0
1785941507120207094,-0.18991859257221222,-1.0
1785941507220840506,-0.19529187679290771,-1.0
1785941507318623471,-0.19561584293842316,-1.0
1785941507417973184,-0.20899437367916107,-1.0
1785941507520623570,-0.16554556787014008,-1.0
1785941507617367647,-0.18118546903133392,-1.0
1785941507729087921,-0.18118546903133392,-1.0
1785941507818467199,-0.15198862552642822,-1.0
1785941507917744494,-0.15198862552642822,-1.0
1785941508029661704,-0.1753527671098709,-1.0
1785941508117727907,-0.17509576678276062,-1.0
1785941508217521478,-0.18275654315948486,-1.0
1785941508317506609,-0.18476423621177673,-1.0
1785941508420574323,-0.20250965654850006,-1.0
1785941508519599576,-0.20572063326835632,-1.0
1785941508623514619,-0.20659111440181732,-1.0
1785941508725612631,-0.20266467332839966,-1.0
1785941508818590705,-0.17570552229881287,-1.0
1785941508924598245,-0.17570552229881287,-1.0
1785941509017715333,-0.18176478147506714,-1.0
1785941509117544873,-0.1816561222076416,-1.0
1785941509218892200,-0.18196743726730347,-1.0
1785941509320042304,-0.17093800008296967,-1.0
1785941509420643554,-0.19234487414360046,-1.0
1785941509518153517,-0.19251543283462524,-1.0
1785941509624829243,-0.16990630328655243,-1.0
1785941509720012555,-0.18066592514514923,-1.0
1785941509817798559,-0.18066592514514923,-1.0
1785941509917782762,-0.21856895089149475,-1.0
1785941510018323402,-0.21623139083385468,-1.0
1785941510119066321,-0.20314916968345642,-1.0
1785941510219149408,-0.2042047083377838,-1.0
1785941510319031558,-0.1807192862033844,-1.0
1785941510417691037,-0.20977750420570374,-1.0
1785941510517241430,-0.20977750420570374,-1.0
1785941510617277026,-0.1755424588918686,-1.0
1785941510718496925,-0.17892307043075562,-1.0
1785941510817747563,-0.17813225090503693,-1.0
1785941510920289752,-0.1623304933309555,-1.0
1785941511019395872,-0.18154673278331757,-1.0
1785941511117311610,-0.18044918775558472,-1.0
1785941511217784792,-0.18044918775558472,-1.0
1785941511317966186,-0.20614728331565857,-1.0
1785941511418555563,-0.16581127047538757,-1.0
1785941511520201238,-0.1665036827325821,-1.0
1785941511620513421,-0.1925661414861679,-1.0
1785941511719003774,-0.2007504552602768,-1.0
1785941511817994497,-0.19909527897834778,-1.0
1785941511918079951,-0.19991283118724823,-1.0
1785941512017359710,-0.18035653233528137,-1.0
1785941512119682371,-0.21738411486148834,-1.0
1785941512217397334,-0.21683096885681152,-1.0
1785941512318013945,-0.17535780370235443,-1.0
1785941512419496477,-0.17874999344348907,-1.0
1785941512518041871,-0.17874999344348907,-1.0
1785941512622335681,-0.18335476517677307,-1.0
1785941512717247302,-0.16544952988624573,-1.0
1785941512820148834,-0.16550211608409882,-1.0
1785941512917326559,-0.19249965250492096,-1.0
1785941513019231444,-0.16623488068580627,-1.0
1785941513117327317,-0.1666518896818161,-1.0
1785941513217799282,-0.1666518896818161,-1.0
1785941513319417948,-0.19422213733196259,-1.0
1785941513417788104,-0.19541719555854797,-1.0
1785941513517967290,-0.1960667222738266,-1.0
1785941513618568796,-0.20096932351589203,-1.0
1785941513718703564,-0.206140398979187,-1.0
1785941513818776282,-0.16179721057415009,-1.0
1785941513918646464,-0.16179721057415009,-1.0
1785941514021046824,-0.19534315168857574,-1.0
1785941514118584947,-0.22198517620563507,-1.0
1785941514221488143,-0.22112634778022766,-1.0
1785941514321935083,-0.2000180035829544,-1.0
1785941514418163075,-0.18297606706619263,-1.0
1785941514517470291,-0.18506130576133728,-1.0
1785941514617267190,-0.14325088262557983,-1.0
1785941514718635542,-0.20718415081501007,-1.0
1785941514819217368,-0.2080070674419403,-1.0
1785941514917728937,-0.16999170184135437,-1.0
1785941515018807614,-0.17173242568969727,-1.0
1785941515117211883,-0.1973641961812973,-1.0
1785941515218954905,-0.16509047150611877,-1.0
1785941515317439209,-0.16570605337619781,-1.0
1785941515418291093,-0.1731056123971939,-1.0
1785941515518971931,-0.19564832746982574,-1.0
1785941515630319582,-0.19564832746982574,-1.0
1785941515721512627,-0.17961397767066956,-1.0
1785941515819534513,-0.19369502365589142,-1.0
1785941515918428785,-0.18872375786304474,-1.0
1785941516020050715,-0.18974773585796356,-1.0
1785941516118990173,-0.18925181031227112,-1.0
1785941516217551504,-0.19693982601165771,-1.0
1785941516317506585,-0.19693982601165771,-1.0
1785941516418907802,-0.17732320725917816,-1.0
1785941516518550967,-0.17420686781406403,-1.0
1785941516620464781,-0.17505517601966858,-1.0
1785941516718410728,-0.15211693942546844,-1.0
1785941516820522629,-0.19326257705688477,-1.0
1785941516918087377,-0.18342015147209167,-1.0
1785941517022546313,-0.18342015147209167,-1.0
1785941517117415565,-0.1721191704273224,-1.0
1785941517217713571,-0.1721191704273224,-1.0
1785941517319378959,-0.19726750254631042,-1.0
1785941517417579156,-0.1661982536315918,-1.0
1785941517519759251,-0.18080756068229675,-1.0
1785941517619969415,-0.18159836530685425,-1.0
1785941517722178119,-0.18629072606563568,-1.0
1785941517817289012,-0.1942521631717682,-1.0
1785941517919024739,-0.1942521631717682,-1.0
1785941518017532660,-0.15911678969860077,-1.0
1785941518117522302,-0.20453931391239166,-1.0
1785941518224260655,-0.20552568137645721,-1.0
1785941518320009492,-0.2047988921403885,-1.0
1785941518418134071,-0.22153474390506744,-1.0
1785941518517499849,-0.171979159116745,-1.0
1785941518620469031,-0.171979159116745,-1.0
1785941518717698886,-0.1901758909225464,-1.0
1785941518819742753,-0.20058855414390564,-1.0
1785941518917335022,-0.20174722373485565,-1.0
1785941519017928560,-0.17910869419574738,-1.0
1785941519119746914,-0.1625475287437439,-1.0
1785941519227386485,-0.1625475287437439,-1.0
1785941519317532033,-0.19556067883968353,-1.0
1785941519418403758,-0.16918614506721497,-1.0
1785941519521699033,-0.18565447628498077,-1.0
1785941519619189474,-0.1852460503578186,-1.0
1785941519719899465,-0.17380878329277039,-1.0
1785941519818114958,-0.17408530414104462,-1.0
1785941519919214692,-0.17408530414104462,-1.0
1785941520017760759,-0.17415408790111542,-1.0
1785941520121303563,-0.19035324454307556,-1.0
1785941520218518794,-0.2079048901796341,-1.0
1785941520319866025,-0.2079048901796341,-1.0
1785941520420878235,-0.17634548246860504,-1.0
1785941520519002813,-0.17457130551338196,-1.0
1785941520618691516,-0.17572635412216187,-1.0
1785941520718715304,-0.18478141725063324,-1.0
1785941520818067354,-0.18811669945716858,-1.0
1785941520925617162,-0.17374520003795624,-1.0
1785941521018741386,-0.17374520003795624,-1.0
1785941521118290307,-0.17611680924892426,-1.0
1785941521226376904,-0.15712878108024597,-1.0
1785941521318957107,-0.15775758028030396,-1.0
1785941521420784645,-0.16271153092384338,-1.0
1785941521521318692,-0.16271153092384338,-1.0
1785941521620735737,-0.16265861690044403,-1.0
1785941521722996795,-0.16265861690044403,-1.0
1785941521817721497,-0.1536472737789154,-1.0
1785941521918500066,-0.15415264666080475,-1.0
1785941522020742916,-0.1790642887353897,-1.0
1785941522122074691,-0.16012637317180634,-1.0
1785941522218355006,-0.1874425709247589,-1.0
1785941522318048285,-0.18914176523685455,-1.0
1785941522418532730,-0.16294389963150024,-1.0
1785941522519047961,-0.14878137409687042,-1.0
1785941522620265075,-0.14878137409687042,-1.0
1785941522720362434,-0.18786242604255676,-1.0
1785941522820396974,-0.19584928452968597,-1.0
1785941522917723153,-0.19584928452968597,-1.0
1785941523018321876,-0.18042269349098206,-1.0
1785941523119924381,-0.16582868993282318,-1.0
1785941523218734009,-0.16699399054050446,-1.0
1785941523318795655,-0.18041065335273743,-1.0
1785941523426848106,-0.219093456864357,-1.0
1785941523518068704,-0.17517375946044922,-1.0
1785941523617516182,-0.17517375946044922,-1.0
1785941523720297197,-0.1591888815164566,-1.0
1785941523821006707,-0.1791802942752838,-1.0
1785941523918664611,-0.17978444695472717,-1.0
1785941524017666567,-0.1881261169910431,-1.0
1785941524117635057,-0.20659130811691284,-1.0
1785941524218051532,-0.20704664289951324,-1.0
1785941524318394724,-0.19312964379787445,-1.0
1785941524418174919,-0.22166576981544495,-1.0
1785941524517611548,-0.22166576981544495,-1.0
1785941524618844726,-0.2123548686504364,-1.0
1785941524718894243,-0.2167261242866516,-1.0
1785941524818455069,-0.21526892483234406,-1.0
1785941524919387852,-0.18894976377487183,-1.0
1785941525017678933,-0.2049659639596939,-1.0
1785941525117882120,-0.2056928277015686,-1.0
1785941525219049952,-0.2143385261297226,-1.0
1785941525317851580,-0.17990940809249878,-1.0
1785941525419720912,-0.17990940809249878,-1.0
1785941525517473603,-0.16646286845207214,-1.0
1785941525617458126,-0.18509793281555176,-1.0
1785941525719842485,-0.16574636101722717,-1.0
1785941525817535494,-0.16574636101722717,-1.0
1785941525918263694,-0.17298780381679535,-1.0
1785941526018525795,-0.1929847151041031,-1.0
1785941526117662700,-0.19393931329250336,-1.0
1785941526217720889,-0.18217305839061737,-1.0
1785941526320286728,-0.17127181589603424,-1.0
1785941526417403939,-0.17022624611854553,-1.0
1785941526517536275,-0.1960652619600296,-1.0
1785941526619246912,-0.20180010795593262,-1.0
1785941526718821243,-0.20180010795593262,-1.0
1785941526817351628,-0.20261278748512268,-1.0
1785941526917567168,-0.21683605015277863,-1.0
1785941527026324511,-0.21783940494060516,-1.0
1785941527121519119,-0.2041420340538025,-1.0
1785941527217420731,-0.18839019536972046,-1.0
1785941527326932375,-0.1881915181875229,-1.0
1785941527418289810,-0.14459408819675446,-1.0
1785941527517977873,-0.20119790732860565,-1.0
1785941527630687401,-0.20119790732860565,-1.0
1785941527717721533,-0.18572987616062164,-1.0
1785941527821931435,-0.16969260573387146,-1.0
1785941527921077973,-0.19352933764457703,-1.0
1785941528021506801,-0.19352933764457703,-1.0
1785941528119553712,-0.2006513476371765,-1.0
1785941528218311274,-0.20081493258476257,-1.0
1785941528317602874,-0.19002920389175415,-1.0
1785941528419975361,-0.19139666855335236,-1.0
1785941528518446448,-0.19139666855335236,-1.0
1785941528619866770,-0.18718549609184265,-1.0
1785941528717402814,-0.1858242303133011,-1.0
1785941528819683905,-0.1858242303133011,-1.0
1785941528918272117,-0.2066015750169754,-1.0
1785941529022618377,-0.15119396150112152,-1.0
1785941529120737739,-0.1488744020462036,-1.0
1785941529225933407,-0.18176931142807007,-1.0
1785941529323075483,-0.20490120351314545,-1.0
1785941529419739205,-0.20791374146938324,-1.0
1785941529517595164,-0.208932563662529,-1.0
1785941529618854328,-0.1796794831752777,-1.0
1785941529717994722,-0.1796794831752777,-1.0
1785941529821506101,-0.17390787601470947,-1.0
1785941529917298876,-0.18804709613323212,-1.0
1785941530017960673,-0.18905754387378693,-1.0
1785941530117387030,-0.18952041864395142,-1.0
1785941530222459750,-0.17644883692264557,-1.0
1785941530317633941,-0.17941676080226898,-1.0
1785941530421129192,-0.17941676080226898,-1.0
1785941530517453284,-0.200534850358963,-1.0
1785941530623554076,-0.19223961234092712,-1.0
1785941530720637845,-0.18931005895137787,-1.0
1785941530817472805,-0.18063029646873474,-1.0
1785941530918110217,-0.19736208021640778,-1.0
1785941531018524324,-0.1964637190103531,-1.0
1785941531118790233,-0.19685515761375427,-1.0
1785941531217365485,-0.16986903548240662,-1.0
1785941531318293468,-0.16694794595241547,-1.0
1785941531419109254,-0.1676514446735382,-1.0
1785941531521300198,-0.18435265123844147,-1.0
1785941531617254484,-0.1850666105747223,-1.0
1785941531718650645,-0.2077687382698059,-1.0
1785941531818163725,-0.20877398550510406,-1.0
1785941531920835936,-0.16508963704109192,-1.0
1785941532017951643,-0.19127458333969116,-1.0
1785941532117457715,-0.19127458333969116,-1.0
1785941532219665107,-0.19240432977676392,-1.0
1785941532318498225,-0.140255868434906,-1.0
1785941532419297019,-0.14078135788440704,-1.0
1785941532517208021,-0.17178966104984283,-1.0
1785941532618144420,-0.1926950067281723,-1.0
1785941532719139957,-0.2091086059808731,-1.0
1785941532820324558,-0.2091086059808731,-1.0
1785941532917600975,-0.2112322449684143,-1.0
1785941533020319876,-0.2112322449684143,-1.0
1785941533118807028,-0.2174621820449829,-1.0
1785941533217896092,-0.1631487011909485,-1.0
1785941533317921095,-0.19332312047481537,-1.0
1785941533417340988,-0.19307458400726318,-1.0
1785941533517508653,-0.1770816594362259,-1.0
1785941533620610193,-0.22490674257278442,-1.0
1785941533720808771,-0.22539736330509186,-1.0
1785941533819336661,-0.1854839324951172,-1.0
1785941533918551553,-0.19446827471256256,-1.0
1785941534024171174,-0.19446827471256256,-1.0
1785941534117206275,-0.19632278382778168,-1.0
1785941534219701999,-0.1700764000415802,-1.0
1785941534317637898,-0.19556410610675812,-1.0
1785941534417445901,-0.19556410610675812,-1.0
1785941534518886192,-0.21644873917102814,-1.0
1785941534618558894,-0.18418283760547638,-1.0
1785941534718463445,-0.18418283760547638,-1.0
1785941534818386333,-0.1947329044342041,-1.0
1785941534917712878,-0.20638999342918396,-1.0
1785941535017568435,-0.2061709463596344,-1.0
1785941535120234438,-0.1874082386493683,-1.0
1785941535222334338,-0.18683817982673645,-1.0
1785941535318756034,-0.18895432353019714,-1.0
1785941535419452168,-0.17677663266658783,-1.0
1785941535517230205,-0.1782556176185608,-1.0
1785941535618039975,-0.16998666524887085,-1.0
1785941535722542561,-0.1750490963459015,-1.0
1785941535818981121,-0.1752079278230667,-1.0
1785941535923362614,-0.18655459582805634,-1.0
1785941536017394298,-0.16599160432815552,-1.0
1785941536118413900,-0.16599160432815552,-1.0
1785941536219811277,-0.17917202413082123,-1.0
1785941536317296246,-0.21700462698936462,-1.0
1785941536419054950,-0.21757374703884125,-1.0
1785941536517368623,-0.218461275100708,-1.0
1785941536623178076,-0.1984434425830841,-1.0
1785941536721344095,-0.1983344405889511,-1.0
1785941536818904651,-0.1447087973356247,-1.0
1785941536918012372,-0.19247451424598694,-1.0
1785941537020170322,-0.1924111545085907,-1.0
1785941537117660060,-0.18068261444568634,-1.0
1785941537218962585,-0.1827324479818344,-1.0
1785941537317709396,-0.17976225912570953,-1.0
1785941537421502802,-0.17976225912570953,-1.0
1785941537517774668,-0.19365420937538147,-1.0
1785941537617724053,-0.19566436111927032,-1.0
1785941537717645981,-0.19483400881290436,-1.0
1785941537818341667,-0.1663324385881424,-1.0
1785941537918044322,-0.1854553520679474,-1.0
1785941538018998834,-0.21629659831523895,-1.0
1785941538120288623,-0.21629659831523895,-1.0
1785941538217806905,-0.20989511907100677,-1.0
1785941538318253750,-0.19928796589374542,-1.0
1785941538417354718,-0.19995005428791046,-1.0
1785941538517868925,-0.21634574234485626,-1.0
1785941538620083678,-0.19668078422546387,-1.0
1785941538719195174,-0.19585123658180237,-1.0
1785941538817868381,-0.18620550632476807,-1.0
1785941538918213942,-0.20974302291870117,-1.0
1785941539019323116,-0.19383099675178528,-1.0
1785941539117286567,-0.1958383023738861,-1.0
1785941539219046935,-0.2012413591146469,-1.0
1785941539319173415,-0.20252935588359833,-1.0
1785941539418918696,-0.20252935588359833,-1.0
1785941539519156732,-0.20202624797821045,-1.0
1785941539620052585,-0.1870889663696289,-1.0
1785941539726539632,-0.1870889663696289,-1.0
1785941539820837790,-0.20661985874176025,-1.0
1785941539920665410,-0.19068676233291626,-1.0
1785941540021145151,-0.20995143055915833,-1.0
1785941540118258522,-0.20995143055915833,-1.0
1785941540219526390,-0.17796005308628082,-1.0
1785941540319244694,-0.2136668860912323,-1.0
1785941540419771254,-0.21386392414569855,-1.0
1785941540520001546,-0.20425069332122803,-1.0
1785941540620648526,-0.18468649685382843,-1.0
1785941540719861882,-0.18879342079162598,-1.0
1785941540820532991,-0.18879342079162598,-1.0
1785941540918685730,-0.186666339635849,-1.0
1785941541018281501,-0.1941775381565094,-1.0
1785941541118073696,-0.19426728785037994,-1.0
1785941541222013732,-0.1968059241771698,-1.0
1785941541320019714,-0.20334498584270477,-1.0
1785941541420380474,-0.2023603469133377,-1.0
1785941541520264897,-0.2116507738828659,-1.0
1785941541618475974,-0.1824798732995987,-1.0
1785941541721253245,-0.1824798732995987,-1.0
1785941541818213426,-0.20289309322834015,-1.0
1785941541918338210,-0.203119158744812,-1.0
1785941542152798450,-0.1760280877351761,-1.0
1785941542224104642,-0.18503627181053162,-1.0
1785941542319038985,-0.21258309483528137,-1.0
1785941542417826180,-0.20578327775001526,-1.0
1785941542523517164,-0.20578327775001526,-1.0
1785941542625850866,-0.21171584725379944,-1.0
1785941542718611876,-0.22509291768074036,-1.0
1785941542817910003,-0.22509291768074036,-1.0
1785941542918309006,-0.1971200704574585,-1.0
1785941543018284888,-0.1753436177968979,-1.0
1785941543117696204,-0.17522737383842468,-1.0
1785941543217683478,-0.18732021749019623,-1.0
1785941543318772747,-0.15960881114006042,-1.0
1785941543419817951,-0.18829359114170074,-1.0
1785941543517434733,-0.19067886471748352,-1.0
1785941543628273053,-0.2097923904657364,-1.0
1785941543717723918,-0.19452710449695587,-1.0
1785941543817728505,-0.19360972940921783,-1.0
1785941543917546941,-0.19283372163772583,-1.0
1785941544017723311,-0.1844010353088379,-1.0
1785941544118324081,-0.1844010353088379,-1.0
1785941544218555173,-0.18562091886997223,-1.0
1785941544319484212,-0.16685235500335693,-1.0
1785941544419901647,-0.19918036460876465,-1.0
1785941544517368152,-0.19835695624351501,-1.0
1785941544619331087,-0.19435471296310425,-1.0
1785941544717836320,-0.20039652287960052,-1.0
1785941544818694508,-0.20039652287960052,-1.0
1785941544926305150,-0.20425274968147278,-1.0
1785941545018891241,-0.18122448027133942,-1.0
1785941545117396154,-0.19525903463363647,-1.0
1785941545217355363,-0.19525903463363647,-1.0
1785941545318290291,-0.19963249564170837,-1.0
1785941545417704775,-0.200187548995018,-1.0
1785941545518835006,-0.16177226603031158,-1.0
1785941545617682364,-0.1975325047969818,-1.0
1785941545720695612,-0.1975325047969818,-1.0
1785941545818014911,-0.196912944316864,-1.0
1785941545920603470,-0.18620964884757996,-1.0
1785941546017379804,-0.21437513828277588,-1.0
1785941546118337292,-0.21437513828277588,-1.0
1785941546219115317,-0.21389028429985046,-1.0
1785941546317653863,-0.20130090415477753,-1.0
1785941546419150508,-0.20130090415477753,-1.0
1785941546518234931,-0.19541530311107635,-1.0
1785941546619280391,-0.22282952070236206,-1.0
1785941546717633842,-0.17994903028011322,-1.0
1785941546818121232,-0.17994903028011322,-1.0
1785941546917977749,-0.21239174902439117,-1.0
1785941547018783871,-0.19065287709236145,-1.0
1785941547117503928,-0.19062867760658264,-1.0
1785941547217586151,-0.1732643097639084,-1.0
1785941547317616691,-0.20222018659114838,-1.0
1785941547418279415,-0.17249514162540436,-1.0
1785941547518220992,-0.17249514162540436,-1.0
1785941547618099878,-0.16736045479774475,-1.0
1785941547720420587,-0.21141500771045685,-1.0
1785941547820093993,-0.21275489032268524,-1.0
1785941547922482065,-0.1836071014404297,-1.0
1785941548021173097,-0.19020535051822662,-1.0
1785941548118778743,-0.19020535051822662,-1.0
1785941548217595572,-0.18473421037197113,-1.0
1785941548317907531,-0.19647637009620667,-1.0
1785941548418008794,-0.19647637009620667,-1.0
1785941548518655678,-0.21517041325569153,-1.0
1785941548617430361,-0.16648676991462708,-1.0
1785941548719044195,-0.1664367914199829,-1.0
1785941548817476049,-0.18044158816337585,-1.0
1785941548919771541,-0.18044909834861755,-1.0
1785941549017294208,-0.1903640329837799,-1.0
1785941549118404598,-0.1903640329837799,-1.0
1785941549220930659,-0.2062605917453766,-1.0
1785941549317413349,-0.2073812484741211,-1.0
1785941549419609317,-0.1693231612443924,-1.0
1785941549517640260,-0.1673460602760315,-1.0
1785941549622510796,-0.17313864827156067,-1.0
1785941549718570333,-0.17506572604179382,-1.0
1785941549818158104,-0.16700883209705353,-1.0
1785941549917717010,-0.16996991634368896,-1.0
1785941550019276890,-0.1935851275920868,-1.0
1785941550118368001,-0.19420689344406128,-1.0
1785941550217643536,-0.19844938814640045,-1.0
1785941550318139918,-0.199446439743042,-1.0
1785941550417967538,-0.20194241404533386,-1.0
1785941550517358918,-0.1863509863615036,-1.0
1785941550618910733,-0.19577164947986603,-1.0
1785941550720560600,-0.15759794414043427,-1.0
1785941550818103619,-0.1570688635110855,-1.0
1785941550917663581,-0.19983044266700745,-1.0
1785941551019351370,-0.20159003138542175,-1.0
1785941551117349863,-0.18012166023254395,-1.0
1785941551221179814,-0.18012166023254395,-1.0
1785941551318554443,-0.18279556930065155,-1.0
1785941551417518894,-0.1859884113073349,-1.0
1785941551517386388,-0.18742407858371735,-1.0
1785941551618297410,-0.2028120756149292,-1.0
1785941551719205008,-0.20633192360401154,-1.0
1785941551817958123,-0.20638257265090942,-1.0
1785941551918703923,-0.18268713355064392,-1.0
1785941552017289287,-0.19428043067455292,-1.0
1785941552124512810,-0.19400742650032043,-1.0
1785941552217566695,-0.18644298613071442,-1.0
1785941552320454818,-0.18208493292331696,-1.0
1785941552420715703,-0.18072840571403503,-1.0
1785941552524206538,-0.19498001039028168,-1.0
1785941552618509431,-0.1857045441865921,-1.0
1785941552717683906,-0.186013326048851,-1.0
1785941552819281899,-0.1785910278558731,-1.0
1785941552924470784,-0.20309701561927795,-1.0
1785941553021568922,-0.20378150045871735,-1.0
1785941553118011131,-0.16904710233211517,-1.0
1785941553218457111,-0.19507482647895813,-1.0
1785941553320412398,-0.19441573321819305,-1.0
1785941553418260613,-0.18230290710926056,-1.0
1785941553517799870,-0.1831519603729248,-1.0
1785941553618518021,-0.1831519603729248,-1.0
1785941553717237854,-0.20978765189647675,-1.0
1785941553818384661,-0.1840817779302597,-1.0
1785941553919478955,-0.18499797582626343,-1.0
1785941554017681904,-0.1890958994626999,-1.0
1785941554118919563,-0.18343424797058105,-1.0
1785941554224245413,-0.18434737622737885,-1.0
1785941554319307472,-0.19957423210144043,-1.0
1785941554417628506,-0.18155580759048462,-1.0
1785941554518319391,-0.18193213641643524,-1.0
1785941554617743284,-0.18167836964130402,-1.0
1785941554717761535,-0.2053985744714737,-1.0
1785941554817587268,-0.18095771968364716,-1.0
1785941554917456617,-0.18103079497814178,-1.0
1785941555018828426,-0.19158130884170532,-1.0
1785941555119750136,-0.17762640118598938,-1.0
1785941555224037066,-0.17762640118598938,-1.0
1785941555319365983,-0.20844930410385132,-1.0
1785941555418775155,-0.20884095132350922,-1.0
1785941555517671347,-0.19562003016471863,-1.0
1785941555639249636,-0.21227428317070007,-1.0
1785941555721668516,-0.21261021494865417,-1.0
1785941555818051875,-0.21261021494865417,-1.0
1785941555920567823,-0.20449630916118622,-1.0
1785941556017942260,-0.1720426231622696,-1.0
1785941556121272256,-0.1720426231622696,-1.0
1785941556219770609,-0.188878133893013,-1.0
1785941556320574395,-0.2005053013563156,-1.0
1785941556417786010,-0.19974233210086823,-1.0
1785941556519031733,-0.1780964434146881,-1.0
1785941556623218083,-0.21529586613178253,-1.0
1785941556717633717,-0.20763438940048218,-1.0
1785941556818395421,-0.20763438940048218,-1.0
1785941556920292946,-0.19878017902374268,-1.0
1785941557018980586,-0.19878017902374268,-1.0
1785941557117465434,-0.21328073740005493,-1.0
1785941557219167559,-0.1580042541027069,-1.0
1785941557320020371,-0.21019628643989563,-1.0
1785941557417480795,-0.2100728154182434,-1.0
1785941557517437956,-0.1950557827949524,-1.0
1785941557617385741,-0.1929323524236679,-1.0
1785941557719123548,-0.1929323524236679,-1.0
1785941557818111583,-0.21998512744903564,-1.0
1785941557917439216,-0.1728658825159073,-1.0
1785941558018232794,-0.17296583950519562,-1.0
1785941558117737041,-0.21707382798194885,-1.0
1785941558217746653,-0.19630280137062073,-1.0
1785941558319779734,-0.19647692143917084,-1.0
1785941558418432365,-0.19195042550563812,-1.0
1785941558518209743,-0.19624197483062744,-1.0
1785941558618253596,-0.18331505358219147,-1.0
1785941558717789045,-0.18045870959758759,-1.0
1785941558817795168,-0.18139277398586273,-1.0
1785941558920810912,-0.1667471081018448,-1.0
1785941559017406471,-0.1663888692855835,-1.0
1785941559117897349,-0.17297549545764923,-1.0
1785941559217585571,-0.20553535223007202,-1.0
1785941559319157771,-0.1821727603673935,-1.0
1785941559418596193,-0.1815267652273178,-1.0
1785941559518164763,-0.20287993550300598,-1.0
1785941559617449162,-0.21530042588710785,-1.0
1785941559719216953,-0.21530042588710785,-1.0
1785941559818964858,-0.17773503065109253,-1.0
1785941559918989894,-0.1978691667318344,-1.0
1785941560019401665,-0.19261464476585388,-1.0
1785941560117700010,-0.19288291037082672,-1.0
1785941560219468314,-0.19377541542053223,-1.0
1785941560319603178,-0.1691703200340271,-1.0
1785941560418118587,-0.1691703200340271,-1.0
1785941560518227050,-0.201867938041687,-1.0
1785941560618004972,-0.1968545913696289,-1.0
1785941560719111618,-0.2105095386505127,-1.0
1785941560818138855,-0.21007420122623444,-1.0
1785941560919488647,-0.2021026611328125,-1.0
1785941561022609867,-0.16158665716648102,-1.0
1785941561120546982,-0.16223478317260742,-1.0
1785941561218209654,-0.18311884999275208,-1.0
1785941561320470041,-0.19110599160194397,-1.0
1785941561418536504,-0.1899777203798294,-1.0
1785941561523562502,-0.17321716248989105,-1.0
1785941561618591184,-0.19208210706710815,-1.0
1785941561721241602,-0.16639134287834167,-1.0
1785941561819593069,-0.16639992594718933,-1.0
1785941561918657524,-0.20726706087589264,-1.0
1785941562019673414,-0.16369473934173584,-1.0
1785941562124613777,-0.16489166021347046,-1.0
1785941562218950112,-0.17055583000183105,-1.0
1785941562319715048,-0.16993384063243866,-1.0
1785941562426251633,-0.2024378627538681,-1.0
1785941562518107552,-0.20440569519996643,-1.0
1785941562618750116,-0.20459076762199402,-1.0
1785941562719258402,-0.159150168299675,-1.0
1785941562819933511,-0.1826884001493454,-1.0
1785941562921320776,-0.18371792137622833,-1.0
1785941563018285053,-0.21117739379405975,-1.0
1785941563119359410,-0.1799035519361496,-1.0
1785941563218202416,-0.20213384926319122,-1.0
1785941563320229577,-0.20166093111038208,-1.0
1785941563418351403,-0.16799354553222656,-1.0
1785941563526949348,-0.16799354553222656,-1.0
1785941563618045205,-0.15623030066490173,-1.0
1785941563718399374,-0.2007874995470047,-1.0
1785941563818906700,-0.20098289847373962,-1.0
1785941563921994735,-0.20098289847373962,-1.0
1785941564018209799,-0.1714187115430832,-1.0
1785941564119814160,-0.17938195168972015,-1.0
1785941564218666479,-0.17936588823795319,-1.0
1785941564318295467,-0.2097228467464447,-1.0
1785941564427047402,-0.16248595714569092,-1.0
1785941564517596070,-0.162827730178833,-1.0
1785941564619417240,-0.16981089115142822,-1.0
1785941564718402235,-0.14808973670005798,-1.0
1785941564817684042,-0.17684295773506165,-1.0
1785941564917708246,-0.1775585412979126,-1.0
1785941565019720015,-0.17284153401851654,-1.0
1785941565120485144,-0.16963492333889008,-1.0
1785941565218861987,-0.17072156071662903,-1.0
1785941565317549851,-0.16971386969089508,-1.0
1785941565417469379,-0.20150716602802277,-1.0
1785941565518257997,-0.2057688683271408,-1.0
1785941565618007310,-0.20411904156208038,-1.0
1785941565718339558,-0.20394226908683777,-1.0
1785941565817528977,-0.2004803717136383,-1.0
1785941565921371953,-0.2004803717136383,-1.0
1785941566018561647,-0.16647955775260925,-1.0
1785941566131917633,-0.19624446332454681,-1.0
1785941566219616398,-0.17240042984485626,-1.0
1785941566318006298,-0.17316749691963196,-1.0
1785941566424660231,-0.18075034022331238,-1.0
1785941566517496476,-0.1927749514579773,-1.0
1785941566617389347,-0.1927749514579773,-1.0
1785941566719601604,-0.16885493695735931,-1.0
1785941566821312753,-0.19511865079402924,-1.0
1785941566918591922,-0.16059251129627228,-1.0
1785941567017694106,-0.16213448345661163,-1.0
1785941567118684172,-0.1663571000099182,-1.0
1785941567217792052,-0.21088683605194092,-1.0
1785941567318469977,-0.21088683605194092,-1.0
1785941567417312631,-0.168069988489151,-1.0
1785941567517462024,-0.184626966714859,-1.0
1785941567617793280,-0.18488068878650665,-1.0
1785941567718047509,-0.18022282421588898,-1.0
1785941567818759995,-0.18564261496067047,-1.0
1785941567917836482,-0.18442091345787048,-1.0
1785941568019399946,-0.16444437205791473,-1.0
1785941568117555789,-0.180885449051857,-1.0
1785941568220012119,-0.18925514817237854,-1.0
1785941568319962432,-0.18882520496845245,-1.0
1785941568420664742,-0.16020092368125916,-1.0
1785941568518710598,-0.17993023991584778,-1.0
1785941568617543971,-0.17993023991584778,-1.0
1785941568717907516,-0.18711844086647034,-1.0
1785941568817353906,-0.19406701624393463,-1.0
1785941568923248801,-0.19406701624393463,-1.0
1785941569017154912,-0.19872120022773743,-1.0
1785941569120397608,-0.17071129381656647,-1.0
1785941569218000182,-0.17014093697071075,-1.0
1785941569318384528,-0.19287757575511932,-1.0
1785941569417563963,-0.18099698424339294,-1.0
1785941569517954613,-0.1813095211982727,-1.0
1785941569618623322,-0.2218179702758789,-1.0
1785941569717644223,-0.1797322779893875,-1.0
1785941569820092553,-0.17966043949127197,-1.0
1785941569917466574,-0.18596512079238892,-1.0
1785941570018205046,-0.21871864795684814,-1.0
1785941570117752591,-0.21871864795684814,-1.0
1785941570217319465,-0.18126091361045837,-1.0
1785941570319717233,-0.18072889745235443,-1.0
1785941570424872388,-0.18055206537246704,-1.0
1785941570518573274,-0.20224276185035706,-1.0
1785941570618612967,-0.18303808569908142,-1.0
1785941570717798738,-0.18223392963409424,-1.0
1785941570821060924,-0.1848701387643814,-1.0
1785941570917241010,-0.21384575963020325,-1.0
1785941571019414418,-0.22274716198444366,-1.0
1785941571119151538,-0.22252242267131805,-1.0
1785941571218273883,-0.1998981237411499,-1.0
1785941571317490280,-0.21155798435211182,-1.0
1785941571417907875,-0.21155798435211182,-1.0
1785941571518534822,-0.19215193390846252,-1.0
1785941571620288565,-0.2073235660791397,-1.0
1785941571719430431,-0.20626194775104523,-1.0
1785941571822327514,-0.19481681287288666,-1.0
1785941571920589921,-0.2136746495962143,-1.0
1785941572018054570,-0.2117287516593933,-1.0
1785941572118261437,-0.17425690591335297,-1.0
1785941572217629359,-0.16969044506549835,-1.0
1785941572318277267,-0.16969044506549835,-1.0
1785941572417824108,-0.20657998323440552,-1.0
1785941572518089826,-0.19893144071102142,-1.0
1785941572618815433,-0.19895771145820618,-1.0
1785941572719505710,-0.19136779010295868,-1.0
1785941572820186612,-0.18841129541397095,-1.0
1785941572917534808,-0.1858467161655426,-1.0
1785941573018581547,-0.17192432284355164,-1.0
1785941573117593712,-0.18837998807430267,-1.0
1785941573218102063,-0.18837998807430267,-1.0
1785941573318656623,-0.18895602226257324,-1.0
1785941573417408681,-0.21175260841846466,-1.0
1785941573518969777,-0.20964905619621277,-1.0
1785941573619489584,-0.1872507780790329,-1.0
1785941573724120719,-0.1684398502111435,-1.0
1785941573817347635,-0.16931280493736267,-1.0
1785941573918420519,-0.19893723726272583,-1.0
1785941574019452986,-0.15454727411270142,-1.0
1785941574119055414,-0.15454727411270142,-1.0
1785941574217181048,-0.17633335292339325,-1.0
1785941574319642498,-0.1770447939634323,-1.0
1785941574417621983,-0.17694222927093506,-1.0
1785941574517288605,-0.17621949315071106,-1.0
1785941574618339472,-0.14726267755031586,-1.0
1785941574721182730,-0.14682342112064362,-1.0
1785941574819347501,-0.16654334962368011,-1.0
1785941574918382643,-0.16483764350414276,-1.0
1785941575018184342,-0.16483764350414276,-1.0
1785941575117601578,-0.17716346681118011,-1.0
1785941575217452975,-0.1927138715982437,-1.0
1785941575318138229,-0.19423167407512665,-1.0
1785941575417694831,-0.17363885045051575,-1.0
1785941575522827393,-0.1756044626235962,-1.0
1785941575617489725,-0.1756044626235962,-1.0
1785941575718931615,-0.1986941546201706,-1.0
1785941575817326892,-0.1907186210155487,-1.0
1785941575918663371,-0.1907186210155487,-1.0
1785941576017619533,-0.18781203031539917,-1.0
1785941576120430021,-0.18781203031539917,-1.0
1785941576217929135,-0.21037480235099792,-1.0
1785941576317478472,-0.19850541651248932,-1.0
1785941576420731058,-0.19850541651248932,-1.0
1785941576517333049,-0.16506734490394592,-1.0
1785941576619497912,-0.19608207046985626,-1.0
1785941576721374091,-0.19752658903598785,-1.0
1785941576817506528,-0.17978934943675995,-1.0
1785941576919209037,-0.18855305016040802,-1.0
1785941577018973039,-0.17118653655052185,-1.0
1785941577119495438,-0.17118653655052185,-1.0
1785941577217282595,-0.1730886697769165,-1.0
1785941577318274484,-0.2199706733226776,-1.0
1785941577421165488,-0.22023403644561768,-1.0
1785941577517452778,-0.16706815361976624,-1.0
1785941577618739879,-0.18564465641975403,-1.0
1785941577717535971,-0.18607084453105927,-1.0
1785941577818602776,-0.19443795084953308,-1.0
1785941577918753896,-0.1577182114124298,-1.0
1785941578017389086,-0.1577182114124298,-1.0
1785941578119253170,-0.19167737662792206,-1.0
1785941578218057806,-0.1785731166601181,-1.0
1785941578320035270,-0.17835138738155365,-1.0
1785941578417822715,-0.1791570484638214,-1.0
1785941578517615294,-0.1739300787448883,-1.0
1785941578617545222,-0.17372861504554749,-1.0
1785941578718231307,-0.1757345199584961,-1.0
1785941578818081265,-0.16779546439647675,-1.0
1785941578917712973,-0.19159549474716187,-1.0
1785941579018705919,-0.19129498302936554,-1.0
1785941579118352540,-0.20065753161907196,-1.0
1785941579217821106,-0.20156989991664886,-1.0
1785941579318789155,-0.20156989991664886,-1.0
1785941579418717035,-0.16410008072853088,-1.0
1785941579518248323,-0.18051551282405853,-1.0
1785941579618965418,-0.18048228323459625,-1.0
1785941579717422617,-0.16667070984840393,-1.0
1785941579819786112,-0.17833562195301056,-1.0
1785941579920215579,-0.17966203391551971,-1.0
1785941580018705452,-0.19600412249565125,-1.0
1785941580118226596,-0.19841007888317108,-1.0
1785941580222546423,-0.19841007888317108,-1.0
1785941580319153438,-0.1792382001876831,-1.0
1785941580417779635,-0.19205410778522491,-1.0
1785941580519266616,-0.1925727128982544,-1.0
1785941580617542656,-0.1786736100912094,-1.0
1785941580725963954,-0.16217072308063507,-1.0
1785941580817655770,-0.1624593436717987,-1.0
1785941580919492396,-0.19441348314285278,-1.0
1785941581019132137,-0.17108434438705444,-1.0
1785941581119326844,-0.17108434438705444,-1.0
1785941581218063126,-0.16381797194480896,-1.0
1785941581319496984,-0.17553111910820007,-1.0
1785941581418169392,-0.15803563594818115,-1.0
1785941581519470669,-0.15803563594818115,-1.0
1785941581618876385,-0.18426881730556488,-1.0
1785941581718756775,-0.16183599829673767,-1.0
1785941581820909798,-0.16102486848831177,-1.0
1785941581919003334,-0.16005384922027588,-1.0
1785941582019968343,-0.1777574121952057,-1.0
1785941582118577676,-0.17776073515415192,-1.0
1785941582217789176,-0.18872199952602386,-1.0
1785941582322751172,-0.17727625370025635,-1.0
1785941582417817775,-0.17727625370025635,-1.0
1785941582519669058,-0.17453201115131378,-1.0
1785941582618524192,-0.197151318192482,-1.0
1785941582718041784,-0.197151318192482,-1.0
1785941582817823963,-0.17380139231681824,-1.0
1785941582921008513,-0.17380139231681824,-1.0
1785941583024519989,-0.16995170712471008,-1.0
1785941583119339606,-0.17525522410869598,-1.0
1785941583218168340,-0.17525522410869598,-1.0
1785941583320421398,-0.16960850358009338,-1.0
1785941583419181585,-0.18594230711460114,-1.0
1785941583520425548,-0.18531259894371033,-1.0
1785941583619403119,-0.21000851690769196,-1.0
1785941583726287782,-0.17300517857074738,-1.0
1785941583818406719,-0.17323806881904602,-1.0
1785941583920109260,-0.1961704045534134,-1.0
1785941584019330200,-0.2068772166967392,-1.0
1785941584119352100,-0.2068772166967392,-1.0
1785941584218226083,-0.1692836880683899,-1.0
1785941584318118890,-0.18428252637386322,-1.0
1785941584417401049,-0.15999454259872437,-1.0
1785941584520526141,-0.15830422937870026,-1.0
1785941584626580371,-0.1547805666923523,-1.0
1785941584717167089,-0.19206151366233826,-1.0
1785941584817393604,-0.19206151366233826,-1.0
1785941584918155501,-0.1697520911693573,-1.0
1785941585017769545,-0.20999932289123535,-1.0
1785941585117777844,-0.20999932289123535,-1.0
1785941585217575863,-0.19375786185264587,-1.0
1785941585320031457,-0.2042689174413681,-1.0
1785941585417482153,-0.2037612795829773,-1.0
1785941585518046154,-0.18650482594966888,-1.0
1785941585617351130,-0.17897897958755493,-1.0
1785941585719456151,-0.20219388604164124,-1.0
1785941585819871314,-0.20128852128982544,-1.0
1785941585917822221,-0.17526136338710785,-1.0
1785941586018176902,-0.20036961138248444,-1.0
1785941586119031314,-0.20036892592906952,-1.0
1785941586219163458,-0.17637678980827332,-1.0
1785941586317552526,-0.16740578413009644,-1.0
1785941586418502238,-0.16740578413009644,-1.0
1785941586517526147,-0.1943664848804474,-1.0
1785941586618100388,-0.17900238931179047,-1.0
1785941586717583579,-0.17949755489826202,-1.0
1785941586818078169,-0.18291373550891876,-1.0
1785941586919443161,-0.18346939980983734,-1.0
1785941587018123601,-0.18386077880859375,-1.0
1785941587118026648,-0.17550072073936462,-1.0
1785941587217242180,-0.18112334609031677,-1.0
1785941587319313504,-0.1869930922985077,-1.0
1785941587417343006,-0.18800725042819977,-1.0
1785941587522236167,-0.17528921365737915,-1.0
1785941587618593412,-0.1895056962966919,-1.0
1785941587717669483,-0.19023722410202026,-1.0
1785941587819109070,-0.2060038447380066,-1.0
1785941587922589024,-0.18094651401042938,-1.0
1785941588019130565,-0.18094651401042938,-1.0
1785941588121636241,-0.17711277306079865,-1.0
1785941588217670722,-0.17758944630622864,-1.0
1785941588321033807,-0.17667602002620697,-1.0
1785941588417738074,-0.16617141664028168,-1.0
1785941588518491074,-0.18449942767620087,-1.0
1785941588617286303,-0.18415364623069763,-1.0
1785941588719517056,-0.18255577981472015,-1.0
1785941588817435066,-0.17669005692005157,-1.0
1785941588923200965,-0.17669005692005157,-1.0
1785941589018432503,-0.1785632073879242,-1.0
1785941589118247738,-0.18708860874176025,-1.0
1785941589218893918,-0.18629273772239685,-1.0
1785941589317951045,-0.18455271422863007,-1.0
1785941589426826696,-0.17240771651268005,-1.0
1785941589525153522,-0.17214195430278778,-1.0
1785941589617985415,-0.2012958824634552,-1.0
1785941589720805055,-0.16306376457214355,-1.0
1785941589820878605,-0.16306376457214355,-1.0
1785941589918081483,-0.1713050901889801,-1.0
1785941590024277415,-0.1721908152103424,-1.0
1785941590125031439,-0.15860417485237122,-1.0
1785941590217331023,-0.21402864158153534,-1.0
1785941590317421213,-0.21402864158153534,-1.0
1785941590419358995,-0.17204146087169647,-1.0
1785941590517447284,-0.18807350099086761,-1.0
1785941590620620186,-0.18807350099086761,-1.0
1785941590719466008,-0.1761714518070221,-1.0
1785941590818413370,-0.18506526947021484,-1.0
1785941590919517616,-0.18587923049926758,-1.0
1785941591018870114,-0.19350022077560425,-1.0
1785941591117621148,-0.17699606716632843,-1.0
1785941591221609762,-0.22105178236961365,-1.0
1785941591322402220,-0.22105178236961365,-1.0
1785941591418560225,-0.16373853385448456,-1.0
1785941591517349469,-0.1838947981595993,-1.0
1785941591617709110,-0.18381808698177338,-1.0
1785941591717513274,-0.18519163131713867,-1.0
1785941591817766318,-0.18669895827770233,-1.0
1785941591925392833,-0.18600688874721527,-1.0
1785941592021397265,-0.17913438379764557,-1.0
1785941592117284252,-0.18631000816822052,-1.0
1785941592218838244,-0.17995092272758484,-1.0
1785941592318875184,-0.1805906593799591,-1.0
1785941592418132574,-0.1851421296596527,-1.0
1785941592517385644,-0.18537041544914246,-1.0
1785941592617473594,-0.18537041544914246,-1.0
1785941592721941651,-0.18712548911571503,-1.0
1785941592820479493,-0.16876547038555145,-1.0
1785941592919220319,-0.16907231509685516,-1.0
1785941593019626297,-0.16326777637004852,-1.0
1785941593118149067,-0.1753091812133789,-1.0
1785941593218589319,-0.17493030428886414,-1.0
1785941593317499272,-0.17538736760616302,-1.0
1785941593417806494,-0.18702572584152222,-1.0
1785941593518387584,-0.17013907432556152,-1.0
1785941593617389572,-0.16982661187648773,-1.0
1785941593718435640,-0.16824421286582947,-1.0
1785941593825023842,-0.18503446877002716,-1.0
1785941593919602171,-0.18500220775604248,-1.0
1785941594018618207,-0.18272991478443146,-1.0
1785941594117460189,-0.16465651988983154,-1.0
1785941594219810627,-0.16524097323417664,-1.0
1785941594317585816,-0.18033447861671448,-1.0
1785941594419631282,-0.227918803691864,-1.0
1785941594517397126,-0.22643864154815674,-1.0
1785941594618557438,-0.21533071994781494,-1.0
1785941594719380649,-0.16523271799087524,-1.0
1785941594819035623,-0.16523271799087524,-1.0
1785941594919365054,-0.18575552105903625,-1.0
1785941595017544099,-0.20132173597812653,-1.0
1785941595123602329,-0.17032022774219513,-1.0
1785941595217239661,-0.16887789964675903,-1.0
1785941595318037367,-0.1845455914735794,-1.0
1785941595417517965,-0.22639226913452148,-1.0
1785941595517420180,-0.22639226913452148,-1.0
1785941595618105114,-0.17684568464756012,-1.0
1785941595718857346,-0.1912848949432373,-1.0
1785941595819661900,-0.19873453676700592,-1.0
1785941595917578918,-0.19841255247592926,-1.0
1785941596018409297,-0.1709398478269577,-1.0
1785941596118200532,-0.17444732785224915,-1.0
1785941596220496984,-0.17444732785224915,-1.0
1785941596318862756,-0.17563556134700775,-1.0
1785941596417943915,-0.18226487934589386,-1.0
1785941596518120701,-0.18226487934589386,-1.0
1785941596617565970,-0.19805695116519928,-1.0
1785941596734323368,-0.1976557821035385,-1.0
1785941596818496140,-0.18683235347270966,-1.0
1785941596917241190,-0.19411857426166534,-1.0
1785941597017639297,-0.19411857426166534,-1.0
1785941597119845761,-0.1994571089744568,-1.0
1785941597219414459,-0.18664340674877167,-1.0
1785941597327571715,-0.18737679719924927,-1.0
1785941597417691598,-0.16181936860084534,-1.0
1785941597523356661,-0.18599705398082733,-1.0
1785941597617318037,-0.1838637739419937,-1.0
1785941597717995451,-0.20321357250213623,-1.0
1785941597818918057,-0.16107264161109924,-1.0
1785941597917396217,-0.1623418629169464,-1.0
1785941598019133096,-0.18890468776226044,-1.0
1785941598117521428,-0.20317094027996063,-1.0
1785941598222274295,-0.20317094027996063,-1.0
1785941598317521290,-0.1765291541814804,-1.0
1785941598417726621,-0.1705165058374405,-1.0
1785941598517477246,-0.1720515787601471,-1.0
1785941598617251040,-0.21271070837974548,-1.0
1785941598718783174,-0.18233656883239746,-1.0
1785941598824637333,-0.18255086243152618,-1.0
1785941598918166660,-0.16779954731464386,-1.0
1785941599018070987,-0.20488104224205017,-1.0
1785941599118571082,-0.17741228640079498,-1.0
1785941599217383495,-0.17578153312206268,-1.0
1785941599317390386,-0.20051036775112152,-1.0
1785941599417634246,-0.18808221817016602,-1.0
1785941599520268183,-0.18701636791229248,-1.0
1785941599617754497,-0.16064809262752533,-1.0
1785941599718509257,-0.21910671889781952,-1.0
1785941599823441555,-0.21910671889781952,-1.0
1785941599917164490,-0.18267092108726501,-1.0
1785941600019037886,-0.18515104055404663,-1.0
1785941600117924670,-0.1888103187084198,-1.0
1785941600217386996,-0.16565898060798645,-1.0
1785941600318601134,-0.1854240596294403,-1.0
1785941600422563251,-0.18471777439117432,-1.0
1785941600519624619,-0.20531536638736725,-1.0
1785941600623266724,-0.18044543266296387,-1.0
1785941600718543447,-0.18917939066886902,-1.0
1785941600817874952,-0.18884684145450592,-1.0
1785941600921262455,-0.1672997921705246,-1.0
1785941601017817436,-0.1746334731578827,-1.0
1785941601120118720,-0.1746334731578827,-1.0
1785941601219431376,-0.18287593126296997,-1.0
1785941601318772706,-0.19394123554229736,-1.0
1785941601418789037,-0.1939244121313095,-1.0
1785941601517697614,-0.18467018008232117,-1.0
1785941601619172786,-0.1776605099439621,-1.0
1785941601720175044,-0.20459872484207153,-1.0
1785941601820943948,-0.20459872484207153,-1.0
1785941601918699776,-0.19638004899024963,-1.0
1785941602018007760,-0.18484751880168915,-1.0
1785941602121337660,-0.18452738225460052,-1.0
1785941602218624350,-0.19076478481292725,-1.0
1785941602321080136,-0.20412404835224152,-1.0
1785941602418019420,-0.20331566035747528,-1.0
1785941602518830887,-0.20331566035747528,-1.0
1785941602618049651,-0.18757592141628265,-1.0
1785941602717802965,-0.195771723985672,-1.0
1785941602818843112,-0.19720661640167236,-1.0
1785941602920822048,-0.17877233028411865,-1.0
1785941603019773154,-0.20777416229248047,-1.0
1785941603118257170,-0.20954729616641998,-1.0
1785941603218065621,-0.19861698150634766,-1.0
1785941603319261583,-0.2152285873889923,-1.0
1785941603418251986,-0.21442264318466187,-1.0
1785941603518767537,-0.1958044320344925,-1.0
1785941603623591448,-0.19647808372974396,-1.0
1785941603717645020,-0.18168258666992188,-1.0
1785941603821699940,-0.18582411110401154,-1.0
1785941603919299602,-0.18659502267837524,-1.0
1785941604021896673,-0.18555530905723572,-1.0
1785941604118309121,-0.18619485199451447,-1.0
1785941604219790885,-0.18619485199451447,-1.0
1785941604320719156,-0.1887238472700119,-1.0
1785941604417596166,-0.15695273876190186,-1.0
1785941604522297735,-0.15827439725399017,-1.0
1785941604618637444,-0.15618041157722473,-1.0
1785941604719159843,-0.18466141819953918,-1.0
1785941604818312589,-0.185321643948555,-1.0
1785941604919399299,-0.1929314136505127,-1.0
1785941605018229472,-0.16886110603809357,-1.0
1785941605117718423,-0.198708638548851,-1.0
1785941605218943794,-0.1989498734474182,-1.0
1785941605319857152,-0.18585574626922607,-1.0
1785941605417714904,-0.17881371080875397,-1.0
1785941605517900874,-0.17815589904785156,-1.0
1785941605619839104,-0.20977185666561127,-1.0
1785941605718423700,-0.17121726274490356,-1.0
1785941605820705143,-0.17121726274490356,-1.0
1785941605917433347,-0.21216413378715515,-1.0
1785941606022012672,-0.17659659683704376,-1.0
1785941606118037585,-0.17627812922000885,-1.0
1785941606218327591,-0.16418524086475372,-1.0
1785941606318533626,-0.17528462409973145,-1.0
1785941606417227314,-0.18905441462993622,-1.0
1785941606517360226,-0.18997439742088318,-1.0
1785941606617391438,-0.19945307075977325,-1.0
1785941606722385307,-0.20396512746810913,-1.0
1785941606817443910,-0.17009352147579193,-1.0
1785941606917701787,-0.17009352147579193,-1.0
1785941607018160055,-0.19187308847904205,-1.0
1785941607118989731,-0.18385830521583557,-1.0
1785941607217340429,-0.18237443268299103,-1.0
1785941607317592962,-0.18586942553520203,-1.0
1785941607418388780,-0.18483740091323853,-1.0
1785941607518830920,-0.18479230999946594,-1.0
1785941607617407900,-0.1594274640083313,-1.0
1785941607718398381,-0.15030881762504578,-1.0
1785941607817867555,-0.18299435079097748,-1.0
1785941607917455486,-0.1832023561000824,-1.0
1785941608017560045,-0.1536782830953598,-1.0
1785941608117377233,-0.157959446310997,-1.0
1785941608217538914,-0.157959446310997,-1.0
1785941608319285841,-0.1782083809375763,-1.0
1785941608418745575,-0.18626289069652557,-1.0
1785941608517969012,-0.18039529025554657,-1.0
1785941608617242658,-0.180637925863266,-1.0
1785941608719619242,-0.2051183432340622,-1.0
1785941608817344700,-0.16953109204769135,-1.0
1785941608918290924,-0.16953109204769135,-1.0
1785941609017291344,-0.17153456807136536,-1.0
1785941609117308315,-0.17611265182495117,-1.0
1785941609223425652,-0.1793537437915802,-1.0
1785941609317421590,-0.17964330315589905,-1.0
1785941609420190380,-0.1984531581401825,-1.0
1785941609517445644,-0.1940588653087616,-1.0
1785941609618130610,-0.1940588653087616,-1.0
1785941609719608374,-0.15003688633441925,-1.0
1785941609817767034,-0.18486741185188293,-1.0
1785941609919898807,-0.18587258458137512,-1.0
1785941610021085200,-0.16797581315040588,-1.0
1785941610132194923,-0.21561278402805328,-1.0
1785941610217278866,-0.21578097343444824,-1.0
1785941610318649938,-0.16699859499931335,-1.0
1785941610418128809,-0.16801099479198456,-1.0
1785941610522377113,-0.1980295181274414,-1.0
1785941610618382665,-0.1980295181274414,-1.0
1785941610727063333,-0.20416995882987976,-1.0
1785941610820684600,-0.19915726780891418,-1.0
1785941610918220867,-0.18255461752414703,-1.0
1785941611018409621,-0.18276409804821014,-1.0
1785941611118640713,-0.1910620927810669,-1.0
1785941611217281439,-0.20660975575447083,-1.0
1785941611317407855,-0.20660975575447083,-1.0
1785941611417335383,-0.18403360247612,-1.0
1785941611517607181,-0.20080821216106415,-1.0
1785941611627151978,-0.1998196393251419,-1.0
1785941611717925199,-0.188132643699646,-1.0
1785941611820107599,-0.18683186173439026,-1.0
1785941611918725540,-0.1864457130432129,-1.0
1785941612023284896,-0.16451752185821533,-1.0
1785941612118701561,-0.22080397605895996,-1.0
1785941612217863299,-0.22080397605895996,-1.0
1785941612317967410,-0.19049282371997833,-1.0
1785941612417998622,-0.15591302514076233,-1.0
1785941612517505174,-0.15536648035049438,-1.0
1785941612619084030,-0.1604992300271988,-1.0
1785941612720478111,-0.16926209628582,-1.0
1785941612820376358,-0.16893015801906586,-1.0
1785941612918912312,-0.17270606756210327,-1.0
1785941613018141317,-0.17554859817028046,-1.0
1785941613118902222,-0.17164981365203857,-1.0
1785941613217676681,-0.17407922446727753,-1.0
1785941613317438731,-0.16949133574962616,-1.0
1785941613418090927,-0.17253705859184265,-1.0
1785941613517271418,-0.17380356788635254,-1.0
1785941613619418712,-0.20762303471565247,-1.0
1785941613718211188,-0.19474264979362488,-1.0
1785941613819213126,-0.19474264979362488,-1.0
1785941613918660348,-0.17980562150478363,-1.0
1785941614017635327,-0.17980562150478363,-1.0
1785941614117320605,-0.18441835045814514,-1.0
1785941614217172546,-0.18820136785507202,-1.0
1785941614320952672,-0.18114367127418518,-1.0
1785941614418445834,-0.18184299767017365,-1.0
1785941614518385522,-0.17145393788814545,-1.0
1785941614617224112,-0.1869402378797531,-1.0
1785941614720026248,-0.1869402378797531,-1.0
1785941614817501361,-0.18571338057518005,-1.0
1785941614920496080,-0.19054119288921356,-1.0
1785941615022021430,-0.1964036077260971,-1.0
1785941615119515712,-0.19639062881469727,-1.0
1785941615217584704,-0.19344854354858398,-1.0
1785941615317337889,-0.19128260016441345,-1.0
1785941615425863575,-0.19128260016441345,-1.0
1785941615517276276,-0.18552424013614655,-1.0
1785941615618897470,-0.17305995523929596,-1.0
1785941615718067337,-0.1671464443206787,-1.0
1785941615819150526,-0.1671464443206787,-1.0
1785941615917428838,-0.17523765563964844,-1.0
1785941616017286635,-0.2065584808588028,-1.0
1785941616117749256,-0.20704388618469238,-1.0
1785941616219494583,-0.16101963818073273,-1.0
1785941616318066506,-0.20260414481163025,-1.0
1785941616417577570,-0.2026328444480896,-1.0
1785941616519289648,-0.20026612281799316,-1.0
1785941616619066194,-0.18930073082447052,-1.0
1785941616717710632,-0.18930073082447052,-1.0
1785941616819810564,-0.19399406015872955,-1.0
1785941616918334358,-0.17681872844696045,-1.0
1785941617022019792,-0.17681872844696045,-1.0
1785941617118871745,-0.17728179693222046,-1.0
1785941617219315677,-0.17728179693222046,-1.0
1785941617317218102,-0.18107451498508453,-1.0
1785941617418585686,-0.16399672627449036,-1.0
1785941617518896333,-0.1702841967344284,-1.0
1785941617620388914,-0.1702841967344284,-1.0
1785941617717304261,-0.20630060136318207,-1.0
1785941617817462902,-0.16673368215560913,-1.0
1785941617919127362,-0.16451089084148407,-1.0
1785941618017821594,-0.18003864586353302,-1.0
1785941618117682176,-0.20005252957344055,-1.0
1785941618217386847,-0.2009483128786087,-1.0
1785941618318137095,-0.1849420666694641,-1.0
1785941618417287601,-0.18413853645324707,-1.0
1785941618522747056,-0.18413853645324707,-1.0
1785941618618230635,-0.16693995893001556,-1.0
1785941618718405181,-0.16849562525749207,-1.0
1785941618819508179,-0.16954341530799866,-1.0
1785941618919733191,-0.1903618425130844,-1.0
1785941619027182323,-0.1865585744380951,-1.0
1785941619118108157,-0.18654264509677887,-1.0
1785941619218592667,-0.1837557852268219,-1.0
1785941619317389879,-0.18635021150112152,-1.0
1785941619418546095,-0.15126807987689972,-1.0
1785941619518277263,-0.15227748453617096,-1.0
1785941619620207397,-0.19004572927951813,-1.0
1785941619717286591,-0.1422964334487915,-1.0
1785941619818471832,-0.1422964334487915,-1.0
1785941619919964637,-0.19621439278125763,-1.0
1785941620021134133,-0.15681736171245575,-1.0
1785941620118157708,-0.15770527720451355,-1.0
1785941620218550822,-0.17984473705291748,-1.0
1785941620319238892,-0.1778935343027115,-1.0
1785941620419113138,-0.17677205801010132,-1.0
1785941620517499262,-0.19752565026283264,-1.0
1785941620618082368,-0.18464317917823792,-1.0
1785941620721034845,-0.18464317917823792,-1.0
1785941620818536167,-0.17857353389263153,-1.0
1785941620918460431,-0.1732947677373886,-1.0
1785941621018713924,-0.18116945028305054,-1.0
1785941621119167681,-0.18142713606357574,-1.0
1785941621218246760,-0.17039313912391663,-1.0
1785941621319575718,-0.1759198009967804,-1.0
1785941621421632001,-0.1759198009967804,-1.0
1785941621518128484,-0.19101648032665253,-1.0
1785941621621019391,-0.18629220128059387,-1.0
1785941621721441050,-0.19062349200248718,-1.0
1785941621818122532,-0.19062349200248718,-1.0
1785941621918963344,-0.19013839960098267,-1.0
1785941622020106375,-0.17790928483009338,-1.0
1785941622118352462,-0.17790928483009338,-1.0
1785941622220060475,-0.20079122483730316,-1.0
1785941622318763316,-0.1957719773054123,-1.0
1785941622420756492,-0.20320288836956024,-1.0
1785941622518195091,-0.2017950415611267,-1.0
1785941622618699314,-0.17035794258117676,-1.0
1785941622718349487,-0.17413683235645294,-1.0
1785941622819671662,-0.17413683235645294,-1.0
1785941622919501842,-0.18381743133068085,-1.0
1785941623019555903,-0.20398209989070892,-1.0
1785941623118578340,-0.20091621577739716,-1.0
1785941623218142174,-0.20091621577739716,-1.0
1785941623345447789,-0.200027734041214,-1.0
1785941623418636839,-0.200362890958786,-1.0
1785941623521411581,-0.19043827056884766,-1.0
1785941623619140144,-0.19079792499542236,-1.0
1785941623718864464,-0.15909689664840698,-1.0
1785941623819047458,-0.17066563665866852,-1.0
1785941623921261571,-0.1745149940252304,-1.0
1785941624033201406,-0.1782674491405487,-1.0
1785941624126671339,-0.17724928259849548,-1.0
1785941624218694656,-0.15969708561897278,-1.0
1785941624318858642,-0.20851534605026245,-1.0
1785941624421275098,-0.20762036740779877,-1.0
1785941624519857294,-0.18190304934978485,-1.0
1785941624618305821,-0.15950219333171844,-1.0
1785941624719641468,-0.1583675742149353,-1.0
1785941624822527191,-0.1820104569196701,-1.0
1785941624917848172,-0.1803901046514511,-1.0
1785941625017837814,-0.1803901046514511,-1.0
1785941625117775967,-0.19949115812778473,-1.0
1785941625217723080,-0.192179873585701,-1.0
1785941625318430446,-0.1923665851354599,-1.0
1785941625417344527,-0.21441002190113068,-1.0
1785941625521366870,-0.17832481861114502,-1.0
1785941625617653617,-0.1944577842950821,-1.0
1785941625719313628,-0.1944577842950821,-1.0
1785941625817583076,-0.19297729432582855,-1.0
1785941625918357389,-0.18481619656085968,-1.0
1785941626019861298,-0.18560805916786194,-1.0
1785941626120203306,-0.18304340541362762,-1.0
1785941626221907575,-0.23090781271457672,-1.0
1785941626317892358,-0.18002809584140778,-1.0
1785941626419118689,-0.18002809584140778,-1.0
1785941626518396848,-0.17290015518665314,-1.0
1785941626617529977,-0.17237593233585358,-1.0
1785941626719244582,-0.17181311547756195,-1.0
1785941626819708483,-0.19370563328266144,-1.0
1785941626918736424,-0.19915425777435303,-1.0
1785941627017726060,-0.18801459670066833,-1.0
1785941627118801345,-0.18801459670066833,-1.0
1785941627217346995,-0.19020316004753113,-1.0
1785941627319680601,-0.20319795608520508,-1.0
1785941627417947232,-0.203710675239563,-1.0
1785941627518491040,-0.18588964641094208,-1.0
1785941627618288995,-0.17125625908374786,-1.0
1785941627718693694,-0.19033190608024597,-1.0
1785941627818103090,-0.18996313214302063,-1.0
1785941627918443626,-0.18358126282691956,-1.0
1785941628020311550,-0.19401991367340088,-1.0
1785941628117427769,-0.19189245998859406,-1.0
1785941628218808441,-0.1766408532857895,-1.0
1785941628320680589,-0.1807260364294052,-1.0
1785941628418253913,-0.1807260364294052,-1.0
1785941628518746583,-0.16468872129917145,-1.0
1785941628626060158,-0.1951332837343216,-1.0
1785941628718835537,-0.1951332837343216,-1.0
1785941628817697775,-0.15496352314949036,-1.0
1785941628918048392,-0.1969779133796692,-1.0
1785941629017331319,-0.1909424066543579,-1.0
1785941629118707799,-0.1909424066543579,-1.0
1785941629217540469,-0.186848446726799,-1.0
1785941629320399695,-0.18453103303909302,-1.0
1785941629418680951,-0.18364317715168,-1.0
1785941629518115596,-0.17688946425914764,-1.0
1785941629617476446,-0.1728493571281433,-1.0
1785941629718916225,-0.17371255159378052,-1.0
1785941629818778982,-0.16723302006721497,-1.0
1785941629917718792,-0.20787374675273895,-1.0
1785941630022529838,-0.20787374675273895,-1.0
1785941630130376297,-0.1817222535610199,-1.0
1785941630217731369,-0.19032074511051178,-1.0
1785941630319371604,-0.1907167285680771,-1.0
1785941630417744320,-0.20783232152462006,-1.0
1785941630526334744,-0.1771334409713745,-1.0
1785941630629077454,-0.1769820600748062,-1.0
1785941630719547590,-0.19625085592269897,-1.0
1785941630826642821,-0.19657014310359955,-1.0
1785941630917549999,-0.19913102686405182,-1.0
1785941631020603472,-0.19560648500919342,-1.0
1785941631122263740,-0.19668304920196533,-1.0
1785941631217985696,-0.18772532045841217,-1.0
1785941631318219220,-0.17400574684143066,-1.0
1785941631417814703,-0.17400400340557098,-1.0
1785941631525973175,-0.18974043428897858,-1.0
1785941631618745481,-0.19182495772838593,-1.0
1785941631718607055,-0.19182495772838593,-1.0
1785941631817482446,-0.18747945129871368,-1.0
1785941631917341300,-0.18400515615940094,-1.0
1785941632018085147,-0.18361468613147736,-1.0
1785941632118209579,-0.1868082880973816,-1.0
1785941632220756921,-0.18662282824516296,-1.0
1785941632317372864,-0.18676859140396118,-1.0
1785941632418079143,-0.15894371271133423,-1.0
1785941632517625120,-0.20438379049301147,-1.0
1785941632619525717,-0.20438379049301147,-1.0
1785941632720633003,-0.16478994488716125,-1.0
1785941632817486587,-0.16478994488716125,-1.0
1785941632921702186,-0.18797941505908966,-1.0
1785941633017452752,-0.17878520488739014,-1.0
1785941633120452431,-0.17810362577438354,-1.0
1785941633217279487,-0.1847086101770401,-1.0
1785941633318819174,-0.1976586878299713,-1.0
1785941633417301974,-0.21312451362609863,-1.0
1785941633519814178,-0.21312451362609863,-1.0
1785941633617511412,-0.19027526676654816,-1.0
1785941633718813361,-0.19309543073177338,-1.0
1785941633822661457,-0.1934148371219635,-1.0
1785941633917269195,-0.19222690165042877,-1.0
1785941634019785944,-0.1906759887933731,-1.0
1785941634119745761,-0.1896066516637802,-1.0
1785941634217410801,-0.20055989921092987,-1.0
1785941634317242454,-0.18168726563453674,-1.0
1785941634417832759,-0.18168726563453674,-1.0
1785941634518782183,-0.16079474985599518,-1.0
1785941634617417149,-0.19917108118534088,-1.0
1785941634719451287,-0.19992218911647797,-1.0
1785941634826201288,-0.18098364770412445,-1.0
1785941634920530583,-0.18534697592258453,-1.0
1785941635018373358,-0.18574218451976776,-1.0
1785941635118235539,-0.1992383748292923,-1.0
1785941635217263225,-0.21199001371860504,-1.0
1785941635322934592,-0.21199001371860504,-1.0
1785941635417234157,-0.16788250207901,-1.0
1785941635518015350,-0.17299874126911163,-1.0
1785941635617697909,-0.20142076909542084,-1.0
1785941635717474935,-0.20093047618865967,-1.0
1785941635820714240,-0.19092921912670135,-1.0
1785941635918758815,-0.19278837740421295,-1.0
1785941636021023330,-0.19399461150169373,-1.0
1785941636118012504,-0.18259398639202118,-1.0
1785941636219179600,-0.21178129315376282,-1.0
1785941636318297593,-0.21048380434513092,-1.0
1785941636417822801,-0.180750772356987,-1.0
1785941636517605652,-0.15913943946361542,-1.0
1785941636618474624,-0.17453701794147491,-1.0
1785941636719232617,-0.17453701794147491,-1.0
1785941636817760890,-0.18655724823474884,-1.0
1785941636917421752,-0.20416368544101715,-1.0
1785941637026736845,-0.20416368544101715,-1.0
1785941637118667998,-0.22218091785907745,-1.0
1785941637217824520,-0.2016259729862213,-1.0
1785941637324873221,-0.2016259729862213,-1.0
1785941637419603523,-0.20086386799812317,-1.0
1785941637527446495,-0.18626244366168976,-1.0
1785941637617817748,-0.18626244366168976,-1.0
1785941637719865550,-0.1826096922159195,-1.0
1785941637817852971,-0.19232617318630219,-1.0
1785941637919629819,-0.19315437972545624,-1.0
1785941638018119659,-0.19195705652236938,-1.0
1785941638126347574,-0.16463139653205872,-1.0
1785941638217888504,-0.16540692746639252,-1.0
1785941638329595242,-0.16115565598011017,-1.0
1785941638418866196,-0.2160264104604721,-1.0
1785941638517584941,-0.19790521264076233,-1.0
1785941638618603007,-0.1981615573167801,-1.0
1785941638717445821,-0.20900657773017883,-1.0
1785941638819291504,-0.19384293258190155,-1.0
1785941638919756205,-0.1942427158355713,-1.0
1785941639022482850,-0.21500235795974731,-1.0
1785941639117666834,-0.17626065015792847,-1.0
1785941639220485610,-0.16274918615818024,-1.0
1785941639321563775,-0.1612900048494339,-1.0
1785941639417359622,-0.20298658311367035,-1.0
1785941639518600033,-0.19836197793483734,-1.0
1785941639617792461,-0.19824127852916718,-1.0
1785941639717951454,-0.2030695229768753,-1.0
1785941639818065549,-0.15889418125152588,-1.0
1785941639918522410,-0.15889418125152588,-1.0
1785941640017339111,-0.18767493963241577,-1.0
1785941640118302903,-0.20787011086940765,-1.0
1785941640218526411,-0.20828406512737274,-1.0
1785941640317983105,-0.1916206032037735,-1.0
1785941640418024493,-0.19530369341373444,-1.0
1785941640519845407,-0.19509267807006836,-1.0
1785941640622563571,-0.2000272423028946,-1.0
1785941640718706889,-0.17208324372768402,-1.0
1785941640818216160,-0.19354556500911713,-1.0
1785941640917588147,-0.1935589462518692,-1.0
1785941641019500744,-0.21246635913848877,-1.0
1785941641117985112,-0.23486965894699097,-1.0
1785941641218706847,-0.23486965894699097,-1.0
1785941641319932186,-0.1993882805109024,-1.0
1785941641417857972,-0.17841927707195282,-1.0
1785941641518463318,-0.17962895333766937,-1.0
1785941641627701064,-0.2224477380514145,-1.0
1785941641721200534,-0.18354883790016174,-1.0
1785941641818498136,-0.1923351287841797,-1.0
1785941641918360414,-0.19263891875743866,-1.0
1785941642017963225,-0.1670006364583969,-1.0
1785941642118239855,-0.1930331438779831,-1.0
1785941642218855250,-0.19234351813793182,-1.0
1785941642318961025,-0.20466797053813934,-1.0
1785941642419102801,-0.1785224974155426,-1.0
1785941642518091253,-0.1785224974155426,-1.0
1785941642620583681,-0.19540399312973022,-1.0
1785941642718957708,-0.20580962300300598,-1.0
1785941642820907395,-0.20655512809753418,-1.0
1785941642918721145,-0.20624007284641266,-1.0
1785941643018649953,-0.17607812583446503,-1.0
1785941643121031081,-0.1841215193271637,-1.0
1785941643218539347,-0.1841215193271637,-1.0
1785941643318604512,-0.21475966274738312,-1.0
1785941643420016930,-0.1951809823513031,-1.0
1785941643517976382,-0.13677772879600525,-1.0
1785941643617961480,-0.13677772879600525,-1.0
1785941643729091331,-0.1828843653202057,-1.0
1785941643831553325,-0.15749670565128326,-1.0
1785941643927750693,-0.15823131799697876,-1.0
1785941644020258989,-0.1708373725414276,-1.0
1785941644117742038,-0.1708373725414276,-1.0
1785941644221610807,-0.20403291285037994,-1.0
1785941644317926099,-0.20444579422473907,-1.0
1785941644421056151,-0.20592065155506134,-1.0
1785941644518562209,-0.20562683045864105,-1.0
1785941644618891769,-0.1766546070575714,-1.0
1785941644718887716,-0.17565664649009705,-1.0
1785941644818292088,-0.14172334969043732,-1.0
1785941644917915252,-0.14172334969043732,-1.0
1785941645018500790,-0.20389670133590698,-1.0
1785941645119806419,-0.16801126301288605,-1.0
1785941645219632727,-0.16925092041492462,-1.0
1785941645318420659,-0.17289908230304718,-1.0
1785941645418413150,-0.20585083961486816,-1.0
1785941645517441315,-0.20522946119308472,-1.0
1785941645618648765,-0.18187645077705383,-1.0
1785941645726415669,-0.21757195889949799,-1.0
1785941645817479973,-0.18515649437904358,-1.0
1785941645917978147,-0.18498475849628448,-1.0
1785941646026890632,-0.17024081945419312,-1.0
1785941646117842196,-0.18957288563251495,-1.0
1785941646217354860,-0.1885964423418045,-1.0
1785941646317629121,-0.1680443286895752,-1.0
1785941646418032380,-0.210576131939888,-1.0
1785941646521467180,-0.210576131939888,-1.0
1785941646617504221,-0.19157543778419495,-1.0
1785941646718695639,-0.17954552173614502,-1.0
1785941646817622744,-0.17912669479846954,-1.0
1785941646917424379,-0.20441576838493347,-1.0
1785941647019031204,-0.18063780665397644,-1.0
1785941647117734589,-0.19116796553134918,-1.0
1785941647226814696,-0.19060125946998596,-1.0
1785941647318589972,-0.16298750042915344,-1.0
1785941647417646074,-0.18577741086483002,-1.0
1785941647517196564,-0.18586020171642303,-1.0
1785941647618112258,-0.21398480236530304,-1.0
1785941647718333814,-0.21835322678089142,-1.0
1785941647842581870,-0.21835322678089142,-1.0
1785941647923358126,-0.164214089512825,-1.0
1785941648018346583,-0.18950492143630981,-1.0
1785941648122576326,-0.18950492143630981,-1.0
1785941648217377927,-0.20010322332382202,-1.0
1785941648317322544,-0.20010322332382202,-1.0
1785941648417235799,-0.19154401123523712,-1.0
1785941648518138277,-0.19939319789409637,-1.0
1785941648622176205,-0.19989265501499176,-1.0
1785941648718682992,-0.18233288824558258,-1.0
1785941648819212336,-0.18606440722942352,-1.0
1785941648917988235,-0.18046535551548004,-1.0
1785941649017282106,-0.18046535551548004,-1.0
1785941649119354838,-0.19290408492088318,-1.0
1785941649217726434,-0.19200988113880157,-1.0
1785941649318140669,-0.19179579615592957,-1.0
1785941649417419723,-0.22139044106006622,-1.0
1785941649518209173,-0.20027483999729156,-1.0
1785941649617401921,-0.20045730471611023,-1.0
1785941649718016483,-0.15824006497859955,-1.0
1785941649817654912,-0.18901753425598145,-1.0
1785941649920156588,-0.16950756311416626,-1.0
1785941650018299439,-0.16885323822498322,-1.0
1785941650117278834,-0.17752724885940552,-1.0
1785941650217581801,-0.18881110846996307,-1.0
1785941650317645782,-0.18949909508228302,-1.0
1785941650419920794,-0.17567755281925201,-1.0
1785941650518264676,-0.19656246900558472,-1.0
1785941650617684121,-0.19656246900558472,-1.0
1785941650717775975,-0.1910077929496765,-1.0
1785941650821041489,-0.20190081000328064,-1.0
1785941650950338253,-0.20190081000328064,-1.0
1785941651018635177,-0.1837945580482483,-1.0
1785941651117618125,-0.16635757684707642,-1.0
1785941651221627859,-0.16603130102157593,-1.0
1785941651318455971,-0.17052596807479858,-1.0
1785941651418677238,-0.17052596807479858,-1.0
1785941651518569277,-0.16473598778247833,-1.0
1785941651617182898,-0.1752629578113556,-1.0
1785941651726254365,-0.17638851702213287,-1.0
1785941651818000008,-0.14773717522621155,-1.0
1785941651926339991,-0.21886028349399567,-1.0
1785941652024809958,-0.22121362388134003,-1.0
1785941652122407764,-0.1656777560710907,-1.0
1785941652219415018,-0.17649723589420319,-1.0
1785941652318336683,-0.1764446496963501,-1.0
1785941652419260410,-0.1868981122970581,-1.0
1785941652518146362,-0.17419862747192383,-1.0
1785941652618281482,-0.16701588034629822,-1.0
1785941652719581543,-0.1667586863040924,-1.0
1785941652819206404,-0.20357932150363922,-1.0
1785941652918795039,-0.15918944776058197,-1.0
1785941653019086933,-0.15928788483142853,-1.0
1785941653121062188,-0.1682959645986557,-1.0
1785941653217450827,-0.1834607720375061,-1.0
1785941653318037677,-0.18373215198516846,-1.0
1785941653417560677,-0.18440620601177216,-1.0
1785941653517682933,-0.2087390273809433,-1.0
1785941653617377780,-0.1820000261068344,-1.0
1785941653718814679,-0.1820000261068344,-1.0
1785941653817813147,-0.1647389531135559,-1.0
1785941653918130706,-0.17672115564346313,-1.0
1785941654017737806,-0.1777353733778,-1.0
1785941654118583545,-0.1632709950208664,-1.0
1785941654217418999,-0.15328247845172882,-1.0
1785941654317798353,-0.19640079140663147,-1.0
1785941654420038034,-0.19622862339019775,-1.0
1785941654518352508,-0.20215289294719696,-1.0
1785941654619271979,-0.1673363894224167,-1.0
1785941654718944297,-0.16837093234062195,-1.0
1785941654817462714,-0.17463192343711853,-1.0
1785941654920567870,-0.20764227211475372,-1.0
1785941655018638206,-0.20672796666622162,-1.0
1785941655119205247,-0.15703356266021729,-1.0
1785941655217340385,-0.14773394167423248,-1.0
1785941655318760163,-0.1458912044763565,-1.0
1785941655417262740,-0.1993633359670639,-1.0
1785941655519680189,-0.18199528753757477,-1.0
1785941655617364590,-0.16556906700134277,-1.0
1785941655723291583,-0.16556906700134277,-1.0
1785941655817330562,-0.19281239807605743,-1.0
1785941655917415440,-0.17191119492053986,-1.0
1785941656020664569,-0.17137889564037323,-1.0
1785941656117896089,-0.16229186952114105,-1.0
1785941656217642938,-0.17616963386535645,-1.0
1785941656318534023,-0.17593902349472046,-1.0
1785941656438777956,-0.16203615069389343,-1.0
1785941656517462612,-0.16878649592399597,-1.0
1785941656617633797,-0.17772532999515533,-1.0
1785941656719360819,-0.17719405889511108,-1.0
1785941656817353584,-0.1891176551580429,-1.0
1785941656918509640,-0.18910811841487885,-1.0
1785941657017364582,-0.18868643045425415,-1.0
1785941657120444393,-0.20525220036506653,-1.0
1785941657217981268,-0.1894945502281189,-1.0
1785941657318130917,-0.21221908926963806,-1.0
1785941657417728736,-0.2117578685283661,-1.0
1785941657521925518,-0.19627457857131958,-1.0
1785941657618887779,-0.1861010044813156,-1.0
1785941657717532121,-0.1862163543701172,-1.0
1785941657817748076,-0.16401880979537964,-1.0
1785941657921395365,-0.1631288081407547,-1.0
1785941658024487080,-0.18355262279510498,-1.0
1785941658118306403,-0.18355262279510498,-1.0
1785941658217741624,-0.18190591037273407,-1.0
1785941658317947147,-0.1715511530637741,-1.0
1785941658417648810,-0.1532803624868393,-1.0
1785941658518711070,-0.15310117602348328,-1.0
1785941658618369436,-0.18849438428878784,-1.0
1785941658717334623,-0.1681375503540039,-1.0
1785941658817840861,-0.1681375503540039,-1.0
1785941658918768428,-0.20183688402175903,-1.0
1785941659025596032,-0.20183688402175903,-1.0
1785941659117468591,-0.20052289962768555,-1.0
1785941659219542059,-0.17908288538455963,-1.0
1785941659318118014,-0.1873035579919815,-1.0
1785941659417648503,-0.18690389394760132,-1.0
1785941659520244327,-0.16748464107513428,-1.0
1785941659617535721,-0.16644828021526337,-1.0
1785941659717480561,-0.16644828021526337,-1.0
1785941659819347877,-0.19489708542823792,-1.0
1785941659921685962,-0.15257307887077332,-1.0
1785941660019009357,-0.15061961114406586,-1.0
1785941660124195138,-0.1725129336118698,-1.0
1785941660226745168,-0.17567431926727295,-1.0
1785941660318036392,-0.17534290254116058,-1.0
1785941660417921231,-0.1852145940065384,-1.0
1785941660517266240,-0.15234366059303284,-1.0
1785941660617633817,-0.15234366059303284,-1.0
1785941660720189896,-0.2008293718099594,-1.0
1785941660817682065,-0.16814973950386047,-1.0
1785941660917784512,-0.19001734256744385,-1.0
1785941661022113587,-0.19044029712677002,-1.0
1785941661118938307,-0.19651134312152863,-1.0
1785941661218347255,-0.14046061038970947,-1.0
1785941661318233981,-0.14046061038970947,-1.0
1785941661418326476,-0.1944052278995514,-1.0
1785941661517924551,-0.17531819641590118,-1.0
1785941661617966419,-0.16216738522052765,-1.0
1785941661719881097,-0.16289417445659637,-1.0
1785941661817314096,-0.18433399498462677,-1.0
1785941661918719601,-0.16541996598243713,-1.0
1785941662018904963,-0.1663576364517212,-1.0
1785941662118632644,-0.2089499980211258,-1.0
1785941662218740339,-0.1824013888835907,-1.0
1785941662318175976,-0.18193870782852173,-1.0
1785941662420453547,-0.20880372822284698,-1.0
1785941662517693131,-0.18672415614128113,-1.0
1785941662620072274,-0.18672415614128113,-1.0
1785941662717577308,-0.18216566741466522,-1.0
1785941662820328562,-0.19880512356758118,-1.0
1785941662920369374,-0.16559644043445587,-1.0
1785941663020002491,-0.16538387537002563,-1.0
1785941663119744860,-0.1687120497226715,-1.0
1785941663218826339,-0.18269124627113342,-1.0
1785941663319242910,-0.18269124627113342,-1.0
1785941663418412105,-0.17332546412944794,-1.0
1785941663519007627,-0.16198153793811798,-1.0
1785941663617835944,-0.15377041697502136,-1.0
1785941663717414179,-0.1532692015171051,-1.0
1785941663818744738,-0.21207989752292633,-1.0
1785941663917712868,-0.2122015655040741,-1.0
1785941664020438393,-0.2122015655040741,-1.0
1785941664117676537,-0.18581131100654602,-1.0
1785941664218856178,-0.1823488175868988,-1.0
1785941664320815593,-0.18266162276268005,-1.0
1785941664419616037,-0.17023929953575134,-1.0
1785941664518869395,-0.19921189546585083,-1.0
1785941664756128911,-0.19921189546585083,-1.0
1785941664819184736,-0.19998808205127716,-1.0
1785941664918254695,-0.1680922955274582,-1.0
1785941665017757246,-0.1680922955274582,-1.0
1785941665117388027,-0.16393698751926422,-1.0
1785941665219944297,-0.19031429290771484,-1.0
1785941665323358008,-0.1890021711587906,-1.0
1785941665421069034,-0.19400852918624878,-1.0
1785941665527402987,-0.17663413286209106,-1.0
1785941665618757286,-0.17663413286209106,-1.0
1785941665720752639,-0.18251927196979523,-1.0
1785941665820155827,-0.20976503193378448,-1.0
1785941665919933525,-0.21062487363815308,-1.0
1785941666017386429,-0.1746668964624405,-1.0
1785941666121096344,-0.17970356345176697,-1.0
1785941666219014674,-0.17913790047168732,-1.0
1785941666322452258,-0.19296975433826447,-1.0
1785941666417664787,-0.14736397564411163,-1.0
1785941666517249710,-0.1779954582452774,-1.0
1785941666619658550,-0.17770865559577942,-1.0
1785941666718875331,-0.2085804045200348,-1.0
1785941666819817714,-0.17728614807128906,-1.0
1785941666920304304,-0.17719221115112305,-1.0
1785941667019876203,-0.17785944044589996,-1.0
1785941667119251741,-0.19218933582305908,-1.0
1785941667218728564,-0.19218933582305908,-1.0
1785941667319617217,-0.19704465568065643,-1.0
1785941667419170203,-0.17250798642635345,-1.0
1785941667517918101,-0.18910881876945496,-1.0
1785941667617624437,-0.18910881876945496,-1.0
1785941667717318580,-0.20805954933166504,-1.0
1785941667820675809,-0.20805954933166504,-1.0
1785941667918234157,-0.15978875756263733,-1.0
1785941668022918990,-0.18005086481571198,-1.0
1785941668119515349,-0.18080787360668182,-1.0
1785941668217295049,-0.17678794264793396,-1.0
1785941668317473659,-0.19545868039131165,-1.0
1785941668418438507,-0.19399026036262512,-1.0
1785941668523641248,-0.1892310082912445,-1.0
1785941668617772423,-0.2009369283914566,-1.0
1785941668721317756,-0.17440979182720184,-1.0
1785941668817741308,-0.17481820285320282,-1.0
1785941668919391431,-0.19128474593162537,-1.0
1785941669017902936,-0.19128474593162537,-1.0
1785941669118312851,-0.20154625177383423,-1.0
1785941669217386970,-0.16731606423854828,-1.0
1785941669319910887,-0.1848650574684143,-1.0
1785941669418946956,-0.1848650574684143,-1.0
1785941669518660876,-0.1911248117685318,-1.0
1785941669617377637,-0.19810080528259277,-1.0
1785941669719932595,-0.19810080528259277,-1.0
1785941669818433380,-0.191083163022995,-1.0
1785941669920938416,-0.19587470591068268,-1.0
1785941670017227179,-0.18965697288513184,-1.0
1785941670117763243,-0.18965697288513184,-1.0
1785941670232128067,-0.17273296415805817,-1.0
1785941670317500374,-0.1891932487487793,-1.0
1785941670417802829,-0.18812622129917145,-1.0
1785941670518357101,-0.19251298904418945,-1.0
1785941670621919619,-0.18505859375,-1.0
1785941670717878577,-0.18163472414016724,-1.0
1785941670822749529,-0.18163472414016724,-1.0
1785941670917548122,-0.19368422031402588,-1.0
1785941671018231199,-0.16803529858589172,-1.0
1785941671122831228,-0.16802822053432465,-1.0
1785941671225360362,-0.18397203087806702,-1.0
1785941671320111113,-0.183889701962471,-1.0
1785941671417427915,-0.18935509026050568,-1.0
1785941671525575347,-0.20040777325630188,-1.0
1785941671619511602,-0.19939109683036804,-1.0
1785941671717510703,-0.17219264805316925,-1.0
1785941671818815341,-0.18952623009681702,-1.0
1785941671918536813,-0.18926486372947693,-1.0
1785941672019699621,-0.1882079392671585,-1.0
1785941672122407353,-0.18816934525966644,-1.0
1785941672218316389,-0.18816934525966644,-1.0
1785941672334123830,-0.16743838787078857,-1.0
1785941672418770989,-0.18071244657039642,-1.0
1785941672519575895,-0.18071244657039642,-1.0
1785941672618248814,-0.18685460090637207,-1.0
1785941672718283866,-0.1625511199235916,-1.0
1785941672818515694,-0.18391083180904388,-1.0
1785941672917900705,-0.1840779185295105,-1.0
1785941673019614671,-0.1742413192987442,-1.0
1785941673117772562,-0.16328269243240356,-1.0
1785941673220413252,-0.16328269243240356,-1.0
1785941673317786505,-0.17971380054950714,-1.0
1785941673418980066,-0.18231526017189026,-1.0
1785941673517389519,-0.19249482452869415,-1.0
1785941673617460829,-0.19249482452869415,-1.0
1785941673717521738,-0.1676713228225708,-1.0
1785941673819371357,-0.20102150738239288,-1.0
1785941673918556104,-0.20050781965255737,-1.0
1785941674017684177,-0.16788189113140106,-1.0
1785941674118046634,-0.196798637509346,-1.0
1785941674217397980,-0.1665341556072235,-1.0
1785941674319026342,-0.1665341556072235,-1.0
1785941674417508950,-0.19209639728069305,-1.0
1785941674520356783,-0.1638234257698059,-1.0
1785941674617634064,-0.16285982728004456,-1.0
1785941674718517726,-0.17163702845573425,-1.0
1785941674819135777,-0.19601820409297943,-1.0
1785941674917596016,-0.19666756689548492,-1.0
1785941675017398323,-0.19609683752059937,-1.0
1785941675117905554,-0.15705962479114532,-1.0
1785941675219922251,-0.1680414080619812,-1.0
1785941675317145642,-0.1700507253408432,-1.0
1785941675418416230,-0.18365219235420227,-1.0
1785941675524776328,-0.19038547575473785,-1.0
1785941675619428355,-0.19041725993156433,-1.0
1785941675718388422,-0.18245214223861694,-1.0
1785941675818611161,-0.19593402743339539,-1.0
1785941675919511559,-0.19934315979480743,-1.0
1785941676017682187,-0.20005226135253906,-1.0
1785941676117402187,-0.16939064860343933,-1.0
1785941676217722114,-0.17517435550689697,-1.0
1785941676317996728,-0.17537762224674225,-1.0
1785941676418939271,-0.17848753929138184,-1.0
1785941676517335700,-0.15862558782100677,-1.0
1785941676619998182,-0.16453325748443604,-1.0
1785941676718887910,-0.1634431928396225,-1.0
1785941676817425816,-0.1727466732263565,-1.0
1785941676918569616,-0.17214936017990112,-1.0
1785941677019574498,-0.1733471006155014,-1.0
1785941677118052881,-0.15398818254470825,-1.0
1785941677228112003,-0.17890682816505432,-1.0
1785941677318451543,-0.17890682816505432,-1.0
1785941677421454262,-0.16288045048713684,-1.0
1785941677518339592,-0.2000703066587448,-1.0
1785941677618313202,-0.2002934217453003,-1.0
1785941677718552006,-0.17112140357494354,-1.0
1785941677826063125,-0.1825619339942932,-1.0
1785941677917957605,-0.18004238605499268,-1.0
1785941678020457905,-0.18004238605499268,-1.0
1785941678118172899,-0.1815548539161682,-1.0
1785941678227952298,-0.18199944496154785,-1.0
1785941678318483493,-0.16961129009723663,-1.0
1785941678422566446,-0.1925334334373474,-1.0
1785941678519368573,-0.1925334334373474,-1.0
1785941678618965112,-0.1604517549276352,-1.0
1785941678717373382,-0.20939762890338898,-1.0
1785941678817953639,-0.20939762890338898,-1.0
1785941678917268919,-0.18720322847366333,-1.0
1785941679019999852,-0.17857275903224945,-1.0
1785941679118238195,-0.1790386289358139,-1.0
1785941679219021532,-0.1911933422088623,-1.0
1785941679319875400,-0.18003389239311218,-1.0
1785941679417326928,-0.18015721440315247,-1.0
1785941679518689424,-0.19559498131275177,-1.0
1785941679618203880,-0.19255618751049042,-1.0
1785941679718989489,-0.20407700538635254,-1.0
1785941679818317282,-0.20483238995075226,-1.0
1785941679918080164,-0.18987494707107544,-1.0
1785941680017980363,-0.18147458136081696,-1.0
1785941680118110043,-0.18147458136081696,-1.0
1785941680217744664,-0.1742953211069107,-1.0
1785941680317671328,-0.19271612167358398,-1.0
1785941680419254408,-0.19287990033626556,-1.0
1785941680518230987,-0.1940489262342453,-1.0
1785941680618444542,-0.1905941218137741,-1.0
1785941680717738990,-0.18961451947689056,-1.0
1785941680819319798,-0.18961451947689056,-1.0
1785941680918059056,-0.20393270254135132,-1.0
1785941681018171263,-0.18797214329242706,-1.0
1785941681119959824,-0.1883534938097,-1.0
1785941681219398533,-0.19238440692424774,-1.0
1785941681320398199,-0.18013761937618256,-1.0
1785941681418323185,-0.17812751233577728,-1.0
1785941681519144828,-0.17812751233577728,-1.0
1785941681624997546,-0.1713092029094696,-1.0
1785941681719939792,-0.1667441874742508,-1.0
1785941681817302389,-0.16767731308937073,-1.0
1785941681917645005,-0.1543739289045334,-1.0
1785941682029448898,-0.1973295658826828,-1.0
1785941682118759886,-0.1862928569316864,-1.0
1785941682219325199,-0.18708840012550354,-1.0
1785941682322150376,-0.17747849225997925,-1.0
1785941682419739029,-0.1986011117696762,-1.0
1785941682518760474,-0.19855467975139618,-1.0
1785941682620471111,-0.1731569617986679,-1.0
1785941682717810411,-0.2282436639070511,-1.0
1785941682820014731,-0.2282436639070511,-1.0
1785941682920952763,-0.2023000866174698,-1.0
1785941683019716886,-0.20275205373764038,-1.0
1785941683123443761,-0.17660410702228546,-1.0
1785941683217959623,-0.17676815390586853,-1.0
1785941683318764113,-0.20920804142951965,-1.0
1785941683417903259,-0.18030844628810883,-1.0
1785941683517990345,-0.18030844628810883,-1.0
1785941683620337071,-0.20151495933532715,-1.0
1785941683726438631,-0.17204660177230835,-1.0
1785941683820009304,-0.17297221720218658,-1.0
1785941683922623849,-0.2055114507675171,-1.0
1785941684018410992,-0.17306192219257355,-1.0
1785941684118243860,-0.1719484180212021,-1.0
1785941684220003716,-0.1739293783903122,-1.0
1785941684318600696,-0.21402038633823395,-1.0
