t_ns,hitch_angle,hitch_rate
1785941064971173097,-0.0045166015625,0.0
1785941065104500034,-0.006308834534138441,0.0
1785941065253890379,-0.002957584336400032,0.0
1785941065381141464,-0.004070384427905083,0.0
1785941065526593415,-0.0025810678489506245,0.0
1785941065676589928,-0.005227517802268267,0.0
1785941065802579748,-0.0016103953821584582,0.0
1785941065951816454,-0.005871918052434921,0.0
1785941066077161225,-0.004091429524123669,0.0
1785941066221558064,-0.005654888693243265,0.0
1785941066374294875,-0.004426722414791584,0.0
1785941066500890831,-0.006816146429628134,0.0
1785941066648668153,-0.004726980347186327,0.0
1785941066774614739,-0.004167160950601101,0.0
1785941066923917752,-0.003832226851955056,0.0
1785941067075082566,-0.004982104990631342,0.0
1785941067201922019,-0.004823226016014814,0.0
1785941067349743023,-0.00529763987287879,0.0
1785941067480242778,-0.007637409958988428,0.0
1785941067631884538,-0.006186960730701685,0.0
1785941067822003088,-0.004322427790611982,0.0
1785941067958523781,-0.005621470510959625,0.0
1785941068158597086,-0.005637563299387693,0.0
1785941068304514432,-0.006530763115733862,0.0
1785941068459689961,-0.0048357415944337845,0.0
1785941068612696254,-0.00587107427418232,0.0
1785941068754086320,-0.0038092483300715685,0.0
1785941068909604583,-0.004649896640330553,0.0
1785941069040287065,-0.0034637313801795244,0.0
1785941069187355527,-0.005555822979658842,0.0
1785941069345544038,-0.004056315403431654,0.0
1785941069465197548,-0.001892063650302589,0.0
1785941069611574303,-0.0046554007567465305,0.0
1785941069738231189,-0.004967664368450642,0.0
1785941069883101871,-0.005120403598994017,0.0
1785941070032839205,-0.003592374501749873,0.0
1785941070163631227,-0.004493854008615017,0.0
1785941070312622004,-0.004415437579154968,0.0
1785941070442765586,-0.005211475770920515,0.0
1785941070591793772,-0.00197457242757082,0.0
1785941070742408101,-0.006423988379538059,0.0
1785941070871871432,-0.007277286611497402,0.0
1785941071024650580,-0.006675370037555695,0.0
1785941071153564194,-0.007921264506876469,0.0
1785941071303509568,-0.003654943546280265,0.0
1785941071456036386,-0.004282895475625992,0.0
1785941071581550316,-0.0067069861106574535,0.0
1785941071731456457,-0.005716415587812662,0.0
1785941071858232547,-0.005202688742429018,0.0
1785941072000184075,-0.0005478258826769888,0.0
1785941072149901600,-0.004306015558540821,0.0
1785941072276567959,-0.0038545154966413975,0.0
1785941072423676903,-0.005856866482645273,0.0
1785941072548673180,-0.004013889469206333,0.0
1785941072694590046,-0.004900229629129171,0.0
1785941072845714410,-0.007333400193601847,0.0
1785941072973333541,-0.007724829483777285,0.0
1785941073123067964,-0.00392813328653574,0.0
1785941073251956200,-0.006544507574290037,0.0
1785941073397870378,-0.004895420745015144,0.0
1785941073547040746,-0.0058945356868207455,0.0
1785941073674360154,-0.006351460702717304,0.0
1785941073821725812,-0.00653756083920598,0.0
1785941073947938584,-0.003742495086044073,0.0
1785941074090472855,-0.001267526182346046,0.0
1785941074238857017,-0.004425942897796631,0.0
1785941074366572088,-0.005792906973510981,0.0
1785941074513055215,-0.0071716271340847015,0.0
1785941074640265979,-0.003466333495453,0.0
1785941074782889437,-0.005850981455296278,0.0
1785941074933677852,-0.005769672803580761,0.0
1785941075061229109,-0.0037523647770285606,0.0
1785941075207230586,-0.004616792779415846,0.0
1785941075334337473,-0.004023853689432144,0.0
1785941075478502239,-0.00466197682544589,0.0
1785941075625496555,-0.0050979601219296455,0.0
1785941075752178433,-0.003940964117646217,0.0
1785941075904769382,-0.004565719049423933,0.0
1785941076038256454,-0.0069847567938268185,0.0
1785941076185505243,-0.005709412973374128,0.0
1785941076335847145,-0.005899949464946985,0.0
1785941076465986950,-0.00494544068351388,0.0
1785941076614294021,-0.00796934962272644,0.0
1785941076767023983,-0.0026359891053289175,0.0
1785941076898393308,-0.005989981349557638,0.0
1785941077047200206,-0.007727987132966518,0.0
1785941077175613512,-0.00584968039765954,0.0
1785941077323101127,-0.006127991713583469,0.0
1785941077476035577,-0.00339220417663455,0.0
1785941077603305639,-0.004295610822737217,0.0
1785941077755369944,-0.00315842148847878,0.0
1785941077908279785,-0.009189927950501442,0.0
1785941078064425656,-0.004442885518074036,0.0
1785941078222555060,-0.005892508663237095,0.0
1785941078348347368,0.20289717614650726,0.0
1785941078495162989,0.003100310917943716,0.0
1785941078625253960,-0.006568375043570995,0.0
1785941078785384114,-0.009170549921691418,0.0
1785941078917961710,-0.007068489212542772,0.0
1785941079068588775,-0.006650111172348261,0.0
1785941079219569485,-0.006729113403707743,0.0
1785941079352123592,-0.00500916363671422,0.0
1785941079500279393,-0.0045200493186712265,0.0
1785941079631325441,-0.008648575283586979,0.0
1785941079784884204,-0.005211905110627413,0.0
1785941079940642348,-0.00538677116855979,0.0
1785941080070832555,0.49265754222869873,0.0
1785941080225433502,-0.016713909804821014,0.0
1785941080378246603,1.010092854499817,0.0
1785941080528085637,-0.02041267417371273,0.0
1785941080683719297,1.0032912492752075,0.0
1785941080816052051,-0.015822332352399826,0.0
1785941080973731774,0.980872392654419,0.0
1785941081114847045,-0.01375532802194357,0.0
1785941081274619265,0.9781508445739746,0.0
1785941081429445820,-0.018912043422460556,0.0
1785941081559475189,0.9823727607727051,0.0
1785941081711285372,0.44639095664024353,0.0
1785941081903891315,-0.016383394598960876,0.0
1785941082035176956,-0.003596229711547494,0.0
1785941082224761790,-0.005809224676340818,0.0
1785941082359315078,-0.005912706721574068,0.0
1785941082504968638,-0.006915912497788668,0.0
1785941082627730557,0.02617110125720501,0.0
1785941082771826520,0.5899792909622192,0.0
1785941082944023350,-0.020139073953032494,0.0
1785941083087870696,-0.0035048476420342922,0.0
1785941083244230495,-0.008825837634503841,0.0
1785941083379044274,-0.0066988966427743435,0.0
1785941083529955829,-0.007531406823545694,0.0
1785941083684284894,-0.006314062979072332,0.0
1785941083820051573,-0.003129813354462385,0.0
1785941084038774114,-0.00430689100176096,0.0
1785941084178530901,-0.006700662896037102,0.0
1785941084332782522,-0.0075757778249681,0.0
1785941084491832698,-0.0054429033771157265,0.0
1785941084628146855,-0.006043255794793367,0.0
1785941084829824478,-0.006210037507116795,0.0
1785941084967775211,-0.006752661895006895,0.0
1785941085119136288,-0.005876072682440281,0.0
1785941085276694790,-0.00642377370968461,0.0
1785941085409081210,-0.003650371916592121,0.0
1785941085563449348,-0.006884017027914524,0.0
1785941085700949727,-0.004810283426195383,0.0
1785941085854401189,-0.004351525567471981,0.0
1785941086018771860,-0.007110076956450939,0.0
1785941086149641005,-0.0070814574137330055,0.0
1785941086305185957,-0.006653551943600178,0.0
1785941086439718189,-0.006027665920555592,0.0
1785941086590071003,-0.008285111747682095,0.0
1785941086748613767,-0.005177368875592947,0.0
1785941086880184796,-0.0036832040641456842,0.0
1785941087035470825,-0.004049206618219614,0.0
1785941087167063679,-0.006603892892599106,0.0
1785941087315976405,-0.004756247159093618,0.0
1785941087472828447,-0.007079788949340582,0.0
1785941087606646539,-0.006025753449648619,0.0
1785941087762757113,-0.006693692412227392,0.0
1785941087895425176,-0.007842067629098892,0.0
1785941088046791662,-0.003778387326747179,0.0
1785941088198760635,-0.00621945271268487,0.0
1785941088330637211,-0.005474389065057039,0.0
1785941088483462857,-0.006297861225903034,0.0
1785941088641713834,-0.004004254005849361,0.0
1785941088774926207,-0.0075289704836905,0.0
1785941088930741089,-0.004282248672097921,0.0
1785941089059745522,-0.007318088784813881,0.0
1785941089214401607,-0.004560763482004404,0.0
1785941089375139784,-0.004898842889815569,0.0
1785941089509069433,-0.006045249290764332,0.0
1785941089670036451,-0.008442043326795101,0.0
1785941089802509339,-0.008642949163913727,0.0
1785941089973505066,-0.004383943974971771,0.0
1785941090145799628,-0.004927771165966988,0.0
1785941090283124577,-0.00196164776571095,0.0
1785941090438659672,-0.007339381147176027,0.0
1785941090571135952,-0.0067800129763782024,0.0
1785941090766849151,-0.004322843626141548,0.0
1785941090932253398,-0.006722141522914171,0.0
1785941091071717021,-0.0063384538516402245,0.0
1785941091224334819,-0.005146957002580166,0.0
1785941091352747421,-0.005611108150333166,0.0
1785941091506995810,-0.005039384122937918,0.0
1785941091658156016,-0.006515496876090765,0.0
1785941091785847118,-0.0070992764085531235,0.0
1785941091934428599,-0.006466191727668047,0.0
1785941092064088994,-0.005879812873899937,0.0
1785941092213478314,-0.005417535547167063,0.0
1785941092367798899,-0.0066887685097754,0.0
1785941092493197048,-0.005054498557001352,0.0
1785941092641117543,-0.008296966552734375,0.0
1785941092771045468,-0.00732901506125927,0.0
1785941092918330163,-0.004408254288136959,0.0
1785941093069088049,-0.006547098979353905,0.0
1785941093197462314,-0.0035961491521447897,0.0
1785941093349956619,-0.003553300630301237,0.0
1785941093479141731,-0.005888212937861681,0.0
1785941093624308584,-0.007528504356741905,0.0
1785941093775049733,-0.0053097899071872234,0.0
1785941093901932164,-0.0046402993611991405,0.0
1785941094051064674,-0.005965033080428839,0.0
1785941094180431777,-0.004936251789331436,0.0
1785941094329982896,-0.0038047514390200377,0.0
1785941094482631416,-0.004700241144746542,0.0
1785941094609972648,-0.004726571962237358,0.0
1785941094758577458,-0.00794534757733345,0.0
1785941094886916778,-0.006166968960314989,0.0
1785941095034976959,-0.007951087318360806,0.0
1785941095185214696,-0.006081559229642153,0.0
1785941095313381273,-0.004135818220674992,0.0
1785941095462869573,-0.004545179661363363,0.0
1785941095590364348,-0.006485396530479193,0.0
1785941095736608554,-0.006327168550342321,0.0
1785941095889063210,-0.00404358608648181,0.0
1785941096018342406,-0.004271271638572216,0.0
1785941096170224943,-0.007260770071297884,0.0
1785941096301959562,-0.004468667320907116,0.0
1785941096461150704,-0.005092171486467123,0.0
1785941096622982523,-0.00602045888081193,0.0
1785941096759577523,-0.006062403321266174,0.0
1785941096916667015,-0.002721495693549514,0.0
1785941097047124945,-0.006161373108625412,0.0
1785941097234545022,-0.004782801028341055,0.0
1785941097397098342,-0.005093409679830074,0.0
1785941097571993613,-0.008531369268894196,0.0
1785941097741313563,-0.00514691649004817,0.0
1785941097881237108,-0.0024864820297807455,0.0
1785941098042627471,-0.006035591475665569,0.0
1785941098208511192,-0.0075336904264986515,0.0
1785941098351944089,-0.007794367615133524,0.0
1785941098516121120,-0.008801923133432865,0.0
1785941098654830250,-0.009066161699593067,0.0
1785941098813381847,-0.005392479710280895,0.0
1785941098973999283,-0.003981876187026501,0.0
1785941099105602281,-0.006248492281883955,0.0
1785941099260957818,-0.005200864747166634,0.0
1785941099391313087,-0.004336016718298197,0.0
1785941099542725558,-0.004418001044541597,0.0
1785941099698521304,-0.007834397256374359,0.0
1785941099830615649,-0.005291778594255447,0.0
1785941099992456013,-0.003013987559825182,0.0
1785941100126049392,-0.007183265872299671,0.0
1785941100278710296,-0.004380295518785715,0.0
1785941100445298780,-0.004740764852613211,0.0
1785941100575148366,-0.005996555555611849,0.0
1785941100726359582,-0.004272799473255873,0.0
1785941100852540609,-0.003965449519455433,0.0
1785941101001106378,-0.0065970709547400475,0.0
1785941101154295046,-0.00733846565708518,0.0
1785941101280705363,-0.007322461809962988,0.0
1785941101430361766,-0.00404176814481616,0.0
1785941101559681507,-0.006358336191624403,0.0
1785941101705074032,-0.004953221417963505,0.0
1785941101854949612,-0.008750597015023232,0.0
1785941101981956719,-0.0074930922128260136,0.0
1785941102149678464,-0.004399486351758242,0.0
1785941102283462059,-0.006561362650245428,0.0
1785941102441459874,-0.004207327030599117,0.0
1785941102601605132,-0.007929540239274502,0.0
1785941102734749022,-0.004961573984473944,0.0
1785941102887241247,-0.00883654784411192,0.0
1785941103025920424,-0.009398525580763817,0.0
1785941103172505539,-0.004508154932409525,0.0
1785941103327728943,-0.005842891987413168,0.0
1785941103457026283,-0.007126176729798317,0.0
1785941103613972121,-0.003671690821647644,0.0
1785941103743009516,-0.005034541245549917,0.0
1785941103883746980,-0.005685002543032169,0.0
1785941104071912559,-0.007908107712864876,0.0
1785941104204063738,-0.003711458295583725,0.0
1785941104389768485,-0.005522322840988636,0.0
1785941104526691209,-0.002387684304267168,0.0
1785941104682856537,-0.005623834673315287,0.0
1785941104841308257,-0.004153053276240826,0.0
1785941104982644177,-0.005614215973764658,0.0
1785941105138485077,-0.003287331433966756,0.0
1785941105274323439,-0.004390737973153591,0.0
1785941105427654705,-0.006435544695705175,0.0
1785941105581230300,-0.005151668097823858,0.0
1785941105709984707,-0.007263448555022478,0.0
1785941105860095752,-0.004375179763883352,0.0
1785941105990599571,-0.002909991890192032,0.0
1785941106139897368,-0.008610705845057964,0.0
1785941106298326976,-0.004731044173240662,0.0
1785941106427978634,-0.009801043197512627,0.0
1785941106581298156,-0.007517439313232899,0.0
1785941106713141931,-0.0038196067325770855,0.0
1785941106866947359,-0.0035650006029754877,0.0
1785941107019842512,-0.006077494937926531,0.0
1785941107148637369,-0.008911318145692348,0.0
1785941107299710563,-0.006292997393757105,0.0
1785941107428822264,-0.004326399881392717,0.0
1785941107577029235,-0.006365487817674875,0.0
1785941107704572427,-0.006320196203887463,0.0
1785941107854260704,-0.007377914618700743,0.0
1785941108008879187,-0.006492593325674534,0.0
1785941108138861002,-0.007282614707946777,0.0
1785941108298489921,-0.0054271942935884,0.0
1785941108435601229,-0.006278457585722208,0.0
1785941108588150480,-0.003458768595010042,0.0
1785941108750591443,-0.00475285854190588,0.0
1785941108885656208,-0.006772487424314022,0.0
1785941109044432453,-0.0062578762881457806,0.0
1785941109179468736,-0.006233958061784506,0.0
1785941109335608655,-0.003765777451917529,0.0
1785941109499955644,-0.00810595229268074,0.0
1785941109632005156,-0.00631539523601532,0.0
1785941109789720752,-0.005330231506377459,0.0
1785941109923154413,-0.004695331212133169,0.0
1785941110075355459,-0.008759750053286552,0.0
1785941110229991255,-0.006329611875116825,0.0
1785941110366754517,-0.005192730110138655,0.0
1785941110524596166,-0.0054048835299909115,0.0
1785941110662571924,-0.007326437160372734,0.0
1785941110817520532,-0.005122846458107233,0.0
1785941111028477011,-0.0024044255260378122,0.0
1785941111212001866,-0.004775767680257559,0.0
1785941111389069765,-0.006283747963607311,0.0
1785941111516375508,-0.005198643077164888,0.0
1785941111665765565,-0.003716037841513753,0.0
1785941111821664194,-0.006951853167265654,0.0
1785941111954259519,-0.0038959267549216747,0.0
1785941112108777519,-0.002975381910800934,0.0
1785941112238086892,-0.005942396819591522,0.0
1785941112383077705,-0.0056748478673398495,0.0
1785941112532145318,-0.0052147419191896915,0.0
1785941112657856183,-0.004812844563275576,0.0
1785941112804803681,-0.005576621741056442,0.0
1785941112930973796,-0.006785811390727758,0.0
1785941113075017789,-0.007938629016280174,0.0
1785941113223066545,-0.006547220516949892,0.0
1785941113354647591,-0.005443684756755829,0.0
1785941113501838682,-0.006080548278987408,0.0
1785941113634023974,-0.0063761449418962,0.0
1785941113780533311,-0.00886364746838808,0.0
1785941113931627754,-0.004177175462245941,0.0
1785941114057115955,-0.008345169946551323,0.0
1785941114214351628,-0.004450433887541294,0.0
1785941114344763252,-0.006335597485303879,0.0
1785941114498277565,-0.008655031211674213,0.0
1785941114659509009,-0.004614538978785276,0.0
1785941114795100834,-0.008647861890494823,0.0
1785941114959413774,-0.0051376610063016415,0.0
1785941115087779782,-0.005681341979652643,0.0
1785941115237170031,-0.008433167822659016,0.0
1785941115401099084,-0.0053103212267160416,0.0
1785941115529740847,-0.003992345649749041,0.0
1785941115681198280,-0.006042985711246729,0.0
1785941115809525695,-0.003953044768422842,0.0
1785941115969336252,-0.007152308244258165,0.0
1785941116123215347,-0.005816267803311348,0.0
1785941116262280363,-0.006848570890724659,0.0
1785941116412255627,-0.006895736325532198,0.0
1785941116547124095,-0.005696296691894531,0.0
1785941116694742435,-0.004524036310613155,0.0
1785941116846514312,-0.006979081779718399,0.0
1785941116977805906,-0.006500962655991316,0.0
1785941117124574293,-0.005056160036474466,0.0
1785941117258540615,-0.006239623297005892,0.0
1785941117409650227,-0.007584302220493555,0.0
1785941117593763295,-0.007396094035357237,0.0
1785941117761517201,-0.003861494129523635,0.0
1785941117937830287,-0.0019227819284424186,0.0
1785941118082646214,-0.005204528104513884,0.0
1785941118257185856,-0.006095606368035078,0.0
1785941118411205436,-0.008505631238222122,0.0
1785941118546641575,-0.006329843308776617,0.0
1785941118696255512,-0.00535243283957243,0.0
1785941118831717028,-0.005333039443939924,0.0
1785941118979400330,-0.0068276021629571915,0.0
1785941119129025180,-0.007428566925227642,0.0
1785941119257085065,-0.004722584970295429,0.0
1785941119404324894,-0.006256618071347475,0.0
1785941119537227270,-0.0057541560381650925,0.0
1785941119686070362,-0.00575232645496726,0.0
1785941119842815936,-0.005285264458507299,0.0
1785941119970108111,-0.0033587540965527296,0.0
1785941120115414169,-0.005826601292937994,0.0
1785941120268178405,-0.005655675195157528,0.0
1785941120396183919,-0.006642158608883619,0.0
1785941120545411153,-0.007848521694540977,0.0
1785941120674812402,-0.004563848488032818,0.0
1785941120819952117,-0.0059686582535505295,0.0
1785941120972119402,-0.005000909324735403,0.0
1785941121100580806,-0.004590041469782591,0.0
1785941121252331114,-0.0049535720609128475,0.0
1785941121379832673,-0.008773027919232845,0.0
1785941121530289331,-0.005822659935802221,0.0
1785941121689839878,-0.009086577221751213,0.0
1785941121828425195,-0.006920591462403536,0.0
1785941121981258522,-0.006403297185897827,0.0
1785941122110007873,-0.006201402749866247,0.0
1785941122260320046,-0.004108284134417772,0.0
1785941122412328700,-0.005540309473872185,0.0
1785941122540581456,-0.0067229620181024075,0.0
1785941122693364924,-0.004899635910987854,0.0
1785941122826860156,-0.00308978627435863,0.0
1785941122976451532,-0.008151687681674957,0.0
1785941123131716345,-0.004999328870326281,0.0
1785941123263631963,-0.006257534027099609,0.0
1785941123416799159,-0.007178658153861761,0.0
1785941123547120283,-0.007322980556637049,0.0
1785941123697146332,-0.005245203152298927,0.0
1785941123852818105,-0.006261341739445925,0.0
1785941123987745168,-0.006854862440377474,0.0
1785941124144905030,-0.007752252276986837,0.0
1785941124279243398,-0.005943366792052984,0.0
1785941124431954576,-0.005000485107302666,0.0
1785941124593938594,-0.00395955378189683,0.0
1785941124770608142,-0.005655089858919382,0.0
1785941124936173386,-0.004138993099331856,0.0
1785941125067439731,-0.008230349980294704,0.0
1785941125233285339,-0.0056550283916294575,0.0
1785941125410043530,-0.004829113837331533,0.0
1785941125550532857,-0.004445670638233423,0.0
1785941125711258234,-0.010049439035356045,0.0
1785941125848913659,-0.006245479919016361,0.0
1785941125998062139,-0.006732218898832798,0.0
1785941126152091383,-0.008493945002555847,0.0
1785941126280666392,-0.007168769836425781,0.0
1785941126428481539,-0.006163989193737507,0.0
1785941126566915619,-0.0045824502594769,0.0
1785941126720834235,-0.007586819119751453,0.0
1785941126884613747,-0.006948105525225401,0.0
1785941127017858984,-0.006424335762858391,0.0
1785941127174364453,-0.0034430520609021187,0.0
1785941127303854985,-0.005277892109006643,0.0
1785941127449815565,-0.006425986997783184,0.0
1785941127601522255,-0.0025002143811434507,0.0
1785941127729212910,-0.003216313198208809,0.0
1785941127881031765,-0.007235692348331213,0.0
1785941128019114950,-0.0037094864528626204,0.0
1785941128168923807,-0.005468802060931921,0.0
1785941128322876409,-0.007640911266207695,0.0
1785941128454572947,-0.004751285072416067,0.0
1785941128605237549,-0.004556572064757347,0.0
1785941128735766905,-0.005096279084682465,0.0
1785941128889050105,-0.005280058830976486,0.0
1785941129046149869,-0.00568049494177103,0.0
1785941129181720765,-0.004513431806117296,0.0
1785941129330069693,-0.006016246508806944,0.0
1785941129463689858,-0.006001839879900217,0.0
1785941129614901617,-0.0049388534389436245,0.0
1785941129767451925,-0.005067023914307356,0.0
1785941129898755999,-0.007921223528683186,0.0
1785941130051884153,-0.0042899674735963345,0.0
1785941130190468062,-0.007799006998538971,0.0
1785941130349511677,-0.0058013517409563065,0.0
1785941130508557565,-0.005737293511629105,0.0
1785941130638728955,-0.009186286479234695,0.0
1785941130789165901,-0.007802730891853571,0.0
1785941130922574377,-0.006562228314578533,0.0
1785941131083530675,-0.0044192844070494175,0.0
1785941131246514955,-0.004467715043574572,0.0
1785941131382056186,-0.007647914346307516,0.0
1785941131570379851,-0.005103173200041056,0.0
1785941131702441714,-0.006705881096422672,0.0
1785941131854448993,-0.004242821596562862,0.0
1785941132011342125,-0.008151760324835777,0.0
1785941132144991730,-0.005875697825103998,0.0
1785941132309275069,-0.004123713821172714,0.0
1785941132439863244,-0.0040056961588561535,0.0
1785941132595070070,-0.003854945534840226,0.0
1785941132748443930,-0.0046698665246367455,0.0
1785941132877482348,-0.005447192117571831,0.0
1785941133028213161,-0.0050882622599601746,0.0
1785941133156500094,-0.006173420697450638,0.0
1785941133318082912,-0.003979887347668409,0.0
1785941133485019186,-0.005405896343290806,0.0
1785941133627418667,-0.005565050523728132,0.0
1785941133786883035,-0.004938759375363588,0.0
1785941133925415614,-0.005413188599050045,0.0
1785941134081436841,-0.006864909082651138,0.0
1785941134236003578,-0.005664894822984934,0.0
1785941134364173803,-0.0036294469609856606,0.0
1785941134511184439,-0.0054497141391038895,0.0
1785941134639786329,-0.003899156581610441,0.0
1785941134786685537,-0.004155562724918127,0.0
1785941134936989965,-0.004545935429632664,0.0
1785941135064461762,-0.007512187119573355,0.0
1785941135211356042,-0.0052221957594156265,0.0
1785941135337047515,-0.004912568721920252,0.0
1785941135482469033,-0.0038674643728882074,0.0
1785941135632590958,-0.005969692021608353,0.0
1785941135762003759,-0.005067413207143545,0.0
1785941135910474740,-0.005310810171067715,0.0
1785941136040769528,-0.00449913227930665,0.0
1785941136185702931,-0.006431197747588158,0.0
1785941136333847436,-0.006769370287656784,0.0
1785941136461649870,-0.006666726898401976,0.0
1785941136611513801,-0.005714701488614082,0.0
1785941136739919843,-0.003336012363433838,0.0
1785941136885520729,-0.006225286982953548,0.0
1785941137036096367,-0.003838853444904089,0.0
1785941137165102400,-0.007982529699802399,0.0
1785941137311166120,-0.005762212909758091,0.0
1785941137438313393,-0.006988744717091322,0.0
1785941137587569812,-0.0065564848482608795,0.0
1785941137749368575,-0.005419920198619366,0.0
1785941137894579237,-0.005108685698360205,0.0
1785941138079742523,-0.006447635591030121,0.0
1785941138225167850,-0.0044076452031731606,0.0
1785941138402606420,-0.00776728056371212,0.0
1785941138553783778,-0.006032896693795919,0.0
1785941138688145027,-0.006294802762567997,0.0
1785941138840020684,-0.006373107898980379,0.0
1785941138973277282,-0.0027980823069810867,0.0
1785941139123285507,-0.006116327363997698,0.0
1785941139280559198,-0.006365505047142506,0.0
1785941139407259893,-0.005378479603677988,0.0
1785941139557181683,-0.008244963362812996,0.0
1785941139704914811,-0.006642722524702549,0.0
1785941139832273516,-0.008563765324652195,0.0
1785941139996650395,-0.007282712031155825,0.0
1785941140132751712,-0.005557335913181305,0.0
1785941140286278505,-0.007660218048840761,0.0
1785941140447170832,-0.004907883703708649,0.0
1785941140588955921,-0.007691836450248957,0.0
1785941140744872952,-0.007147082593291998,0.0
1785941140880925242,-0.0032552513293921947,0.0
1785941141030656016,-0.0071120718494057655,0.0
1785941141184538567,-0.00882364995777607,0.0
1785941141314298006,-0.004674544557929039,0.0
1785941141464056109,-0.005885445978492498,0.0
1785941141593598771,-0.004659026861190796,0.0
1785941141748322283,-0.006027452647686005,0.0
1785941141902362280,-0.006350357551127672,0.0
1785941142032814097,-0.007911856286227703,0.0
1785941142182154104,-0.005657604429870844,0.0
1785941142310098560,-0.005945927929133177,0.0
1785941142456925829,-0.008207941427826881,0.0
1785941142609298914,-0.0034710464533418417,0.0
1785941142737841953,-0.007314880378544331,0.0
1785941142888348469,-0.005968556273728609,0.0
1785941143018997574,-0.00527390418574214,0.0
1785941143170028814,-0.008252063766121864,0.0
1785941143318154406,-0.006680912338197231,0.0
1785941143446532223,-0.005645465571433306,0.0
1785941143595569466,-0.006211989559233189,0.0
1785941143721345741,-0.00327929574996233,0.0
1785941143872603550,-0.005830023903399706,0.0
1785941144020993408,-0.003696899628266692,0.0
1785941144150418722,-0.006397186778485775,0.0
1785941144298184139,-0.006246110890060663,0.0
1785941144427234974,-0.007584060542285442,0.0
1785941144574827937,-0.006710667163133621,0.0
1785941144730920046,-0.006342350505292416,0.0
1785941144865396468,-0.005211269482970238,0.0
1785941145038034755,-0.0056442636996507645,0.0
1785941145169004897,-0.005820498801767826,0.0
1785941145357763074,-0.007734164595603943,0.0
1785941145506312362,-0.006405023392289877,0.0
1785941145631510119,-0.004951246082782745,0.0
1785941145781210748,-0.00475132092833519,0.0
1785941145912891605,-0.005851102992892265,0.0
1785941146064752062,-0.004464419558644295,0.0
1785941146218709816,-0.00437815859913826,0.0
1785941146348705231,-0.004145087208598852,0.0
1785941146501272595,-0.006900141481310129,0.0
1785941146630371688,-0.007153639569878578,0.0
1785941146776651768,-0.0037675818894058466,0.0
1785941146926468561,-0.003340252209454775,0.0
1785941147056449640,-0.006526312790811062,0.0
1785941147205549766,-0.0065878815948963165,0.0
1785941147332833716,-0.005659184418618679,0.0
1785941147478215137,-0.0057543120346963406,0.0
1785941147630148844,-0.006657444406300783,0.0
1785941147757620866,-0.003963579423725605,0.0
1785941147908889172,-0.0034946196246892214,0.0
1785941148043925263,-0.004636295605450869,0.0
1785941148190938459,-0.004959374666213989,0.0
1785941148344243836,-0.0055147092789411545,0.0
1785941148472430926,-0.0029609466437250376,0.0
1785941148623237453,-0.007160475477576256,0.0
1785941148762903548,-0.006184759549796581,0.0
1785941148915853743,-0.004198299255222082,0.0
1785941149066812181,-0.00370388338342309,0.0
1785941149196387644,-0.00702437711879611,0.0
1785941149345969484,-0.0073460983112454414,0.0
1785941149473896948,-0.0010786426719278097,0.0
1785941149621286863,-0.0030104373581707478,0.0
1785941149771707263,-0.00822793785482645,0.0
1785941149902419155,-0.004074533935636282,0.0
1785941150053620386,-0.004314749967306852,0.0
1785941150181631468,-0.0047556255012750626,0.0
1785941150338673790,-0.004691272974014282,0.0
1785941150486978525,-0.005067214369773865,0.0
1785941150617734066,-0.005582335405051708,0.0
1785941150773048704,-0.007791808806359768,0.0
1785941150933144361,-0.00516605144366622,0.0
1785941151091162176,-0.003099133027717471,0.0
1785941151252497881,-0.006379809230566025,0.0
1785941151393870218,-0.007225304376333952,0.0
1785941151556051876,-0.005128948949277401,0.0
1785941151690091064,-0.007510446012020111,0.0
1785941151884484436,-0.006900643929839134,0.0
1785941152074733712,-0.004357058554887772,0.0
1785941152218603778,-0.006565016694366932,0.0
1785941152365386213,-0.004492757376283407,0.0
1785941152501637392,-0.006683786865323782,0.0
1785941152654597219,-0.006572081241756678,0.0
1785941152808812711,-0.00811819639056921,0.0
1785941152944763302,-0.005221156403422356,0.0
1785941153095364958,-0.006757207680493593,0.0
1785941153225820711,-0.00625562435016036,0.0
1785941153372803922,-0.005027385428547859,0.0
1785941153523162209,-0.007609379943460226,0.0
1785941153652485342,-0.0019862260669469833,0.0
1785941153801347250,-0.008411378599703312,0.0
1785941153928905707,-0.005007169675081968,0.0
1785941154078050923,-0.00558661762624979,0.0
1785941154229018192,-0.006883339025080204,0.0
1785941154356178522,-0.004322316963225603,0.0
1785941154502000376,-0.005959090776741505,0.0
1785941154627717386,-0.003907422069460154,0.0
1785941154774817977,-0.006092826835811138,0.0
1785941154921932554,-0.0074356310069561005,0.0
1785941155047956455,-0.004796938970685005,0.0
1785941155195691279,-0.00623404560610652,0.0
1785941155323787869,-0.005909488536417484,0.0
1785941155468066944,-0.006978918798267841,0.0
1785941155618712633,-0.008621187880635262,0.0
1785941155745248874,-0.007624924648553133,0.0
1785941155898061496,-0.0055199433118104935,0.0
1785941156030678517,-0.006224585697054863,0.0
1785941156181782721,-0.004996825009584427,0.0
1785941156333677162,-0.008779390715062618,0.0
1785941156462220714,-0.004888007417321205,0.0
1785941156614468641,-0.005724112503230572,0.0
1785941156741326783,-0.006464849226176739,0.0
1785941156887082491,-0.005899467971175909,0.0
1785941157037053818,-0.00460949307307601,0.0
1785941157166056363,-0.006247456651180983,0.0
1785941157312963507,-0.006818115245550871,0.0
1785941157440338565,-0.006704187486320734,0.0
1785941157588162897,-0.005777801852673292,0.0
1785941157741432464,-0.004448761232197285,0.0
1785941157867518832,-0.007617244962602854,0.0
1785941158014869962,-0.00813177041709423,0.0
1785941158146570947,-0.005395138636231422,0.0
1785941158318005508,-0.005810169503092766,0.0
1785941158479027152,-0.0064401873387396336,0.0
1785941158675574496,-0.005482952110469341,0.0
1785941158888743605,-0.007261468563228846,0.0
1785941159055006093,-0.006601590197533369,0.0
1785941159191569028,-0.008719961158931255,0.0
1785941159340828263,-0.0057667335495352745,0.0
1785941159473147385,-0.006567250471562147,0.0
1785941159624282246,-0.00728536257520318,0.0
1785941159784089539,-0.005729121621698141,0.0
1785941159914827447,-0.00505398353561759,0.0
1785941160065723354,-0.004457591101527214,0.0
1785941160194519331,-0.005981794558465481,0.0
1785941160372221175,-0.008665332570672035,0.0
1785941160536897426,-0.006068597547709942,0.0
1785941160667885168,-0.0068739112466573715,0.0
1785941160823159805,-0.008411364629864693,0.0
1785941160955105504,-0.00400181207805872,0.0
1785941161103213879,-0.007251205388456583,0.0
1785941161253610951,-0.006577433552592993,0.0
1785941161382218313,-0.007839991711080074,0.0
1785941161532031714,-0.0058538164012134075,0.0
1785941161660667493,-0.004783179145306349,0.0
1785941161808751002,-0.0036142957396805286,0.0
1785941161962388424,-0.005361371673643589,0.0
1785941162089784539,-0.00652400404214859,0.0
1785941162238802549,-0.00831178855150938,0.0
1785941162367787237,-0.005240580998361111,0.0
1785941162516442257,-0.0031022224575281143,0.0
1785941162669198589,-0.004130031447857618,0.0
1785941162797635128,-0.0068616182543337345,0.0
1785941162946604624,-0.00321901380084455,0.0
1785941163078288361,-0.005101123359054327,0.0
1785941163225189873,-0.007007482461631298,0.0
1785941163379285905,-0.005216888152062893,0.0
1785941163509358475,-0.005374939180910587,0.0
1785941163663157439,-0.005792011506855488,0.0
1785941163793477188,-0.007625239435583353,0.0
1785941163942620771,-0.005861022509634495,0.0
1785941164106331223,-0.006141860503703356,0.0
1785941164226508530,-0.005451285280287266,0.0
1785941164379138136,-0.008733835071325302,0.0
1785941164509276917,-0.005472746677696705,0.0
1785941164662666009,-0.0032270345836877823,0.0
1785941164817289069,-0.00785747542977333,0.0
1785941164948292556,-0.0033869727049022913,0.0
1785941165100738187,-0.006131988018751144,0.0
1785941165232209212,-0.005913279019296169,0.0
1785941165421933891,-0.008910057134926319,0.0
1785941165579320930,-0.004849985707551241,0.0
1785941165715150172,-0.005456104408949614,0.0
1785941165872100683,-0.005048055667430162,0.0
1785941166010299521,-0.006453322246670723,0.0
1785941166159493986,-0.006963597610592842,0.0
1785941166313163601,-0.005827026441693306,0.0
1785941166451099741,-0.006416238844394684,0.0
1785941166607726014,-0.0078463489189744,0.0
1785941166741539498,-0.0038691656664013863,0.0
1785941166889460218,-0.005434622522443533,0.0
1785941167040867729,-0.004227462690323591,0.0
1785941167169712476,-0.004857627674937248,0.0
1785941167316626372,-0.005422759801149368,0.0
1785941167445394924,-0.003063580486923456,0.0
1785941167592207409,-0.002720078220590949,0.0
1785941167748383009,-0.005818904377520084,0.0
1785941167875635406,-0.005611542146652937,0.0
1785941168024685385,-0.008764120750129223,0.0
1785941168153859329,-0.005799589678645134,0.0
1785941168297605359,-0.0024829397443681955,0.0
1785941168450334201,-0.003907814156264067,0.0
1785941168577967893,-0.008766509592533112,0.0
1785941168727734188,-0.003259697463363409,0.0
1785941168852657759,-0.005011991132050753,0.0
1785941168998840299,-0.006073259748518467,0.0
1785941169150334085,-0.007514242548495531,0.0
1785941169277863709,-0.00681647565215826,0.0
1785941169425897873,-0.0068026352673769,0.0
1785941169555110570,-0.0025511153507977724,0.0
1785941169705130252,-0.005018562078475952,0.0
1785941169856949811,-0.004462813027203083,0.0
1785941169985779421,-0.006339740939438343,0.0
1785941170135223144,-0.005334579385817051,0.0
1785941170265133020,-0.005140913650393486,0.0
1785941170410136538,-0.00803318154066801,0.0
1785941170560570700,-0.008143797516822815,0.0
1785941170690519201,-0.008464854210615158,0.0
1785941170840950066,-0.005085925105959177,0.0
1785941170971160594,-0.006622157525271177,0.0
1785941171113601069,-0.008356543257832527,0.0
1785941171264972707,-0.004001632798463106,0.0
1785941171394071288,-0.005082960240542889,0.0
1785941171542438873,-0.008923494257032871,0.0
1785941171670613897,-0.006520490627735853,0.0
1785941171821367271,-0.0025481097400188446,0.0
1785941171978452347,-0.003959991969168186,0.0
1785941172105527713,-0.006441846489906311,0.0
1785941172277407283,-0.004649591166526079,0.0
1785941172409666434,-0.00452034454792738,0.0
1785941172583244406,-0.005370932165533304,0.0
1785941172739670000,-0.006734979338943958,0.0
1785941172868116811,-0.008550821803510189,0.0
1785941173028369530,-0.005276620388031006,0.0
1785941173171909535,-0.007023783400654793,0.0
1785941173358343782,-0.006231267005205154,0.0
1785941173526713456,-0.006701495964080095,0.0
1785941173677831964,-0.006356877740472555,0.0
1785941173837507860,-0.005333567038178444,0.0
1785941173982903170,-0.0065808482468128204,0.0
1785941174150987840,-0.003974208142608404,0.0
1785941174307712134,-0.005928447470068932,0.0
1785941174442423988,-0.004754633642733097,0.0
1785941174588603936,-0.007987910881638527,0.0
1785941174723521431,-0.003836260410025716,0.0
1785941174920857157,-0.005626100115478039,0.0
1785941175121648058,-0.006695708725601435,0.0
1785941175275861854,-0.005706615746021271,0.0
1785941175426386515,-0.007244810461997986,0.0
1785941175556613459,-0.006584127899259329,0.0
1785941175703866185,-0.007242817431688309,0.0
1785941175868339163,-0.004269392695277929,0.0
1785941176004094067,-0.004806505981832743,0.0
1785941176159348063,-0.006859697867184877,0.0
1785941176290381471,-0.006754620000720024,0.0
1785941176482562661,-0.00751980347558856,0.0
1785941176702433054,-0.005235330201685429,0.0
1785941176879024007,-0.0063215889967978,0.0
1785941177048158287,-0.0074962531216442585,0.0
1785941177180973012,-0.007798958569765091,0.0
1785941177342765342,-0.007951383478939533,0.0
1785941177504550280,-0.006052630487829447,0.0
1785941177642822561,-0.005795018281787634,0.0
1785941177809361859,-0.005719945766031742,0.0
1785941177985620031,-0.005268950015306473,0.0
1785941178147514222,-0.00641466723755002,0.0
1785941178340179111,-0.00712220836430788,0.0
1785941178470831320,-0.004530719481408596,0.0
1785941178621047232,-0.00447571836411953,0.0
1785941178775826746,-0.004031477961689234,0.0
1785941178908858792,-0.007054023444652557,0.0
1785941179092104179,-0.007059682626277208,0.0
1785941179291074369,-0.005848657339811325,0.0
1785941179480058539,-0.0063101425766944885,0.0
1785941179692221497,-0.007724438328295946,0.0
1785941179854049189,-0.008067185059189796,0.0
1785941180053121142,-0.004461826756596565,0.0
1785941180190993632,-0.005739680025726557,0.0
1785941180358106233,-0.004071847070008516,0.0
1785941180520337268,-0.00653344951570034,0.0
1785941180650614647,-0.005278029013425112,0.0
1785941180824367313,-0.0048214527778327465,0.0
1785941180958137787,-0.004074969794601202,0.0
1785941181115702338,-0.0073213898576796055,0.0
1785941181324662771,-0.005837955977767706,0.0
1785941181478762323,-0.006301075220108032,0.0
1785941181664169010,-0.0079934261739254,0.0
1785941181799635486,-0.0051658847369253635,0.0
1785941181956652527,-0.00841809157282114,0.0
1785941182130361224,-0.004503353498876095,0.0
1785941182273472989,-0.007915809750556946,0.0
1785941182438420865,-0.004007972776889801,0.0
1785941182582973102,-0.006154854781925678,0.0
1785941182757126617,-0.006517771631479263,0.0
1785941182930216089,-0.006755630020052195,0.0
1785941183089303675,-0.007833273150026798,0.0
1785941183248717193,-0.004126157611608505,0.0
1785941183379376954,-0.004707698710262775,0.0
1785941183528015173,-0.006078468170017004,0.0
1785941183692970986,-0.00407536793500185,0.0
1785941183829811596,-0.008003244176506996,0.0
1785941183984897650,-0.008930622600018978,0.0
1785941184125366848,-0.007087142672389746,0.0
1785941184288027180,-0.0061828987672924995,0.0
1785941184459240292,-0.0058860513381659985,0.0
1785941184644068749,-0.0056120106019079685,0.0
1785941184803248466,-0.004505815450102091,0.0
1785941184936237021,-0.005454835016280413,0.0
1785941185092759099,-0.005829090718179941,0.0
1785941185256051743,-0.006377258338034153,0.0
1785941185399327707,-0.006056203506886959,0.0
1785941185583411655,-0.007852080278098583,0.0
1785941185732507140,-0.009203574620187283,0.0
1785941185881827690,-0.004514489322900772,0.0
1785941186049571835,-0.00907820649445057,0.0
1785941186183987774,-0.004888324066996574,0.0
1785941186340969102,-0.003934756852686405,0.0
1785941186510514885,-0.002644247841089964,0.0
1785941186686940904,-0.006018262356519699,0.0
1785941186844324135,-0.00589442765340209,0.0
1785941186975391336,-0.005105463322252035,0.0
1785941187130803738,-0.00521529745310545,0.0
1785941187262667130,-0.004582116845995188,0.0
1785941187421037792,-0.006049829069525003,0.0
1785941187576610073,-0.004701549652963877,0.0
1785941187708782117,-0.0063362158834934235,0.0
1785941187861617619,-0.004927757661789656,0.0
1785941187997757817,-0.005284573882818222,0.0
1785941188140516065,-0.005738826468586922,0.0
1785941188294727140,-0.008174963295459747,0.0
1785941188432476457,-0.005349463317543268,0.0
1785941188587915133,-0.005427021067589521,0.0
1785941188734337426,-0.005501295905560255,0.0
1785941188890174005,-0.007049271371215582,0.0
1785941189050301631,-0.008646129630506039,0.0
1785941189181315806,-0.005793496035039425,0.0
1785941189333107204,-0.005790831055492163,0.0
1785941189458792244,-0.007485210429877043,0.0
1785941189604791353,-0.0055488538928329945,0.0
1785941189756688355,-0.0065376851707696915,0.0
1785941189884484421,-0.005982598289847374,0.0
1785941190032603229,-0.005217313300818205,0.0
1785941190161745523,-0.005235202144831419,0.0
1785941190309446266,-0.005742416717112064,0.0
1785941190460841425,-0.004199927672743797,0.0
1785941190588100222,-0.007210683077573776,0.0
1785941190747316708,-0.007704923395067453,0.0
1785941190865837310,-0.0036866210866719484,0.0
1785941191011015523,-0.006367973517626524,0.0
1785941191159951802,-0.007026349660009146,0.0
1785941191289628774,-0.0036240227054804564,0.0
1785941191440654190,-0.003786790417507291,0.0
1785941191569546299,-0.004375858698040247,0.0
1785941191715763944,-0.005973585415631533,0.0
1785941191873763551,-0.006444553378969431,0.0
1785941192005923787,-0.006060298066586256,0.0
1785941192155391254,-0.004947558045387268,0.0
1785941192285190118,-0.00480406591668725,0.0
1785941192434680275,-0.005660375114530325,0.0
1785941192590387761,-0.007446927484124899,0.0
1785941192722558493,-0.006427600048482418,0.0
1785941192876418003,-0.007353758905082941,0.0
1785941193005728208,-0.005419006571173668,0.0
1785941193156978465,-0.0059235235676169395,0.0
1785941193321491797,-0.004382370505481958,0.0
1785941193465989024,-0.006302055902779102,0.0
1785941193618929234,-0.003992501646280289,0.0
1785941193748670496,-0.004786339588463306,0.0
1785941193893472695,-0.004614580888301134,0.0
1785941194049586660,-0.00551695516332984,0.0
1785941194183106725,-0.005060095805674791,0.0
1785941194336286657,-0.0044089932925999165,0.0
1785941194466998260,-0.004654800519347191,0.0
1785941194611239285,-0.00676722452044487,0.0
1785941194762418787,-0.00844879075884819,0.0
1785941194891685182,-0.008072050288319588,0.0
1785941195041346833,-0.0076158372685313225,0.0
1785941195169985204,-0.0038821245543658733,0.0
1785941195316981632,-0.006526794750243425,0.0
1785941195467166920,-0.006459984462708235,0.0
1785941195596167033,-0.003924193792045116,0.0
1785941195743250952,-0.0068930936977267265,0.0
1785941195872932691,-0.006295627914369106,0.0
1785941196026333432,-0.004976806230843067,0.0
1785941196173806326,-0.008958255872130394,0.0
1785941196303652392,-0.006019430235028267,0.0
1785941196450833978,-0.005720055196434259,0.0
1785941196579814123,-0.005077890120446682,0.0
1785941196726673041,-0.006644280161708593,0.0
1785941196877712954,-0.0054430547170341015,0.0
1785941197004955879,-0.002522976603358984,0.0
1785941197151506209,-0.006678462959825993,0.0
1785941197276840004,-0.004479277413338423,0.0
1785941197422272339,-0.004624956287443638,0.0
1785941197578250619,-0.0027806218713521957,0.0
1785941197709775630,-0.003145718714222312,0.0
1785941197862558202,-0.006849267985671759,0.0
1785941197992159907,-0.006530025973916054,0.0
1785941198140827567,-0.005369627848267555,0.0
1785941198301380009,-0.006433572620153427,0.0
1785941198434569917,-0.006402770522981882,0.0
1785941198595081846,-0.007113935891538858,0.0
1785941198760466699,-0.007364614401012659,0.0
1785941198891735924,-0.005069272592663765,0.0
1785941199047029890,-0.007210845593363047,0.0
1785941199197296045,-0.00908639281988144,0.0
1785941199364539115,-0.005359473638236523,0.0
1785941199521734019,-0.008249308913946152,0.0
1785941199668597097,-0.007272660732269287,0.0
1785941199831172594,-0.007127946242690086,0.0
1785941199970695483,-0.006347335409373045,0.0
1785941200198461351,-0.006314944475889206,0.0
1785941200404486791,-0.0042930785566568375,0.0
1785941200563791729,-0.003807958448305726,0.0
1785941200722413824,-0.006714445538818836,0.0
1785941200859636240,-0.004415309522300959,0.0
1785941201017126835,-0.006098255980759859,0.0
1785941201189025414,-0.005257114302366972,0.0
1785941201347091968,-0.005169909447431564,0.0
1785941201526684797,-0.0037473721895366907,0.0
1785941201662437076,-0.008423506282269955,0.0
1785941201881708886,-0.004570581018924713,0.0
1785941202079371697,-0.004161680117249489,0.0
1785941202217511269,-0.004613114055246115,0.0
1785941202372769746,-0.007460292428731918,0.0
1785941202506490810,-0.008744397200644016,0.0
1785941202660029540,-0.004000129643827677,0.0
1785941202833011745,-0.00667457515373826,0.0
1785941202974529272,-0.005344953387975693,0.0
1785941203135383389,-0.0039687082171440125,0.0
1785941203269321422,-0.004893151111900806,0.0
1785941203422811094,-0.006121535785496235,0.0
1785941203612716996,-0.0062812212854623795,0.0
1785941203752023941,-0.006766930688172579,0.0
1785941203912025738,-0.0042388178408145905,0.0
1785941204050319715,-0.007614834699779749,0.0
1785941204206445842,-0.006070008967071772,0.0
1785941204369608401,-0.004826124291867018,0.0
1785941204507496635,-0.005976176355034113,0.0
1785941204669664020,-0.005141028203070164,0.0
1785941204806927782,-0.007819289341568947,0.0
1785941204962249013,-0.005957628600299358,0.0
1785941205131181012,-0.00519492058083415,0.0
1785941205282960922,-0.009039565920829773,0.0
1785941205432641326,-0.006034158170223236,0.0
1785941205561939850,-0.006513193249702454,0.0
1785941205715494453,-0.007337477989494801,0.0
1785941205905313407,-0.010037754662334919,0.0
1785941206058185487,-0.0061839125119149685,0.0
1785941206217575356,-0.005637592636048794,0.0
1785941206347522258,-0.006141583900898695,0.0
1785941206498992459,-0.005511966999620199,0.0
1785941206655463143,-0.0064221834763884544,0.0
1785941206789575102,-0.0059946454130113125,0.0
1785941206944664004,-0.009451495483517647,0.0
1785941207078812349,-0.005446328315883875,0.0
1785941207254246041,-0.00622937036678195,0.0
1785941207408474398,-0.005556331016123295,0.0
1785941207541685298,-0.006663961801677942,0.0
1785941207692444240,-0.005575083661824465,0.0
1785941207825867468,-0.004482473712414503,0.0
1785941207984610080,-0.00875877682119608,0.0
1785941208146813659,-0.006416110321879387,0.0
1785941208278404784,-0.005326343700289726,0.0
1785941208425708488,-0.007848875597119331,0.0
1785941208556488126,-0.007628010585904121,0.0
1785941208704809917,-0.005339417140930891,0.0
1785941208855632413,-0.0060437642969191074,0.0
1785941208984015606,-0.00807981751859188,0.0
1785941209134287841,-0.004305641166865826,0.0
1785941209263200111,-0.0030457081738859415,0.0
1785941209411580720,-0.006950731389224529,0.0
1785941209561928318,-0.006022125016897917,0.0
1785941209691352480,-0.005612049717456102,0.0
1785941209839241070,-0.005460042040795088,0.0
1785941209966702787,-0.006207584403455257,0.0
1785941210114173921,-0.0069551910273730755,0.0
1785941210264790202,-0.0015590126859024167,0.0
1785941210390290915,-0.005409619305282831,0.0
1785941210537746464,-0.006121805869042873,0.0
1785941210668211786,-0.005219662562012672,0.0
1785941210820628296,-0.00587255647405982,0.0
1785941210974882862,-0.007191949058324099,0.0
1785941211102614958,-0.004267778713256121,0.0
1785941211249535638,-0.005680288188159466,0.0
1785941211379395241,-0.003952328581362963,0.0
1785941211528225596,-0.005181902553886175,0.0
1785941211680516277,-0.004113130271434784,0.0
1785941211808525983,-0.0072063845582306385,0.0
1785941211964194268,-0.0065598636865615845,0.0
1785941212094176499,-0.004402519203722477,0.0
1785941212243513114,-0.0065572988241910934,0.0
1785941212399138900,-0.006656477693468332,0.0
1785941212529605566,-0.00606613140553236,0.0
1785941212681108729,-0.006025783251971006,0.0
1785941212809932995,-0.00614623399451375,0.0
1785941212957807409,-0.004551826976239681,0.0
1785941213108842618,-0.005989858414977789,0.0
1785941213241184716,-0.00913460087031126,0.0
1785941213393761041,-0.004451340064406395,0.0
1785941213524057460,-0.009079172275960445,0.0
1785941213678318042,-0.00636464636772871,0.0
1785941213861789934,-0.006683481391519308,0.0
1785941214074872032,-0.005716121755540371,0.0
1785941214229724956,-0.003409283934161067,0.0
1785941214358938358,-0.004710754379630089,0.0
1785941214506650813,-0.007746376097202301,0.0
1785941214668782997,-0.007928424514830112,0.0
1785941214810729244,-0.007092186715453863,0.0
1785941214963181084,-0.0062558590434491634,0.0
1785941215090292995,-0.005208028480410576,0.0
1785941215241543508,-0.007671670988202095,0.0
1785941215391832544,-0.00847853347659111,0.0
1785941215523676159,-0.006157512776553631,0.0
1785941215673365236,-0.004555290564894676,0.0
1785941215813330222,-0.0031803275924175978,0.0
1785941215966840887,-0.007839404046535492,0.0
1785941216119347609,-0.007208573166280985,0.0
1785941216251119541,-0.007085304707288742,0.0
1785941216404698401,-0.006794448010623455,0.0
1785941216536115151,-0.007620989345014095,0.0
1785941216693295174,-0.009038628078997135,0.0
1785941216859902028,-0.005880748387426138,0.0
1785941216999195724,-0.0036651582922786474,0.0
1785941217160974390,-0.007655310910195112,0.0
1785941217297162238,-0.007565739564597607,0.0
1785941217459229971,-0.008208852261304855,0.0
1785941217620026423,-0.004231051076203585,0.0
1785941217751056918,-0.002161395736038685,0.0
1785941217902090687,-0.004044570494443178,0.0
1785941218033264292,-0.004242543131113052,0.0
1785941218183449868,-0.006548120640218258,0.0
1785941218339661949,-0.006433964241296053,0.0
1785941218476990258,-0.006059127394109964,0.0
1785941218636924404,-0.006737548857927322,0.0
1785941218795288633,-0.00540207652375102,0.0
1785941218930268498,-0.0033433244097977877,0.0
1785941219090353434,-0.0054457951337099075,0.0
1785941219225814694,-0.00835445523262024,0.0
1785941219382607918,-0.006563414819538593,0.0
1785941219542034204,-0.0057875020429492,0.0
1785941219673476460,-0.005178367719054222,0.0
1785941219830319286,-0.006677826400846243,0.0
1785941219965109064,-0.006175172049552202,0.0
1785941220125471643,-0.008056571707129478,0.0
1785941220293482582,-0.005903951358050108,0.0
1785941220431455652,-0.0045926556922495365,0.0
1785941220611390094,-0.006201210431754589,0.0
1785941220771385043,-0.0036089280620217323,0.0
1785941220947265696,-0.004544191528111696,0.0
1785941221113764193,-0.006708356086164713,0.0
1785941221253829120,-0.006399103906005621,0.0
1785941221410958389,-0.005733529571443796,0.0
1785941221547102331,-0.0042553190141916275,0.0
1785941221698780605,-0.005337916314601898,0.0
1785941221852169505,-0.007636003661900759,0.0
1785941221983246850,-0.006614565849304199,0.0
1785941222136162164,-0.00582030788064003,0.0
1785941222265086146,-0.006024086847901344,0.0
1785941222414232065,-0.005751118995249271,0.0
1785941222564028666,-0.007957503199577332,0.0
1785941222693188241,-0.005667817313224077,0.0
1785941222841193124,-0.008309583179652691,0.0
1785941222968789918,-0.00418719882145524,0.0
1785941223116936279,-0.00465925270691514,0.0
1785941223268845473,-0.006677293684333563,0.0
1785941223397994072,-0.0053153568878769875,0.0
1785941223549027456,-0.007253067567944527,0.0
1785941223677184688,-0.003824828192591667,0.0
1785941223825854173,-0.00576200895011425,0.0
1785941223979677490,-0.006679635029286146,0.0
1785941224108701220,-0.007005336694419384,0.0
1785941224256656533,-0.004953316412866116,0.0
1785941224383485841,-0.005072092171758413,0.0
1785941224546410024,-0.004012192599475384,0.0
1785941224686430821,-0.004099116660654545,0.0
1785941224816418428,-0.00677375216037035,0.0
1785941224965171980,-0.006729454267770052,0.0
1785941225096769282,-0.006512993015348911,0.0
1785941225249823993,-0.0036446978338062763,0.0
1785941225402755243,-0.008426127955317497,0.0
1785941225530576718,-0.006967251654714346,0.0
1785941225679787024,-0.005945463199168444,0.0
1785941225808328143,-0.005216778255999088,0.0
1785941225953973062,-0.006552370730787516,0.0
1785941226106105273,-0.00783974677324295,0.0
1785941226239111334,-0.004157454241067171,0.0
1785941226386224918,-0.00501503748819232,0.0
1785941226515315690,-0.006833314895629883,0.0
1785941226665733371,-0.00617466913536191,0.0
1785941226816726946,-0.004387294873595238,0.0
1785941226947384019,-0.008318472653627396,0.0
1785941227099995737,-0.006417100317776203,0.0
1785941227232563413,-0.007115612737834454,0.0
1785941227410481329,-0.005576329305768013,0.0
1785941227594240592,-0.008164913393557072,0.0
1785941227751671921,-0.006061871536076069,0.0
1785941227913015754,-0.007009729277342558,0.0
1785941228049135055,-0.006561719812452793,0.0
1785941228200717293,-0.006089260336011648,0.0
1785941228369233660,-0.0031341121066361666,0.0
1785941228511682520,-0.006019508931785822,0.0
1785941228674399302,-0.005611369851976633,0.0
1785941228802917220,-0.006666513625532389,0.0
1785941228951706965,-0.005443562753498554,0.0
1785941229103564830,-0.006648052483797073,0.0
1785941229232939293,-0.0043469681404531,0.0
1785941229385390557,-0.004281419795006514,0.0
1785941229514981029,-0.003044934244826436,0.0
1785941229662542886,-0.004530774429440498,0.0
1785941229812729774,-0.004395687952637672,0.0
1785941229938282937,-0.004546807147562504,0.0
1785941230084959576,-0.0074662938714027405,0.0
1785941230212544530,-0.004911265801638365,0.0
1785941230360741581,-0.005132979713380337,0.0
1785941230511176030,-0.00802857056260109,0.0
1785941230641143349,-0.004582923837006092,0.0
1785941230790335638,-0.004733224865049124,0.0
1785941230919744598,-0.006009702105075121,0.0
1785941231066043175,-0.004703033249825239,0.0
1785941231217746473,-0.004662444349378347,0.0
1785941231345422055,-0.004887714050710201,0.0
1785941231493479548,-0.0037548732943832874,0.0
1785941231619662368,-0.006501158233731985,0.0
1785941231769566044,-0.007566950749605894,0.0
1785941231922402475,-0.007561841513961554,0.0
1785941232047116693,-0.006480291485786438,0.0
1785941232193928538,-0.004875348415225744,0.0
1785941232321682042,-0.004823104478418827,0.0
1785941232471657402,-0.005144545342773199,0.0
1785941232626799106,-0.00185499619692564,0.0
1785941232755788082,-0.005133908707648516,0.0
1785941232906973377,-0.004776370711624622,0.0
1785941233034060711,-0.005617916584014893,0.0
1785941233176660744,-0.006531779188662767,0.0
1785941233324950790,-0.006440566852688789,0.0
1785941233450450479,-0.008226938545703888,0.0
1785941233605500852,-0.0014577530091628432,0.0
1785941233736286762,-0.007893456146121025,0.0
1785941233890131520,-0.004907150287181139,0.0
1785941234065382389,-0.008058014325797558,0.0
1785941234225210707,-0.006539660971611738,0.0
1785941234374664414,-0.0024312082678079605,0.0
1785941234510470583,-0.008080272004008293,0.0
1785941234709785682,-0.00399252912029624,0.0
1785941234865302473,-0.006307962350547314,0.0
1785941234996177890,-0.003970517311245203,0.0
1785941235148482332,-0.004660900682210922,0.0
1785941235283293615,-0.00694773904979229,0.0
1785941235436364615,-0.005932621657848358,0.0
1785941235595675920,-0.006735763978213072,0.0
1785941235726996187,-0.004864559508860111,0.0
1785941235879485501,-0.005991978570818901,0.0
1785941236016060628,-0.008096220903098583,0.0
1785941236165002411,-0.005848174914717674,0.0
1785941236326567596,-0.007610446773469448,0.0
1785941236455759461,-0.00457384716719389,0.0
1785941236605512219,-0.006112917326390743,0.0
1785941236735762141,-0.0076637607999145985,0.0
1785941236887976691,-0.0037159041967242956,0.0
1785941237038068119,-0.00714929448440671,0.0
1785941237167241711,-0.004670120310038328,0.0
1785941237315182943,-0.0046826438046991825,0.0
1785941237443719134,-0.005598702933639288,0.0
1785941237587473580,-0.006363365333527327,0.0
1785941237738302253,-0.0061909714713692665,0.0
1785941237866436604,-0.006581855472177267,0.0
1785941238013707282,-0.005748628173023462,0.0
1785941238169604696,-0.006943680811673403,0.0
1785941238299362374,-0.0031072006095200777,0.0
1785941238449311748,-0.007765699177980423,0.0
1785941238576704151,-0.006336208898574114,0.0
1785941238724215735,-0.009063683450222015,0.0
1785941238877288334,-0.008325504139065742,0.0
1785941239007024348,-0.004852002486586571,0.0
1785941239159268083,-0.003422217909246683,0.0
1785941239289047811,-0.004236518405377865,0.0
1785941239448178982,-0.0044939471408724785,0.0
1785941239605833039,-0.005755139980465174,0.0
1785941239737220253,-0.00584001000970602,0.0
1785941239888487822,-0.006040128413587809,0.0
1785941240015705690,-0.004483942408114672,0.0
1785941240167603300,-0.005685667973011732,0.0
1785941240320502037,-0.005257028620690107,0.0
1785941240450169152,-0.005582678131759167,0.0
1785941240651896729,-0.00800256710499525,0.0
1785941240845686077,-0.003076234832406044,0.0
1785941241002765105,-0.004788666032254696,0.0
1785941241208211962,-0.006102879997342825,0.0
1785941241345017818,-0.006725476589053869,0.0
1785941241529948135,-0.005069951061159372,0.0
1785941241666615969,-0.008908933028578758,0.0
1785941241820203085,-0.00643156049773097,0.0
1785941241972250813,-0.004146163817495108,0.0
1785941242103017970,-0.005879341624677181,0.0
1785941242256169229,-0.006211942061781883,0.0
1785941242384419393,-0.0032709829974919558,0.0
1785941242531356522,-0.006575453095138073,0.0
1785941242682428020,-0.005689509212970734,0.0
1785941242810472768,-0.005298282485455275,0.0
1785941242966167230,-0.009062805213034153,0.0
1785941243095373719,-0.008064604364335537,0.0
1785941243245043850,-0.0060849878937006,0.0
1785941243372248310,-0.006312266457825899,0.0
1785941243518027058,-0.006492860149592161,0.0
1785941243671324690,-0.00257545686326921,0.0
1785941243799447169,-0.005128015764057636,0.0
1785941243954281469,-0.008430765941739082,0.0
1785941244088213678,-0.0076111736707389355,0.0
1785941244238575452,-0.006360760424286127,0.0
1785941244393419353,-0.007167236879467964,0.0
1785941244525710633,-0.003162676701322198,0.0
1785941244679263188,-0.0056272889487445354,0.0
1785941244808431243,-0.005689378362149,0.0
1785941244957444325,-0.00440636882558465,0.0
1785941245121970010,-0.007826399058103561,0.0
1785941245252062741,-0.006099109537899494,0.0
1785941245404811840,-0.00649150088429451,0.0
1785941245535542804,-0.006324104033410549,0.0
1785941245686158509,-0.004277429543435574,0.0
1785941245843084186,-0.009033494628965855,0.0
1785941245973864528,-0.0069909170269966125,0.0
1785941246124659183,-0.0055280160158872604,0.0
1785941246276253069,-0.006749912165105343,0.0
1785941246405241406,-0.005681823939085007,0.0
1785941246555673295,-0.004203852266073227,0.0
1785941246682925052,-0.006502003408968449,0.0
1785941246831789520,-0.007147009484469891,0.0
1785941246982834969,-0.006381937302649021,0.0
1785941247111958351,-0.006072311662137508,0.0
1785941247263526316,-0.006781641859561205,0.0
1785941247392726565,-0.006722926162183285,0.0
1785941247544700338,-0.005387924145907164,0.0
1785941247714247209,-0.007805254776030779,0.0
1785941247860714753,-0.006827095523476601,0.0
1785941248075847810,-0.004236932843923569,0.0
1785941248217252501,-0.007329225540161133,0.0
1785941248395298934,-0.005017841700464487,0.0
1785941248550176564,-0.006847788114100695,0.0
1785941248677691115,-0.0037212634924799204,0.0
1785941248825494230,-0.006610640790313482,0.0
1785941248967074799,-0.00732946814969182,0.0
1785941249121801703,-0.0058702449314296246,0.0
1785941249275710976,-0.007344267796725035,0.0
1785941249403030607,-0.005531436298042536,0.0
1785941249550639667,-0.004170754924416542,0.0
1785941249676387493,-0.0039897458627820015,0.0
1785941249820692041,-0.007303995545953512,0.0
1785941249971592972,-0.005340578034520149,0.0
1785941250099909346,-0.004808977711945772,0.0
1785941250250554876,-0.007427218835800886,0.0
1785941250378801232,-0.009057579562067986,0.0
1785941250522424120,-0.00668266462162137,0.0
1785941250674097242,-0.0069482894614338875,0.0
1785941250801061083,-0.007406397257000208,0.0
1785941250948185772,-0.006131528876721859,0.0
1785941251073911454,-0.005282726604491472,0.0
1785941251224465332,-0.005127886775881052,0.0
1785941251378008286,-0.007638847455382347,0.0
1785941251505817985,-0.00882275402545929,0.0
1785941251657801998,-0.006161767523735762,0.0
1785941251851164610,-0.007021117489784956,0.0
1785941252021751522,-0.004617863800376654,0.0
1785941252172721480,-0.004168604500591755,0.0
1785941252303807754,-0.007521010469645262,0.0
1785941252452183787,-0.008454968221485615,0.0
1785941252581705360,-0.006809440441429615,0.0
1785941252732200004,-0.005994213744997978,0.0
1785941252882216773,-0.006283600348979235,0.0
1785941253009505555,-0.006661528255790472,0.0
1785941253158218530,-0.004077738616615534,0.0
1785941253283501186,-0.006280448287725449,0.0
1785941253428838574,-0.005393690429627895,0.0
1785941253580834747,-0.0025524902157485485,0.0
1785941253708771267,-0.004538892302662134,0.0
1785941253857788381,-0.0037907399237155914,0.0
1785941253985480860,-0.006933894008398056,0.0
1785941254131636487,-0.009164354763925076,0.0
1785941254288364428,-0.006459347903728485,0.0
1785941254424373645,-0.004859194625169039,0.0
1785941254576944818,-0.003618193557485938,0.0
1785941254706719521,-0.005684355739504099,0.0
1785941254880273844,-0.005136916413903236,0.0
1785941255064200889,-0.0055724759586155415,0.0
1785941255238950555,-0.005577161908149719,0.0
1785941255405164017,-0.006741269025951624,0.0
1785941255544563957,-0.005424301605671644,0.0
1785941255703282984,-0.005484471097588539,0.0
1785941255875483239,-0.008487087674438953,0.0
1785941256018572283,-0.006715515162795782,0.0
1785941256179074067,-0.006885322742164135,0.0
1785941256327298254,-0.008138979785144329,0.0
1785941256484734831,-0.00435634097084403,0.0
1785941256648571625,-0.0035000124480575323,0.0
1785941256785648883,-0.0070490408688783646,0.0
1785941256940856094,-0.0084341736510396,0.0
1785941257071212964,-0.005077061243355274,0.0
1785941257215545192,-0.004250999074429274,0.0
1785941257368695491,-0.004830195568501949,0.0
1785941257498867873,-0.006917462684214115,0.0
1785941257651624941,-0.004949384368956089,0.0
1785941257786827150,-0.005587881896644831,0.0
1785941257933678804,-0.005932262632995844,0.0
1785941258084668315,-0.005948101636022329,0.0
1785941258210678808,-0.0058668265119194984,0.0
1785941258363883285,-0.007190005853772163,0.0
1785941258496089218,-0.0050323414616286755,0.0
1785941258645854298,-0.006360702216625214,0.0
1785941258799309504,-0.007509432267397642,0.0
1785941258928279056,-0.003965175244957209,0.0
1785941259078219790,-0.008503553457558155,0.0
1785941259207575213,-0.005348599515855312,0.0
1785941259357900698,-0.005128304474055767,0.0
1785941259508727194,-0.0038302592001855373,0.0
1785941259636974638,-0.006892503704875708,0.0
1785941259788462984,-0.004579422064125538,0.0
1785941259922561599,-0.0027817036025226116,0.0
1785941260079131518,-0.009110779501497746,0.0
1785941260230350542,-0.005835165735334158,0.0
1785941260364102584,-0.006874949671328068,0.0
1785941260515919934,-0.005726607982069254,0.0
1785941260650160283,-0.0037489996757358313,0.0
1785941260799057936,-0.004306461196392775,0.0
1785941260950987932,-0.004482016898691654,0.0
1785941261078802335,-0.004655234981328249,0.0
1785941261226320511,-0.0076632266864180565,0.0
1785941261358301155,-0.006305117625743151,0.0
1785941261506951823,-0.007407493889331818,0.0
1785941261668136098,-0.006467415019869804,0.0
1785941261799274342,-0.004612451884895563,0.0
1785941261971640907,-0.004084679763764143,0.0
1785941262114542455,-0.008989611640572548,0.0
1785941262276005877,-0.005636784713715315,0.0
1785941262432849759,-0.006644522771239281,0.0
1785941262578856484,-0.004936145152896643,0.0
1785941262741425293,-0.007691237144172192,0.0
1785941262889295482,-0.007974503561854362,0.0
1785941263035640301,-0.004173715598881245,0.0
1785941263185605804,-0.006844406947493553,0.0
1785941263312388487,-0.005596967879682779,0.0
1785941263466170586,-0.00721355527639389,0.0
1785941263595042534,-0.007793661672621965,0.0
1785941263747119255,-0.005955152679234743,0.0
1785941263903045437,-0.005640057381242514,0.0
1785941264036241329,-0.0058068083599209785,0.0
1785941264187098099,-0.0035047580022364855,0.0
1785941264319149242,-0.006682266015559435,0.0
1785941264471638171,-0.006177324801683426,0.0
1785941264619969947,-0.00958366971462965,0.0
1785941264749732201,-0.005197337828576565,0.0
1785941264899207477,-0.005107859615236521,0.0
1785941265029865703,-0.006205766461789608,0.0
1785941265174786754,-0.00509507954120636,0.0
1785941265322217599,-0.007251379080116749,0.0
1785941265452047472,-0.004596560262143612,0.0
1785941265603830645,-0.006175578106194735,0.0
1785941265734375330,-0.0067137121222913265,0.0
1785941265882585565,-0.005366504192352295,0.0
1785941266032306035,-0.00879440363496542,0.0
1785941266164923472,-0.005781062413007021,0.0
1785941266316015771,-0.008043820969760418,0.0
1785941266445155889,-0.0035893069580197334,0.0
1785941266589185770,-0.005745725240558386,0.0
1785941266742479050,-0.006751505192369223,0.0
1785941266869518031,-0.005649895872920752,0.0
1785941267015759581,-0.007496337406337261,0.0
1785941267167407870,-0.0038822984788566828,0.0
1785941267294930261,-0.003924468532204628,0.0
1785941267444210266,-0.008166244253516197,0.0
1785941267571489704,-0.00545737287029624,0.0
1785941267720029327,-0.006665865425020456,0.0
1785941267880091478,-0.0034499522298574448,0.0
1785941268017468685,-0.0035793636925518513,0.0
1785941268176077531,-0.007426168769598007,0.0
1785941268327446289,-0.004050206858664751,0.0
1785941268513962747,-0.006896187085658312,0.0
1785941268690340060,-0.00641645910218358,0.0
1785941268847507378,-0.005503223277628422,0.0
1785941269005545035,-0.004502052906900644,0.0
1785941269133386127,-0.004993787035346031,0.0
1785941269280798795,-0.005598417948931456,0.0
1785941269451105343,-0.007365851663053036,0.0
1785941269587073279,-0.008449628949165344,0.0
1785941269752887845,-0.0036864548455923796,0.0
1785941269884541821,-0.005213586613535881,0.0
1785941270047991624,-0.006523031275719404,0.0
1785941270209106232,-0.004080675076693296,0.0
1785941270341640018,-0.004672532435506582,0.0
1785941270494814318,-0.006568260956555605,0.0
1785941270633717663,-0.004823577590286732,0.0
1785941270785230106,-0.006555254105478525,0.0
1785941270942531766,-0.0064536952413618565,0.0
1785941271071894837,-0.005481170490384102,0.0
1785941271220370778,-0.0033004903234541416,0.0
1785941271349000061,-0.004514690954238176,0.0
1785941271495934950,-0.007752478588372469,0.0
1785941271646673187,-0.004451899789273739,0.0
1785941271778596038,-0.0040244972333312035,0.0
1785941271931489878,-0.007227466441690922,0.0
1785941272061564881,-0.007409293204545975,0.0
1785941272212599610,-0.0032135823275893927,0.0
1785941272366028543,-0.0075205243192613125,0.0
1785941272490894704,-0.005957049783319235,0.0
1785941272638138149,-0.004245667718350887,0.0
1785941272771743145,-0.006488978862762451,0.0
1785941272923108158,-0.008106748573482037,0.0
1785941273086393474,-0.005745837464928627,0.0
1785941273249599171,-0.00493577029556036,0.0
1785941273431737476,-0.004718780517578125,0.0
1785941273568208087,-0.006583705078810453,0.0
1785941273720907904,-0.005254250951111317,0.0
1785941273876614526,-0.003956310451030731,0.0
1785941274030456179,-0.0053137531504035,0.0
1785941274195440506,-0.0062959338538348675,0.0
1785941274344686653,-0.006750491913408041,0.0
1785941274519380156,-0.006076115649193525,0.0
1785941274672517270,-0.003774110460653901,0.0
1785941274803110501,-0.00470958324149251,0.0
1785941274963511641,-0.006558518391102552,0.0
1785941275112183590,-0.002049399772658944,0.0
1785941275276708922,-0.004370277281850576,0.0
1785941275496986307,-0.004723076242953539,0.0
1785941275692779158,-0.008194917812943459,0.0
1785941275866035293,-0.004448375198990107,0.0
1785941276027591902,-0.00358585175126791,0.0
1785941276193487464,-0.0038294163532555103,0.0
1785941276387020643,-0.006952633615583181,0.0
1785941276610829941,-0.003331162268295884,0.0
1785941276773834574,-0.0071486821398139,0.0
1785941276911415308,-0.003940506838262081,0.0
1785941277067638814,-0.008621052838861942,0.0
1785941277227607650,-0.007123762276023626,0.0
1785941277360728595,-0.0070328982546925545,0.0
1785941277520741560,-0.007808004040271044,0.0
1785941277657564793,-0.005118526052683592,0.0
1785941277812562971,-0.0048946053721010685,0.0
1785941277967752645,-0.006619649473577738,0.0
1785941278102995304,-0.003571030916646123,0.0
1785941278255872952,-0.009136444889008999,0.0
1785941278394290199,-0.0052553946152329445,0.0
1785941278542380429,-0.0066194068640470505,0.0
1785941278694312633,-0.005427966360002756,0.0
1785941278824544537,-0.00492648221552372,0.0
1785941278983712350,-0.006440364755690098,0.0
1785941279122400903,-0.007999887689948082,0.0
1785941279273916962,-0.006371444556862116,0.0
1785941279428713597,-0.006912137381732464,0.0
1785941279557741135,-0.004708997439593077,0.0
1785941279705582043,-0.0043631200678646564,0.0
1785941279835275303,-0.008388032205402851,0.0
1785941279980037052,-0.004369680304080248,0.0
1785941280129719344,-0.007264199201017618,0.0
1785941280268900716,-0.007412226404994726,0.0
1785941280422492344,-0.003887683618813753,0.0
1785941280553659645,-0.003916820511221886,0.0
1785941280701149692,-0.007191445212811232,0.0
1785941280854901550,-0.008990557864308357,0.0
1785941280984099879,-0.004951114766299725,0.0
1785941281131818095,-0.006035007070749998,0.0
1785941281261336372,-0.00938594713807106,0.0
1785941281406476055,-0.004033699166029692,0.0
1785941281556190733,-0.007804449647665024,0.0
1785941281681492942,-0.006735366303473711,0.0
1785941281831471758,-0.00428008334711194,0.0
1785941281961656237,-0.00558147206902504,0.0
1785941282110144562,-0.004127539228647947,0.0
1785941282263911045,-0.008069931529462337,0.0
1785941282396868015,-0.005026981234550476,0.0
1785941282577438739,-0.006147843785583973,0.0
1785941282713662044,-0.007793458178639412,0.0
1785941282870918710,-0.0044217538088560104,0.0
1785941283027238892,-0.005286586470901966,0.0
1785941283163954217,-0.0046003409661352634,0.0
1785941283335461100,-0.004691028036177158,0.0
1785941283480855610,-0.008564693853259087,0.0
1785941283630117565,-0.006720362696796656,0.0
1785941283779991769,-0.007784643210470676,0.0
1785941283915309855,-0.0023580577690154314,0.0
1785941284070066200,-0.007444781716912985,0.0
1785941284201066263,-0.004953915253281593,0.0
1785941284349095211,-0.005906195845454931,0.0
1785941284501375235,-0.007918980903923512,0.0
1785941284629494354,-0.00668338593095541,0.0
1785941284779200455,-0.008087566122412682,0.0
1785941284906648572,-0.006584660150110722,0.0
1785941285053046128,-0.00583832710981369,0.0
1785941285203375421,-0.005955488421022892,0.0
1785941285331668467,-0.006131272297352552,0.0
1785941285479388923,-0.003944695461541414,0.0
1785941285607047832,-0.004459269344806671,0.0
1785941285750447448,-0.007218874525278807,0.0
1785941285900085226,-0.004365802276879549,0.0
1785941286029444201,-0.006220629904419184,0.0
1785941286180313611,-0.0064563872292637825,0.0
1785941286309639209,-0.0031602736562490463,0.0
1785941286452652858,-0.0035283828619867563,0.0
1785941286604085554,-0.005639299750328064,0.0
1785941286733102627,-0.006844759918749332,0.0
1785941286879753122,-0.0066478135995566845,0.0
1785941287032145887,-0.00447180587798357,0.0
1785941287158099834,-0.007441150024533272,0.0
1785941287308787285,-0.008786377497017384,0.0
1785941287436126853,-0.007409683894366026,0.0
1785941287583455390,-0.006947100628167391,0.0
1785941287739124410,-0.0037435677368193865,0.0
1785941287871684917,-0.007164139300584793,0.0
1785941288026274984,-0.00855343509465456,0.0
1785941288154088875,-0.0066985622979700565,0.0
1785941288303982183,-0.006811775267124176,0.0
1785941288459391930,-0.003740869229659438,0.0
1785941288590410489,-0.006307024974375963,0.0
1785941288744988683,-0.00660450104624033,0.0
1785941288874661654,-0.005273807793855667,0.0
1785941289042827320,-0.005126958712935448,0.0
1785941289203326480,-0.00358532159589231,0.0
1785941289350529892,-0.004822426941245794,0.0
1785941289511003547,-0.005919463466852903,0.0
1785941289642687700,-0.004683741834014654,0.0
1785941289790885934,-0.005581720266491175,0.0
1785941289950244922,-0.004772971384227276,0.0
1785941290086348639,-0.006069493480026722,0.0
1785941290239233551,-0.007522454019635916,0.0
1785941290371448349,-0.007222776301205158,0.0
1785941290521698727,-0.0054816389456391335,0.0
1785941290673777144,-0.005002795718610287,0.0
1785941290802611683,-0.006183600518852472,0.0
1785941290952516799,-0.004312117118388414,0.0
1785941291082380562,-0.008285228163003922,0.0
1785941291234783471,-0.0076983775943517685,0.0
1785941291422730257,-0.008602849207818508,0.0
1785941291567911831,-0.0017751711420714855,0.0
1785941291747680027,-0.005714767146855593,0.0
1785941291879821638,-0.005883459933102131,0.0
1785941292037114369,-0.005109150428324938,0.0
1785941292195066902,-0.008371233008801937,0.0
1785941292332343561,-0.006825994700193405,0.0
1785941292490584777,-0.003902300726622343,0.0
1785941292622267842,-0.006343460641801357,0.0
1785941292789938513,-0.005447762086987495,0.0
1785941292946724633,-0.00539058493450284,0.0
1785941293076082519,-0.004983419086784124,0.0
1785941293227842460,-0.004365414381027222,0.0
1785941293361176853,-0.005883234087377787,0.0
1785941293514178090,-0.005035999231040478,0.0
1785941293669230031,-0.006382804363965988,0.0
1785941293796702852,-0.003971891477704048,0.0
1785941293943899256,-0.004738993011415005,0.0
1785941294073637798,-0.004539435729384422,0.0
1785941294221300971,-0.004845060873776674,0.0
1785941294368625156,-0.006799078080803156,0.0
1785941294496672688,-0.006852100137621164,0.0
1785941294643967815,-0.007850789465010166,0.0
1785941294772765648,-0.004316168837249279,0.0
1785941294921247573,-0.004843972157686949,0.0
1785941295079324495,-0.007287920452654362,0.0
1785941295210872035,-0.007576754782348871,0.0
1785941295366809898,-0.007564259227365255,0.0
1785941295499635792,-0.00686247181147337,0.0
1785941295659374442,-0.006419934798032045,0.0
1785941295815922185,-0.004965490195900202,0.0
1785941295951749059,-0.003885850543156266,0.0
1785941296150911992,-0.004351710435003042,0.0
1785941296334878111,-0.0038399084005504847,0.0
1785941296495449274,-0.003194393590092659,0.0
1785941296671578801,-0.005989033728837967,0.0
1785941296805904369,-0.006033801939338446,0.0
1785941296962476784,-0.006397128105163574,0.0
1785941297144203777,-0.005726996343582869,0.0
1785941297291295696,-0.005293544381856918,0.0
1785941297448365091,-0.004584607668220997,0.0
1785941297576090435,-0.003746235044673085,0.0
1785941297726668345,-0.0038826740346848965,0.0
1785941297854214002,-0.005496049299836159,0.0
1785941298002547153,-0.003927680663764477,0.0
1785941298154288053,-0.0057024345733225346,0.0
1785941298282815284,-0.006052651908248663,0.0
1785941298431696553,-0.0034977183677256107,0.0
1785941298563658925,-0.004530895501375198,0.0
1785941298714323271,-0.004024751950055361,0.0
1785941298871287574,-0.006227173376828432,0.0
1785941299003411520,-0.004540220834314823,0.0
1785941299155191590,-0.005663340445607901,0.0
1785941299285118555,-0.006947266403585672,0.0
1785941299450795804,-0.006659048143774271,0.0
1785941299604994527,-0.00983946118503809,0.0
1785941299738654789,-0.0030577178113162518,0.0
1785941299890963775,-0.005279977805912495,0.0
1785941300031596500,-0.005922683048993349,0.0
1785941300183032620,-0.0057459003292024136,0.0
1785941300336233096,-0.00533272186294198,0.0
1785941300470930902,-0.00683201989158988,0.0
1785941300622770942,-0.005592879373580217,0.0
1785941300753641400,-0.004164216108620167,0.0
1785941300900588994,-0.006451776716858149,0.0
1785941301054861000,-0.005595003720372915,0.0
1785941301182461443,-0.003737175837159157,0.0
1785941301329804796,-0.006582446862012148,0.0
1785941301457531163,-0.0032467117998749018,0.0
1785941301603568962,-0.0080680837854743,0.0
1785941301757118988,-0.008820831775665283,0.0
1785941301886821560,-0.007547182030975819,0.0
1785941302035318110,-0.004471499472856522,0.0
1785941302164715487,-0.0043853879906237125,0.0
1785941302313042142,-0.006734727416187525,0.0
1785941302466689388,-0.004249238409101963,0.0
1785941302602741903,-0.005480215419083834,0.0
1785941302790589485,-0.004811752121895552,0.0
1785941302922836348,-0.006643123924732208,0.0
1785941303109809208,-0.005855792202055454,0.0
1785941303278543696,-0.005427033640444279,0.0
1785941303408474053,-0.007032124791294336,0.0
1785941303561493658,-0.007447363808751106,0.0
1785941303697564830,-0.004974025301635265,0.0
1785941303865432788,-0.007151251193135977,0.0
1785941304023585617,-0.005227024666965008,0.0
1785941304159319591,-0.004126633983105421,0.0
1785941304312819023,-0.006450346205383539,0.0
1785941304442364534,-0.006400063168257475,0.0
1785941304587937514,-0.0038443035446107388,0.0
1785941304737714210,-0.004787988029420376,0.0
1785941304866591918,-0.0027728017885237932,0.0
1785941305017541491,-0.004462528973817825,0.0
1785941305143700822,-0.007858471013605595,0.0
1785941305289342349,-0.004971650429069996,0.0
1785941305439062178,-0.006976640783250332,0.0
1785941305570382829,-0.004890685435384512,0.0
1785941305720755868,-0.005815095733851194,0.0
1785941305851224006,-0.006923138629645109,0.0
1785941305997659964,-0.004576037172228098,0.0
1785941306147322128,-0.005434130784124136,0.0
1785941306275955154,-0.0082450732588768,0.0
1785941306422163199,-0.004471300169825554,0.0
1785941306571993913,-0.004465329460799694,0.0
1785941306705267568,-0.005240300670266151,0.0
1785941306859049763,-0.006363591644912958,0.0
1785941306987610243,-0.005932617001235485,0.0
1785941307138147064,-0.005212170537561178,0.0
1785941307300545466,-0.007397943641990423,0.0
1785941307429513738,-0.004317558370530605,0.0
1785941307580671351,-0.006416402291506529,0.0
1785941307709880880,-0.005445587914437056,0.0
1785941307868078799,-0.0035135948564857244,0.0
1785941308030720122,-0.005282456986606121,0.0
1785941308166390638,-0.005796415265649557,0.0
1785941308324827286,-0.005896437913179398,0.0
1785941308455373731,-0.006565828807651997,0.0
1785941308603600383,-0.0082950908690691,0.0
1785941308755018582,-0.007757768500596285,0.0
1785941308882349286,-0.0050047701224684715,0.0
1785941309031559496,-0.006847556680440903,0.0
1785941309161146864,-0.008156668394804,0.0
1785941309308842038,-0.005645954515784979,0.0
1785941309465793157,-0.006844001822173595,0.0
1785941309597192883,-0.007902632467448711,0.0
1785941309768922655,-0.004672633018344641,0.0
1785941309927398792,-0.006201203912496567,0.0
1785941310081436230,-0.0034606081899255514,0.0
1785941310237213478,-0.005349781364202499,0.0
1785941310365634625,-0.006784025579690933,0.0
1785941310521689164,-0.006217548158019781,0.0
1785941310651541342,-0.006362736690789461,0.0
1785941310805380532,-0.004976020660251379,0.0
1785941310960040873,-0.0038519033696502447,0.0
1785941311091323923,-0.0053411913104355335,0.0
1785941311252347711,-0.008049403317272663,0.0
1785941311387541568,-0.006438043434172869,0.0
1785941311543574571,-0.007478304207324982,0.0
1785941311705161965,-0.006521620787680149,0.0
1785941311833627273,-0.003812708891928196,0.0
1785941311979647439,-0.007017449475824833,0.0
1785941312107982214,-0.008107139728963375,0.0
1785941312257694140,-0.006489585153758526,0.0
1785941312408763685,-0.0037006805650889874,0.0
1785941312538678906,-0.004352033603936434,0.0
1785941312710312290,-0.005422443617135286,0.0
1785941312822822003,-0.004846576135605574,0.0
1785941312980367704,-0.0067650736309587955,0.0
1785941313131853810,-0.008150829002261162,0.0
1785941313263342628,-0.007470652461051941,0.0
1785941313413410535,-0.00498586380854249,0.0
1785941313547874092,-0.003762276144698262,0.0
1785941313716487455,-0.007820487022399902,0.0
1785941313883793152,-0.007304128259420395,0.0
1785941314018137600,-0.0050656236708164215,0.0
1785941314173033886,-0.005410504061728716,0.0
1785941314306622946,-0.0018799090757966042,0.0
1785941314461113200,-0.007336056791245937,0.0
1785941314622513291,-0.004680283833295107,0.0
1785941314758434313,-0.006258866749703884,0.0
1785941314913414283,-0.006270355544984341,0.0
1785941315047572484,-0.004911625757813454,0.0
1785941315199459278,-0.006321119610220194,0.0
1785941315356374298,-0.006973327603191137,0.0
1785941315488390977,-0.0050633130595088005,0.0
1785941315642543298,-0.007013916037976742,0.0
1785941315775037531,-0.0048437574878335,0.0
1785941315934018104,-0.007188672665506601,0.0
1785941316102758672,-0.005526851862668991,0.0
1785941316242593734,-0.006177420727908611,0.0
1785941316399251528,-0.004931182600557804,0.0
1785941316539604786,-0.005130440462380648,0.0
1785941316713372077,-0.004042864311486483,0.0
1785941316910566870,-0.002635895274579525,0.0
1785941317044314816,-0.005835529882460833,0.0
1785941317195396618,-0.0035850289277732372,0.0
1785941317324498495,-0.005804738029837608,0.0
1785941317473267503,-0.005129216704517603,0.0
1785941317639461029,-0.0062458449974656105,0.0
1785941317785456265,-0.00616023363545537,0.0
1785941317946974697,-0.006005612667649984,0.0
1785941318083425275,-0.006069001276046038,0.0
1785941318240875453,-0.003517540404573083,0.0
1785941318401943755,-0.005713067948818207,0.0
1785941318537424728,-0.003908921033143997,0.0
1785941318692221906,-0.008892557583749294,0.0
1785941318830641649,-0.006862697657197714,0.0
1785941318986786528,-0.0034449209924787283,0.0
1785941319145355917,-0.00513147097080946,0.0
1785941319277910600,-0.006409880705177784,0.0
1785941319431228809,-0.004118929151445627,0.0
1785941319563733794,-0.0046377032995224,0.0
1785941319720635375,-0.0060601686127483845,0.0
1785941319878796012,-0.007823582738637924,0.0
1785941320012555030,-0.007490874733775854,0.0
1785941320166471150,-0.0034172507002949715,0.0
1785941320299588255,-0.003940412774682045,0.0
1785941320449143758,-0.0040960172191262245,0.0
1785941320605028371,-0.0071823387406766415,0.0
1785941320738642167,-0.007793239783495665,0.0
1785941320891833651,-0.00691650016233325,0.0
1785941321024587318,-0.004673039074987173,0.0
1785941321174379470,-0.004623216111212969,0.0
1785941321328106527,-0.006910260766744614,0.0
1785941321461130733,-0.0059004295617341995,0.0
1785941321616973808,-0.00559404119849205,0.0
1785941321750220774,-0.002374995034188032,0.0
1785941321903910005,-0.007951220497488976,0.0
1785941322058461446,-0.006626233924180269,0.0
1785941322191438386,-0.005602540448307991,0.0
1785941322345255078,-0.0070601277984678745,0.0
1785941322479943028,-0.00781919900327921,0.0
1785941322632743777,-0.0067008198238909245,0.0
1785941322789977274,-0.005568980239331722,0.0
1785941322926452142,-0.004206184297800064,0.0
1785941323079800400,-0.00518440967425704,0.0
1785941323214743592,-0.006400430575013161,0.0
1785941323391353329,-0.003942080307751894,0.0
1785941323639178728,-0.008027353323996067,0.0
1785941323781113071,-0.0065907365642488,0.0
1785941323938069726,-0.006475863512605429,0.0
1785941324068206843,-0.0046100621111691,0.0
1785941324224146370,-0.007006143685430288,0.0
1785941324384802464,-0.003763698972761631,0.0
1785941324517756234,-0.004766973201185465,0.0
1785941324669801722,-0.006704519968479872,0.0
1785941324803116819,-0.006745808757841587,0.0
1785941324952184111,-0.005288808140903711,0.0
1785941325107048012,-0.007076953072100878,0.0
1785941325239373470,-0.00624132202938199,0.0
1785941325394070645,-0.005962888244539499,0.0
1785941325530052853,-0.00701737217605114,0.0
1785941325682506645,-0.008817433379590511,0.0
1785941325841193382,-0.0030378447845578194,0.0
1785941325969848586,-0.0073863910511136055,0.0
1785941326124833036,-0.005877960938960314,0.0
1785941326281098751,-0.0064819795079529285,0.0
1785941326413902980,-0.0067343986593186855,0.0
1785941326569531519,-0.005678565241396427,0.0
1785941326700605856,-0.006754681002348661,0.0
1785941326854613884,-0.006026871968060732,0.0
1785941327011795252,-0.007964976131916046,0.0
1785941327143633715,-0.0059264833107590675,0.0
1785941327296652360,-0.007100176066160202,0.0
1785941327430642843,-0.006784094963222742,0.0
1785941327580837155,-0.006460916716605425,0.0
1785941327738328998,-0.0033514644019305706,0.0
1785941327872472095,-0.005842782091349363,0.0
1785941328027918547,-0.00608862703666091,0.0
1785941328160196547,-0.006023290567100048,0.0
1785941328316295856,-0.007730391342192888,0.0
1785941328477066547,-0.005830917041748762,0.0
1785941328606428146,-0.005513319279998541,0.0
1785941328756109030,-0.006203605327755213,0.0
1785941328884009964,-0.007414615713059902,0.0
1785941329032122403,-0.004180934280157089,0.0
1785941329182596950,-0.0063908277079463005,0.0
1785941329311323644,-0.0069256555289030075,0.0
1785941329463242503,-0.008205191232264042,0.0
1785941329590800192,-0.004168522544205189,0.0
1785941329739940703,-0.0074468436650931835,0.0
1785941329894874303,-0.007579653523862362,0.0
1785941330028035922,-0.009558277204632759,0.0
1785941330236505424,-0.006911427713930607,0.0
1785941330445783054,-0.0054643889889121056,0.0
1785941330606921087,-0.008601024746894836,0.0
1785941330762159627,-0.008429628796875477,0.0
1785941330897209159,-0.00837357621639967,0.0
1785941331053015369,-0.007661962416023016,0.0
1785941331187912126,-0.006667010486125946,0.0
1785941331347840896,-0.0064958673901855946,0.0
1785941331513936402,-0.006436658091843128,0.0
1785941331649025039,-0.00875914003700018,0.0
1785941331805740916,-0.0050769224762916565,0.0
1785941331941392327,-0.005281616933643818,0.0
1785941332092782718,-0.006951279938220978,0.0
1785941332248282164,-0.004377204459160566,0.0
1785941332377115806,-0.006190206855535507,0.0
1785941332527624146,-0.006402892991900444,0.0
1785941332656069006,-0.004990194924175739,0.0
1785941332803868345,-0.0036674553994089365,0.0
1785941332958027642,-0.008049782365560532,0.0
1785941333087587329,-0.006257796194404364,0.0
1785941333238148887,-0.0049065593630075455,0.0
1785941333364787308,-0.008584889583289623,0.0
1785941333511345319,-0.00876276008784771,0.0
1785941333661478413,-0.007927050814032555,0.0
1785941333786788750,-0.008607296273112297,0.0
1785941333939228077,-0.0062100631184875965,0.0
1785941334068405253,-0.007590084336698055,0.0
1785941334215890980,-0.006458038464188576,0.0
1785941334366550622,-0.006676678545773029,0.0
1785941334494405603,-0.0059338160790503025,0.0
1785941334642299313,-0.00402245344594121,0.0
1785941334767839484,-0.005038282833993435,0.0
1785941334914966989,-0.005961534567177296,0.0
1785941335069357623,-0.004110878799110651,0.0
1785941335200396087,-0.005558691453188658,0.0
1785941335350872330,-0.0074028633534908295,0.0
1785941335479781624,-0.003201535902917385,0.0
1785941335627069359,-0.0057045044377446175,0.0
1785941335777594372,-0.004184252116829157,0.0
1785941335907868678,-0.005266520194709301,0.0
1785941336054311612,-0.004805540665984154,0.0
1785941336182518894,-0.005264212377369404,0.0
1785941336327642641,-0.006894221063703299,0.0
1785941336478790462,-0.007994294166564941,0.0
1785941336609095458,-0.008921703323721886,0.0
1785941336755877317,-0.007712024729698896,0.0
1785941336927371656,-0.007327164988964796,0.0
1785941337087981893,-0.003172296332195401,0.0
1785941337265477105,-0.007278346922248602,0.0
1785941337397325584,-0.006645129062235355,0.0
1785941337554306688,-0.007689969148486853,0.0
1785941337686929885,-0.006945708766579628,0.0
1785941337834356762,-0.007622780278325081,0.0
1785941338016469273,-0.006854572333395481,0.0
1785941338161013125,-0.006905369460582733,0.0
1785941338322260187,-0.00706204678863287,0.0
1785941338452454202,-0.004112537484616041,0.0
1785941338602903372,-0.0055656470358371735,0.0
1785941338754994077,-0.004070659168064594,0.0
1785941338882549686,-0.007432063575834036,0.0
1785941339030488006,-0.007021924946457148,0.0
1785941339160967921,-0.003445083275437355,0.0
1785941339311428259,-0.004211949650198221,0.0
1785941339460001356,-0.0060409484431147575,0.0
1785941339587028592,-0.008420152589678764,0.0
1785941339733529449,-0.0071754963137209415,0.0
1785941339865673044,-0.00616535684093833,0.0
1785941340019908665,-0.006152490619570017,0.0
1785941340173227802,-0.007420322857797146,0.0
1785941340305211071,-0.008038457483053207,0.0
1785941340459485605,-0.004154014866799116,0.0
1785941340588425300,-0.00618948508054018,0.0
1785941340735439136,-0.005458878818899393,0.0
1785941340886185085,-0.0061271614395082,0.0
1785941341016482401,-0.006242845673114061,0.0
1785941341161827660,-0.004808167926967144,0.0
1785941341289294210,-0.003432184923440218,0.0
1785941341434329761,-0.006730131804943085,0.0
1785941341583479681,-0.004911714233458042,0.0
1785941341710583560,-0.005209589842706919,0.0
1785941341857371340,-0.006475260481238365,0.0
1785941341983018874,-0.0053791082464158535,0.0
1785941342128071291,-0.0026131868362426758,0.0
1785941342280269264,-0.004353721160441637,0.0
1785941342408481699,-0.008242328651249409,0.0
1785941342556239692,-0.004608782008290291,0.0
1785941342687878211,-0.008641205728054047,0.0
1785941342835430437,-0.007431745063513517,0.0
1785941342992804227,-0.0043738470412790775,0.0
1785941343117527374,-0.005605963058769703,0.0
1785941343286104128,-0.005756746977567673,0.0
1785941343415089968,-0.005642374511808157,0.0
1785941343563853729,-0.004638038109987974,0.0
1785941343721687569,-0.005240876693278551,0.0
1785941343852355779,-0.0065424684435129166,0.0
1785941344031125249,-0.005028815008699894,0.0
1785941344187752002,-0.005997591186314821,0.0
1785941344340179649,-0.005432880483567715,0.0
1785941344491340430,-0.008361796848475933,0.0
1785941344624142259,-0.008598887361586094,0.0
1785941344782246158,-0.005780292209237814,0.0
1785941344926460142,-0.007219146005809307,0.0
1785941345072364495,-0.005245032254606485,0.0
1785941345221148448,-0.004501205403357744,0.0
1785941345349233645,-0.006969790905714035,0.0
1785941345499097064,-0.006977980025112629,0.0
1785941345650266998,-0.004598034545779228,0.0
1785941345777296123,-0.0033849794417619705,0.0
1785941345942961179,-0.0070792073383927345,0.0
1785941346081058702,-0.007619419600814581,0.0
1785941346243843070,-0.006646912544965744,0.0
1785941346400963987,-0.005832244176417589,0.0
1785941346531937489,-0.004217653069645166,0.0
1785941346683627283,-0.005826933309435844,0.0
1785941346813038644,-0.00616436917334795,0.0
1785941346958394080,-0.006653476506471634,0.0
1785941347108872947,-0.005134217906743288,0.0
1785941347234459039,-0.005614656955003738,0.0
1785941347389614280,-0.005479373037815094,0.0
1785941347518303468,-0.004654914140701294,0.0
1785941347671109818,-0.008432118222117424,0.0
1785941347827222151,-0.005311636719852686,0.0
1785941347961153656,-0.0032739751040935516,0.0
1785941348111937047,-0.005212908610701561,0.0
1785941348239042622,-0.007414907682687044,0.0
1785941348391019083,-0.007041207514703274,0.0
1785941348544888482,-0.007846715860068798,0.0
1785941348675513874,-0.00684078224003315,0.0
1785941348828604906,-0.003657187335193157,0.0
1785941348957908999,-0.002991853281855583,0.0
1785941349107475382,-0.005083326715976,0.0
1785941349260841850,-0.0040296753868460655,0.0
1785941349392081281,-0.008175680413842201,0.0
1785941349547577591,-0.006037636660039425,0.0
1785941349675260021,-0.005073424894362688,0.0
1785941349827179872,-0.006608649622648954,0.0
1785941349979883913,-0.006372782867401838,0.0
1785941350108432617,-0.00743746105581522,0.0
1785941350259936227,-0.005963041912764311,0.0
1785941350394032506,-0.004831764847040176,0.0
1785941350582950754,-0.00703441770747304,0.0
1785941350764327717,-0.0043713911436498165,0.0
1785941350989102204,-0.0025153302121907473,0.0
1785941351147130164,-0.0052122436463832855,0.0
1785941351279966266,-0.005325242877006531,0.0
1785941351436794628,-0.004744737409055233,0.0
1785941351603554607,-0.004493409302085638,0.0
1785941351750963979,-0.005526511464267969,0.0
1785941351911289244,-0.008638361468911171,0.0
1785941352046785929,-0.005139621440321207,0.0
1785941352200551196,-0.009319120086729527,0.0
1785941352358152419,-0.005231446120887995,0.0
1785941352490478517,-0.007879774086177349,0.0
1785941352646668646,-0.00455107307061553,0.0
1785941352783199355,-0.009617985226213932,0.0
1785941352937531332,-0.008065917529165745,0.0
1785941353099741918,-0.003284089034423232,0.0
1785941353232780012,-0.004969957750290632,0.0
1785941353390999916,-0.0032239172141999006,0.0
1785941353526454903,-0.00519176060333848,0.0
1785941353679828731,-0.005504876375198364,0.0
1785941353837865171,-0.005957025568932295,0.0
1785941353969622095,-0.004017401486635208,0.0
1785941354123332128,-0.0046471054665744305,0.0
1785941354255798839,-0.006640421226620674,0.0
1785941354409862037,-0.0042970492504537106,0.0
1785941354575539862,-0.00632517272606492,0.0
1785941354712316085,-0.0036111786030232906,0.0
1785941354869120862,-0.007452675607055426,0.0
1785941355001553588,-0.00750041613355279,0.0
1785941355153941041,-0.005710636731237173,0.0
1785941355315990277,-0.009036678820848465,0.0
1785941355442591705,-0.006488972343504429,0.0
1785941355607761255,-0.007100348826497793,0.0
1785941355743723462,-0.003644797718152404,0.0
1785941355911430614,-0.00587882474064827,0.0
1785941356072878547,-0.004401212092489004,0.0
1785941356205040062,-0.006258347071707249,0.0
1785941356361995341,-0.007139732129871845,0.0
1785941356511203726,-0.0052037849090993404,0.0
1785941356663737617,-0.005287832580506802,0.0
1785941356821405563,-0.004364464897662401,0.0
1785941356956608285,-0.010289608500897884,0.0
1785941357112913202,-0.006635043770074844,0.0
1785941357244878998,-0.003767322050407529,0.0
1785941357413121979,-0.008649440482258797,0.0
1785941357567563400,-0.0070090931840240955,0.0
1785941357717658860,-0.002714053960517049,0.0
1785941357874809442,-0.006119563244283199,0.0
1785941358002445886,-0.004998154006898403,0.0
1785941358145971395,-0.005029725842177868,0.0
1785941358296372659,-0.00368868769146502,0.0
1785941358424092434,-0.003957098349928856,0.0
1785941358577804227,-0.0044502620585262775,0.0
1785941358708600761,-0.00359964556992054,0.0
1785941358853790111,-0.006256185472011566,0.0
1785941359006559691,-0.0039732870645821095,0.0
1785941359127725772,-0.005232535768300295,0.0
1785941359275169769,-0.004299691878259182,0.0
1785941359403757514,-0.008581173606216908,0.0
1785941359552444759,-0.006206123158335686,0.0
1785941359705595410,-0.005844587460160255,0.0
1785941359833072775,-0.006483880802989006,0.0
1785941359981736276,-0.0051345862448215485,0.0
1785941360107479270,-0.005020958371460438,0.0
1785941360252272445,-0.003888403531163931,0.0
1785941360400735617,-0.004447110462933779,0.0
1785941360531101063,-0.005410982295870781,0.0
1785941360683222906,-0.0052399588748812675,0.0
1785941360813715045,-0.0035553437191993,0.0
1785941360959229431,-0.0031108802650123835,0.0
1785941361107886819,-0.0053900764323771,0.0
1785941361235669541,-0.0053179278038442135,0.0
1785941361386339839,-0.006436807569116354,0.0
1785941361515766689,-0.007355105131864548,0.0
1785941361662030480,-0.005103021860122681,0.0
1785941361814705016,-0.004364826250821352,0.0
1785941361945097343,-0.005387688055634499,0.0
1785941362096811522,-0.004010048229247332,0.0
1785941362226965984,-0.005907557439059019,0.0
1785941362372638584,-0.0037222562823444605,0.0
1785941362533771785,-0.0052033052779734135,0.0
1785941362668023846,-0.005486756097525358,0.0
1785941362816872186,-0.004787409212440252,0.0
1785941362946774766,-0.00930726993829012,0.0
1785941363095307893,-0.004972229711711407,0.0
1785941363246725228,-0.006840843707323074,0.0
1785941363382442530,-0.006879511289298534,0.0
1785941363525235723,-0.004043994005769491,0.0
1785941363665489265,-0.005819031037390232,0.0
1785941363817979410,-0.0062913489528000355,0.0
1785941363983894332,-0.004483443684875965,0.0
1785941364131236757,-0.006642288062721491,0.0
1785941364310251004,-0.007691491860896349,0.0
1785941364477724803,-0.004682793281972408,0.0
1785941364643629261,-0.0076189409010112286,0.0
1785941364802150168,-0.005960883107036352,0.0
1785941364933571527,-0.0026474865153431892,0.0
1785941365085333868,-0.007424291223287582,0.0
1785941365245576058,-0.004566619638353586,0.0
1785941365401044815,-0.007210622075945139,0.0
1785941365561428610,-0.007460541557520628,0.0
1785941365697075477,-0.006107170134782791,0.0
1785941365854320207,-0.004379400983452797,0.0
1785941366023537081,-0.006907855626195669,0.0
1785941366152127227,-0.005481570027768612,0.0
1785941366301813743,-0.0023459570948034525,0.0
1785941366438574541,-0.006074315402656794,0.0
1785941366589540403,-0.006660837214440107,0.0
1785941366741146962,-0.006727284751832485,0.0
1785941366870378380,-0.007015134207904339,0.0
1785941367023638443,-0.004462210461497307,0.0
1785941367149844783,-0.005092422943562269,0.0
1785941367296153728,-0.006183331366628408,0.0
1785941367445367842,-0.008165117353200912,0.0
1785941367574585147,-0.007349559571594,0.0
1785941367724678399,-0.006123955827206373,0.0
1785941367852480162,-0.007046910002827644,0.0
1785941368002807023,-0.006133015733212233,0.0
1785941368160063689,-0.004585665185004473,0.0
1785941368287663235,-0.004071854054927826,0.0
1785941368439522572,-0.00895652174949646,0.0
1785941368567946279,-0.007851280272006989,0.0
1785941368718726117,-0.0057937223464250565,0.0
1785941368871035199,-0.0049622543156147,0.0
1785941368999493115,-0.005097772926092148,0.0
1785941369151740115,-0.007766856346279383,0.0
1785941369287956604,-0.004468783736228943,0.0
1785941369440866989,-0.0073925829492509365,0.0
1785941369594261137,-0.004933033604174852,0.0
1785941369723358982,-0.004991844762116671,0.0
1785941369874020992,-0.008316383697092533,0.0
1785941370003508196,-0.003804741892963648,0.0
1785941370150897695,-0.0059986356645822525,0.0
1785941370307466430,-0.006190821994096041,0.0
1785941370440286116,-0.0024602769408375025,0.0
1785941370595193283,-0.006295037921518087,0.0
1785941370728690242,-0.0057959104888141155,0.0
1785941370880435302,-0.0051412684842944145,0.0
1785941371055941765,-0.005321344826370478,0.0
1785941371204049500,-0.004669238347560167,0.0
1785941371421751137,-0.004159967880696058,0.0
1785941371556749435,-0.005614171270281076,0.0
1785941371709076982,-0.006689548958092928,0.0
1785941371879158114,-0.005749823525547981,0.0
1785941372020353836,-0.004579074680805206,0.0
1785941372220614476,-0.005672547500580549,0.0
1785941372351459589,-0.007322276476770639,0.0
1785941372512777597,-0.0035517767537385225,0.0
1785941372668339477,-0.005305469036102295,0.0
1785941372804015945,-0.00744685297831893,0.0
1785941372960891509,-0.008744943886995316,0.0
1785941373099837544,-0.00781780481338501,0.0
1785941373259879918,-0.008447326719760895,0.0
1785941373411262916,-0.006773385684937239,0.0
1785941373544228143,-0.0018980115419253707,0.0
1785941373699731941,-0.006380417849868536,0.0
1785941373832951962,-0.006971114315092564,0.0
1785941373984349136,-0.005101042799651623,0.0
1785941374139845286,-0.004365340806543827,0.0
1785941374270528153,-0.004813428968191147,0.0
1785941374426694856,-0.005325243342667818,0.0
1785941374561306483,-0.006281325127929449,0.0
1785941374716581632,-0.004806413780897856,0.0
1785941374874091204,-0.004124416504055262,0.0
1785941375006987373,-0.004400853533297777,0.0
1785941375163447240,-0.004643166437745094,0.0
1785941375298631529,-0.0047980849631130695,0.0
1785941375452662822,-0.005802039057016373,0.0
1785941375609257862,-0.00467699533328414,0.0
1785941375741261484,-0.006764228921383619,0.0
1785941375896624348,-0.004116000607609749,0.0
1785941376027779105,-0.010618220083415508,0.0
1785941376184986649,-0.004753240384161472,0.0
1785941376342156976,-0.007634320296347141,0.0
1785941376485748279,-0.005561813712120056,0.0
1785941376635483854,-0.005655291490256786,0.0
1785941376769354460,-0.003716119797900319,0.0
1785941376927195308,-0.006817658431828022,0.0
1785941377083510466,-0.0048330556601285934,0.0
1785941377215655885,-0.0071560475043952465,0.0
1785941377367480372,-0.0026964321732521057,0.0
1785941377500772204,-0.006700512021780014,0.0
1785941377654468956,-0.005702968221157789,0.0
1785941377826999751,-0.006892715115100145,0.0
1785941377982884364,-0.0062322597950696945,0.0
1785941378162416423,-0.005329567473381758,0.0
1785941378295352497,-0.0058480822481215,0.0
1785941378447666027,-0.006469626445323229,0.0
1785941378597949302,-0.005657350644469261,0.0
1785941378736133228,-0.002966661937534809,0.0
1785941378892805391,-0.00806979089975357,0.0
1785941379026370385,-0.007271596230566502,0.0
1785941379176890694,-0.004803047981113195,0.0
1785941379327917166,-0.007968684658408165,0.0
1785941379456348329,-0.005671938881278038,0.0
1785941379602673467,-0.00437135249376297,0.0
1785941379729986282,-0.007146166171878576,0.0
1785941379879763042,-0.007973063737154007,0.0
1785941380033529077,-0.005863172467797995,0.0
1785941380164606454,-0.004758774768561125,0.0
1785941380316472799,-0.0041418238542973995,0.0
1785941380447611459,-0.005339307710528374,0.0
1785941380598538567,-0.005491605494171381,0.0
1785941380741336976,-0.005600146017968655,0.0
1785941380868234351,-0.004408461507409811,0.0
1785941381016476715,-0.006387071684002876,0.0
1785941381153030306,-0.005583819933235645,0.0
1785941381313826501,-0.006204735022038221,0.0
1785941381481590167,-0.0035272864624857903,0.0
1785941381624580968,-0.006100791972130537,0.0
1785941381773877677,-0.00831200648099184,0.0
1785941381903204010,-0.0060082110576331615,0.0
1785941382050297210,-0.0051454780623316765,0.0
1785941382201978491,-0.005556169431656599,0.0
1785941382330847239,-0.007515656761825085,0.0
1785941382483411531,-0.005269387271255255,0.0
1785941382612760394,-0.0032029757276177406,0.0
1785941382760830591,-0.007868955843150616,0.0
1785941382914229859,-0.007734458427876234,0.0
1785941383041688793,-0.010237203910946846,0.0
1785941383192627805,-0.0054365405812859535,0.0
1785941383323687390,-0.0075545464642345905,0.0
1785941383467234020,-0.008226781152188778,0.0
1785941383615921457,-0.0055649843998253345,0.0
1785941383745690272,-0.007934189401566982,0.0
1785941383895581564,-0.005497921723872423,0.0
1785941384025179173,-0.007344725076109171,0.0
1785941384179483116,-0.008687710389494896,0.0
1785941384332894897,-0.006077859550714493,0.0
1785941384466298957,-0.0074849799275398254,0.0
1785941384618814255,-0.005541476421058178,0.0
1785941384809135629,-0.008757336996495724,0.0
1785941384982751138,-0.007084490265697241,0.0
1785941385154506607,-0.006572987884283066,0.0
1785941385287641345,-0.003837618278339505,0.0
1785941385436411537,-0.006932525429874659,0.0
1785941385590794620,-0.008346552960574627,0.0
1785941385721330409,-0.006306585390120745,0.0
1785941385877181004,-0.004450516309589148,0.0
1785941386003061156,-0.00712382048368454,0.0
1785941386152885661,-0.004619763698428869,0.0
1785941386305606183,-0.006054321303963661,0.0
1785941386435521692,-0.0073678260669112206,0.0
1785941386586668553,-0.006086377426981926,0.0
1785941386714366535,-0.004950499627739191,0.0
1785941386864103933,-0.005083516705781221,0.0
1785941387014419018,-0.0026099341921508312,0.0
1785941387143904558,-0.0056479512713849545,0.0
1785941387292613756,-0.0054654390551149845,0.0
1785941387425142230,-0.002890724688768387,0.0
1785941387576969949,-0.008149911649525166,0.0
1785941387730860725,-0.005470470059663057,0.0
1785941387861632555,-0.006408358458429575,0.0
1785941388013171783,-0.004881913773715496,0.0
1785941388143806935,-0.006833788473159075,0.0
1785941388292191993,-0.007875111885368824,0.0
1785941388445505050,-0.006187220104038715,0.0
1785941388581440408,-0.0072552114725112915,0.0
1785941388736684196,-0.007980730384588242,0.0
1785941388865615762,-0.0061884368769824505,0.0
1785941389011194503,-0.00645056227222085,0.0
1785941389171376947,-0.006699672434478998,0.0
1785941389302320207,-0.004051022231578827,0.0
1785941389456835551,-0.006162981502711773,0.0
1785941389580959506,-0.007202013395726681,0.0
1785941389727509805,-0.00555024016648531,0.0
1785941389878163527,-0.00249985558912158,0.0
1785941390004853886,-0.005610504653304815,0.0
1785941390150872836,-0.004063043277710676,0.0
1785941390278491231,-0.005480005871504545,0.0
1785941390428057806,-0.007054580375552177,0.0
1785941390587721158,-0.006126141641288996,0.0
1785941390723539776,-0.006215173285454512,0.0
1785941390880221924,-0.0037594393361359835,0.0
1785941391022956426,-0.004707329906523228,0.0
1785941391176900355,-0.005114299710839987,0.0
1785941391338084182,-0.004311362747102976,0.0
1785941391467022116,-0.007845262065529823,0.0
1785941391705721881,-0.006370206829160452,0.0
1785941391841343915,-0.007700376678258181,0.0
1785941392030248722,-0.005821059923619032,0.0
1785941392192580017,-0.007408321835100651,0.0
1785941392324195880,-0.004416551906615496,0.0
1785941392480721701,-0.004183242097496986,0.0
1785941392626292186,-0.0062056640163064,0.0
1785941392787863932,-0.0070500001311302185,0.0
1785941392944102190,-0.007514212746173143,0.0
1785941393074716734,-0.007608181331306696,0.0
1785941393227216383,-0.0046643964014947414,0.0
1785941393352697991,-0.006002379115670919,0.0
1785941393500082594,-0.006421354133635759,0.0
1785941393654413067,-0.006832381244748831,0.0
1785941393786929124,-0.0068008811213076115,0.0
1785941393941040676,-0.006238298956304789,0.0
1785941394073668578,-0.007953586056828499,0.0
1785941394225872120,-0.005474691279232502,0.0
1785941394380214241,-0.003949022386223078,0.0
1785941394510546022,-0.00483984500169754,0.0
1785941394657733145,-0.004098330624401569,0.0
1785941394785649440,-0.003996941260993481,0.0
1785941394937542506,-0.004939451813697815,0.0
1785941395090208081,-0.007287418935447931,0.0
1785941395222015535,-0.003300435608252883,0.0
1785941395374749978,-0.005675398278981447,0.0
1785941395505711607,-0.004937686957418919,0.0
1785941395656619355,-0.004052871372550726,0.0
1785941395811928041,-0.006513213738799095,0.0
1785941395954099322,-0.007607002276927233,0.0
1785941396108687692,-0.006825650576502085,0.0
1785941396241533362,-0.005592299159616232,0.0
1785941396391829726,-0.005614963360130787,0.0
1785941396545407721,-0.0023880619555711746,0.0
1785941396674443484,-0.007886174134910107,0.0
1785941396826482219,-0.0052986107766628265,0.0
1785941396960345177,-0.004704836755990982,0.0
1785941397109299953,-0.005792093928903341,0.0
1785941397262795161,-0.004756004549562931,0.0
1785941397398212899,-0.005932013038545847,0.0
1785941397550573183,-0.006087549030780792,0.0
1785941397679156096,-0.004959294106811285,0.0
1785941397826207662,-0.004939001519232988,0.0
1785941397977257943,-0.0063214679248631,0.0
1785941398105525195,-0.006301702931523323,0.0
1785941398253315190,-0.006776260677725077,0.0
1785941398382729399,-0.007488462142646313,0.0
1785941398563702922,-0.00847712717950344,0.0
1785941398745325910,-0.004894854500889778,0.0
1785941398884722683,-0.005960465874522924,0.0
1785941399034512787,-0.006996928248554468,0.0
1785941399166812612,-0.006775354500859976,0.0
1785941399318886549,-0.004840184934437275,0.0
1785941399470895427,-0.008442138321697712,0.0
1785941399608904562,-0.00507323956117034,0.0
1785941399761365042,-0.006305421702563763,0.0
1785941399896825630,-0.0063391318544745445,0.0
1785941400053589797,-0.006240736693143845,0.0
1785941400208785359,-0.0047121369279921055,0.0
1785941400337397649,-0.005787650588899851,0.0
1785941400488387544,-0.004491498693823814,0.0
1785941400615822764,-0.003599019953981042,0.0
1785941400764331634,-0.007365882396697998,0.0
1785941400918910181,-0.007151052821427584,0.0
1785941401045807748,-0.005683834198862314,0.0
1785941401195202893,-0.0031783876474946737,0.0
1785941401323936467,-0.007058476563543081,0.0
1785941401473807887,-0.006538949906826019,0.0
1785941401629338118,-0.007633925881236792,0.0
1785941401766391119,-0.0057494016364216805,0.0
1785941401926206829,-0.007021642290055752,0.0
1785941402058519806,-0.0045371814630925655,0.0
1785941402204586374,-0.007523239124566317,0.0
1785941402357597467,-0.005610473453998566,0.0
1785941402487083295,-0.004513881169259548,0.0
1785941402634901739,-0.006086818408221006,0.0
1785941402764438353,-0.0050949291326105595,0.0
1785941402909978308,-0.006687727756798267,0.0
1785941403063633554,-0.004695873241871595,0.0
1785941403191818371,-0.004629062954336405,0.0
1785941403344747766,-0.004802646581083536,0.0
1785941403475131324,-0.004989174660295248,0.0
1785941403621685143,-0.0077454159036278725,0.0
1785941403775607791,-0.006220436189323664,0.0
1785941403910224090,-0.008958239108324051,0.0
1785941404070512938,-0.006037566810846329,0.0
1785941404225496396,-0.004427546169608831,0.0
1785941404356583470,-0.005691464524716139,0.0
1785941404507889089,-0.00500153936445713,0.0
1785941404638862911,-0.008929692208766937,0.0
1785941404791155992,-0.0030694834422320127,0.0
1785941404953083944,-0.003871430642902851,0.0
1785941405083519056,-0.006832638755440712,0.0
1785941405239145707,-0.00588618591427803,0.0
1785941405376324858,-0.004930741153657436,0.0
1785941405565429129,-0.00505074905231595,0.0
1785941405800268839,-0.006032722536474466,0.0
1785941405955024320,-0.007054850924760103,0.0
1785941406110779712,-0.004258240107446909,0.0
1785941406237758626,-0.004435243085026741,0.0
1785941406388447582,-0.005277312360703945,0.0
1785941406542431257,-0.007084606681019068,0.0
1785941406671942653,-0.004897465463727713,0.0
1785941406824547779,-0.006561217829585075,0.0
1785941406967631415,-0.006873706821352243,0.0
1785941407123957037,-0.002669083420187235,0.0
1785941407327191424,-0.005403332877904177,0.0
1785941407466482657,-0.005965348798781633,0.0
1785941407628459762,-0.004224569071084261,0.0
1785941407767467688,-0.005557060707360506,0.0
1785941407924611677,-0.007155647501349449,0.0
1785941408091301382,-0.003408958902582526,0.0
1785941408227907998,-0.004843031521886587,0.0
1785941408381760884,-0.00679875398054719,0.0
1785941408514468149,-0.005627489648759365,0.0
1785941408664187818,-0.005613645073026419,0.0
1785941408823001953,-0.00738162687048316,0.0
1785941408951567873,-0.005881933495402336,0.0
1785941409101419708,-0.005723879672586918,0.0
1785941409229001174,-0.0039022101555019617,0.0
1785941409374390179,-0.004505610093474388,0.0
1785941409526058916,-0.0034893660340458155,0.0
1785941409659196054,-0.005438433960080147,0.0
1785941409812719775,-0.007450566627085209,0.0
1785941409942138112,-0.004814570304006338,0.0
1785941410092288102,-0.004275224171578884,0.0
1785941410245837296,-0.0050530447624623775,0.0
1785941410375550205,-0.0056466818787157536,0.0
1785941410526179670,-0.005198500584810972,0.0
1785941410654990239,-0.0060410574078559875,0.0
1785941410813783413,-0.0035104055423289537,0.0
1785941410969304844,-0.009083103388547897,0.0
1785941411099199392,-0.005923153832554817,0.0
1785941411251092490,-0.004724040627479553,0.0
1785941411379767598,-0.004801935516297817,0.0
1785941411528656163,-0.004751961212605238,0.0
1785941411679564199,-0.007035864517092705,0.0
1785941411810135125,-0.004503102507442236,0.0
1785941411989835894,-0.005976967979222536,0.0
1785941412134796307,-0.006638672668486834,0.0
1785941412303272033,-0.00765997963026166,0.0
1785941412493049738,-0.0033021431881934404,0.0
1785941412651186566,-0.004673500545322895,0.0
1785941412842323588,-0.006262105889618397,0.0
1785941412980487800,-0.006075380370020866,0.0
1785941413136915154,-0.006330518051981926,0.0
1785941413299988174,-0.007687731646001339,0.0
1785941413437303842,-0.004625211004167795,0.0
1785941413595959539,-0.006684646476060152,0.0
1785941413727227196,-0.003996182233095169,0.0
1785941413881207190,-0.006730169523507357,0.0
1785941414032918553,-0.004989425651729107,0.0
1785941414163847509,-0.00769162829965353,0.0
1785941414313235742,-0.005239451769739389,0.0
1785941414440685107,-0.005473222117871046,0.0
1785941414585400710,-0.004327498376369476,0.0
1785941414737912424,-0.003195459023118019,0.0
1785941414873386292,-0.007648934610188007,0.0
1785941415024358138,-0.005902203731238842,0.0
1785941415154439733,-0.006753424648195505,0.0
1785941415298168866,-0.007437808904796839,0.0
1785941415451650761,-0.00628702575340867,0.0
1785941415579872668,-0.006822437513619661,0.0
1785941415730293197,-0.007345627062022686,0.0
1785941415863354875,-0.00487886369228363,0.0
1785941416014301153,-0.005679139401763678,0.0
1785941416173392770,-0.007339914795011282,0.0
1785941416298509628,-0.006825124844908714,0.0
1785941416450955899,-0.0035996243823319674,0.0
1785941416581277920,-0.0048275962471961975,0.0
1785941416731598925,-0.005572013556957245,0.0
1785941416885801328,-0.006532369181513786,0.0
1785941417019757409,-0.004335060250014067,0.0
1785941417175420254,-0.006295055150985718,0.0
1785941417303268290,-0.005463194567710161,0.0
1785941417450148009,-0.00814093742519617,0.0
1785941417598774836,-0.007670038845390081,0.0
1785941417726048514,-0.0038143431302160025,0.0
1785941417871891361,-0.0075917490758001804,0.0
1785941418002524209,-0.0076757874339818954,0.0
1785941418162364400,-0.005725844297558069,0.0
1785941418321724028,-0.0051404316909611225,0.0
1785941418457449522,-0.006453854497522116,0.0
1785941418616503154,-0.00588609604164958,0.0
1785941418754902128,-0.0030953590758144855,0.0
1785941418916127044,-0.0058332448825240135,0.0
1785941419090716159,-0.006298453081399202,0.0
1785941419224451624,-0.004870945122092962,0.0
1785941419387218040,-0.00403375830501318,0.0
1785941419526961290,-0.0041622500866651535,0.0
1785941419676531578,-0.005256516393274069,0.0
1785941419826155371,-0.004956538788974285,0.0
1785941419961870881,-0.008861587382853031,0.0
1785941420121414740,-0.0061157201416790485,0.0
1785941420257111625,-0.0052782092243433,0.0
1785941420406102210,-0.00768663315102458,0.0
1785941420560820090,-0.004404515493661165,0.0
1785941420694393372,-0.005884301848709583,0.0
1785941420836715186,-0.0073811085894703865,0.0
1785941420967979131,-0.0036912951618433,0.0
1785941421114024706,-0.004293547943234444,0.0
1785941421266095699,-0.005888865329325199,0.0
1785941421392193651,-0.005890688393265009,0.0
1785941421538916916,-0.005128049291670322,0.0
1785941421665823924,-0.006522985640913248,0.0
1785941421810858932,-0.006397032644599676,0.0
1785941421958723713,-0.005038703791797161,0.0
1785941422087877144,-0.006147035397589207,0.0
1785941422234453427,-0.007192515302449465,0.0
1785941422360613014,-0.002673943294212222,0.0
1785941422506588922,-0.0024946746416389942,0.0
1785941422655647030,-0.0054610115475952625,0.0
1785941422782659898,-0.005426551681011915,0.0
1785941422931032219,-0.004181382711976767,0.0
1785941423066986842,-0.009111829102039337,0.0
1785941423215886415,-0.006178291514515877,0.0
1785941423365828302,-0.005601010750979185,0.0
1785941423494522035,-0.009065985679626465,0.0
1785941423641890061,-0.006199134513735771,0.0
1785941423796711208,-0.007360497955232859,0.0
1785941423921010691,-0.006841791793704033,0.0
1785941424086631650,-0.005948779638856649,0.0
1785941424217881418,-0.0064285872504115105,0.0
1785941424368347324,-0.005928410217165947,0.0
1785941424519559084,-0.004323949106037617,0.0
1785941424645520519,-0.004977535456418991,0.0
1785941424793755875,-0.0037485023494809866,0.0
1785941424920795591,-0.008516266942024231,0.0
1785941425067643757,-0.0038531534373760223,0.0
1785941425222244320,-0.006854831241071224,0.0
1785941425352024400,-0.003925967961549759,0.0
1785941425505847717,-0.007377228233963251,0.0
1785941425638738349,-0.008247530087828636,0.0
1785941425790325035,-0.004791117738932371,0.0
1785941425952186231,-0.006736456416547298,0.0
1785941426097066673,-0.008473162539303303,0.0
1785941426284117520,-0.004341984633356333,0.0
1785941426417636144,-0.005441077519208193,0.0
1785941426570082896,-0.004573443438857794,0.0
1785941426726083929,-0.007283457554876804,0.0
1785941426881813848,-0.00706662330776453,0.0
1785941427039850256,-0.005180534906685352,0.0
1785941427172605075,-0.00405934127047658,0.0
1785941427323126280,-0.004394102841615677,0.0
1785941427483657345,-0.005526837892830372,0.0
1785941427610098767,-0.005207564681768417,0.0
1785941427758155332,-0.004769911523908377,0.0
1785941427888055351,-0.005881826858967543,0.0
1785941428038993084,-0.006833478808403015,0.0
1785941428193395656,-0.004843571223318577,0.0
1785941428321593433,-0.0060942950658500195,0.0
1785941428485976616,-0.004053764510899782,0.0
1785941428604463713,-0.0065478309988975525,0.0
1785941428757935048,-0.006738605443388224,0.0
1785941428911280010,-0.0045722718350589275,0.0
1785941429040098868,-0.004262920934706926,0.0
1785941429192533139,-0.006307763047516346,0.0
1785941429328950276,-0.00410184171050787,0.0
1785941429472533355,-0.007929746992886066,0.0
1785941429632198819,-0.006771871354430914,0.0
1785941429769757920,-0.007460140623152256,0.0
1785941429929482842,-0.004217935260385275,0.0
1785941430063991265,-0.0013797510182484984,0.0
1785941430222594991,-0.007449331693351269,0.0
1785941430405020987,-0.008943918161094189,0.0
1785941430547944712,-0.005333464592695236,0.0
1785941430698203059,-0.005200478248298168,0.0
1785941430827286215,-0.006130367051810026,0.0
1785941430971543720,-0.003733923425897956,0.0
1785941431120354555,-0.00755850225687027,0.0
1785941431248617199,-0.006664269138127565,0.0
1785941431401149714,-0.006458085961639881,0.0
1785941431528174294,-0.005163568537682295,0.0
1785941431679958268,-0.006202847696840763,0.0
1785941431833900885,-0.008189062587916851,0.0
1785941431966639447,-0.00666686100885272,0.0
1785941432118150130,-0.007292642258107662,0.0
1785941432249713543,-0.005948848556727171,0.0
1785941432404623142,-0.004934805911034346,0.0
1785941432572282260,-0.006128763314336538,0.0
1785941432704151252,-0.005546088796108961,0.0
1785941432857891078,-0.00664568692445755,0.0
1785941432990454081,-0.0023212323430925608,0.0
1785941433162549467,-0.007717323489487171,0.0
1785941433323979511,-0.0033278788905590773,0.0
1785941433453886956,-0.006143629550933838,0.0
1785941433614309537,-0.008182222954928875,0.0
1785941433744974354,-0.004311194643378258,0.0
1785941433895277950,-0.00588975241407752,0.0
1785941434051202021,-0.0077761332504451275,0.0
1785941434180885552,-0.004053899087011814,0.0
1785941434327943006,-0.007933719083666801,0.0
1785941434458945469,-0.0072916410863399506,0.0
1785941434604820765,-0.0060743666253983974,0.0
1785941434754244103,-0.00902706477791071,0.0
1785941434879442053,-0.004159566946327686,0.0
1785941435025714900,-0.007784788031131029,0.0
1785941435156176542,-0.005463277921080589,0.0
1785941435310358305,-0.00647644093260169,0.0
1785941435466110176,-0.0042986092157661915,0.0
1785941435596633100,-0.0071070436388254166,0.0
1785941435749640129,-0.003080015769228339,0.0
1785941435888664984,-0.0074381218291819096,0.0
1785941436049243187,-0.009018936194479465,0.0
1785941436207643385,-0.005472453776746988,0.0
1785941436347496816,-0.005296668037772179,0.0
1785941436507749054,-0.0035262794699519873,0.0
1785941436642627763,-0.006274699233472347,0.0
1785941436796419111,-0.006448060739785433,0.0
1785941436956801562,-0.005655383225530386,0.0
1785941437093742144,-0.006213755812495947,0.0
1785941437253149325,-0.004728266969323158,0.0
1785941437392747738,-0.004698102828115225,0.0
1785941437548736323,-0.004385252017527819,0.0
1785941437710104253,-0.007537526078522205,0.0
1785941437845625739,-0.0039420416578650475,0.0
1785941438004447138,-0.005353348329663277,0.0
1785941438139096718,-0.005442523397505283,0.0
1785941438290613001,-0.0035750383976846933,0.0
1785941438452025413,-0.0069757611490786076,0.0
1785941438588752962,-0.004969192668795586,0.0
1785941438747173609,-0.0053779808804392815,0.0
1785941438882629013,-0.005868447478860617,0.0
1785941439042679227,-0.004555338993668556,0.0
1785941439201894849,-0.005232071503996849,0.0
1785941439345583981,-0.002020190004259348,0.0
1785941439501429776,-0.005891753826290369,0.0
1785941439653054031,-0.005214964970946312,0.0
1785941439836262745,-0.006432000081986189,0.0
1785941440020762613,-0.0048446073196828365,0.0
1785941440159269047,-0.00488252704963088,0.0
1785941440312974472,-0.004918706137686968,0.0
1785941440440600387,-0.005106801632791758,0.0
1785941440594673570,-0.009004486724734306,0.0
1785941440755425572,-0.004984836559742689,0.0
1785941440887224033,-0.007520327810198069,0.0
1785941441038331788,-0.0040643406100571156,0.0
1785941441167766926,-0.005854777060449123,0.0
1785941441318936988,-0.005572070367634296,0.0
1785941441469232360,-0.006694115698337555,0.0
1785941441600242599,-0.00729224132373929,0.0
1785941441751483992,-0.005518201272934675,0.0
1785941441878236881,-0.007233709096908569,0.0
1785941442024714665,-0.0068185231648385525,0.0
1785941442171799544,-0.002690383465960622,0.0
1785941442299396722,-0.004935074131935835,0.0
1785941442445493083,-0.0016662925481796265,0.0
1785941442574293060,-0.0038490795996040106,0.0
1785941442721506137,-0.0061407797038555145,0.0
1785941442871289297,-0.0072921342216432095,0.0
1785941442999411135,-0.007048357278108597,0.0
1785941443148266291,-0.004694851115345955,0.0
1785941443298500061,-0.006651601288467646,0.0
1785941443427413738,-0.006856393069028854,0.0
1785941443586343557,-0.004418361000716686,0.0
1785941443710280306,-0.007074603345245123,0.0
1785941443860676226,-0.007945582270622253,0.0
1785941444021111799,-0.0020681731402873993,0.0
1785941444153704244,-0.006806335877627134,0.0
1785941444308093822,-0.007041920442134142,0.0
1785941444439150527,-0.005971282254904509,0.0
1785941444591941484,-0.006060107611119747,0.0
1785941444745037668,-0.007014460861682892,0.0
1785941444873147475,-0.0059904311783611774,0.0
1785941445023151219,-0.0071946061216294765,0.0
1785941445163580960,-0.006042227149009705,0.0
1785941445314906964,-0.00578288221731782,0.0
1785941445469396643,-0.005029859486967325,0.0
1785941445599632292,-0.005357144866138697,0.0
1785941445753457560,-0.00528861116617918,0.0
1785941445884461751,-0.006915740203112364,0.0
1785941446035098000,-0.005107217468321323,0.0
1785941446191524042,-0.006593977566808462,0.0
1785941446323282630,-0.005158805754035711,0.0
1785941446485634662,-0.005060823168605566,0.0
1785941446668347645,-0.00570438988506794,0.0
1785941446851833233,-0.00591629883274436,0.0
1785941447008521045,-0.006479640956968069,0.0
1785941447136459069,-0.007565376348793507,0.0
1785941447284717626,-0.005869295448064804,0.0
1785941447412001192,-0.00545335840433836,0.0
1785941447558132882,-0.0042617120780050755,0.0
1785941447712965806,-0.006925737019628286,0.0
1785941447846398251,-0.0034090715926140547,0.0
1785941448000774038,-0.004532218910753727,0.0
1785941448137422672,-0.008622758090496063,0.0
1785941448286133662,-0.007895431481301785,0.0
1785941448438275057,-0.008540922775864601,0.0
1785941448564186666,-0.008406047709286213,0.0
1785941448722478157,-0.004700816236436367,0.0
1785941448856031471,-0.0044128322042524815,0.0
1785941449006529250,-0.005155107472091913,0.0
1785941449162746836,-0.008553765714168549,0.0
1785941449288259166,-0.0029600881971418858,0.0
1785941449439734039,-0.0055065881460905075,0.0
1785941449568892302,-0.007574428338557482,0.0
1785941449718442589,-0.004966231063008308,0.0
1785941449869464709,-0.005862751975655556,0.0
1785941449998276367,-0.007214405573904514,0.0
1785941450148460950,-0.0041721356101334095,0.0
1785941450282755349,-0.0038866240065544844,0.0
1785941450432529612,-0.006164075341075659,0.0
1785941450584584861,-0.005175206810235977,0.0
1785941450712818640,-0.002572081284597516,0.0
1785941450862946421,-0.004406988155096769,0.0
1785941450992516828,-0.004753954708576202,0.0
1785941451139860533,-0.0059360782615840435,0.0
1785941451288433822,-0.007360558956861496,0.0
1785941451416621488,-0.00436082947999239,0.0
1785941451566983262,-0.0075289481319487095,0.0
1785941451694614970,-0.005146572832018137,0.0
1785941451847132316,-0.00734316511079669,0.0
1785941452023240946,-0.0076944176107645035,0.0
1785941452158432628,-0.005556021351367235,0.0
1785941452308003427,-0.005057044327259064,0.0
1785941452434105156,-0.005162317305803299,0.0
1785941452579515378,-0.009468945674598217,0.0
1785941452728976093,-0.005383706651628017,0.0
1785941452855385898,-0.007222488522529602,0.0
1785941453005801594,-0.004877113737165928,0.0
1785941453134898575,-0.006268245168030262,0.0
1785941453298241557,-0.004183510784059763,0.0
1785941453497562993,-0.004022833425551653,0.0
1785941453668548064,-0.004857971332967281,0.0
1785941453827204017,-0.00557548925280571,0.0
1785941453966129187,-0.006350591313093901,0.0
1785941454119889557,-0.008469476364552975,0.0
1785941454288484072,-0.003985101357102394,0.0
1785941454431411605,-0.003276422619819641,0.0
1785941454587161269,-0.003285714890807867,0.0
1785941454726541625,-0.00713686179369688,0.0
1785941454879380840,-0.0066094426438212395,0.0
1785941455030783550,-0.0048224469646811485,0.0
1785941455158621346,-0.007501746527850628,0.0
1785941455306667095,-0.007163347210735083,0.0
1785941455432662931,-0.007996790111064911,0.0
1785941455580538177,-0.004185170400887728,0.0
1785941455732098366,-0.005416744854301214,0.0
1785941455863083260,-0.007147612515836954,0.0
1785941456013938621,-0.0066155921667814255,0.0
1785941456146387060,-0.004638269077986479,0.0
1785941456289462728,-0.005963545758277178,0.0
1785941456442603778,-0.004890359006822109,0.0
1785941456574096308,-0.004720703698694706,0.0
1785941456725683730,-0.004270711448043585,0.0
1785941456860646474,-0.007624551188200712,0.0
1785941457011620528,-0.004797463770955801,0.0
1785941457165954745,-0.004665747284889221,0.0
1785941457295690215,-0.004021938890218735,0.0
1785941457446587818,-0.005572793539613485,0.0
1785941457578454730,-0.005436245817691088,0.0
1785941457726871981,-0.006122050806879997,0.0
1785941457879140774,-0.003128673881292343,0.0
1785941458008005745,-0.006782901473343372,0.0
1785941458157506398,-0.0069114151410758495,0.0
1785941458288144879,-0.004935267381370068,0.0
1785941458436712151,-0.004603659268468618,0.0
1785941458586444205,-0.0030658524483442307,0.0
1785941458712486860,-0.003936852794140577,0.0
1785941458859038534,-0.006557151209563017,0.0
1785941458987297338,-0.004096383228898048,0.0
1785941459134805914,-0.004354450851678848,0.0
1785941459284402251,-0.0066701266914606094,0.0
1785941459412214093,-0.002553326077759266,0.0
1785941459566211785,-0.005762556567788124,0.0
1785941459696310725,-0.005317092407494783,0.0
1785941459845451588,-0.005797191057354212,0.0
1785941460005810934,-0.008341021835803986,0.0
1785941460184039871,-0.006163748446851969,0.0
1785941460351546727,-0.0067505985498428345,0.0
1785941460515976375,-0.0068064238876104355,0.0
1785941460676930465,-0.005747942719608545,0.0
1785941460829314334,-0.00423470651730895,0.0
1785941460964641669,-0.008028978481888771,0.0
1785941461126605814,-0.005631154868751764,0.0
1785941461266627570,-0.006117587443441153,0.0
1785941461427962219,-0.006564496550709009,0.0
1785941461580749080,-0.007674267049878836,0.0
1785941461708207853,-0.00697106821462512,0.0
1785941461857305898,-0.0077748969197273254,0.0
1785941461986145877,-0.006009174045175314,0.0
1785941462133539600,-0.005709752906113863,0.0
1785941462283220836,-0.005741452798247337,0.0
1785941462413055925,-0.0035555085632950068,0.0
1785941462561881320,-0.005773196928203106,0.0
1785941462713247133,-0.00546078709885478,0.0
1785941462844093494,-0.003029639832675457,0.0
1785941462994997497,-0.006318132393062115,0.0
1785941463125519046,-0.007998231798410416,0.0
1785941463272757851,-0.005341858137398958,0.0
1785941463423652798,-0.006825793534517288,0.0
1785941463553660822,-0.005145200062543154,0.0
1785941463704403155,-0.006375674158334732,0.0
1785941463831601950,-0.005885738879442215,0.0
1785941463977234901,-0.0037862733006477356,0.0
1785941464126872871,-0.007233471609652042,0.0
1785941464256865247,-0.009114280343055725,0.0
1785941464409918038,-0.004622322041541338,0.0
1785941464540067859,-0.005335672292858362,0.0
1785941464687469807,-0.004722265526652336,0.0
1785941464840471044,-0.006200244650244713,0.0
1785941464968693174,-0.004842082969844341,0.0
1785941465120842602,-0.0063902162946760654,0.0
1785941465247704296,-0.004118903540074825,0.0
1785941465396914890,-0.0021082176826894283,0.0
1785941465551684323,-0.008001691661775112,0.0
1785941465680429258,-0.005574431736022234,0.0
1785941465830785208,-0.008657563477754593,0.0
1785941465958937449,-0.005693478975445032,0.0
1785941466106045529,-0.005244260188192129,0.0
1785941466257326827,-0.003720591776072979,0.0
1785941466385103372,-0.0052260360680520535,0.0
1785941466535874058,-0.005210767965763807,0.0
1785941466663822931,-0.007100971881300211,0.0
1785941466812343065,-0.00960030872374773,0.0
1785941466964835035,-0.0036346386186778545,0.0
1785941467098114130,-0.007431555073708296,0.0
1785941467328035057,-0.005841982550919056,0.0
1785941467469894486,-0.006942735519260168,0.0
1785941467633420451,-0.00634079659357667,0.0
1785941467795589372,-0.00552868377417326,0.0
1785941467934176865,-0.0062646642327308655,0.0
1785941468091315767,-0.00770915299654007,0.0
1785941468238326979,-0.0031012322288006544,0.0
1785941468392421858,-0.007033913396298885,0.0
1785941468550489020,-0.0030258726328611374,0.0
1785941468682132564,-0.005853882525116205,0.0
1785941468831845609,-0.0049885716289281845,0.0
1785941468961517844,-0.003956569824367762,0.0
1785941469109136664,-0.006284875795245171,0.0
1785941469259505863,-0.006935653276741505,0.0
1785941469390863859,-0.007394606247544289,0.0
1785941469548155599,-0.0044489046558737755,0.0
1785941469681017973,-0.008717428892850876,0.0
1785941469832597235,-0.0035960967652499676,0.0
1785941469986482794,-0.007532326504588127,0.0
1785941470115897835,-0.002397787058725953,0.0
1785941470266167126,-0.005263505037873983,0.0
1785941470395176200,-0.004994161892682314,0.0
1785941470543681486,-0.004433223512023687,0.0
1785941470698290049,-0.005186393857002258,0.0
1785941470827341108,-0.006371133960783482,0.0
1785941470973798763,-0.007341510150581598,0.0
1785941471101458888,-0.0078635448589921,0.0
1785941471268097550,-0.006471611559391022,0.0
1785941471428323004,-0.005982978269457817,0.0
1785941471565174206,-0.004685267806053162,0.0
1785941471727953358,-0.005461611319333315,0.0
1785941471862589562,-0.006116910837590694,0.0
1785941472012570329,-0.0031517306342720985,0.0
1785941472168480415,-0.0052477046847343445,0.0
1785941472298738753,-0.004336729180067778,0.0
1785941472451591664,-0.008896528743207455,0.0
1785941472579852613,-0.005488515365868807,0.0
1785941472729050726,-0.0063284821808338165,0.0
1785941472883561493,-0.005971001461148262,0.0
1785941473015268463,-0.005909151863306761,0.0
1785941473166824684,-0.004598964471369982,0.0
1785941473294669968,-0.0038713107351213694,0.0
1785941473443460322,-0.006998519878834486,0.0
1785941473596243598,-0.005565385799854994,0.0
1785941473743628841,-0.007700836751610041,0.0
1785941473922935707,-0.004613195080310106,0.0
1785941474075379674,-0.005437849555164576,0.0
1785941474256623320,-0.004523484967648983,0.0
1785941474424246085,-0.0049409037455916405,0.0
1785941474568622155,-0.006694887299090624,0.0
1785941474745878509,-0.007043252699077129,0.0
1785941474886476577,-0.00532973138615489,0.0
1785941475038121185,-0.004909507464617491,0.0
1785941475191155415,-0.004753182176500559,0.0
1785941475319573553,-0.004843329079449177,0.0
1785941475471852746,-0.004025263246148825,0.0
1785941475600132575,-0.005653912201523781,0.0
1785941475751727838,-0.006604952272027731,0.0
1785941475904778196,-0.005212889984250069,0.0
1785941476038781512,-0.006979144178330898,0.0
1785941476194238428,-0.009203726425766945,0.0
1785941476323772673,-0.0052560544572770596,0.0
1785941476474776713,-0.005291624926030636,0.0
1785941476626491404,-0.004576472099870443,0.0
1785941476756703756,-0.001978596206754446,0.0
1785941476906269115,-0.004447480197995901,0.0
1785941477034530896,-0.004844633862376213,0.0
1785941477179597712,-0.005140125285834074,0.0
1785941477330259178,-0.006464094389230013,0.0
1785941477461312811,-0.0038603118155151606,0.0
1785941477610980991,-0.008107597008347511,0.0
1785941477740177751,-0.003791727125644684,0.0
1785941477884787142,-0.0080662090331316,0.0
1785941478035379006,-0.004664343316107988,0.0
1785941478162777584,-0.005260838195681572,0.0
1785941478310747426,-0.007930547930300236,0.0
1785941478436537110,-0.004478210583329201,0.0
1785941478584251294,-0.007899176329374313,0.0
1785941478737033066,-0.00572621077299118,0.0
1785941478865036628,-0.004568822216242552,0.0
1785941479016846939,-0.004079063888639212,0.0
1785941479151764146,-0.0045311967842280865,0.0
1785941479308199756,-0.007113324943929911,0.0
1785941479472479319,-0.003431426826864481,0.0
1785941479600702314,-0.005678296089172363,0.0
1785941479750012239,-0.004811821039766073,0.0
1785941479880230671,-0.005397267173975706,0.0
1785941480034837347,-0.0066673774272203445,0.0
1785941480194936555,-0.006591854151338339,0.0
1785941480339097193,-0.007743217051029205,0.0
1785941480499488541,-0.0067115421406924725,0.0
1785941480638799358,-0.005236303899437189,0.0
1785941480799360632,-0.0057961419224739075,0.0
1785941480977055500,-0.004187468905001879,0.0
1785941481120628755,-0.00845303013920784,0.0
1785941481270904638,-0.006164801772683859,0.0
1785941481403318932,-0.008572675287723541,0.0
1785941481555620877,-0.007884855382144451,0.0
1785941481715521774,-0.007807878311723471,0.0
1785941481846702292,-0.005768056493252516,0.0
1785941481997375982,-0.005394149571657181,0.0
1785941482126173463,-0.008870083838701248,0.0
1785941482269202505,-0.0066724903881549835,0.0
1785941482417491591,-0.007038059178739786,0.0
1785941482543589543,-0.007212451193481684,0.0
1785941482691996042,-0.008282835595309734,0.0
1785941482822059044,-0.007808843161910772,0.0
1785941482971151681,-0.005520697217434645,0.0
1785941483125488522,-0.005733225494623184,0.0
1785941483252386601,-0.007257993798702955,0.0
1785941483399526746,-0.005327255930751562,0.0
1785941483525014755,-0.003896447829902172,0.0
1785941483669862651,-0.005093424580991268,0.0
1785941483818586314,-0.007959770038723946,0.0
1785941483953627174,-0.005769308190792799,0.0
1785941484104883127,-0.0034655381459742785,0.0
1785941484232217639,-0.006055538076907396,0.0
1785941484375992278,-0.00450189970433712,0.0
1785941484525359518,-0.005850203335285187,0.0
1785941484651730024,-0.005191325675696135,0.0
1785941484801356954,-0.0037748459726572037,0.0
1785941484930535538,-0.009168293327093124,0.0
1785941485078628360,-0.004862783011049032,0.0
1785941485228663274,-0.007252113427966833,0.0
1785941485354781963,-0.00527506647631526,0.0
1785941485501981503,-0.0055269598960876465,0.0
1785941485627620333,-0.007428070530295372,0.0
1785941485772221852,-0.005819438491016626,0.0
1785941485923659860,-0.005955682136118412,0.0
1785941486051900264,-0.004949014633893967,0.0
1785941486201406709,-0.005132933612912893,0.0
1785941486330269825,-0.004819859750568867,0.0
1785941486475971962,-0.005493382923305035,0.0
1785941486626833116,-0.006275656633079052,0.0
1785941486753349708,-0.0063993968069553375,0.0
1785941486901773487,-0.006986685562878847,0.0
1785941487034085889,-0.005638767033815384,0.0
1785941487184482897,-0.003286760998889804,0.0
1785941487337142584,-0.005871002096682787,0.0
1785941487469417385,-0.00557106314226985,0.0
1785941487618590057,-0.005493499338626862,0.0
1785941487765500017,-0.0040015289559960365,0.0
1785941487915855935,-0.004916048608720303,0.0
1785941488066523482,-0.006810131948441267,0.0
1785941488194978261,-0.008406240493059158,0.0
1785941488345803286,-0.005562073551118374,0.0
1785941488480762478,-0.005557327996939421,0.0
1785941488630252635,-0.005276925396174192,0.0
1785941488779967184,-0.006942003034055233,0.0
1785941488907066871,-0.008149756118655205,0.0
1785941489052454756,-0.005938599351793528,0.0
1785941489178514211,-0.007663561962544918,0.0
1785941489322413239,-0.007417099084705114,0.0
1785941489472491418,-0.00822049006819725,0.0
1785941489601318820,-0.004774610977619886,0.0
1785941489750128022,-0.009231003001332283,0.0
1785941489877153211,-0.007344583049416542,0.0
1785941490026455072,-0.007424036972224712,0.0
1785941490178433805,-0.007826634682714939,0.0
1785941490308239773,-0.006583962123841047,0.0
1785941490458266783,-0.006126325111836195,0.0
1785941490589106167,-0.005772366654127836,0.0
1785941490733948879,-0.006818614900112152,0.0
1785941490885504812,-0.0059103891253471375,0.0
1785941491015931604,-0.0037782785948365927,0.0
1785941491162526225,-0.006863024551421404,0.0
1785941491290711458,-0.007635148242115974,0.0
1785941491435435445,-0.005732963792979717,0.0
1785941491586367706,-0.005639992654323578,0.0
1785941491715859902,-0.0028268881142139435,0.0
1785941491863658601,-0.008579681627452374,0.0
1785941491995631117,-0.003946436569094658,0.0
1785941492144379997,-0.003230948466807604,0.0
1785941492303883758,-0.0028274748474359512,0.0
1785941492437174790,-0.005129294469952583,0.0
1785941492592727550,-0.005315385293215513,0.0
1785941492735026611,-0.007099182344973087,0.0
1785941492879548031,-0.004627586342394352,0.0
1785941493027229157,-0.0071337237022817135,0.0
1785941493155589789,-0.004594710655510426,0.0
1785941493308538544,-0.005548391491174698,0.0
1785941493436377748,-0.0069555542431771755,0.0
1785941493581935016,-0.007413314655423164,0.0
1785941493734885723,-0.004962816368788481,0.0
1785941493869882645,-0.007020218297839165,0.0
1785941494026571769,-0.005604578647762537,0.0
1785941494180196518,-0.005368384066969156,0.0
1785941494366516104,-0.005848662927746773,0.0
1785941494564833117,-0.008429363369941711,0.0
1785941494700795132,-0.007416840642690659,0.0
1785941494853178041,-0.008356625214219093,0.0
1785941494993267929,-0.0067560989409685135,0.0
1785941495147361176,-0.004948084708303213,0.0
1785941495309899487,-0.005254759918898344,0.0
1785941495441131079,-0.006995593197643757,0.0
1785941495591013283,-0.005608472973108292,0.0
1785941495720270878,-0.008519282564520836,0.0
1785941495871182049,-0.0059167686849832535,0.0
1785941496025934970,-0.00581740215420723,0.0
1785941496154357781,-0.00679079769179225,0.0
1785941496308050212,-0.008175404742360115,0.0
1785941496442540523,-0.004322138614952564,0.0
1785941496595955696,-0.005553584545850754,0.0
1785941496729578900,-0.008966471999883652,0.0
1785941496879584821,-0.0077613238245248795,0.0
1785941497035376470,-0.0073470198549330235,0.0
1785941497165787902,-0.0039527881890535355,0.0
1785941497315786334,-0.005555329378694296,0.0
1785941497447389780,-0.00616966187953949,0.0
1785941497593468060,-0.008687480352818966,0.0
1785941497746359053,-0.008975379168987274,0.0
1785941497874142414,-0.004029683768749237,0.0
1785941498025469474,-0.0065615177154541016,0.0
1785941498150208782,-0.0074776699766516685,0.0
1785941498295998827,-0.009688462130725384,0.0
1785941498449637912,-0.008146067149937153,0.0
1785941498576216299,-0.00505970511585474,0.0
1785941498724061208,-0.007086836267262697,0.0
1785941498851568879,-0.005401720758527517,0.0
1785941498997637879,-0.005807632580399513,0.0
1785941499149543809,-0.005430710036307573,0.0
1785941499276455393,-0.004430666565895081,0.0
1785941499428128962,-0.003461784915998578,0.0
1785941499557839887,-0.0043894206173717976,0.0
1785941499709301640,-0.004455686546862125,0.0
1785941499863723956,-0.007028562948107719,0.0
1785941499998070517,-0.0043346271850168705,0.0
1785941500154201379,-0.003378400346264243,0.0
1785941500282335698,-0.0056261965073645115,0.0
1785941500446271280,-0.0035205259919166565,0.0
1785941500602106739,-0.006496524438261986,0.0
1785941500734314048,-0.004756678827106953,0.0
1785941500901847721,-0.006368021946400404,0.0
1785941501069971593,-0.005585419479757547,0.0
1785941501254877397,-0.004597118590027094,0.0
1785941501424760826,-0.007343553006649017,0.0
1785941501558776269,-0.006757176481187344,0.0
1785941501717192532,-0.005242464132606983,0.0
1785941501855736888,-0.0088943000882864,0.0
1785941502015927556,-0.005390677135437727,0.0
1785941502188721753,-0.0065511902794241905,0.0
1785941502319902271,-0.006010056938976049,0.0
1785941502468326594,-0.004437980242073536,0.0
1785941502598859215,-0.008096517063677311,0.0
1785941502747530588,-0.004475751426070929,0.0
1785941502898522882,-0.005202870350331068,0.0
1785941503037136905,-0.004054240416735411,0.0
1785941503190136477,-0.007184560876339674,0.0
1785941503325288925,-0.00531397107988596,0.0
1785941503480809716,-0.006307495292276144,0.0
1785941503634259450,-0.006249730940908194,0.0
1785941503763596696,-0.003972658421844244,0.0
1785941503916771316,-0.004955226089805365,0.0
1785941504046284217,-0.004423663020133972,0.0
1785941504193474732,-0.005125468596816063,0.0
1785941504345607423,-0.00852790754288435,0.0
1785941504477723913,-0.005659298039972782,0.0
1785941504627476960,-0.005584466736763716,0.0
1785941504758827148,-0.005014544818550348,0.0
1785941504905677042,-0.004531417973339558,0.0
1785941505060905438,-0.007724880240857601,0.0
1785941505188089256,-0.005172948818653822,0.0
1785941505334994416,-0.005556932650506496,0.0
1785941505466011376,-0.004610270727425814,0.0
1785941505614777792,-0.00340016046538949,0.0
1785941505767713138,-0.007092623971402645,0.0
1785941505898447079,-0.006077519152313471,0.0
1785941506041643103,-0.004854150582104921,0.0
1785941506171692185,-0.005267311353236437,0.0
1785941506321464752,-0.005537107121199369,0.0
1785941506473620708,-0.007841586135327816,0.0
1785941506602864479,-0.005707299802452326,0.0
1785941506750126421,-0.006662705913186073,0.0
1785941506880051049,-0.005102558061480522,0.0
1785941507033835837,-0.004741438664495945,0.0
1785941507192593521,-0.0042264084331691265,0.0
1785941507326922161,-0.002937908982858062,0.0
1785941507475503962,-0.007097700145095587,0.0
1785941507607101456,-0.005612057168036699,0.0
1785941507803123724,-0.008466610684990883,0.0
1785941507968677384,-0.006243611220270395,0.0
1785941508175742704,-0.005514431279152632,0.0
1785941508342811527,-0.003815495176240802,0.0
1785941508476009243,-0.003626134479418397,0.0
1785941508630536363,-0.003987947013229132,0.0
1785941508794220895,-0.0065576666966080666,0.0
1785941508940683446,-0.005940064787864685,0.0
1785941509102298873,-0.005950385704636574,0.0
1785941509233637253,-0.007015345152467489,0.0
1785941509381362861,-0.004997703712433577,0.0
1785941509531455185,-0.007147280033677816,0.0
1785941509663672575,-0.006076271180063486,0.0
1785941509813236814,-0.0027254377491772175,0.0
1785941509945929263,-0.0029514916241168976,0.0
1785941510098534772,-0.004349646624177694,0.0
1785941510256483017,-0.006591464392840862,0.0
1785941510385892010,-0.003667614422738552,0.0
1785941510537014582,-0.006933639291673899,0.0
1785941510666407670,-0.006612770259380341,0.0
1785941510813064533,-0.008104669861495495,0.0
1785941510965053154,-0.006249082740396261,0.0
1785941511093899245,-0.0063316249288618565,0.0
1785941511248035566,-0.0037218513898551464,0.0
1785941511376327684,-0.007562024984508753,0.0
1785941511523120488,-0.005089911166578531,0.0
1785941511675963734,-0.004202282987535,0.0
1785941511807802005,-0.004287362098693848,0.0
1785941511961173657,-0.006215604022145271,0.0
1785941512089110144,-0.0026730538811534643,0.0
1785941512234173729,-0.0066395956091582775,0.0
1785941512384447148,-0.006269264500588179,0.0
1785941512510862009,-0.005690330173820257,0.0
1785941512657981833,-0.007291040848940611,0.0
1785941512810855833,-0.004735221154987812,0.0
1785941512942126146,-0.007227354217320681,0.0
1785941513095738671,-0.007214374840259552,0.0
1785941513224530104,-0.004650854505598545,0.0
1785941513368680149,-0.004572180565446615,0.0
1785941513517936312,-0.004149884916841984,0.0
1785941513644308259,-0.0036525982432067394,0.0
1785941513797031245,-0.007802058942615986,0.0
1785941513926700984,-0.004514933563768864,0.0
1785941514076519346,-0.0019457988673821092,0.0
1785941514235297767,-0.0039110202342271805,0.0
1785941514369358076,-0.005542045924812555,0.0
1785941514521622261,-0.009486227296292782,0.0
1785941514686844100,-0.0035200663842260838,0.0
1785941514869809060,-0.0071454402059316635,0.0
1785941515052238384,-0.004844413138926029,0.0
1785941515186684980,-0.007903456687927246,0.0
1785941515336381705,-0.007206323090940714,0.0
1785941515466423586,-0.004904244095087051,0.0
1785941515616686381,-0.006206744350492954,0.0
1785941515772763513,-0.004672393202781677,0.0
1785941515904767391,-0.005310533102601767,0.0
1785941516062449545,-0.005358065944164991,0.0
1785941516191260691,-0.004315925296396017,0.0
1785941516342990071,-0.006120305508375168,0.0
1785941516497223003,-0.0063666170462965965,0.0
1785941516625355211,-0.0086068632081151,0.0
1785941516777069325,-0.004706020466983318,0.0
1785941516906369322,-0.00560679892078042,0.0
1785941517064804466,-0.006689665839076042,0.0
1785941517220592435,-0.004248552490025759,0.0
1785941517350097592,-0.007179384585469961,0.0
1785941517500910392,-0.005870947148650885,0.0
1785941517627830264,-0.005423798691481352,0.0
1785941517777612240,-0.004782907664775848,0.0
1785941517938290543,-0.007764378096908331,0.0
1785941518061513151,-0.0034328980837017298,0.0
1785941518215439320,-0.003574616275727749,0.0
1785941518347423005,-0.0019354724790900946,0.0
1785941518498827924,-0.006688055116683245,0.0
1785941518654167715,-0.004926752764731646,0.0
1785941518790422990,-0.003927505109459162,0.0
1785941518940330123,-0.006095242220908403,0.0
1785941519071821277,-0.007560031488537788,0.0
1785941519222337041,-0.004414887633174658,0.0
1785941519370857784,-0.006928945891559124,0.0
1785941519498482483,-0.0053176917135715485,0.0
1785941519650893649,-0.006351009011268616,0.0
1785941519794290385,-0.006278895307332277,0.0
1785941519926654853,-0.006394177209585905,0.0
1785941520076329305,-0.004851071629673243,0.0
1785941520202385943,-0.003201245330274105,0.0
1785941520349548106,-0.006028575357049704,0.0
1785941520476507979,-0.00603881198912859,0.0
1785941520630435012,-0.005263575352728367,0.0
1785941520771624334,-0.004930504132062197,0.0
1785941520902729777,-0.006294007878750563,0.0
1785941521070177431,-0.00601742509752512,0.0
1785941521208685881,-0.00781682226806879,0.0
1785941521362417162,-0.007412962149828672,0.0
1785941521586671886,-0.0072432029992341995,0.0
1785941521750206780,-0.008154284209012985,0.0
1785941521908540192,-0.0059007746167480946,0.0
1785941522037841404,-0.0077727120369672775,0.0
1785941522186938394,-0.005179679021239281,0.0
1785941522339350584,-0.007672780659049749,0.0
1785941522470858602,-0.00926102977246046,0.0
1785941522627413737,-0.0055259717628359795,0.0
1785941522769119367,-0.004733969923108816,0.0
1785941522930286681,-0.006010976154357195,0.0
1785941523087455632,-0.007394824642688036,0.0
1785941523220636547,-0.006122755352407694,0.0
1785941523373812191,-0.002315185032784939,0.0
1785941523504845855,-0.006465348415076733,0.0
1785941523656227637,-0.008314091712236404,0.0
1785941523804727099,-0.006428799591958523,0.0
1785941523945739582,-0.005637207068502903,0.0
1785941524105615678,-0.00394258601590991,0.0
1785941524239938270,-0.005147587973624468,0.0
1785941524393391684,-0.002308132592588663,0.0
1785941524553074781,-0.00316209951415658,0.0
1785941524685011616,-0.0027400620747357607,0.0
1785941524840486037,-0.005267049185931683,0.0
1785941524972488250,-0.0038220062851905823,0.0
1785941525123425023,-0.0029894683975726366,0.0
1785941525280804990,-0.006031897850334644,0.0
1785941525411947170,-0.007341597229242325,0.0
1785941525566218440,-0.0055749984458088875,0.0
1785941525697854367,-0.007554563693702221,0.0
1785941525851772664,-0.006907312665134668,0.0
1785941526008059820,-0.005024417769163847,0.0
1785941526140660041,-0.006208359729498625,0.0
1785941526296887771,-0.007112945895642042,0.0
1785941526428516146,-0.004651702009141445,0.0
1785941526582945663,-0.0040801349096000195,0.0
1785941526737722232,-0.004079238045960665,0.0
1785941526872693713,-0.002707042032852769,0.0
1785941527028765277,-0.004106407519429922,0.0
1785941527161345177,-0.005580544471740723,0.0
1785941527312831155,-0.009638570249080658,0.0
1785941527469667773,-0.004229061771184206,0.0
1785941527604732730,-0.005697241984307766,0.0
1785941527762013013,-0.0072191376239061356,0.0
1785941527894864795,-0.0050836182199418545,0.0
1785941528052841009,-0.00442465441301465,0.0
1785941528249804561,-0.005455483682453632,0.0
1785941528382630455,-0.005300483666360378,0.0
1785941528552351573,-0.0057256934233009815,0.0
1785941528683875144,-0.005877912510186434,0.0
1785941528840481833,-0.003766158362850547,0.0
1785941528991199109,-0.009016348980367184,0.0
1785941529124208049,-0.005737305153161287,0.0
1785941529280317279,-0.00352472229860723,0.0
1785941529413867265,-0.0034265764988958836,0.0
1785941529562765814,-0.006397325079888105,0.0
1785941529713847329,-0.007032941095530987,0.0
1785941529841884460,-0.005762369371950626,0.0
1785941529994235560,-0.005714567843824625,0.0
1785941530125902816,-0.006955334451049566,0.0
1785941530276038086,-0.006742578931152821,0.0
1785941530429541998,-0.004861095454543829,0.0
1785941530560156446,-0.005653741769492626,0.0
1785941530715179329,-0.006479803938418627,0.0
1785941530843330769,-0.004806465934962034,0.0
1785941530990926164,-0.004840254783630371,0.0
1785941531143625310,-0.007431964855641127,0.0
1785941531270843785,-0.0077840364538133144,0.0
1785941531419100230,-0.0062059382908046246,0.0
1785941531546444823,-0.006078429985791445,0.0
1785941531691500343,-0.003908681217581034,0.0
1785941531840665239,-0.00806187279522419,0.0
1785941531973104141,-0.005543885752558708,0.0
1785941532131744637,-0.005368269048631191,0.0
1785941532292538657,-0.010220394469797611,0.0
1785941532423212371,-0.007341220509260893,0.0
1785941532576816735,-0.005356889683753252,0.0
1785941532708561211,-0.003757139667868614,0.0
1785941532857476401,-0.003664037212729454,0.0
1785941533011519374,-0.0031103896908462048,0.0
1785941533139562426,-0.008313924074172974,0.0
1785941533303677182,-0.0054620131850242615,0.0
1785941533435976015,-0.006978905759751797,0.0
1785941533584212555,-0.0024657482281327248,0.0
1785941533735316343,-0.00624339422211051,0.0
1785941533864359817,-0.005345254670828581,0.0
1785941534013265855,-0.005052812397480011,0.0
1785941534144407075,-0.007546775974333286,0.0
1785941534289759535,-0.00517514580860734,0.0
1785941534449926842,-0.003191075986251235,0.0
1785941534576797528,-0.006303353235125542,0.0
1785941534732515223,-0.005322009790688753,0.0
1785941534868252749,-0.004206210374832153,0.0
1785941535074175113,-0.005998223088681698,0.0
1785941535266912581,-0.005760269705206156,0.0
1785941535404033009,-0.006914876401424408,0.0
1785941535555304963,-0.007695061154663563,0.0
1785941535685360989,-0.007237426470965147,0.0
1785941535840130006,-0.006163617596030235,0.0
1785941536000340931,-0.008077653124928474,0.0
1785941536136428103,-0.006852847523987293,0.0
1785941536291530446,-0.0032412197906523943,0.0
1785941536439412476,-0.0031557539477944374,0.0
1785941536591932574,-0.005065181292593479,0.0
1785941536748403834,-0.010075748898088932,0.0
1785941536876277183,-0.0055610076524317265,0.0
1785941537023336173,-0.00665985606610775,0.0
1785941537149915392,-0.006465775892138481,0.0
1785941537298953819,-0.006803813856095076,0.0
1785941537453710356,-0.005423522088676691,0.0
1785941537582988144,-0.005231831222772598,0.0
1785941537732998033,-0.0078794090077281,0.0
1785941537860725168,-0.006179756950587034,0.0
1785941538006085757,-0.003306305967271328,0.0
1785941538156203329,-0.004058820195496082,0.0
1785941538285542368,-0.005074730142951012,0.0
1785941538439062057,-0.003501884639263153,0.0
1785941538572484293,-0.005274055525660515,0.0
1785941538721998931,-0.006139210890978575,0.0
1785941538877655983,-0.003851023269817233,0.0
1785941539006925994,-0.005372754763811827,0.0
1785941539158284351,-0.004857693798840046,0.0
1785941539285120988,-0.004707389511168003,0.0
1785941539430827254,-0.004793393425643444,0.0
1785941539582822692,-0.0062506236135959625,0.0
1785941539712313224,-0.0043685296550393105,0.0
1785941539861799476,-0.005891419481486082,0.0
1785941539991996212,-0.004159183241426945,0.0
1785941540141246487,-0.007219974882900715,0.0
1785941540291723626,-0.003839716548100114,0.0
1785941540421419190,-0.004776903428137302,0.0
1785941540572338170,-0.00663786893710494,0.0
1785941540699900275,-0.006142278201878071,0.0
1785941540848182321,-0.006228447891771793,0.0
1785941540995557387,-0.005514615215361118,0.0
1785941541130299195,-0.005272382404655218,0.0
1785941541287210856,-0.004529773257672787,0.0
1785941541423341805,-0.003637250978499651,0.0
1785941541576800020,-0.006339704617857933,0.0
1785941541769553905,-0.004393022041767836,0.0
1785941541920656988,-0.006971558555960655,0.0
1785941542115113466,-0.006332146469503641,0.0
1785941542251827031,-0.0036958877462893724,0.0
1785941542399486844,-0.00446774298325181,0.0
1785941542553054119,-0.0038738178554922342,0.0
1785941542682365380,-0.002569647505879402,0.0
1785941542834753601,-0.0051716589368879795,0.0
1785941542971580418,-0.007238985970616341,0.0
1785941543129061605,-0.006094621028751135,0.0
1785941543281131062,-0.008605162613093853,0.0
1785941543408777778,-0.0058495220728218555,0.0
1785941543560376401,-0.004204402677714825,0.0
1785941543692421976,-0.005562827922403812,0.0
1785941543840638387,-0.005636750254780054,0.0
1785941543992250194,-0.006526351440697908,0.0
1785941544121619569,-0.006672990974038839,0.0
1785941544267354508,-0.008442034013569355,0.0
1785941544393525039,-0.00528915086761117,0.0
1785941544541370204,-0.005586196202784777,0.0
1785941544696302875,-0.0049444097094237804,0.0
1785941544825226121,-0.0044938032515347,0.0
1785941544976524860,-0.0066890050657093525,0.0
1785941545108146451,-0.005237864330410957,0.0
1785941545263231929,-0.004899614956229925,0.0
1785941545425754175,-0.008503948338329792,0.0
1785941545561091910,-0.005096302833408117,0.0
1785941545715794461,-0.005136619322001934,0.0
1785941545853387132,-0.006154404953122139,0.0
1785941546001511444,-0.0036266189999878407,0.0
1785941546153741770,-0.0037465726491063833,0.0
1785941546280005841,-0.0050110104493796825,0.0
1785941546427543058,-0.005427254363894463,0.0
1785941546556529058,-0.0028015391435474157,0.0
1785941546701446365,-0.006727201864123344,0.0
1785941546853368904,-0.0036557221319526434,0.0
1785941546983437539,-0.00574836041778326,0.0
1785941547130979492,-0.007400356698781252,0.0
1785941547258397079,-0.004603540990501642,0.0
1785941547404505792,-0.007393565960228443,0.0
1785941547554494592,-0.007983054965734482,0.0
1785941547681743597,-0.0038006543181836605,0.0
1785941547831605352,-0.006580788642168045,0.0
1785941547967385729,-0.00587386405095458,0.0
1785941548122247006,-0.006392912473529577,0.0
1785941548280364889,-0.005375752225518227,0.0
1785941548412756718,-0.0033754955511540174,0.0
1785941548587766873,-0.008012796752154827,0.0
1785941548737905279,-0.006678858306258917,0.0
1785941548948764251,-0.00573923671618104,0.0
1785941549112055903,-0.004342502914369106,0.0
1785941549241828142,-0.004340327810496092,0.0
1785941549393266438,-0.007726746145635843,0.0
1785941549536003597,-0.007179906591773033,0.0
1785941549710881683,-0.007939820177853107,0.0
1785941549865333504,-0.007660799194127321,0.0
1785941549992911770,-0.0054216403514146805,0.0
1785941550139983017,-0.005073183681815863,0.0
1785941550269509166,-0.004977893549948931,0.0
1785941550414046874,-0.006462179124355316,0.0
1785941550562989041,-0.005426135845482349,0.0
1785941550691412268,-0.009034888818860054,0.0
1785941550838666114,-0.004972793161869049,0.0
1785941550964236238,-0.004822285380214453,0.0
1785941551108144673,-0.006874422542750835,0.0
1785941551255876042,-0.006340022198855877,0.0
1785941551382033004,-0.006036380771547556,0.0
1785941551528912243,-0.00456620380282402,0.0
1785941551689571858,-0.004212899599224329,0.0
1785941551827911565,-0.006515876390039921,0.0
1785941551993504235,-0.0054543958976864815,0.0
1785941552131827846,-0.006153371650725603,0.0
1785941552280706395,-0.0065664867870509624,0.0
1785941552431401654,-0.00521125691011548,0.0
1785941552563944753,-0.0061372388154268265,0.0
1785941552717539645,-0.006899307947605848,0.0
1785941552854105779,-0.00462346663698554,0.0
1785941553013998996,-0.007972093299031258,0.0
1785941553181496508,-0.005434336606413126,0.0
1785941553319359845,-0.006584601476788521,0.0
1785941553483165181,-0.006358677521348,0.0
1785941553618855602,-0.003839680925011635,0.0
1785941553773227708,-0.006293921731412411,0.0
1785941553933579950,-0.005955012980848551,0.0
1785941554066058278,-0.006493167020380497,0.0
1785941554224236228,-0.0050414809957146645,0.0
1785941554354330688,-0.006841986905783415,0.0
1785941554506941862,-0.006806336343288422,0.0
1785941554665739035,-0.004530842881649733,0.0
1785941554800481803,-0.006856540683656931,0.0
1785941554962519327,-0.005857100244611502,0.0
1785941555098812171,-0.007157252635806799,0.0
1785941555257155696,-0.00427840044721961,0.0
1785941555462114918,-0.005541968625038862,0.0
1785941555600464226,-0.003992411307990551,0.0
1785941555815164307,-0.004834769759327173,0.0
1785941555953187362,-0.007964324206113815,0.0
1785941556111903477,-0.006153374910354614,0.0
1785941556276464458,-0.005045519210398197,0.0
1785941556409554586,-0.007099932059645653,0.0
1785941556568207147,-0.0035767899826169014,0.0
1785941556702155516,-0.004330956377089024,0.0
1785941556859068040,-0.005153483711183071,0.0
1785941557012989537,-0.003561665304005146,0.0
1785941557144791967,-0.008799334056675434,0.0
1785941557308424208,-0.0038440213538706303,0.0
1785941557443500973,-0.0052459510043263435,0.0
1785941557590449015,-0.005419616121798754,0.0
1785941557747263520,-0.0028135646134614944,0.0
1785941557880699197,-0.007307215128093958,0.0
1785941558032401632,-0.0031172677408903837,0.0
1785941558163488706,-0.005133807193487883,0.0
1785941558312156206,-0.005564976949244738,0.0
1785941558463191575,-0.005006500985473394,0.0
1785941558593058346,-0.006235684733837843,0.0
1785941558744666440,-0.006146932486444712,0.0
1785941558872681587,-0.007481801323592663,0.0
1785941559019345778,-0.006859569810330868,0.0
1785941559169724705,-0.003782071638852358,0.0
1785941559296864266,-0.006013507489115,0.0
1785941559446012681,-0.003974451217800379,0.0
1785941559570636784,-0.0027536717243492603,0.0
1785941559717384690,-0.0063056014478206635,0.0
1785941559869197529,-0.004385906271636486,0.0
1785941559996652302,-0.004932560957968235,0.0
1785941560146222302,-0.004787209909409285,0.0
1785941560276202133,-0.007085768505930901,0.0
1785941560424360941,-0.004025700502097607,0.0
1785941560577636461,-0.004506072960793972,0.0
1785941560707691591,-0.003156906459480524,0.0
1785941560856970859,-0.00389481452293694,0.0
1785941560983134126,-0.007722383830696344,0.0
1785941561130980731,-0.005787727888673544,0.0
1785941561283529630,-0.005025488790124655,0.0
1785941561414285843,-0.006622235290706158,0.0
1785941561561933048,-0.005081233102828264,0.0
1785941561691741801,-0.007526157423853874,0.0
1785941561839550100,-0.0036360810045152903,0.0
1785941561991374619,-0.007792252115905285,0.0
1785941562122397595,-0.0072574433870613575,0.0
1785941562312050815,-0.004157131537795067,0.0
1785941562446599719,-0.003967813216149807,0.0
1785941562635492622,-0.008291642181575298,0.0
1785941562790057631,-0.006064089480787516,0.0
1785941562919301690,-0.003433679463341832,0.0
1785941563072725759,-0.006516314577311277,0.0
1785941563204925516,-0.004396690521389246,0.0
1785941563362494962,-0.007566130254417658,0.0
1785941563515532745,-0.008551656268537045,0.0
1785941563644659551,-0.0043312739580869675,0.0
1785941563794989100,-0.004302639048546553,0.0
1785941563929209735,-0.007162726949900389,0.0
1785941564077568552,-0.006409241817891598,0.0
1785941564230128236,-0.0035167878959327936,0.0
1785941564359833976,-0.008050412870943546,0.0
1785941564510838304,-0.007393192034214735,0.0
1785941564642604860,-0.009333879686892033,0.0
1785941564788359415,-0.006631865166127682,0.0
1785941564937753984,-0.007128904107958078,0.0
1785941565066087767,-0.007561561651527882,0.0
1785941565216437381,-0.007584075443446636,0.0
1785941565342339806,-0.004499560222029686,0.0
1785941565489185156,-0.004091029986739159,0.0
1785941565640991210,-0.004107956308871508,0.0
1785941565770738552,-0.004421747289597988,0.0
1785941565920673142,-0.0075682359747588634,0.0
1785941566048288177,-0.004664312116801739,0.0
1785941566194975409,-0.006934157107025385,0.0
1785941566347991623,-0.006214795634150505,0.0
1785941566476790608,-0.004893041215837002,0.0
1785941566626615497,-0.007248378358781338,0.0
1785941566755952359,-0.0048180194571614265,0.0
1785941566903752594,-0.008095053024590015,0.0
1785941567060722593,-0.0076971640810370445,0.0
1785941567195500883,-0.00360441068187356,0.0
1785941567345898242,-0.007706488482654095,0.0
1785941567477496024,-0.006140990182757378,0.0
1785941567629810898,-0.0065949768759310246,0.0
1785941567784679376,-0.005936880595982075,0.0
1785941567916130944,-0.007830060087144375,0.0
1785941568066467725,-0.006229977123439312,0.0
1785941568200961908,-0.005433572456240654,0.0
1785941568350325755,-0.008142555132508278,0.0
1785941568503313200,-0.006349590606987476,0.0
1785941568629481363,-0.005721717141568661,0.0
1785941568786661546,-0.0051022362895309925,0.0
1785941568921996593,-0.004740961827337742,0.0
1785941569083893535,-0.007401687558740377,0.0
1785941569250629097,-0.005206478293985128,0.0
1785941569407939461,-0.0063362522050738335,0.0
1785941569561147074,-0.0024544610641896725,0.0
1785941569691126201,-0.006481224205344915,0.0
1785941569839744612,-0.00590894278138876,0.0
1785941569998136490,-0.0027720744255930185,0.0
1785941570137572048,-0.006464553065598011,0.0
1785941570292920608,-0.006514993496239185,0.0
1785941570422587243,-0.0044494504109025,0.0
1785941570567804114,-0.006190513726323843,0.0
1785941570721047280,-0.006092853378504515,0.0
1785941570846584571,-0.0034477747976779938,0.0
1785941570995465936,-0.0025893189013004303,0.0
1785941571150839361,-0.004762382712215185,0.0
1785941571279991768,-0.0036546732299029827,0.0
1785941571433029038,-0.0055283247493207455,0.0
1785941571562796061,-0.004095944110304117,0.0
1785941571710922516,-0.0051120733842253685,0.0
1785941571869155924,-0.003305333200842142,0.0
1785941572020421094,-0.006880581844598055,0.0
1785941572186243180,-0.007433971855789423,0.0
1785941572324646890,-0.00395329762250185,0.0
1785941572487242420,-0.004716146271675825,0.0
1785941572649148003,-0.005442730151116848,0.0
1785941572781885125,-0.005724454298615456,0.0
1785941572941599614,-0.0070464895106852055,0.0
1785941573077645569,-0.005630237981677055,0.0
1785941573234720884,-0.005589812528342009,0.0
1785941573399852096,-0.003418514272198081,0.0
1785941573537382364,-0.005410200450569391,0.0
1785941573696152753,-0.007292164955288172,0.0
1785941573831437558,-0.004473090171813965,0.0
1785941573989069150,-0.008553089573979378,0.0
1785941574148252803,-0.006367725320160389,0.0
1785941574283472550,-0.006300035398453474,0.0
1785941574440346929,-0.0063688261434435844,0.0
1785941574574244000,-0.00905529037117958,0.0
1785941574729426826,-0.007170742377638817,0.0
1785941574893997696,-0.007309672888368368,0.0
1785941575028628716,-0.0060524181462824345,0.0
1785941575192042869,-0.004567774012684822,0.0
1785941575328375266,-0.006533071398735046,0.0
1785941575489992230,-0.0065680257976055145,0.0
1785941575649885510,-0.004250630270689726,0.0
1785941575785864966,-0.004920104052871466,0.0
1785941575963445110,-0.005169588141143322,0.0
1785941576113110505,-0.0030728040728718042,0.0
1785941576282160525,-0.004282869398593903,0.0
1785941576434483208,-0.007322554010897875,0.0
1785941576561202528,-0.004365972243249416,0.0
1785941576713036456,-0.006059648934751749,0.0
1785941576842350181,-0.0052983942441642284,0.0
1785941576992909435,-0.007009150926023722,0.0
1785941577153121416,-0.006748494692146778,0.0
1785941577286557765,-0.0022560502402484417,0.0
1785941577442988447,-0.007361297961324453,0.0
1785941577574612086,-0.005655685905367136,0.0
1785941577730054505,-0.00485738692805171,0.0
1785941577887110140,-0.008339982479810715,0.0
1785941578018809398,-0.005079782567918301,0.0
1785941578174804383,-0.006326424423605204,0.0
1785941578306801412,-0.006438314449042082,0.0
1785941578459042587,-0.0069129131734371185,0.0
1785941578616087693,-0.0066483099944889545,0.0
1785941578750071872,-0.007335600908845663,0.0
1785941578904431049,-0.005077693611383438,0.0
1785941579039491526,-0.004181161522865295,0.0
1785941579194216414,-0.004248082637786865,0.0
1785941579350891329,-0.007699715904891491,0.0
1785941579482494551,-0.006068279966711998,0.0
1785941579638347579,-0.007360668852925301,0.0
1785941579771300165,-0.006255606189370155,0.0
1785941579932126986,-0.004696473013609648,0.0
1785941580103182972,-0.004473437089473009,0.0
1785941580240934817,-0.006131867412477732,0.0
1785941580397871886,-0.004909777548164129,0.0
1785941580533269304,-0.006280797068029642,0.0
1785941580683772236,-0.007873708382248878,0.0
1785941580839744756,-0.004782803822308779,0.0
1785941580971260262,-0.006946805398911238,0.0
1785941581124066356,-0.007690992671996355,0.0
1785941581257993124,-0.006585137918591499,0.0
1785941581406345060,-0.00833186972886324,0.0
1785941581561692052,-0.005920333322137594,0.0
1785941581692152862,-0.008042731322348118,0.0
1785941581843856129,-0.008080665022134781,0.0
1785941581976105584,-0.0064260875806212425,0.0
1785941582136931892,-0.005382633302360773,0.0
1785941582295548675,-0.0065349009819328785,0.0
1785941582428816090,-0.0068215541541576385,0.0
1785941582583929537,-0.004683930426836014,0.0
1785941582752786269,-0.006730062887072563,0.0
1785941582917473432,-0.007026390638202429,0.0
1785941583106402880,-0.006476016249507666,0.0
1785941583242984823,-0.007066345773637295,0.0
1785941583390038085,-0.0055474392138421535,0.0
1785941583516983015,-0.0031349968630820513,0.0
1785941583667104236,-0.00667363777756691,0.0
1785941583826009862,-0.00448533846065402,0.0
1785941583960539661,-0.003512027906253934,0.0
1785941584114410628,-0.007144334260374308,0.0
1785941584245241084,-0.005752326920628548,0.0
1785941584400839830,-0.008052022196352482,0.0
1785941584564856855,-0.008383442647755146,0.0
1785941584698855146,-0.0047182305715978146,0.0
1785941584852118057,-0.006974982097744942,0.0
1785941584984398873,-0.003232876770198345,0.0
1785941585134058732,-0.00489419512450695,0.0
1785941585284986576,-0.003886437276378274,0.0
1785941585422955678,-0.005537316203117371,0.0
1785941585572971743,-0.006270773243159056,0.0
1785941585702923221,-0.0040565794333815575,0.0
1785941585851220851,-0.0064559802412986755,0.0
1785941586005122155,-0.00408134376630187,0.0
1785941586139238722,-0.006373291835188866,0.0
1785941586297772334,-0.0072039333172142506,0.0
1785941586428573541,-0.004800653085112572,0.0
1785941586577631137,-0.006265135016292334,0.0
1785941586727639969,-0.005940696690231562,0.0
1785941586858962829,-0.005933415610343218,0.0
1785941587017715105,-0.006725917104631662,0.0
1785941587151195296,-0.006059740204364061,0.0
1785941587300787664,-0.00550110824406147,0.0
1785941587456351049,-0.0067093041725456715,0.0
1785941587587618130,-0.0054609645158052444,0.0
1785941587737580336,-0.0038915537297725677,0.0
1785941587873730583,-0.006227654870599508,0.0
1785941588030496606,-0.006411259062588215,0.0
1785941588185591684,-0.006365935783833265,0.0
1785941588318782904,-0.007363029755651951,0.0
1785941588479850598,-0.005570096429437399,0.0
1785941588625619170,-0.005701838061213493,0.0
1785941588773264551,-0.0062562827952206135,0.0
1785941588924628252,-0.006347537040710449,0.0
1785941589057009649,-0.005534864962100983,0.0
1785941589215602335,-0.005642767529934645,0.0
1785941589356411354,-0.006798066198825836,0.0
1785941589521350847,-0.0040142429061234,0.0
1785941589704643500,-0.007315108086913824,0.0
1785941589886040527,-0.006641616113483906,0.0
1785941590046845331,-0.007926213555037975,0.0
1785941590176370328,-0.0027405335567891598,0.0
1785941590323691857,-0.006803471595048904,0.0
1785941590476797674,-0.005326618906110525,0.0
1785941590609931963,-0.006426244042813778,0.0
1785941590763673613,-0.0055810678750276566,0.0
1785941590913813683,-0.004903819877654314,0.0
1785941591043960560,-0.006574779748916626,0.0
1785941591197222479,-0.0024333999026566744,0.0
1785941591327440975,-0.008003962226212025,0.0
1785941591478991500,-0.006099047604948282,0.0
1785941591633720420,-0.005968027748167515,0.0
1785941591763606999,-0.0057509844191372395,0.0
1785941591917659573,-0.006357209291309118,0.0
1785941592047388482,-0.005648766178637743,0.0
1785941592201414719,-0.006253287196159363,0.0
1785941592356323870,-0.0058205765672028065,0.0
1785941592487433281,-0.005898111034184694,0.0
1785941592641371418,-0.005775501951575279,0.0
1785941592773998264,-0.007553214207291603,0.0
1785941592924082652,-0.008124629966914654,0.0
1785941593079733815,-0.006945157889276743,0.0
1785941593211474227,-0.006901891902089119,0.0
1785941593366457525,-0.005859743803739548,0.0
1785941593498870762,-0.007458326406776905,0.0
1785941593651810525,-0.007607567589730024,0.0
1785941593807520763,-0.006006576586514711,0.0
1785941593942264715,-0.006266043055802584,0.0
1785941594092751454,-0.00800498016178608,0.0
1785941594224875528,-0.006623609457165003,0.0
1785941594373921763,-0.0020618815906345844,0.0
1785941594529607969,-0.0031363831367343664,0.0
1785941594661342140,-0.007779839914292097,0.0
1785941594809925829,-0.005909656640142202,0.0
1785941594939380232,-0.004492415580898523,0.0
1785941595086709152,-0.007437640335410833,0.0
1785941595240499220,-0.005954053718596697,0.0
1785941595370891547,-0.0020287418738007545,0.0
1785941595521956037,-0.006706131622195244,0.0
1785941595652918306,-0.005275627598166466,0.0
1785941595801153438,-0.004529732745140791,0.0
1785941595965765429,-0.007145090028643608,0.0
1785941596100798704,-0.006978771183639765,0.0
1785941596259012688,-0.006844197399914265,0.0
1785941596390965075,-0.006211427040398121,0.0
1785941596548354515,-0.004679831210523844,0.0
1785941596737130581,-0.005712665151804686,0.0
1785941596877834316,-0.0050480482168495655,0.0
1785941597030544502,-0.004428725223988295,0.0
1785941597165779129,-0.0055745975114405155,0.0
1785941597321275310,-0.008050345815718174,0.0
1785941597485999179,-0.0057655079290270805,0.0
1785941597625026465,-0.003916702698916197,0.0
1785941597798369772,-0.008074238896369934,0.0
1785941597944241868,-0.005562422331422567,0.0
1785941598097018168,-0.0042139338329434395,0.0
1785941598255681801,-0.0066594695672392845,0.0
1785941598384431440,-0.0072274962440133095,0.0
1785941598537469382,-0.0033479644916951656,0.0
1785941598666660831,-0.0062677254900336266,0.0
1785941598818036148,-0.007661119569092989,0.0
1785941598974796795,-0.004135340917855501,0.0
1785941599107164847,-0.006749310065060854,0.0
1785941599261056838,-0.004397157579660416,0.0
1785941599393254707,-0.005464439745992422,0.0
1785941599546104642,-0.007993868552148342,0.0
1785941599700829658,-0.0024521169252693653,0.0
1785941599834733738,-0.005920591298490763,0.0
1785941599983943947,-0.005684705916792154,0.0
1785941600110248724,-0.007880909368395805,0.0
1785941600259802915,-0.0059023150242865086,0.0
1785941600409334577,-0.0039313482120633125,0.0
1785941600539246469,-0.006305834278464317,0.0
1785941600691495741,-0.005474547389894724,0.0
1785941600823873361,-0.007516673766076565,0.0
1785941600976118697,-0.006890805438160896,0.0
1785941601130677050,-0.006005693227052689,0.0
1785941601265025275,-0.004951805807650089,0.0
1785941601414307743,-0.005824165418744087,0.0
1785941601540818927,-0.006490116007626057,0.0
1785941601683948581,-0.004086557775735855,0.0
1785941601837690967,-0.004786346107721329,0.0
1785941601971298043,-0.0058877673000097275,0.0
1785941602119529590,-0.005276098381727934,0.0
1785941602251277266,-0.003762559499591589,0.0
1785941602401258129,-0.0036939058918505907,0.0
1785941602556707781,-0.00545289134606719,0.0
1785941602687168911,-0.0046720304526388645,0.0
1785941602839662480,-0.006526708137243986,0.0
1785941602972398194,-0.0037631839513778687,0.0
1785941603124187992,-0.00481080636382103,0.0
1785941603285311400,-0.003139134729281068,0.0
1785941603427298898,-0.004928833805024624,0.0
1785941603609443314,-0.006338516715914011,0.0
1785941603747433504,-0.005938806105405092,0.0
1785941603902750095,-0.0058686197735369205,0.0
1785941604077808924,-0.005724890623241663,0.0
1785941604214612124,-0.005303025245666504,0.0
1785941604376843480,-0.008309237658977509,0.0
1785941604515889711,-0.008594397455453873,0.0
1785941604664173356,-0.005990417208522558,0.0
1785941604812857626,-0.005265885964035988,0.0
1785941604942570566,-0.00770811690017581,0.0
1785941605100562557,-0.004873937927186489,0.0
1785941605235949958,-0.006121727637946606,0.0
1785941605392674539,-0.0067003509029746056,0.0
1785941605552068408,-0.0037368005141615868,0.0
1785941605683410852,-0.007439493201673031,0.0
1785941605835380817,-0.003345333971083164,0.0
1785941605965509646,-0.006743401288986206,0.0
1785941606112035880,-0.007887819781899452,0.0
1785941606260938717,-0.006720816716551781,0.0
1785941606386510601,-0.005343694239854813,0.0
1785941606533513909,-0.004517148714512587,0.0
1785941606660753186,-0.004084644373506308,0.0
1785941606803737618,-0.007252467796206474,0.0
1785941606956445019,-0.005183414556086063,0.0
1785941607084712752,-0.005947951693087816,0.0
1785941607233193173,-0.00561505276709795,0.0
1785941607363285296,-0.005700140725821257,0.0
1785941607510336286,-0.008093825541436672,0.0
1785941607664062031,-0.008944430388510227,0.0
1785941607793508978,-0.0058777816593647,0.0
1785941607943083073,-0.008668835274875164,0.0
1785941608071042570,-0.00839168019592762,0.0
1785941608218625228,-0.0063832420855760574,0.0
1785941608369479278,-0.005548769608139992,0.0
1785941608497688160,-0.006140368524938822,0.0
1785941608643278677,-0.0038008440751582384,0.0
1785941608769307987,-0.00714395847171545,0.0
1785941608919002887,-0.006903639994561672,0.0
1785941609072691831,-0.006469713058322668,0.0
1785941609200667488,-0.006194473709911108,0.0
1785941609351645287,-0.004376903176307678,0.0
1785941609481366195,-0.004783521872013807,0.0
1785941609632978194,-0.009041805751621723,0.0
1785941609785862051,-0.005757750011980534,0.0
1785941609913831180,-0.007521744817495346,0.0
1785941610062061671,-0.0029794916044920683,0.0
1785941610251907507,-0.007633362431079149,0.0
1785941610440885917,-0.0048650940880179405,0.0
1785941610609159139,-0.004184740129858255,0.0
1785941610741874212,-0.0045933048240840435,0.0
1785941610892821641,-0.006205384619534016,0.0
1785941611046632093,-0.005415724590420723,0.0
1785941611184185466,-0.004004471004009247,0.0
1785941611353988284,-0.006069286726415157,0.0
1785941611491104616,-0.004466115031391382,0.0
1785941611642883757,-0.00551572535187006,0.0
1785941611801799816,-0.005585876759141684,0.0
1785941611938736941,-0.007664548698812723,0.0
1785941612092512800,-0.0023174178786575794,0.0
1785941612225684883,-0.005252487026154995,0.0
1785941612379294399,-0.008541356772184372,0.0
1785941612535537330,-0.008037867024540901,0.0
1785941612666024445,-0.007212059106677771,0.0
1785941612818017611,-0.0068555413745343685,0.0
1785941612954675717,-0.006399672478437424,0.0
1785941613107132005,-0.006768285762518644,0.0
1785941613268656836,-0.007201658561825752,0.0
1785941613407241226,-0.0070810019969940186,0.0
1785941613566054144,-0.0039138877764344215,0.0
1785941613701357958,-0.005183483939617872,0.0
1785941613853645727,-0.00633842870593071,0.0
1785941614008685155,-0.005708002485334873,0.0
1785941614145638729,-0.005347252357751131,0.0
1785941614297107970,-0.006093793082982302,0.0
1785941614426039889,-0.007068187929689884,0.0
1785941614572226397,-0.0055901468731462955,0.0
1785941614721425470,-0.005459765437990427,0.0
1785941614847225267,-0.004998295567929745,0.0
1785941614998484996,-0.004437586758285761,0.0
1785941615127448852,-0.004711728543043137,0.0
1785941615277109927,-0.00490969605743885,0.0
1785941615426915776,-0.0053131114691495895,0.0
1785941615553540532,-0.006501033902168274,0.0
1785941615705320890,-0.007229482755064964,0.0
1785941615846967510,-0.006421263795346022,0.0
1785941615999262703,-0.003421095898374915,0.0
1785941616155360381,-0.007856378331780434,0.0
1785941616285070825,-0.0039053838700056076,0.0
1785941616438682326,-0.0041330428794026375,0.0
1785941616571228336,-0.005258198827505112,0.0
1785941616724008829,-0.004713810048997402,0.0
1785941616877220186,-0.006277735345065594,0.0
1785941617043455440,-0.0061669619753956795,0.0
1785941617220845144,-0.0058057126589119434,0.0
1785941617352061119,-0.0074953604489564896,0.0
1785941617502743034,-0.006955219432711601,0.0
1785941617658320979,-0.0035515634808689356,0.0
1785941617792133791,-0.007325434125959873,0.0
1785941617944007336,-0.00585849629715085,0.0
1785941618090500480,-0.0040754410438239574,0.0
1785941618248111848,-0.005572855938225985,0.0
1785941618405408452,-0.005614438559859991,0.0
1785941618535931984,-0.007179267704486847,0.0
1785941618686280734,-0.0070321341045200825,0.0
1785941618816128560,-0.005053226836025715,0.0
1785941618965478551,-0.0054043191485106945,0.0
1785941619117144888,-0.005764623172581196,0.0
1785941619243620647,-0.005594811402261257,0.0
1785941619394566508,-0.00890692975372076,0.0
1785941619526679382,-0.005341874435544014,0.0
1785941619693816655,-0.009895074181258678,0.0
1785941619857636776,-0.004908803850412369,0.0
1785941619998583689,-0.008636378683149815,0.0
1785941620152200726,-0.006623902358114719,0.0
1785941620286304429,-0.006681871600449085,0.0
1785941620434969530,-0.004708464257419109,0.0
1785941620587104685,-0.005987200420349836,0.0
1785941620715840564,-0.0065885004587471485,0.0
1785941620865172762,-0.007087505888193846,0.0
1785941620993633430,-0.006372534669935703,0.0
1785941621139663292,-0.0074153165332973,0.0
1785941621288453998,-0.006857035681605339,0.0
1785941621415176166,-0.005335820373147726,0.0
1785941621563231451,-0.0057859523221850395,0.0
1785941621690233342,-0.005363187287002802,0.0
1785941621840547531,-0.005375818349421024,0.0
1785941621989766957,-0.006521641742438078,0.0
1785941622118247498,-0.0046724481508135796,0.0
1785941622267293829,-0.005153299774974585,0.0
1785941622393557004,-0.004269949160516262,0.0
1785941622541206065,-0.007239715661853552,0.0
1785941622693643440,-0.006854312494397163,0.0
1785941622823246168,-0.0059876334853470325,0.0
1785941622972215153,-0.0040579685010015965,0.0
1785941623099265046,-0.004284346010535955,0.0
1785941623261254792,-0.0044028679840266705,0.0
1785941623467196772,-0.00535228755325079,0.0
1785941623611202108,-0.008354207500815392,0.0
1785941623777584472,-0.007264081854373217,0.0
1785941623923908970,-0.006909799762070179,0.0
1785941624130524769,-0.008481854572892189,0.0
1785941624286481128,-0.0038487587589770555,0.0
1785941624414680922,-0.006304591428488493,0.0
1785941624580689768,-0.00822670478373766,0.0
1785941624710892872,-0.006000285968184471,0.0
1785941624875554498,-0.0061449031345546246,0.0
1785941625034182609,-0.004339766688644886,0.0
1785941625164356623,-0.005027499981224537,0.0
1785941625312739153,-0.002933436306193471,0.0
1785941625441216462,-0.006381717976182699,0.0
1785941625592822764,-0.004722129087895155,0.0
1785941625745004097,-0.004872447345405817,0.0
1785941625873229620,-0.005651724990457296,0.0
1785941626024028980,-0.005938144400715828,0.0
1785941626154751464,-0.0013234084472060204,0.0
1785941626300440001,-0.006249997299164534,0.0
1785941626447351049,-0.006949251517653465,0.0
1785941626574651672,-0.006998821161687374,0.0
1785941626727354209,-0.0048662512563169,0.0
1785941626856419477,-0.0044290064834058285,0.0
1785941627002282260,-0.0055544413626194,0.0
1785941627158298622,-0.0051597836427390575,0.0
1785941627282022178,-0.00391558138653636,0.0
1785941627431512623,-0.005618182476609945,0.0
1785941627561064469,-0.007097845431417227,0.0
1785941627705599170,-0.005285309627652168,0.0
1785941627860802060,-0.005867034196853638,0.0
1785941627993414473,-0.004870954900979996,0.0
1785941628145859016,-0.006324885878711939,0.0
1785941628279854971,-0.005871233530342579,0.0
1785941628429948767,-0.007472771219909191,0.0
1785941628580509590,-0.004622490610927343,0.0
1785941628711188936,-0.008502377197146416,0.0
1785941628863385597,-0.0045166765339672565,0.0
1785941628994595844,-0.005477000493556261,0.0
1785941629142484787,-0.005763212684541941,0.0
1785941629294320090,-0.005983422975987196,0.0
1785941629421083316,-0.0065445671789348125,0.0
1785941629572833561,-0.006927094887942076,0.0
1785941629728662139,-0.007538584992289543,0.0
1785941629859130629,-0.0035978478845208883,0.0
1785941630019885063,-0.006120473612099886,0.0
1785941630155167276,-0.005315773654729128,0.0
1785941630311065009,-0.0036879410035908222,0.0
1785941630503122547,-0.006625167094171047,0.0
1785941630659162718,-0.004790076985955238,0.0
1785941630845841486,-0.004572093486785889,0.0
1785941630977783921,-0.004909420385956764,0.0
1785941631133231429,-0.00576519500464201,0.0
1785941631289048264,-0.007054916583001614,0.0
1785941631425052457,-0.00558887654915452,0.0
1785941631583639190,-0.005412336438894272,0.0
1785941631731986870,-0.005913172848522663,0.0
1785941631894237171,-0.006243700627237558,0.0
1785941632054029071,-0.0059157367795705795,0.0
1785941632194333239,-0.005940152797847986,0.0
1785941632359893332,-0.00856824405491352,0.0
1785941632494046061,-0.004124904982745647,0.0
1785941632653002441,-0.007812563329935074,0.0
1785941632822223411,-0.00566058000549674,0.0
1785941632960150463,-0.006573352962732315,0.0
1785941633118964566,-0.005909088533371687,0.0
1785941633250851031,-0.004803140182048082,0.0
1785941633407631838,-0.003415232989937067,0.0
1785941633564982876,-0.005437769927084446,0.0
1785941633697744767,-0.005168959032744169,0.0
1785941633865049055,-0.005310745444148779,0.0
1785941633986285571,-0.00545849883928895,0.0
1785941634139359931,-0.004413714166730642,0.0
1785941634297190699,-0.006188361439853907,0.0
1785941634430129749,-0.008118415251374245,0.0
1785941634584286839,-0.004447565414011478,0.0
1785941634718539252,-0.0063059646636247635,0.0
1785941634871705679,-0.005934424698352814,0.0
1785941635027831389,-0.004649368580430746,0.0
1785941635157265919,-0.0035476626362651587,0.0
1785941635308155906,-0.007724082563072443,0.0
1785941635442252729,-0.007241649087518454,0.0
1785941635593616750,-0.00447908416390419,0.0
1785941635749281642,-0.005381808150559664,0.0
1785941635879566509,-0.005169017240405083,0.0
1785941636032237461,-0.006335537414997816,0.0
1785941636166432496,-0.00354745052754879,0.0
1785941636313166513,-0.006387246772646904,0.0
1785941636466972870,-0.008486689068377018,0.0
1785941636596534572,-0.007095993496477604,0.0
1785941636748823782,-0.006035593803972006,0.0
1785941636879678111,-0.004356944002211094,0.0
1785941637028441231,-0.002625060733407736,0.0
1785941637192806013,-0.004604404326528311,0.0
1785941637432553690,-0.005944850388914347,0.0
1785941637624764290,-0.006271593738347292,0.0
1785941637762237564,-0.005346719175577164,0.0
1785941637921099668,-0.005528842099010944,0.0
1785941638081377699,-0.008211152628064156,0.0
1785941638211306616,-0.008610193617641926,0.0
1785941638363111391,-0.0031215976923704147,0.0
1785941638491360691,-0.004862029571086168,0.0
1785941638639421960,-0.003841063240543008,0.0
1785941638791126186,-0.005324240308254957,0.0
1785941638920282113,-0.0032810342963784933,0.0
1785941639070021432,-0.006933765951544046,0.0
1785941639196842996,-0.00820564478635788,0.0
1785941639345647142,-0.004248212557286024,0.0
1785941639499685731,-0.0046621873043477535,0.0
1785941639631719050,-0.004191823303699493,0.0
1785941639785290741,-0.008367505855858326,0.0
1785941639915748574,-0.005533052608370781,0.0
1785941640070411476,-0.0035996416117995977,0.0
1785941640232266880,-0.005198138300329447,0.0
1785941640367459394,-0.004813379608094692,0.0
1785941640517497188,-0.004387476947158575,0.0
1785941640646827105,-0.007090110797435045,0.0
1785941640793597764,-0.0050546638667583466,0.0
1785941640950336970,-0.0033210571855306625,0.0
1785941641079118931,-0.0012178977485746145,0.0
1785941641228681410,-0.004633435048162937,0.0
1785941641361462310,-0.006631549913436174,0.0
1785941641512397611,-0.0025228518061339855,0.0
1785941641670831955,-0.006048559211194515,0.0
1785941641803814942,-0.005036696791648865,0.0
1785941641957717718,-0.007514941040426493,0.0
1785941642087580937,-0.004961136728525162,0.0
1785941642236503103,-0.003779173595830798,0.0
1785941642387610442,-0.006241998635232449,0.0
1785941642516219084,-0.004761180840432644,0.0
1785941642665257319,-0.003763363929465413,0.0
1785941642794484417,-0.0036564271431416273,0.0
1785941642942959398,-0.006499153561890125,0.0
1785941643095572588,-0.005709383171051741,0.0
1785941643226806932,-0.0027117058634757996,0.0
1785941643376887479,-0.004594507161527872,0.0
1785941643503921212,-0.010114241391420364,0.0
1785941643649557875,-0.005836062133312225,0.0
1785941643802263548,-0.008287719450891018,0.0
1785941643948912826,-0.007157915271818638,0.0
1785941644153406911,-0.0040625617839396,0.0
1785941644308442275,-0.003921120893210173,0.0
1785941644516171685,-0.006667973939329386,0.0
1785941644674627469,-0.00676236255094409,0.0
1785941644805449317,-0.010106991045176983,0.0
1785941644959970581,-0.004209018778055906,0.0
1785941645087464235,-0.0076158479787409306,0.0
1785941645235374075,-0.007355534005910158,0.0
1785941645388292492,-0.0042221928015351295,0.0
1785941645518576911,-0.006448102183640003,0.0
1785941645670230800,-0.003051531733945012,0.0
1785941645799565486,-0.006154949776828289,0.0
1785941645948051347,-0.00753720523789525,0.0
1785941646100139845,-0.005595606751739979,0.0
1785941646231100514,-0.007542273961007595,0.0
1785941646381584789,-0.0036045147571712732,0.0
1785941646512157475,-0.005317441187798977,0.0
1785941646662023038,-0.006460832431912422,0.0
1785941646814394778,-0.004046486224979162,0.0
1785941646944484758,-0.006241997238248587,0.0
1785941647096221689,-0.005197023041546345,0.0
1785941647224638900,-0.007772041950374842,0.0
1785941647379779964,-0.005616715643554926,0.0
1785941647535870057,-0.0029210278298705816,0.0
1785941647671067562,-0.00239353533834219,0.0
1785941647822379550,-0.007539744023233652,0.0
1785941647970980872,-0.005113910883665085,0.0
1785941648172859846,-0.004097153898328543,0.0
1785941648333440066,-0.0049461363814771175,0.0
1785941648466659158,-0.0042097363620996475,0.0
1785941648622699425,-0.005934165325015783,0.0
1785941648754902863,-0.0055793276987969875,0.0
1785941648901456873,-0.006003933027386665,0.0
1785941649054405756,-0.004840737208724022,0.0
1785941649184845413,-0.004928096197545528,0.0
1785941649333320170,-0.0020581288263201714,0.0
1785941649485947088,-0.004098278935998678,0.0
1785941649614020669,-0.008112022653222084,0.0
1785941649763911129,-0.00505848228931427,0.0
1785941649896910886,-0.0069132414646446705,0.0
1785941650045998979,-0.006041059270501137,0.0
1785941650200718970,-0.004965303465723991,0.0
1785941650346676734,-0.006284196395426989,0.0
1785941650485335782,-0.004224111326038837,0.0
1785941650625896247,-0.0047748638316988945,0.0
1785941650776494735,-0.0037282477132976055,0.0
1785941650970452250,-0.0054534622468054295,0.0
1785941651101315060,-0.0071104178205132484,0.0
1785941651282422860,-0.006656526122242212,0.0
1785941651412071382,-0.0071602617390453815,0.0
1785941651562599563,-0.0061624543741345406,0.0
1785941651713321191,-0.008951269090175629,0.0
1785941651848300320,-0.0021735988557338715,0.0
1785941652018600405,-0.007483882363885641,0.0
1785941652157908022,-0.006453084293752909,0.0
1785941652313084255,-0.005459524691104889,0.0
1785941652468160485,-0.006567112635821104,0.0
1785941652601116495,-0.007246755063533783,0.0
1785941652755954380,-0.0037378009874373674,0.0
1785941652885185798,-0.007971987128257751,0.0
1785941653032860588,-0.0071770367212593555,0.0
1785941653188758353,-0.005794501397758722,0.0
1785941653317686079,-0.005754533689469099,0.0
1785941653466725466,-0.003570080967620015,0.0
1785941653594342902,-0.006242597941309214,0.0
1785941653741612460,-0.007958444766700268,0.0
1785941653893569656,-0.006829305086284876,0.0
1785941654018986430,-0.00819280743598938,0.0
1785941654172474918,-0.00899659376591444,0.0
1785941654304539086,-0.004837398417294025,0.0
1785941654453022963,-0.004262136295437813,0.0
1785941654606001383,-0.0075653535313904285,0.0
1785941654735996959,-0.006975126918405294,0.0
1785941654885148158,-0.003737810766324401,0.0
1785941655012896575,-0.00841696560382843,0.0
1785941655160970932,-0.009251351468265057,0.0
1785941655312877247,-0.004070601426064968,0.0
1785941655442910488,-0.0057295882143080235,0.0
1785941655594231787,-0.007359342649579048,0.0
1785941655723281854,-0.0049631232395768166,0.0
1785941655875066020,-0.006949149537831545,0.0
1785941656028320067,-0.007769346237182617,0.0
1785941656159846966,-0.00644008768722415,0.0
1785941656311976009,-0.007753211539238691,0.0
1785941656441230660,-0.007174657192081213,0.0
1785941656590029685,-0.006327907554805279,0.0
1785941656742949255,-0.0051924255676567554,0.0
1785941656872392905,-0.005145991686731577,0.0
1785941657024862217,-0.0035572450142353773,0.0
1785941657153155455,-0.00520076509565115,0.0
1785941657301030925,-0.0030211058910936117,0.0
1785941657455572862,-0.0045097884722054005,0.0
1785941657588257470,-0.005506793037056923,0.0
1785941657777113123,-0.007612175308167934,0.0
1785941657912631729,-0.005611848086118698,0.0
1785941658113567211,-0.0059133004397153854,0.0
1785941658272841811,-0.006895035970956087,0.0
1785941658405666873,-0.008616325445473194,0.0
1785941658557061263,-0.0052009448409080505,0.0
1785941658697841962,-0.007078621070832014,0.0
1785941658860126567,-0.0037845519836992025,0.0
1785941659016018892,-0.003905815538018942,0.0
1785941659154503469,-0.005956016946583986,0.0
1785941659308749587,-0.005126785021275282,0.0
1785941659442505980,-0.006999171804636717,0.0
1785941659587754948,-0.007118317764252424,0.0
1785941659739211677,-0.00458695599809289,0.0
1785941659869981299,-0.008599660359323025,0.0
1785941660030685843,-0.00653376430273056,0.0
1785941660163244238,-0.006233596242964268,0.0
1785941660318674497,-0.005293301306664944,0.0
1785941660483154932,-0.0085802236571908,0.0
1785941660616865884,-0.003924605902284384,0.0
1785941660767770975,-0.007008411455899477,0.0
1785941660897423849,-0.004988183733075857,0.0
1785941661047370056,-0.004406587220728397,0.0
1785941661197669588,-0.00953685026615858,0.0
1785941661326386234,-0.0044564916752278805,0.0
1785941661478746966,-0.00627728458493948,0.0
1785941661606654140,-0.007599750999361277,0.0
1785941661752866857,-0.005519582889974117,0.0
1785941661908086292,-0.007275949232280254,0.0
1785941662035873750,-0.0032869363203644753,0.0
1785941662187119815,-0.005784550216048956,0.0
1785941662314568124,-0.003208617912605405,0.0
1785941662459448309,-0.005516550969332457,0.0
1785941662615793868,-0.005755191203206778,0.0
1785941662741355864,-0.0041649057529866695,0.0
1785941662889159011,-0.0073075732216238976,0.0
1785941663016051426,-0.00699305534362793,0.0
1785941663161042656,-0.005650673061609268,0.0
1785941663311049632,-0.006553546991199255,0.0
1785941663441422470,-0.007627061102539301,0.0
1785941663593169643,-0.008328570984303951,0.0
1785941663726684747,-0.00272070849314332,0.0
1785941663874646172,-0.0028589952271431684,0.0
1785941664027022841,-0.005519234575331211,0.0
1785941664160048486,-0.005848732776939869,0.0
1785941664315546684,-0.007038199808448553,0.0
1785941664453965755,-0.0042978315614163876,0.0
1785941664655499628,-0.00427809776738286,0.0
1785941664887660675,-0.00731209572404623,0.0
1785941665025948508,-0.00766583951190114,0.0
1785941665178720584,-0.005165985785424709,0.0
1785941665326635256,-0.004687805660068989,0.0
1785941665485184548,-0.00626615434885025,0.0
1785941665663979458,-0.005697630345821381,0.0
1785941665796849322,-0.0030885820742696524,0.0
1785941665954824928,-0.006585952825844288,0.0
1785941666084391047,-0.006042888853698969,0.0
1785941666228737419,-0.004724165424704552,0.0
1785941666379264768,-0.008977053686976433,0.0
1785941666505143640,-0.006088695488870144,0.0
1785941666654178291,-0.003133912803605199,0.0
1785941666781759405,-0.006122810300439596,0.0
1785941666932323779,-0.006055477540940046,0.0
1785941667087948094,-0.004671046510338783,0.0
1785941667217536454,-0.004115299787372351,0.0
1785941667365082919,-0.006458766292780638,0.0
1785941667494758194,-0.005315054208040237,0.0
1785941667648935604,-0.0034329374320805073,0.0
1785941667813587534,-0.007917353883385658,0.0
1785941667961687620,-0.005915611516684294,0.0
1785941668131898901,-0.006353751290589571,0.0
1785941668261606434,-0.0045741843059659,0.0
1785941668412573896,-0.0050292969681322575,0.0
1785941668577189536,-0.003978236112743616,0.0
1785941668707853873,-0.006569388788193464,0.0
1785941668858965021,-0.005035888869315386,0.0
1785941669009556916,-0.004169146530330181,0.0
1785941669135538576,-0.0074237799271941185,0.0
1785941669285671477,-0.005717266816645861,0.0
1785941669411782294,-0.005186997354030609,0.0
1785941669558832548,-0.004570459946990013,0.0
1785941669711159807,-0.0052986242808401585,0.0
1785941669841644009,-0.00484070461243391,0.0
1785941669992167838,-0.005445491522550583,0.0
1785941670119009467,-0.007023376878350973,0.0
1785941670265915715,-0.005437921267002821,0.0
1785941670416180558,-0.0049316734075546265,0.0
1785941670542087271,-0.0056421528570353985,0.0
1785941670698763178,-0.005932305008172989,0.0
1785941670840695281,-0.0046846903860569,0.0
1785941671005465551,-0.0071219815872609615,0.0
1785941671168829111,-0.005607028026133776,0.0
1785941671337752182,-0.005082483869045973,0.0
1785941671491066583,-0.0040245577692985535,0.0
1785941671643268717,-0.006617556791752577,0.0
1785941671800833395,-0.004969046916812658,0.0
1785941671957009667,-0.00507015036419034,0.0
1785941672085706856,-0.0050377147272229195,0.0
1785941672237082942,-0.007040251046419144,0.0
1785941672366001196,-0.0058164228685200214,0.0
1785941672515486712,-0.005220717750489712,0.0
1785941672664281450,-0.007527608424425125,0.0
1785941672791318990,-0.005534334108233452,0.0
1785941672941431283,-0.006489353720098734,0.0
1785941673067694298,-0.007553609553724527,0.0
1785941673215198457,-0.006028609815984964,0.0
1785941673364166705,-0.005781175103038549,0.0
1785941673491420255,-0.004944367799907923,0.0
1785941673640755269,-0.00734315812587738,0.0
1785941673770441873,-0.0041994359344244,0.0
1785941673919069276,-0.007276254240423441,0.0
1785941674071571709,-0.00451253168284893,0.0
1785941674200269027,-0.007373861502856016,0.0
1785941674349917749,-0.004969779402017593,0.0
1785941674478546040,-0.0076553658582270145,0.0
1785941674627580403,-0.006826428230851889,0.0
1785941674780230426,-0.004429365508258343,0.0
1785941674907885207,-0.004311133176088333,0.0
1785941675055039016,-0.007974613457918167,0.0
1785941675183922197,-0.006938561797142029,0.0
1785941675332495230,-0.00564831355586648,0.0
1785941675482653732,-0.004999363329261541,0.0
1785941675612025700,-0.005719524342566729,0.0
1785941675761611028,-0.004395834170281887,0.0
1785941675891028789,-0.0040690298192203045,0.0
1785941676043683261,-0.006987720727920532,0.0
1785941676199253717,-0.00646523293107748,0.0
1785941676327351939,-0.00617032777518034,0.0
1785941676477169084,-0.00806763768196106,0.0
1785941676607226102,-0.007511948700994253,0.0
1785941676757895633,-0.00663372129201889,0.0
1785941676910659196,-0.006484069395810366,0.0
1785941677037297682,-0.008314036764204502,0.0
1785941677184815954,-0.005968903191387653,0.0
1785941677312052478,-0.007240484934300184,0.0
1785941677458884580,-0.003699569497257471,0.0
1785941677617614295,-0.006490006577223539,0.0
1785941677752064219,-0.005402528680860996,0.0
1785941677904733187,-0.0058049592189490795,0.0
1785941678035401045,-0.0057300697080791,0.0
1785941678217728989,-0.006875213235616684,0.0
1785941678378670726,-0.004658905789256096,0.0
1785941678540049184,-0.007757958490401506,0.0
1785941678691807365,-0.0031525720842182636,0.0
1785941678820929467,-0.005450318567454815,0.0
1785941678969761678,-0.00627154903486371,0.0
1785941679134395334,-0.005143473390489817,0.0
1785941679269786703,-0.006210099905729294,0.0
1785941679420410312,-0.004738682880997658,0.0
1785941679549132558,-0.004869965836405754,0.0
1785941679698357616,-0.0037639555521309376,0.0
1785941679852118435,-0.00519830035045743,0.0
1785941679979848226,-0.005911645479500294,0.0
1785941680128535472,-0.006510235834866762,0.0
1785941680255391341,-0.004684379789978266,0.0
1785941680403288380,-0.004668720532208681,0.0
1785941680558298911,-0.004999701399356127,0.0
1785941680682267309,-0.00507077481597662,0.0
1785941680834118325,-0.00383439171127975,0.0
1785941680963575447,-0.005362736526876688,0.0
1785941681111517000,-0.0050102598033845425,0.0
1785941681265530724,-0.00614987313747406,0.0
1785941681396320379,-0.006310103926807642,0.0
1785941681548937185,-0.0069040232338011265,0.0
1785941681678966457,-0.007336107548326254,0.0
1785941681824780631,-0.008590241894125938,0.0
1785941681976883177,-0.004353909287601709,0.0
1785941682107086025,-0.005304042715579271,0.0
1785941682256514867,-0.006276634521782398,0.0
1785941682386586094,-0.0042644222266972065,0.0
1785941682540087062,-0.006687224376946688,0.0
1785941682687670296,-0.001451554475352168,0.0
1785941682817096858,-0.004061536397784948,0.0
1785941682966385663,-0.004018180072307587,0.0
1785941683097908146,-0.006524208467453718,0.0
1785941683246382775,-0.003425602801144123,0.0
1785941683402489316,-0.006197046488523483,0.0
1785941683530802587,-0.0041680349968373775,0.0
1785941683682589184,-0.006973493378609419,0.0
1785941683813064138,-0.0038735242560505867,0.0
1785941683968672453,-0.006835273467004299,0.0
1785941684129147196,-0.006647749338299036,0.0
1785941684264343005,-0.002727649174630642,0.0
