t_ns,steering_tire_angle
1785948350018143880,0.0
1785948350018232458,0.0
1785948350018244459,0.0
1785948350027385947,0.0
1785948350046456339,0.0
1785948350065533964,0.0
1785948350085880426,0.0
1785948350105464626,0.0
1785948350126369121,0.0
1785948350145845669,0.0
1785948350166857495,0.0
1785948350185709993,0.0
1785948350205561753,0.0
1785948350226527305,0.0
1785948350245948460,0.0
1785948350265436145,0.0
1785948350285876082,0.0
1785948350306972967,0.0
1785948350326401578,0.0
1785948350346330844,0.0
1785948350365796448,0.0
1785948350385792788,0.0
1785948350405585793,0.0
1785948350425921215,0.0
1785948350447000211,0.0
1785948350465444601,0.0
1785948350486285222,0.0
1785948350505476354,0.0
1785948350528786457,0.0
1785948350545709361,0.0
1785948350565298937,0.0
1785948350585559412,0.0
1785948350607234618,0.0
1785948350625994793,0.0
1785948350653816615,0.0
1785948350665326077,0.0
1785948350686043079,0.0
1785948350705695696,0.0
1785948350728214000,0.0
1785948350745850813,0.0
1785948350766261533,0.0
1785948350787010888,0.0
1785948350806112865,0.0
1785948350826280794,0.0
1785948350846142314,0.0
1785948350866144446,0.0
1785948350885796999,0.0
1785948350913945390,0.0
1785948350926895504,0.0
1785948350946695326,0.0
1785948350966854327,0.0
1785948350985834157,0.0
1785948351007460977,0.0
1785948351026130973,0.0
1785948351045959564,0.0
1785948351066088772,0.0
1785948351087375838,0.0
1785948351105468346,0.0
1785948351125852697,0.0
1785948351148775460,0.0
1785948351166031686,0.0
1785948351189722568,0.0
1785948351205768870,0.0
1785948351232971537,0.0
1785948351245930131,0.0
1785948351265695200,0.0
1785948351285801559,0.0
1785948351306248569,0.0
1785948351326487732,0.0
1785948351345922103,0.0
1785948351365698084,0.0
1785948351387450893,0.0
1785948351407656071,0.0
1785948351426613532,0.0
1785948351445893562,0.0
1785948351466887884,0.0
1785948351486258765,0.0
1785948351506990775,0.0
1785948351526366136,0.0
1785948351546359244,0.0
1785948351565426052,0.0
1785948351586246481,0.0
1785948351605352970,0.0
1785948351633273802,0.0
1785948351652261632,0.0
1785948351665680752,0.0
1785948351685735845,0.0
1785948351706003073,0.0
1785948351725821104,0.0
1785948351745896806,0.0
1785948351765457197,0.0
1785948351786039922,0.0
1785948351805651835,0.0
1785948351828808973,0.0
1785948351845777126,0.0
1785948351865630166,0.0
1785948351886553990,0.0
1785948351906621692,0.0
1785948351935492760,0.0
1785948351950644891,0.0
1785948351966385809,0.0
1785948351985853845,0.0
1785948352005414652,0.0
1785948352025746521,0.0
1785948352045646698,0.0
1785948352065305620,0.0
1785948352085953372,0.0
1785948352108078127,0.0
1785948352126324143,0.0
1785948352145963512,0.0
1785948352165391483,0.0
1785948352185728889,0.0
1785948352206005525,0.0
1785948352226271217,0.0
1785948352247320580,0.0
1785948352265812523,0.0
1785948352287134855,0.0
1785948352305785299,0.0
1785948352336657066,0.0
1785948352350973205,0.0
1785948352365395491,0.0
1785948352385791107,0.0
1785948352405415211,0.0
1785948352425842700,0.0
1785948352455402141,0.0
1785948352465993305,0.0
1785948352489093385,0.0
1785948352506019873,0.0
1785948352526872239,0.0
1785948352545784834,0.0
1785948352565635058,0.0
1785948352586545409,0.0
1785948352610138976,0.0
1785948352626346403,0.0
1785948352654922551,0.0
1785948352666890491,0.0
1785948352685862449,0.0
1785948352705560348,0.0
1785948352733791685,0.0
1785948352745924046,0.0
1785948352765468789,0.0
1785948352786382148,0.0
1785948352805639938,0.0
1785948352826677909,0.0
1785948352850446073,0.0
1785948352866077355,0.0
1785948352886312454,0.0
1785948352905580036,0.0
1785948352930764787,0.0
1785948352946064635,0.0
1785948352965504702,0.0
1785948352987541263,0.0
1785948353005657258,0.0
1785948353038042607,0.0
1785948353048661676,0.0
1785948353065858636,0.0
1785948353086441746,0.0
1785948353106881523,0.0
1785948353130442929,0.0
1785948353146779160,0.0
1785948353166252316,0.0
1785948353188059174,0.0
1785948353207215137,0.0
1785948353226313594,0.0
1785948353246904671,0.0
1785948353265293955,0.0
1785948353286120304,0.0
1785948353306785016,0.0
1785948353325807183,0.0
1785948353345824675,0.0
1785948353365655954,0.0
1785948353386077523,0.0
1785948353405287247,0.0
1785948353426297313,0.0
1785948353446681569,0.0
1785948353465325548,0.0
1785948353485812655,0.0
1785948353505674367,0.0
1785948353527109213,0.0
1785948353546151573,0.0
1785948353565397330,0.0
1785948353593573114,0.0
1785948353605729348,0.0
1785948353628073662,0.0
1785948353647085941,0.0
1785948353665279507,0.0
1785948353685762101,0.0
1785948353706726310,0.0
1785948353725737276,0.0
1785948353746050938,0.0
1785948353765701187,0.0
1785948353785894909,0.0
1785948353808567905,0.0
1785948353827209708,0.0
1785948353852700580,0.0
1785948353865316348,0.0
1785948353885989476,0.0
1785948353905589228,0.0
1785948353927248689,0.0
1785948353950506791,0.0
1785948353965466372,0.0
1785948353985938310,0.0
1785948354005406122,0.0
1785948354026413469,-0.0006569999968633056
1785948354046886879,-0.003942000214010477
1785948354065258594,-0.009197999723255634
1785948354086036557,-0.012482999823987484
1785948354105569491,-0.02168099954724312
1785948354126654152,-0.03219300135970116
1785948354146078218,-0.03810599818825722
1785948354165333384,-0.051245998591184616
1785948354186016465,-0.062415000051259995
1785948354205531830,-0.06701400130987167
1785948354225701839,-0.07884000241756439
1785948354246648383,-0.09263700246810913
1785948354265319596,-0.09920699894428253
1785948354286154553,-0.10971900075674057
1785948354306439893,-0.11891700327396393
1785948354326491787,-0.12483000010251999
1785948354347492893,-0.1379700005054474
1785948354365386578,-0.1497959941625595
1785948354387931570,-0.15505200624465942
1785948354407112013,-0.1629360020160675
1785948354426023041,-0.17016300559043884
1785948354446351550,-0.17410500347614288
1785948354465317940,-0.18527400493621826
1785948354485756213,-0.19644300639629364
1785948354505549059,-0.20169900357723236
1785948354526019973,-0.21352499723434448
1785948354545674670,-0.22732199728488922
1785948354565267126,-0.23389199376106262
1785948354585893405,-0.24374699592590332
1785948354605460516,-0.25228801369667053
1785948354626457718,-0.25754401087760925
1785948354646006844,-0.26871299743652344
1785948354665570691,-0.2779110074043274
1785948354685843295,-0.2811959981918335
1785948354711173554,-0.2864519953727722
1785948354726110543,-0.29367899894714355
1785948354747095841,-0.29827800393104553
1785948354766059894,-0.304190993309021
1785948354785721888,-0.3074760138988495
1785948354807266434,-0.308789998292923
1785948354826636611,-0.3120749890804291
1785948354845848319,-0.31798800826072693
1785948354865809586,-0.3193019926548004
1785948354885771525,-0.3206160068511963
1785948354905524050,-0.3206160068511963
1785948354925755629,-0.32127299904823303
1785948354945735776,-0.32324400544166565
1785948354965225573,-0.32850000262260437
1785948354985796394,-0.32981398701667786
1785948355007319819,-0.3317849934101105
1785948355025980343,-0.3357270061969757
1785948355048719325,-0.3376980125904083
1785948355065751224,-0.33966898918151855
1785948355085814798,-0.33966898918151855
1785948355105951878,-0.33966898918151855
1785948355125915705,-0.34163999557495117
1785948355160049970,-0.34623900055885315
1785948355165018470,-0.34821000695228577
1785948355192369142,-0.34952399134635925
1785948355205248181,-0.34952399134635925
1785948355226516623,-0.3508380055427551
1785948355246373695,-0.3534660041332245
1785948355267815870,-0.35412299633026123
1785948355286185345,-0.35412299633026123
1785948355308994569,-0.35412299633026123
1785948355326965536,-0.3567509949207306
1785948355346536104,-0.35937899351119995
1785948355365420570,-0.36134999990463257
1785948355385696695,-0.36134999990463257
1785948355405835087,-0.3620069921016693
1785948355425896485,-0.36397799849510193
1785948355445723059,-0.36923399567604065
1785948355465461568,-0.37120500206947327
1785948355486647127,-0.37251898646354675
1785948355505677902,-0.3731760084629059
1785948355526994249,-0.37448999285697937
1785948355547288774,-0.37711799144744873
1785948355565868656,-0.37777501344680786
1785948355585711999,-0.37777501344680786
1785948355606215202,-0.37777501344680786
1785948355626154036,-0.37777501344680786
1785948355647797369,-0.37777501344680786
1785948355665444775,-0.37777501344680786
1785948355686703904,-0.37711799144744873
1785948355705508465,-0.37711799144744873
1785948355725991283,-0.37711799144744873
1785948355746573049,-0.37711799144744873
1785948355765377353,-0.37711799144744873
1785948355787708258,-0.37711799144744873
1785948355806452401,-0.37711799144744873
1785948355832523898,-0.37711799144744873
1785948355847663645,-0.37711799144744873
1785948355865495472,-0.37711799144744873
1785948355886091286,-0.37711799144744873
1785948355905428118,-0.37711799144744873
1785948355927762064,-0.37711799144744873
1785948355948024492,-0.37711799144744873
1785948355967532881,-0.37711799144744873
1785948355990969067,-0.37711799144744873
1785948356009258636,-0.37711799144744873
1785948356025808922,-0.37711799144744873
1785948356046403167,-0.37711799144744873
1785948356069542801,-0.37711799144744873
1785948356087726959,-0.37711799144744873
1785948356105390621,-0.37711799144744873
1785948356126061221,-0.37711799144744873
1785948356145666861,-0.37711799144744873
1785948356165203284,-0.37711799144744873
1785948356185670869,-0.37711799144744873
1785948356207181751,-0.37711799144744873
1785948356228627702,-0.37711799144744873
1785948356247042074,-0.37711799144744873
1785948356266252855,-0.37711799144744873
1785948356287370284,-0.37711799144744873
1785948356307748171,-0.37711799144744873
1785948356326738177,-0.37711799144744873
1785948356350602920,-0.37711799144744873
1785948356366280444,-0.37711799144744873
1785948356386410131,-0.37711799144744873
1785948356407156798,-0.37711799144744873
1785948356426044433,-0.37711799144744873
1785948356446864509,-0.37711799144744873
1785948356466841136,-0.37711799144744873
1785948356485631936,-0.37711799144744873
1785948356505434990,-0.37711799144744873
1785948356525659049,-0.37711799144744873
1785948356545679806,-0.37711799144744873
1785948356565217028,-0.37711799144744873
1785948356585617348,-0.37711799144744873
1785948356605419602,-0.37711799144744873
1785948356633373267,-0.37711799144744873
1785948356646450425,-0.37711799144744873
1785948356665245481,-0.37711799144744873
1785948356685833934,-0.37711799144744873
1785948356705529305,-0.37711799144744873
1785948356725825622,-0.37711799144744873
1785948356745660197,-0.37711799144744873
1785948356765576278,-0.37711799144744873
1785948356785968630,-0.37711799144744873
1785948356805834630,-0.37711799144744873
1785948356826014591,-0.37448999285697937
1785948356846004467,-0.37186199426651
1785948356866163436,-0.36792001128196716
1785948356900478474,-0.3666059970855713
1785948356910675450,-0.3666059970855713
1785948356928131715,-0.3666059970855713
1785948356949715654,-0.36397799849510193
1785948356967902564,-0.36134999990463257
1785948356986009695,-0.35609400272369385
1785948357008293495,-0.3534660041332245
1785948357026675323,-0.3508380055427551
1785948357045927417,-0.34426799416542053
1785948357065513696,-0.33507001399993896
1785948357085890784,-0.33112800121307373
1785948357105339971,-0.32455798983573914
1785948357128486101,-0.31667399406433105
1785948357145806297,-0.31338900327682495
1785948357165522469,-0.308789998292923
1785948357186035912,-0.3074760138988495
1785948357205954138,-0.30681899189949036
1785948357227185074,-0.30484798550605774
1785948357252767437,-0.299591988325119
1785948357265246592,-0.29565000534057617
1785948357285978922,-0.2864519953727722
1785948357305555666,-0.27528300881385803
1785948357325902192,-0.26871299743652344
1785948357345729887,-0.25425899028778076
1785948357365487308,-0.2417760044336319
1785948357385727399,-0.23717699944972992
1785948357407385484,-0.22797900438308716
1785948357426686507,-0.21746699512004852
1785948357446132879,-0.21089699864387512
1785948357465835866,-0.19972799718379974
1785948357486927534,-0.19118699431419373
1785948357506233646,-0.18790200352668762
1785948357526264643,-0.1793610006570816
1785948357546048496,-0.16753500699996948
1785948357565673689,-0.16162200272083282
1785948357585848658,-0.15176700055599213
1785948357605389113,-0.14388300478458405
1785948357626277031,-0.13928399980068207
1785948357645850606,-0.12745800614356995
1785948357665937989,-0.11628899723291397
1785948357686060700,-0.11103300005197525
1785948357707377560,-0.10314899682998657
1785948357727865626,-0.09263700246810913
1785948357748081365,-0.08738099783658981
1785948357765293750,-0.07489799708127975
1785948357786434956,-0.065700002014637
1785948357805509092,-0.061758000403642654
1785948357825932933,-0.052560001611709595
1785948357845804117,-0.040734000504016876
1785948357865475967,-0.03482099995017052
1785948357886016643,-0.024965999647974968
1785948357906233630,-0.01642500050365925
1785948357925685345,-0.011826000176370144
1785948357945649492,-0.0006569999968633056
1785948357965262173,0.009855000302195549
1785948357985724510,0.014453999698162079
1785948358008593640,0.022995000705122948
1785948358037893201,0.03350700065493584
1785948358051631466,0.039420001208782196
1785948358072094220,0.051245998591184616
1785948358085577982,0.061101000756025314
1785948358105475535,0.06504300236701965
1785948358125780044,0.0722699984908104
1785948358145610267,0.08146800100803375
1785948358165210147,0.08672399818897247
1785948358185719270,0.09789299964904785
1785948358205437490,0.10840500146150589
1785948358229179221,0.11431799829006195
1785948358245959273,0.1281149983406067
1785948358265942173,0.14059799909591675
1785948358285923760,0.14585399627685547
1785948358307599926,0.15505200624465942
1785948358329124216,0.1662209928035736
1785948358348770369,0.1727910041809082
1785948358365770908,0.185930997133255
1785948358385744687,0.19512900710105896
1785948358416432449,0.19972799718379974
1785948358427974393,0.21024000644683838
1785948358445837230,0.22337999939918518
1785948358465544281,0.22929300367832184
1785948358486008283,0.23914800584316254
1785948358505615331,0.24768899381160736
1785948358526204264,0.2529450058937073
1785948358545639436,0.26542800664901733
1785948358566701119,0.27725398540496826
1785948358587727410,0.28251001238822937
1785948358605535204,0.29039400815963745
1785948358626245294,0.3009060025215149
1785948358657284075,0.3074760138988495
1785948358665066290,0.31995901465415955
1785948358685910144,0.32981398701667786
1785948358705268992,0.33309900760650635
1785948358725865510,0.3436110019683838
1785948358746268390,0.35609400272369385
1785948358765794156,0.36134999990463257
1785948358786071688,0.36923399567604065
1785948358805601358,0.3751470148563385
1785948358827972137,0.376460999250412
1785948358848379561,0.37711799144744873
1785948358866258558,0.37711799144744873
1785948358885680065,0.37711799144744873
1785948358906361225,0.37711799144744873
1785948358925648904,0.37711799144744873
1785948358945918020,0.37711799144744873
1785948358965798260,0.37711799144744873
1785948358986312535,0.37711799144744873
1785948359005386704,0.37711799144744873
1785948359026688395,0.37711799144744873
1785948359046593788,0.37711799144744873
1785948359065587954,0.37711799144744873
1785948359086010578,0.37711799144744873
1785948359107773787,0.37711799144744873
1785948359129207034,0.37711799144744873
1785948359154252548,0.37711799144744873
1785948359165406800,0.37711799144744873
1785948359186289183,0.37711799144744873
1785948359205410840,0.37711799144744873
1785948359226273702,0.37711799144744873
1785948359245857902,0.37711799144744873
1785948359266183307,0.37711799144744873
1785948359286109661,0.37711799144744873
1785948359305700933,0.37711799144744873
1785948359325751035,0.37711799144744873
1785948359345866258,0.37711799144744873
1785948359365218675,0.37711799144744873
1785948359385820825,0.37711799144744873
1785948359405446209,0.37711799144744873
1785948359433948083,0.37711799144744873
1785948359446877140,0.37711799144744873
1785948359465312665,0.37711799144744873
1785948359485673176,0.37711799144744873
1785948359508130293,0.37711799144744873
1785948359530415309,0.37711799144744873
1785948359546563055,0.37711799144744873
1785948359565515043,0.37711799144744873
1785948359586081736,0.37711799144744873
1785948359605649295,0.37711799144744873
1785948359629164300,0.37711799144744873
1785948359645845341,0.37711799144744873
1785948359665863154,0.37711799144744873
1785948359685993802,0.37711799144744873
1785948359706161443,0.37711799144744873
1785948359729584285,0.37711799144744873
1785948359745896547,0.37711799144744873
1785948359765819796,0.37711799144744873
1785948359785706981,0.37711799144744873
1785948359809452201,0.37711799144744873
1785948359826734348,0.37711799144744873
1785948359848008422,0.37711799144744873
1785948359866084288,0.37711799144744873
1785948359886153334,0.37711799144744873
1785948359905420500,0.37711799144744873
1785948359926087100,0.37711799144744873
1785948359946361593,0.37711799144744873
1785948359966145510,0.37711799144744873
1785948359985887826,0.37711799144744873
1785948360005440377,0.37711799144744873
1785948360025651187,0.37711799144744873
1785948360046964686,0.37711799144744873
1785948360065334194,0.37711799144744873
1785948360086279106,0.37711799144744873
1785948360107488922,0.37711799144744873
1785948360129047965,0.37711799144744873
1785948360146389729,0.37711799144744873
1785948360165465466,0.37711799144744873
1785948360186265638,0.37711799144744873
1785948360206540386,0.37711799144744873
1785948360226562486,0.37711799144744873
1785948360248892976,0.37711799144744873
1785948360265950060,0.37711799144744873
1785948360287512943,0.37711799144744873
1785948360305431141,0.37711799144744873
1785948360326477368,0.37711799144744873
1785948360347723281,0.37711799144744873
1785948360366061203,0.37711799144744873
1785948360385955076,0.37711799144744873
1785948360405374663,0.37711799144744873
1785948360428310162,0.37711799144744873
1785948360446244009,0.37711799144744873
1785948360465823120,0.37711799144744873
1785948360486732255,0.37711799144744873
1785948360507613646,0.37711799144744873
1785948360536858709,0.37711799144744873
1785948360546679834,0.37711799144744873
1785948360565400520,0.37711799144744873
1785948360585726277,0.37711799144744873
1785948360605336110,0.37711799144744873
1785948360625763150,0.37711799144744873
1785948360646104013,0.37711799144744873
1785948360665596529,0.37711799144744873
1785948360685795019,0.37711799144744873
1785948360707763002,0.37711799144744873
1785948360726097916,0.37711799144744873
1785948360745696100,0.37711799144744873
1785948360765170697,0.37711799144744873
1785948360785974517,0.37711799144744873
1785948360814956660,0.37711799144744873
1785948360829096026,0.37711799144744873
1785948360848873767,0.37711799144744873
1785948360865680284,0.37711799144744873
1785948360885817236,0.37711799144744873
1785948360907298868,0.37711799144744873
1785948360930024217,0.37711799144744873
1785948360946471427,0.37711799144744873
1785948360965842181,0.37711799144744873
1785948360986160354,0.37711799144744873
1785948361005805068,0.37711799144744873
1785948361029896089,0.37711799144744873
1785948361046689326,0.37711799144744873
1785948361066080816,0.37711799144744873
1785948361086363628,0.37711799144744873
1785948361107334941,0.37711799144744873
1785948361132696913,0.37711799144744873
1785948361146095328,0.37711799144744873
1785948361165672871,0.37711799144744873
1785948361186019622,0.37711799144744873
1785948361205629294,0.37711799144744873
1785948361225790311,0.37711799144744873
1785948361248214755,0.37711799144744873
1785948361265359938,0.37711799144744873
1785948361285744546,0.37711799144744873
1785948361305325289,0.37711799144744873
1785948361325649031,0.37711799144744873
1785948361356743301,0.37711799144744873
1785948361365520779,0.37711799144744873
1785948361385996333,0.37711799144744873
1785948361405499762,0.37711799144744873
1785948361426482436,0.37711799144744873
1785948361447043272,0.37711799144744873
1785948361465305064,0.37711799144744873
1785948361485997489,0.37711799144744873
1785948361505477302,0.37711799144744873
1785948361529187736,0.37711799144744873
1785948361545886442,0.37711799144744873
1785948361565958080,0.37711799144744873
1785948361585715437,0.37711799144744873
1785948361610395916,0.37711799144744873
1785948361626058879,0.37711799144744873
1785948361646975310,0.37711799144744873
1785948361666756348,0.37711799144744873
1785948361685699152,0.37711799144744873
1785948361705376890,0.37711799144744873
1785948361726609683,0.3751470148563385
1785948361747802187,0.3698909878730774
1785948361766159694,0.3666059970855713
1785948361786034174,0.36266401410102844
1785948361806183158,0.3620069921016693
1785948361826669433,0.3620069921016693
1785948361847662827,0.36594900488853455
1785948361867179760,0.37186199426651
1785948361885953600,0.3738330006599426
1785948361905828208,0.37711799144744873
1785948361925852293,0.37711799144744873
1785948361946645040,0.37711799144744873
1785948361965413183,0.37711799144744873
1785948361987329293,0.37711799144744873
1785948362005855093,0.37711799144744873
1785948362025691492,0.37580400705337524
1785948362045904254,0.3698909878730774
1785948362065321377,0.36594900488853455
1785948362085883493,0.3567509949207306
1785948362107711984,0.34952399134635925
1785948362126452798,0.3449249863624573
1785948362147262954,0.3337559998035431
1785948362165544043,0.3239009976387024
1785948362186341847,0.3193019926548004
1785948362205494706,0.31338900327682495
1785948362225668043,0.3107610046863556
1785948362245807907,0.3107610046863556
1785948362266429866,0.31141799688339233
1785948362287874665,0.31536000967025757
1785948362305924035,0.3173309862613678
1785948362325890934,0.31864500045776367
1785948362345976716,0.3173309862613678
1785948362365732409,0.31536000967025757
1785948362385993973,0.3120749890804291
1785948362405301588,0.3107610046863556
1785948362426109792,0.308789998292923
1785948362449030315,0.3028770089149475
1785948362465746941,0.29827800393104553
1785948362486200895,0.29696398973464966
1785948362508059274,0.2963069975376129
1785948362525904670,0.2930220067501068
1785948362545802223,0.2910510003566742
1785948362566010537,0.2877660095691681
1785948362585824535,0.2877660095691681
1785948362605448768,0.2877660095691681
1785948362626576118,0.2857950031757355
1785948362646149949,0.2811959981918335
1785948362665490173,0.2792249917984009
1785948362685718456,0.27856799960136414
1785948362705476901,0.27856799960136414
1785948362730361419,0.27725398540496826
1785948362745691859,0.27265501022338867
1785948362766435742,0.2647710144519806
1785948362785990916,0.26082900166511536
1785948362805393190,0.25425899028778076
1785948362826124304,0.2503170073032379
1785948362846765591,0.24703200161457062
1785948362865420003,0.23914800584316254
1785948362886065642,0.22929300367832184
1785948362905364810,0.22469399869441986
1785948362927580832,0.21483899652957916
1785948362946128520,0.20695500075817108
1785948362965658862,0.20432700216770172
1785948362985934027,0.20038500428199768
1785948363013341435,0.19841399788856506
1785948363025753453,0.19644300639629364
1785948363045711616,0.19118699431419373
1785948363065574640,0.1826460063457489
1785948363086355771,0.17804700136184692
1785948363105600473,0.16819199919700623
1785948363126430597,0.1563660055398941
1785948363149886016,0.1497959941625595
1785948363166381900,0.13731299340724945
1785948363193516500,0.12745800614356995
1785948363206444022,0.12351600080728531
1785948363226625871,0.11431799829006195
1785948363245938223,0.10249199718236923
1785948363266286221,0.09723600000143051
1785948363286528392,0.09000899642705917
1785948363306084463,0.08343899995088577
1785948363326348523,0.07949700206518173
1785948363347102581,0.06964199990034103
1785948363365340917,0.059130001813173294
1785948363385985308,0.053874000906944275
1785948363407233973,0.045990001410245895
1785948363432049785,0.0361349992454052
1785948363446329506,0.030879000201821327
1785948363465632801,0.01905299909412861
1785948363486222183,0.009855000302195549
1785948363505739789,0.005913000088185072
1785948363525952039,-0.0026279999874532223
1785948363545865880,-0.014453999698162079
1785948363566938348,-0.020367000252008438
1785948363586207658,-0.030222000554203987
1785948363607112057,-0.038763001561164856
1785948363626561469,-0.04401899874210358
1785948363645907069,-0.055844999849796295
1785948363665725676,-0.06767100095748901
1785948363686036297,-0.07292699813842773
1785948363706115840,-0.08146800100803375
1785948363729404662,-0.09263700246810913
1785948363746063782,-0.09854999929666519
1785948363765634957,-0.11103300005197525
1785948363786092047,-0.12088800221681595
1785948363807125218,-0.12483000010251999
1785948363826790220,-0.13534200191497803
1785948363846274832,-0.14782500267028809
1785948363865836759,-0.1543949991464615
1785948363887156467,-0.16425000131130219
1785948363907401710,-0.1727910041809082
1785948363926124380,-0.17804700136184692
1785948363946842885,-0.19118699431419373
1785948363965537618,-0.2023559957742691
1785948363985866544,-0.20761199295520782
1785948364005382518,-0.21615299582481384
1785948364025789462,-0.22666500508785248
1785948364046031537,-0.23323500156402588
1785948364065546135,-0.24571800231933594
1785948364086228127,-0.2549160122871399
1785948364106684864,-0.2595149874687195
1785948364126931676,-0.2693699896335602
1785948364145929906,-0.28251001238822937
1785948364169314251,-0.28842300176620483
1785948364185864984,-0.29827800393104553
1785948364205325660,-0.30681899189949036
1785948364225737596,-0.3120749890804291
1785948364245876788,-0.32455798983573914
1785948364265574751,-0.33638399839401245
1785948364287607632,-0.34163999557495117
1785948364306766891,-0.34952399134635925
1785948364329471151,-0.3600359857082367
1785948364346047037,-0.36463499069213867
1785948364365748616,-0.37186199426651
1785948364386030853,-0.37580400705337524
1785948364406015448,-0.37711799144744873
1785948364426175569,-0.37711799144744873
1785948364447204804,-0.37711799144744873
1785948364465709419,-0.37711799144744873
1785948364485999336,-0.37777501344680786
1785948364506410632,-0.37777501344680786
1785948364528905958,-0.37777501344680786
1785948364545681594,-0.37777501344680786
1785948364566341538,-0.37777501344680786
1785948364586160721,-0.37777501344680786
1785948364605766105,-0.37777501344680786
1785948364627760008,-0.37777501344680786
1785948364645968647,-0.37777501344680786
1785948364670815339,-0.37777501344680786
1785948364700289306,-0.37711799144744873
1785948364707384461,-0.37711799144744873
1785948364730462045,-0.37711799144744873
1785948364746612382,-0.37711799144744873
1785948364765586803,-0.37711799144744873
1785948364785929810,-0.37711799144744873
1785948364807485748,-0.37711799144744873
1785948364826416232,-0.37711799144744873
1785948364851521236,-0.37711799144744873
1785948364867821402,-0.37711799144744873
1785948364887966578,-0.37711799144744873
1785948364905492541,-0.37711799144744873
1785948364927756788,-0.37711799144744873
1785948364945767757,-0.37711799144744873
1785948364966051785,-0.37711799144744873
1785948364991527232,-0.37711799144744873
1785948365009131053,-0.37711799144744873
1785948365026830428,-0.37711799144744873
1785948365046414948,-0.37711799144744873
1785948365065437883,-0.37711799144744873
1785948365088846836,-0.37711799144744873
1785948365106707561,-0.37711799144744873
1785948365127081960,-0.37711799144744873
1785948365146345830,-0.37711799144744873
1785948365167745924,-0.37711799144744873
1785948365187588147,-0.37711799144744873
1785948365205552714,-0.37711799144744873
1785948365246302857,-0.37711799144744873
1785948365250998581,-0.37711799144744873
1785948365266680648,-0.37711799144744873
1785948365296556834,-0.37711799144744873
1785948365320570350,-0.37711799144744873
1785948365338041238,-0.37711799144744873
1785948365353115992,-0.37711799144744873
1785948365366980405,-0.37711799144744873
1785948365394312995,-0.37711799144744873
1785948365411688585,-0.37711799144744873
1785948365428883657,-0.37711799144744873
1785948365445806818,-0.37711799144744873
1785948365465420202,-0.37711799144744873
1785948365488501402,-0.37711799144744873
1785948365506036517,-0.37711799144744873
1785948365528618821,-0.37711799144744873
1785948365546734401,-0.37711799144744873
1785948365565665717,-0.37711799144744873
1785948365592174091,-0.37711799144744873
1785948365606389043,-0.37711799144744873
1785948365627031738,-0.37711799144744873
1785948365645776969,-0.37711799144744873
1785948365669857334,-0.37711799144744873
1785948365685815442,-0.37711799144744873
1785948365708217837,-0.37711799144744873
1785948365725817402,-0.37711799144744873
1785948365745644713,-0.37711799144744873
1785948365765439447,-0.37711799144744873
1785948365787585163,-0.37711799144744873
1785948365806832392,-0.37711799144744873
1785948365828382986,-0.37711799144744873
1785948365847414241,-0.37711799144744873
1785948365865824326,-0.37711799144744873
1785948365886093538,-0.37711799144744873
1785948365906049461,-0.37711799144744873
1785948365925950854,-0.37711799144744873
1785948365947601963,-0.37711799144744873
1785948365965421054,-0.37711799144744873
1785948365986033124,-0.37711799144744873
1785948366005400997,-0.37711799144744873
1785948366030634421,-0.37711799144744873
1785948366046260263,-0.37711799144744873
1785948366065472228,-0.37711799144744873
1785948366085839458,-0.37711799144744873
1785948366108556039,-0.37711799144744873
1785948366125867243,-0.37711799144744873
1785948366147918684,-0.37711799144744873
1785948366165499368,-0.37711799144744873
1785948366190867772,-0.37711799144744873
1785948366205491888,-0.37711799144744873
1785948366226141815,-0.37711799144744873
1785948366245857347,-0.37711799144744873
1785948366265405801,-0.37711799144744873
1785948366286482622,-0.37711799144744873
1785948366305536533,-0.37711799144744873
1785948366328905934,-0.37711799144744873
1785948366350385742,-0.37711799144744873
1785948366365434542,-0.37711799144744873
1785948366390837923,-0.37711799144744873
1785948366406020584,-0.37711799144744873
1785948366426959448,-0.37711799144744873
1785948366445977262,-0.37711799144744873
1785948366465876415,-0.37711799144744873
1785948366486777422,-0.37711799144744873
1785948366508516214,-0.37711799144744873
1785948366529066906,-0.37711799144744873
1785948366546760906,-0.37711799144744873
1785948366565890884,-0.37711799144744873
1785948366587905044,-0.37711799144744873
1785948366606663107,-0.37711799144744873
1785948366627132229,-0.37711799144744873
1785948366646255039,-0.37711799144744873
1785948366669076807,-0.37711799144744873
1785948366686163652,-0.37711799144744873
1785948366705828142,-0.37711799144744873
1785948366725802049,-0.37711799144744873
1785948366745819414,-0.37711799144744873
1785948366774588111,-0.37711799144744873
1785948366787015265,-0.37711799144744873
1785948366805874675,-0.37711799144744873
1785948366825852807,-0.37711799144744873
1785948366845776856,-0.37711799144744873
1785948366866526243,-0.37711799144744873
1785948366887285549,-0.37711799144744873
1785948366906311524,-0.37711799144744873
1785948366934352360,-0.37711799144744873
1785948366946390415,-0.37711799144744873
1785948366966254238,-0.37711799144744873
1785948366986442296,-0.37711799144744873
1785948367005905116,-0.37711799144744873
1785948367025865231,-0.37711799144744873
1785948367045809697,-0.37711799144744873
1785948367065718386,-0.37711799144744873
1785948367088436247,-0.37711799144744873
1785948367105561750,-0.37711799144744873
1785948367128980752,-0.376460999250412
1785948367147709022,-0.37580400705337524
1785948367165560274,-0.37580400705337524
1785948367186211929,-0.37580400705337524
1785948367205699198,-0.376460999250412
1785948367233379863,-0.37711799144744873
1785948367246086737,-0.37711799144744873
1785948367265615031,-0.37711799144744873
1785948367285859283,-0.37711799144744873
1785948367307369492,-0.37711799144744873
1785948367326371818,-0.3751470148563385
1785948367346465697,-0.37186199426651
1785948367373466053,-0.36463499069213867
1785948367386432712,-0.35806500911712646
1785948367406081905,-0.35609400272369385
1785948367425873119,-0.34952399134635925
1785948367446133979,-0.3403260111808777
1785948367466064237,-0.33507001399993896
1785948367494305142,-0.32455798983573914
1785948367505379808,-0.3173309862613678
1785948367525852450,-0.3140459954738617
1785948367545894039,-0.30681899189949036
1785948367565279577,-0.29696398973464966
1785948367586791866,-0.29236501455307007
1785948367605359043,-0.2857950031757355
1785948367627576122,-0.27725398540496826
1785948367646059360,-0.2713409960269928
1785948367666228185,-0.2595149874687195
1785948367685931653,-0.2503170073032379
1785948367705894839,-0.24637499451637268
1785948367725912012,-0.23717699944972992
1785948367746091365,-0.22469399869441986
1785948367765925012,-0.2187809944152832
1785948367786397718,-0.2089260071516037
1785948367805378156,-0.20104199647903442
1785948367833920127,-0.1957859992980957
1785948367846105770,-0.18396000564098358
1785948367865341575,-0.17344799637794495
1785948367889933092,-0.16884900629520416
1785948367906269867,-0.16227899491786957
1785948367926555687,-0.1530809998512268
1785948367945932552,-0.14782500267028809
1785948367965529936,-0.13599899411201477
1785948367987228343,-0.126800999045372
1785948368005905924,-0.12285900115966797
1785948368032840582,-0.11366099864244461
1785948368045869451,-0.10183499753475189
1785948368065700249,-0.09592200070619583
1785948368085798064,-0.08606699854135513
1785948368105835749,-0.07752600312232971
1785948368125850042,-0.07292699813842773
1785948368146045908,-0.061101000756025314
1785948368165907460,-0.049931999295949936
1785948368185979386,-0.045333001762628555
1785948368205942349,-0.03679199889302254
1785948368229650671,-0.026937000453472137
1785948368246559303,-0.021023999899625778
1785948368267145996,-0.009855000302195549
1785948368286205476,0.0
1785948368305646088,0.0026279999874532223
1785948368327633559,0.012482999823987484
1785948368346115710,0.024309000000357628
1785948368365984750,0.030222000554203987
1785948368389052349,0.040077000856399536
1785948368409044721,0.049274999648332596
1785948368426300819,0.053874000906944275
1785948368447190530,0.06635700166225433
1785948368465552133,0.07818300276994705
1785948368486247854,0.08278200030326843
1785948368505660080,0.09198000282049179
1785948368529320977,0.10249199718236923
1785948368546996224,0.10906200110912323
1785948368569831176,0.12154500186443329
1785948368586232145,0.131400004029274
1785948368607889974,0.13534200191497803
1785948368626834411,0.14191199839115143
1785948368647268940,0.1511099934577942
1785948368665765683,0.1563660055398941
1785948368688482904,0.16819199919700623
1785948368705686745,0.177389994263649
1785948368730298006,0.18133200705051422
1785948368746069484,0.19118699431419373
1785948368765587186,0.20366999506950378
1785948368786532866,0.20958299934864044
1785948368808505873,0.22009499371051788
1785948368837283114,0.23323500156402588
1785948368850935585,0.24046200513839722
1785948368865890751,0.253601998090744
1785948368888184375,0.2634570002555847
1785948368908085960,0.2680560052394867
1785948368926662738,0.27856799960136414
1785948368946063028,0.29170799255371094
1785948368969454189,0.29827800393104553
1785948368985808148,0.30813300609588623
1785948369005694469,0.31667399406433105
1785948369026149638,0.3219299912452698
1785948369050109328,0.33507001399993896
1785948369065608254,0.3468959927558899
1785948369086818550,0.35149499773979187
1785948369107483390,0.35937899351119995
1785948369142012643,0.3685770034790039
1785948369146493705,0.37186199426651
1785948369166381017,0.376460999250412
1785948369186647061,0.37711799144744873
1785948369205810416,0.37711799144744873
1785948369227941604,0.37711799144744873
1785948369250294750,0.37711799144744873
1785948369265424257,0.37711799144744873
1785948369286306159,0.37711799144744873
1785948369305899447,0.37711799144744873
1785948369326261878,0.37711799144744873
1785948369347943580,0.37711799144744873
1785948369365949076,0.37711799144744873
1785948369386046827,0.37711799144744873
1785948369405801784,0.37711799144744873
1785948369426155190,0.37711799144744873
1785948369449124707,0.37711799144744873
1785948369465399400,0.37711799144744873
1785948369486087888,0.37711799144744873
1785948369507024480,0.37711799144744873
1785948369529221398,0.37711799144744873
1785948369545820740,0.37711799144744873
1785948369565650803,0.37711799144744873
1785948369590916516,0.37711799144744873
1785948369605465686,0.37711799144744873
1785948369625818516,0.37711799144744873
1785948369646156114,0.37711799144744873
1785948369667450829,0.37711799144744873
1785948369687466017,0.37711799144744873
1785948369705382263,0.37711799144744873
1785948369725930460,0.37711799144744873
1785948369746042227,0.37711799144744873
1785948369765802752,0.37711799144744873
1785948369786225440,0.37711799144744873
1785948369808800161,0.37711799144744873
1785948369825890430,0.37711799144744873
1785948369846300959,0.37711799144744873
1785948369865426489,0.37711799144744873
1785948369885899995,0.37711799144744873
1785948369905855277,0.37711799144744873
1785948369926104937,0.37711799144744873
1785948369945793203,0.37711799144744873
1785948369965933164,0.37711799144744873
1785948369995840455,0.37711799144744873
1785948370008818762,0.37711799144744873
1785948370030671669,0.37711799144744873
1785948370046068704,0.37711799144744873
1785948370065812172,0.37711799144744873
1785948370087319693,0.37711799144744873
1785948370109897998,0.37711799144744873
1785948370127295572,0.37711799144744873
1785948370146221320,0.37711799144744873
1785948370165531656,0.37711799144744873
1785948370185890822,0.37711799144744873
1785948370205662867,0.37711799144744873
1785948370225986993,0.37711799144744873
1785948370249769078,0.37711799144744873
1785948370265684432,0.37711799144744873
1785948370286785189,0.37711799144744873
1785948370305490738,0.37711799144744873
1785948370325830864,0.37711799144744873
1785948370345902951,0.37711799144744873
1785948370365523919,0.37711799144744873
1785948370388538749,0.37711799144744873
1785948370406710939,0.37711799144744873
1785948370426053435,0.37711799144744873
1785948370445755526,0.37711799144744873
1785948370465513235,0.37711799144744873
1785948370486394497,0.37711799144744873
1785948370506829122,0.37711799144744873
1785948370526773620,0.37711799144744873
1785948370547482462,0.37711799144744873
1785948370565753630,0.37711799144744873
1785948370592337878,0.37711799144744873
1785948370605490526,0.37711799144744873
1785948370625937856,0.37711799144744873
1785948370646362624,0.37711799144744873
1785948370667143883,0.37711799144744873
1785948370685897242,0.37711799144744873
1785948370708588606,0.37711799144744873
1785948370726415250,0.37711799144744873
1785948370745877814,0.37711799144744873
1785948370765626210,0.37711799144744873
1785948370786095556,0.37711799144744873
1785948370811275410,0.37711799144744873
1785948370826001929,0.37711799144744873
1785948370854489978,0.37711799144744873
1785948370865641799,0.37711799144744873
1785948370885877090,0.37711799144744873
1785948370905472810,0.37711799144744873
1785948370926345688,0.37711799144744873
1785948370947851384,0.37711799144744873
1785948370965612426,0.37711799144744873
1785948370992817140,0.37711799144744873
1785948371005750422,0.37711799144744873
1785948371025987793,0.37711799144744873
1785948371045810912,0.37711799144744873
1785948371065449449,0.37711799144744873
1785948371088538489,0.37711799144744873
1785948371107394283,0.37711799144744873
1785948371126569030,0.37711799144744873
1785948371146446518,0.37711799144744873
1785948371165923579,0.37711799144744873
1785948371186090196,0.37711799144744873
1785948371205605017,0.37711799144744873
1785948371236799675,0.37711799144744873
1785948371246956874,0.37711799144744873
1785948371265997281,0.37711799144744873
1785948371286886928,0.37711799144744873
1785948371305446137,0.37711799144744873
1785948371326915448,0.37711799144744873
1785948371347620993,0.37711799144744873
1785948371366159178,0.37711799144744873
1785948371386358948,0.37711799144744873
1785948371405860265,0.37711799144744873
1785948371425992545,0.37711799144744873
1785948371445913458,0.37711799144744873
1785948371465529595,0.37711799144744873
1785948371485909210,0.37711799144744873
1785948371505512290,0.37711799144744873
1785948371530300997,0.37711799144744873
1785948371546068411,0.37711799144744873
1785948371565896074,0.37711799144744873
1785948371585820284,0.37711799144744873
1785948371606970866,0.37711799144744873
1785948371630853850,0.37711799144744873
1785948371646082239,0.37711799144744873
1785948371666922764,0.37711799144744873
1785948371685920963,0.37711799144744873
1785948371706573194,0.37711799144744873
1785948371726812517,0.37711799144744873
1785948371746174886,0.37711799144744873
1785948371770665504,0.37711799144744873
1785948371790641875,0.37711799144744873
1785948371806074495,0.37711799144744873
1785948371826736007,0.37711799144744873
1785948371846141417,0.37711799144744873
1785948371865787443,0.37711799144744873
1785948371885986252,0.37711799144744873
1785948371905876413,0.37711799144744873
1785948371926668041,0.37711799144744873
1785948371946827841,0.37711799144744873
1785948371965761974,0.37711799144744873
1785948371997473479,0.37711799144744873
1785948372005342705,0.37711799144744873
1785948372026004185,0.37711799144744873
1785948372046039470,0.37711799144744873
1785948372078012455,0.37711799144744873
1785948372085978740,0.37711799144744873
1785948372106719902,0.37711799144744873
1785948372126874679,0.37711799144744873
1785948372146175254,0.37711799144744873
1785948372165488181,0.37711799144744873
1785948372185979896,0.37711799144744873
1785948372205742213,0.37711799144744873
1785948372226854394,0.37711799144744873
1785948372245919954,0.37711799144744873
1785948372265653630,0.37711799144744873
1785948372285878009,0.37711799144744873
1785948372306700646,0.37711799144744873
1785948372326261708,0.37711799144744873
1785948372346094171,0.37711799144744873
1785948372367214353,0.37711799144744873
1785948372386084419,0.37711799144744873
1785948372409806246,0.37711799144744873
1785948372432313893,0.37711799144744873
1785948372447259330,0.37711799144744873
1785948372465364030,0.37711799144744873
1785948372486462546,0.37711799144744873
1785948372505789938,0.37711799144744873
1785948372526768515,0.37711799144744873
1785948372546458638,0.37711799144744873
1785948372565783054,0.37711799144744873
1785948372585785762,0.37711799144744873
1785948372605445068,0.37711799144744873
1785948372627426011,0.37711799144744873
1785948372646300013,0.37711799144744873
1785948372665534763,0.37711799144744873
1785948372687201456,0.37711799144744873
1785948372705600821,0.37711799144744873
1785948372725824047,0.37711799144744873
1785948372745907174,0.37711799144744873
1785948372765412907,0.37711799144744873
1785948372787161907,0.37711799144744873
1785948372807856860,0.37711799144744873
1785948372826374276,0.376460999250412
1785948372846143057,0.376460999250412
1785948372865571700,0.376460999250412
1785948372885882385,0.37580400705337524
1785948372909103493,0.37580400705337524
1785948372929137082,0.37448999285697937
1785948372946638755,0.3698909878730774
1785948372965867808,0.36594900488853455
1785948372989135542,0.36463499069213867
1785948373006340663,0.36463499069213867
1785948373025947839,0.3666059970855713
1785948373045822543,0.36923399567604065
1785948373066092299,0.37448999285697937
1785948373086739826,0.37711799144744873
1785948373106228695,0.37711799144744873
1785948373126881247,0.37711799144744873
1785948373145765297,0.37711799144744873
1785948373165582912,0.37711799144744873
1785948373185937406,0.37711799144744873
1785948373205954515,0.37711799144744873
1785948373226284369,0.37711799144744873
1785948373246268356,0.37711799144744873
1785948373265682919,0.37711799144744873
1785948373285913346,0.37711799144744873
1785948373305515594,0.37711799144744873
1785948373326783332,0.37711799144744873
1785948373346064962,0.37711799144744873
1785948373366070902,0.37711799144744873
1785948373386169709,0.37711799144744873
1785948373405759189,0.37711799144744873
1785948373426033873,0.37711799144744873
1785948373445996292,0.37711799144744873
1785948373465908821,0.37711799144744873
1785948373485960363,0.37711799144744873
1785948373505555827,0.37711799144744873
1785948373529568542,0.376460999250412
1785948373547865632,0.37448999285697937
1785948373565625265,0.37448999285697937
1785948373585934894,0.37448999285697937
1785948373606162953,0.3738330006599426
1785948373626768207,0.37120500206947327
1785948373646178801,0.3685770034790039
1785948373665765913,0.3620069921016693
1785948373686280668,0.3587220013141632
1785948373705462136,0.35806500911712646
1785948373725962235,0.35412299633026123
1785948373746065842,0.34952399134635925
1785948373765568599,0.3488669991493225
1785948373786618602,0.34821000695228577
1785948373805818695,0.34821000695228577
1785948373826960413,0.3468959927558899
1785948373846325694,0.3422969877719879
1785948373865505273,0.33441299200057983
1785948373885951707,0.32981398701667786
1785948373907257717,0.31995901465415955
1785948373926144584,0.3094469904899597
1785948373946327554,0.3028770089149475
1785948373965533726,0.2897369861602783
1785948373986720021,0.27988201379776
1785948374005558439,0.2765969932079315
1785948374028970016,0.2667419910430908
1785948374045895513,0.2549160122871399
1785948374065710279,0.24966000020503998
1785948374087756504,0.24111899733543396
1785948374106439301,0.2352059930562973
1785948374126637471,0.23126399517059326
1785948374146529072,0.22075200080871582
1785948374165810990,0.20958299934864044
1785948374186729246,0.20432700216770172
1785948374211791624,0.19644300639629364
1785948374226873610,0.185930997133255
1785948374246277900,0.18001799285411835
1785948374266011928,0.16819199919700623
1785948374286298901,0.15833699703216553
1785948374309408421,0.1543949991464615
1785948374326438593,0.14519700407981873
1785948374345948998,0.1333709955215454
1785948374365751636,0.12745800614356995
1785948374386022640,0.11694599688053131
1785948374405612312,0.10906200110912323
1785948374425977079,0.10380599647760391
1785948374446109135,0.09263700246810913
1785948374465708279,0.08081100136041641
1785948374486332542,0.07621199637651443
1785948374505895845,0.06767100095748901
1785948374526272196,0.057815998792648315
1785948374545955438,0.052560001611709595
1785948374565568471,0.040734000504016876
1785948374586349698,0.030879000201821327
1785948374605937130,0.026937000453472137
1785948374625835643,0.01773899979889393
1785948374645947346,0.006570000201463699
1785948374665926565,0.0006569999968633056
1785948374685991035,-0.008541000075638294
1785948374706018960,-0.01708200015127659
1785948374729119425,-0.02168099954724312
1785948374747719371,-0.03350700065493584
1785948374765780517,-0.045333001762628555
1785948374786081762,-0.049931999295949936
1785948374806903439,-0.059130001813173294
1785948374825970055,-0.06964199990034103
1785948374846663183,-0.0755549967288971
1785948374866666915,-0.08803799748420715
1785948374886164168,-0.09789299964904785
1785948374906254207,-0.10249199718236923
1785948374926076206,-0.11234699934720993
1785948374946361898,-0.12548699975013733
1785948374965503365,-0.131400004029274
1785948374986039433,-0.14191199839115143
1785948375005649745,-0.15045300126075745
1785948375026601313,-0.15570899844169617
1785948375045821086,-0.16819199919700623
1785948375066862353,-0.18001799285411835
1785948375085790053,-0.18527400493621826
1785948375112348605,-0.19315800070762634
1785948375130314964,-0.20432700216770172
1785948375146049993,-0.21024000644683838
1785948375165601104,-0.22272300720214844
1785948375189423701,-0.23257799446582794
1785948375207543889,-0.23652000725269318
1785948375233614170,-0.24703200161457062
1785948375245966570,-0.2595149874687195
1785948375265551506,-0.2660849988460541
1785948375286904142,-0.2759400010108948
1785948375305553018,-0.28382399678230286
1785948375335114827,-0.2890799939632416
1785948375349454070,-0.30156299471855164
1785948375365758332,-0.3140459954738617
1785948375386242399,-0.31864500045776367
1785948375405917481,-0.32652899622917175
1785948375436204911,-0.3376980125904083
1785948375447743751,-0.34426799416542053
1785948375465671518,-0.3567509949207306
1785948375485891896,-0.36594900488853455
1785948375505757448,-0.3698909878730774
1785948375533843693,-0.3751470148563385
1785948375545905941,-0.37711799144744873
1785948375565757316,-0.37711799144744873
1785948375586902970,-0.37777501344680786
1785948375606958864,-0.37777501344680786
1785948375626141195,-0.37777501344680786
1785948375646240834,-0.37777501344680786
1785948375666325113,-0.37777501344680786
1785948375686466993,-0.37777501344680786
1785948375707000629,-0.37777501344680786
1785948375727775776,-0.37777501344680786
1785948375746744693,-0.37777501344680786
1785948375766514659,-0.37777501344680786
1785948375786399315,-0.37777501344680786
1785948375809698057,-0.37777501344680786
1785948375826407867,-0.37777501344680786
1785948375846599733,-0.37777501344680786
1785948375865895284,-0.37777501344680786
1785948375890770105,-0.37777501344680786
1785948375905681270,-0.37777501344680786
1785948375926299004,-0.37711799144744873
1785948375947980354,-0.37711799144744873
1785948375965774484,-0.37711799144744873
1785948375985984943,-0.37711799144744873
1785948376006723001,-0.37711799144744873
1785948376032774337,-0.37711799144744873
1785948376047093932,-0.37711799144744873
1785948376065771576,-0.37711799144744873
1785948376085987315,-0.37711799144744873
1785948376106720413,-0.37711799144744873
1785948376126410823,-0.37711799144744873
1785948376145806313,-0.37711799144744873
1785948376165395569,-0.37711799144744873
1785948376185990807,-0.37711799144744873
1785948376209855998,-0.37711799144744873
1785948376227104992,-0.37711799144744873
1785948376245914096,-0.37711799144744873
1785948376266662811,-0.37711799144744873
1785948376285879223,-0.37711799144744873
1785948376306111314,-0.37711799144744873
1785948376326151368,-0.37711799144744873
1785948376350581472,-0.37711799144744873
1785948376365523709,-0.37711799144744873
1785948376385787641,-0.37711799144744873
1785948376405774444,-0.37711799144744873
1785948376430341288,-0.37711799144744873
1785948376445877911,-0.37711799144744873
1785948376465428286,-0.37711799144744873
1785948376485924481,-0.37711799144744873
1785948376509422525,-0.37711799144744873
1785948376526346101,-0.37711799144744873
1785948376546286279,-0.37711799144744873
1785948376570762049,-0.37711799144744873
1785948376589213511,-0.37711799144744873
1785948376608815151,-0.37711799144744873
1785948376626610209,-0.37711799144744873
1785948376646450160,-0.37711799144744873
1785948376665855155,-0.37711799144744873
1785948376685862695,-0.37711799144744873
1785948376706449580,-0.37711799144744873
1785948376726300060,-0.37711799144744873
1785948376746834816,-0.37711799144744873
1785948376765583662,-0.37711799144744873
1785948376787548125,-0.37711799144744873
1785948376806755001,-0.37711799144744873
1785948376826248510,-0.37711799144744873
1785948376849359247,-0.37711799144744873
1785948376869116316,-0.37711799144744873
1785948376895493070,-0.37711799144744873
1785948376915508386,-0.37711799144744873
1785948376926562700,-0.37711799144744873
1785948376946298392,-0.37711799144744873
1785948376965750331,-0.37711799144744873
1785948376986367618,-0.37711799144744873
1785948377007437910,-0.37711799144744873
1785948377026436876,-0.37711799144744873
1785948377046937839,-0.37711799144744873
1785948377065785696,-0.37711799144744873
1785948377086391078,-0.37711799144744873
1785948377106222133,-0.37711799144744873
1785948377130471560,-0.37711799144744873
1785948377148287835,-0.37711799144744873
1785948377165971306,-0.37711799144744873
1785948377186079489,-0.37711799144744873
1785948377206342205,-0.37711799144744873
1785948377226113034,-0.37711799144744873
1785948377250122837,-0.37711799144744873
1785948377265594275,-0.37711799144744873
1785948377285962177,-0.37711799144744873
1785948377305686221,-0.37711799144744873
1785948377326602845,-0.37711799144744873
1785948377346420907,-0.37711799144744873
1785948377366591684,-0.37711799144744873
1785948377385976198,-0.37711799144744873
1785948377407327042,-0.37711799144744873
1785948377426501309,-0.37711799144744873
1785948377448787446,-0.37711799144744873
1785948377465754991,-0.37711799144744873
1785948377486030219,-0.37711799144744873
1785948377505604787,-0.37711799144744873
1785948377527567041,-0.37711799144744873
1785948377547417105,-0.37711799144744873
1785948377566021563,-0.37711799144744873
1785948377586260342,-0.37711799144744873
1785948377605914272,-0.37711799144744873
1785948377627150937,-0.37711799144744873
1785948377645949193,-0.37711799144744873
1785948377665520592,-0.37711799144744873
1785948377686540643,-0.37711799144744873
1785948377706289359,-0.37711799144744873
1785948377729497059,-0.37711799144744873
1785948377746545663,-0.37711799144744873
1785948377765592982,-0.37711799144744873
1785948377786133978,-0.37711799144744873
1785948377805625343,-0.37711799144744873
1785948377826380970,-0.37711799144744873
1785948377853673687,-0.37711799144744873
1785948377865600698,-0.37711799144744873
1785948377885897815,-0.37711799144744873
1785948377907068910,-0.37711799144744873
1785948377926305035,-0.37711799144744873
1785948377946099257,-0.37711799144744873
1785948377967394708,-0.37711799144744873
1785948377986114498,-0.37711799144744873
1785948378005644616,-0.37711799144744873
1785948378026558807,-0.37711799144744873
1785948378046685519,-0.37711799144744873
1785948378065830505,-0.37711799144744873
1785948378086550803,-0.37711799144744873
1785948378105655244,-0.37711799144744873
1785948378125858854,-0.37711799144744873
1785948378146083201,-0.37711799144744873
1785948378166209976,-0.37711799144744873
1785948378186321872,-0.37711799144744873
1785948378207032697,-0.37711799144744873
1785948378226307895,-0.37711799144744873
1785948378246576243,-0.37711799144744873
1785948378265439077,-0.37711799144744873
1785948378286727616,-0.37711799144744873
1785948378309274496,-0.37711799144744873
1785948378326460608,-0.37711799144744873
1785948378346956643,-0.37711799144744873
1785948378366060508,-0.37711799144744873
1785948378386514109,-0.37711799144744873
1785948378406293835,-0.37711799144744873
1785948378426414626,-0.37711799144744873
1785948378446014315,-0.37711799144744873
1785948378467010908,-0.37711799144744873
1785948378486295387,-0.37711799144744873
1785948378505903715,-0.37711799144744873
1785948378526319140,-0.37711799144744873
1785948378552078179,-0.37711799144744873
1785948378565801852,-0.37711799144744873
1785948378586511429,-0.37711799144744873
1785948378611387467,-0.37711799144744873
1785948378626369065,-0.37580400705337524
1785948378646099093,-0.3731760084629059
1785948378665536440,-0.37251898646354675
1785948378685867798,-0.37251898646354675
1785948378705687109,-0.3731760084629059
1785948378730414150,-0.37448999285697937
1785948378746809550,-0.3751470148563385
1785948378765417881,-0.3751470148563385
1785948378786652977,-0.3751470148563385
1785948378805503875,-0.3751470148563385
1785948378826666714,-0.3751470148563385
1785948378847318017,-0.3751470148563385
1785948378865514944,-0.3751470148563385
1785948378886691959,-0.3751470148563385
1785948378906815694,-0.37448999285697937
1785948378926560827,-0.3731760084629059
1785948378946227429,-0.3685770034790039
1785948378966020595,-0.3606930077075958
1785948378986205036,-0.3554370105266571
1785948379006220160,-0.3449249863624573
1785948379026115601,-0.3317849934101105
1785948379046482992,-0.3239009976387024
1785948379066864304,-0.3107610046863556
1785948379087007080,-0.3009060025215149
1785948379107694032,-0.2963069975376129
1785948379130273553,-0.2864519953727722
1785948379146477748,-0.27396899461746216
1785948379166228641,-0.26871299743652344
1785948379186616576,-0.2601720094680786
1785948379205679128,-0.253601998090744
1785948379230443098,-0.24966000020503998
1785948379246043083,-0.23914800584316254
1785948379266129250,-0.22666500508785248
1785948379288776101,-0.2220660001039505
1785948379305831841,-0.21418200433254242
1785948379326308163,-0.20432700216770172
1785948379346114545,-0.19841399788856506
1785948379365680248,-0.185930997133255
1785948379385863826,-0.17673300206661224
1785948379406389333,-0.1727910041809082
1785948379429314881,-0.16359299421310425
1785948379448804229,-0.15176700055599213
1785948379465465750,-0.14585399627685547
1785948379486043707,-0.1366560012102127
1785948379505732998,-0.12942899763584137
1785948379533658246,-0.12483000010251999
1785948379546148698,-0.11431799829006195
1785948379568089736,-0.10249199718236923
1785948379586458731,-0.09789299964904785
1785948379606471392,-0.09000899642705917
1785948379627088358,-0.08015400171279907
1785948379653417495,-0.07424099743366241
1785948379665589761,-0.062415000051259995
1785948379686395853,-0.053217001259326935
1785948379707556612,-0.048618000000715256
1785948379726323155,-0.039420001208782196
1785948379746396617,-0.028250999748706818
1785948379766479488,-0.02233799919486046
1785948379787226218,-0.012482999823987484
1785948379814351730,-0.003942000214010477
1785948379831021635,0.0
1785948379846404718,0.01116899959743023
1785948379865618410,0.02233799919486046
1785948379886892420,0.027594000101089478
1785948379905720309,0.0361349992454052
1785948379928047631,0.046647001057863235
1785948379946630776,0.052560001611709595
1785948379965691696,0.06504300236701965
1785948379985931595,0.07489799708127975
1785948380005695256,0.07884000241756439
1785948380026573415,0.08935199677944183
1785948380045998985,0.10183499753475189
1785948380065677620,0.10774800181388855
1785948380087082802,0.11826000362634659
1785948380106423986,0.126800999045372
1785948380126413030,0.13205699622631073
1785948380145969101,0.1445399969816208
1785948380165503827,0.1563660055398941
1785948380186243549,0.16162200272083282
1785948380207569432,0.17016300559043884
1785948380227897942,0.18067499995231628
1785948380245951248,0.18724499642848969
1785948380265894530,0.19972799718379974
1785948380286442343,0.20958299934864044
1785948380306132465,0.21352499723434448
1785948380327504654,0.22337999939918518
1785948380347093110,0.23652000725269318
1785948380365803875,0.24243299663066864
1785948380386348872,0.2529450058937073
1785948380406944237,0.26082900166511536
1785948380426864991,0.2660849988460541
1785948380446308931,0.2792249917984009
1785948380466787717,0.2910510003566742
1785948380486738839,0.29565000534057617
1785948380505854929,0.304190993309021
1785948380529275627,0.31470298767089844
1785948380546644656,0.3206160068511963
1785948380565420608,0.3337559998035431
1785948380585878722,0.34295400977134705
1785948380606126461,0.3468959927558899
1785948380628919492,0.3567509949207306
1785948380647285992,0.3666059970855713
1785948380665686316,0.3705480098724365
1785948380686494680,0.3751470148563385
1785948380705512815,0.37711799144744873
1785948380729226033,0.37711799144744873
1785948380748842586,0.37711799144744873
1785948380766758064,0.37711799144744873
1785948380787607581,0.37711799144744873
1785948380805903070,0.37711799144744873
1785948380826089208,0.37711799144744873
1785948380846547737,0.37711799144744873
1785948380865565616,0.37711799144744873
1785948380886070739,0.37711799144744873
1785948380908895163,0.37711799144744873
1785948380926076027,0.37711799144744873
1785948380946826598,0.37711799144744873
1785948380965523571,0.37711799144744873
1785948380986236156,0.37711799144744873
1785948381005506682,0.37711799144744873
1785948381037978690,0.37711799144744873
1785948381049038732,0.37711799144744873
1785948381068516400,0.37711799144744873
1785948381086100956,0.37711799144744873
1785948381107351157,0.37711799144744873
1785948381128259332,0.37711799144744873
1785948381145923315,0.37711799144744873
1785948381165451705,0.37711799144744873
1785948381186180418,0.37711799144744873
1785948381205555492,0.37711799144744873
1785948381226303566,0.37711799144744873
1785948381245868565,0.37711799144744873
1785948381265570688,0.37711799144744873
1785948381288240708,0.37711799144744873
1785948381306923344,0.37711799144744873
1785948381331051487,0.37711799144744873
1785948381347351749,0.37711799144744873
1785948381365646854,0.37711799144744873
1785948381386042182,0.37711799144744873
1785948381407432292,0.37711799144744873
1785948381426146993,0.37711799144744873
1785948381445985440,0.37711799144744873
1785948381465734829,0.37711799144744873
1785948381486237552,0.37711799144744873
1785948381512398076,0.37711799144744873
1785948381528870150,0.37711799144744873
1785948381546260045,0.37711799144744873
1785948381565752433,0.37711799144744873
1785948381586154673,0.37711799144744873
1785948381607978108,0.37711799144744873
1785948381626239324,0.37711799144744873
1785948381646362004,0.37711799144744873
1785948381666597071,0.37711799144744873
1785948381686383516,0.37711799144744873
1785948381707140775,0.37711799144744873
1785948381727712972,0.37711799144744873
1785948381747730560,0.37711799144744873
1785948381766805945,0.37711799144744873
1785948381787047764,0.37711799144744873
1785948381806744159,0.37711799144744873
1785948381826449674,0.37711799144744873
1785948381845951087,0.37711799144744873
1785948381870877238,0.37711799144744873
1785948381888092279,0.37711799144744873
1785948381906178994,0.37711799144744873
1785948381926807289,0.37711799144744873
1785948381946982322,0.37711799144744873
1785948381965608093,0.37711799144744873
1785948381988724974,0.37711799144744873
1785948382009873156,0.37711799144744873
1785948382026161385,0.37711799144744873
1785948382045965560,0.37711799144744873
1785948382065796871,0.37711799144744873
1785948382086252552,0.37711799144744873
1785948382105779790,0.37711799144744873
1785948382126406837,0.37711799144744873
1785948382146465130,0.37711799144744873
1785948382167631713,0.37711799144744873
1785948382186072967,0.37711799144744873
1785948382206061114,0.37711799144744873
1785948382225954571,0.37711799144744873
1785948382246658676,0.37711799144744873
1785948382267698055,0.37711799144744873
1785948382286680669,0.37711799144744873
1785948382305967708,0.37711799144744873
1785948382328065294,0.37711799144744873
1785948382346437746,0.37711799144744873
1785948382365871285,0.37711799144744873
1785948382388553753,0.37711799144744873
1785948382406557777,0.37711799144744873
1785948382426881135,0.37711799144744873
1785948382446547193,0.37711799144744873
1785948382465876953,0.37711799144744873
1785948382486497087,0.37711799144744873
1785948382505898593,0.37711799144744873
1785948382527015543,0.37711799144744873
1785948382557400416,0.37711799144744873
1785948382566989918,0.37711799144744873
1785948382586118552,0.37711799144744873
1785948382606461014,0.37711799144744873
1785948382629696395,0.37711799144744873
1785948382646752007,0.37711799144744873
1785948382666143625,0.37711799144744873
1785948382685940727,0.37711799144744873
1785948382707717376,0.37711799144744873
1785948382726372747,0.37711799144744873
1785948382746644296,0.37711799144744873
1785948382767239533,0.37711799144744873
1785948382786645808,0.37711799144744873
1785948382806042322,0.37711799144744873
1785948382826900735,0.37711799144744873
1785948382878117493,0.37711799144744873
1785948382891053271,0.37711799144744873
1785948382907964303,0.37711799144744873
1785948382939508283,0.37711799144744873
1785948382954660830,0.37711799144744873
1785948382968131728,0.37711799144744873
1785948382986040677,0.37711799144744873
1785948383005862324,0.37711799144744873
1785948383025799174,0.37711799144744873
1785948383046031841,0.37711799144744873
1785948383073270317,0.37711799144744873
1785948383085847876,0.37711799144744873
1785948383106226275,0.37711799144744873
1785948383125972911,0.37711799144744873
1785948383146799484,0.37711799144744873
1785948383165461064,0.37711799144744873
1785948383186012973,0.37711799144744873
1785948383206962269,0.37711799144744873
1785948383226257436,0.37711799144744873
1785948383246176397,0.37711799144744873
1785948383265518894,0.37711799144744873
1785948383286963661,0.37711799144744873
1785948383305509365,0.37711799144744873
1785948383342494980,0.37711799144744873
1785948383347745344,0.37711799144744873
1785948383365445392,0.37711799144744873
1785948383386301309,0.37711799144744873
1785948383405500217,0.37711799144744873
1785948383429169691,0.37711799144744873
1785948383448364151,0.37711799144744873
1785948383467386317,0.37711799144744873
1785948383486338434,0.37711799144744873
1785948383506434969,0.37711799144744873
1785948383533195542,0.37711799144744873
1785948383545861680,0.37711799144744873
1785948383565482009,0.37711799144744873
1785948383585822423,0.37711799144744873
1785948383605696199,0.37711799144744873
1785948383639408180,0.37711799144744873
1785948383646848241,0.37711799144744873
1785948383665701635,0.37711799144744873
1785948383685882108,0.37711799144744873
1785948383706848909,0.37711799144744873
1785948383735047126,0.37711799144744873
1785948383747871444,0.37711799144744873
1785948383768804163,0.37711799144744873
1785948383786887230,0.37711799144744873
1785948383805938518,0.37711799144744873
1785948383826280212,0.37711799144744873
1785948383847102913,0.37711799144744873
1785948383870635198,0.37711799144744873
1785948383886364595,0.37711799144744873
1785948383906310533,0.37711799144744873
1785948383929054507,0.37711799144744873
1785948383946354702,0.37711799144744873
1785948383965492329,0.37711799144744873
1785948383986411544,0.37711799144744873
1785948384007667090,0.37711799144744873
1785948384030014827,0.37711799144744873
1785948384047180491,0.37711799144744873
1785948384067173535,0.37711799144744873
1785948384090830400,0.37711799144744873
1785948384105625657,0.37711799144744873
1785948384126833713,0.37711799144744873
1785948384146257811,0.37711799144744873
1785948384166041825,0.37711799144744873
1785948384186479618,0.37711799144744873
1785948384206342194,0.37711799144744873
1785948384226076926,0.37711799144744873
1785948384245940942,0.37711799144744873
1785948384265293519,0.37711799144744873
1785948384286156828,0.37711799144744873
1785948384305570687,0.37711799144744873
1785948384326344970,0.37711799144744873
1785948384345954866,0.37711799144744873
1785948384365410070,0.37711799144744873
1785948384385816118,0.37711799144744873
1785948384406557568,0.37711799144744873
1785948384426266156,0.37711799144744873
1785948384449138325,0.37711799144744873
1785948384465483036,0.37711799144744873
1785948384486169509,0.37711799144744873
1785948384505537606,0.37711799144744873
1785948384525993031,0.37711799144744873
1785948384546107071,0.37711799144744873
1785948384567039439,0.37711799144744873
1785948384586421680,0.37711799144744873
1785948384610814439,0.37711799144744873
1785948384626860837,0.37711799144744873
1785948384646678164,0.37711799144744873
1785948384665841199,0.37711799144744873
1785948384686019432,0.37711799144744873
1785948384706554412,0.37711799144744873
1785948384728635454,0.37711799144744873
1785948384746441905,0.37711799144744873
1785948384766805808,0.37711799144744873
1785948384787103852,0.37711799144744873
1785948384805682390,0.37711799144744873
1785948384826363838,0.37580400705337524
1785948384846316689,0.3705480098724365
1785948384865920793,0.36792001128196716
1785948384886566176,0.3652920126914978
1785948384907120325,0.36463499069213867
1785948384926323009,0.3633210062980652
1785948384945980171,0.3587220013141632
1785948384965593235,0.35609400272369385
1785948384986449409,0.35609400272369385
1785948385005707167,0.35609400272369385
1785948385026120479,0.3534660041332245
1785948385046100690,0.3508380055427551
1785948385065705403,0.3449249863624573
1785948385085832946,0.34163999557495117
1785948385106294804,0.34098300337791443
1785948385126876217,0.3376980125904083
1785948385147458751,0.33112800121307373
1785948385166926691,0.32652899622917175
1785948385186429320,0.3193019926548004
1785948385205715079,0.3140459954738617
1785948385229805653,0.3107610046863556
1785948385254936290,0.3061619997024536
1785948385270372238,0.304190993309021
1785948385286762710,0.304190993309021
1785948385305788397,0.304190993309021
1785948385329044386,0.304190993309021
1785948385348689419,0.3028770089149475
1785948385366007664,0.29827800393104553
1785948385390819027,0.2910510003566742
1785948385406454341,0.2857950031757355
1785948385425965418,0.2746259868144989
1785948385450701963,0.2601720094680786
1785948385465765964,0.2529450058937073
1785948385485812834,0.23980499804019928
1785948385506650767,0.22929300367832184
1785948385526737893,0.22337999939918518
1785948385546571380,0.20958299934864044
1785948385566359970,0.19775700569152832
1785948385586349622,0.1925009936094284
1785948385606626002,0.18461699783802032
1785948385626185273,0.17476199567317963
1785948385646254799,0.16884900629520416
1785948385665888408,0.1563660055398941
1785948385685937549,0.14716799557209015
1785948385705627640,0.1432259976863861
1785948385730506653,0.1333709955215454
1785948385753407688,0.12154500186443329
1785948385766676307,0.11563199758529663
1785948385786016436,0.10577700287103653
1785948385805892868,0.09789299964904785
1785948385843695562,0.09526500105857849
1785948385848475481,0.08738099783658981
1785948385865535829,0.07752600312232971
1785948385886468357,0.0722699984908104
1785948385906013771,0.061758000403642654
1785948385928553579,0.050588998943567276
1785948385945993491,0.04401899874210358
1785948385965437334,0.031536001712083817
1785948385985862167,0.021023999899625778
1785948386007085711,0.01708200015127659
1785948386027318538,0.007226999849081039
1785948386046366882,-0.003942000214010477
1785948386065484508,-0.009855000302195549
1785948386085947261,-0.019710000604391098
1785948386105686410,-0.028250999748706818
1785948386134386241,-0.03350700065493584
1785948386146241954,-0.045333001762628555
1785948386166020432,-0.057158999145030975
1785948386186472273,-0.062415000051259995
1785948386207463331,-0.07095599919557571
1785948386233864597,-0.08146800100803375
1785948386249389252,-0.08803799748420715
1785948386265723435,-0.10052099823951721
1785948386288943231,-0.11037600040435791
1785948386308128314,-0.11431799829006195
1785948386326775782,-0.12154500186443329
1785948386346658326,-0.1300860047340393
1785948386365591083,-0.13534200191497803
1785948386385884135,-0.14716799557209015
1785948386406346377,-0.15768000483512878
1785948386428827175,-0.16359299421310425
1785948386446271663,-0.177389994263649
1785948386465618671,-0.18987299501895905
1785948386485953901,-0.19512900710105896
1785948386506797691,-0.20432700216770172
1785948386525908308,-0.2154960036277771
1785948386546373942,-0.2220660001039505
1785948386566041952,-0.2352059930562973
1785948386587491263,-0.245060995221138
1785948386606391698,-0.24900299310684204
1785948386626410727,-0.25885799527168274
1785948386646334073,-0.2713409960269928
1785948386666439376,-0.2779110074043274
1785948386686261055,-0.2877660095691681
1785948386706505370,-0.2963069975376129
1785948386726370634,-0.30156299471855164
1785948386746857100,-0.3140459954738617
1785948386765873379,-0.325872004032135
1785948386786489833,-0.33112800121307373
1785948386805588354,-0.3390119969844818
1785948386830745904,-0.34952399134635925
1785948386852597787,-0.35609400272369385
1785948386865633728,-0.3652920126914978
1785948386886009599,-0.37251898646354675
1785948386905657512,-0.3751470148563385
1785948386926493333,-0.37711799144744873
1785948386946245666,-0.37711799144744873
1785948386966312504,-0.37711799144744873
1785948386986476401,-0.37711799144744873
1785948387005957109,-0.37711799144744873
1785948387026722752,-0.37711799144744873
1785948387046356329,-0.37711799144744873
1785948387066273211,-0.37711799144744873
1785948387085725950,-0.37711799144744873
1785948387106639438,-0.37711799144744873
1785948387126090705,-0.37711799144744873
1785948387146364333,-0.37711799144744873
1785948387165545545,-0.37711799144744873
1785948387185834182,-0.37711799144744873
1785948387206868472,-0.37711799144744873
1785948387227846698,-0.37711799144744873
1785948387246962115,-0.37711799144744873
1785948387266069661,-0.37711799144744873
1785948387286592512,-0.37711799144744873
1785948387305777148,-0.37711799144744873
1785948387326121594,-0.37711799144744873
1785948387345853254,-0.37711799144744873
1785948387367766099,-0.37711799144744873
1785948387386626949,-0.37711799144744873
1785948387408265226,-0.37711799144744873
1785948387430753288,-0.37711799144744873
1785948387447120528,-0.37711799144744873
1785948387465590294,-0.37711799144744873
1785948387485835185,-0.37711799144744873
1785948387505613023,-0.37711799144744873
1785948387539109797,-0.37711799144744873
1785948387546256794,-0.37711799144744873
1785948387567776219,-0.37711799144744873
1785948387585907480,-0.37711799144744873
1785948387608669566,-0.37711799144744873
1785948387626012963,-0.37711799144744873
1785948387645848946,-0.37711799144744873
1785948387665927464,-0.37711799144744873
1785948387686099713,-0.37711799144744873
1785948387705730474,-0.37711799144744873
1785948387726927426,-0.37711799144744873
1785948387746731664,-0.37711799144744873
1785948387765421277,-0.37711799144744873
1785948387787669908,-0.37711799144744873
1785948387806936818,-0.37711799144744873
1785948387826141134,-0.37711799144744873
1785948387850398017,-0.37711799144744873
1785948387865618023,-0.37711799144744873
1785948387886101289,-0.37711799144744873
1785948387905825141,-0.37711799144744873
1785948387926462492,-0.37711799144744873
1785948387947257000,-0.37711799144744873
1785948387966965363,-0.37711799144744873
1785948387986039915,-0.37711799144744873
1785948388006166851,-0.37711799144744873
1785948388026330204,-0.37711799144744873
1785948388046492053,-0.37711799144744873
1785948388065529132,-0.37711799144744873
1785948388090230380,-0.37711799144744873
1785948388105946433,-0.37711799144744873
1785948388127159129,-0.37711799144744873
1785948388147660668,-0.37711799144744873
1785948388165894043,-0.37711799144744873
1785948388186281563,-0.37711799144744873
1785948388207164137,-0.37711799144744873
1785948388228472964,-0.37711799144744873
1785948388247744834,-0.37711799144744873
1785948388265872574,-0.37711799144744873
1785948388286010614,-0.37711799144744873
1785948388305670176,-0.37711799144744873
1785948388326080704,-0.37711799144744873
1785948388346023475,-0.37711799144744873
1785948388365774239,-0.37711799144744873
1785948388385899991,-0.37711799144744873
1785948388406059536,-0.37711799144744873
1785948388426135174,-0.37711799144744873
1785948388446349504,-0.37711799144744873
1785948388465596862,-0.37711799144744873
1785948388486708723,-0.37711799144744873
1785948388509593917,-0.37711799144744873
1785948388539537657,-0.37711799144744873
1785948388552533597,-0.37711799144744873
1785948388566778053,-0.37711799144744873
1785948388586589748,-0.37711799144744873
1785948388606141498,-0.37711799144744873
1785948388626531866,-0.37711799144744873
1785948388647445929,-0.37711799144744873
1785948388666085780,-0.37711799144744873
1785948388687336494,-0.37711799144744873
1785948388706834579,-0.37711799144744873
1785948388727445017,-0.37711799144744873
1785948388746579123,-0.37711799144744873
1785948388765630155,-0.37711799144744873
1785948388785908711,-0.37711799144744873
1785948388805816920,-0.37711799144744873
1785948388830582906,-0.37711799144744873
1785948388847174665,-0.37711799144744873
1785948388868301502,-0.37711799144744873
1785948388886534462,-0.37711799144744873
1785948388907467822,-0.37711799144744873
1785948388931168368,-0.37711799144744873
1785948388946722367,-0.37711799144744873
1785948388965823385,-0.37711799144744873
1785948388986132470,-0.37711799144744873
1785948389005885378,-0.37711799144744873
1785948389027481350,-0.37711799144744873
1785948389046928873,-0.37711799144744873
1785948389065901215,-0.37711799144744873
1785948389088158710,-0.37711799144744873
1785948389108752252,-0.37711799144744873
1785948389133640449,-0.37711799144744873
1785948389149812675,-0.37711799144744873
1785948389166065128,-0.37711799144744873
1785948389186820114,-0.37711799144744873
1785948389206844839,-0.37711799144744873
1785948389239318127,-0.37711799144744873
1785948389250494236,-0.37711799144744873
1785948389268777180,-0.37711799144744873
1785948389290652008,-0.37711799144744873
1785948389306282714,-0.37711799144744873
1785948389327154184,-0.37711799144744873
1785948389347878994,-0.37711799144744873
1785948389365987693,-0.37711799144744873
1785948389390875219,-0.37711799144744873
1785948389414715001,-0.37711799144744873
1785948389428509588,-0.37711799144744873
1785948389448179071,-0.37711799144744873
1785948389465843309,-0.37711799144744873
1785948389487126727,-0.37711799144744873
1785948389505658351,-0.37711799144744873
1785948389526459995,-0.37711799144744873
1785948389553279834,-0.37711799144744873
1785948389565674508,-0.37711799144744873
1785948389586513337,-0.37711799144744873
1785948389605873018,-0.37711799144744873
1785948389626908173,-0.37711799144744873
1785948389647675447,-0.37711799144744873
1785948389666006522,-0.37711799144744873
1785948389688300594,-0.37711799144744873
1785948389711839856,-0.37711799144744873
1785948389734448817,-0.37711799144744873
1785948389746044523,-0.37711799144744873
1785948389769660619,-0.37711799144744873
1785948389789872709,-0.37711799144744873
1785948389805554360,-0.37711799144744873
1785948389825939704,-0.37711799144744873
1785948389846610432,-0.37711799144744873
1785948389866630196,-0.37711799144744873
1785948389886313631,-0.37711799144744873
1785948389905536540,-0.37711799144744873
1785948389926315367,-0.37711799144744873
1785948389946075540,-0.37711799144744873
1785948389965847809,-0.37711799144744873
1785948389986195871,-0.37711799144744873
1785948390006206260,-0.37711799144744873
1785948390030378660,-0.37711799144744873
1785948390046049143,-0.37711799144744873
1785948390065820516,-0.37711799144744873
1785948390085954076,-0.37711799144744873
1785948390105543748,-0.37711799144744873
1785948390136987917,-0.37711799144744873
1785948390148287581,-0.37711799144744873
1785948390166004429,-0.37711799144744873
1785948390186459855,-0.37711799144744873
1785948390206986035,-0.37711799144744873
1785948390230399212,-0.37711799144744873
1785948390245852985,-0.37711799144744873
1785948390270410837,-0.37711799144744873
1785948390286125001,-0.37711799144744873
1785948390305951640,-0.37711799144744873
1785948390326395929,-0.37711799144744873
1785948390346277353,-0.37711799144744873
1785948390366734155,-0.37711799144744873
1785948390386943205,-0.37711799144744873
1785948390407816755,-0.37711799144744873
1785948390429646686,-0.37711799144744873
1785948390445987717,-0.37711799144744873
1785948390465568140,-0.37711799144744873
1785948390485716965,-0.37711799144744873
1785948390507510734,-0.37711799144744873
1785948390526613543,-0.37711799144744873
1785948390550531024,-0.37711799144744873
1785948390567207873,-0.37711799144744873
1785948390588147121,-0.37711799144744873
1785948390606539477,-0.37711799144744873
1785948390627660907,-0.37711799144744873
1785948390646112208,-0.37711799144744873
1785948390665537555,-0.37711799144744873
1785948390686047318,-0.37711799144744873
1785948390706650236,-0.37711799144744873
1785948390726643120,-0.3751470148563385
1785948390745983153,-0.37251898646354675
1785948390765520759,-0.36792001128196716
1785948390786473191,-0.3666059970855713
1785948390805766246,-0.36726298928260803
1785948390833605188,-0.36923399567604065
1785948390848176470,-0.3738330006599426
1785948390866217583,-0.37580400705337524
1785948390886458251,-0.37711799144744873
1785948390907341657,-0.37711799144744873
1785948390927493809,-0.37711799144744873
1785948390947733773,-0.37711799144744873
1785948390965580512,-0.37711799144744873
1785948390986038658,-0.37711799144744873
1785948391005612425,-0.37711799144744873
1785948391026973894,-0.37711799144744873
1785948391046173506,-0.37711799144744873
1785948391067074033,-0.37711799144744873
1785948391086163818,-0.37711799144744873
1785948391108474435,-0.37711799144744873
1785948391126212531,-0.37711799144744873
1785948391146075715,-0.37711799144744873
1785948391165704812,-0.37711799144744873
1785948391185884837,-0.37711799144744873
1785948391205675955,-0.37711799144744873
1785948391225943567,-0.37711799144744873
1785948391245793599,-0.37580400705337524
1785948391265883381,-0.3698909878730774
1785948391286422777,-0.36594900488853455
1785948391307956347,-0.3587220013141632
1785948391326105624,-0.34952399134635925
1785948391346122220,-0.3436110019683838
1785948391365503342,-0.3317849934101105
1785948391386016465,-0.32324400544166565
1785948391406695418,-0.31995901465415955
1785948391426210911,-0.3120749890804291
1785948391445887785,-0.30024901032447815
1785948391466079299,-0.2943359911441803
1785948391486109240,-0.28382399678230286
1785948391505496218,-0.2759400010108948
1785948391526031262,-0.2713409960269928
1785948391546495776,-0.2595149874687195
1785948391565985188,-0.2483460009098053
1785948391585814195,-0.24440400302410126
1785948391607002059,-0.23717699944972992
1785948391626461134,-0.22797900438308716
1785948391645905746,-0.22272300720214844
1785948391665529627,-0.21089699864387512
1785948391686355079,-0.20104199647903442
1785948391706066451,-0.19775700569152832
1785948391727276299,-0.18855899572372437
1785948391746602315,-0.1760759949684143
1785948391765694820,-0.17016300559043884
1785948391785987200,-0.16030800342559814
1785948391807443712,-0.15176700055599213
1785948391826972134,-0.14716799557209015
1785948391846019709,-0.13534200191497803
1785948391865937551,-0.12351600080728531
1785948391886336431,-0.11891700327396393
1785948391905868821,-0.11037600040435791
1785948391926235476,-0.10117799788713455
1785948391945905438,-0.09526500105857849
1785948391965415619,-0.08278200030326843
1785948391987744861,-0.07358399778604507
1785948392006113152,-0.06964199990034103
1785948392027286903,-0.059787001460790634
1785948392046589334,-0.048618000000715256
1785948392065829939,-0.042704999446868896
1785948392086247284,-0.03219300135970116
1785948392107848056,-0.024309000000357628
1785948392126540133,-0.019710000604391098
1785948392147174731,-0.008541000075638294
1785948392165738037,0.0019710001070052385
1785948392186274169,0.006570000201463699
1785948392207339436,0.015111000277101994
1785948392227056248,0.024965999647974968
1785948392246378776,0.030879000201821327
1785948392265771354,0.04336199909448624
1785948392286054198,0.053217001259326935
1785948392305678431,0.057158999145030975
1785948392326140449,0.06767100095748901
1785948392345808011,0.08015400171279907
1785948392365537271,0.08606699854135513
1785948392385838100,0.09657900035381317
1785948392405605601,0.10512000322341919
1785948392427274982,0.11037600040435791
1785948392446601222,0.12285900115966797
1785948392465470457,0.1346849948167801
1785948392486675120,0.13994100689888
1785948392507315896,0.14848199486732483
1785948392525811647,0.15899400413036346
1785948392548028405,0.16556400060653687
1785948392565929994,0.17804700136184692
1785948392586457998,0.18790200352668762
1785948392606138008,0.19184400141239166
1785948392626798912,0.19841399788856506
1785948392646077759,0.20695500075817108
1785948392665571780,0.2122109979391098
1785948392686480339,0.22403700649738312
1785948392708328446,0.23454900085926056
1785948392731518929,0.24046200513839722
1785948392746694741,0.25425899028778076
1785948392765864368,0.26739901304244995
1785948392786408884,0.27199798822402954
1785948392805965531,0.2811959981918335
1785948392828790307,0.29236501455307007
1785948392846826589,0.2989349961280823
1785948392866170333,0.31141799688339233
1785948392889646873,0.32127299904823303
1785948392905794202,0.32521501183509827
1785948392926631719,0.33507001399993896
1785948392946167181,0.34821000695228577
1785948392968412228,0.35412299633026123
1785948392986922508,0.36463499069213867
1785948393005837855,0.37186199426651
1785948393026423237,0.37448999285697937
1785948393046325462,0.37711799144744873
1785948393065793530,0.37711799144744873
1785948393086126040,0.37711799144744873
1785948393108231307,0.37711799144744873
1785948393126729874,0.37711799144744873
1785948393146758919,0.37711799144744873
1785948393165504501,0.37711799144744873
1785948393186130908,0.37711799144744873
1785948393207181807,0.37711799144744873
1785948393227357064,0.37711799144744873
1785948393246546692,0.37711799144744873
1785948393267469492,0.37711799144744873
1785948393285943034,0.37711799144744873
1785948393305723336,0.37711799144744873
1785948393326298221,0.37711799144744873
1785948393346551272,0.37711799144744873
1785948393366329750,0.37711799144744873
1785948393387233381,0.37711799144744873
1785948393406342590,0.37711799144744873
1785948393426516151,0.37711799144744873
1785948393447666478,0.37711799144744873
1785948393465734536,0.37711799144744873
1785948393486453457,0.37711799144744873
1785948393505762865,0.37711799144744873
1785948393528794495,0.37711799144744873
1785948393546626035,0.37711799144744873
1785948393565433315,0.37711799144744873
1785948393586120075,0.37711799144744873
1785948393607029979,0.37711799144744873
1785948393626664100,0.37711799144744873
1785948393646201546,0.37711799144744873
1785948393666165789,0.37711799144744873
1785948393686089327,0.37711799144744873
1785948393706106787,0.37711799144744873
1785948393726481762,0.37711799144744873
1785948393746167469,0.37711799144744873
1785948393766281380,0.37711799144744873
1785948393786344826,0.37711799144744873
1785948393805805470,0.37711799144744873
1785948393826165085,0.37711799144744873
1785948393846071214,0.37711799144744873
1785948393865756121,0.37711799144744873
1785948393887055219,0.37711799144744873
1785948393905879268,0.37711799144744873
1785948393926590797,0.37711799144744873
1785948393946620002,0.37711799144744873
1785948393966090694,0.37711799144744873
1785948393986070330,0.37711799144744873
1785948394005754084,0.37711799144744873
1785948394027862807,0.37711799144744873
1785948394049971786,0.37711799144744873
1785948394066486422,0.37711799144744873
1785948394086060125,0.37711799144744873
1785948394106606530,0.37711799144744873
1785948394127047267,0.37711799144744873
1785948394145965335,0.37711799144744873
1785948394165594528,0.37711799144744873
1785948394187035935,0.37711799144744873
1785948394206486050,0.37711799144744873
1785948394227474516,0.37711799144744873
1785948394246494122,0.37711799144744873
1785948394265808650,0.37711799144744873
1785948394286666615,0.37711799144744873
1785948394306668908,0.37711799144744873
1785948394326108143,0.37711799144744873
1785948394346551984,0.37711799144744873
1785948394366356382,0.37711799144744873
1785948394385956038,0.37711799144744873
1785948394406058013,0.37711799144744873
1785948394425929357,0.37711799144744873
1785948394445943938,0.37711799144744873
1785948394465674510,0.37711799144744873
1785948394488577208,0.37711799144744873
1785948394507513485,0.37711799144744873
1785948394526098166,0.37711799144744873
1785948394546055305,0.37711799144744873
1785948394566261667,0.37711799144744873
1785948394586092882,0.37711799144744873
1785948394607054083,0.37711799144744873
1785948394626823856,0.37711799144744873
1785948394646979177,0.37711799144744873
1785948394666030720,0.37711799144744873
1785948394686670407,0.37711799144744873
1785948394706144428,0.37711799144744873
1785948394733011308,0.37711799144744873
1785948394746536287,0.37711799144744873
1785948394766623414,0.37711799144744873
1785948394790603553,0.37711799144744873
1785948394806292628,0.37711799144744873
1785948394826097890,0.37711799144744873
1785948394846019444,0.37711799144744873
1785948394865607132,0.37711799144744873
1785948394889368704,0.37711799144744873
1785948394912380781,0.37711799144744873
1785948394926401167,0.37711799144744873
1785948394946734285,0.37711799144744873
1785948394967158606,0.37711799144744873
1785948394986011584,0.37711799144744873
1785948395008597281,0.37711799144744873
1785948395026360082,0.37711799144744873
1785948395047259297,0.37711799144744873
1785948395068180560,0.37711799144744873
1785948395086068837,0.37711799144744873
1785948395105914613,0.37711799144744873
1785948395126124143,0.37711799144744873
1785948395147047646,0.37711799144744873
1785948395165922001,0.37711799144744873
1785948395188606965,0.37711799144744873
1785948395205749492,0.37711799144744873
1785948395226297848,0.37711799144744873
1785948395246449073,0.37711799144744873
1785948395266310016,0.37711799144744873
1785948395285914249,0.37711799144744873
1785948395307942553,0.37711799144744873
1785948395326411551,0.37711799144744873
1785948395346487606,0.37711799144744873
1785948395365521709,0.37711799144744873
1785948395385861547,0.37711799144744873
1785948395405535861,0.37711799144744873
1785948395428646598,0.37711799144744873
1785948395447307186,0.37711799144744873
1785948395469365923,0.37711799144744873
1785948395486013428,0.37711799144744873
1785948395505737375,0.37711799144744873
1785948395527366692,0.37711799144744873
1785948395546554624,0.37711799144744873
1785948395565747260,0.37711799144744873
1785948395586246238,0.37711799144744873
1785948395607010985,0.37711799144744873
1785948395629892947,0.37711799144744873
1785948395646151576,0.37711799144744873
1785948395665890052,0.37711799144744873
1785948395686117247,0.37711799144744873
1785948395716405765,0.37711799144744873
1785948395734070708,0.37711799144744873
1785948395753407348,0.37711799144744873
1785948395765855623,0.37711799144744873
1785948395786101378,0.37711799144744873
1785948395805994291,0.37711799144744873
1785948395830797558,0.37711799144744873
1785948395846783442,0.37711799144744873
1785948395865706502,0.37711799144744873
1785948395886377838,0.37711799144744873
1785948395906363522,0.37711799144744873
1785948395926177008,0.37711799144744873
1785948395946965052,0.37711799144744873
1785948395965596711,0.37711799144744873
1785948395989058722,0.37711799144744873
1785948396005680081,0.37711799144744873
1785948396030583415,0.37711799144744873
1785948396046204457,0.37711799144744873
1785948396065625580,0.37711799144744873
1785948396086074349,0.37711799144744873
1785948396113955692,0.37711799144744873
1785948396126428960,0.37711799144744873
1785948396146733309,0.37711799144744873
1785948396165740499,0.37711799144744873
1785948396186584864,0.37711799144744873
1785948396206421391,0.37711799144744873
1785948396226319968,0.37711799144744873
1785948396246892741,0.37711799144744873
1785948396268519082,0.37711799144744873
1785948396292437523,0.37711799144744873
1785948396312127485,0.37711799144744873
1785948396332015630,0.37711799144744873
1785948396353111395,0.37711799144744873
1785948396365658137,0.37711799144744873
1785948396386222205,0.37711799144744873
1785948396405714946,0.37711799144744873
1785948396433386811,0.37711799144744873
1785948396445983634,0.37711799144744873
1785948396465960742,0.37711799144744873
1785948396485914232,0.37711799144744873
1785948396507982890,0.37711799144744873
1785948396528917850,0.37711799144744873
1785948396546279103,0.37711799144744873
1785948396566074125,0.37711799144744873
1785948396587647792,0.37711799144744873
1785948396606474369,0.37711799144744873
1785948396630372457,0.37711799144744873
1785948396646679215,0.37711799144744873
1785948396667063534,0.37711799144744873
1785948396687479919,0.37711799144744873
1785948396705858226,0.37711799144744873
1785948396727143885,0.37711799144744873
1785948396746407019,0.37711799144744873
1785948396766220665,0.37711799144744873
1785948396786043048,0.37711799144744873
1785948396807507815,0.37711799144744873
1785948396826089009,0.37711799144744873
1785948396849634223,0.37711799144744873
1785948396866131386,0.37711799144744873
1785948396885835430,0.37711799144744873
1785948396905723158,0.37711799144744873
1785948396926411231,0.37711799144744873
1785948396947990850,0.37711799144744873
1785948396965885143,0.37711799144744873
1785948396986358201,0.37711799144744873
1785948397008192004,0.37711799144744873
1785948397026335584,0.37711799144744873
1785948397046385718,0.37711799144744873
1785948397065675733,0.37711799144744873
1785948397088298359,0.37711799144744873
1785948397105703166,0.37711799144744873
1785948397126502505,0.37711799144744873
1785948397146016911,0.37711799144744873
1785948397165926656,0.37711799144744873
1785948397186680363,0.37711799144744873
1785948397205528924,0.37711799144744873
1785948397226999068,0.37711799144744873
1785948397246093589,0.37711799144744873
1785948397265943205,0.37711799144744873
1785948397286242242,0.37711799144744873
1785948397305742567,0.37711799144744873
1785948397326096357,0.37711799144744873
1785948397345808817,0.37711799144744873
1785948397365643808,0.37711799144744873
1785948397390014422,0.37711799144744873
1785948397410025898,0.37711799144744873
1785948397426133322,0.37711799144744873
1785948397447097467,0.37711799144744873
1785948397466285367,0.37711799144744873
1785948397486299435,0.37711799144744873
1785948397506515814,0.37711799144744873
1785948397529629622,0.37711799144744873
1785948397547884982,0.37711799144744873
1785948397565743275,0.37711799144744873
1785948397586078057,0.37711799144744873
1785948397605696433,0.37711799144744873
1785948397626178068,0.37711799144744873
1785948397646133190,0.37711799144744873
1785948397665661932,0.37711799144744873
1785948397687605242,0.37711799144744873
1785948397705800760,0.37711799144744873
1785948397729895014,0.37711799144744873
1785948397746148875,0.37711799144744873
1785948397765710258,0.37711799144744873
1785948397785982926,0.37711799144744873
1785948397807015168,0.37711799144744873
1785948397841949809,0.37711799144744873
1785948397846210928,0.37711799144744873
1785948397865756951,0.37711799144744873
1785948397886836459,0.37711799144744873
1785948397905796704,0.37711799144744873
1785948397926775153,0.37711799144744873
1785948397946768901,0.37711799144744873
1785948397968279334,0.37711799144744873
1785948397986791118,0.37711799144744873
1785948398006123694,0.37711799144744873
1785948398028309251,0.37580400705337524
1785948398046303515,0.3705480098724365
1785948398065488247,0.3652920126914978
1785948398085981241,0.36397799849510193
1785948398105787496,0.3633210062980652
1785948398130239584,0.3652920126914978
1785948398146386178,0.36792001128196716
1785948398167563705,0.3738330006599426
1785948398186554927,0.376460999250412
1785948398205770091,0.37711799144744873
1785948398226711099,0.37580400705337524
1785948398247308641,0.37186199426651
1785948398265855690,0.3685770034790039
1785948398286299531,0.35937899351119995
1785948398306759021,0.35149499773979187
1785948398326159631,0.34623900055885315
1785948398346732052,0.33441299200057983
1785948398365678728,0.32324400544166565
1785948398386016998,0.31864500045776367
1785948398408173723,0.31141799688339233
1785948398430384945,0.30681899189949036
1785948398446921693,0.3061619997024536
1785948398465676268,0.3061619997024536
1785948398486457848,0.308789998292923
1785948398505821241,0.31141799688339233
1785948398526921613,0.31470298767089844
1785948398546051687,0.31470298767089844
1785948398565835573,0.3140459954738617
1785948398586138578,0.3094469904899597
1785948398607571921,0.30681899189949036
1785948398626554054,0.3061619997024536
1785948398646416726,0.30681899189949036
1785948398666040543,0.3107610046863556
1785948398686069876,0.3140459954738617
1785948398705706589,0.32324400544166565
1785948398727785327,0.33507001399993896
1785948398745978733,0.34098300337791443
1785948398765703801,0.3501810133457184
1785948398785783695,0.35740798711776733
1785948398808797341,0.3600359857082367
1785948398825921403,0.36726298928260803
1785948398846952206,0.37251898646354675
1785948398865902851,0.3738330006599426
1785948398886033691,0.3751470148563385
1785948398905563137,0.37448999285697937
1785948398926165383,0.3731760084629059
1785948398946867216,0.36792001128196716
1785948398965699425,0.35937899351119995
1785948398986205316,0.35412299633026123
1785948399005719529,0.34426799416542053
1785948399027443569,0.3357270061969757
1785948399051335449,0.330471009016037
1785948399067458137,0.31798800826072693
1785948399086628148,0.30550500750541687
1785948399107328701,0.3009060025215149
1785948399128809693,0.28842300176620483
1785948399146486540,0.2746259868144989
1785948399165562437,0.2680560052394867
1785948399187969760,0.258201003074646
1785948399205727537,0.24966000020503998
1785948399227290548,0.24440400302410126
1785948399255738212,0.2319210022687912
1785948399265709197,0.22009499371051788
1785948399285983113,0.2154960036277771
1785948399306422858,0.20761199295520782
1785948399326404766,0.19775700569152832
1785948399345947652,0.19118699431419373
1785948399366535849,0.1793610006570816
1785948399386149298,0.17016300559043884
1785948399405930943,0.1662209928035736
1785948399426092024,0.1563660055398941
1785948399446308883,0.1445399969816208
1785948399465552624,0.13862699270248413
1785948399486004562,0.12877200543880463
1785948399505775583,0.12088800221681595
1785948399530918828,0.11563199758529663
1785948399545977869,0.10380599647760391
1785948399565968929,0.09263700246810913
1785948399586107129,0.08803799748420715
1785948399606088076,0.07949700206518173
1785948399626391785,0.0689850002527237
1785948399647468925,0.06372900307178497
1785948399665515031,0.051902998238801956
1785948399686011354,0.042704999446868896
1785948399705718373,0.038763001561164856
1785948399730181342,0.028907999396324158
1785948399746143610,0.01708200015127659
1785948399765734785,0.011826000176370144
1785948399785784535,0.0019710001070052385
1785948399805625446,-0.0052559999749064445
1785948399826455827,-0.010511999949812889
1785948399853218160,-0.02233799919486046
1785948399869755869,-0.03350700065493584
1785948399886422670,-0.03810599818825722
1785948399905806096,-0.046647001057863235
1785948399931339208,-0.057815998792648315
1785948399945970716,-0.06372900307178497
1785948399965784523,-0.07621199637651443
1785948399987505106,-0.08540999889373779
1785948400005821876,-0.09000899642705917
1785948400026010734,-0.10052099823951721
1785948400046323211,-0.11300399899482727
1785948400065537095,-0.11957400292158127
1785948400085801891,-0.12942899763584137
1785948400105725429,-0.1379700005054474
1785948400130432021,-0.1432259976863861
1785948400158452920,-0.1563660055398941
1785948400166286178,-0.16753500699996948
1785948400186497948,-0.1727910041809082
1785948400206855099,-0.18133200705051422
1785948400226068247,-0.1925009936094284
1785948400246299218,-0.199071004986763
1785948400267308996,-0.21155400574207306
1785948400286416510,-0.22075200080871582
1785948400306308494,-0.22469399869441986
1785948400326108604,-0.23454900085926056
1785948400346040366,-0.24768899381160736
1785948400365783515,-0.253601998090744
1785948400386800205,-0.2634570002555847
1785948400409126662,-0.27199798822402954
1785948400437704250,-0.27725398540496826
1785948400445892878,-0.2897369861602783
1785948400465628442,-0.30156299471855164
1785948400485953592,-0.30681899189949036
1785948400505666211,-0.31470298767089844
1785948400528628175,-0.325872004032135
1785948400546237468,-0.3324419856071472
1785948400566358356,-0.3449249863624573
1785948400586974970,-0.35412299633026123
1785948400606291130,-0.35806500911712646
1785948400625938243,-0.3666059970855713
1785948400646004313,-0.3731760084629059
1785948400666038766,-0.3751470148563385
1785948400688146433,-0.37711799144744873
1785948400706747403,-0.37711799144744873
1785948400728847134,-0.37711799144744873
1785948400747056316,-0.37711799144744873
1785948400766527617,-0.37711799144744873
1785948400786713402,-0.37711799144744873
1785948400805832468,-0.37711799144744873
1785948400843245871,-0.37711799144744873
1785948400847954715,-0.37711799144744873
1785948400865728781,-0.37711799144744873
1785948400887423059,-0.37711799144744873
1785948400906226884,-0.37711799144744873
1785948400926434846,-0.37711799144744873
1785948400947909406,-0.37711799144744873
1785948400965856981,-0.37711799144744873
1785948400986017197,-0.37711799144744873
1785948401005812987,-0.37711799144744873
1785948401026138297,-0.37711799144744873
1785948401047537143,-0.37711799144744873
1785948401065631218,-0.37711799144744873
1785948401086872971,-0.37711799144744873
1785948401106898336,-0.37711799144744873
1785948401128180986,-0.37711799144744873
1785948401146885767,-0.37711799144744873
1785948401165528915,-0.37711799144744873
1785948401185919730,-0.37711799144744873
1785948401207250286,-0.37711799144744873
1785948401226401193,-0.37711799144744873
1785948401248018605,-0.37711799144744873
1785948401266676057,-0.37711799144744873
1785948401286211519,-0.37711799144744873
1785948401305753893,-0.37711799144744873
1785948401326123012,-0.37711799144744873
1785948401347510466,-0.37711799144744873
1785948401367326512,-0.37711799144744873
1785948401386785684,-0.37711799144744873
1785948401410418484,-0.37711799144744873
1785948401426935137,-0.37711799144744873
1785948401447274911,-0.37711799144744873
1785948401465738405,-0.37711799144744873
1785948401487011583,-0.37711799144744873
1785948401505659338,-0.37711799144744873
1785948401526913700,-0.37711799144744873
1785948401549826927,-0.37711799144744873
1785948401566164277,-0.37711799144744873
1785948401587402990,-0.37711799144744873
1785948401608014005,-0.37711799144744873
1785948401626549245,-0.37711799144744873
1785948401646569842,-0.37711799144744873
1785948401665972148,-0.37711799144744873
1785948401686767199,-0.37711799144744873
1785948401705962107,-0.37711799144744873
1785948401730347346,-0.37711799144744873
1785948401747200360,-0.37711799144744873
1785948401765805875,-0.37711799144744873
1785948401786170098,-0.37711799144744873
1785948401805894045,-0.37711799144744873
1785948401828985453,-0.37711799144744873
1785948401848975489,-0.37711799144744873
1785948401868903283,-0.37711799144744873
1785948401886334778,-0.37711799144744873
1785948401908296841,-0.37711799144744873
1785948401926467782,-0.37711799144744873
1785948401946122608,-0.37711799144744873
1785948401966095075,-0.37711799144744873
1785948401990563740,-0.37711799144744873
1785948402005966887,-0.37711799144744873
1785948402032101138,-0.37711799144744873
1785948402047471260,-0.37711799144744873
1785948402065588760,-0.37711799144744873
1785948402087182492,-0.37711799144744873
1785948402105826503,-0.37711799144744873
1785948402126030657,-0.37711799144744873
1785948402146582182,-0.37711799144744873
1785948402170486382,-0.37711799144744873
1785948402186466058,-0.37711799144744873
1785948402205705192,-0.37711799144744873
1785948402226231083,-0.37711799144744873
1785948402246122364,-0.37711799144744873
1785948402265402715,-0.37711799144744873
1785948402286123300,-0.37711799144744873
1785948402305641610,-0.37711799144744873
1785948402325997608,-0.37711799144744873
1785948402346081375,-0.37711799144744873
1785948402366044466,-0.37711799144744873
1785948402385983972,-0.37711799144744873
1785948402406680653,-0.37711799144744873
1785948402429408242,-0.37711799144744873
1785948402448892438,-0.37711799144744873
1785948402466096631,-0.37711799144744873
1785948402486669404,-0.37711799144744873
1785948402506676528,-0.37711799144744873
1785948402527750084,-0.37711799144744873
1785948402546793756,-0.37711799144744873
1785948402568013300,-0.37711799144744873
1785948402594004027,-0.37711799144744873
1785948402609395653,-0.37711799144744873
1785948402628786055,-0.37711799144744873
1785948402650309129,-0.37711799144744873
1785948402668413828,-0.37711799144744873
1785948402688395576,-0.37711799144744873
1785948402707576275,-0.37711799144744873
1785948402736670198,-0.37711799144744873
1785948402746451866,-0.37711799144744873
1785948402765746489,-0.37711799144744873
1785948402786276636,-0.37711799144744873
1785948402806102955,-0.37711799144744873
1785948402826650831,-0.37711799144744873
1785948402848495834,-0.37711799144744873
1785948402866105031,-0.37711799144744873
1785948402886277536,-0.37711799144744873
1785948402905781062,-0.37711799144744873
1785948402926868314,-0.37711799144744873
1785948402946058166,-0.37711799144744873
1785948402965572315,-0.37711799144744873
1785948402986368231,-0.37711799144744873
1785948403006031761,-0.37711799144744873
1785948403031148221,-0.37711799144744873
1785948403046276352,-0.37711799144744873
1785948403066315061,-0.37711799144744873
1785948403086602578,-0.37711799144744873
1785948403105902097,-0.37711799144744873
1785948403133711950,-0.37711799144744873
1785948403146574925,-0.37711799144744873
1785948403165937230,-0.37711799144744873
1785948403186267980,-0.37711799144744873
1785948403205873972,-0.37711799144744873
1785948403231120773,-0.37711799144744873
1785948403246301097,-0.37711799144744873
1785948403266147416,-0.37711799144744873
1785948403289051811,-0.37711799144744873
1785948403306364999,-0.37711799144744873
1785948403327415962,-0.37711799144744873
1785948403346361807,-0.37711799144744873
1785948403367664393,-0.37711799144744873
1785948403393473867,-0.37711799144744873
1785948403412104118,-0.37711799144744873
1785948403426586629,-0.37711799144744873
1785948403447285646,-0.37711799144744873
1785948403467017338,-0.37711799144744873
1785948403487228148,-0.37711799144744873
1785948403505902913,-0.37711799144744873
1785948403527735019,-0.37711799144744873
1785948403546739138,-0.37711799144744873
1785948403565634773,-0.37711799144744873
1785948403585978131,-0.37711799144744873
1785948403606156268,-0.37711799144744873
1785948403626080862,-0.37711799144744873
1785948403646469470,-0.37711799144744873
1785948403665816702,-0.37711799144744873
1785948403686040313,-0.37711799144744873
1785948403708286480,-0.37711799144744873
1785948403726337450,-0.37711799144744873
1785948403747593091,-0.37711799144744873
1785948403767112745,-0.37711799144744873
1785948403786472938,-0.37711799144744873
1785948403806451485,-0.37711799144744873
1785948403826536276,-0.37711799144744873
1785948403846482886,-0.37711799144744873
1785948403865984299,-0.37711799144744873
1785948403886942940,-0.37711799144744873
1785948403908788455,-0.37711799144744873
1785948403926272272,-0.37711799144744873
1785948403946306501,-0.37711799144744873
1785948403965493569,-0.37711799144744873
1785948403986614102,-0.37711799144744873
1785948404008514435,-0.37711799144744873
1785948404027178639,-0.37711799144744873
1785948404054112881,-0.37711799144744873
1785948404065537894,-0.37711799144744873
1785948404085938566,-0.37711799144744873
1785948404106535788,-0.37711799144744873
1785948404126935947,-0.37711799144744873
1785948404146771419,-0.37711799144744873
1785948404166523175,-0.37711799144744873
1785948404186411160,-0.37711799144744873
1785948404206346346,-0.37711799144744873
1785948404226437729,-0.37711799144744873
1785948404248960352,-0.37711799144744873
1785948404265936410,-0.37711799144744873
1785948404287020078,-0.37711799144744873
1785948404306159912,-0.37711799144744873
1785948404326884210,-0.37711799144744873
1785948404347164494,-0.37711799144744873
1785948404365782553,-0.37711799144744873
1785948404386163608,-0.37711799144744873
1785948404407046823,-0.37711799144744873
1785948404433485722,-0.37711799144744873
1785948404454562959,-0.37711799144744873
1785948404465479348,-0.37711799144744873
1785948404487064887,-0.37711799144744873
1785948404505818502,-0.37711799144744873
1785948404526109795,-0.37711799144744873
1785948404547261849,-0.37711799144744873
1785948404569744311,-0.37711799144744873
1785948404587317987,-0.37711799144744873
1785948404606027344,-0.37711799144744873
1785948404626395535,-0.37711799144744873
1785948404646280864,-0.37711799144744873
1785948404666086222,-0.37711799144744873
1785948404686152132,-0.37711799144744873
1785948404706521539,-0.37711799144744873
1785948404728453520,-0.37711799144744873
1785948404746137279,-0.37711799144744873
1785948404766099538,-0.37711799144744873
1785948404786333709,-0.37711799144744873
1785948404807653673,-0.37711799144744873
1785948404829388848,-0.37711799144744873
1785948404846143492,-0.37711799144744873
1785948404870117934,-0.37711799144744873
1785948404886220974,-0.37711799144744873
1785948404905771988,-0.37711799144744873
1785948404926222358,-0.37711799144744873
1785948404946053701,-0.37711799144744873
1785948404966612073,-0.37711799144744873
1785948404993446281,-0.37711799144744873
1785948405006340137,-0.37711799144744873
1785948405026261979,-0.37711799144744873
1785948405046220654,-0.37711799144744873
1785948405065751892,-0.37711799144744873
1785948405087096592,-0.37711799144744873
1785948405105664665,-0.37711799144744873
1785948405138389640,-0.37711799144744873
1785948405147863491,-0.37711799144744873
1785948405165808761,-0.37711799144744873
1785948405187094676,-0.37711799144744873
1785948405205694078,-0.37711799144744873
1785948405226692208,-0.37711799144744873
1785948405246513854,-0.37711799144744873
1785948405269545229,-0.37711799144744873
1785948405286344897,-0.37711799144744873
1785948405306052077,-0.37711799144744873
1785948405326373962,-0.37711799144744873
1785948405346835308,-0.37711799144744873
1785948405365783169,-0.37711799144744873
1785948405386429800,-0.37711799144744873
1785948405406131571,-0.37711799144744873
1785948405426334029,-0.37711799144744873
1785948405446520134,-0.37711799144744873
1785948405465540893,-0.37711799144744873
1785948405486141539,-0.37711799144744873
1785948405507168182,-0.37711799144744873
1785948405526785182,-0.37711799144744873
1785948405546322341,-0.37711799144744873
1785948405565847914,-0.37711799144744873
1785948405585976162,-0.37711799144744873
1785948405605890708,-0.37711799144744873
1785948405626570652,-0.37711799144744873
1785948405646726901,-0.37711799144744873
1785948405665581574,-0.37711799144744873
1785948405686410131,-0.37711799144744873
1785948405707233184,-0.37711799144744873
1785948405727214099,-0.37711799144744873
1785948405747177862,-0.37711799144744873
1785948405767939889,-0.37711799144744873
1785948405786215825,-0.37711799144744873
1785948405806469133,-0.37711799144744873
1785948405826612261,-0.37711799144744873
1785948405846221165,-0.37711799144744873
1785948405868115162,-0.37711799144744873
1785948405887110064,-0.37711799144744873
1785948405906499122,-0.37711799144744873
1785948405926470117,-0.37711799144744873
1785948405946357141,-0.37711799144744873
1785948405965618227,-0.37711799144744873
1785948405986147319,-0.37711799144744873
1785948406010597680,-0.37711799144744873
1785948406034839682,-0.37711799144744873
1785948406048239569,-0.37711799144744873
1785948406067506672,-0.37711799144744873
1785948406087231035,-0.37711799144744873
1785948406106296884,-0.37711799144744873
1785948406126797110,-0.37711799144744873
1785948406146798411,-0.37711799144744873
1785948406165930469,-0.37711799144744873
1785948406194089676,-0.37711799144744873
1785948406207184434,-0.37711799144744873
1785948406234155158,-0.37711799144744873
1785948406246183900,-0.37711799144744873
1785948406265927913,-0.37711799144744873
1785948406286617329,-0.37711799144744873
1785948406306415103,-0.37711799144744873
1785948406326639482,-0.37711799144744873
1785948406346129855,-0.37711799144744873
1785948406365767880,-0.37711799144744873
1785948406393413600,-0.37711799144744873
1785948406407796492,-0.37711799144744873
1785948406426425271,-0.37711799144744873
1785948406446330152,-0.37711799144744873
1785948406465782860,-0.37711799144744873
1785948406485942821,-0.37711799144744873
1785948406505852214,-0.37711799144744873
1785948406526179444,-0.37711799144744873
1785948406546152711,-0.37711799144744873
1785948406565672301,-0.37711799144744873
1785948406586425527,-0.37711799144744873
1785948406607606574,-0.37711799144744873
1785948406628556447,-0.37711799144744873
1785948406646196972,-0.37711799144744873
1785948406665803221,-0.37711799144744873
1785948406686125426,-0.37711799144744873
1785948406706038276,-0.37711799144744873
1785948406726427043,-0.37711799144744873
1785948406746338005,-0.37711799144744873
1785948406766051104,-0.37711799144744873
1785948406787243864,-0.37711799144744873
1785948406805659356,-0.37711799144744873
1785948406826754865,-0.37711799144744873
1785948406846007247,-0.37711799144744873
1785948406865599798,-0.37711799144744873
1785948406886484677,-0.37711799144744873
1785948406911548336,-0.37711799144744873
1785948406928422439,-0.37711799144744873
1785948406947936972,-0.37711799144744873
1785948406966304079,-0.37711799144744873
1785948406986687151,-0.37711799144744873
1785948407006073713,-0.37711799144744873
1785948407029005948,-0.37711799144744873
1785948407046159387,-0.37711799144744873
1785948407066436727,-0.37711799144744873
1785948407086037023,-0.37711799144744873
1785948407108361433,-0.37711799144744873
1785948407126409171,-0.37711799144744873
1785948407146431847,-0.37711799144744873
1785948407165998030,-0.37711799144744873
1785948407186455984,-0.37711799144744873
1785948407206049208,-0.37711799144744873
1785948407226545915,-0.37711799144744873
1785948407246440075,-0.37711799144744873
1785948407266033491,-0.37711799144744873
1785948407286738716,-0.37711799144744873
1785948407307532488,-0.37711799144744873
1785948407334513132,-0.37711799144744873
1785948407347549136,-0.37711799144744873
1785948407367106615,-0.37711799144744873
1785948407388039207,-0.37711799144744873
1785948407406119586,-0.37711799144744873
1785948407427577345,-0.37711799144744873
1785948407447270188,-0.37711799144744873
1785948407465999930,-0.37711799144744873
1785948407485948141,-0.37711799144744873
1785948407505698521,-0.37711799144744873
1785948407526075160,-0.37711799144744873
1785948407546396886,-0.37711799144744873
1785948407565799192,-0.37711799144744873
1785948407586291067,-0.37711799144744873
1785948407608124133,-0.37711799144744873
1785948407626266434,-0.37711799144744873
1785948407647417592,-0.37711799144744873
1785948407665712762,-0.37711799144744873
1785948407685987542,-0.37711799144744873
1785948407705900295,-0.37711799144744873
1785948407726692531,-0.37711799144744873
1785948407746263930,-0.37711799144744873
1785948407765873890,-0.37711799144744873
1785948407786664142,-0.37711799144744873
1785948407806747140,-0.37711799144744873
1785948407826096773,-0.37580400705337524
1785948407847061206,-0.3751470148563385
1785948407865781699,-0.3751470148563385
1785948407887821236,-0.3751470148563385
1785948407910100492,-0.3751470148563385
1785948407930298246,-0.3731760084629059
1785948407945945496,-0.3685770034790039
1785948407966130642,-0.36463499069213867
1785948407986015746,-0.36397799849510193
1785948408006322304,-0.3633210062980652
1785948408030405773,-0.3606930077075958
1785948408047383239,-0.35937899351119995
1785948408065836621,-0.35937899351119995
1785948408085937380,-0.35937899351119995
1785948408105657744,-0.35937899351119995
1785948408133079297,-0.35740798711776733
1785948408147152900,-0.35149499773979187
1785948408166493189,-0.347553014755249
1785948408186102573,-0.3376980125904083
1785948408206419082,-0.32652899622917175
1785948408226716167,-0.31995901465415955
1785948408246355568,-0.30484798550605774
1785948408265785907,-0.2930220067501068
1785948408286283830,-0.2877660095691681
1785948408305838813,-0.2792249917984009
1785948408326480196,-0.2680560052394867
1785948408346453943,-0.2614859938621521
1785948408366045663,-0.24966000020503998
1785948408386315643,-0.24046200513839722
1785948408406079080,-0.23652000725269318
1785948408427056729,-0.22666500508785248
1785948408446996939,-0.21483899652957916
1785948408468286918,-0.21024000644683838
1785948408486833359,-0.2023559957742691
1785948408506945094,-0.19644300639629364
1785948408526049823,-0.1925009936094284
1785948408546756808,-0.18198899924755096
1785948408565831265,-0.17081999778747559
1785948408586284002,-0.1662209928035736
1785948408606181235,-0.15833699703216553
1785948408626909693,-0.14782500267028809
1785948408646691178,-0.14191199839115143
1785948408666637949,-0.1300860047340393
1785948408686370281,-0.12088800221681595
1785948408708049903,-0.11694599688053131
1785948408737566814,-0.10709100216627121
1785948408751184468,-0.09526500105857849
1785948408765775783,-0.08935199677944183
1785948408786561586,-0.07949700206518173
1785948408805881042,-0.07095599919557571
1785948408827948420,-0.06635700166225433
1785948408846043327,-0.054531000554561615
1785948408866235417,-0.04336199909448624
1785948408886150954,-0.038763001561164856
1785948408906088540,-0.030222000554203987
1785948408926152082,-0.020367000252008438
1785948408946163942,-0.014453999698162079
1785948408965910707,-0.0032850001007318497
1785948408986164334,0.0052559999749064445
1785948409005699573,0.009197999723255634
1785948409035188675,0.01905299909412861
1785948409046157610,0.030879000201821327
1785948409066143902,0.03679199889302254
1785948409086428378,0.046647001057863235
1785948409108447306,0.055844999849796295
1785948409126746124,0.061101000756025314
1785948409149910750,0.07358399778604507
1785948409165773495,0.08475299924612045
1785948409186251385,0.09000899642705917
1785948409206108329,0.09854999929666519
1785948409226062779,0.10971900075674057
1785948409246897928,0.11628899723291397
1785948409265622838,0.1281149983406067
1785948409286081208,0.1379700005054474
1785948409305867941,0.14191199839115143
1785948409342128798,0.15242399275302887
1785948409349817667,0.16556400060653687
1785948409369230790,0.17081999778747559
1785948409386279394,0.18001799285411835
1785948409405964140,0.18855899572372437
1785948409426988479,0.19315800070762634
1785948409447593573,0.20169900357723236
1785948409466648605,0.20761199295520782
1785948409486629136,0.20958299934864044
1785948409506220568,0.2122109979391098
1785948409527143079,0.21681000292301178
1785948409549503298,0.2187809944152832
1785948409566399673,0.22075200080871582
1785948409597963334,0.22140899300575256
1785948409606020694,0.22075200080871582
1785948409629285163,0.21943800151348114
1785948409646565966,0.21943800151348114
1785948409665959184,0.21943800151348114
1785948409686595671,0.21943800151348114
1785948409705840212,0.2187809944152832
1785948409730536148,0.21746699512004852
1785948409746670101,0.21352499723434448
1785948409774376239,0.21024000644683838
1785948409785978921,0.21024000644683838
1785948409805672851,0.20958299934864044
1785948409830228271,0.20695500075817108
1785948409845938019,0.20629799365997314
1785948409866060187,0.20629799365997314
1785948409886589407,0.20629799365997314
1785948409906622644,0.20629799365997314
1785948409926866287,0.20432700216770172
1785948409947262991,0.199071004986763
1785948409966129665,0.19709999859333038
1785948409987812359,0.19447200000286102
1785948410006969826,0.19315800070762634
1785948410034284240,0.19184400141239166
1785948410046336439,0.18855899572372437
1785948410065944319,0.18724499642848969
1785948410086277693,0.18724499642848969
1785948410110847066,0.18790200352668762
1785948410127952407,0.18855899572372437
1785948410146787273,0.18855899572372437
1785948410165713245,0.18855899572372437
1785948410186160510,0.18855899572372437
1785948410206377464,0.18855899572372437
1785948410229555499,0.18790200352668762
1785948410247158296,0.18790200352668762
1785948410268718810,0.18790200352668762
1785948410286619215,0.18724499642848969
1785948410306061715,0.18790200352668762
1785948410326067463,0.18855899572372437
1785948410346039610,0.19184400141239166
1785948410365601793,0.1925009936094284
1785948410386573586,0.1925009936094284
1785948410407172248,0.19315800070762634
1785948410426007177,0.1957859992980957
1785948410446128129,0.19775700569152832
1785948410465864781,0.20104199647903442
1785948410486282445,0.20104199647903442
1785948410506096476,0.20104199647903442
1785948410526423866,0.20366999506950378
1785948410548715538,0.20826900005340576
1785948410567389438,0.21155400574207306
1785948410585909094,0.21615299582481384
1785948410607293955,0.21943800151348114
1785948410627122738,0.2220660001039505
1785948410648558161,0.2286359965801239
1785948410668416545,0.2352059930562973
1785948410686061551,0.23717699944972992
1785948410705873021,0.23980499804019928
1785948410729971019,0.245060995221138
1785948410746223247,0.2483460009098053
1785948410765916570,0.2568869888782501
1785948410789758625,0.2634570002555847
1785948410806239820,0.26542800664901733
1785948410829477920,0.27265501022338867
1785948410845915402,0.2811959981918335
1785948410867938939,0.2844809889793396
1785948410886376032,0.2890799939632416
1785948410908659832,0.29236501455307007
1785948410927012219,0.29499301314353943
1785948410945990480,0.3028770089149475
1785948410965570584,0.308789998292923
1785948410997259400,0.3107610046863556
1785948411006075151,0.31338900327682495
1785948411038517430,0.31864500045776367
1785948411051295827,0.3225870132446289
1785948411066072587,0.3317849934101105
1785948411086594862,0.3403260111808777
1785948411107301623,0.34295400977134705
1785948411127975488,0.3521519899368286
1785948411150179765,0.36266401410102844
1785948411167809315,0.36726298928260803
1785948411187996732,0.3731760084629059
1785948411206756715,0.37711799144744873
1785948411230623154,0.37711799144744873
1785948411248597930,0.37711799144744873
1785948411273580883,0.37711799144744873
1785948411287855388,0.37711799144744873
1785948411305676367,0.37711799144744873
1785948411326040910,0.37711799144744873
1785948411346317834,0.37711799144744873
1785948411365838896,0.37711799144744873
1785948411386013225,0.37711799144744873
1785948411405795894,0.37711799144744873
1785948411426386972,0.37711799144744873
1785948411446296013,0.37711799144744873
1785948411465819315,0.37711799144744873
1785948411486034766,0.37711799144744873
1785948411512823116,0.37711799144744873
1785948411527578916,0.37711799144744873
1785948411546916132,0.37711799144744873
1785948411565876953,0.37711799144744873
1785948411585926542,0.37711799144744873
1785948411607809178,0.37711799144744873
1785948411627465028,0.37711799144744873
1785948411652510926,0.37711799144744873
1785948411667090241,0.37711799144744873
1785948411686205339,0.37711799144744873
1785948411705759905,0.37711799144744873
1785948411726040062,0.37711799144744873
1785948411746678085,0.37711799144744873
1785948411766706169,0.37711799144744873
1785948411786355107,0.37711799144744873
1785948411809221964,0.37711799144744873
1785948411830435173,0.37711799144744873
1785948411846085431,0.37711799144744873
1785948411865707904,0.37711799144744873
1785948411886810068,0.37711799144744873
1785948411906096339,0.37711799144744873
1785948411929627344,0.37711799144744873
1785948411946578954,0.37711799144744873
1785948411966651488,0.37711799144744873
1785948411986782776,0.37711799144744873
1785948412006346591,0.37711799144744873
1785948412026407252,0.37711799144744873
1785948412047546858,0.37711799144744873
1785948412065830731,0.37711799144744873
1785948412086727674,0.37711799144744873
1785948412105856116,0.37711799144744873
1785948412126133168,0.37711799144744873
1785948412146198278,0.37711799144744873
1785948412166972785,0.37711799144744873
1785948412186619547,0.37711799144744873
1785948412209763020,0.37711799144744873
1785948412229246129,0.37711799144744873
1785948412247312235,0.37711799144744873
1785948412265723504,0.37711799144744873
1785948412286025549,0.37711799144744873
1785948412307208932,0.37711799144744873
1785948412330556412,0.37711799144744873
1785948412349499216,0.37711799144744873
1785948412367238241,0.37711799144744873
1785948412386390748,0.37711799144744873
1785948412406396880,0.37711799144744873
1785948412426507143,0.37711799144744873
1785948412446216019,0.37711799144744873
1785948412465934174,0.37711799144744873
1785948412493154121,0.37711799144744873
1785948412505782114,0.37711799144744873
1785948412526088607,0.37711799144744873
1785948412546572417,0.37711799144744873
1785948412565560791,0.37711799144744873
1785948412586432997,0.37711799144744873
1785948412606386936,0.37711799144744873
1785948412630694572,0.37711799144744873
1785948412646622887,0.37711799144744873
1785948412666744638,0.37711799144744873
1785948412690130231,0.37711799144744873
1785948412705700743,0.37711799144744873
1785948412726076742,0.37711799144744873
1785948412746237087,0.37711799144744873
1785948412765790822,0.37711799144744873
1785948412788073022,0.37711799144744873
1785948412805897329,0.37711799144744873
1785948412826225551,0.37711799144744873
1785948412845924634,0.37711799144744873
1785948412865752009,0.37711799144744873
1785948412886623479,0.37711799144744873
1785948412906113243,0.37711799144744873
1785948412928614394,0.37711799144744873
1785948412955970281,0.37711799144744873
1785948412966320861,0.37711799144744873
1785948412985994888,0.37711799144744873
1785948413007069596,0.37711799144744873
1785948413026824936,0.37711799144744873
1785948413048446285,0.37711799144744873
1785948413067999059,0.37711799144744873
1785948413087403382,0.37711799144744873
1785948413106079426,0.37711799144744873
1785948413127239833,0.37711799144744873
1785948413146132588,0.37711799144744873
1785948413165497805,0.37711799144744873
1785948413186440957,0.37711799144744873
1785948413206321197,0.37711799144744873
1785948413226777135,0.37711799144744873
1785948413246312149,0.37711799144744873
1785948413265553170,0.37711799144744873
1785948413286002932,0.37711799144744873
1785948413305738112,0.37711799144744873
1785948413326499243,0.37711799144744873
1785948413346175189,0.37711799144744873
1785948413366716633,0.37711799144744873
1785948413386985813,0.37711799144744873
1785948413405789221,0.37711799144744873
1785948413430409571,0.37711799144744873
1785948413447812842,0.37711799144744873
1785948413466266544,0.37711799144744873
1785948413486844085,0.37711799144744873
1785948413506453853,0.37711799144744873
1785948413526662647,0.37711799144744873
1785948413546202750,0.37711799144744873
1785948413566620414,0.37711799144744873
1785948413586051905,0.37711799144744873
1785948413605746188,0.37711799144744873
1785948413631649872,0.37711799144744873
1785948413648347810,0.37711799144744873
1785948413665627397,0.37711799144744873
1785948413685902369,0.37711799144744873
1785948413706621930,0.37711799144744873
1785948413727688062,0.37711799144744873
1785948413746691924,0.37711799144744873
1785948413766671944,0.37711799144744873
1785948413786099947,0.37711799144744873
1785948413806230178,0.37711799144744873
1785948413826473310,0.37711799144744873
1785948413846296876,0.37711799144744873
1785948413866104059,0.37711799144744873
1785948413888872097,0.37711799144744873
1785948413908875477,0.37711799144744873
1785948413929314934,0.37711799144744873
1785948413946080938,0.37711799144744873
1785948413965733556,0.37711799144744873
1785948413985910925,0.37711799144744873
1785948414012831279,0.37711799144744873
1785948414027708298,0.37711799144744873
1785948414047265937,0.37711799144744873
1785948414065630644,0.37711799144744873
1785948414086021524,0.37711799144744873
1785948414105784737,0.37711799144744873
1785948414126029980,0.37711799144744873
1785948414146579713,0.37711799144744873
1785948414166747098,0.37711799144744873
1785948414188678919,0.37711799144744873
1785948414208638746,0.37711799144744873
1785948414227557838,0.37711799144744873
1785948414247230296,0.37711799144744873
1785948414265920389,0.37711799144744873
1785948414286633166,0.37711799144744873
1785948414306025008,0.37711799144744873
1785948414326319117,0.37711799144744873
1785948414346454405,0.37711799144744873
1785948414365817766,0.37711799144744873
1785948414386107875,0.37711799144744873
1785948414410346965,0.37711799144744873
1785948414426289904,0.37711799144744873
1785948414447154046,0.37711799144744873
1785948414466373498,0.37711799144744873
1785948414487373548,0.37711799144744873
1785948414506309536,0.37711799144744873
1785948414530145479,0.37711799144744873
1785948414546501102,0.37711799144744873
1785948414565947794,0.37711799144744873
1785948414586250351,0.37711799144744873
1785948414605989723,0.37711799144744873
1785948414626748230,0.37711799144744873
1785948414646599733,0.37711799144744873
1785948414665649549,0.37711799144744873
1785948414686038092,0.37711799144744873
1785948414706624562,0.37711799144744873
1785948414726356126,0.37711799144744873
1785948414746151788,0.37711799144744873
1785948414769586182,0.37711799144744873
1785948414786089138,0.37711799144744873
1785948414805659961,0.37711799144744873
1785948414826385539,0.37711799144744873
1785948414846424536,0.37711799144744873
1785948414865607475,0.37711799144744873
1785948414886263291,0.37711799144744873
1785948414906263887,0.37711799144744873
1785948414927022074,0.37711799144744873
1785948414946801767,0.37711799144744873
1785948414965888704,0.37711799144744873
1785948414986226206,0.37711799144744873
1785948415005747044,0.37711799144744873
1785948415026232710,0.37711799144744873
1785948415046418304,0.37711799144744873
1785948415084722645,0.37711799144744873
1785948415088776206,0.37711799144744873
1785948415106597601,0.37711799144744873
1785948415126968000,0.37711799144744873
1785948415146477605,0.37711799144744873
1785948415166136943,0.37711799144744873
1785948415187771668,0.37711799144744873
1785948415206296636,0.37711799144744873
1785948415228142023,0.37711799144744873
1785948415246149055,0.37711799144744873
1785948415265770248,0.37711799144744873
1785948415286096486,0.37711799144744873
1785948415306873425,0.37711799144744873
1785948415326322037,0.37711799144744873
1785948415346224582,0.37711799144744873
1785948415366271067,0.37711799144744873
1785948415386505494,0.37711799144744873
1785948415405988763,0.37711799144744873
1785948415428081805,0.37711799144744873
1785948415446513842,0.37711799144744873
1785948415465835442,0.37711799144744873
1785948415486103118,0.37711799144744873
1785948415507940153,0.37711799144744873
1785948415526485953,0.37711799144744873
1785948415546101898,0.37711799144744873
1785948415566577804,0.37711799144744873
1785948415586832744,0.37711799144744873
1785948415606022211,0.37711799144744873
1785948415626623753,0.37711799144744873
1785948415646770786,0.37711799144744873
1785948415667412329,0.37711799144744873
1785948415687114964,0.37711799144744873
1785948415706165004,0.37711799144744873
1785948415728181436,0.37711799144744873
1785948415746242070,0.37711799144744873
1785948415765775196,0.37711799144744873
1785948415786224541,0.37711799144744873
1785948415808066184,0.37711799144744873
1785948415825933021,0.37711799144744873
1785948415845938001,0.37711799144744873
1785948415865592987,0.37711799144744873
1785948415886630637,0.37711799144744873
1785948415905767592,0.37711799144744873
1785948415928130626,0.37711799144744873
1785948415946417475,0.37711799144744873
1785948415968313360,0.37711799144744873
1785948415986263623,0.37711799144744873
1785948416007562081,0.37711799144744873
1785948416030945722,0.37711799144744873
1785948416046410055,0.37711799144744873
1785948416065956621,0.37711799144744873
1785948416087148997,0.37711799144744873
1785948416107089655,0.37711799144744873
1785948416127209935,0.37711799144744873
1785948416146309064,0.37711799144744873
1785948416165916048,0.37711799144744873
1785948416186273551,0.37711799144744873
1785948416206342821,0.37711799144744873
1785948416228423351,0.37711799144744873
1785948416272508857,0.37711799144744873
1785948416286673471,0.37711799144744873
1785948416308027259,0.37711799144744873
1785948416327072306,0.37711799144744873
1785948416347027653,0.37711799144744873
1785948416368447811,0.37711799144744873
1785948416386388282,0.37711799144744873
1785948416405793564,0.37711799144744873
1785948416426280319,0.37711799144744873
1785948416448953634,0.37711799144744873
1785948416466276839,0.37711799144744873
1785948416486029299,0.37711799144744873
1785948416506612921,0.37711799144744873
1785948416540965336,0.37711799144744873
1785948416546087153,0.37711799144744873
1785948416566027267,0.37711799144744873
1785948416586486053,0.37711799144744873
1785948416606278515,0.37711799144744873
1785948416626768373,0.37711799144744873
1785948416647023377,0.37711799144744873
1785948416666127338,0.37711799144744873
1785948416686436807,0.37711799144744873
1785948416707417177,0.37711799144744873
1785948416733177016,0.37711799144744873
1785948416747564549,0.37711799144744873
1785948416766403478,0.37711799144744873
1785948416786217317,0.37711799144744873
1785948416805961233,0.37711799144744873
1785948416838557917,0.37711799144744873
1785948416847233471,0.37711799144744873
1785948416884672539,0.37711799144744873
1785948416888171523,0.37711799144744873
1785948416906136762,0.37777501344680786
1785948416934557801,0.37777501344680786
1785948416947143232,0.37777501344680786
1785948416968921993,0.37777501344680786
1785948416991724113,0.37777501344680786
1785948417006377349,0.37711799144744873
1785948417034766387,0.37711799144744873
1785948417047294889,0.37711799144744873
1785948417066616457,0.37711799144744873
1785948417097675750,0.37711799144744873
1785948417106072320,0.37711799144744873
1785948417128501373,0.37711799144744873
1785948417146395442,0.37711799144744873
1785948417165661712,0.37711799144744873
1785948417186111890,0.37711799144744873
1785948417207053602,0.37711799144744873
1785948417227066294,0.37711799144744873
1785948417247344146,0.37711799144744873
1785948417265963069,0.37711799144744873
1785948417287153140,0.37711799144744873
1785948417305769599,0.37711799144744873
1785948417325932472,0.37711799144744873
1785948417347575581,0.37711799144744873
1785948417365747067,0.37711799144744873
1785948417388656261,0.37711799144744873
1785948417405783012,0.37711799144744873
1785948417426338664,0.37711799144744873
1785948417449661119,0.37711799144744873
1785948417465642459,0.37711799144744873
1785948417486079836,0.37711799144744873
1785948417508019914,0.37711799144744873
1785948417531417155,0.37711799144744873
1785948417546538886,0.37711799144744873
1785948417565759139,0.37711799144744873
1785948417586116161,0.37711799144744873
1785948417607228087,0.37711799144744873
1785948417626079880,0.37711799144744873
1785948417646170495,0.37711799144744873
1785948417665530144,0.37711799144744873
1785948417686071684,0.37711799144744873
1785948417706474884,0.37711799144744873
1785948417726661406,0.37711799144744873
1785948417746690547,0.37711799144744873
1785948417765732138,0.37711799144744873
1785948417786058472,0.37711799144744873
1785948417805682672,0.37711799144744873
1785948417828512121,0.37711799144744873
1785948417846736792,0.37711799144744873
1785948417865971829,0.37711799144744873
1785948417888750172,0.37711799144744873
1785948417905924764,0.37711799144744873
1785948417933202536,0.37711799144744873
1785948417947058277,0.37711799144744873
1785948417967857265,0.37711799144744873
1785948417997808078,0.37711799144744873
1785948418005744634,0.37711799144744873
1785948418026637097,0.37711799144744873
1785948418046168431,0.37711799144744873
1785948418065572401,0.37711799144744873
1785948418086561027,0.37711799144744873
1785948418105689213,0.37711799144744873
1785948418126505001,0.37711799144744873
1785948418146485916,0.37711799144744873
1785948418165635479,0.37711799144744873
1785948418186356768,0.37711799144744873
1785948418207105611,0.37711799144744873
1785948418226611312,0.37711799144744873
1785948418246860843,0.37711799144744873
1785948418265930788,0.37711799144744873
1785948418286111677,0.37711799144744873
1785948418305976077,0.37711799144744873
1785948418326485872,0.37711799144744873
1785948418346430947,0.37711799144744873
1785948418365877798,0.37711799144744873
1785948418386293830,0.37711799144744873
1785948418405843661,0.37711799144744873
1785948418427234890,0.37711799144744873
1785948418447278304,0.37711799144744873
1785948418467322101,0.37711799144744873
1785948418486737080,0.37711799144744873
1785948418507961008,0.37711799144744873
1785948418526689534,0.37711799144744873
1785948418547328741,0.37711799144744873
1785948418565806092,0.37711799144744873
1785948418589372266,0.37711799144744873
1785948418605993113,0.37711799144744873
1785948418626851559,0.37711799144744873
1785948418646527121,0.37711799144744873
1785948418665696493,0.37711799144744873
1785948418686684958,0.37711799144744873
1785948418705785975,0.37711799144744873
1785948418729499066,0.37580400705337524
1785948418746060327,0.3738330006599426
1785948418765798035,0.3738330006599426
1785948418786467195,0.3738330006599426
1785948418805868542,0.3731760084629059
1785948418826215740,0.3698909878730774
1785948418846581019,0.36726298928260803
1785948418865567249,0.3633210062980652
1785948418886353852,0.36266401410102844
1785948418906989731,0.3620069921016693
1785948418926454791,0.35937899351119995
1785948418946312183,0.3534660041332245
1785948418965888062,0.3501810133457184
1785948418986290782,0.3403260111808777
1785948419009767642,0.3291569948196411
1785948419027895862,0.3225870132446289
1785948419049048620,0.30813300609588623
1785948419065774879,0.2963069975376129
1785948419089255802,0.29170799255371094
1785948419105769126,0.28382399678230286
1785948419127761558,0.27396899461746216
1785948419146108025,0.26739901304244995
1785948419165778019,0.25557300448417664
1785948419186103552,0.24637499451637268
1785948419205788843,0.24243299663066864
1785948419233147034,0.23257799446582794
1785948419248163578,0.22009499371051788
1785948419265981453,0.21418200433254242
1785948419286129893,0.20432700216770172
1785948419307086134,0.19644300639629364
1785948419326441430,0.19118699431419373
1785948419354584605,0.1793610006570816
1785948419365635622,0.16819199919700623
1785948419386416914,0.16359299421310425
1785948419405862901,0.15570899844169617
1785948419426161170,0.1497959941625595
1785948419446241384,0.14585399627685547
1785948419466102424,0.13599899411201477
1785948419486549434,0.12483000010251999
1785948419507644590,0.12023100256919861
1785948419526314523,0.10840500146150589
1785948419546308942,0.09460800141096115
1785948419565955800,0.0886949971318245
1785948419595226720,0.07884000241756439
1785948419606047395,0.06964199990034103
1785948419627555556,0.06438600271940231
1785948419651069408,0.052560001611709595
1785948419665907514,0.041391000151634216
1785948419686172886,0.0361349992454052
1785948419706860095,0.027594000101089478
1785948419726249569,0.01773899979889393
1785948419746199667,0.011826000176370144
1785948419766345291,0.0
1785948419786385505,-0.007884000428020954
1785948419806304946,-0.011826000176370144
1785948419826318215,-0.02168099954724312
1785948419846368924,-0.03416400030255318
1785948419867078885,-0.040077000856399536
1785948419886452327,-0.049931999295949936
1785948419906666593,-0.058472998440265656
1785948419926327211,-0.06372900307178497
1785948419947309276,-0.07621199637651443
1785948419966166222,-0.08803799748420715
1785948419985877017,-0.09263700246810913
1785948420005722025,-0.10183499753475189
1785948420030847189,-0.11234699934720993
1785948420046824754,-0.11957400292158127
1785948420066418009,-0.131400004029274
1785948420086591219,-0.14059799909591675
1785948420106046166,-0.14519700407981873
1785948420126223024,-0.15570899844169617
1785948420149080889,-0.16819199919700623
1785948420165632646,-0.17476199567317963
1785948420196026480,-0.18461699783802032
1785948420205858837,-0.19315800070762634
1785948420226352535,-0.19841399788856506
1785948420248570638,-0.21155400574207306
1785948420266062711,-0.22337999939918518
1785948420288166825,-0.22797900438308716
1785948420306480459,-0.23652000725269318
1785948420328935208,-0.24703200161457062
1785948420346805341,-0.253601998090744
1785948420366143325,-0.2660849988460541
1785948420386659713,-0.27528300881385803
1785948420407771830,-0.2792249917984009
1785948420426123225,-0.2897369861602783
1785948420446617019,-0.3028770089149475
1785948420466157826,-0.308789998292923
1785948420486542785,-0.31864500045776367
1785948420506061671,-0.32652899622917175
1785948420528041430,-0.3317849934101105
1785948420546918440,-0.3449249863624573
1785948420566180934,-0.3567509949207306
1785948420592653307,-0.36134999990463257
1785948420606964037,-0.36923399567604065
1785948420628530472,-0.37448999285697937
1785948420646409981,-0.376460999250412
1785948420666066503,-0.37711799144744873
1785948420687486245,-0.37711799144744873
1785948420705987916,-0.37711799144744873
1785948420730469766,-0.37711799144744873
1785948420746441218,-0.37711799144744873
1785948420765750913,-0.37777501344680786
1785948420786602671,-0.37777501344680786
1785948420806445598,-0.37777501344680786
1785948420826138249,-0.37777501344680786
1785948420846399429,-0.37777501344680786
1785948420867053100,-0.37711799144744873
1785948420886392652,-0.37711799144744873
1785948420906713962,-0.37711799144744873
1785948420926290929,-0.37711799144744873
1785948420946699473,-0.37711799144744873
1785948420966127188,-0.37711799144744873
1785948420986597814,-0.37711799144744873
1785948421006641228,-0.37711799144744873
1785948421027209713,-0.37711799144744873
1785948421046683413,-0.37711799144744873
1785948421065775822,-0.37711799144744873
1785948421086085771,-0.37711799144744873
1785948421108557769,-0.37711799144744873
1785948421126539649,-0.37711799144744873
1785948421146558421,-0.37711799144744873
1785948421167279263,-0.37711799144744873
1785948421188158541,-0.37711799144744873
1785948421206105092,-0.37711799144744873
1785948421226546405,-0.37711799144744873
1785948421246413141,-0.37711799144744873
1785948421266209251,-0.37711799144744873
1785948421287015503,-0.37711799144744873
1785948421306028325,-0.37711799144744873
1785948421328856814,-0.37711799144744873
1785948421346093295,-0.37711799144744873
1785948421366130692,-0.37711799144744873
1785948421386061654,-0.37711799144744873
1785948421406266832,-0.37711799144744873
1785948421430793227,-0.37711799144744873
1785948421447198516,-0.37711799144744873
1785948421467009378,-0.37711799144744873
1785948421486641676,-0.37711799144744873
1785948421508221071,-0.37711799144744873
1785948421526478479,-0.37711799144744873
1785948421546060374,-0.37711799144744873
1785948421565716640,-0.37711799144744873
1785948421586413385,-0.37711799144744873
1785948421606989806,-0.37711799144744873
1785948421626161801,-0.37711799144744873
1785948421646669036,-0.37711799144744873
1785948421665672131,-0.37711799144744873
1785948421693875851,-0.37711799144744873
1785948421706959985,-0.37711799144744873
1785948421733760784,-0.37711799144744873
1785948421746574189,-0.37711799144744873
1785948421770407988,-0.37711799144744873
1785948421786820829,-0.37711799144744873
1785948421806176574,-0.37711799144744873
1785948421828333842,-0.37711799144744873
1785948421850856561,-0.37711799144744873
1785948421866373055,-0.37711799144744873
1785948421886584634,-0.37711799144744873
1785948421906621135,-0.37711799144744873
1785948421926584674,-0.37711799144744873
1785948421946353007,-0.37711799144744873
1785948421965717488,-0.37711799144744873
1785948421986002764,-0.37711799144744873
1785948422006399468,-0.37711799144744873
1785948422028821896,-0.37711799144744873
1785948422049264265,-0.37711799144744873
1785948422065885561,-0.37711799144744873
1785948422086471166,-0.37711799144744873
1785948422105788350,-0.37711799144744873
1785948422128810092,-0.37711799144744873
1785948422146395992,-0.37711799144744873
1785948422167070400,-0.37711799144744873
1785948422186349055,-0.37711799144744873
1785948422205730560,-0.37711799144744873
1785948422225944122,-0.37711799144744873
1785948422246031601,-0.37711799144744873
1785948422266417137,-0.37711799144744873
1785948422286167389,-0.37711799144744873
1785948422309335791,-0.37711799144744873
1785948422326970237,-0.37711799144744873
1785948422346977681,-0.37711799144744873
1785948422365898117,-0.37711799144744873
1785948422386472938,-0.37711799144744873
1785948422407082768,-0.37711799144744873
1785948422435711045,-0.37711799144744873
1785948422446526920,-0.37711799144744873
1785948422465975947,-0.37711799144744873
1785948422491528005,-0.37711799144744873
1785948422505860400,-0.37711799144744873
1785948422527141898,-0.37711799144744873
1785948422546616686,-0.37711799144744873
1785948422565815402,-0.37711799144744873
1785948422586588149,-0.37711799144744873
1785948422605940790,-0.37711799144744873
1785948422626146512,-0.37711799144744873
1785948422646242695,-0.37711799144744873
1785948422665664010,-0.37711799144744873
1785948422688908959,-0.37711799144744873
1785948422706017500,-0.37711799144744873
1785948422726491167,-0.37711799144744873
1785948422746153224,-0.37711799144744873
1785948422765927190,-0.37711799144744873
1785948422786211890,-0.37711799144744873
1785948422823370469,-0.37711799144744873
1785948422827648517,-0.37711799144744873
1785948422846515959,-0.37711799144744873
1785948422874287315,-0.37711799144744873
1785948422886869066,-0.37711799144744873
1785948422910520075,-0.37711799144744873
1785948422929356636,-0.37711799144744873
1785948422946366551,-0.37711799144744873
1785948422966053153,-0.37711799144744873
1785948422987510273,-0.37711799144744873
1785948423006097579,-0.37711799144744873
1785948423026422408,-0.37448999285697937
1785948423046443741,-0.37186199426651
1785948423065830303,-0.36397799849510193
1785948423086169341,-0.3554370105266571
1785948423106156112,-0.3521519899368286
1785948423134637345,-0.3436110019683838
1785948423146448417,-0.33309900760650635
1785948423165949094,-0.32850000262260437
1785948423186158784,-0.32127299904823303
1785948423209091276,-0.31667399406433105
1785948423226743642,-0.31470298767089844
1785948423251594718,-0.31010401248931885
1785948423266624222,-0.3028770089149475
1785948423286490702,-0.299591988325119
1785948423305990099,-0.29565000534057617
1785948423326451381,-0.29367899894714355
1785948423346815060,-0.2910510003566742
1785948423366712037,-0.2844809889793396
1785948423387496112,-0.27528300881385803
1785948423405919765,-0.2693699896335602
1785948423429536085,-0.2562299966812134
1785948423448079006,-0.2417760044336319
1785948423466183577,-0.2352059930562973
1785948423487096808,-0.22403700649738312
1785948423506477770,-0.2154960036277771
1785948423526710085,-0.21024000644683838
1785948423547171238,-0.19775700569152832
1785948423566329313,-0.18527400493621826
1785948423586844037,-0.18067499995231628
1785948423606343850,-0.1727910041809082
1785948423627937709,-0.1662209928035736
1785948423646632698,-0.16227899491786957
1785948423665868888,-0.15176700055599213
1785948423688920071,-0.14059799909591675
1785948423705822942,-0.13534200191497803
1785948423734211500,-0.12417300045490265
1785948423746691168,-0.11037600040435791
1785948423766033920,-0.10446300357580185
1785948423786371711,-0.09395100176334381
1785948423807984547,-0.08540999889373779
1785948423829062135,-0.08015400171279907
1785948423865709979,-0.06832800060510635
1785948423873047125,-0.056501999497413635
1785948423886645547,-0.051902998238801956
1785948423906913287,-0.04401899874210358
1785948423928621710,-0.03744899854063988
1785948423946741321,-0.03350700065493584
1785948423966079658,-0.023652000352740288
1785948423986477898,-0.013140000402927399
1785948424007358808,-0.007884000428020954
1785948424033084822,0.0019710001070052385
1785948424046055257,0.014453999698162079
1785948424065746884,0.020367000252008438
1785948424086025344,0.030879000201821327
1785948424105679562,0.040077000856399536
1785948424127121737,0.045333001762628555
1785948424146229762,0.057815998792648315
1785948424165537954,0.06964199990034103
1785948424186365198,0.07489799708127975
1785948424205875092,0.08409599959850311
1785948424226474297,0.09526500105857849
1785948424246440268,0.10183499753475189
1785948424265632072,0.11431799829006195
1785948424286004999,0.12417300045490265
1785948424306676335,0.1281149983406067
1785948424326088818,0.13862699270248413
1785948424346092678,0.15176700055599213
1785948424369095251,0.15768000483512878
1785948424386539099,0.16753500699996948
1785948424406459597,0.17673300206661224
1785948424428904938,0.18198899924755096
1785948424446991749,0.19447200000286102
1785948424465808725,0.20629799365997314
1785948424486606785,0.21155400574207306
1785948424505816190,0.22009499371051788
1785948424526308352,0.23060700297355652
1785948424549567157,0.23717699944972992
1785948424565942333,0.24966000020503998
1785948424585966610,0.25885799527168274
1785948424605966566,0.262800008058548
1785948424637255819,0.2733120024204254
1785948424666644310,0.2864519953727722
1785948424673229851,0.29236501455307007
1785948424686560712,0.3022199869155884
1785948424707914372,0.308789998292923
1785948424726671667,0.31141799688339233
1785948424746567044,0.31864500045776367
1785948424766070825,0.32981398701667786
1785948424790493537,0.3357270061969757
1785948424805768648,0.3468959927558899
1785948424827945853,0.3587220013141632
1785948424846433892,0.3633210062980652
1785948424867625883,0.37120500206947327
1785948424886248422,0.37580400705337524
1785948424908834247,0.37711799144744873
1785948424937847528,0.37711799144744873
1785948424946633262,0.37711799144744873
1785948424965763528,0.37711799144744873
1785948424986173992,0.37711799144744873
1785948425005915732,0.37711799144744873
1785948425026706432,0.37711799144744873
1785948425047298214,0.37711799144744873
1785948425066362398,0.37711799144744873
1785948425094816526,0.37711799144744873
1785948425105927897,0.37711799144744873
1785948425126274807,0.37711799144744873
1785948425146157320,0.37711799144744873
1785948425167788300,0.37711799144744873
1785948425186647230,0.37711799144744873
1785948425206249222,0.37711799144744873
1785948425226508546,0.37711799144744873
1785948425247169770,0.37711799144744873
1785948425265655377,0.37711799144744873
1785948425287065615,0.37711799144744873
1785948425306144583,0.37711799144744873
1785948425326955027,0.37711799144744873
1785948425352611824,0.37711799144744873
1785948425366585488,0.37711799144744873
1785948425386425567,0.37711799144744873
1785948425406258830,0.37711799144744873
1785948425426249282,0.37711799144744873
1785948425448749313,0.37711799144744873
1785948425466013443,0.37711799144744873
1785948425486152283,0.37711799144744873
1785948425505857703,0.37711799144744873
1785948425529085947,0.37711799144744873
1785948425546124726,0.37711799144744873
1785948425565685501,0.37711799144744873
1785948425586382118,0.37711799144744873
1785948425612024226,0.37711799144744873
1785948425629351815,0.37711799144744873
1785948425652616444,0.37711799144744873
1785948425667019785,0.37711799144744873
1785948425686265191,0.37711799144744873
1785948425705709226,0.37711799144744873
1785948425726721916,0.37711799144744873
1785948425748255614,0.37711799144744873
1785948425768571227,0.37711799144744873
1785948425786401423,0.37711799144744873
1785948425805977014,0.37711799144744873
1785948425827200078,0.37711799144744873
1785948425846310824,0.37711799144744873
1785948425867407453,0.37711799144744873
1785948425886594360,0.37711799144744873
1785948425905772340,0.37711799144744873
1785948425926374810,0.37711799144744873
1785948425947807992,0.37711799144744873
1785948425965760751,0.37711799144744873
1785948425986431799,0.37711799144744873
1785948426005800313,0.37711799144744873
1785948426026155255,0.37711799144744873
1785948426047181962,0.37711799144744873
1785948426065885399,0.37711799144744873
1785948426086214485,0.37711799144744873
1785948426106303148,0.37711799144744873
1785948426126345281,0.37711799144744873
1785948426146055948,0.37711799144744873
1785948426165916540,0.37711799144744873
1785948426186098261,0.37711799144744873
1785948426209609426,0.37711799144744873
1785948426226306404,0.37711799144744873
1785948426246442204,0.37711799144744873
1785948426265866718,0.37711799144744873
1785948426286498341,0.37711799144744873
1785948426306052876,0.37711799144744873
1785948426326252102,0.37711799144744873
1785948426345969938,0.37711799144744873
1785948426365644412,0.37711799144744873
1785948426386144607,0.37711799144744873
1785948426405785512,0.37711799144744873
1785948426429451785,0.37711799144744873
1785948426446298751,0.37711799144744873
1785948426465640896,0.37711799144744873
1785948426486154659,0.37711799144744873
1785948426507541504,0.37711799144744873
1785948426526489973,0.37711799144744873
1785948426546336708,0.37711799144744873
1785948426565851594,0.37711799144744873
1785948426586123942,0.37711799144744873
1785948426606029271,0.37711799144744873
1785948426626346549,0.37711799144744873
1785948426648283618,0.37711799144744873
1785948426665760491,0.37711799144744873
1785948426686852736,0.37711799144744873
1785948426705903351,0.37711799144744873
1785948426726168787,0.37711799144744873
1785948426747798264,0.37711799144744873
1785948426766924722,0.37711799144744873
1785948426789482258,0.37711799144744873
1785948426805971293,0.37711799144744873
1785948426826336220,0.37711799144744873
1785948426846821439,0.37711799144744873
1785948426865991802,0.37711799144744873
1785948426886338520,0.37711799144744873
1785948426905822365,0.37711799144744873
1785948426929802375,0.37711799144744873
1785948426946330004,0.37711799144744873
1785948426966644497,0.37711799144744873
1785948426986531682,0.37711799144744873
1785948427007688760,0.37711799144744873
1785948427026052476,0.37711799144744873
1785948427046441499,0.37711799144744873
1785948427066013218,0.37711799144744873
1785948427086829167,0.37711799144744873
1785948427106434231,0.37711799144744873
1785948427126747028,0.37711799144744873
1785948427146590052,0.37711799144744873
1785948427166039015,0.37711799144744873
1785948427187385955,0.37711799144744873
1785948427208148334,0.37711799144744873
1785948427226939390,0.37711799144744873
1785948427246104217,0.37711799144744873
1785948427266473400,0.37711799144744873
1785948427286214724,0.37711799144744873
1785948427308055887,0.37711799144744873
1785948427326862144,0.37711799144744873
1785948427347559720,0.37711799144744873
1785948427366234421,0.37711799144744873
1785948427386336396,0.37711799144744873
1785948427407451201,0.37711799144744873
1785948427426379381,0.37711799144744873
1785948427446588143,0.37711799144744873
1785948427466087829,0.37711799144744873
1785948427486340560,0.37711799144744873
1785948427505975065,0.37711799144744873
1785948427532342027,0.37711799144744873
1785948427546325388,0.37711799144744873
1785948427566433379,0.37711799144744873
1785948427587443349,0.37711799144744873
1785948427605898683,0.37711799144744873
1785948427627054673,0.37711799144744873
1785948427646288142,0.37711799144744873
1785948427665749906,0.37711799144744873
1785948427686672354,0.37711799144744873
1785948427705974977,0.37711799144744873
1785948427726576199,0.37711799144744873
1785948427746895236,0.37711799144744873
1785948427765648915,0.37711799144744873
1785948427786167159,0.37711799144744873
1785948427807059525,0.37711799144744873
1785948427826408006,0.37711799144744873
1785948427857693546,0.37711799144744873
1785948427866056611,0.37711799144744873
1785948427896678676,0.37711799144744873
1785948427906156686,0.37711799144744873
1785948427926438763,0.37711799144744873
1785948427946509025,0.37711799144744873
1785948427966564343,0.37711799144744873
1785948427986341668,0.37711799144744873
1785948428007358966,0.37711799144744873
1785948428033144663,0.37711799144744873
1785948428046514085,0.37711799144744873
1785948428067269648,0.37711799144744873
1785948428086245669,0.37711799144744873
1785948428106043251,0.37711799144744873
1785948428126648953,0.37711799144744873
1785948428146402150,0.37711799144744873
1785948428171230570,0.37711799144744873
1785948428186542674,0.37711799144744873
1785948428205958484,0.37711799144744873
1785948428226344084,0.37711799144744873
1785948428246017054,0.37711799144744873
1785948428265594726,0.37711799144744873
1785948428286138410,0.37711799144744873
1785948428306680110,0.37711799144744873
1785948428331254026,0.37711799144744873
1785948428347546736,0.37711799144744873
1785948428366364480,0.37711799144744873
1785948428387250255,0.37711799144744873
1785948428405945596,0.37711799144744873
1785948428431400498,0.37448999285697937
1785948428446411186,0.37186199426651
1785948428465832085,0.3652920126914978
1785948428486261141,0.3620069921016693
1785948428507649427,0.3606930077075958
1785948428526786605,0.35937899351119995
1785948428546332499,0.35937899351119995
1785948428565789655,0.35937899351119995
1785948428589846244,0.35937899351119995
1785948428605837569,0.35937899351119995
1785948428626153758,0.35806500911712646
1785948428646421498,0.35412299633026123
1785948428665729529,0.35280901193618774
1785948428686096632,0.35280901193618774
1785948428709817563,0.35280901193618774
1785948428726723155,0.34952399134635925
1785948428747699236,0.347553014755249
1785948428767453649,0.3468959927558899
1785948428786111261,0.34623900055885315
1785948428805909579,0.34623900055885315
1785948428826141062,0.34426799416542053
1785948428847451713,0.33835500478744507
1785948428866777441,0.33507001399993896
1785948428886433994,0.3271859884262085
1785948428905802667,0.3219299912452698
1785948428926591415,0.31798800826072693
1785948428946579147,0.3120749890804291
1785948428966632864,0.31010401248931885
1785948428986085860,0.3094469904899597
1785948429005874770,0.3094469904899597
1785948429027503126,0.30681899189949036
1785948429046380297,0.304190993309021
1785948429066240472,0.29696398973464966
1785948429086165258,0.28710898756980896
1785948429105690384,0.28251001238822937
1785948429127217650,0.27199798822402954
1785948429148116128,0.26082900166511536
1785948429165958196,0.2562299966812134
1785948429186146734,0.24966000020503998
1785948429208387748,0.24374699592590332
1785948429226528321,0.24046200513839722
1785948429246386449,0.23257799446582794
1785948429268414305,0.22732199728488922
1785948429286744099,0.2253510057926178
1785948429307045344,0.22337999939918518
1785948429326610919,0.22009499371051788
1785948429346247345,0.21681000292301178
1785948429365853881,0.2089260071516037
1785948429386043858,0.199071004986763
1785948429406098568,0.19381499290466309
1785948429426174142,0.1826460063457489
1785948429446143153,0.16884900629520416
1785948429465919711,0.1629360020160675
1785948429486105976,0.1530809998512268
1785948429505961512,0.1445399969816208
1785948429528164478,0.13928399980068207
1785948429546162326,0.126800999045372
1785948429566087560,0.11563199758529663
1785948429587931539,0.11037600040435791
1785948429606042574,0.10183499753475189
1785948429633988911,0.09198000282049179
1785948429646250076,0.08606699854135513
1785948429666422358,0.07424099743366241
1785948429686664817,0.06504300236701965
1785948429705864237,0.061101000756025314
1785948429726528437,0.051245998591184616
1785948429746019706,0.039420001208782196
1785948429774906326,0.03416400030255318
1785948429786290122,0.024309000000357628
1785948429806298910,0.015768000856041908
1785948429826693982,0.01116899959743023
1785948429846250276,0.0
1785948429865695336,-0.010511999949812889
1785948429887170536,-0.015111000277101994
1785948429905920535,-0.024309000000357628
1785948429935104220,-0.03416400030255318
1785948429947816663,-0.040734000504016876
1785948429965642794,-0.052560001611709595
1785948429986083115,-0.061758000403642654
1785948430005917434,-0.06635700166225433
1785948430026557986,-0.07686900347471237
1785948430046286893,-0.08935199677944183
1785948430074649947,-0.09526500105857849
1785948430088397940,-0.10577700287103653
1785948430108299749,-0.11366099864244461
1785948430126494180,-0.11694599688053131
1785948430146121292,-0.12548699975013733
1785948430166895896,-0.1366560012102127
1785948430187413115,-0.14256900548934937
1785948430206021093,-0.15242399275302887
1785948430237717174,-0.16490699350833893
1785948430246411161,-0.17213399708271027
1785948430266436302,-0.18461699783802032
1785948430286728138,-0.19447200000286102
1785948430309381742,-0.199071004986763
1785948430332387291,-0.21024000644683838
1785948430346167830,-0.22337999939918518
1785948430366216107,-0.22929300367832184
1785948430386254752,-0.23980499804019928
1785948430405866697,-0.2483460009098053
1785948430430001400,-0.253601998090744
1785948430447021587,-0.2660849988460541
1785948430466279345,-0.27856799960136414
1785948430486328486,-0.2831670045852661
1785948430507205973,-0.29170799255371094
1785948430526624823,-0.3022199869155884
1785948430546148061,-0.308789998292923
1785948430566433690,-0.32127299904823303
1785948430586624627,-0.330471009016037
1785948430605796079,-0.33441299200057983
1785948430633919445,-0.3449249863624573
1785948430650332094,-0.3567509949207306
1785948430665961871,-0.3620069921016693
1785948430687059396,-0.3698909878730774
1785948430718400458,-0.3751470148563385
1785948430735029530,-0.376460999250412
1785948430749523274,-0.37711799144744873
1785948430766441826,-0.37711799144744873
1785948430786362003,-0.37711799144744873
1785948430807088541,-0.37711799144744873
1785948430828542044,-0.37711799144744873
1785948430847957311,-0.37711799144744873
1785948430865905142,-0.37711799144744873
1785948430886358295,-0.37711799144744873
1785948430907998140,-0.37711799144744873
1785948430926973202,-0.37711799144744873
1785948430945998504,-0.37711799144744873
1785948430966975386,-0.37711799144744873
1785948430986370844,-0.37711799144744873
1785948431006701209,-0.37711799144744873
1785948431027264798,-0.37711799144744873
1785948431046565789,-0.37711799144744873
1785948431065924702,-0.37711799144744873
1785948431085996500,-0.37711799144744873
1785948431106121548,-0.37711799144744873
1785948431126682673,-0.37711799144744873
1785948431146257528,-0.37711799144744873
1785948431166356783,-0.37711799144744873
1785948431187209116,-0.37711799144744873
1785948431205943979,-0.37711799144744873
1785948431226411213,-0.37711799144744873
1785948431246424449,-0.37711799144744873
1785948431266333234,-0.37711799144744873
1785948431286206371,-0.37711799144744873
1785948431306825673,-0.37711799144744873
1785948431326181418,-0.37711799144744873
1785948431347178907,-0.37711799144744873
1785948431365779302,-0.37711799144744873
1785948431386629747,-0.37711799144744873
1785948431405713612,-0.37711799144744873
1785948431430912443,-0.37711799144744873
1785948431446068510,-0.37711799144744873
1785948431465700871,-0.37711799144744873
1785948431486291213,-0.37711799144744873
1785948431511315383,-0.37711799144744873
1785948431526886951,-0.37711799144744873
1785948431547239109,-0.37711799144744873
1785948431566865870,-0.37711799144744873
1785948431587255022,-0.37711799144744873
1785948431606244100,-0.37711799144744873
1785948431629648733,-0.37711799144744873
1785948431647618292,-0.37711799144744873
1785948431665932470,-0.37711799144744873
1785948431686655584,-0.37711799144744873
1785948431706432781,-0.37711799144744873
1785948431738502281,-0.37711799144744873
1785948431746882466,-0.37711799144744873
1785948431768504935,-0.37711799144744873
1785948431786555745,-0.37711799144744873
1785948431805823903,-0.37711799144744873
1785948431837912251,-0.37711799144744873
1785948431845985900,-0.37711799144744873
1785948431865845948,-0.37711799144744873
1785948431890269587,-0.37711799144744873
1785948431907459348,-0.37711799144744873
1785948431930620902,-0.37711799144744873
1785948431946380347,-0.37711799144744873
1785948431966750394,-0.37711799144744873
1785948431986145980,-0.37711799144744873
1785948432005882921,-0.37711799144744873
1785948432026294121,-0.37711799144744873
1785948432046172345,-0.37711799144744873
1785948432080657533,-0.37711799144744873
1785948432094618845,-0.37711799144744873
1785948432106055538,-0.37711799144744873
1785948432126546868,-0.37711799144744873
1785948432146323682,-0.37711799144744873
1785948432165907945,-0.37711799144744873
1785948432186937628,-0.37711799144744873
1785948432205945586,-0.37711799144744873
1785948432230828184,-0.37711799144744873
1785948432248134972,-0.37711799144744873
1785948432265696423,-0.37711799144744873
1785948432286556757,-0.37711799144744873
1785948432309562882,-0.37711799144744873
1785948432326984649,-0.37711799144744873
1785948432346363627,-0.37711799144744873
1785948432365869424,-0.37711799144744873
1785948432386152524,-0.37711799144744873
1785948432407488424,-0.37711799144744873
1785948432426826473,-0.37711799144744873
1785948432447041059,-0.37711799144744873
1785948432466101595,-0.37711799144744873
1785948432487111341,-0.37711799144744873
1785948432506193862,-0.37711799144744873
1785948432534581492,-0.376460999250412
1785948432546693789,-0.376460999250412
1785948432566017052,-0.37580400705337524
1785948432586769287,-0.37580400705337524
1785948432607409486,-0.37580400705337524
1785948432626712269,-0.3731760084629059
1785948432646297909,-0.3705480098724365
1785948432665735448,-0.3633210062980652
1785948432686166329,-0.3587220013141632
1785948432705849763,-0.35806500911712646
1785948432726983513,-0.35280901193618774
1785948432746281592,-0.3455820083618164
1785948432765942210,-0.34098300337791443
1785948432786615882,-0.32981398701667786
1785948432805850119,-0.31995901465415955
1785948432826846073,-0.31470298767089844
1785948432846578501,-0.30156299471855164
1785948432866005192,-0.29039400815963745
1785948432888235614,-0.2864519953727722
1785948432906203382,-0.2792249917984009
1785948432926651223,-0.2700270116329193
1785948432946091130,-0.26411399245262146
1785948432965730724,-0.2516309916973114
1785948432986939516,-0.24309000372886658
1785948433006260859,-0.23914800584316254
1785948433026167853,-0.22929300367832184
1785948433046122655,-0.21746699512004852
1785948433066118515,-0.21089699864387512
1785948433087182951,-0.20104199647903442
1785948433105771857,-0.19315800070762634
1785948433126330389,-0.18790200352668762
1785948433146116163,-0.17673300206661224
1785948433172525750,-0.16753500699996948
1785948433186174861,-0.16425000131130219
1785948433205859799,-0.15833699703216553
1785948433226293304,-0.1511099934577942
1785948433247430510,-0.1465110033750534
1785948433266043961,-0.13534200191497803
1785948433286839397,-0.12614400684833527
1785948433306650803,-0.12220200151205063
1785948433326620550,-0.11234699934720993
1785948433350391210,-0.10052099823951721
1785948433366947480,-0.09460800141096115
1785948433387832966,-0.08475299924612045
1785948433405951874,-0.07686900347471237
1785948433427930481,-0.07161299884319305
1785948433446838116,-0.060444001108407974
1785948433466081634,-0.048618000000715256
1785948433491327698,-0.04401899874210358
1785948433507531957,-0.03547799959778786
1785948433526430664,-0.025622999295592308
1785948433546296792,-0.020367000252008438
1785948433565731003,-0.008541000075638294
1785948433586309729,0.0
1785948433607345652,0.003942000214010477
1785948433626626802,0.013797000050544739
1785948433647004113,0.025622999295592308
1785948433665736256,0.031536001712083817
1785948433686917975,0.041391000151634216
1785948433705748072,0.049931999295949936
1785948433726668055,0.055188000202178955
1785948433747029398,0.06767100095748901
1785948433766685632,0.07949700206518173
1785948433786738613,0.08409599959850311
1785948433806778411,0.09329400211572647
1785948433826507190,0.10446300357580185
1785948433846539019,0.11037600040435791
1785948433865911469,0.12285900115966797
1785948433886621878,0.13205699622631073
1785948433905973654,0.1366560012102127
1785948433928201581,0.14716799557209015
1785948433947654289,0.1596509963274002
1785948433967759848,0.16556400060653687
1785948433986693436,0.1760759949684143
1785948434007030074,0.18461699783802032
1785948434030494997,0.18987299501895905
1785948434046712280,0.2023559957742691
1785948434066170556,0.21418200433254242
1785948434086343605,0.21943800151348114
1785948434106321865,0.22732199728488922
1785948434126413312,0.2384909987449646
1785948434147340527,0.245060995221138
1785948434165804597,0.25754401087760925
1785948434187095728,0.2667419910430908
1785948434209279749,0.27068400382995605
1785948434226149692,0.28053900599479675
1785948434246349334,0.29367899894714355
1785948434265877627,0.30024901032447815
1785948434286236282,0.31010401248931885
1785948434305908164,0.31798800826072693
1785948434333846757,0.32324400544166565
1785948434346804391,0.3357270061969757
1785948434366153320,0.34821000695228577
1785948434386264575,0.35280901193618774
1785948434408373810,0.3606930077075958
1785948434433070770,0.36923399567604065
1785948434448475581,0.37251898646354675
1785948434466159180,0.376460999250412
1785948434487975478,0.37711799144744873
1785948434505831978,0.37711799144744873
1785948434526355886,0.37711799144744873
1785948434546714700,0.37711799144744873
1785948434566064173,0.37711799144744873
1785948434586115298,0.37711799144744873
1785948434606803947,0.37711799144744873
1785948434626955811,0.37711799144744873
1785948434646411015,0.37711799144744873
1785948434665835562,0.37711799144744873
1785948434686817339,0.37711799144744873
1785948434706371618,0.37711799144744873
1785948434729118760,0.37711799144744873
1785948434746974748,0.37711799144744873
1785948434766248922,0.37711799144744873
1785948434786184204,0.37711799144744873
1785948434806905142,0.37711799144744873
1785948434828072397,0.37711799144744873
1785948434846330669,0.37711799144744873
1785948434865834450,0.37711799144744873
1785948434886503194,0.37711799144744873
1785948434906056513,0.37711799144744873
1785948434926630214,0.37711799144744873
1785948434946228718,0.37711799144744873
1785948434967122812,0.37711799144744873
1785948434986288791,0.37711799144744873
1785948435006600277,0.37711799144744873
1785948435026639370,0.37711799144744873
1785948435047060554,0.37711799144744873
1785948435066719476,0.37711799144744873
1785948435086159480,0.37711799144744873
1785948435106001319,0.37711799144744873
1785948435128984756,0.37711799144744873
1785948435146164980,0.37711799144744873
1785948435166100774,0.37711799144744873
1785948435186227134,0.37711799144744873
1785948435206086701,0.37711799144744873
1785948435226635954,0.37711799144744873
1785948435246264571,0.37711799144744873
1785948435268501009,0.37711799144744873
1785948435286771858,0.37711799144744873
1785948435309770015,0.37711799144744873
1785948435326417135,0.37711799144744873
1785948435346599497,0.37711799144744873
1785948435365768612,0.37711799144744873
1785948435386362537,0.37711799144744873
1785948435407450398,0.37711799144744873
1785948435433269695,0.37711799144744873
1785948435447097915,0.37711799144744873
1785948435466014223,0.37711799144744873
1785948435486379310,0.37711799144744873
1785948435506172476,0.37711799144744873
1785948435526343605,0.37711799144744873
1785948435547201762,0.37711799144744873
1785948435566022003,0.37711799144744873
1785948435586814847,0.37711799144744873
1785948435605985818,0.37711799144744873
1785948435630357680,0.37711799144744873
1785948435646241226,0.37711799144744873
1785948435665876659,0.37711799144744873
1785948435686093581,0.37711799144744873
1785948435706209829,0.37711799144744873
1785948435728733412,0.37711799144744873
1785948435747334638,0.37711799144744873
1785948435766173984,0.37711799144744873
1785948435786371610,0.37711799144744873
1785948435806994592,0.37711799144744873
1785948435830504541,0.37711799144744873
1785948435852891320,0.37711799144744873
1785948435866335560,0.37711799144744873
1785948435886863276,0.37711799144744873
1785948435905865154,0.37711799144744873
1785948435926448200,0.37711799144744873
1785948435946623105,0.37711799144744873
1785948435966780442,0.37711799144744873
1785948435986297311,0.37711799144744873
1785948436008346896,0.37711799144744873
1785948436026565167,0.37711799144744873
1785948436046721832,0.37711799144744873
1785948436065706526,0.37711799144744873
1785948436088845583,0.37711799144744873
1785948436105847946,0.37711799144744873
1785948436126808410,0.37711799144744873
1785948436146820975,0.37711799144744873
1785948436165924616,0.37711799144744873
1785948436186969371,0.37711799144744873
1785948436205886543,0.37711799144744873
1785948436228382093,0.37711799144744873
1785948436247470406,0.37711799144744873
1785948436265719206,0.37711799144744873
1785948436287628499,0.37711799144744873
1785948436306687883,0.37711799144744873
1785948436327024553,0.37711799144744873
1785948436346120034,0.37711799144744873
1785948436365808941,0.37711799144744873
1785948436386185420,0.37711799144744873
1785948436405921112,0.37711799144744873
1785948436427444825,0.37711799144744873
1785948436446348077,0.37711799144744873
1785948436465698765,0.37711799144744873
1785948436486127374,0.37711799144744873
1785948436510159994,0.37711799144744873
1785948436527775207,0.37711799144744873
1785948436546289839,0.37711799144744873
1785948436565854710,0.37711799144744873
1785948436586150035,0.37711799144744873
1785948436605828029,0.37711799144744873
1785948436636844217,0.37711799144744873
1785948436648566455,0.37711799144744873
1785948436666654770,0.37711799144744873
1785948436686583556,0.37711799144744873
1785948436708151782,0.37711799144744873
1785948436729642247,0.37711799144744873
1785948436750949026,0.37711799144744873
1785948436766242281,0.37711799144744873
1785948436786895665,0.37711799144744873
1785948436806134862,0.37711799144744873
1785948436826333608,0.37711799144744873
1785948436846442847,0.37711799144744873
1785948436865754687,0.37711799144744873
1785948436887170077,0.37711799144744873
1785948436906316919,0.37711799144744873
1785948436926886140,0.37711799144744873
1785948436947017172,0.37711799144744873
1785948436966091597,0.37711799144744873
1785948436986386986,0.37711799144744873
1785948437006487969,0.37711799144744873
1785948437026840319,0.37711799144744873
1785948437047046361,0.37711799144744873
1785948437065991790,0.37711799144744873
1785948437087533328,0.37711799144744873
1785948437106267070,0.37711799144744873
1785948437126649533,0.37711799144744873
1785948437146512429,0.37711799144744873
1785948437165960849,0.37711799144744873
1785948437186423507,0.37711799144744873
1785948437206885524,0.37711799144744873
1785948437227521851,0.37711799144744873
1785948437246887996,0.37711799144744873
1785948437266700907,0.37711799144744873
1785948437286458712,0.37711799144744873
1785948437306140546,0.37711799144744873
1785948437328803365,0.37711799144744873
1785948437347446481,0.37711799144744873
1785948437368055799,0.37711799144744873
1785948437386378233,0.37711799144744873
1785948437406124582,0.37711799144744873
1785948437435279626,0.37711799144744873
1785948437447274960,0.37711799144744873
1785948437467436713,0.37711799144744873
1785948437490219184,0.37711799144744873
1785948437507877374,0.37711799144744873
1785948437530376444,0.37711799144744873
1785948437547041325,0.37711799144744873
1785948437566620404,0.37711799144744873
1785948437586706731,0.37711799144744873
1785948437605885126,0.37711799144744873
1785948437626642065,0.37711799144744873
1785948437646437599,0.37711799144744873
1785948437666221548,0.37711799144744873
1785948437687560296,0.37711799144744873
1785948437707434072,0.37711799144744873
1785948437726380493,0.37711799144744873
1785948437746662601,0.37711799144744873
1785948437765763043,0.37711799144744873
1785948437786075936,0.37711799144744873
1785948437806085876,0.37711799144744873
1785948437828678613,0.37711799144744873
1785948437854929700,0.37711799144744873
1785948437867188337,0.37711799144744873
1785948437886859419,0.37711799144744873
1785948437905929812,0.37711799144744873
1785948437927211118,0.37711799144744873
1785948437946174723,0.37711799144744873
1785948437966153974,0.37711799144744873
1785948437986022726,0.37711799144744873
1785948438008429762,0.37711799144744873
1785948438026126225,0.37711799144744873
1785948438046106597,0.37711799144744873
1785948438066108217,0.37711799144744873
1785948438085930215,0.37711799144744873
1785948438106183139,0.37711799144744873
1785948438135128450,0.37711799144744873
1785948438151150047,0.37711799144744873
1785948438165767763,0.37711799144744873
1785948438186373753,0.37711799144744873
1785948438206699862,0.37711799144744873
1785948438227481218,0.37711799144744873
1785948438246680606,0.37711799144744873
1785948438265701013,0.37711799144744873
1785948438286161494,0.37711799144744873
1785948438306099848,0.37711799144744873
1785948438327277152,0.37711799144744873
1785948438351462352,0.37711799144744873
1785948438366377741,0.37711799144744873
1785948438388113332,0.37711799144744873
1785948438406636956,0.37711799144744873
1785948438428531145,0.37711799144744873
1785948438447081106,0.37711799144744873
1785948438466253037,0.37711799144744873
1785948438486598219,0.37711799144744873
1785948438506169586,0.37711799144744873
1785948438527469709,0.37711799144744873
1785948438547125911,0.37711799144744873
1785948438566049547,0.37711799144744873
1785948438586451595,0.37711799144744873
1785948438606697478,0.37711799144744873
1785948438627570996,0.37711799144744873
1785948438646764080,0.37711799144744873
1785948438665910859,0.37711799144744873
1785948438686583251,0.37711799144744873
1785948438705766414,0.37711799144744873
1785948438726415062,0.37711799144744873
1785948438746255173,0.37711799144744873
1785948438765823852,0.37711799144744873
1785948438787323757,0.37711799144744873
1785948438806111133,0.37711799144744873
1785948438827775554,0.37711799144744873
1785948438846980958,0.37711799144744873
1785948438865631882,0.37711799144744873
1785948438886082028,0.37711799144744873
1785948438906203299,0.37711799144744873
1785948438926601315,0.37711799144744873
1785948438946518965,0.37711799144744873
1785948438966809521,0.37711799144744873
1785948438990080807,0.37711799144744873
1785948439005876093,0.37711799144744873
1785948439026125145,0.37711799144744873
1785948439046291730,0.37711799144744873
1785948439065881946,0.37711799144744873
1785948439086905804,0.37711799144744873
1785948439106246764,0.37711799144744873
1785948439126354372,0.37711799144744873
1785948439146999467,0.37711799144744873
1785948439167089570,0.37711799144744873
1785948439186568902,0.37711799144744873
1785948439208417009,0.37711799144744873
1785948439227452520,0.37711799144744873
1785948439246161878,0.37711799144744873
1785948439265970468,0.37711799144744873
1785948439290545697,0.37711799144744873
1785948439305942795,0.37711799144744873
1785948439326299882,0.37711799144744873
1785948439346141113,0.37711799144744873
1785948439365784995,0.37711799144744873
1785948439390532004,0.37711799144744873
1785948439406155254,0.37711799144744873
1785948439427180200,0.37580400705337524
1785948439446423590,0.37120500206947327
1785948439466142833,0.36792001128196716
1785948439486075587,0.36792001128196716
1785948439505998005,0.36726298928260803
1785948439537866219,0.36397799849510193
1785948439546263973,0.36134999990463257
1785948439567638850,0.3567509949207306
1785948439586133641,0.354779988527298
1785948439607278815,0.35412299633026123
1785948439626344503,0.3521519899368286
1785948439646338251,0.34623900055885315
1785948439665827536,0.3422969877719879
1785948439686208943,0.33507001399993896
1785948439707414407,0.33112800121307373
1785948439730270512,0.3291569948196411
1785948439746400241,0.32455798983573914
1785948439766422661,0.3173309862613678
1785948439786150673,0.31470298767089844
1785948439807611249,0.3107610046863556
1785948439826979314,0.30484798550605774
1785948439846231056,0.3009060025215149
1785948439866039166,0.2910510003566742
1785948439888600606,0.28251001238822937
1785948439905850560,0.27988201379776
1785948439926285121,0.2713409960269928
1785948439948877059,0.2601720094680786
1785948439967309000,0.25557300448417664
1785948439986064471,0.24900299310684204
1785948440007522710,0.24374699592590332
1785948440026356647,0.24046200513839722
1785948440046372092,0.23126399517059326
1785948440065933283,0.21943800151348114
1785948440089525858,0.21483899652957916
1785948440108390452,0.20695500075817108
1785948440133332507,0.19709999859333038
1785948440147488353,0.19053000211715698
1785948440166300530,0.18001799285411835
1785948440186663312,0.1727910041809082
1785948440205956559,0.1695059984922409
1785948440229269510,0.16162200272083282
1785948440246366948,0.1511099934577942
1785948440266988490,0.14519700407981873
1785948440287217477,0.1366560012102127
1785948440306934480,0.12877200543880463
1785948440327584280,0.12417300045490265
1785948440346802133,0.11300399899482727
1785948440365962896,0.10183499753475189
1785948440386371344,0.09723600000143051
1785948440406104444,0.08935199677944183
1785948440426224243,0.07949700206518173
1785948440446180998,0.07358399778604507
1785948440465921426,0.061758000403642654
1785948440486366515,0.052560001611709595
1785948440506963289,0.048618000000715256
1785948440531293326,0.038763001561164856
1785948440547002658,0.027594000101089478
1785948440567255390,0.02168099954724312
1785948440586794436,0.011826000176370144
1785948440608966649,0.0032850001007318497
1785948440628766759,-0.0006569999968633056
1785948440646642140,-0.011826000176370144
1785948440665985052,-0.022995000705122948
1785948440686890379,-0.027594000101089478
1785948440707320812,-0.03679199889302254
1785948440726666860,-0.047304000705480576
1785948440746653088,-0.053217001259326935
1785948440765846364,-0.06504300236701965
1785948440786322142,-0.07489799708127975
1785948440814013271,-0.07949700206518173
1785948440826354439,-0.09000899642705917
1785948440846230839,-0.10249199718236923
1785948440865865344,-0.10840500146150589
1785948440889495905,-0.11891700327396393
1785948440905899145,-0.12745800614356995
1785948440927274982,-0.13271400332450867
1785948440946262972,-0.14519700407981873
1785948440966983462,-0.15768000483512878
1785948440986462218,-0.16227899491786957
1785948441005969679,-0.17081999778747559
1785948441026445714,-0.18198899924755096
1785948441046273248,-0.18855899572372437
1785948441066109552,-0.20038500428199768
1785948441086181638,-0.21024000644683838
1785948441106335198,-0.21418200433254242
1785948441133873171,-0.22403700649738312
1785948441158319979,-0.23717699944972992
1785948441166317466,-0.24374699592590332
1785948441186557397,-0.253601998090744
1785948441208310845,-0.2614859938621521
1785948441228978661,-0.2667419910430908
1785948441247159875,-0.2792249917984009
1785948441266560965,-0.29170799255371094
1785948441286331186,-0.2963069975376129
1785948441306387432,-0.304190993309021
1785948441326826473,-0.31010401248931885
1785948441347321548,-0.3140459954738617
1785948441368559940,-0.32455798983573914
1785948441386602430,-0.33638399839401245
1785948441406696181,-0.34163999557495117
1785948441430775971,-0.3534660041332245
1785948441452770258,-0.36397799849510193
1785948441465933178,-0.36792001128196716
1785948441486481887,-0.3738330006599426
1785948441510277668,-0.37711799144744873
1785948441526880658,-0.37711799144744873
1785948441547556539,-0.37711799144744873
1785948441566251944,-0.37711799144744873
1785948441586342462,-0.37711799144744873
1785948441606254128,-0.37711799144744873
1785948441627115741,-0.37711799144744873
1785948441654484813,-0.37711799144744873
1785948441665784222,-0.37711799144744873
1785948441686243359,-0.37711799144744873
1785948441706531772,-0.37711799144744873
1785948441727562799,-0.37711799144744873
1785948441747315483,-0.37711799144744873
1785948441767160235,-0.37711799144744873
1785948441786725522,-0.37711799144744873
1785948441805953711,-0.37711799144744873
1785948441826287085,-0.37711799144744873
1785948441846369411,-0.37711799144744873
1785948441865939306,-0.37711799144744873
1785948441886749846,-0.37711799144744873
1785948441907834283,-0.37711799144744873
1785948441927258349,-0.37711799144744873
1785948441946935416,-0.37711799144744873
1785948441966051986,-0.37711799144744873
1785948441986288141,-0.37711799144744873
1785948442006331426,-0.37711799144744873
1785948442041522202,-0.37711799144744873
1785948442049407141,-0.37711799144744873
1785948442066706313,-0.37711799144744873
1785948442086805024,-0.37711799144744873
1785948442106430857,-0.37711799144744873
1785948442126662244,-0.37711799144744873
1785948442147163687,-0.37711799144744873
1785948442166107707,-0.37711799144744873
1785948442186620830,-0.37711799144744873
1785948442206324426,-0.37711799144744873
1785948442226272220,-0.37711799144744873
1785948442246401268,-0.37711799144744873
1785948442265624433,-0.37711799144744873
1785948442286472190,-0.37711799144744873
1785948442310559084,-0.37711799144744873
1785948442327828430,-0.37711799144744873
1785948442346348918,-0.37711799144744873
1785948442365871356,-0.37711799144744873
1785948442386275644,-0.37711799144744873
1785948442406238799,-0.37711799144744873
1785948442429425378,-0.37711799144744873
1785948442449153070,-0.37711799144744873
1785948442466251275,-0.37711799144744873
1785948442486715405,-0.37711799144744873
1785948442506057133,-0.37711799144744873
1785948442527514061,-0.37711799144744873
1785948442547375453,-0.37711799144744873
1785948442565808546,-0.37711799144744873
1785948442590544739,-0.37711799144744873
1785948442608290068,-0.37711799144744873
1785948442627275370,-0.37711799144744873
1785948442647072984,-0.37711799144744873
1785948442668269551,-0.37711799144744873
1785948442686643123,-0.37711799144744873
1785948442706330270,-0.37711799144744873
1785948442727358960,-0.37711799144744873
1785948442746493578,-0.37711799144744873
1785948442765910925,-0.37711799144744873
1785948442786507059,-0.37711799144744873
1785948442808340445,-0.37711799144744873
1785948442826679200,-0.37711799144744873
1785948442851382688,-0.37711799144744873
1785948442866321117,-0.37711799144744873
1785948442886231598,-0.37711799144744873
1785948442906314725,-0.37711799144744873
1785948442926883914,-0.3751470148563385
1785948442946345294,-0.3698909878730774
1785948442966027544,-0.3666059970855713
1785948442986757506,-0.3633210062980652
1785948443005990239,-0.3620069921016693
1785948443026514147,-0.3606930077075958
1785948443046295664,-0.354779988527298
1785948443065854647,-0.3468959927558899
1785948443086299352,-0.34426799416542053
1785948443106807836,-0.33966898918151855
1785948443126632746,-0.33309900760650635
1785948443146423736,-0.32850000262260437
1785948443165921053,-0.3173309862613678
1785948443186587877,-0.3074760138988495
1785948443211118816,-0.30353400111198425
1785948443226600589,-0.2930220067501068
1785948443246945068,-0.28053900599479675
1785948443267483120,-0.27528300881385803
1785948443288155128,-0.2667419910430908
1785948443307495160,-0.2595149874687195
1785948443326266855,-0.2549160122871399
1785948443346242171,-0.24374699592590332
1785948443367654073,-0.2319210022687912
1785948443386402279,-0.22732199728488922
1785948443407505724,-0.21943800151348114
1785948443438687357,-0.20958299934864044
1785948443447173722,-0.20366999506950378
1785948443466056173,-0.19118699431419373
1785948443486254119,-0.18198899924755096
1785948443507793385,-0.17804700136184692
1785948443529393356,-0.16819199919700623
1785948443546170304,-0.1563660055398941
1785948443566157428,-0.1511099934577942
1785948443586160104,-0.14256900548934937
1785948443605789681,-0.13534200191497803
1785948443626390775,-0.13074299693107605
1785948443649033338,-0.12023100256919861
1785948443666229498,-0.10906200110912323
1785948443690306952,-0.10446300357580185
1785948443707450278,-0.09592200070619583
1785948443728133807,-0.08606699854135513
1785948443747342347,-0.08015400171279907
1785948443767287102,-0.0689850002527237
1785948443786323925,-0.059787001460790634
1785948443806117859,-0.055844999849796295
1785948443830671646,-0.045990001410245895
1785948443851636975,-0.03416400030255318
1785948443866227938,-0.028250999748706818
1785948443886380282,-0.01905299909412861
1785948443906447857,-0.010511999949812889
1785948443930128818,-0.0052559999749064445
1785948443956681513,0.0052559999749064445
1785948443966540943,0.01642500050365925
1785948443986903822,0.021023999899625778
1785948444006951267,0.029565000906586647
1785948444027154718,0.040077000856399536
1785948444072666730,0.057815998792648315
1785948444094421650,0.06767100095748901
1785948444119333560,0.07161299884319305
1785948444126929371,0.07884000241756439
1785948444147857354,0.08803799748420715
1785948444166548535,0.09395100176334381
1785948444186841108,0.10512000322341919
1785948444206412955,0.11563199758529663
1785948444226958336,0.12154500186443329
1785948444249471742,0.13534200191497803
1785948444270752281,0.14716799557209015
1785948444291415232,0.15242399275302887
1785948444305997811,0.16162200272083282
1785948444327090439,0.17344799637794495
1785948444357488145,0.18001799285411835
1785948444369663228,0.1925009936094284
1785948444396490140,0.2023559957742691
1785948444408614117,0.20629799365997314
1785948444438601026,0.21286800503730774
1785948444450281855,0.22140899300575256
1785948444466258747,0.22666500508785248
1785948444486067593,0.2384909987449646
1785948444505808725,0.24900299310684204
1785948444528840324,0.2549160122871399
1785948444546017219,0.2693699896335602
1785948444568295003,0.28185299038887024
1785948444586091374,0.28710898756980896
1785948444605722647,0.29565000534057617
1785948444626467073,0.3074760138988495
1785948444646989412,0.3140459954738617
1785948444666111198,0.32652899622917175
1785948444694462955,0.3357270061969757
1785948444707674133,0.33966898918151855
1785948444726823951,0.3501810133457184
1785948444753025916,0.36134999990463257
1785948444765842330,0.36594900488853455
1785948444786462689,0.37251898646354675
1785948444808374190,0.376460999250412
1785948444833897190,0.37711799144744873
1785948444846794118,0.37711799144744873
1785948444866063109,0.37711799144744873
1785948444887037014,0.37711799144744873
1785948444907618779,0.37711799144744873
1785948444927941465,0.37711799144744873
1785948444946307068,0.37711799144744873
1785948444966826847,0.37711799144744873
1785948444986001723,0.37711799144744873
1785948445006266711,0.37711799144744873
1785948445028632241,0.37711799144744873
1785948445046544839,0.37711799144744873
1785948445065861191,0.37711799144744873
1785948445086911994,0.37711799144744873
1785948445106248026,0.37711799144744873
1785948445138534556,0.37711799144744873
1785948445146927638,0.37711799144744873
1785948445166285719,0.37711799144744873
1785948445186868797,0.37711799144744873
1785948445213945859,0.37711799144744873
1785948445232404457,0.37711799144744873
1785948445246328168,0.37711799144744873
1785948445265914512,0.37711799144744873
1785948445286474133,0.37711799144744873
1785948445305906328,0.37711799144744873
1785948445333573360,0.37711799144744873
1785948445347074243,0.37711799144744873
1785948445370748484,0.37711799144744873
1785948445386145007,0.37711799144744873
1785948445406396618,0.37711799144744873
1785948445426249562,0.37711799144744873
1785948445446581656,0.37711799144744873
1785948445466107422,0.37711799144744873
1785948445486643074,0.37711799144744873
1785948445506097413,0.37711799144744873
1785948445526762925,0.37711799144744873
1785948445547242576,0.37711799144744873
1785948445565869435,0.37711799144744873
1785948445587231863,0.37711799144744873
1785948445605941253,0.37711799144744873
1785948445629091031,0.37711799144744873
1785948445646368537,0.37711799144744873
1785948445665764859,0.37711799144744873
1785948445686762925,0.37711799144744873
1785948445707441173,0.37711799144744873
1785948445726588592,0.37711799144744873
1785948445746366621,0.37711799144744873
1785948445766055912,0.37711799144744873
1785948445786771889,0.37711799144744873
1785948445806741636,0.37711799144744873
1785948445826817243,0.37711799144744873
1785948445847049270,0.37711799144744873
1785948445865752803,0.37711799144744873
1785948445886441099,0.37711799144744873
1785948445906419135,0.37711799144744873
1785948445926297583,0.37711799144744873
1785948445948068792,0.37711799144744873
1785948445966088753,0.37711799144744873
1785948445987003552,0.37711799144744873
1785948446005910804,0.37711799144744873
1785948446032642960,0.37711799144744873
1785948446046463756,0.37711799144744873
1785948446067038353,0.37711799144744873
1785948446086762877,0.37711799144744873
1785948446107657132,0.37711799144744873
1785948446126593600,0.37711799144744873
1785948446146269962,0.37711799144744873
1785948446165904179,0.37711799144744873
1785948446188787805,0.37711799144744873
1785948446205923388,0.37711799144744873
1785948446226483841,0.37711799144744873
1785948446246688603,0.37711799144744873
1785948446266430951,0.37711799144744873
1785948446287347894,0.37711799144744873
1785948446306674614,0.37711799144744873
1785948446327406784,0.37711799144744873
1785948446346408822,0.37711799144744873
1785948446366248582,0.37711799144744873
1785948446387216758,0.37711799144744873
1785948446405801472,0.37711799144744873
1785948446428341920,0.37711799144744873
1785948446446907817,0.37711799144744873
1785948446466129734,0.37711799144744873
1785948446486825871,0.37711799144744873
1785948446506720480,0.37711799144744873
1785948446526273382,0.37711799144744873
1785948446546284987,0.37711799144744873
1785948446565852418,0.37711799144744873
1785948446586244097,0.37711799144744873
1785948446608103181,0.37711799144744873
1785948446627226215,0.37711799144744873
1785948446646507301,0.37711799144744873
1785948446665849254,0.37711799144744873
1785948446686169891,0.37711799144744873
1785948446706384221,0.37711799144744873
1785948446733752941,0.37711799144744873
1785948446749327997,0.37711799144744873
1785948446766022159,0.37711799144744873
1785948446786313131,0.37711799144744873
1785948446806704075,0.37711799144744873
1785948446826392086,0.37711799144744873
1785948446846416682,0.37711799144744873
1785948446866076948,0.37711799144744873
1785948446887107015,0.37711799144744873
1785948446906957142,0.37711799144744873
1785948446926545790,0.37711799144744873
1785948446947416556,0.37711799144744873
1785948446966029399,0.37711799144744873
1785948446986667550,0.37711799144744873
1785948447007721297,0.37711799144744873
1785948447026873836,0.37711799144744873
1785948447047404112,0.37711799144744873
1785948447066380293,0.37711799144744873
1785948447087820068,0.37711799144744873
1785948447106210344,0.37711799144744873
1785948447126417858,0.37711799144744873
1785948447146323059,0.37711799144744873
1785948447167031709,0.37711799144744873
1785948447186353148,0.37711799144744873
1785948447207755706,0.37711799144744873
1785948447226792785,0.37711799144744873
1785948447246533886,0.37711799144744873
1785948447266099461,0.37711799144744873
1785948447286300255,0.37711799144744873
1785948447306780001,0.37711799144744873
1785948447326283782,0.37711799144744873
1785948447351828511,0.37711799144744873
1785948447366106793,0.37711799144744873
1785948447386672750,0.37711799144744873
1785948447406542174,0.37711799144744873
1785948447427061729,0.37711799144744873
1785948447446700811,0.37711799144744873
1785948447465917735,0.37711799144744873
1785948447486213636,0.37711799144744873
1785948447507876234,0.37711799144744873
1785948447526261901,0.37711799144744873
1785948447546756592,0.37711799144744873
1785948447565988205,0.37711799144744873
1785948447586277930,0.37711799144744873
1785948447605880082,0.37711799144744873
1785948447634642731,0.37711799144744873
1785948447647494858,0.37711799144744873
1785948447666069076,0.37711799144744873
1785948447686582423,0.37711799144744873
1785948447707136667,0.37711799144744873
1785948447726755012,0.37711799144744873
1785948447746411118,0.37711799144744873
1785948447766434883,0.37711799144744873
1785948447787432596,0.37711799144744873
1785948447811047316,0.37711799144744873
1785948447829868709,0.37711799144744873
1785948447846909185,0.37711799144744873
1785948447866550282,0.37711799144744873
1785948447886324215,0.37711799144744873
1785948447908192131,0.37711799144744873
1785948447929456797,0.37711799144744873
1785948447946689822,0.37711799144744873
1785948447967018172,0.37711799144744873
1785948447986677798,0.37711799144744873
1785948448005968613,0.37711799144744873
1785948448026907701,0.37711799144744873
1785948448046579423,0.37711799144744873
1785948448067434348,0.37711799144744873
1785948448087789547,0.37711799144744873
1785948448106681726,0.37711799144744873
1785948448128075163,0.37711799144744873
1785948448146475200,0.37711799144744873
1785948448167352622,0.37711799144744873
1785948448196281420,0.37711799144744873
1785948448206532861,0.37711799144744873
1785948448230338787,0.37711799144744873
1785948448246233468,0.37711799144744873
1785948448266129037,0.37711799144744873
1785948448286301222,0.37711799144744873
1785948448310924708,0.37711799144744873
1785948448328037538,0.37711799144744873
1785948448348124697,0.37711799144744873
1785948448366213044,0.37711799144744873
1785948448386846203,0.37711799144744873
1785948448408667621,0.37711799144744873
1785948448426427158,0.37711799144744873
1785948448451680999,0.37711799144744873
1785948448466085332,0.37711799144744873
1785948448491272322,0.37711799144744873
1785948448505953048,0.37711799144744873
1785948448526575550,0.37711799144744873
1785948448546695382,0.37711799144744873
1785948448566174618,0.37711799144744873
1785948448586370132,0.37711799144744873
1785948448608539305,0.37711799144744873
1785948448632257740,0.37711799144744873
1785948448646434706,0.37711799144744873
1785948448665923255,0.37711799144744873
1785948448686169330,0.37711799144744873
1785948448705936927,0.37711799144744873
1785948448734694200,0.37711799144744873
1785948448748555445,0.37711799144744873
1785948448766274085,0.37711799144744873
1785948448786267673,0.37711799144744873
1785948448806164266,0.37711799144744873
1785948448827697996,0.37711799144744873
1785948448846522333,0.37711799144744873
1785948448865923359,0.37711799144744873
1785948448886310654,0.37711799144744873
1785948448907572536,0.37711799144744873
1785948448927314244,0.37711799144744873
1785948448950645180,0.37711799144744873
1785948448966162250,0.37711799144744873
1785948448986778352,0.37711799144744873
1785948449005791719,0.37711799144744873
1785948449028764307,0.37711799144744873
1785948449048530336,0.37711799144744873
1785948449066125357,0.37711799144744873
1785948449086654225,0.37711799144744873
1785948449108054958,0.37711799144744873
1785948449126377072,0.37711799144744873
1785948449146211615,0.37711799144744873
1785948449166423514,0.37711799144744873
1785948449186359468,0.37711799144744873
1785948449206401441,0.37711799144744873
1785948449229042436,0.37711799144744873
1785948449247581708,0.37711799144744873
1785948449266773256,0.37711799144744873
1785948449286624920,0.37711799144744873
1785948449308546469,0.37711799144744873
1785948449327005451,0.37711799144744873
1785948449346977278,0.37711799144744873
1785948449367571524,0.37711799144744873
1785948449386640284,0.37711799144744873
1785948449405919066,0.37711799144744873
1785948449427058928,0.37711799144744873
1785948449448499855,0.37711799144744873
1785948449467157115,0.37711799144744873
1785948449490998754,0.37711799144744873
1785948449506483023,0.37711799144744873
1785948449529608320,0.37711799144744873
1785948449546544761,0.37711799144744873
1785948449565798775,0.37711799144744873
1785948449586217527,0.37711799144744873
1785948449605934339,0.37711799144744873
1785948449626308866,0.37711799144744873
1785948449646553565,0.37711799144744873
1785948449665917598,0.37711799144744873
1785948449686376256,0.37711799144744873
1785948449706432374,0.37711799144744873
1785948449729987860,0.37711799144744873
1785948449747370362,0.37711799144744873
1785948449766289165,0.37711799144744873
1785948449786301538,0.37711799144744873
1785948449807739329,0.37711799144744873
1785948449826484847,0.3751470148563385
1785948449847206713,0.3698909878730774
1785948449865869637,0.36594900488853455
1785948449886238436,0.3620069921016693
1785948449905932367,0.35937899351119995
1785948449929858136,0.3567509949207306
1785948449946564746,0.3501810133457184
1785948449965989100,0.34163999557495117
1785948449986619955,0.3376980125904083
1785948450006032502,0.3324419856071472
1785948450030134596,0.32521501183509827
1785948450046538317,0.31995901465415955
1785948450066499264,0.30813300609588623
1785948450086474547,0.2989349961280823
1785948450108481155,0.29499301314353943
1785948450127608701,0.28513801097869873
1785948450149326980,0.2733120024204254
1785948450166007509,0.26871299743652344
1785948450186856738,0.26214298605918884
1785948450206605807,0.2562299966812134
1785948450226844202,0.2529450058937073
1785948450246330222,0.24374699592590332
1785948450266766735,0.23652000725269318
1785948450286456026,0.23389199376106262
1785948450306030049,0.23060700297355652
1785948450337473354,0.2253510057926178
1785948450346605659,0.22140899300575256
1785948450366343655,0.2122109979391098
1785948450386506048,0.20498399436473846
1785948450406175114,0.2023559957742691
1785948450439658736,0.19512900710105896
1785948450448022185,0.18790200352668762
1785948450466169766,0.18527400493621826
1785948450486453634,0.18198899924755096
1785948450506302801,0.18133200705051422
1785948450526641200,0.18133200705051422
1785948450547897929,0.1793610006570816
1785948450566077863,0.17476199567317963
1785948450595491571,0.17147700488567352
1785948450606107536,0.1629360020160675
1785948450627037791,0.15176700055599213
1785948450652118027,0.14585399627685547
1785948450666235983,0.13205699622631073
1785948450688241567,0.11957400292158127
1785948450705984720,0.11431799829006195
1785948450728776151,0.10183499753475189
1785948450746418597,0.08738099783658981
1785948450766095023,0.08146800100803375
1785948450786516816,0.07095599919557571
1785948450806253980,0.061758000403642654
1785948450833889651,0.056501999497413635
1785948450847693967,0.04401899874210358
1785948450866160693,0.03219300135970116
1785948450886516500,0.027594000101089478
1785948450906065274,0.01905299909412861
1785948450935988758,0.009197999723255634
1785948450947398794,0.0032850001007318497
1785948450966569925,-0.007226999849081039
1785948450989227176,-0.01642500050365925
1785948451010414784,-0.021023999899625778
1785948451033705014,-0.030879000201821327
1785948451047087621,-0.042704999446868896
1785948451065928598,-0.049274999648332596
1785948451087291507,-0.059130001813173294
1785948451105889533,-0.06832800060510635
1785948451127856203,-0.07358399778604507
1785948451149972703,-0.08606699854135513
1785948451165770101,-0.09789299964904785
1785948451186255832,-0.10314899682998657
1785948451210341702,-0.11103300005197525
1785948451227932562,-0.11826000362634659
1785948451248109867,-0.12220200151205063
1785948451267924857,-0.13271400332450867
1785948451288699589,-0.1445399969816208
1785948451306063946,-0.14913900196552277
1785948451328325729,-0.15702299773693085
1785948451347655009,-0.16753500699996948
1785948451366214090,-0.17344799637794495
1785948451386536808,-0.185930997133255
1785948451405999308,-0.19644300639629364
1785948451426715189,-0.2023559957742691
1785948451446721002,-0.21746699512004852
1785948451465782050,-0.22929300367832184
1785948451486221539,-0.23454900085926056
1785948451507115057,-0.24374699592590332
1785948451527146822,-0.2549160122871399
1785948451546522408,-0.2614859938621521
1785948451566367863,-0.27396899461746216
1785948451588643375,-0.28382399678230286
1785948451605883857,-0.2877660095691681
1785948451630107682,-0.29827800393104553
1785948451646645871,-0.3120749890804291
1785948451666018929,-0.31798800826072693
1785948451690652015,-0.3278430104255676
1785948451708231194,-0.3357270061969757
1785948451731422702,-0.34098300337791443
1785948451748517739,-0.3534660041332245
1785948451766206906,-0.36397799849510193
1785948451786688476,-0.36792001128196716
1785948451808603561,-0.3738330006599426
1785948451828529339,-0.37711799144744873
1785948451847675286,-0.37711799144744873
1785948451866690764,-0.37711799144744873
1785948451886734626,-0.37711799144744873
1785948451906581489,-0.37711799144744873
1785948451926842381,-0.37711799144744873
1785948451946634459,-0.37711799144744873
1785948451965790294,-0.37711799144744873
1785948451987468412,-0.37711799144744873
1785948452021704824,-0.37711799144744873
1785948452030045712,-0.37711799144744873
1785948452057596261,-0.37711799144744873
1785948452066175493,-0.37711799144744873
1785948452087239769,-0.37711799144744873
1785948452106214414,-0.37711799144744873
1785948452127032795,-0.37711799144744873
1785948452146725445,-0.37711799144744873
1785948452166387663,-0.37711799144744873
1785948452186380739,-0.37711799144744873
1785948452205904617,-0.37711799144744873
1785948452229802321,-0.37711799144744873
1785948452249001933,-0.37711799144744873
1785948452266495734,-0.37711799144744873
1785948452286634799,-0.37711799144744873
1785948452305909549,-0.37711799144744873
1785948452326429488,-0.37711799144744873
1785948452346552232,-0.37711799144744873
1785948452365973259,-0.37711799144744873
1785948452388543083,-0.37711799144744873
1785948452405991123,-0.37711799144744873
1785948452426454485,-0.37711799144744873
1785948452446348806,-0.37711799144744873
1785948452466313945,-0.37711799144744873
1785948452486757210,-0.37711799144744873
1785948452506174909,-0.37711799144744873
1785948452527668317,-0.37711799144744873
1785948452546235783,-0.37711799144744873
1785948452565700331,-0.37711799144744873
1785948452586163980,-0.37711799144744873
1785948452607901844,-0.37711799144744873
1785948452627752516,-0.37711799144744873
1785948452646292140,-0.37711799144744873
1785948452665998103,-0.37711799144744873
1785948452686426008,-0.37711799144744873
1785948452705861403,-0.37711799144744873
1785948452728989101,-0.37711799144744873
1785948452746835648,-0.37711799144744873
1785948452768003543,-0.37711799144744873
1785948452786208790,-0.37711799144744873
1785948452809119456,-0.37711799144744873
1785948452826291872,-0.37711799144744873
1785948452846271604,-0.37711799144744873
1785948452866386603,-0.37711799144744873
1785948452888889290,-0.37711799144744873
1785948452906127723,-0.37711799144744873
1785948452933075886,-0.37711799144744873
1785948452947278902,-0.37711799144744873
1785948452966033252,-0.37711799144744873
1785948452986324897,-0.37711799144744873
1785948453007576186,-0.37711799144744873
1785948453028175264,-0.37711799144744873
1785948453047082196,-0.37711799144744873
1785948453066770366,-0.37711799144744873
1785948453086898006,-0.37711799144744873
1785948453106068273,-0.37711799144744873
1785948453128667027,-0.37711799144744873
1785948453146678636,-0.376460999250412
1785948453165976939,-0.376460999250412
1785948453187130753,-0.376460999250412
1785948453206265915,-0.376460999250412
1785948453226362898,-0.3751470148563385
1785948453246138815,-0.3705480098724365
1785948453265753768,-0.3666059970855713
1785948453286261643,-0.36594900488853455
1785948453306148668,-0.3652920126914978
1785948453326743489,-0.36266401410102844
1785948453347080639,-0.35937899351119995
1785948453366568228,-0.35280901193618774
1785948453389196455,-0.3449249863624573
1785948453406123935,-0.34163999557495117
1785948453426570944,-0.33441299200057983
1785948453446463057,-0.3291569948196411
1785948453465966230,-0.3278430104255676
1785948453486272499,-0.32652899622917175
1785948453506092258,-0.32652899622917175
1785948453528231126,-0.32521501183509827
1785948453546236846,-0.3206160068511963
1785948453566489738,-0.3127320110797882
1785948453586589121,-0.3074760138988495
1785948453606176232,-0.2963069975376129
1785948453635431568,-0.2831670045852661
1785948453646238770,-0.2759400010108948
1785948453665768600,-0.262800008058548
1785948453686307100,-0.2529450058937073
1785948453707868191,-0.24900299310684204
1785948453726518283,-0.2384909987449646
1785948453748818947,-0.22600799798965454
1785948453766031332,-0.22009499371051788
1785948453786123515,-0.21024000644683838
1785948453805964810,-0.20169900357723236
1785948453839688919,-0.19709999859333038
1785948453847492832,-0.18527400493621826
1785948453865769536,-0.17344799637794495
1785948453886461833,-0.16819199919700623
1785948453910742524,-0.1609649956226349
1785948453927527537,-0.1543949991464615
1785948453951719745,-0.15045300126075745
1785948453966475065,-0.14125500619411469
1785948453986496878,-0.1300860047340393
1785948454006736041,-0.12483000010251999
1785948454034342144,-0.11366099864244461
1785948454046499338,-0.09986399859189987
1785948454066081137,-0.09395100176334381
1785948454086835996,-0.08343899995088577
1785948454106051352,-0.07489799708127975
1785948454130356909,-0.06964199990034103
1785948454146863385,-0.057815998792648315
1785948454166229690,-0.045990001410245895
1785948454186408883,-0.040734000504016876
1785948454205979802,-0.0328500010073185
1785948454226390907,-0.022995000705122948
1785948454247513776,-0.01708200015127659
1785948454275572692,-0.0052559999749064445
1785948454292976059,0.0032850001007318497
1785948454305969790,0.007226999849081039
1785948454327962669,0.01642500050365925
1785948454346688763,0.028250999748706818
1785948454366088765,0.03416400030255318
1785948454386533311,0.04467599838972092
1785948454407481487,0.053217001259326935
1785948454426415427,0.058472998440265656
1785948454446436312,0.07095599919557571
1785948454466594993,0.08278200030326843
1785948454486822539,0.08738099783658981
1785948454506283375,0.09657900035381317
1785948454528170203,0.10709100216627121
1785948454546555423,0.11366099864244461
1785948454566053668,0.12614400684833527
1785948454586371490,0.13599899411201477
1785948454610151462,0.13994100689888
1785948454627036478,0.15045300126075745
1785948454647047346,0.1629360020160675
1785948454666416627,0.1695059984922409
1785948454686542859,0.1793610006570816
1785948454706276951,0.18790200352668762
1785948454734637156,0.19315800070762634
1785948454752063435,0.2056410014629364
1785948454766111950,0.21746699512004852
1785948454786213477,0.22272300720214844
1785948454806911726,0.23126399517059326
1785948454826703100,0.2417760044336319
1785948454846419271,0.2483460009098053
1785948454866011535,0.26082900166511536
1785948454886309548,0.27068400382995605
1785948454905928597,0.27396899461746216
1785948454931368267,0.2844809889793396
1785948454946400427,0.29696398973464966
1785948454965986866,0.30353400111198425
1785948454986249934,0.31338900327682495
1785948455006121726,0.32127299904823303
1785948455026508734,0.32652899622917175
1785948455046409743,0.3390119969844818
1785948455066065145,0.35149499773979187
1785948455087595482,0.35609400272369385
1785948455107609070,0.36397799849510193
1785948455128512189,0.37186199426651
1785948455146390770,0.37448999285697937
1785948455166748177,0.37711799144744873
1785948455186516382,0.37711799144744873
1785948455206166951,0.37711799144744873
1785948455226622857,0.37711799144744873
1785948455246523258,0.37711799144744873
1785948455265897851,0.37711799144744873
1785948455286666150,0.37711799144744873
1785948455308612244,0.37711799144744873
1785948455326546507,0.37711799144744873
1785948455348202096,0.37711799144744873
1785948455365920608,0.37711799144744873
1785948455386348865,0.37711799144744873
1785948455406279891,0.37711799144744873
1785948455433316920,0.37711799144744873
1785948455447177557,0.37711799144744873
1785948455465960133,0.37711799144744873
1785948455488033943,0.37711799144744873
1785948455505966861,0.37711799144744873
1785948455526831131,0.37711799144744873
1785948455547252764,0.37711799144744873
1785948455585910044,0.37711799144744873
1785948455590602151,0.37711799144744873
1785948455606341053,0.37711799144744873
1785948455627528468,0.37711799144744873
1785948455646574891,0.37711799144744873
1785948455666088529,0.37711799144744873
1785948455686525778,0.37711799144744873
1785948455706144763,0.37711799144744873
1785948455733282883,0.37711799144744873
1785948455746563439,0.37711799144744873
1785948455765981554,0.37711799144744873
1785948455786680635,0.37711799144744873
1785948455805912856,0.37711799144744873
1785948455828987431,0.37711799144744873
1785948455846439983,0.37711799144744873
1785948455866592648,0.37711799144744873
1785948455887164493,0.37711799144744873
1785948455906647922,0.37711799144744873
1785948455926722056,0.37711799144744873
1785948455946615737,0.37711799144744873
1785948455965866166,0.37711799144744873
1785948455987461722,0.37711799144744873
1785948456007835993,0.37711799144744873
1785948456026945138,0.37711799144744873
1785948456046256210,0.37711799144744873
1785948456065972925,0.37711799144744873
1785948456086572835,0.37711799144744873
1785948456106878656,0.37711799144744873
1785948456127861138,0.37711799144744873
1785948456152739799,0.37711799144744873
1785948456166093989,0.37711799144744873
1785948456186900785,0.37711799144744873
1785948456206266450,0.37711799144744873
1785948456226717843,0.37711799144744873
1785948456247469566,0.37711799144744873
1785948456266930114,0.37711799144744873
1785948456286621997,0.37711799144744873
1785948456306790630,0.37711799144744873
1785948456326375469,0.37711799144744873
1785948456347224315,0.37711799144744873
1785948456365922856,0.37711799144744873
1785948456386335368,0.37711799144744873
1785948456406115893,0.37711799144744873
1785948456427168137,0.37711799144744873
1785948456446783089,0.37711799144744873
1785948456466955946,0.37711799144744873
1785948456486357709,0.37711799144744873
1785948456506002070,0.37711799144744873
1785948456532084255,0.37711799144744873
1785948456547450025,0.37711799144744873
1785948456566461088,0.37711799144744873
1785948456586371441,0.37711799144744873
1785948456606035611,0.37711799144744873
1785948456626855783,0.37711799144744873
1785948456646658774,0.37711799144744873
1785948456666123162,0.37711799144744873
1785948456694688813,0.37711799144744873
1785948456708137214,0.37711799144744873
1785948456736384327,0.37711799144744873
1785948456747575317,0.37711799144744873
1785948456765813332,0.37711799144744873
1785948456786609728,0.37711799144744873
1785948456806039683,0.37711799144744873
1785948456827490274,0.37711799144744873
1785948456846367061,0.37711799144744873
1785948456866285478,0.37711799144744873
1785948456886921677,0.37711799144744873
1785948456907169417,0.37711799144744873
1785948456928806541,0.37711799144744873
1785948456946462940,0.37711799144744873
1785948456966116869,0.37711799144744873
1785948456986571143,0.37711799144744873
1785948457007064457,0.37711799144744873
1785948457027178177,0.37711799144744873
1785948457046708551,0.37711799144744873
1785948457066359152,0.37711799144744873
1785948457086497609,0.37711799144744873
1785948457109104938,0.37711799144744873
1785948457126726519,0.37711799144744873
1785948457146710699,0.37711799144744873
1785948457166121933,0.37711799144744873
1785948457186982491,0.37711799144744873
1785948457206266074,0.37711799144744873
1785948457227582677,0.37711799144744873
1785948457246628300,0.37711799144744873
1785948457266062576,0.37711799144744873
1785948457297557658,0.37711799144744873
1785948457306109113,0.37711799144744873
1785948457326659805,0.37711799144744873
1785948457346516365,0.37711799144744873
1785948457365976305,0.37711799144744873
1785948457390053982,0.37711799144744873
1785948457406722415,0.37711799144744873
1785948457427127599,0.37711799144744873
1785948457447748566,0.37711799144744873
1785948457466355424,0.37711799144744873
1785948457486891460,0.37711799144744873
1785948457506524877,0.37711799144744873
1785948457532092487,0.37711799144744873
1785948457548225832,0.37711799144744873
1785948457566755344,0.37711799144744873
1785948457586663713,0.37711799144744873
1785948457607724469,0.37711799144744873
1785948457627038644,0.37711799144744873
1785948457646742176,0.37711799144744873
1785948457668671085,0.37711799144744873
1785948457686436670,0.37711799144744873
1785948457706375729,0.37711799144744873
1785948457726894644,0.37711799144744873
1785948457746693314,0.37711799144744873
1785948457766013890,0.37711799144744873
1785948457788263961,0.37711799144744873
1785948457807389523,0.37711799144744873
1785948457826408970,0.37711799144744873
1785948457858576072,0.37711799144744873
1785948457870390120,0.37711799144744873
1785948457886729967,0.37711799144744873
1785948457906024366,0.37711799144744873
1785948457927212198,0.37711799144744873
1785948457947528355,0.37711799144744873
1785948457966481336,0.37711799144744873
1785948457986602031,0.37711799144744873
1785948458008333111,0.37711799144744873
1785948458026621496,0.37711799144744873
1785948458047428836,0.37711799144744873
1785948458066054863,0.37711799144744873
1785948458086813370,0.37711799144744873
1785948458107060469,0.37711799144744873
1785948458148919668,0.37711799144744873
1785948458167113266,0.37711799144744873
1785948458186379057,0.37711799144744873
1785948458206654893,0.37711799144744873
1785948458226528669,0.37711799144744873
1785948458246320267,0.37711799144744873
1785948458266060535,0.37711799144744873
1785948458286405045,0.37711799144744873
1785948458306818166,0.37711799144744873
1785948458326344955,0.37711799144744873
1785948458346122217,0.37711799144744873
1785948458366267553,0.37711799144744873
1785948458390655032,0.37711799144744873
1785948458406469967,0.37711799144744873
1785948458426709098,0.37711799144744873
1785948458449033540,0.37711799144744873
1785948458465970428,0.37711799144744873
1785948458486589827,0.37711799144744873
1785948458506755644,0.37711799144744873
1785948458526468519,0.37711799144744873
1785948458547645822,0.37711799144744873
1785948458566386957,0.37711799144744873
1785948458586451331,0.37711799144744873
1785948458606300594,0.37711799144744873
1785948458627909782,0.37711799144744873
1785948458647064145,0.37711799144744873
1785948458665970724,0.37711799144744873
1785948458688928112,0.37711799144744873
1785948458706612703,0.37711799144744873
1785948458727324233,0.37711799144744873
1785948458747636358,0.37711799144744873
1785948458766017610,0.37711799144744873
1785948458786260933,0.37711799144744873
1785948458806275833,0.37711799144744873
1785948458827313164,0.37711799144744873
1785948458846759344,0.37711799144744873
1785948458865993229,0.37711799144744873
1785948458886947069,0.37711799144744873
1785948458910496571,0.37711799144744873
1785948458926942629,0.37711799144744873
1785948458946719282,0.37711799144744873
1785948458971057704,0.37711799144744873
1785948458986739867,0.37711799144744873
1785948459009029523,0.37711799144744873
1785948459027431160,0.37711799144744873
1785948459046934205,0.37711799144744873
1785948459066258685,0.37711799144744873
1785948459086700126,0.37711799144744873
1785948459106138081,0.37711799144744873
1785948459126890539,0.37711799144744873
1785948459146562774,0.37711799144744873
1785948459166453382,0.37711799144744873
1785948459186716066,0.37711799144744873
1785948459207783382,0.37711799144744873
1785948459227635590,0.37711799144744873
1785948459246364020,0.37711799144744873
1785948459266483723,0.37711799144744873
1785948459286409053,0.37711799144744873
1785948459306184586,0.37711799144744873
1785948459330243671,0.37711799144744873
1785948459347440216,0.37711799144744873
1785948459366664821,0.37711799144744873
1785948459386682441,0.37711799144744873
1785948459406251664,0.37711799144744873
1785948459426556173,0.37711799144744873
1785948459446549121,0.37711799144744873
1785948459469161987,0.37711799144744873
1785948459486581418,0.37711799144744873
1785948459506041262,0.37711799144744873
1785948459526474927,0.37711799144744873
1785948459546241884,0.37711799144744873
1785948459568814877,0.37711799144744873
1785948459586575950,0.37711799144744873
1785948459606431294,0.37711799144744873
1785948459630286244,0.37711799144744873
1785948459646679405,0.37711799144744873
1785948459666471707,0.37711799144744873
1785948459686363884,0.37711799144744873
1785948459707750441,0.37711799144744873
1785948459726550713,0.37711799144744873
1785948459746639472,0.37711799144744873
1785948459766218903,0.37711799144744873
1785948459787483089,0.37711799144744873
1785948459807175932,0.37711799144744873
1785948459826632415,0.37711799144744873
1785948459846428461,0.37711799144744873
1785948459867264186,0.37711799144744873
1785948459886628507,0.37711799144744873
1785948459907607820,0.37711799144744873
1785948459932254699,0.37711799144744873
1785948459946279533,0.37711799144744873
1785948459966025753,0.37711799144744873
1785948459986284245,0.37711799144744873
1785948460007067648,0.37711799144744873
1785948460026750443,0.37711799144744873
1785948460047361169,0.37711799144744873
1785948460066492523,0.37711799144744873
1785948460087515966,0.37711799144744873
1785948460106946625,0.37711799144744873
1785948460126562377,0.37711799144744873
1785948460146902151,0.37711799144744873
1785948460166507664,0.37711799144744873
1785948460186369023,0.37711799144744873
1785948460206372052,0.37711799144744873
1785948460226991450,0.37711799144744873
1785948460246407901,0.37711799144744873
1785948460267040291,0.37711799144744873
1785948460287429347,0.37711799144744873
1785948460306768835,0.376460999250412
1785948460329899317,0.37448999285697937
1785948460346354143,0.3731760084629059
1785948460365857700,0.37251898646354675
1785948460386334214,0.37251898646354675
1785948460406691941,0.37251898646354675
1785948460426400368,0.37120500206947327
1785948460446832497,0.36594900488853455
1785948460469285358,0.35937899351119995
1785948460486218727,0.3567509949207306
1785948460506136984,0.3534660041332245
1785948460526629915,0.35280901193618774
1785948460546901751,0.3508380055427551
1785948460565860684,0.3468959927558899
1785948460586342382,0.34623900055885315
1785948460610515295,0.3455820083618164
1785948460626249588,0.3436110019683838
1785948460646102083,0.33835500478744507
1785948460665984788,0.33441299200057983
1785948460686132492,0.32652899622917175
1785948460706235747,0.31995901465415955
1785948460727660802,0.31536000967025757
1785948460746428337,0.30484798550605774
1785948460766245600,0.29499301314353943
1785948460786804676,0.29170799255371094
1785948460806992670,0.2857950031757355
1785948460826431585,0.27856799960136414
1785948460846796736,0.2733120024204254
1785948460866170017,0.26214298605918884
1785948460887082000,0.25228801369667053
1785948460906881310,0.24900299310684204
1785948460926330530,0.23914800584316254
1785948460946215699,0.22732199728488922
1785948460965985120,0.22140899300575256
1785948460987481472,0.21286800503730774
1785948461008980065,0.2056410014629364
1785948461027267522,0.20104199647903442
1785948461047733444,0.19053000211715698
1785948461065904801,0.18067499995231628
1785948461086208350,0.17673300206661224
1785948461106385880,0.17016300559043884
1785948461127896441,0.16162200272083282
1785948461152036072,0.1563660055398941
1785948461166244783,0.14519700407981873
1785948461186250756,0.1366560012102127
1785948461206215766,0.1333709955215454
1785948461226569493,0.12417300045490265
1785948461246808208,0.11497499793767929
1785948461266258388,0.11168999969959259
1785948461286246631,0.10643400251865387
1785948461305997556,0.10249199718236923
1785948461327959618,0.09986399859189987
1785948461346267364,0.09329400211572647
1785948461369488504,0.08409599959850311
1785948461386557845,0.07884000241756439
1785948461406105083,0.06964199990034103
1785948461426981481,0.059787001460790634
1785948461446740662,0.053874000906944275
1785948461466132728,0.042047999799251556
1785948461487389105,0.03219300135970116
1785948461506978937,0.028250999748706818
1785948461526887050,0.01839599944651127
1785948461546303437,0.007226999849081039
1785948461565911541,0.0013139999937266111
1785948461586908711,-0.007226999849081039
1785948461606007840,-0.015768000856041908
1785948461626687560,-0.020367000252008438
1785948461654898449,-0.03219300135970116
1785948461665793974,-0.04401899874210358
1785948461686416147,-0.049274999648332596
1785948461708807949,-0.057815998792648315
1785948461728541996,-0.06832800060510635
1785948461749837568,-0.07489799708127975
1785948461765938980,-0.08672399818897247
1785948461786317337,-0.09657900035381317
1785948461805905587,-0.10117799788713455
1785948461826977152,-0.11103300005197525
1785948461846880037,-0.12417300045490265
1785948461866286809,-0.1300860047340393
1785948461886305026,-0.13994100689888
1785948461922324907,-0.14913900196552277
1785948461926833637,-0.1543949991464615
1785948461946582020,-0.16687799990177155
1785948461966047098,-0.1793610006570816
1785948461988611578,-0.18396000564098358
1785948462006425912,-0.1925009936094284
1785948462029442183,-0.20301300287246704
1785948462047187394,-0.20958299934864044
1785948462070778053,-0.2220660001039505
1785948462092909014,-0.2319210022687912
1785948462107467237,-0.23586300015449524
1785948462126707347,-0.24571800231933594
1785948462146889346,-0.25885799527168274
1785948462166064430,-0.2647710144519806
1785948462186963381,-0.27528300881385803
1785948462210813184,-0.2831670045852661
1785948462226856578,-0.28842300176620483
1785948462247019536,-0.3009060025215149
1785948462266839122,-0.31338900327682495
1785948462289008516,-0.31798800826072693
1785948462308138159,-0.325872004032135
1785948462329411682,-0.33638399839401245
1785948462346344162,-0.34295400977134705
1785948462366329290,-0.3554370105266571
1785948462386273200,-0.36463499069213867
1785948462405875851,-0.3685770034790039
1785948462426356996,-0.37448999285697937
1785948462446440687,-0.37711799144744873
1785948462466722561,-0.37711799144744873
1785948462486674983,-0.37711799144744873
1785948462507363015,-0.37711799144744873
1785948462526854654,-0.37711799144744873
1785948462546471673,-0.37711799144744873
1785948462565812203,-0.37711799144744873
1785948462586825494,-0.37711799144744873
1785948462606041060,-0.37711799144744873
1785948462630703114,-0.37711799144744873
1785948462646436578,-0.37711799144744873
1785948462666051485,-0.37711799144744873
1785948462686336751,-0.37711799144744873
1785948462706278677,-0.37711799144744873
1785948462728478184,-0.37711799144744873
1785948462746623057,-0.37711799144744873
1785948462772635654,-0.37711799144744873
1785948462786433147,-0.37711799144744873
1785948462807173213,-0.37711799144744873
1785948462834423164,-0.37711799144744873
1785948462846922565,-0.37711799144744873
1785948462866438429,-0.37711799144744873
1785948462886799313,-0.37711799144744873
1785948462906163908,-0.37711799144744873
1785948462932635944,-0.37711799144744873
1785948462946399389,-0.37711799144744873
1785948462966278721,-0.37711799144744873
1785948462988028677,-0.37711799144744873
1785948463005833858,-0.37711799144744873
1785948463026992786,-0.37711799144744873
1785948463046968505,-0.37711799144744873
1785948463066536339,-0.37711799144744873
1785948463086913576,-0.37711799144744873
1785948463106110133,-0.37711799144744873
1785948463126482890,-0.37711799144744873
1785948463146627575,-0.37711799144744873
1785948463166341718,-0.37711799144744873
1785948463186446466,-0.37711799144744873
1785948463207255686,-0.37711799144744873
1785948463238536366,-0.37711799144744873
1785948463246451291,-0.37711799144744873
1785948463266322047,-0.37711799144744873
1785948463286676179,-0.37711799144744873
1785948463306067335,-0.37711799144744873
1785948463330427651,-0.37711799144744873
1785948463346265758,-0.37711799144744873
1785948463377494180,-0.37711799144744873
1785948463388150799,-0.37711799144744873
1785948463407201079,-0.37711799144744873
1785948463426877364,-0.37711799144744873
1785948463446347498,-0.37711799144744873
1785948463465892611,-0.37711799144744873
1785948463486699143,-0.37711799144744873
1785948463506953112,-0.37711799144744873
1785948463528774014,-0.37711799144744873
1785948463546403925,-0.37711799144744873
1785948463566085299,-0.37711799144744873
1785948463586646318,-0.37711799144744873
1785948463605944895,-0.37711799144744873
1785948463626275602,-0.37711799144744873
1785948463646802412,-0.37711799144744873
1785948463665972505,-0.37711799144744873
1785948463688046599,-0.37711799144744873
1785948463708376507,-0.37711799144744873
1785948463726411008,-0.37711799144744873
1785948463752175501,-0.37711799144744873
1785948463765776795,-0.37711799144744873
1785948463788289913,-0.37711799144744873
1785948463806256220,-0.37711799144744873
1785948463830534806,-0.376460999250412
1785948463846714812,-0.376460999250412
1785948463866432475,-0.37580400705337524
1785948463886597001,-0.37580400705337524
1785948463907140580,-0.37580400705337524
1785948463927417557,-0.3751470148563385
1785948463949503333,-0.3751470148563385
1785948463968502219,-0.3751470148563385
1785948463988512148,-0.3751470148563385
1785948464006344786,-0.3751470148563385
1785948464026293497,-0.3751470148563385
1785948464046732912,-0.3751470148563385
1785948464068811263,-0.3751470148563385
1785948464086673566,-0.37448999285697937
1785948464106025393,-0.37448999285697937
1785948464127358182,-0.37448999285697937
1785948464146449328,-0.37448999285697937
1785948464166507130,-0.37448999285697937
1785948464186893263,-0.37448999285697937
1785948464206482570,-0.37448999285697937
1785948464234595238,-0.3738330006599426
1785948464248664965,-0.3738330006599426
1785948464265941360,-0.3738330006599426
1785948464286380103,-0.3738330006599426
1785948464306146792,-0.3731760084629059
1785948464333420455,-0.3731760084629059
1785948464349302084,-0.3731760084629059
1785948464366430410,-0.3731760084629059
1785948464386642298,-0.3731760084629059
1785948464406595008,-0.3731760084629059
1785948464426982710,-0.3731760084629059
1785948464447124611,-0.37251898646354675
1785948464466438964,-0.37251898646354675
1785948464498582361,-0.37251898646354675
1785948464507634861,-0.37251898646354675
1785948464528734363,-0.37251898646354675
1785948464549586528,-0.37251898646354675
1785948464566515392,-0.37251898646354675
1785948464587210944,-0.37251898646354675
1785948464621438700,-0.37251898646354675
1785948464645318585,-0.37186199426651
1785948464648664234,-0.37120500206947327
1785948464678094515,-0.37120500206947327
1785948464687627160,-0.37120500206947327
1785948464706419767,-0.37120500206947327
1785948464726746058,-0.37120500206947327
1785948464747964188,-0.37120500206947327
1785948464766318988,-0.37120500206947327
1785948464793459175,-0.37120500206947327
1785948464807944052,-0.37120500206947327
1785948464834960587,-0.3705480098724365
1785948464846626520,-0.3705480098724365
1785948464866128591,-0.3705480098724365
1785948464886422530,-0.3705480098724365
1785948464907891132,-0.3705480098724365
1785948464926735837,-0.3705480098724365
1785948464946695556,-0.3698909878730774
1785948464966100440,-0.3698909878730774
1785948464986666835,-0.3698909878730774
1785948465005931011,-0.3698909878730774
1785948465026571073,-0.3698909878730774
1785948465048383431,-0.3698909878730774
1785948465067669239,-0.3698909878730774
1785948465086304720,-0.3698909878730774
1785948465105845737,-0.3698909878730774
1785948465128038812,-0.3685770034790039
1785948465146353291,-0.3685770034790039
1785948465165999303,-0.3685770034790039
1785948465186125812,-0.3685770034790039
1785948465206446119,-0.3685770034790039
1785948465226452303,-0.3685770034790039
1785948465248683108,-0.3685770034790039
1785948465267510756,-0.3685770034790039
1785948465287032188,-0.36792001128196716
1785948465305812603,-0.36792001128196716
1785948465326862215,-0.36792001128196716
1785948465346148887,-0.36792001128196716
1785948465365876950,-0.36792001128196716
1785948465386430545,-0.36792001128196716
1785948465407621858,-0.36792001128196716
1785948465429555596,-0.36726298928260803
1785948465448484560,-0.36726298928260803
1785948465466042469,-0.36726298928260803
1785948465487096145,-0.36726298928260803
1785948465506280350,-0.36726298928260803
1785948465527171972,-0.3666059970855713
1785948465547261712,-0.3666059970855713
1785948465566455420,-0.3666059970855713
1785948465589087358,-0.36594900488853455
1785948465608658072,-0.36594900488853455
1785948465626461622,-0.3652920126914978
1785948465646934126,-0.3652920126914978
1785948465666067513,-0.3652920126914978
1785948465690535129,-0.3652920126914978
1785948465713015254,-0.3652920126914978
1785948465726376956,-0.36463499069213867
1785948465755011466,-0.36463499069213867
1785948465768439731,-0.36463499069213867
1785948465786540379,-0.36463499069213867
1785948465807613255,-0.36463499069213867
1785948465830608150,-0.36463499069213867
1785948465846919744,-0.3633210062980652
