t_s,x,y,yaw,vx,hitch_deg,steer_rad,steer_rate_cmd,vel_cmd,trailer_x,trailer_y,e_y,e_y_t,e_psi_deg,e_psi_t_deg,s_path,enabled,reverse,in_window,progress_m
0.0,8.736006255495967,0.3998446542105078,-0.025828247037166463,0.0,-0.34062194303488924,0.0,0.4363323152065277,0.0,5.936559719604007,0.45551414929091816,0.15776138635636971,0.33796622845830154,-4.043202021512043,-3.685971580145308,18.241831740670364,False,True,False,0.0005268120113086638
0.098939648,8.736006397402281,0.3998395608686985,-0.025784918280008284,0.0,-0.4342582318492431,0.0,0.4363323152065277,0.0,5.93647041020253,0.45081265547268806,0.15775629176443698,0.3332733467047892,-4.040719466595332,-3.5898527364142376,18.241831654639977,False,True,False,0.0005267259809222935
0.197953792,8.735845186290167,0.3998571360015227,-0.02589121384871751,0.0,-0.38448563931773105,0.0,0.4363323152065277,0.0,5.936360228030768,0.4535597288567479,0.15778105931981568,0.33602260269451883,-4.046809754063314,-3.645715616413741,18.241671390869385,False,True,False,0.0003664622103300985
0.300046592,8.735680733195519,0.399877625752038,-0.025961733332354076,0.0,-0.350285917830284,0.0,0.4363323152065277,0.0,5.936232240478381,0.45544863099522476,0.15780888357094527,0.337915326223961,-4.050850222849131,-3.683955806687,18.241508018713667,False,True,False,0.00020309005461172092
0.40717312,8.735567884160202,0.39990161951187664,-0.025904287919584323,0.0,-0.3564116266533456,0.0,0.4363323152065277,0.0,5.936110295649174,0.455012508889733,0.15783790038437345,0.33748505342432655,-4.047558843145037,-3.6745387181598383,18.241396355694626,False,True,False,9.142703557074583e-05
0.502930688,8.735486496710669,0.399921523459479,-0.02587330324032866,0.0,-0.39497103656784144,0.0,0.4363323152065277,0.0,5.935990805281402,0.4530616558357637,0.15786142438940287,0.3355414367090856,-4.045783551794121,-3.6342040168944303,18.241315939867455,False,True,False,1.1011208400191208e-05
0.597803008,8.735402497490764,0.39994723488261996,-0.025732993210811905,0.0,-0.3361940459416205,0.0,0.4363323152065277,0.0,5.935954961534092,0.4555664170603588,0.15789086686776105,0.338045316684678,-4.037744379279455,-3.6849418350059775,18.24123317461694,False,True,False,7.175404211423597e-05
0.698500096,8.735317228194896,0.3999772260055802,-0.025625304557318707,0.0,-0.2904856562519092,0.0,0.4363323152065277,0.0,5.935908740094506,0.4575282186250418,0.15792464156648695,0.3400072344069456,-4.031574273932848,-3.7244801193490953,18.241149331966696,False,True,False,0.00015559669235898355
0.8023552,8.735333097034458,0.39997457642253004,-0.025619539130464553,0.0,-0.32025637075053914,0.0,0.4363323152065277,0.0,5.935894760133255,0.45605485716209143,0.1579212849164054,0.33853594937058873,-4.031243939307013,-3.6943790702246235,18.24116506642759,False,True,False,0.0001398622314638942
0.897600768,8.73545106718579,0.39995338068038894,-0.025583127075764267,0.0,-0.3302742563073274,0.0,0.4363323152065277,0.0,5.936000945393737,0.45544225883135847,0.15789483428404208,0.3379192378196997,-4.029157682249288,-3.6822749276101057,18.241281970576953,False,True,False,2.2958082102064736e-05
0.99940992,8.735459654672159,0.3999517169597614,-0.02558099635230171,0.0,-0.3616619629419257,0.0,0.4363323152065277,0.0,5.93597944013728,0.4539010304655744,0.15789278816127655,0.3363804872946791,-4.029035600787574,-3.6507651395138088,18.241290475062243,False,True,False,1.4453596811847547e-05
1.099166976,8.735481495493222,0.3999283639069059,-0.02560642769824195,0.0,-0.41739212346600363,0.0,0.4363323152065277,0.0,5.935951433777172,0.45122586431506867,0.15786848166668063,0.33370920784493036,-4.0304927095772864,-3.5964920877794433,18.241311249586616,False,True,False,6.3209275609210636e-06
1.198376192,8.735503716703828,0.3999009318443051,-0.025626730431732803,0.0,-0.5095426559662999,0.0,0.4363323152065277,0.0,5.935895723152858,0.44675263880903304,0.1578400832313275,0.32924287600104896,-4.031655970518892,-3.5055048162207543,18.2413322216902,False,True,False,2.7293031145347868e-05
1.297805824,8.735548184471712,0.3999195148149406,-0.025544219355955633,0.0,-0.5191941521061275,0.0,0.4363323152065277,0.0,5.935928521109999,0.44606862659890567,0.15785665883025832,0.3285580820292319,-4.026928434113775,-3.491125783675806,18.24137747606787,False,True,False,7.254740881634802e-05
1.409994752,8.735593127939024,0.399941563854245,-0.025484317455501948,0.0,-0.45269257902105486,0.0,0.4363323152065277,0.0,5.936025960242425,0.4491723830149779,0.1578766757544526,0.3316544432213166,-4.023496308032966,-3.5541952306800644,18.24142336068549,False,True,False,0.00011843202643646578
1.500051712,8.735392252736982,0.39996699324169444,-0.025725915492004425,0.0,-0.31840397298158724,0.0,0.4363323152065277,0.0,5.935961721482137,0.45643557457870004,0.15791106364278232,0.3389133153641421,-4.037338855863206,-3.7023263845497834,18.241223823787454,False,True,False,8.110487160095659e-05
1.599366144,8.735170461561294,0.3999987830296785,-0.025916712608894166,0.0,-0.27693339474458556,0.0,0.4363323152065277,0.0,5.9357927470355065,0.4590276862583096,0.15795274101367407,0.3415103751060303,-4.048270725404253,-3.754728832327816,18.24100367630737,False,True,False,0.00030125235168654285
1.698014208,8.735315133700402,0.3999697458303981,-0.02588295498341653,0.0,-0.41982676520099393,0.0,0.4363323152065277,0.0,5.935797154051305,0.4519224322040595,0.15791726255032196,0.33441194306786015,-4.046336555938001,-3.6099012924051546,18.24114690502451,False,True,False,0.00015802363454398005
1.798308352,8.735468386638006,0.3999348850608728,-0.025854957594204198,0.0,-0.3348148986032065,0.0,0.4363323152065277,0.0,5.9360290028819325,0.45596288409186275,0.1578755825761219,0.3384381021415405,-4.044732423698749,-3.6933090267636857,18.24129844550058,False,True,False,6.48315847584513e-06
1.900643328,8.735408323050104,0.39993585087391353,-0.02585991283578304,0.0,-0.3185971623554352,0.0,0.4363323152065277,0.0,5.935985191918299,0.4567701088896962,0.15787923370769857,0.3392464763610334,-4.0450163381276845,-3.709810677440397,18.241238485208513,False,True,False,6.64434505424083e-05
1.998842112,8.73488767642282,0.3999437915684325,-0.025897519558844007,0.0,-0.3471272333445389,0.0,0.4363323152065277,0.0,5.935438678995888,0.45548936569763415,0.15791045186539435,0.3379912821469844,-4.047171044640395,-3.6834353129640056,18.240718714690146,False,True,False,0.0005862139689085666
2.116854784,8.734975458220678,0.3999422982612288,-0.02592952304692142,0.0,-0.29155607438575065,0.0,0.4363323152065277,0.0,5.935583517129158,0.45829262089831835,0.15790503409777273,0.3407853327801755,-4.049004709436928,-3.7408401367193336,18.240806341865127,False,True,False,0.0004985867939275579
2.203357696,8.735429239354604,0.3999354535693299,-0.02601496180016749,0.0,-0.26937046833236844,0.0,0.4363323152065277,0.0,5.936065190268678,0.45960890399123966,0.15787790133950036,0.34207891291138326,-4.053899989404788,-3.767921022740577,18.24125936281469,False,True,False,4.556584436343769e-05
2.299529728,8.73543444870954,0.3999353790863005,-0.02601578299553431,0.0,-0.27745248422257573,0.0,0.4363323152065277,0.0,5.9360620587488855,0.4592162556483839,0.15787759394771955,0.34168679153348985,-4.053947040433462,-3.7598860578790494,18.241264563625865,False,True,False,4.0365033189715405e-05
2.40105984,8.735265413792431,0.3999560350281477,-0.02614017646419242,0.0,-0.4112975423946092,0.0,0.4363323152065277,0.0,5.9357687621502215,0.4530455579498251,0.15790578914139397,0.33553522108351796,-4.0610742611865644,-3.633168220460108,18.24109662166509,False,True,False,0.00020830699396512387
2.510869248,8.735114897889927,0.3999767603301309,-0.026224980229678785,0.0,-0.3593683157540085,0.0,0.4363323152065277,0.0,5.935672240429346,0.45584094912795814,0.15793322538107082,0.33833214014958884,-4.06593315903575,-3.689956344949886,18.240947183290498,False,True,False,0.0003577453685572607
2.600121088,8.73514274431862,0.3999722301532101,-0.026193241723864613,0.0,-0.3521651016313958,0.0,0.4363323152065277,0.0,5.935705349409988,0.4560995139567495,0.15792745433297334,0.3385889784158635,-4.064114676604547,-3.6953410766412906,18.240974799247798,False,True,False,0.0003301294112567632
2.699111936,8.735435661401562,0.39992081592785594,-0.02591697857978348,0.0,-0.3956991910722051,0.0,0.4363323152065277,0.0,5.935941616886221,0.4531476392703967,0.1578629911249961,0.3356295208765512,-4.048285964413683,-3.63597827500964,18.241265123781492,False,True,False,3.9804877562943375e-05
2.79808512,8.735458166843154,0.3999165129428728,-0.025901153845620417,0.0,-0.354396587495089,0.0,0.4363323152065277,0.0,5.93600234524559,0.4551170828992185,0.15785768591190333,0.33759432086128505,-4.047379273934223,-3.676374188107279,18.241287414256927,False,True,False,1.7514402127716266e-05
2.89794048,8.735510049536021,0.3999250375460652,-0.026092331482075792,0.0,-0.31272584212298693,0.0,0.4363323152065277,0.0,5.936106108753357,0.4576967982123975,0.15786388158275588,0.3401668775243616,-4.0583329456404025,-3.7289986051855677,18.241339626289463,False,True,False,3.469763040797602e-05
2.998244864,8.735592904626484,0.399941059238523,-0.02632019844295197,0.0,-0.3008682057984812,0.0,0.4363323152065277,0.0,5.936214348903054,0.45893005614301025,0.1578761816310929,0.3413941077799752,-4.07138876078908,-3.7539120566587507,18.24142311502796,False,True,False,0.00011818636890481571
3.104761088,8.735503824540647,0.3999483009094072,-0.026653437387603063,0.0,-0.28906334215755436,0.0,0.4363323152065277,0.0,5.936157487020964,0.4604469175475746,0.15788740007512433,0.3429119976102861,-4.090481945886982,-3.784810105397583,18.241334447954006,False,True,False,2.9519294951541042e-05
3.204495616,8.7352918302643,0.3999669273986449,-0.02731976049769891,0.0,-0.2788296343958504,0.0,0.4363323152065277,0.0,5.935997609385339,0.46283078787225707,0.15791548916202694,0.34530061746500934,-4.128659447887505,-3.833221315159794,18.24112349885469,False,True,False,0.00018142980436408607
3.298119168,8.735301539056014,0.39996804149023163,-0.027310714907592626,0.0,-0.3150784374124221,0.0,0.4363323152065277,0.0,5.935967554385514,0.46103556369951887,0.1579161679226629,0.3435085019069696,-4.128141173751209,-3.7964542380069286,18.24113324775825,False,True,False,0.00017168090080588172
3.400018944,8.735474370647637,0.3999899922552449,-0.027172265753457214,0.0,-0.3558298597478724,0.0,0.4363323152065277,0.0,5.936089507710767,0.4586789107997028,0.15793036700021104,0.3411487577397503,-4.120208621542094,-3.747770263462374,18.241306888137608,False,True,False,1.9594785527488057e-06
3.498556672,8.735499479855312,0.39999305961236997,-0.027169068670440666,0.0,-0.3769933075581411,0.0,0.4363323152065277,0.0,5.936092945539411,0.45763901028921594,0.1579323083034392,0.34010973157809044,-4.120025442178493,-3.7264236362885135,18.241332109405054,False,True,False,2.71807459988338e-05
3.599287552,8.735742849622067,0.4000228541105236,-0.027196436429849147,0.0,-0.30114602589318223,0.0,0.4363323152065277,0.0,5.936416759072306,0.4614511763030424,0.1579511885149673,0.3439037438557463,-4.121593499287328,-3.8038389750622956,18.241576568180932,False,True,False,0.00027163952187692075
3.70034944,8.735766967393422,0.40002684663224897,-0.02717179272823511,0.0,-0.24859953689109354,0.0,0.4363323152065277,0.0,5.9364968143214165,0.4639534461056313,0.1579540983980732,0.3463999849639644,-4.120181519193264,-3.8549734839703342,18.241600840381185,False,True,False,0.00029591172213017103
3.799181568,8.735505035848735,0.399996391859983,-0.02684656713267941,0.0,-0.25712468130898164,0.0,0.4357948670239991,0.0036051015039661907,5.936204894942701,0.4625960813437139,0.1579353887303941,0.3450569321393241,-4.101547465178294,-3.8278142855374755,18.241337808870544,False,True,False,3.2880211488617306e-05
3.901525504,8.735472032845463,0.39999839902171075,-0.02682482521972407,0.0,-0.3881716536234103,0.0,0.3468788642317007,0.6000000238418579,5.9360348147859785,0.45613450276408485,0.15793886991060757,0.33860929305782733,-4.100301745327412,-3.695521593372142,18.241304928659055,True,False,True,0.0
4.015027456,8.735312872656452,0.4000322455051388,-0.02677097738337242,0.0,-0.40630165878031965,0.008876690672503643,0.3450174687377648,0.6000000238418579,5.9358550606463565,0.45513178067237764,0.15797980080963914,0.3376155486250848,-4.097216491568552,-3.6743063344563716,18.24114744147954,True,False,True,0.0001574871795142485
4.103583232,8.737303767518258,0.3999789345516675,-0.026855942628131846,0.0,-0.37414503204866245,0.03619610648873045,0.291225157983525,0.6000000238418579,5.937882145558595,0.45688747964575976,0.15783750238381056,0.3392794411317621,-4.102084641498562,-3.7113311111180405,18.24313395993315,True,False,True,0.001829031274095172
4.200761344,8.747630907962803,0.399704648202627,-0.027116572597718935,0.0,-0.34858711796836206,0.07775738572982246,0.21639403843079055,0.6000000238418579,5.948250202302524,0.458591529398332,0.15710161928264507,0.340521109081202,-4.117017638770526,-3.7518220224703125,18.253438499652326,True,False,True,0.012133570993270837
4.300523776,8.777807664356965,0.39891462955524903,-0.024472835272527416,0.2518492061958467,-0.3263633790138837,0.10689845406611075,0.1438614718817962,0.6000000238418579,5.97830124114165,0.451486355570199,0.15496276536685996,0.33208765215494535,-3.9655426478958464,-3.6225707705501207,18.2835497277884,True,False,True,0.04224479912934598
4.400276736,8.813732166186018,0.3980801614573043,-0.017561189413111578,0.3851488589693851,-0.3383795304538003,0.12851711896723544,0.04389344755284063,0.6000000238418579,6.013922350171186,0.430714409525783,0.15252244421095648,0.30975341873650775,-3.569534510662248,-3.214546481876593,18.3194009620953,True,False,True,0.07809603343624616
4.500200704,8.877259279717277,0.39715152117613284,-0.006816066479324423,0.5425614019292594,-0.4322128736938154,0.13815602217045128,-0.03361251461818847,0.6000000238418579,6.077260020617404,0.395114601894605,0.14875354541774696,0.2713743994895896,-2.953884316207015,-2.5050629441813586,18.382822976634984,True,False,True,0.1415180479759286
4.601262592,8.942565356138566,0.39692249978037325,0.006452642784339879,0.6520031886564945,-0.472094018660233,0.135342001914978,-0.117180461617385,0.6000000238418579,6.14286755729411,0.35578571398575676,0.1456040030905078,0.22916912294913525,-2.1936432758129123,-1.7049407588208199,18.448053463766936,True,False,True,0.20674853510788083
4.721131008,9.016825514484843,0.3975816951116307,0.019601549407903374,0.6411450639555359,-0.5145536493050512,0.1254830091280564,-0.16710827577650328,0.6000000238418579,6.217969156025255,0.3175624179945795,0.14294132620798056,0.18764648307640489,-1.4402664210711107,-0.909104273434208,18.522268797815354,True,False,True,0.2809638691562988
4.802156544,9.071711558668781,0.39894429393426856,0.037915306098378565,0.6180802426073795,-0.5505311917096691,0.12010326512915494,-0.2699194579586837,0.6000000238418579,6.27487289151385,0.2659274908339563,0.14184783719548066,0.13353407039110662,-0.3909654556774078,0.17617423436410815,18.57716086284749,True,False,True,0.33585593418843374
4.901270784,9.124544043507766,0.40107917944758303,0.05158834035691395,0.6209328935633474,-0.04037591623902687,0.09372904523562164,-0.2727716698911844,0.6000000238418579,6.3283715569997305,0.2547254104648066,0.14161770553231523,0.11996587144225171,0.39244170047445687,0.449426115045337,18.630035963129515,True,False,True,0.3887310344704602
5.002325248,9.189497866895538,0.4046997015604321,0.06474658183105753,0.5767184282935535,0.6593642156457378,0.06800576235168249,-0.2794246164520101,0.6000000238418579,6.393465003570341,0.2557022948531329,0.14232389795394468,0.11804775540468443,1.1157957904119797,0.4964766226606799,18.695162624013854,True,False,True,0.4538576953547988
5.109195008,9.246529751006852,0.4088490337886001,0.07351557108657669,0.5798138842422159,1.532287498950653,0.037965067743390715,-0.28929671441818455,0.6000000238418579,6.449591874984005,0.2779348723361239,0.14388789767393728,0.13775731632468088,1.6182218653487939,0.12597941429258555,18.752323857976233,True,False,True,0.5110189293171779
5.20167552,9.299463477539184,0.412786547681743,0.07803583986974338,0.5862436879306755,2.152220386352485,0.01202830875241259,-0.3582587842842322,0.6000000238418579,6.501756397979271,0.2994944606661972,0.14542576562271003,0.15697111320322343,1.8772141888889815,-0.23496114956905362,18.80538154716857,True,False,True,0.5640766185095138
5.301863168,9.355763710941792,0.41737045129687356,0.08102849719958183,0.6087449842874891,2.8638752062127772,-0.013074762118128963,-0.3362713908344133,0.6000000238418579,6.557112863215579,0.3304599656156436,0.14745700363745134,0.18543925602345274,2.0486808234176146,-0.7751493349007101,18.861831547395926,True,False,True,0.6205266187368714
5.404464384,9.428220271744511,0.423388477500194,0.08110020246722804,0.6219990722581953,4.0462046499341255,-0.05156783784057551,-0.30076841569371643,0.6000000238418579,6.628374050771303,0.39404330920893954,0.15018971100680056,0.24578414846701102,2.0527892326225987,-1.9533703694170732,18.934486224830867,True,False,True,0.6931812961718116
5.516655872,9.492957721332786,0.42870893720060016,0.07658813036320211,0.6086906062196903,4.5348110448605405,-0.09001848096054192,-0.22471803691567852,0.6000000238418579,6.692966891016399,0.43587483868925614,0.15257490894589343,0.2846959634868044,1.7942665442031995,-2.7004994527628985,18.999398130529354,True,False,True,0.7580932018702988
5.599877376,9.53730359132972,0.43240724535741093,0.0709080287438364,0.5980262624089209,4.829930875834074,-0.10768016836424268,-0.12023313535196258,0.6000000238418579,6.737554602806047,0.4698985945017605,0.15426247522841866,0.3166991601595286,1.4688206942081194,-3.32106513373152,19.043865936738452,True,False,True,0.8025610080793975
5.703931904,9.606166107027738,0.43697278978103987,0.057131403855489094,0.5830770872612556,5.2185215760090795,-0.13461379069878532,-0.000860428763470441,0.6000000238418579,6.8077794985763305,0.5320116746641828,0.15570684406175989,0.3756214251846538,0.6794782321709303,-4.498998295943674,19.112864516889186,True,False,True,0.8715595882301308
5.80531456,9.658947472558193,0.4394272009215637,0.044407453941488484,0.5790917595488688,5.33653251546928,-0.1379700005054474,0.09288954179073597,0.6000000238418579,6.862271628675601,0.5758245038406197,0.15578140494286313,0.41696353180007034,-0.0035325497378052404,-5.344275565162081,19.1655777674059,True,False,True,0.9242728387468446
5.904310016,9.722998409155457,0.44183879534453235,0.026270964611819103,0.5952914142543447,5.35111661821252,-0.13187440102551995,0.21585067978246847,0.6000000238418579,6.92930385722949,0.6296438819081658,0.15534326589577563,0.4677447264910863,-1.0426768435119123,-6.39800396167941,19.229672590136154,True,False,True,0.9883676614770991
6.000047104,9.773654286825517,0.4425034049002297,0.012538373431973504,0.6092366598645093,5.299436704338742,-0.12132400732215996,0.3305955977841413,0.6000000238418579,6.982599274033822,0.666136845088294,0.15375533905671418,0.5018283625685579,-1.8294963598956449,-7.133143564189358,19.280307934874187,True,False,True,1.0390030062151325
6.10087936,9.845599663437898,0.44297883164757285,-0.005412029653391048,0.6097545133199471,4.839967550447469,-0.09352604003562347,0.3647341230831803,0.6000000238418579,7.0569031888609075,0.6943191839228569,0.15103200338756034,0.5266741536270111,-2.857978697245645,-7.702156747648109,19.352203321995496,True,False,True,1.1108983933364414
6.207911936,9.897877547552113,0.4432807497130265,-0.015667560660337365,0.5947919082336923,4.0997160270480295,-0.05909307992967158,0.3591474189693478,0.6000000238418579,7.108521326563704,0.687190307609512,0.14900963820025287,0.5172539025181181,-3.44557734060922,-7.549503867612222,19.4044429464297,True,False,True,1.1631380177706454
6.300880128,9.971451266397569,0.4424284724587218,-0.028844868454581007,0.5852302430595091,3.5020386170059497,-0.025497451262433184,0.3980754682702468,0.6000000238418579,7.182775303875239,0.6939963083403267,0.14488752401708743,0.5207467813632052,-4.200581462564225,-7.7068305795251675,19.47790604366858,True,False,True,1.236601115009524
6.39994752,10.026540040008843,0.44238257221827587,-0.03282069602238247,0.5941840697966959,2.555246150238832,0.008735355343563928,0.3578440844144226,0.6000000238418579,7.234926848756292,0.6589369312710286,0.14239272781576798,0.4833999810879633,-4.428379602271012,-6.987836252464839,19.532938316715768,True,False,True,1.291633388056713
6.501370112,10.101668931707312,0.44103136988085834,-0.03525614051804027,0.6010820788340789,1.5766278090963035,0.04424951462100223,0.30609898132324076,0.6000000238418579,7.307183835303601,0.6166817213679592,0.13770304742115097,0.4379702576672116,-4.567920293110571,-6.141462992028877,19.60793286994061,True,False,True,1.3666279412815534
6.602582784,10.1611105443106,0.43950206424696364,-0.03314335530481349,0.6108167449342211,0.8047919748852095,0.08450892995178402,0.24203513914711378,0.6000000238418579,7.364227570812851,0.5715839803384207,0.13362115714003223,0.39038421223980535,-4.342656652608019,-5.248573482082256,19.66700478402068,True,False,True,1.425699855361625
6.700407552,10.222114624129569,0.4417655860987869,-0.025175891723908883,0.6052395448537459,-0.1345031438526847,0.11558946408590827,0.1424601325071636,0.6000000238418579,7.422844180649939,0.5056794677001708,0.13328156691618387,0.32194207809093106,-3.8861546159979947,-3.852776326734336,19.72804989819219,True,False,True,1.4867449695331345
6.802017792,10.290056291373583,0.44043441375797543,-0.013888083839857845,0.5960578856938992,-0.887449358284849,0.13735647562830994,0.020967963406919712,0.6000000238418579,7.490059879089523,0.4359520933330304,0.12905475096760435,0.24929904708005254,-3.239410864287374,-2.453086360591559,19.79587302252773,True,False,True,1.5545680938686743
6.912219904,10.342831250889953,0.4397984359998581,-0.003301961531301245,0.5860579139189527,-1.2301495044830741,0.1445399969816208,-0.0828113516378439,0.6000000238418579,7.543293354945012,0.3889302812448725,0.12616916596452082,0.19996000615391105,-2.6328707345977933,-1.5038460847037434,19.848572872801267,True,False,True,1.6072679441422117
7.000467712,10.412713731643967,0.4398931975194969,0.01347594379960304,0.5848555647671158,-1.4237705230774642,0.13844427233623838,-0.12164967026006336,0.6000000238418579,7.614769853669821,0.33260826984091757,0.12328423596365423,0.14051993544393743,-1.6715675700669328,-0.3489219015784892,19.918395843770504,True,False,True,1.6770909151114495
7.102267392,10.465949214383548,0.4401410659539725,0.02582846115662374,0.6006951889225323,-1.5708012609367996,0.13087191103385445,-0.16538728885790588,0.6000000238418579,7.669917186941477,0.2911279741862156,0.12126205789549294,0.09663196939635825,-0.9638204591475524,0.505855947200217,19.971593483352894,True,False,True,1.7302885546938391
7.201000704,10.535972406799987,0.4417820932569067,0.041815795015164525,0.6118979022193295,-1.388728712101074,0.11521736969292057,-0.23433008617684548,0.6000000238418579,7.742078510930318,0.2569662426861261,0.11991598794955213,0.05929991752350786,-0.04781370338656384,1.23979015412549,20.041622966733105,True,False,True,1.8003180380740496
7.29991936,10.594858873099517,0.4440837928903219,0.05570575881629436,0.6057943214316635,-0.937352379804448,0.097512167972939,-0.2808731788233581,0.6000000238418579,7.802126566793737,0.24247460332794166,0.11960911339208452,0.04215367377705624,0.3944400934115173,1.575936629679183,20.101292447839448,True,False,True,1.8599875191803932
7.402024704,10.648086334419187,0.4443947417199024,0.06605004929923597,0.5987229708230081,-0.26459110081989934,0.07262819313901675,-0.2629029476236698,0.6000000238418579,7.855074984940883,0.24668889535875219,0.11732208045630106,0.04400516260107225,0.9871242801414156,1.4958595374245287,20.154471661899663,True,False,True,1.9131667332406082
7.500525056,10.713677123036588,0.4485558247233476,0.07905376868176006,0.5931634484858543,0.3773862727761519,0.044125380109705875,-0.293836276698813,0.6000000238418579,7.921025986207541,0.24582539294896033,0.11827723794840547,0.04020468937720375,1.732182518732511,1.5989404024195886,20.220187366547634,True,False,True,1.9788824378885792
7.601084928,10.7689286936697,0.44950534648375257,0.08411484618897846,0.5924900097167919,1.3304341513068674,0.01776835470186887,-0.3041586971811128,0.6000000238418579,7.974118467064796,0.2791064108513699,0.11652923630234273,0.07108763366528542,2.022160899684717,0.9358709048410625,20.275419441823193,True,False,True,2.0341145131641376
7.700950784,10.837245596124927,0.4552891623004656,0.09045674571623818,0.5917132652418257,2.266964647015395,-0.0088806726526892,-0.05846949910469654,0.6000000238418579,8.04087062927063,0.3128565650811671,0.11897215302214743,0.10183076967498864,2.385524976692711,0.3627044861405394,20.343937204807535,True,False,True,2.10263227614848
7.802433536,10.888581197589042,0.4554452870390697,0.08923392536148622,0.5982365150265933,2.739016949168331,-0.0333854060484245,-0.004771017974113978,0.6000000238418579,8.090983767890318,0.33947709595594516,0.11662280718467258,0.12619255509356472,2.3154625312627335,-0.17941026144238043,20.395219257484396,True,False,True,2.1539143288253406
7.902558208,10.95839987097433,0.4584862809040286,0.08523884868098852,0.600007900180118,3.679442187644374,-0.0354779995977878,0.06449925759200888,0.6000000238418579,8.159018452293882,0.3996333052219802,0.11625288055491348,0.18325840346419406,2.0865614986390804,-1.3487365325420577,20.465103146552313,True,False,True,2.2237982178932576
8.002601728,11.015010974840514,0.4628500764765159,0.08253901187047452,0.5985698087992154,4.600227548585944,-0.030753723163415264,0.07388868878391142,0.6000000238418579,8.215018061674822,0.45655037633262713,0.11784873644448637,0.23762443883436618,1.9318722440225666,-2.4242111481001487,20.521859758825475,True,False,True,2.2805548301664196
8.102483712,11.068000198055646,0.46353602356022716,0.07762849746870693,0.6012352267074114,4.872786143454387,-0.02327074687262514,0.09182701497442256,0.6000000238418579,8.268077228147327,0.48430529364311387,0.11481733678811928,0.2629881619541354,-0.9075046150715647,-2.978306491255893,20.57997154259516,True,False,True,2.3386666139361054
8.201287936,11.13697102774514,0.4687181455012927,0.07408404755108045,0.5949706340072493,5.263192137753888,-0.01599488565354534,0.09850532461772654,0.6000000238418579,8.337413395967287,0.5184882806666606,0.1135396945393411,0.2940483664166677,-1.1105866360470542,-3.5717945065308907,20.649124976104662,True,False,True,2.4078200474456075
8.302631168,11.185773119216988,0.4735830112107551,0.07210616300002703,0.5969529379123488,5.561591314470822,-0.006888367660572971,0.08000033079615639,0.6000000238418579,8.386645410148644,0.5434691208878953,0.11382855761275076,0.31681117665244346,-1.2239110731865421,-3.9835181203873016,20.698168095994436,True,False,True,2.4568631673353813
8.401595648,11.25379637776417,0.47926387696876155,0.06965219467665662,0.5982044907304148,5.536554411074344,0.002452454049036252,0.052588567156640516,0.6000000238418579,8.45481532210182,0.5547956586456476,0.11313592036305799,0.32508957890735063,-1.3645131011744618,-4.09908324497875,20.766424642880267,True,False,True,2.525119714221212
8.501142784,11.300939851288035,0.48501923104002287,0.06988575633670724,0.5941599606849557,5.2063282241701385,0.008570630942214736,0.032568468762703806,0.6000000238418579,8.501556159751619,0.5437639972745663,0.11446618605424065,0.31198661951917034,-1.3511310037974922,-3.7554749606975713,20.813899495060888,True,False,True,2.5725945664018326
8.600946176,11.369016329239491,0.4918564164489829,0.07028132238422646,0.5942362938666854,4.973754152138873,0.012376970207510893,0.02666221900687705,0.6000000238418579,8.569398721906278,0.5381300883354144,0.11491985419135134,0.30333599633500924,-1.3284667387559692,-3.5002366236247684,20.882316949996106,True,False,True,2.641012021337051
8.70696064,11.422207746707645,0.49861035626921646,0.07221344111106909,0.6012900872976926,4.872209908093238,0.0151110002771019,0.040414517847918455,0.6000000238418579,8.622437932537395,0.5345128305723228,0.11667988377080374,0.29735949437128895,-1.217764490189697,-3.2879901310128643,20.935906546852646,True,False,True,2.694601618193591
8.799850752,11.488437035027896,0.5052987758741646,0.07333291414520149,0.6000130076300346,4.367599859794664,0.019239690094479452,0.027553157110618197,0.6000000238418579,8.688448777241762,0.513407799228686,0.11715783626358175,0.2733347092866077,-1.1536234100552054,-2.719239002579814,21.00247099043654,True,False,True,2.761166061777484
8.90165888,11.54989312025124,0.5098140196929407,0.07341235074132202,0.599650229391382,4.04053041251532,0.021899455962486936,0.02079800483178197,0.6000000238418579,8.74990482768452,0.5017170147333934,0.1159831496791315,0.2589102114268206,-1.0666552321006109,-2.397665024964588,21.063913451735274,True,False,True,2.8226085230762195
9.001710848,11.599110137635074,0.516169379511582,0.07604576253779705,0.5924802067801164,3.899695405107654,0.0243090000003576,0.01072194615954794,0.6000000238418579,8.799199362083378,0.49381655084285064,0.11778861371035569,0.24881300328279357,-0.9157718504426278,-2.105946635898955,21.113506250589715,True,False,True,2.8722013219306604
9.102513664,11.666756062477146,0.5231021868328679,0.07897664330203646,0.5978356989023681,3.779464796501197,0.0249659996479749,-0.035545457728795984,0.6000000238418579,8.86699311575877,0.48666810686868944,0.11847548078741592,0.23863970316553232,-0.7478447523956319,-1.817788929245507,21.18150303859262,True,False,True,2.940198109933565
9.200948224,11.71376735541395,0.5287846018237279,0.08164774110630058,0.59576477571897,3.707785992185312,0.022800548035138285,-0.04362173604939,0.6000000238418579,8.914168841971474,0.48136979895916593,0.11981355187433501,0.2312368088486239,-0.5948021215446371,-1.593067494078629,21.22883760386457,True,False,True,2.9875326752055145
9.301924608,11.778834042096372,0.5353890828454603,0.08515621332135703,0.5946002720879212,3.6320780913510546,0.017742218386075537,-0.08396558824828695,0.6000000238418579,8.979497186271548,0.4744533164944675,0.12041051181165892,0.2214055011472896,-0.3937814710829867,-1.3163389427827084,21.294235895311886,True,False,True,3.0529309666528306
9.40026496,11.828178018448957,0.5387252851109282,0.08574168928085557,0.5979915298550488,3.5068509404144295,0.012473740766198378,-0.06755405387951935,0.6000000238418579,9.02902076969168,0.4700325145335817,0.11919792697798645,0.21477422912299576,-0.36023616959734817,-1.1575664903604386,21.343677657880203,True,False,True,3.1023727292211483
9.500760832,11.895953980714875,0.5437229033058708,0.08721954956189792,0.6007275706686162,3.47324382926994,0.005103444634248245,-0.03642896386846088,0.6000000238418579,9.096944506979593,0.4692516609358359,0.1179458437018428,0.21095633445781506,-0.27556101278360356,-1.0392842224021994,21.411626090799317,True,False,True,3.1703211621402616
9.604578816,11.955736173568024,0.5487434157227287,0.08914309007103594,0.5993848711021083,3.518146515774472,0.0,-0.025502242181680113,0.6000000238418579,9.15681340346201,0.47108179726107613,0.11745117836044434,0.21010706194814688,-0.16535025988755,-0.9739761560106978,21.47161668534095,True,False,True,3.230311756681896
9.709814016,12.009776022822098,0.5519175925869572,0.08946940086833965,0.5992889768790742,3.6152241267549305,-0.0022686581597960963,-0.02376666951480549,0.6000000238418579,9.210749629669905,0.47808500874062265,0.11570230760986602,0.21467222654887355,-0.06722859990612427,-1.0829151478409942,21.52555920797147,True,False,True,3.284254279312414
9.801801472,12.073121898920194,0.5576033765848757,0.08947037260784407,0.5996489480931015,3.633266439224261,-0.0045989998616278,-0.02548264655787276,0.6000000238418579,9.274072465720742,0.4846494835713976,0.11563076433209214,0.21836418587629597,-0.06717292333373497,-1.1009017837379422,21.589159703565965,True,False,True,3.34785477490691
9.899520256,12.124232983693746,0.5589957008372168,0.08704513699904526,0.5977838146455022,3.622152572863411,-0.0078840004280209,0.05974943946884335,0.6000000238418579,9.325027738949968,0.49228739701435065,0.1123908642936598,0.2236882003744837,-0.20612868804274784,-1.2287436820861,21.640186996275787,True,False,True,3.398882067616732
10.002837504,12.197072845904374,0.5623399308718449,0.08554419376117783,0.5982051330484033,3.613678982517579,-0.0029632201577600484,0.0681220727372492,0.6000000238418579,9.397779903757106,0.4994191549350371,0.10912799651096274,0.22752012022205054,-0.2921264008612517,-1.3062678045587786,21.71303054846279,True,False,True,3.4717256198037347
10.11228288,12.255478269438484,0.563151473863907,0.08400454670758206,0.5946051789213048,3.843908884160275,0.003203203102805998,0.03850798040443635,0.6000000238418579,9.455878856233367,0.5157898271276935,0.10464942546825474,0.2412446456389055,-0.38034167897204185,-1.6247129843122685,21.771269663339666,True,False,True,3.529964734680611
10.201840384,12.319851156811168,0.5663386786793044,0.08308857051018759,0.5924374623511933,3.820592190325888,0.0078840004280209,0.059611219808722936,0.6000000238418579,9.520227998128382,0.5204020988434731,0.10199659656743382,0.24293995477969688,-0.43282324921718723,-1.653877860723017,21.835666785962143,True,False,True,3.594361857303088
10.305825792,12.380873295131996,0.5708587819636568,0.08244462484231807,0.5956751284808882,3.732522873783173,0.012987387385840531,0.06948413862607516,0.6000000238418579,9.581292281541078,0.5224217265077211,0.10097449967942876,0.2421939385394849,-0.46971861822184363,-1.6027039131849605,21.896847567396343,True,False,True,3.6555426387372876
10.41087488,12.44185210613775,0.5725620115733694,0.08149781006293022,0.5978416702163065,3.8301729891799816,0.01789280809988345,0.07705683037486837,0.6000000238418579,9.642152518141488,0.5315471731174777,0.09715750703155937,0.2485569189746036,-0.46670034989689263,-1.708584672521946,21.957633114608033,True,False,True,3.716328185948978
10.500464384,12.501734453786016,0.577243705812573,0.08191948426939488,0.5996463168147157,3.717025706638079,0.022857394238019253,0.06019398807652998,0.6000000238418579,9.702141195803488,0.5295196043670721,0.09645954033223066,0.24386459075891542,-0.4425401975369394,-1.5712772376200954,22.017694139102325,True,False,True,3.77638921044327
10.605459968,12.560137381485577,0.5800871736862141,0.08297738102982599,0.5982091904117149,3.622142539150007,0.03366037895349839,0.03581012447085436,0.6000000238418579,9.760683952763916,0.5247653839597256,0.09406317072786716,0.23651258403598885,-0.3819271780036745,-1.4157810505987551,22.07611711990738,True,False,True,3.834812191248325
10.700292864,12.625161487003279,0.5855389340373155,0.08536798773784193,0.598566552218416,3.611671673829441,0.03784821756300016,-0.11435103254711433,0.6000000238418579,9.825859690106213,0.523013340166847,0.09367187121755036,0.23186492049266466,-0.24495550315869755,-1.2683385104332168,22.14136819556132,True,False,True,3.900063266902265
10.806423296,12.678315920391201,0.590226616581723,0.08859697743536588,0.597145650524228,3.599350997912657,0.03208861660504403,-0.13097882405470018,0.6000000238418579,9.879246064527509,0.5180605442539911,0.0935821735631677,0.22454375874254356,-0.059948021399351334,-1.071010352757084,22.194728856265243,True,False,True,3.953423927606188
10.906813952,12.749014637106889,0.5964639011806556,0.09104211499118708,0.5910004392976992,3.4642437565341284,0.017618724475819372,-0.1258790506999831,0.6000000238418579,9.950323696541677,0.5108542101509493,0.09346523454479665,0.21418483143077321,0.08014804087813765,-0.7958070491010841,22.265702080721223,True,False,True,4.024397152062168
11.001505792,12.802353829920168,0.601378961131787,0.09325021031915881,0.5949519246702973,3.255738729704,0.006953144341711973,-0.08635852650693711,0.6000000238418579,10.00421130606494,0.49940633640782883,0.09358546105079898,0.20035273067297077,0.2066625839334729,-0.46078747921560315,22.319267114557512,True,False,True,4.077962185898457
11.100737024,12.853015052569031,0.6061117688613631,0.0950147154752603,0.5962288922638256,3.297449129866592,-0.004809167619032211,-0.06642126783291744,0.6000000238418579,10.054979728625732,0.5012388649942701,0.09376390773280867,0.19992656515241627,0.3077612823071609,-0.4013991810045126,22.3701486151846,True,False,True,4.128843686525546
11.207858176,12.924330584736726,0.6130052253491487,0.09536106661989985,0.6021653106554982,3.433767841179926,-0.011865127249844513,-0.050767080735295914,0.6000000238418579,10.12608785055444,0.5138205461086461,0.09425690065920495,0.20936533042723568,0.3549606772805683,-0.413663468733463,22.441749922407297,True,False,True,4.200444993748242
11.302043648,12.9708373336838,0.6176293123543863,0.09446534185592803,0.6001143059717392,3.5663566470387447,-0.016889126593054297,-0.040100071476915106,0.6000000238418579,10.172290648697192,0.5274270288441133,0.09472129749216042,0.22098947371100366,0.30363942869963134,-0.5975735231732151,22.48848368123151,True,False,True,4.247178752572456
11.400143872,13.038719823304644,0.6239981116794707,0.09144546865595338,0.5996502505972232,3.6423640716787915,-0.021858197141259063,-0.028239122306755196,0.6000000238418579,10.239807514111243,0.5459603935832633,0.09502001438557087,0.23662724273930147,0.13061343967641723,-0.8466069368364908,22.556663625278016,True,False,True,4.315358696618961
11.500910592,13.08840351245316,0.6279141905169257,0.08819000867706661,0.5972208524049858,3.6740052706757833,-0.0243090000003576,-0.02255394197246591,0.6000000238418579,10.289214349652523,0.5605344394082442,0.09449631640465467,0.24908145748875074,-0.05591067748754253,-1.0647722529974248,22.606498656945433,True,False,True,4.365193728286378
11.601719552,13.154379617591438,0.6329887867148946,0.08470346458519407,0.5946030984293489,3.6961155765585194,-0.027169108735537868,-0.008838400311976538,0.6000000238418579,10.35495051930421,0.5764492106397539,0.09367573078116183,0.2621789385104171,-0.2556749390381117,-1.2866468204307375,22.6726645440401,True,False,True,4.431359615381044
11.719277824,13.213252240067188,0.6370722142074936,0.08195942778746534,0.5953187889384393,3.676140142573504,-0.0275940001010894,-0.004772457054315325,0.6000000238418579,10.413695738499525,0.5872385455664482,0.09250046300205306,0.2704537199855499,-0.41289666637656103,-1.4238931137841782,22.731666906729288,True,False,True,4.490361978070233
11.80049792,13.269330555432052,0.6411905214385312,0.07894947584397949,0.5942395075249715,3.525701746112023,-0.028419408553738045,0.04329313339023019,0.6000000238418579,10.469755109192349,0.5924327445023074,0.09160876309686754,0.2732529711319813,-0.5853542092755003,-1.4459122602216408,22.787889169044938,True,False,True,4.546584240385883
11.906093056,13.329776076434806,0.645499714672045,0.0751657545031752,0.6032419837357309,3.3223797656135865,-0.025145212115970806,0.07406029925479853,0.6000000238418579,10.530189245412299,0.5974000726219294,0.09051830113216432,0.2756390292690879,-0.8021454729571672,-1.4593815434048725,22.848478285628048,True,False,True,4.6071733569689926
11.999953408,13.377223493447671,0.6467615572423395,0.07151518514353628,0.5945265776334258,3.1571217827850604,-0.019293994226670854,0.08262469128818242,0.6000000238418579,10.577600626874043,0.6008071781467368,0.0875973326299292,0.2769879962083514,-0.7853577026329387,-1.8568682842995734,22.895504221824766,True,False,True,4.654199293165711
12.103505408,13.447309298303733,0.6515612381981541,0.06672842110119959,0.5913549096472656,3.052882229215687,-0.012386561144970118,0.09401000307852024,0.6000000238418579,10.647562391354837,0.6139147638600176,0.08641395097477376,0.28666568361856815,-1.0596190797838123,-2.026890107881075,22.965744214617033,True,False,True,4.724439285957978
12.200339712,13.496443962313991,0.6536367705286042,0.06490276488349833,0.595816911693825,2.8763377133217083,-0.0040321968681715555,0.08080234460454046,0.6000000238418579,10.696746532315611,0.612474889370563,0.08429965034247493,0.282827236001994,-1.1642214758999112,-1.9549479881032024,23.014877225665533,True,False,True,4.773572297006478
12.303060992,13.566937881004339,0.6570638444834953,0.062130113180060675,0.6090083941199999,2.6337018731686137,0.00545683371862182,0.0533411658770423,0.6000000238418579,10.767303628205443,0.6118084519300824,0.08171390487972374,0.27871825902884484,-1.3230827165666472,-1.8711733886168298,23.0854070160283,True,False,True,4.844102087369244
12.401781248,13.614125091273086,0.6590612979950589,0.060649469144002044,0.5951259087244715,2.2636117558402318,0.011898784074051722,0.03496839634480535,0.6000000238418579,10.814750845261948,0.5998681331061637,0.07968757438358041,0.2644766442044257,-1.407917370794023,-1.585917925515831,23.132592995070787,True,False,True,4.891288066411732
12.501037056,13.682315680694472,0.6622442297497825,0.05947292414749272,0.5960378490611654,2.151464095924037,0.01597693682630447,-0.2233040446210049,0.6000000238418579,10.882988506075401,0.6008653291470057,0.07705463017544367,0.2621425117155216,-1.475328433501241,-1.5411813283068478,23.200807034278185,True,False,True,4.95950210561913
12.601448704,13.7404627031981,0.6656101623179261,0.05966240976544235,0.5964017339094609,2.0582703681107986,0.01095835286938133,-0.21489792940810395,0.6000000238418579,10.94125161001828,0.5991477231583102,0.07545892242041563,0.2575835911737432,-1.4644717073142992,-1.4371308743066582,23.259029533750905,True,False,True,5.01772460509185
12.705329664,13.793127396059575,0.6676895702081241,0.05957378690293691,0.6021637826922663,1.453017181334673,-0.015567705675822718,-0.1611774785015499,0.6000000238418579,10.994766059032326,0.5719094708603765,0.073048010258653,0.22776617726029802,-1.469549423304229,-0.8369554035204777,23.311680092284654,True,False,True,5.070375163625599
12.806332672,13.859663213501667,0.6716220313027559,0.05818930421146851,0.5974929299355973,1.3430389906745774,-0.03621486470459119,-0.09462944398485117,0.6000000238418579,11.061353519192851,0.5743448256618662,0.07265666324687875,0.22576281321488662,1.3253461351081697,-3.3643273365250814,23.374697573395544,True,False,True,5.133392644736489
12.90118528,13.907445713035726,0.6741772914949508,0.054317547231633956,0.5988501598187225,1.2972134791877177,-0.0497342548810335,-0.0634698890738683,0.6000000238418579,11.108850392044733,0.5854968013783634,0.07353555429246994,0.23243316156847696,1.1035108008633319,-3.540337159283036,23.422540275732494,True,False,True,5.181235347073439
13.004281344,13.977872636539706,0.677838422635118,0.04668823993185178,0.5964066323429846,1.238008745217579,-0.056492631531400314,-0.018138169080560602,0.6000000238418579,11.178753263321324,0.6076192338507557,0.07472593908103276,0.24793489829807208,0.6663836919774629,-3.9182595341987856,23.493052249322208,True,False,True,5.251747320663153
13.100685056,14.022736762465257,0.6787927299934057,0.039933255937616874,0.5893619199333865,1.2199459237109906,-0.0591300018131732,0.004555800737573913,0.6000000238418579,11.223223239556146,0.6266004408213445,0.07410715137420956,0.2626828086043357,0.2793516184293795,-4.287228786240286,23.537922257115518,True,False,True,5.296617328456463
13.20105472,14.088444497510782,0.680164825386101,0.03041808615370689,0.5906264686543633,1.1589440922772827,-0.0597870014607906,0.05292950840636467,0.6000000238418579,11.288589886648559,0.6516313707485661,0.07317531670007431,0.28150371967787013,-0.26582745153907006,-4.771406024775016,23.603637710204723,True,False,True,5.362332781545668
13.30167168,14.135393292048876,0.6802423835896392,0.023780994374914766,0.592972047836457,1.0310989398617694,-0.05545903831016862,0.0817994583837864,0.6000000238418579,11.335440143385341,0.66404468964412,0.07160724994874644,0.2894902551642333,-0.6461047987048351,-5.023838219525272,23.650560375202765,True,False,True,5.40925544654371
13.405214464,14.205018430030224,0.6804483036804148,0.01395394584984011,0.6061223473598882,0.7529818146682681,-0.04886172659256494,0.12997258793784403,0.6000000238418579,11.405019352961668,0.6781748887967379,0.06937264972391023,0.2970648516931935,-1.2091532042618733,-5.3087694998888155,23.720149949162092,True,False,True,5.478845020503037
13.50130432,14.260900328440865,0.6810404600369183,0.008541461944966855,0.6129865184388794,0.5318528819024632,-0.039307749726570695,0.17734725418990094,0.6000000238418579,11.460901097407335,0.6831156013922168,0.06800575544108159,0.29676847659907823,-1.5192656886935982,-5.397753051554721,23.776018265935978,True,False,True,5.534713337276923
13.600840192,14.313496793542289,0.6800280785763417,0.0010121586756657308,0.6043803923797285,0.321076537815,-0.02549910133933421,0.19177467857174382,0.6000000238418579,11.513526310477939,0.6928847487671367,0.06517339534919982,0.3016212607855497,-1.8643676533228533,-5.535957211214255,23.828448785491965,True,False,True,5.58714385683291
13.70079744,14.3804400533356,0.6796483865963664,-0.00665402498229728,0.5888525391208453,-0.042499319306110714,-0.006871653744844386,0.20889240213086369,0.6000000238418579,11.580488990136184,0.696202651559234,0.06254829080259762,0.2987713101032592,-2.303607621896297,-5.61162132266659,23.89534163282166,True,False,True,5.654036704162603
13.800388608,14.43032645918851,0.6774819795278579,-0.00990868195628547,0.5962994235500958,-0.3384251672140898,0.012850714476924667,0.18442648798399885,0.6000000238418579,11.630348882107846,0.6886876854623094,0.05870965261657444,0.28670606337605087,-2.49008573026864,-5.5021735831309675,23.945127290047253,True,False,True,5.703822361388198
13.902021376,14.498633531486387,0.6767008423719489,-0.01055359290688429,0.5849736832477885,-0.6158394884328477,0.03356551873294508,0.13483641719233783,0.6000000238418579,11.698633584630697,0.6761553076512146,0.05563757943901047,0.267951412635147,-2.527036405899722,-5.261709937543292,24.0133697157629,True,False,True,5.772064787103844
14.000709376,14.551190525094707,0.6754448823447784,-0.009206463722756908,0.5852028930312546,-1.0076057084059122,0.04917882456923912,0.07486444201212146,0.6000000238418579,11.751288828671193,0.6519823512638153,0.05261929044647064,0.2390417764333755,-2.449851589190321,-4.792758900860814,24.065854998883907,True,False,True,5.824550070224852
14.101638912,14.622393360982505,0.6743646763734966,-0.004865718770156846,0.5985441018344219,-1.4447940361245961,0.06156251694316116,0.040031273417178014,0.6000000238418579,11.822973152026691,0.6173866657923613,0.04915117774773745,0.19800476063834146,-2.201145223463623,-4.106864207415437,24.136981526127364,True,False,True,5.895676597468309
14.20293248,14.681739657290283,0.6740130420034305,0.00015618167396924676,0.6064905893344441,-1.8028546378410701,0.06686114691750328,0.019085056030875056,0.6000000238418579,11.883139465771684,0.5854863904680656,0.04680895681804455,0.1607102441400885,-1.9134115228803243,-3.461069905115678,24.19628262673517,True,False,True,5.954977698076114
14.300329984,14.736694413415723,0.6730902071269776,0.0056334446805910154,0.609915542696646,-1.9946077518347565,0.0683280006051063,0.00603088828768307,0.6000000238418579,11.938984322333132,0.559872513038828,0.04404317202681771,0.13007266174219828,-1.5995874693177612,-2.9554927375594153,24.25117549767033,True,False,True,6.009870569011277
14.40081024,14.80663429521275,0.6736209398497268,0.013420502903203069,0.616595543835798,-2.0360747311176173,0.069641999900341,-0.050440740945906816,0.6000000238418579,12.009989088421989,0.536596900592848,0.04227724777164172,0.10042522436285996,-1.0886126366537843,-2.388434758811871,24.32104602778251,True,False,True,6.079741099123456
14.503698176,14.861906922632372,0.6744394580828951,0.020601793213301356,0.6262162829412481,-2.0272343854701673,0.06555488621963902,-0.07455288889088323,0.6000000238418579,12.066293622506914,0.5177669456193289,0.041303690320323924,0.07657595824168259,-0.6771550104269582,-1.9858174782324793,24.376316141766974,True,False,True,6.135011213107919
14.611184384,14.929995802752607,0.6760834664332628,0.026452896197253217,0.5467381566841326,-1.9843466302705532,0.05864078427025643,-0.1293712909264383,0.6000000238418579,12.13521832521978,0.5051482416396517,0.04073975422749919,0.05777008328117031,-0.3419115039501143,-1.6934617269552545,24.444422531596175,True,False,True,6.20311760293712
14.745660416,14.9968053154907,0.6762312080656613,0.031772788358223725,0.5707559941398216,-1.2357812053284993,0.04681578687234013,-0.1506464168338552,0.6000000238418579,12.200787774009248,0.5269465547083464,0.03872180800457756,0.07354364833609425,-0.0371041356617731,-2.1372197836089715,24.511201725308982,True,False,True,6.2698967966499275
14.801323264,15.041133031457921,0.6774979249403035,0.035531876871569334,0.6013995472947163,-0.9818874537124058,0.04382698199242511,-0.17207363854959573,0.6000000238418579,12.24501577350674,0.5300927697130615,0.038550989674604005,0.07267348676744168,0.17827577096903738,-2.1757336285942572,24.555547207554746,True,False,True,6.314242278895691
14.90294016,15.10160999726302,0.6797339264461361,0.0411184435033789,0.5964111525793435,-0.7584402373995062,0.023238432858116786,-0.14927573348280243,0.6000000238418579,12.305745341386487,0.527612836453995,0.03882547355631648,0.06470657328142562,0.49836246094034115,-2.0790941549358646,24.616064872366962,True,False,True,6.374759943707907
15.0044672,15.154602872147265,0.6806265599787333,0.04223757973827569,0.6202543702982377,-0.3879968817540251,0.002323824262857624,-0.11701367016048773,0.6000000238418579,12.357964889314278,0.5434551599864483,0.03799988994853111,0.0757570151291056,0.5624842439000887,-2.3854157276215924,24.66905883423836,True,False,True,6.427753905579305
15.101754368,15.220669001475908,0.6825555944641968,0.04220931285250762,0.6097771773374795,0.058350806116807735,-0.009248103539330114,-0.06940262475388055,0.6000000238418579,12.423044031883435,0.5672536885271331,0.03778639706837921,0.09356696616209434,0.5608646706455999,-2.833382988746912,24.73515277525647,True,False,True,6.493847846597415
15.215862784,15.28340562967843,0.6851967092821312,0.04141537923590821,0.623075650785169,0.49097054543268637,-0.019972872587882454,-0.040829288125007586,0.6000000238418579,12.484915927532747,0.593243531063242,0.038420794769358405,0.11390077121558688,0.543723472929429,-3.254225014342994,24.79792304444419,True,False,True,6.556618115785135
15.316342528,15.349468516880707,0.6878942237391079,0.039119727248037695,0.5838371523237366,0.8538453750188824,-0.023616035392490197,-0.040834224216845336,0.6000000238418579,12.550289546379764,0.6200923719555553,0.03900819462840605,0.13478934766733036,0.41219230279363067,-3.7486310140650003,24.864038372554635,True,False,True,6.62273344389558
15.399429888,15.388474172586294,0.689234823471269,0.0372582640541359,0.5889028637252861,1.1026411603462642,-0.026347974955730248,-0.03422644787317894,0.6000000238418579,12.588928443244226,0.638799624229171,0.039103043224935664,0.1499624054940511,0.30553831806411563,-4.104080784121891,24.903066943991575,True,False,True,6.6617620153325205
15.503958016,15.46361913903002,0.6907452737665316,0.03282161999862243,0.5820788148315661,1.4156389219138619,-0.030382315135065313,-0.034963454041371377,0.6000000238418579,12.663711311677142,0.6680261556480429,0.03821408211813849,0.17237677875751764,0.05133733848138837,-4.671279525272228,24.978221831990123,True,False,True,6.736916903331068
15.619061504,15.542663499523641,0.692592491080537,0.027133288361604002,0.5901966953142631,1.5581615088364593,-0.0359192373832672,0.009513830182210529,0.6000000238418579,12.7426635048637,0.6927654197676455,0.03753724701640203,0.18994865077817766,-0.2745800567905102,-5.1397195074667295,25.05728487665636,True,False,True,6.815979947997306
15.701399808,15.589451679456564,0.6939621785197587,0.023475125382483863,0.5929062599869841,1.655873952753321,-0.0348209999501705,0.05827969579580454,0.6000000238418579,12.78949288719915,0.7091530198528667,0.037412748834958154,0.20207813152127807,-0.484177356265098,-5.447029250858159,25.104092934993783,True,False,True,6.862788006334728
15.802953984,15.64281612795101,0.6967007599851457,0.01944186564102024,0.5980013477642825,1.5164156111442204,-0.030060074321261045,0.09493930421435748,0.6000000238418579,12.842885210272959,0.7163694211126375,0.03844653136896229,0.20448570244043235,-0.7152661171309892,-5.538659670114961,25.157517606122685,True,False,True,6.91621267746363
15.900492288,15.713110769552927,0.6984839063376075,0.012395912799419317,0.5992881432281091,1.4050039334428295,-0.023345743048996094,0.12925602755179944,0.6000000238418579,12.913316623938043,0.7324359634272816,0.03797752618209197,0.21419395161164664,-1.1370937545351616,-5.80359641672947,25.227845359955072,True,False,True,6.986540431296017
16.001436416,15.769476044301356,0.7030013694470733,0.009624814545647009,0.5979375139296998,1.3673184440870092,-0.013333594214561015,0.1351064383339508,0.6000000238418579,12.969759903992147,0.7428703259433211,0.04067563033518553,0.21956071630188467,-1.2958659890923871,-5.924683161930875,25.28432696673454,True,False,True,7.043022038075485
16.101796864,15.838025309524566,0.7036693879295941,0.0038582939938556216,0.6039682674258122,1.12054401032758,0.0010154508930588105,0.1033419015673898,0.6000000238418579,13.038370339574065,0.7476244699049612,0.03913352305440512,0.2181863703420566,-1.6262632791854843,-6.008306018264554,25.352862139576445,True,False,True,7.11155721091739
16.203232768,15.89303105889663,0.7075849117854374,0.002422749382494427,0.609704696333253,0.8699008654018043,0.012637445863705339,0.09323125476158817,0.6000000238418579,13.093258996331155,0.7433116199722366,0.04127382694280056,0.20900294362067498,-1.7085139267192289,-5.839913520872525,25.4079655232322,True,False,True,7.166660594573145
16.303411968,15.96585838807598,0.71073543072631,0.0014633628609317384,0.5939044844169766,0.706636474430581,0.021951117712302924,0.07193448183818196,0.6000000238418579,13.166023799114207,0.7411701880484763,0.04207502070294739,0.20039047845384392,-1.7634827253265075,-5.731617928508571,25.480856563378108,True,False,True,7.239551634719053
16.403819264,16.022521278399594,0.7112090315161198,0.000795087142445805,0.5949572927906934,0.5274365872667219,0.029695025068096695,0.07754954995867872,0.6000000238418579,13.222620306996832,0.7347579240138579,0.040721770196539935,0.188963897583923,-1.8017721035468244,-5.590707419565039,25.537505271665246,True,False,True,7.296200343006191
16.503921664,16.0739831399995,0.7142363927648872,0.0026699540894892237,0.5996349522797482,0.3028769050769274,0.038359263461256225,0.06886682698333017,0.6000000238418579,13.273992722628062,0.7215618707786405,0.04208861511032932,0.1712456706118459,-1.6943501403326588,-5.25872577416108,25.589037978274153,True,False,True,7.347733049615098
16.609776128,16.14465219460674,0.715256170616496,0.0051999033070764256,0.5902853444576434,-0.08223908373448266,0.04610488327669606,0.06175152276458756,0.6000000238418579,13.344713831467583,0.6966776178841567,0.04082975009294431,0.1401627198147405,-1.5493947277824873,-4.728654372799488,25.659703178230114,True,False,True,7.418398249571059
16.70120832,16.1954790739355,0.7188573666751564,0.007720424770119916,0.5902696463401826,-0.15457416268083363,0.05127894600258073,0.03464051124350696,0.6000000238418579,13.395631028550412,0.6896867864048404,0.042756331175111593,0.12879994312654086,-1.4502630323435268,-4.285954064397296,25.710653536810387,True,False,True,7.469348608151332
16.802127616,16.264581916079788,0.7196123573765667,0.011237312453638904,0.5967517415884751,-0.24072303638454293,0.0571589991450309,-0.005141695863904416,0.6000000238418579,13.464915605244519,0.6763856529679102,0.04122870000050665,0.10964963876400138,-1.248760211056348,-3.9983023694063977,25.779743616752242,True,False,True,7.538438688093187
16.90595968,16.3204153098359,0.7221787943243105,0.016999109544614477,0.6007242529020745,-0.3430578036892461,0.056192583271170035,-0.04742076483705072,0.6000000238418579,13.52115501441055,0.6578219885057466,0.04194976745529783,0.08636629571334416,-0.9186335553326925,-3.5658409463780356,25.8356313123449,True,False,True,7.594326383685846
17.003232512,16.390010649110014,0.724736543040401,0.022906762553834614,0.6093764874309043,-0.34540430932847704,0.052338010934394864,-0.12685184041538586,0.6000000238418579,13.591182711855105,0.6437292739750284,0.04220764551161995,0.06636402927869622,-0.5801499710766181,-3.2250108564827324,25.905273159147534,True,False,True,7.663968230488479
17.100456704,16.44650075929725,0.7260931716910217,0.027757545001785733,0.5989469603008825,-0.2504438506990293,0.04521326074893258,-0.12440518166345203,0.6000000238418579,13.64794578203249,0.6361485263438018,0.04169787573698611,0.053979170065207555,-0.30222060947288115,-3.0420419535084555,25.961777257450567,True,False,True,7.720472328791512
17.213913344,16.505976141943197,0.7276784194477491,0.03130868476727011,0.5906448730026511,-0.056699572008479346,0.028357002550038,-0.1042796328328795,0.6000000238418579,13.707436465343767,0.6372589608187852,0.04131800790011566,0.050021778661248906,-0.09875528844954932,-3.032320911175664,26.021272550136278,True,False,True,7.779967621477223
17.302151936,16.567296908737166,0.7298354411382028,0.036086920610526096,0.5877483485655324,0.1693343399951385,0.020215749062923016,-0.07869937877306311,0.6000000238418579,13.76883354101293,0.6370842713045035,0.0414486559058767,0.044621656785191414,0.17501745888715256,-2.9845820758425843,26.082631103850265,True,False,True,7.84132617519121
17.401583872,16.61872127314024,0.7314254528034073,0.038428128734972145,0.5960737647986863,0.40780526922990434,0.010111578595468027,-0.0744765274569021,0.6000000238418579,13.820093654762173,0.6437701412044101,0.04134082174815387,0.046920045338087635,0.3254636834742339,-3.088911660584852,26.134068163269795,True,False,True,7.89276323461074
17.500617216,16.648431579392764,0.7326609338647464,0.03960324555365613,0.5963935122607353,0.5011585045199483,0.004722300308037945,-0.06036322691965915,0.6000000238418579,13.849764436259552,0.6462767805344949,0.04160286961884331,0.0476739428238855,0.3927929176196662,-0.2407150882870206,26.163802992039862,True,False,True,7.922498063380807
17.59962752,16.737611584549057,0.7362310107545507,0.04153173077031802,0.5988939001724395,0.6323989676194716,-0.002938331574311393,-0.0799921348552355,0.6000000238418579,13.938913345789821,0.650860240780562,0.04225111287050867,0.04912987558397646,0.5032869813877647,-0.26146148761843085,26.253052073544172,True,False,True,8.011747144885117
17.702306048,16.797544965604157,0.7384196064757775,0.040589062456076075,0.6081279355010254,0.8207218800107119,-0.009688929761335837,-0.09556103246160808,0.6000000238418579,13.998510683002081,0.6648867239110066,0.04247620460597582,0.061058825390805614,0.4492760655009892,-0.5037953158964443,26.31302497950709,True,False,True,8.071720050848036
17.800256,16.86617146913834,0.7413557262819398,0.03932268953431972,0.6043476586555806,1.2492318336122712,-0.017499438849373727,-0.08645388758387318,0.6000000238418579,14.066601163243837,0.6923036890790737,0.043163790609731495,0.08607234071455375,0.3767182417946993,-1.004863093204304,26.38171082238851,True,False,True,8.140405893729454
17.906293504,16.92679090080206,0.743835943226835,0.037416387434072274,0.5953356092111839,1.5717534421179562,-0.028197085640844832,-0.05215724346362733,0.6000000238418579,14.126930455211575,0.7158808861200276,0.04365788463862344,0.10752048057579139,0.26749517697359576,-1.4366077665310877,26.442378959350318,True,False,True,8.201074030691263
18.003527936,16.976652275688213,0.7465849560623368,0.034917724115415716,0.5871888161582588,1.7250230327026777,-0.03510736039093035,-0.0030949397482177986,0.6000000238418579,14.176684671452445,0.7331159089461788,0.044772869262045524,0.12300100458329499,0.12433231439042311,-1.733040219698982,26.492303608436686,True,False,True,8.25099867977763
18.103337728,17.04337242974117,0.7488454987058104,0.030487691334256883,0.5935527296153964,1.658931328897547,-0.0361349992454052,0.06070994396637805,0.6000000238418579,14.243375723633127,0.7445506431645253,0.044847657753110746,0.1320911599536597,-0.12948986707458024,-1.9207706973588514,26.559062004287505,True,False,True,8.31775707562845
18.205117696,17.09678187142039,0.7527244921335494,0.027015292807632374,0.5952916887915027,1.6438358494082852,-0.032260944525762315,0.07337719190467341,0.6000000238418579,14.296785799553021,0.7574146442954778,0.046977438749026317,0.14307698191053428,-0.3240554867415126,-2.0183336628568824,26.612566217670228,True,False,True,8.371261289011173
18.302236672,17.163287664540988,0.7559363346169604,0.02341304725480775,0.6006376116065612,1.645257777017213,-0.024507889146680777,0.07213898306053045,0.6000000238418579,14.363327021886159,0.7707821954527182,0.04801513446477589,0.15420486999798563,-0.5304489536881336,-2.2261490574124245,26.67914143556953,True,False,True,8.437836506910475
18.399805184,17.213474722665296,0.7587770537758218,0.019169373107175147,0.5902208007085018,1.5400267263115488,-0.018480274739067538,0.0639107307835383,0.6000000238418579,14.413557925943085,0.7803624987060437,0.049214961544574026,0.16209477482715812,-0.7735935719762588,-2.364062624994884,26.729394504167285,True,False,True,8.48808957550823
18.502096128,17.282427489186766,0.7614746621216795,0.014040161090575154,0.6036972130399602,1.4233277621102973,-0.010788667682887994,0.05373039618409546,0.6000000238418579,14.482590831825682,0.7917185391402831,0.04965876638612896,0.1711287001998824,-1.0674757727552244,-2.541245861572602,26.79839859201007,True,False,True,8.557093663351015
18.615872,17.34138289075853,0.7657159596941437,0.013487010172387404,0.602408298474321,1.2942161257951477,-0.0042577067029722785,0.043716117945237325,0.6000000238418579,14.541498857656633,0.7911993107501943,0.05197200374499674,0.16863368145072477,-1.0991689858011686,-2.4438274383033796,26.857461075131827,True,False,True,8.616156146472772
18.7008064,17.400411644528077,0.7680372086477314,0.010923536463346206,0.5995513127491625,1.026381088721341,-0.0013576307481294463,0.05272421043219332,0.6000000238418579,14.600480052165313,0.7876095894154049,0.05236382105356209,0.16306744336859047,-1.2460452102219766,-2.3228686256503974,26.916534152311595,True,False,True,8.67522922365254
18.802134528,17.457306945724472,0.7689938712338643,0.008597242461637844,0.5942516547158128,0.7232616221287205,0.0032085853972630366,0.08189569140865315,0.6000000238418579,14.657329638451184,0.7802667925337036,0.051461470114129784,0.15382174723043004,-1.3793320384264647,-2.1530359872622484,26.973430340798295,True,False,True,8.73212541213924
18.89980416,17.50570088585833,0.7735217820589785,0.010127219504028062,0.588473029802162,0.5755510499758855,0.010156166338236116,0.08896625836622399,0.6000000238418579,14.705700895262444,0.7732922977870477,0.05440616124986885,0.14522855335938745,-1.291670811145597,-1.9176641878285547,27.02194636095901,True,False,True,8.780641432299955
18.999862272,17.56826411768709,0.7745949376464073,0.00929186828165296,0.5981949947329304,0.38407964957588225,0.017876252142844717,0.08069309537363774,0.6000000238418579,14.768273497522301,0.7673473870807601,0.0534318481808142,0.1371978959727406,-1.3457895186081252,-1.709245625196074,27.084517095496096,True,False,True,8.843212166837041
19.099936768,17.62818269888357,0.7766012787698544,0.009587128888855379,0.6014499961332256,0.21975674600849798,0.026975679444471774,0.055037946891006995,0.6000000238418579,14.828229012826597,0.760496747234711,0.053473312537851446,0.12840741614265636,-1.3288723319589566,-1.5280055349795323,27.14446924356445,True,False,True,8.903164314905396
19.207094528,17.6988825777718,0.7785574218419465,0.01130731909149274,0.6003719728151901,0.14114202640179865,0.03452947260636388,0.012704191073986418,0.6000000238418579,14.898992078096457,0.7537947517970794,0.053111254643874735,0.11941517913462323,-1.230312693388082,-1.3508311768019416,27.215195252108767,True,False,True,8.973890323449712
19.304550912,17.752947500377825,0.7792219912497467,0.012164995025909953,0.600362570800378,0.020084857372559866,0.0361349992454052,-0.022000245614298718,0.6000000238418579,14.953142911763457,0.746142306034651,0.052003518597202786,0.11001147173833647,-1.1811714821560364,-1.180632796540667,27.269252910490756,True,False,True,9.027947981831701
19.400845056,17.802617081890386,0.780570061626986,0.013159176417196328,0.6002811343055025,-0.1091365741072028,0.0348209999501705,-0.03825426459393994,0.6000000238418579,15.002934768308354,0.7383925437299677,0.05172297123844469,0.1006517938686395,-1.1242090843648829,-0.99444896726975,27.31893999044676,True,False,True,9.077635061787706
19.500864,17.873493900892424,0.7816192695204698,0.01526083982227977,0.5883360022920959,-0.15247894707401718,0.030719280960827478,-0.01843365795702874,0.6000000238418579,15.07394357116611,0.731440077326012,0.050448666279751586,0.09140125200553378,-1.0037926412965081,-0.8306901512345658,27.389813119740758,True,False,True,9.148508191081703
19.600409344,17.92433859928952,0.7816161248422552,0.01700352198291366,0.6064251924913365,-0.10953162043761885,0.0282509997487068,-0.009349489377840933,0.6000000238418579,15.12483948356019,0.7286566966853418,0.04877911595777824,0.08696955835645552,-0.9039443084594468,-0.7737891450339021,27.440630399938573,True,False,True,9.199325471279518
19.701435392,17.994171842269978,0.7823455372764776,0.018533947661985906,0.6061523789488481,-0.0033110804488587606,0.0275940001010894,0.00562981852112711,0.6000000238418579,15.194655742085558,0.7302916727877244,0.047219389978969524,0.08634060231169957,-0.8162573761901643,-0.7923227527533748,27.51045003272576,True,False,True,9.269145104066705
19.799755776,18.042655869867122,0.7824961709947486,0.01961879273990208,0.6083055686134153,0.0978903931824562,0.0282509997487068,-0.0008447895882123536,0.6000000238418579,15.243104947398052,0.7323500594548197,0.04578279226914421,0.08683652206829758,-0.7514741923073591,-0.8030193342660223,27.558910851941523,True,False,True,9.317605923282468
19.902449152,18.111727967468944,0.7833270853198169,0.020282191829044116,0.5750235691890611,0.1674955100851228,0.0282509997487068,-0.01747523704073443,0.6000000238418579,15.312149818112019,0.7347247639426899,0.0443526252307629,0.08700609097116185,-0.7134642243666974,-0.8346144832280332,27.62797314055096,True,False,True,9.386668211891905
20.011037184,18.172036126533477,0.7842208928174619,0.02140551729292861,0.5880863449812613,0.3059669423579118,0.026482139824977692,-0.034877744024121596,0.6000000238418579,15.372397454073766,0.7392397448994021,0.04327214951221608,0.08959565511928567,-0.6491024162665405,-0.9087241074006521,27.688278244097987,True,False,True,9.446973315438932
20.101946368,18.22139463219077,0.7840736233914394,0.02172650355895156,0.5971122508745705,0.56296467425334,0.02406135623568086,-0.05653702616718728,0.6000000238418579,15.421592914386814,0.7507518439968234,0.041509521930269695,0.09953155938422238,-0.630711257941762,-1.1473306809713186,27.7376054872098,True,False,True,9.496300558550747
20.202444544,18.291007764435086,0.7856051675494238,0.024759215283473246,0.5979772453110173,0.511187892438816,0.018612602071953744,-0.06405417267284325,0.6000000238418579,15.491358905348978,0.7412625715738873,0.04076190204823171,0.08782017871516155,-0.4569496756468278,-0.9217923168618498,27.807231451281293,True,False,True,9.565926522622238
20.300982016,18.34440440343183,0.7857213741838819,0.025013113557671218,0.6028899391352901,0.41409595850658676,0.01569921210240536,-0.04743091230973506,0.6000000238418579,15.544847259099747,0.735923827867005,0.039130446739877124,0.08077679703384763,-0.4424023761096287,-0.8101530833924337,27.860603287615707,True,False,True,9.619298358956652
20.400753152,18.416242330002266,0.7869292368201627,0.02544525398959241,0.6183099471888842,0.6552875212638587,0.006362875334001376,-0.005629011167977838,0.6000000238418579,15.616517052111375,0.7477071978781448,0.037986504235008,0.09026644897823517,-0.41764255320358395,-1.0265848232436454,27.932442260476076,True,False,True,9.691137331817021
20.502639104,18.47065316600151,0.788961611906812,0.026916061926307577,0.6058000646533093,0.8253269895854936,0.005660075122535537,0.01019495338386658,0.6000000238418579,15.670872311923741,0.7539306379045982,0.03823653138868852,0.09475168737520244,-0.33760312910153073,-1.1123532043171518,27.98689328811221,True,False,True,9.745588359453155
20.600507648,18.530365070505926,0.7912806990110921,0.02823680090170555,0.5899258721686552,0.9418190639521058,0.0065700002014636,-0.004632061159692866,0.6000000238418579,15.730559969794806,0.7582443851732443,0.03859567296860311,0.09714444727264614,-0.26193035997279424,-1.1712967864872699,28.04664913068737,True,False,True,9.805344202028316
20.705659648,18.598593229686447,0.7935638505337086,0.02908191770283519,0.5875168391469101,0.9970040296832726,0.0065700002014636,-0.027046359813275838,0.6000000238418579,15.79878424879096,0.7608580330545918,0.03863954417940816,0.09755743456770123,-0.21350873407246884,-1.1780601263181119,28.11491546617826,True,False,True,9.873610537519205
20.799548672,18.64926835429213,0.7977308966485125,0.030789908427473645,0.5881029252738159,1.058604299107573,0.0037854552606884444,-0.043203836857473775,0.6000000238418579,15.849480632387564,0.7632531897576422,0.041142078934074976,0.09831707973125794,-0.11564807410319435,-1.141799735773128,28.165700009564272,True,False,True,9.924395080905217
20.905035776,18.720203415253224,0.8002546517539207,0.031904805455313046,0.5965536767711229,1.138440754236431,0.0,-0.06526424885605063,0.6000000238418579,15.920406199482722,0.7665567206045604,0.04133763120333469,0.09933251175433686,-0.051769179816317214,-1.15775729661511,28.236679682518552,True,False,True,9.995374753859497
21.016373248,18.781553267264254,0.804524752465346,0.03282316973180155,0.6038225421023755,1.228866883569579,-0.005372243512831198,-0.04483415942110381,0.6000000238418579,15.981734424815937,0.7726743290558914,0.0435930077491222,0.10346994216535597,0.0008492172820594577,-1.1955650288498925,28.298136589197117,True,False,True,10.056831660538062
21.102606848,18.846725450385883,0.8079731176503457,0.032951288344243324,0.60319421133317,1.224912283526063,-0.008570754931037336,-0.010826873704320877,0.6000000238418579,16.046912941317007,0.7755707402460319,0.04490170910829317,0.10426373009635746,0.008189873052045406,-1.1842697730363727,28.363386815066768,True,False,True,10.122081886407713
21.202998272,18.904745825382836,0.8103611554047051,0.03278849010247775,0.6009046117251934,1.28337872985962,-0.0118260001763701,0.009411742517196686,0.6000000238418579,16.10489693676619,0.7812716227148866,0.04538525056630726,0.10809245689637359,-0.001137779113272251,-1.252063871535251,28.421454300174716,True,False,True,10.180149371515661
21.301144064,18.948121395443607,0.8147161007504604,0.03360492223300193,0.5899261660990524,1.3821724635244836,-0.011047044996463595,0.013147367609505304,0.6000000238418579,16.14824725186879,0.7881684051598103,0.048302856091396305,0.11358819867353417,0.013333161466530366,-1.304079489862205,28.464976620594243,True,False,True,10.223671691935188
21.408945664,19.02407439601066,0.8180402431864906,0.032128875212749985,0.5928672015292608,1.358912487149868,-0.0091979997232556,-0.0011679746978143757,0.6000000238418579,16.224173447220004,0.7944886623227475,0.04909089826527847,0.1173987002141165,-0.07123810315676736,-1.4106743246764744,28.540998243883976,True,False,True,10.299693315224921
21.500205056,19.073036490632834,0.8213403274530715,0.031145900135543858,0.5920740246494562,1.36875448318702,-0.0091979997232556,0.0042489533235190585,0.6000000238418579,16.2731102124142,0.8010219480702344,0.05075547478760671,0.12231222249344281,-0.1275584264472247,-1.4768366440040732,28.590043187058154,True,False,True,10.348738258399099
21.600936704,19.14161509383109,0.8235297734493203,0.02901506426770295,0.5988472103037392,1.390624718036643,-0.0085410000756382,-0.005759789922057792,0.6000000238418579,16.341646602641887,0.8102463872968076,0.050655506615569175,0.129268127421551,-0.24964632850960478,-1.6207947809160803,28.658656658743812,True,False,True,10.417351730084757
21.700545792,19.191292380561208,0.8257204579541384,0.028236311046431428,0.6000087231042208,1.29943050161439,-0.0091979997232556,-0.0038654759109403476,0.6000000238418579,16.391335612337876,0.8101610209346827,0.051187437976105296,0.127541764335291,-0.29426560137068053,-1.574219837354905,28.708379379551246,True,False,True,10.467074450892191
21.800572416,19.26384246021753,0.8286901540787867,0.02685834210921767,0.5975946533775838,1.1851919932462311,-0.010063259443701346,0.021252868458169254,0.6000000238418579,16.463895805575646,0.811406313078408,0.051734773123573,0.12638998368007318,-0.3732174057731564,-1.5389331333892173,28.780988150216004,True,False,True,10.539683221556949
21.90176,19.3145410314521,0.8314827749165264,0.026384174556260298,0.5967643476550495,1.1363888452184616,-0.0085410000756382,0.04662617557812185,0.6000000238418579,16.51460110294701,0.813141652733841,0.05283422945871519,0.12644976918193146,-0.40038520533965977,-1.517297784927951,28.831751671096036,True,False,True,10.590446742436981
22.002128384,19.38272961508743,0.8345635452613742,0.024765342196777063,0.5931910428882475,1.269305814013389,-0.0041534623902950455,0.060384830399063914,0.6000000238418579,16.582739165009283,0.8272505792983601,0.053638102746025436,0.13830065217835566,-0.49313746727725405,-1.7429670156604613,28.900005080328455,True,False,True,10.6587001516694
22.101679616,19.438678950209425,0.8360636085876694,0.023843328275613196,0.5986514293727666,1.1274874381931264,0.0003340677950152373,0.06371626337717637,0.6000000238418579,16.638703235825222,0.8244017537319489,0.05320765020986811,0.13361302595527544,-0.618046081809053,-1.6376712660806265,28.956040291550973,True,False,True,10.714735362891918
22.202152192,19.4917429436419,0.8390731330132749,0.022992788662941965,0.6018104985010753,0.9077701761497629,0.006351170711922383,0.04478029149494394,0.6000000238418579,16.691814499026957,0.8190555148694473,0.054378117217287116,0.12653069182095195,-0.6667784119238062,-1.4666863341520116,29.00917666932792,True,False,True,10.767871740668866
22.301398272,19.558938910686987,0.8407463640344564,0.02170280781531897,0.6005669545258102,0.7801707712642122,0.011296361700190065,0.1280374779672142,0.6000000238418579,16.759030452809554,0.8181050852184182,0.05372379580682812,0.12337999620087518,-0.7406888701453124,-1.4129973874879762,29.076390280692486,True,False,True,10.835085352033431
22.402183936,19.611953895739358,0.8428352237885781,0.02101690529934208,0.599651798315072,0.6941114628082183,0.016586037837572225,0.10393228360710775,0.6000000238418579,16.81206484819693,0.8179089033232262,0.05397584697774145,0.1214474745823386,-0.7799881894681926,-1.366237398354853,29.129445802981714,True,False,True,10.888140874322659
22.502633728,19.677977842331913,0.8442177794563199,0.02074367430164381,0.5927209435042183,0.6969246566800571,0.03337120498825964,0.08563864025766885,0.6000000238418579,16.878080905726414,0.8201939498879885,0.053071603763057605,0.12156980728861495,-0.7956431724684523,-1.3847055752269462,29.19547803244612,True,False,True,10.954173103787063
22.601045504,19.724621124433337,0.8453533098195883,0.021554948485570158,0.5924340190025674,0.7459832634051277,0.04050901476497437,0.07607053730339994,0.6000000238418579,16.924723110545603,0.8214553637253901,0.05259150680453304,0.1213033921281265,-0.7491605857015524,-1.3872815951851127,29.242132664598877,True,False,True,11.000827735939822
22.701846016,19.794793100609812,0.8469178326678005,0.02276162971069784,0.59644712667372,0.5991850094444898,0.048169283718947443,0.0719103598245686,0.6000000238418579,16.995005037531584,0.8124678421791279,0.05172550300519388,0.11001952809360689,-0.6800228442840608,-1.1713455998069948,29.312316736934942,True,False,True,11.071011808275887
22.804576256,19.85773435724472,0.848428878714192,0.026508388347996625,0.6021495074770401,0.6341665373263696,0.05711770493412759,0.057915511197369,0.6000000238418579,17.058068105729575,0.8051983324866269,0.05105451103483085,0.10068911367157593,-0.48236845449482163,-0.9916536709174625,29.375287738940063,True,False,True,11.133982810281008
22.900736768,19.9150422725299,0.8500244926132106,0.031269943365277886,0.5981298512526033,0.6703168202216699,0.06340556989232558,0.0235477116261129,0.6000000238418579,17.11557847306173,0.7952300087006339,0.05064794761805032,0.08884627514987155,-0.20955144808526366,-0.7505987867071241,29.432616421501553,True,False,True,11.191311492842498
22.999544832,19.96481687600857,0.8508442276690935,0.035327231003918325,0.5964047618375747,0.48646109030569745,0.06674828671063472,-0.03465261959415816,0.6000000238418579,17.165825121120346,0.7757099740444167,0.049729043357317704,0.06769533479250033,0.022914009879433345,-0.3342775988264344,29.48238929294756,True,False,True,11.241084364288504
23.1002816,20.032925432027593,0.8530913221890855,0.040027467078755485,0.5930676150394728,0.35636366824883886,0.0637290030717849,-0.1480243745440246,0.6000000238418579,17.23452542895352,0.7584476599868927,0.049596402636014246,0.04819811556260079,0.2922176996827388,0.06512351303372309,29.55053477880845,True,False,True,11.309229850149396
23.200749824,20.091045810631396,0.8554054044877814,0.04586178618402803,0.5971202835035772,0.47043382137456174,0.05680925338720615,-0.19299445085225073,0.6000000238418579,17.293030230723257,0.7500070430616075,0.049879498041918734,0.037850925160956186,0.6264995607473983,0.2853352209726588,29.60870051823404,True,False,True,11.367395589574986
23.299615744,20.141465106708285,0.8570794387076968,0.049946065206118107,0.6003669733372505,0.8165339312359273,0.04037250615517656,-0.20699307014087515,0.6000000238418579,17.343248689528682,0.7571550541634837,0.04979185911350835,0.04335471986774516,0.8605115110669788,0.17324706143086563,29.659147521384643,True,False,True,11.417842592725588
23.40478208,20.212675119668337,0.8607724719987931,0.056521807604416274,0.5991767216315927,0.7721500546646588,0.018808908301388066,-0.1796347009819132,0.6000000238418579,17.415268769736148,0.7402829979395872,0.050995971777982554,0.0241391087948564,1.2372737976546977,0.5943932245898619,29.730443065097774,True,False,True,11.489138136438719
23.505073664,20.259348260214434,0.8630509141685458,0.05885527686628711,0.5989284098714294,0.9712726955735419,-0.0013596336540353505,-0.14769209669583003,0.6000000238418579,17.46180614996419,0.7457558103636013,0.05164318869275052,0.028088842395342338,1.370971737983404,0.5289685240096743,29.77716730353375,True,False,True,11.535862374874696
23.602583296,20.327045184148638,0.8669845528464439,0.058017342455118914,0.5917598749362483,1.2667562232077185,-0.01658273591886862,-0.09986095049941676,0.6000000238418579,17.528850156144415,0.7664629867402604,0.05326157787214096,0.04659495465264434,1.545288588257684,0.1854748911067988,29.844753728899782,True,False,True,11.603448800240727
23.70439296,20.3766756000662,0.8702437412611711,0.05593367300832641,0.5981976282064945,1.651067429985978,-0.030193331298616566,-0.06947372469962725,0.6000000238418579,17.577705009714094,0.7943251378495017,0.054978569187684644,0.07284202869092153,1.4259031230561146,-0.32447838888237746,29.89446139867111,True,False,True,11.653156470012053
23.800758016,20.443122792435307,0.8743067888170355,0.05025980951655962,0.5999731252409429,1.9510904691650617,-0.037545668201270706,-0.04669303671454012,0.6000000238418579,17.643490511477797,0.8289295762467441,0.05697700619193012,0.10527179262026015,1.100814691444517,-0.9495898596730614,29.961002693959962,True,False,True,11.719697765300907
23.901451264,20.50336948321363,0.8772338138771354,0.044329548337844304,0.6009249196292656,2.2024214708538707,-0.043563186891122804,-0.005445932423388225,0.6000000238418579,17.703418052708432,0.8607417912025178,0.05803244402418823,0.13510282463542303,0.7610357544938526,-1.5406997983125295,30.021311211405038,True,False,True,11.780006282745983
24.001660928,20.563761470788027,0.8798423125444984,0.03923986836561122,0.5986592098710776,2.314958102780578,-0.0453330017626285,-0.039285332388473655,0.6000000238418579,17.763763366901056,0.8831008750151179,0.05876499866703779,0.15547211170113942,0.46941857301263484,-1.9448536117204684,30.081755067934708,True,False,True,11.840450139275653
24.10453376,20.620899920483463,0.8819963758682655,0.0332011304026274,0.5933947358936197,2.4785357433247404,-0.0486180000007152,-0.008605821588821871,0.6000000238418579,17.821041533325616,0.9101568421615177,0.05914433322862108,0.18063628290882766,0.123424374148234,-2.454425451129027,30.13893284795187,True,False,True,11.897627919292816
24.216205824,20.678132409700346,0.8866249233947752,0.026881552389495855,0.5934747121501123,2.403254843847606,-0.0499319992959499,0.05468436885794376,0.6000000238418579,17.878450061889247,0.9288001691548176,0.061994040320375504,0.19738806091089192,-0.2386607743078738,-2.7412297001080037,30.196281435063124,True,False,True,11.95497650640407
24.30083456,20.739131469529816,0.8899030142623544,0.01884030287874472,0.5981742715120674,2.2340881952719305,-0.04733824382387705,0.10601367091436402,0.6000000238418579,17.939699988536354,0.946324492643797,0.06337701974911682,0.2128955368346273,-0.699390433285552,-3.03279271051,30.25735285675703,True,False,True,12.016047928097976
24.401569024,20.788542419737052,0.8904918841198085,0.012799315800435362,0.6018092549962977,1.8952125513253846,-0.03804204867729525,0.1452759248920525,0.6000000238418579,17.989118097967317,0.9472674658787581,0.0625578523732903,0.21221835182331594,-0.42821104654293807,-3.040040130243658,30.306084951361385,True,False,True,12.06478002270233
24.506304768,20.860361382245156,0.8912382925566382,0.00530843432630812,0.5979585815555558,1.618379796611395,-0.0271895028163951,0.1546034886007731,0.6000000238418579,18.061097938233523,0.955458001526157,0.06184822072790084,0.21804837879023564,-0.8574069398431656,-3.189777129337219,30.377904286670358,True,False,True,12.136599358011303
24.601059328,20.91469551503864,0.8914815158701592,-0.0010427797608141276,0.5957416301737111,1.3762795884404624,-0.01030461797348991,0.14768071079794018,0.6000000238418579,18.115574911928817,0.9616516608471014,0.06098995317917028,0.22245576242943116,-1.2213047018193044,-3.311574683142422,30.432232184851816,True,False,True,12.190927256192762
24.700168192,20.96833213769249,0.8917544148671558,-0.00602355314275016,0.5902758146837265,1.079798263007831,0.003122285450690504,0.14090251397087755,0.6000000238418579,18.169197988040438,0.961382083589418,0.060175494876205396,0.22043131892311124,-1.5066819953153407,-3.3004706512058224,30.48586331779945,True,False,True,12.244558389140394
24.801492224,21.03727917410147,0.8913807150927896,-0.007127759091515973,0.6028818940675443,0.6581981904224115,0.016349768894034777,0.10621179733582344,0.6000000238418579,18.237764310867437,0.9435010617121661,0.05840420378507931,0.20031579346972905,-1.5699483358928605,-2.9421369191979294,30.554788610754745,True,False,True,12.31348368209569
24.91096448,21.09614019576602,0.8912749933387919,-0.008753981572517944,0.5973263684154774,0.3045376634066344,0.03234079087717635,-0.25283642185917016,0.6000000238418579,18.296417309219176,0.930667359931937,0.05710529550361633,0.18556933382069105,-1.6631240206035671,-2.681652076892865,30.613635393893333,True,False,True,12.372330465234278
25.005256704,21.16137317967073,0.8909839595364982,-0.006102140325030536,0.597208101072505,0.05578749948969871,0.027588887881362975,-0.247122505604964,0.6000000238418579,18.361443273416647,0.9107960786559679,0.05549194325778607,0.16358048634537373,-1.5111847091838315,-2.280962601556192,30.67884907331964,True,False,True,12.437544144660585
25.102117632,21.21022188379892,0.891882081206633,-0.003389888761792914,0.590639564012537,-0.5611711943745319,0.0010995399527899729,-0.19535311122639742,0.6000000238418579,18.41027930641046,0.8739498942998233,0.055399638014692935,0.1251557042054369,-1.3557841416325558,-1.5086033401406855,30.727705945889216,True,False,True,12.486401017230161
25.201605632,21.269091594207335,0.892532375727649,-0.0023884474882551743,0.5935125530072953,-0.7373641048030978,-0.022857504212986202,-0.15115508723052998,0.6000000238418579,18.46924538423319,0.8631861580254566,0.05655823379023188,0.11246731260490321,2.401020714350689,-1.2792637344542555,30.782978627126994,True,False,True,12.541673698467939
25.300713216,21.335808441595827,0.892365783026245,-0.0043232934874217754,0.5971735708373686,-0.8225264228406439,-0.040965571205650426,-0.1238870690882739,0.6000000238418579,18.535949351914468,0.8642752520832174,0.05934600525973899,0.11136776616233933,2.29016220459067,-1.3049599261767457,30.84963741356075,True,False,True,12.608332484901695
25.399913472,21.387647941480196,0.8925067439564531,-0.00816093679306551,0.6007262084991296,-1.0378365936588292,-0.05472451283068675,-0.08676618166978152,0.6000000238418579,18.587786619872013,0.8646395632150186,0.06178226449085156,0.11003149119511546,2.0702814399006506,-1.3095305200485714,30.901419826204467,True,False,True,12.660114897545412
25.500654336,21.456902011614808,0.891809132676936,-0.015640766447486687,0.6027253660698855,-0.821861660222332,-0.066825235656858,-0.05419953630410531,0.6000000238418579,18.656904365162017,0.8954395402057125,0.06415188563496722,0.13854766105531618,1.64171876922552,-1.954068124160188,30.97063686014367,True,False,True,12.729331931484616
25.603346432,21.509803109986215,0.8898900017262824,-0.025085482479783483,0.5949690540751826,-0.714483672723142,-0.07475099443728953,-0.13997975003128357,0.6000000238418579,18.710025914319925,0.9252121566293935,0.06457708082033935,0.16656173784438394,1.100576401875369,-2.602588479009545,31.023571050243845,True,False,True,12.78226612158479
25.702862592,21.57799185946275,0.8873127722746421,-0.036614166297088246,0.5942407867249649,-0.6938193356845952,-0.08023683217132979,-0.04868465931874561,0.6000000238418579,18.778832492212477,0.9559191621741898,0.0650217553111855,0.19499519334779572,0.4400314758030351,-3.2837977421204276,31.091807037313842,True,False,True,12.850502108654787
25.802543104,21.635910641153277,0.8848142328821952,-0.04675691957308015,0.5946357936161367,-0.5386621914140861,-0.0939510017633438,0.05370757832185419,0.6000000238418579,18.837864019754388,0.9893852827872991,0.06509029177439486,0.22650692483807686,-0.14110547955379024,-4.020091841747748,31.149779645279708,True,False,True,12.908474716620653
25.901366016,21.679231389513003,0.881427896042866,-0.05611797278437658,0.6003617027403688,-0.48502282366508914,-0.09046976105662079,0.13514061853597706,0.6000000238418579,18.88240988339438,1.0148050414328007,0.06362550529498959,0.2504517899241227,-0.6774543203584619,-4.610080050301418,31.1932078494356,True,False,True,12.951902920776543
26.000887808,21.755504408612655,0.8766123773149304,-0.07105256956067363,0.5999596469669534,-0.5838642485961222,-0.08311167380647931,0.19693892425826784,0.6000000238418579,18.960688701084976,1.0469213933903172,0.0632338347060044,0.2799595356888788,-0.19200580088845443,-5.399235164140003,31.26815128163324,True,False,True,13.026846352974186
26.127146496,21.815047693063384,0.871088913721216,-0.08330990079502953,0.6021723431161883,-1.2243961433327393,-0.06047159629812538,0.22014471821467632,0.6000000238418579,19.020417192247898,1.0444104758875454,0.06175111174468726,0.27545711420339725,-0.8942991487109276,-5.460996617225857,31.327931821158003,True,False,True,13.086626892498948
26.201705472,21.873426218702434,0.8655549010920464,-0.09504204361861435,0.5936739914361164,-1.5848434657723762,-0.05219787917854965,0.2421421138414674,0.6000000238418579,19.07978015087343,1.0540798270395924,0.06017906829531603,0.2831403757570538,-1.5665014171470342,-5.772751563222327,31.386550983818026,True,False,True,13.145246055158971
26.301622272,21.93200029650498,0.859636484111297,-0.10573575283010417,0.5954817076480738,-1.9724052117212905,-0.025263548625794708,0.23568287002798688,0.6000000238418579,19.139116599888794,1.0591375045986502,0.058236730164661334,0.2862154160208974,-2.179205822305572,-5.997894222431966,31.445391255508113,True,False,True,13.204086326849058
26.400440576,21.982585063547003,0.8529259262088015,-0.11501460235332894,0.5877534543882517,-2.5067747057977416,0.0009669852772264346,0.0690978941992656,0.6000000238418579,19.189691862368505,1.052293844417626,0.05496359108654639,0.27768807114751876,-2.710844738723328,-5.995163644773258,31.496314107005585,True,False,True,13.25500917834653
26.504534016,22.05382053594365,0.8446260649410113,-0.11862042900275549,0.5974947734194516,-3.2049359767690717,0.018331738684201022,0.0816732574875109,0.6000000238418579,19.259319687408365,1.0200256303212356,0.051501804165760307,0.24311462057378622,-2.917443387391268,-5.5036010224698595,31.567947871781374,True,False,True,13.32664294312232
26.600280832,22.0970581085784,0.83936857111043,-0.11891352068420469,0.6041554955110687,-4.042574271457068,0.023961035211273317,0.09845305523333796,0.6000000238418579,19.30033126907858,0.9747162169021285,0.049181364665659574,0.19646204219014662,-2.9342363037487,-4.68275564413931,31.61144206092487,True,False,True,13.370137132265814
26.705818368,22.16629763165544,0.8310716958695267,-0.1193658600032359,0.5956982685922564,-4.514386152238491,0.0339793884745123,0.10367538458388045,0.6000000238418579,19.368602173556834,0.9446504074947075,0.04558753149875787,0.16413504504429835,-2.9601534376370098,-4.236860897246197,31.6810842468316,True,False,True,13.439779318172544
26.800182272,22.22252719612573,0.8248939824759626,-0.11838261893562319,0.5954286901205601,-4.864829668306129,0.043674088795622894,0.0880465599472092,0.6000000238418579,19.424095885841602,0.9186073839800428,0.044620666750632795,0.13620684949691952,-1.1822360199949409,-3.902162925957211,31.736283013527945,True,False,True,13.49497808486889
26.900683264,22.27357299939422,0.8191957250805071,-0.1165820558273003,0.5973701333871377,-5.291351718055724,0.05349781917944007,0.04335981967473926,0.6000000238418579,19.474394926313806,0.8870346164763852,0.04393132979771977,0.10291149092622615,-1.0790713531410827,-3.372476209353766,31.78764125515707,True,False,True,13.546336326498015
27.001436416,22.34209964800678,0.811471400299374,-0.11341982176528287,0.5996469515839217,-5.509524998843717,0.0611010007560253,0.0021430302948305235,0.6000000238418579,19.54251673102138,0.8597983174732104,0.04293160734465868,0.07333291711656104,-0.8978886875549732,-2.9731202629796494,31.85659462576657,True,False,True,13.615289697107514
27.106559744,22.39589553220085,0.8077904978842525,-0.10811618449165694,0.5938880540061456,-5.527788785863516,0.0617580004036426,-0.051773962680179225,0.6000000238418579,19.59608515259748,0.8403763577816459,0.044518384300963235,0.05206788421190227,-0.594012655707937,-2.6509804441128297,31.910492940561213,True,False,True,13.669188011902158
27.202140928,22.458802831023355,0.8011633816140261,-0.10331780233334698,0.592436203313603,-5.375785500476404,0.05757546098410652,-0.2675122580230802,0.6000000238418579,19.658928984521243,0.827742389749392,0.04406222284074364,0.03726562736375463,-0.3190856095459011,-2.5280566833378915,31.9737467059189,True,False,True,13.732441777259844
27.302018304,22.507874266509727,0.7971300359335379,-0.09937216378679192,0.6015020492415534,-5.218100033916173,0.050234268179187226,-0.26291097031104343,0.6000000238418579,19.707970691912738,0.8203673541739755,0.044837165263704376,0.028197025619058343,-0.09301717334416422,-2.4596737136963993,32.02297752068275,True,False,True,13.781672592023696
27.400683776,22.576013792138667,0.7904539988341966,-0.09434726838707741,0.5982126891305204,-4.997871581146735,0.019450281630439673,-0.22439674036313717,0.6000000238418579,19.776084723210097,0.8103841009110121,0.044842945844047154,0.015861422320664016,0.1948881255541802,-2.3919968675674914,32.091443310613734,True,False,True,13.850138381954679
27.50072064,22.62675666981512,0.7841010440239728,-0.09328739106716277,0.5987762265173597,-4.806812584443945,-0.004523285512504425,-0.16635211278093642,0.6000000238418579,19.826880180449677,0.8104001751625004,0.043472473287599116,0.014118778243755252,0.25561462278692587,-2.5223293670375306,32.142563966660774,True,False,True,13.901259038001719
27.606127104,22.70618800734707,0.7755171986665357,-0.09535545365737041,0.5995284546226057,-4.72854588532401,-0.02846007121612928,-0.11042622979575106,0.6000000238418579,19.906418340238645,0.8114311394081026,0.044843379466557164,0.012379281842723348,2.046047785519215,-2.736106391327412,32.220995685101855,True,False,True,13.9796907564428
27.70132608,22.7614342066823,0.7699445991807656,-0.09869513736550761,0.5942471186203145,-4.005545507854181,-0.041921168231093896,-0.076674119443898,0.6000000238418579,19.96259414780218,0.850531972930705,0.04653874518687172,0.04949459718684548,1.854698004134353,-3.650456550182118,32.27649633501779,True,False,True,14.035191406358734
27.800634112,22.812982211672875,0.7633530749719192,-0.10472858834675725,0.5945685482451146,-3.5267491655686887,-0.04945054677806271,-0.04280756569193357,0.6000000238418579,20.01559154377555,0.8842060896672406,0.046740605343230136,0.08129749626434021,1.5090067270096839,-4.474944169592273,32.32846367343705,True,False,True,14.087158744777994
27.907839744,22.88290975686801,0.7553740386530902,-0.11182021645292117,0.5935178377973359,-3.20302101039502,-0.05756356406037376,-0.01611240946227099,0.6000000238418579,20.087286004432762,0.9118599320104942,0.04796889065425072,0.10643088735804374,1.1026863666501379,-5.204992685125498,32.398834249054914,True,False,True,14.15752932039586
28.001164544,22.928720413883415,0.7484354753448458,-0.11860506639232238,0.5972517533544638,-2.6707772386242192,-0.0591300018131732,-0.14494325385265225,0.6000000238418579,20.135973108714687,0.9498367898212061,0.047076869606005524,0.142684419553629,0.7139431004928565,-6.1259797230535655,32.44515880253808,True,False,True,14.203853873879027
28.102727424,22.99980215963734,0.7396914313729457,-0.1268698096563008,0.5974854092092503,-2.578170498386183,-0.06238679653858331,-0.079969101469755,0.6000000238418579,20.209181209330712,0.9686777010698855,0.04769755199434836,0.15895739790942373,0.24040819270771702,-6.6921213710767455,32.516773658802556,True,False,True,14.275468730143501
28.200359424,23.048964372136734,0.7336249463754219,-0.13344627822326993,0.6012497238563047,-2.5671883392699124,-0.08051289667340251,0.008538148227198755,0.6000000238418579,20.259957137718935,0.9814931499941781,0.04810814706337008,0.16999192490376971,-0.13639570028006331,-7.079907423180796,32.566307049457244,True,False,True,14.325002120798189
28.301934592,23.117262307812315,0.7245359518011707,-0.14460088943396077,0.5946101322326065,-2.4793180903361125,-0.0808110013604164,0.11195535276110814,0.6000000238418579,20.331624499361606,1.007770836887624,0.04839968223012722,0.19383786339314468,1.0705935798538584,-7.584562861053488,32.6336535232111,True,False,True,14.392348594552047
28.403016704,23.163915814504822,0.7196604546568379,-0.15104172685249262,0.5967948743768305,-3.130557353433503,-0.0749655637967593,0.12858987067486258,0.6000000238418579,20.376916747095894,0.9891714901670068,0.05117310752155251,0.1738415189391088,0.7015607792420471,-7.302356398567909,32.68047903197785,True,False,True,14.439174103318798
28.502403584,23.232550950215582,0.7108489623215238,-0.160866101686723,0.5985646370599285,-3.443676443792265,-0.06161352182158067,0.1340421440397759,0.6000000238418579,20.446753272467955,0.9925070860387893,0.05363626231699364,0.17500764322039047,0.1386655648861088,-7.552132522565105,32.74963362054335,True,False,True,14.508328691884294
28.602268416,23.28784353667687,0.7020539735388479,-0.16905216112365906,0.5967666157475047,-3.660638046271701,-0.048874196102105194,0.14230673838703795,0.6000000238418579,20.503311930554943,0.995965073206833,0.05394671447726498,0.17670827112152196,-0.33036109169356687,-7.804197576665329,32.80562045439492,True,False,True,14.564315525735864
28.702674176,23.33627602297203,0.6966221442937542,-0.1741046190737423,0.5964457349149616,-4.39352850887319,-0.03498916824828818,0.13088097036575772,0.6000000238418579,20.549553275847273,0.9689754638208905,0.056460401618858465,0.14829624555576562,-0.6198456084006564,-7.360791630770936,32.85429171773,True,False,True,14.612986789070945
28.802866944,23.403303656708697,0.685020992867451,-0.1817444958841543,0.5967625385322991,-4.646957123258946,-0.021163654201492504,-0.038290607125697644,0.6000000238418579,20.617471407992106,0.9663369753687434,0.05590968612488033,0.1435507152608281,-1.0575783056371333,-7.545095713621647,32.92231367823686,True,False,True,14.681008749577806
28.900295936,23.451061970846048,0.677574314135085,-0.18636082611702687,0.5997008757157469,-4.862856478590492,-0.017585573368867617,-0.006230545201694552,0.6000000238418579,20.665469329527813,0.9612530701844169,0.056325729989904594,0.13697930952766169,-1.3220745448193751,-7.593692597472341,32.97064727422234,True,False,True,14.729342345563282
29.0018688,23.516267174338203,0.6654615073414003,-0.19174517090072163,0.5982097394479557,-5.147444454689877,-0.0203670002520084,0.047235139186646895,0.6000000238418579,20.73079316825735,0.950302799024815,0.05497390772236408,0.12400653413380061,-1.6305747763683651,-7.617604852921946,33.036954221274904,True,False,True,14.795649292615849
29.112973312,23.57337865791709,0.6567023790069179,-0.1956550429355226,0.6000071400565505,-5.683246236891729,-0.015897907892085315,0.08028773335042538,0.6000000238418579,20.78639589840713,0.9263820003991055,0.05581425546301951,0.09848410704260951,0.02264987984504989,-6.688519786327631,33.09290431932261,True,False,True,14.851599390663552
29.207109376,23.634023904480628,0.6448474349375297,-0.20063506550012944,0.5978493187268391,-6.178736073334736,-0.011859644511889707,0.10424178747346881,0.6000000238418579,20.84607073492294,0.9043028730251548,0.05599991415539523,0.07519981111980284,-0.26268439498683804,-6.478364224716492,33.15469712764599,True,False,True,14.913392198986934
29.300440576,23.678292033696305,0.6369905550444676,-0.20314827487281129,0.596531878750765,-6.489224775568675,-0.0011576265523085447,0.01767372135096197,0.6000000238418579,20.889596699614614,0.8883435611355168,0.05691683717678304,0.05836143690782119,-0.40668068507422905,-6.31187181256995,33.199647734739585,True,False,True,14.95834280608053
29.403126272,23.747145448626704,0.6227926560824155,-0.2061904284653444,0.592440405414231,-6.670349361483029,0.0039420002140104,0.0002913744760700455,0.6000000238418579,20.958420206517527,0.8738136193964516,0.05640334912849966,0.042439316966970383,-0.5809832465569383,-6.3050497881383,33.269947872808714,True,False,True,15.02864294414966
29.500450816,23.791627507280314,0.6122742614273277,-0.2086827998294405,0.5949327033910574,-6.80887567579484,0.0039420002140104,-0.007136164928531056,0.6000000238418579,21.002921006902707,0.8635033496151268,0.05475141520491502,0.03122906254084475,-0.7237856066989075,-6.309325833968477,33.3156267659925,True,False,True,15.074321837333443
29.601444352,23.858467558940575,0.5969654105829814,-0.21052976501201348,0.5982012680250679,-7.02113580122458,0.0026279999874532,-0.1814687014885668,0.6000000238418579,21.069299169208286,0.8430135638338802,0.052756060226850296,0.009397894344494895,-0.8296089165679494,-6.202889018407773,33.38416851953464,True,False,True,15.142863590875585
29.699962368,23.9085423627804,0.5850613374011217,-0.21251248406565137,0.597168012380072,-7.154132182731482,-0.002050697370408917,-0.1529920748364682,0.6000000238418579,21.119290844148082,0.8301653271836749,0.05083444169050957,-0.004461114344034836,-0.9432103503015734,-6.1834940706344925,33.43560294691667,True,False,True,15.194298018257612
29.800437248,23.974120100418503,0.5699545278448785,-0.21567549914458217,0.6000053170324521,-7.126924333392417,-0.02002423274288423,-0.08294667244099463,0.6000000238418579,21.18577869583373,0.8252038402400529,0.048791362785743024,-0.010769398200474737,-1.124437764860547,-6.391929334532526,33.50286721081132,True,False,True,15.261562282152262
29.905183232,24.024735783338322,0.5569945299073604,-0.21975993610656275,0.5956893105295306,-7.196612443362618,-0.03613584412230675,-0.019906670452101004,0.6000000238418579,21.23713793990032,0.8202401628432132,0.04603986452168314,-0.016773190678246123,0.6288740017186822,-6.556262224171043,33.55344251333351,True,False,True,15.312137584674453
30.00055424,24.086799328247253,0.5419717462037762,-0.22428731764097343,0.5982018735317427,-7.205828908884871,-0.0400770008563995,0.023924702971358108,0.6000000238418579,21.30037752436293,0.8173869433844027,0.045608765776377694,-0.017128162918383188,0.3694741475514876,-3.1070191152366653,33.61729689290719,True,False,True,15.375991964248136
30.102113024,24.14504202758177,0.5282733554421192,-0.2288460356076012,0.5971258978738125,-7.1813300994623,-0.0374489985406398,0.18357595390871645,0.6000000238418579,21.36002816122239,0.8175790141942316,0.04559315716827919,-0.014294969277874206,0.10827884807325606,-3.392713224137462,33.67712880489069,True,False,True,15.435823876231638
30.219949568,24.208338002826405,0.5109769109602411,-0.23597688326824606,0.5971239821548621,-7.110431976958698,-0.028132095706665104,0.18537565307205298,0.6000000238418579,21.425842604692264,0.8235778696317193,0.043230502707775655,-0.005387755060412723,-0.30028862723243116,-3.8721788219467514,33.74270292583626,True,False,True,15.501397997177207
30.302875136,24.260075176937775,0.4984891162500718,-0.23959412600262153,0.5942426037406271,-6.979500495040836,-0.014053864098703316,-0.043865778402850726,0.6000000238418579,21.479473341863113,0.8275080135484246,0.042905633177471404,0.0009132860446085836,-0.5075413693865071,-4.210363046018711,33.795924863620805,True,False,True,15.55461993496175
30.41121792,24.3122820389222,0.4842823651827537,-0.2438371465784286,0.5974787578353263,-6.925779814260402,-0.0009838795253450845,-0.0609461401999437,0.6000000238418579,21.533422033204527,0.8277020335519121,0.04101477720258118,0.003495946633829,-0.7506485407674197,-4.50719089818005,33.849997156690655,True,False,True,15.6086922280316
30.499759104,24.371481629405253,0.4688492247971989,-0.24806857064893295,0.595683979340889,-6.955337027253354,-0.005137338084118129,0.014211273209176365,0.6000000238418579,21.593916796390623,0.8225915016039322,0.03952922786803246,0.001069116092950801,-0.993091281337387,-4.720076425757072,33.91115732737956,True,False,True,15.669852398720508
30.60028288,24.420918590271803,0.4558997784996322,-0.2503223587938108,0.5976892275491263,-7.151136956460294,-0.0091979997232556,0.03857105361017812,0.6000000238418579,21.64294403536375,0.8064099385284341,0.03822889643449096,-0.012925665142021007,-1.122223829955508,-4.653409045168237,33.962245588235625,True,False,True,15.72094065957657
30.705028608,24.489997549467205,0.43796986540488,-0.2541196757595925,0.5949640347180036,-7.295881493707568,-0.005584767751335862,0.07197479551914372,0.6000000238418579,21.71247075374992,0.792010680950868,0.03733936108174662,-0.0240852655515069,0.881348631400823,-3.385096860052179,34.03216149052987,True,False,True,15.790856561870818
30.80327552,24.537640711118563,0.42572423980927193,-0.25595162555522943,0.5966275081797977,-7.420709836255618,-0.0012524319226174738,0.07123587865218095,0.6000000238418579,21.759991330811438,0.7788020217206204,0.038220824514043676,-0.0340489112959956,0.7763856398309723,-3.365231509073976,34.08134532141546,True,False,True,15.840040392756407
30.90143232,24.60326207690917,0.4085835557910386,-0.2573714484729508,0.5962245327428495,-7.487970622331125,0.005694514567281416,0.056925150204539844,0.6000000238418579,21.825699602668465,0.762344353067729,0.03917064838223971,-0.04602373077376573,0.6950357789895882,-3.379320583839845,34.14916172453047,True,False,True,15.907856795871417
31.000330496,24.651736108808414,0.3961070561712026,-0.2582814059620455,0.5933163283086058,-7.283452952776523,0.01222575021636457,0.07999199439618793,0.6000000238418579,21.875786154776968,0.7623062543036029,0.04005079200996957,-0.042673400535758015,0.6428990553281387,-3.6359749770559016,34.19920790478958,True,False,True,15.957902976130526
31.10375552,24.7180142869711,0.3787209370095267,-0.25867498989947624,0.5978386860342266,-7.282657673495186,0.018488413721361355,0.054443476835102554,0.6000000238418579,21.942213776432673,0.746051204881113,0.04093891737892989,-0.05439740113723697,0.6203483568292175,-3.6593209548361627,34.267722759189176,True,False,True,16.02641783053012
31.203201792,24.773317969166868,0.3642300184851698,-0.25778277150447204,0.5978455698135647,-7.347522849922173,0.025906723069975095,-0.17568794427624815,0.6000000238418579,21.99677954920178,0.7259404032652619,0.041695760411537,-0.07077077179012874,0.6714687052668941,-3.543335429971493,34.32488840597738,True,False,True,16.083583477318328
31.307330304,24.82681017488044,0.3510709687205671,-0.2552873994798053,0.5978455781849924,-7.284455664858162,0.019278396538607755,-0.1703260373113476,0.6000000238418579,22.049769998805797,0.7089087259057469,0.04325408808256888,-0.08417864223753888,0.8144429905953149,-3.463428329707093,34.379953351974635,True,False,True,16.13864842331558
31.403693568,24.88867967038548,0.3349632340810723,-0.25381934555946684,0.6007268381947861,-7.2653584470881984,0.0005008374436027952,-0.12250394786782808,0.6000000238418579,22.111235227859257,0.6896495302361517,0.04420063426437374,-0.09923561150589245,0.8985562843283423,-3.3984122537440142,34.44387828951539,True,False,True,16.202573360856334
31.502084096,24.932771540322996,0.32351219609412984,-0.2533658662618956,0.5947481664267894,-7.236105738478401,-0.014530811928187245,-0.09316636209441646,0.6000000238418579,22.155347346673572,0.6783570192645563,0.04554571723209454,-0.10751807991244952,3.2466961053725556,-3.4016825125064156,34.48759430606192,True,False,True,16.246289377402867
31.603419136,25.002212463358664,0.30551093306582866,-0.2538039889516255,0.5942363458442,-7.121750046911,-0.0254085545670003,-0.07782838150609664,0.6000000238418579,22.225660190555832,0.6671149656670063,0.04958831260764908,-0.11209941709028261,3.2215935243421145,-1.8195589308803388,34.55921654203155,True,False,True,16.317911613372495
31.701176576,25.045408922876604,0.29291579845443994,-0.2563607126355989,0.5945768679087472,-6.707925315970254,-0.032575117556743874,-0.0735132698517838,0.6000000238418579,22.272525605144484,0.6816549220873913,0.0507724086414923,-0.09305512658587223,3.075104047869298,-2.379873138293913,34.60419619795895,True,False,True,16.362891269299894
31.801588992,25.10749430452052,0.27542354761341253,-0.2601912245085716,0.6018019965473214,-6.460359283303514,-0.04115587335893702,-0.02938389309500046,0.6000000238418579,22.33787182302703,0.6867522604524646,0.05305565713126445,-0.08160477957181916,2.855631884173212,-2.8469113346567423,34.66865828161818,True,False,True,16.427353352959123
31.904405248,25.156151302188167,0.2620696847264179,-0.2642497781004982,0.5997577347739593,-6.270590705520368,-0.04629354535800318,-0.01752997557048594,0.6000000238418579,22.389635780524788,0.6938009302896702,0.055183145652170196,-0.06953795114000746,2.623093892428155,-3.2692179041849374,34.719069618325584,True,False,True,16.47776468966653
32.003373056,25.223172642752,0.24343801340622073,-0.2692011669225356,0.6010903240719788,-6.057012383256911,-0.0473040007054805,0.0013670038815681016,0.6000000238418579,22.460508278205783,0.6991633790228732,0.05788720119822769,-0.05728443239909067,2.3394002101971605,-3.766489908679388,34.78857995820938,True,False,True,16.547275029550327
32.103326464,25.277571897180223,0.22825557306221697,-0.27436435478632415,0.5892078184929187,-5.923364372564682,-0.0473040007054805,0.04044714606422299,0.6000000238418579,22.51840113259458,0.704676281948673,0.06002518828585881,-0.04614790156564755,2.043571336768909,-4.195966792799865,34.84501766181574,True,False,True,16.603712733156684
32.200123392,25.320018224101542,0.21549693614854035,-0.27891811275393374,0.5921720777856593,-5.771683170963142,-0.04457187831920454,0.08580086308385998,0.6000000238418579,22.564349719478855,0.7117741697897337,0.06082472029426597,-0.03459963024207078,1.7826602243008076,-4.6085591068695075,34.88933283115507,True,False,True,16.64802790249602
32.30387968,25.389739646640532,0.19519818763424485,-0.28509787855274427,0.5985574358430354,-5.62770418281602,-0.038890755197336646,0.11885129308144018,0.6000000238418579,22.638489175533177,0.7154104954774534,0.06294675700315137,-0.023595413640245554,1.752260511500186,-3.1976881727476774,34.96156804440237,True,False,True,16.720263115743315
32.415111168,25.449449579431963,0.1770115701437062,-0.29021655435232496,0.6014486566619914,-5.8089270112106,-0.02645267133206135,0.12085494158025478,0.6000000238418579,22.699221769750043,0.7026036123705475,0.06419658082019211,-0.028355263028934832,1.45898199148846,-3.3097438643648416,35.023973709771234,True,False,True,16.78266878111218
32.50300544,25.503275884934727,0.16084832304448055,-0.29388272211926214,0.5845263745201443,-5.954570797723829,-0.020374948774865505,0.136295049740392,0.6000000238418579,22.753640685804093,0.6895318500262113,0.06554313923322083,-0.03420285948434942,1.248926051456058,-3.3741560178840198,35.08015830286674,True,False,True,16.838853374207687
32.601988864,25.548503726694108,0.14677907939831564,-0.2978996702853922,0.5887300738350182,-6.114566658930923,-0.001475470722456408,0.10343984105434346,0.6000000238418579,22.799517958376164,0.6788291198883032,0.06621071734960719,-0.03881805672698552,1.018771875013989,-3.4443143331189816,35.12751921107642,True,False,True,16.886214282417363
32.70159488,25.61363832155039,0.12666951574492902,-0.30001960683940077,0.5891870609940665,-6.245768995702587,0.007919575119244099,-0.34419397778036137,0.6000000238418579,22.864562157095744,0.6582522863717909,0.06731677641363477,-0.05071772798838027,0.8973084576337915,-3.4345754137275084,35.19567848506586,True,False,True,16.954373556406807
32.800221952,25.664226486697803,0.11071635909194483,-0.3012319267996162,0.613698025389057,-6.375691117221214,0.007154708204451616,-0.34843667209215856,0.6000000238418579,22.914590900866607,0.6393978748750679,0.06785771931017515,-0.06287213196356074,0.8278476404939799,-3.374114109348693,35.24871972412529,True,False,True,17.007414795466232
32.91530368,25.73144429727147,0.08948912521177241,-0.30280556252656154,0.604360796707498,-6.649744136594465,-0.032398417468974844,-0.26575686313418984,0.6000000238418579,22.98012607713351,0.6093430003890967,0.06854809994136697,-0.08410438646046399,0.7376849548490098,-3.190223775620417,35.31920626816814,True,False,True,17.077901339509083
33.004267264,25.783901095589133,0.07307547771377734,-0.30663513289398736,0.6003788252737049,-6.861599999668278,-0.06120176067698468,-0.1818912755670306,0.6000000238418579,23.03265151389829,0.5932924893982819,0.06923144941473088,-0.0931526436843188,0.5182667354471465,-3.1977861319484693,35.374166768051474,True,False,True,17.13286183939242
33.100657408,25.832910342148878,0.057836421364998704,-0.3123881212989028,0.5900286579886513,-6.772982475416635,-0.09192943276000558,-0.07613589443019744,0.6000000238418579,23.08553143176366,0.5981225703365677,0.07351321123994553,-0.08145307071378309,4.843416712574957,-3.616025611389463,35.4196541991953,True,False,True,17.178349270536245
33.2036352,25.895536825656883,0.0374381324993122,-0.3231300093096636,0.586664816210249,-6.66016929029245,-0.1084050014615058,-0.004044006873518014,0.6000000238418579,23.15524716439552,0.6126012157931512,0.07891100016853575,-0.0558712611143901,4.227951865556183,-2.4982022189165987,35.48529740524062,True,False,True,17.243992476581568
33.300995072,25.941589870455385,0.021915669358099632,-0.3341305125770968,0.5991000092539697,-6.635020717349652,-0.1090620011091232,0.04880841090415443,0.6000000238418579,23.20805889867923,0.6283877844141129,0.0823985659302519,-0.03170951722257009,3.5976694558123894,-3.153633201603195,35.533770765782684,True,False,True,17.29246583712363
33.40246144,26.006644514065552,-0.001225090892155264,-0.35073181177878254,0.6032530644833989,-6.3967333571140825,-0.10529709219763017,0.13860355076043435,0.6000000238418579,23.28629215463661,0.6618609069613544,0.08620577689686805,0.014036085170745545,2.646485077121894,-4.343104940529249,35.602713543394714,True,False,True,17.36140861473566
33.502341632,26.050466350426763,-0.018863759956625176,-0.3630715437656118,0.6076053908114545,-6.34747636071875,-0.09865517129391584,-0.43147146115365265,0.6000000238418579,23.33910306638449,0.6800705301933767,0.08687911715001172,0.04058851943457758,1.939470513953996,-5.099376500092494,35.64994724535992,True,False,True,17.408642316700863
33.600452096,26.114119915434074,-0.043411910581379526,-0.37725383119224354,0.6003847300259544,-6.450104692908682,-0.0925519692547948,-0.36260967650416154,0.6000000238418579,23.411625111384343,0.6890645969492077,0.08884672413988724,0.061252253068524706,1.1268853005665438,-5.809333381290013,35.71814194134112,True,False,True,17.47683701268207
33.712153856,26.16436126598528,-0.0650110754310802,-0.3896679805541181,0.5884870802399786,-6.943495528898607,-0.1356764728630992,-0.2266843348631894,0.6000000238418579,23.46467149832271,0.6777373061747044,0.08834913929111902,0.05869894105503462,0.41560693588610675,-6.0272209099805165,35.772827127970885,True,False,True,17.53152219931183
33.80058624,26.220040167878818,-0.08900629383314627,-0.40583466251070055,0.5873843423120269,-7.397647308144095,-0.1740500403647295,-0.052923361055052985,0.6000000238418579,23.526562410474817,0.6759627057805048,0.0878444400965442,0.06700903377256848,-0.510675708956367,-6.4993517755775025,35.82925043653784,True,False,True,17.587945507878786
33.899980544,26.265104313441594,-0.10984403356373021,-0.4219435398444138,0.5969713546280913,-7.94783000514844,-0.19728016998155912,0.10129978849176316,0.6000000238418579,23.576660709456373,0.6726334346044979,0.09131958514297646,0.07207946285089693,4.847834296105253,-4.994895940245154,35.87334268419797,True,False,True,17.632037755538917
34.000758016,26.32524927704588,-0.13851754388161966,-0.44714751446765044,0.5982051087214171,-8.423971731977092,-0.1918797682128094,0.2696838455858049,0.6000000238418579,23.650407639744486,0.6892639583028649,0.09542720701373601,0.10275707751609592,3.403752923238964,-5.962835586282789,35.93984617495958,True,False,True,17.698541246300522
34.10450048,26.381440504920256,-0.16587279044255865,-0.46968469076310226,0.607931200363255,-9.319753445488683,-0.17960001428054514,0.28909182398518585,0.6000000238418579,23.71237658891259,0.6803528368376708,0.0987693246878864,0.10608801891788702,2.112467839367291,-6.358338956642865,36.00225285612347,True,False,True,17.760947927464414
34.204677888,26.42706533241685,-0.19032783609648934,-0.48857874924638534,0.596425007913138,-10.117419256355229,-0.1466410730274298,0.33577455239258847,0.6000000238418579,23.762241964244634,0.6691582990117473,0.0995209709206893,0.10482154757766782,1.0299180304018214,-6.643222954741791,36.0540129678889,True,False,True,17.812708039229847
34.300507392,26.48351722060135,-0.22165085970092396,-0.5118896944479809,0.5902796744692425,-10.657544647581858,-0.119389812302014,-0.2881304393892606,0.6000000238418579,23.830883394323386,0.6747495997400144,0.0995200429189612,0.12367687549040635,-0.3057007461103444,-7.438716340027332,36.11857261075082,True,False,True,17.877267682091762
34.401353728,26.52796041925732,-0.24730249703521834,-0.5286830175993482,0.5896092746257059,-12.003641399363165,-0.0992069989442825,-0.20792572563805992,0.6000000238418579,23.86937985611956,0.6313040072123451,0.09865207629344817,0.08856253454199652,-1.2678872866830249,-7.054806128818714,36.16988002774526,True,False,True,17.928575099086203
34.505191168,26.588822202204106,-0.2836747189608043,-0.5471759526999049,0.6079169099749386,-13.170048886713436,-0.12273601561823219,-0.06792549357882563,0.6000000238418579,23.928607910594003,0.5899727629867862,0.09637555650393781,0.05956048815464564,-2.3274544187542636,-6.9479657735396705,36.2407454820154,True,False,True,17.999440553356344
34.60226688,26.631000573508146,-0.30916984141881987,-0.5596440206305324,0.6010294472846496,-14.070851192311286,-0.15119114037713569,0.095662980204753,0.6000000238418579,23.967957609902676,0.5558169642559254,0.0946828320913411,0.033724190040733334,-3.0418220898616286,-6.761531139049179,36.28490120853378,True,False,True,18.043596279874727
34.699963648,26.687259297759947,-0.3446656288630391,-0.5798490567101036,0.5884865959988453,-14.94897725147017,-0.1487824894659861,0.18905771752604766,0.6000000238418579,24.028468148365985,0.533303404704963,0.09882245414579045,0.023830161969804482,2.783403729816032,-5.05373560597134,36.34484225115115,True,False,True,18.103537322492095
34.805692928,26.73121218262122,-0.3727426040075808,-0.5943768270983423,0.5884648328793005,-16.49229682032278,-0.13824642057389616,0.2690401989130903,0.6000000238418579,24.061731941399135,0.47216877698150256,0.10194829285711558,-0.028077070657662843,1.95102380083482,-4.34279596609994,36.39690377008065,True,False,True,18.155598841421593
34.902033408,26.787098094943882,-0.4103847253761682,-0.6141049830903595,0.6007105931560613,-17.56865848113273,-0.1148147904911576,0.2666518982812506,0.6000000238418579,24.118415030173406,0.43704120047649797,0.10435150497698902,-0.049310630193977634,0.8206837249165045,-4.3967743812083055,36.46424164255053,True,False,True,18.222936713891478
35.00226048,26.83559991062726,-0.44505728715308,-0.6330908460316067,0.603431981761016,-18.249076774192396,-0.0865709891964001,-0.408854630769647,0.6000000238418579,24.173009727126413,0.4213222571142867,0.10481602839255373,-0.052127519514841555,-0.2671260920307931,-4.804165905095929,36.523860405392064,True,False,True,18.28255547673301
35.101890304,26.87800800952289,-0.4772007702306716,-0.6464110597241683,0.6102358752817191,-19.165033322719932,-0.07399634727345698,-0.388416648685668,0.6000000238418579,24.21311731357751,0.38207658817216056,0.10374411624494558,-0.08116075230216188,-1.0303181188269452,-4.651401383364554,36.57706286173243,True,False,True,18.335757933073374
35.202192384,26.93202737290588,-0.5186801510869435,-0.66022262229143,0.6000290175111602,-19.899692597544732,-0.09946611164582897,-0.2289317176135959,0.6000000238418579,24.26798809790472,0.34323326756442607,0.10194587237283813,-0.10642604572248325,-1.8216623624119117,-4.708086352124706,36.64514661144923,True,False,True,18.403841682790173
35.302095104,26.97437406830566,-0.5538990506757502,-0.6721796630384169,0.5953293706322479,-20.410817166328055,-0.15445410585218927,-0.08329295157472412,0.6000000238418579,24.31296403972941,0.31609902966336134,0.09834999748004208,-0.12255545672358936,-2.506750332680214,-4.882049753609697,36.70010735365022,True,False,True,18.458802424991163
35.400822528,27.024942396697018,-0.5945139189731876,-0.6885074396703987,0.580913340210992,-20.590344004709678,-0.18212929943216244,0.11497817234795236,0.6000000238418579,24.375242837914087,0.31052323395786596,0.09703611272678091,-0.11374070090929171,4.383507415942134,-5.638035605072968,36.75174085190146,True,False,True,18.510435923242404
35.49984768,27.06271155354412,-0.6254463245832476,-0.7044027737902203,0.5890533795175429,-21.582973285284197,-0.17917403790042474,0.16850521378351935,0.6000000238418579,24.41172111854315,0.2758026496371746,0.1008792446579469,-0.1391987714380965,3.4727718569260624,-5.556141883514497,36.800408636551325,True,False,True,18.55910370789227
35.601347584,27.11835292949172,-0.6728728480392975,-0.7299270838202649,0.60035392835901,-22.239811071036243,-0.16505764134816805,0.2564713739864238,0.6000000238418579,24.480295969750784,0.26555960939298806,0.10520132623287341,-0.1314305624943979,2.01033661722107,-4.140596640498409,36.873391904875845,True,False,True,18.63208697621679
35.701147904,27.162012635595435,-0.7125571386250598,-0.7516544500421625,0.6118955829030442,-22.530646898251398,-0.14344762971504751,0.29372998433696046,0.6000000238418579,24.539946810207873,0.26967033367178295,0.10681057118782954,-0.11158609174145868,0.7654502327712367,-5.094647197733092,36.93237006343504,True,False,True,18.691065134775982
35.801397248,27.200531833904144,-0.7506392391699536,-0.7713568129960495,0.6022200375828884,-22.492213422228293,-0.11794454822295326,0.3487120301025581,0.6000000238418579,24.59901984100911,0.2848004504418128,0.10601554811213729,-0.08127383184059499,-0.36341201092139724,-6.261942917448821,36.98653040832469,True,False,True,18.745225479665635
35.900148736,27.248671914281303,-0.7984352906061192,-0.7923032023324295,0.5956907329518184,-23.183038245251943,-0.08746645479169017,-0.3729350263665335,0.6000000238418579,24.65646683584465,0.2600886020515878,0.10487606143074776,-0.08979831937262041,-1.5635517159338006,-6.771257799437579,37.054358363046255,True,False,True,18.8130534343872
36.001665536,27.286512204531867,-0.8397864281486193,-0.8095901989099068,0.5879657062912174,-23.83785545041755,-0.06709204377752978,-0.3097255435770732,0.6000000238418579,24.70055270174161,0.23390507779187752,0.10125266876541208,-0.10329878187211827,-2.554023660280351,-7.106912538618532,37.11029292452571,True,False,True,18.868987995866654
36.100235008,27.332001177509596,-0.8879560913808671,-0.8224905558073026,0.5895440327538157,-24.457497904497032,-0.08114991710847304,-0.1873150556911344,0.6000000238418579,24.74828654060824,0.19112623868561163,0.09800765188551429,-0.1318242492866859,-3.29315966471361,-7.226406088972298,37.17646718677264,True,False,True,18.935162258113586
36.202376704,27.366904581339245,-0.9267888271400562,-0.8332993119195704,0.6040575602068781,-25.862005167527855,-0.13294241647416702,-0.0437119020693912,0.6000000238418579,24.768644726895072,0.11678471065387641,0.0959653483555853,-0.19806191554715238,4.267181364801339,-6.441194932960649,37.21494414788942,True,False,True,18.973639219230364
36.305020928,27.413537267894778,-0.9792573422428814,-0.8512403664506794,0.5982192029889687,-26.748758707780222,-0.1566209219411515,0.10094387597986523,0.6000000238418579,24.817856963316384,0.07071587476020702,0.10042388729431535,-0.22936499699679996,3.239234660154735,-6.582388097354896,37.28499894046647,True,False,True,19.043694011807418
36.404440576,27.448206331375363,-1.0176818920890895,-0.8668126953198394,0.5958022140563124,-27.386396286133568,-0.15048352318737465,0.18356661866383545,0.6000000238418579,24.857217143690335,0.043814706727538955,0.1040975222068615,-0.24386769248021176,2.3470059387621345,-4.51482186919733,37.33662155566596,True,False,True,19.095316627006902
36.501459456,27.492747894071993,-1.0697830887356716,-0.887210822180915,0.5964011443591571,-27.77857198738102,-0.1394628109414938,0.2247436750970728,0.6000000238418579,24.91638309240946,0.02673157544095317,0.10713405449349865,-0.24208551516016275,1.1782793596500671,-5.291372747061947,37.40509976366774,True,False,True,19.163794835008687
36.60108672,27.525210542950937,-1.1089429537397895,-0.9027349859658691,0.5990227092516299,-27.92284736781817,-0.11726716294650029,0.22382306483234402,0.6000000238418579,24.96332460390626,0.02098644021594387,0.10861614653178549,-0.2332354279318175,0.2888102943023827,-6.036566431972495,37.45594385872871,True,False,True,19.214638930069654
36.7016896,27.56893065817296,-1.1638690644457508,-0.9238889152454699,0.6000091243570598,-28.203462181624158,-0.09533728870486743,-0.431245633407528,0.6000000238418579,25.02575085806712,0.007555924332286912,0.10926653041523486,-0.2269800955032577,-0.9232205735369613,-6.967982486005863,37.52614288374412,True,False,True,19.284837955085067
36.804805376,27.60458071590838,-1.2114770848625795,-0.9384127041304655,0.600010417559984,-28.608882220674126,-0.08603647360413973,-0.34492681197345093,0.6000000238418579,25.07019599709335,-0.021143477407564726,0.10806089355067848,-0.24075152157991472,-1.7553723791862512,-7.394714252605161,37.585607130685446,True,False,True,19.34430220202639
36.90967168,27.636264594280576,-1.2551789766525272,-0.9499518290177824,0.5957602468176326,-29.231167313562448,-0.12288099594252255,-0.221289072154957,0.6000000238418579,25.1026877438554,-0.06312682049925922,0.10613358899746489,-0.2708204067068909,-2.416515534503856,-7.433572315034473,37.639551629866396,True,False,True,19.39824670120734
37.000760576,27.673976858573422,-1.307946594259593,-0.9632940621559607,0.5953206490164168,-29.972046240200672,-0.16549873353642938,-0.007647210163018345,0.6000000238418579,25.14089070021675,-0.11485208235291089,0.10631603136099985,-0.3084243301631224,4.299738525290126,-7.45714703649344,37.69064304637265,True,False,True,19.449338117713594
37.113125376,27.708759391938898,-1.3558365633950664,-0.9792472385535556,0.5909977918355943,-30.77292357530382,-0.1852740049362182,0.06954801738334229,0.6000000238418579,25.178034809575824,-0.15774095442922054,0.11197188812675221,-0.3379361897413966,3.385688847880222,-7.570319378800197,37.749560658810374,True,False,True,19.50825573015132
37.200082944,27.740870170482623,-1.4041219584146654,-0.9986511229954433,0.5956138815764428,-31.239318416072628,-0.18359119395975002,0.213739540369872,0.6000000238418579,25.223800900470028,-0.17759748252424878,0.11512512351746576,-0.34288332782870745,2.2739281632004906,-8.215685222711125,37.807462632675296,True,False,True,19.56615770401624
37.305995264,27.77020170904112,-1.4514905339089101,-1.0203831792677311,0.6002696891331866,-31.534774992578104,-0.169876766870762,0.24235753112406916,0.6000000238418579,25.2738073658465,-0.18341510899684632,0.11634929680773702,-0.33295021929027885,1.0287730586575912,-8.841708964898023,37.863163822055036,True,False,True,19.62185889339598
37.400907008,27.804837496698827,-1.5091997544891953,-1.0454360822460425,0.6082947238228256,-31.888485432386513,-0.14352762644350456,0.2700260535634525,0.6000000238418579,25.332827238327265,-0.19422246095680618,0.11689395738731755,-0.3249000126815516,-0.4066525465503771,-9.923424130297576,37.93046683292013,True,False,True,19.689161904261077
37.501944832,27.830462520710793,-1.5542423309299562,-1.0638986262552934,0.5983730321382775,-32.17992889246239,-0.11924627010571294,-0.2963974062829645,0.6000000238418579,25.37626187349907,-0.20631830368451598,0.11610553726160817,-0.3229132738653717,-1.4644783973549989,-10.689806521026323,37.98228240916647,True,False,True,19.740977480507418
37.605174784,27.86426374488134,-1.6160992296705525,-1.08619427816264,0.5924427682897017,-32.480118997250976,-0.1061241823589607,-0.20947034074990187,0.6000000238418579,25.433409619883093,-0.22651359971498986,0.1138255912378509,-0.32436833571387697,-2.7419251531387574,-11.667063172021498,38.05273523397401,True,False,True,19.811430305314957
37.701085952,27.89000922384234,-1.6652373398879217,-1.100873117897291,0.5895524427458229,-33.293261778038,-0.13311719153182638,-0.024910039338998533,0.6000000238418579,25.459831866223343,-0.2744684839970708,0.11106184334972002,-0.3617504005298019,-3.5829607180831995,-11.694955956178918,38.10814051585468,True,False,True,19.866835587195624
37.800848128,27.914464954767627,-1.712082853759883,-1.1143925413485118,0.591888366928784,-33.931033239214266,-0.1578765914186614,0.0874576500367447,0.6000000238418579,25.48761597459712,-0.3155141918440576,0.10992771012114162,-0.3921418953335409,2.406353200756799,-11.831790400207803,38.14801667901076,True,False,True,19.906711750351704
37.90362112,27.945826050153883,-1.776899170284786,-1.136252208119449,0.607560594832852,-34.496162647455215,-0.1529758374442165,0.17255279976035925,0.6000000238418579,25.53590494508466,-0.35131849303711293,0.11253628936969931,-0.4111849746499948,1.1538865532197289,-12.51912763950392,38.21997408659321,True,False,True,19.978669157934156
38.001866752,27.967121946346513,-1.8206555638644484,-1.151841883108743,0.6019930507125236,-35.09334874834974,-0.1422485500191585,0.2583605648177887,0.6000000238418579,25.5645986823125,-0.3826423630295783,0.11441130791385085,-0.4320526267418826,0.26066397235254624,-12.815164119476599,38.268601460357424,True,False,True,20.02729653169837
38.103015424,27.994525399406868,-1.8819164146729885,-1.1720498542086164,0.5917295205814306,-36.023593075154224,-0.11867401088201558,0.34511052618466354,0.6000000238418579,25.597733070338883,-0.4343714131891423,0.11482882707622906,-0.47093848312119924,-0.8971674841925449,-13.042751249217213,38.335710824526416,True,False,True,20.09440589586736
38.200920832,28.01291569140508,-1.9273774051521992,-1.1866975606238541,0.5926925665529549,-36.51138375118935,-0.09428477913721751,0.31636638832581876,0.6000000238418579,25.625047862158905,-0.4651574387821722,0.11335783518304011,-0.4891764141729365,-1.7364192413323793,-8.73944039800473,38.38472858332851,True,False,True,20.143423654669455
38.30427776,28.038720028977025,-1.9932538043297185,-1.2052333154239507,0.5891925563122778,-36.60032464037203,-0.058539956874493204,-0.15881311368942386,0.6000000238418579,25.67602890288869,-0.49069244361813813,0.11045316514422986,-0.4930178983082215,-2.7984397614672725,-9.712520028956936,38.45541894121478,True,False,True,20.214114012555726
38.405115392,28.057530176995744,-2.043075565039929,-1.2148524540204333,0.6075510423413849,-37.384433056135464,-0.0407340005040168,-0.16241513374027453,0.6000000238418579,25.688748982172772,-0.5501336200691782,0.1076106470852687,-0.5429204996033381,-3.349575805597117,-9.479547657323364,38.50859741054059,True,False,True,20.267292481881533
38.501432832,28.080305631157294,-2.1048824408603592,-1.2248245265357864,0.6068668893607096,-37.89937422044823,-0.05755153472420738,-0.07985603616584877,0.6000000238418579,25.712995615290048,-0.6096087907298515,0.10357204498482804,-0.588398503338643,-3.9209334737252592,-9.535964161138745,38.574343139710024,True,False,True,20.33303821105097
38.604626944,28.101327335836835,-2.162858047667227,-1.2336305801119536,0.5996622562178658,-38.23417893958867,-0.07993191520553466,0.024794602189529714,0.6000000238418579,25.738457613470374,-0.6605775561730995,0.10208897552839692,-0.6255615918374605,1.4363256566094431,-9.705709146078766,38.6255561776729,True,False,True,20.384251249013843
38.70753536,28.120530221565524,-2.213338940437273,-1.2408480773847859,0.5870456325017132,-38.5318255337525,-0.0788400024175643,0.07571604221360702,0.6000000238418579,25.760703818976857,-0.7062824220394261,0.10486378561407717,-0.6591131855995551,1.0227935242289594,-9.821594684295391,38.67949477038867,True,False,True,20.438189841729617
38.801160704,28.14092973071731,-2.273477054080526,-1.2515423247349402,0.5927842851745717,-38.85449841872826,-0.07338380816913075,0.12388418805533896,0.6000000238418579,25.788763074452973,-0.7544931762338114,0.10581211304266114,-0.6927286325728248,0.41005828599616423,-10.111657037552447,38.742991489684165,True,False,True,20.50168656102511
38.902344192,28.156310063564476,-2.3201113703097196,-1.2603519400308065,0.5967539629828778,-38.992858496197655,-0.0643773746248564,0.12779904783291254,0.6000000238418579,25.81390499694295,-0.7861170731020029,0.10613014225779605,-0.7121745472230392,-0.0946954895908829,-10.478050735670067,38.79209559283321,True,False,True,20.55079066417416
39.000873728,28.176426619513855,-2.383893508775872,-1.2725289090966982,0.6001611878003573,-38.916006935577,-0.049995258473051016,-0.20218468627109276,0.6000000238418579,25.854971915457487,-0.8183750460886514,0.10569026892664614,-0.7260489380629918,-0.7923844243278388,-11.252591231027685,38.85897341817191,True,False,True,20.61766848951285
39.103506176,28.19367224014993,-2.442265405464694,-1.2827977953108936,0.6022367023245979,-38.5813351274672,-0.04958975979330218,-0.1824677829720109,0.6000000238418579,25.897738205029178,-0.8395530462516798,0.10417939273393863,-0.7249875841212163,-1.3807482647013036,-5.894146190533618,38.919820825736274,True,False,True,20.67851589707722
39.2024832,28.204311680045034,-2.490092765236867,-1.2918500001540412,0.6010944337968801,-38.37342536437632,-0.07705609667786904,-0.0690382769245131,0.6000000238418579,25.928885556086293,-0.8583955033631763,0.0996192232001482,-0.7263521645962747,-1.8994013975015327,-6.620709086424728,38.96860462302473,True,False,True,20.727299694365676
39.299597056,28.222599333971583,-2.555346655918279,-1.3022099835925651,0.5936638296454162,-38.371553396049386,-0.09087370154739655,0.032018023289242005,0.6000000238418579,25.96425345239167,-0.9000902168276326,0.09698688986749296,-0.7456515793480826,-2.4929847243543732,-7.216164381604509,39.03632152901153,True,False,True,20.795016600352476
39.400140288,28.234286873980558,-2.6039342023169056,-1.3119719804844903,0.592435224434906,-38.345583765065584,-0.0886949971318245,0.0969762928884537,0.6000000238418579,25.99296739046635,-0.9256949545278401,0.09428018001640814,-0.7541098550427133,0.8639240658692793,-7.8014552341154655,39.079741195068856,True,False,True,20.8384362664098
39.510752,28.240408054678564,-2.6316633313744653,-1.3183320580313933,0.5945366763638932,-38.26110113594821,-0.08075875989327068,0.1259484587229825,0.6000000238418579,26.012305518672783,-0.9359159772427821,0.09352828588354231,-0.7536651140328606,0.49951846505581704,-8.250343464046315,39.108127954423196,True,False,True,20.86682302576414
39.611121152,28.264681639870357,-2.728671872192285,-1.3395849205684214,0.607210573838856,-38.115670879035946,-0.07113595137826036,0.20541738386454214,0.6000000238418579,26.07754953344039,-0.9804003975570652,0.09367235816487368,-0.760908999808587,-0.7181808608875908,-9.613473046901966,39.20812717028434,True,False,True,20.966822241625287
39.716409344,28.275916634796992,-2.7742234109743196,-1.3483456958308764,0.6003839743871967,-37.85179576206719,-0.06124913418491642,0.22353831557331585,0.6000000238418579,26.11234706251992,-0.9968751879418161,0.09358186421910825,-0.758432295501115,-1.2201363086888657,-10.37930361167202,39.255043687709005,True,False,True,21.01373875904995
39.801475072,28.291814122792083,-2.843220379867497,-1.359848577916189,0.5888896200697591,-37.67451477646831,-0.03935804973897747,0.010481358377361725,0.6000000238418579,26.154418109949997,-1.034480961298102,0.0923577324908293,-0.7709041050686332,-1.8792029044139136,-11.21565119299595,39.32583784949168,True,False,True,21.084532920832622
39.905853696,28.303955238584244,-2.9018427616343727,-1.3674068748367227,0.5942006139121376,-37.660488097280194,-0.021347546977735693,-0.00459687493044146,0.6000000238418579,26.180737943820624,-1.0764802444294592,0.08999206300563876,-0.7909515410635534,-2.3122614182672327,-4.679847274090732,39.38565752806476,True,False,True,21.144352599405707
39.99998208,28.311742203277284,-2.9471485341832255,-1.3721689090456373,0.5974798457733972,-37.690165484092724,-0.0216809995472431,0.03562082212403735,0.6000000238418579,26.19629096619798,-1.112791408773986,0.08661477323949619,-0.8111823180580263,-2.585105880334942,-4.923014349345927,39.43150339766296,True,False,True,21.190198469003903
40.100809728,28.325512690762444,-3.016711513999394,-1.3784086432864633,0.6053383985474475,-37.753168291610116,-0.018879172273904107,0.09712190906047423,0.6000000238418579,26.219518188256277,-1.1715049793768335,0.08318991274781191,-0.8450241078959878,-2.9426163176175524,-5.2175219791111385,39.50233351002413,True,False,True,21.261028581365075
40.20063488,28.33401629376244,-3.06373527477761,-1.3826353577828363,0.5996580605525675,-37.73611206897915,-0.012991788951551606,0.10766855991256394,0.6000000238418579,26.236391773467606,-1.2090192933244206,0.08095866488031833,-0.8654518505439422,-0.6173537320248411,-5.476751103591041,39.54641054549822,True,False,True,21.305105616839164
40.306540032,28.34668619406897,-3.134633729350218,-1.3892284356663807,0.5969661862688618,-37.58378088042913,-0.0029343033476802744,0.1102141693865277,0.6000000238418579,26.266310586142907,-1.2605906855686013,0.07936728624811801,-0.8895821446789847,-0.995109268752965,-6.006837828869185,39.618414606137954,True,False,True,21.3771096774789
40.400922624,28.356992490937973,-3.1883943073931764,-1.3926669809498378,0.5928018801825305,-37.41669160859402,0.00634024037451267,0.1090424432723427,0.6000000238418579,26.288567983936403,-1.3011688150803713,0.07884581484931595,-0.9093233628161695,-1.192123401159698,-6.370941233111012,39.67315168291636,True,False,True,21.431846754257307
40.499816448,28.36850022609925,-3.2324521609513384,-1.3915688147764205,0.5891916843208516,-37.332832465957694,0.0185242774612457,0.07390615725741129,0.6000000238418579,26.300765547487273,-1.344470884861604,0.08141959941386936,-0.9371820367643814,-1.1292031142188428,-6.391880088806494,39.718614833507914,True,False,True,21.47730990484886
40.600665856,28.381776542121493,-3.304102635120972,-1.392614845527441,0.5957756054586839,-36.80010349578567,0.02453623700923915,0.03812314749388201,0.6000000238418579,26.33368123385785,-1.3948342914174336,0.08027405761122937,-0.9585733430641319,-1.1891362614932173,-6.9845422062528835,39.79147592566164,True,False,True,21.55017099700259
40.704101632,28.39217555036508,-3.355899849964854,-1.39178194096992,0.5988340034948553,-36.1514857640667,0.03404141815433811,-0.17412761229090248,0.6000000238418579,26.364216171606845,-1.425257273487657,0.08023148119865928,-0.959823454303994,-1.1414143456100367,0.24033241637852504,39.844306683987476,True,False,True,21.60300175532842
40.801007104,28.404832316466536,-3.4217894883120605,-1.3903764004048946,0.6058729007893521,-35.85765312127861,0.02902499003496333,-0.17431512638119118,0.6000000238418579,26.384074382862522,-1.4836106075643534,0.07961710099635327,-0.988165203453658,-1.0608828032996802,0.02703131590084721,39.911398119406904,True,False,True,21.67009319074785
40.90061952,28.41373218649566,-3.470013283476273,-1.3884603842465726,0.5980352755974927,-35.24081131912656,0.006936208664388878,-0.13010948310868306,0.6000000238418579,26.41020585968832,-1.5140270213082925,0.07881115476024769,-0.9920094912937307,-0.9511031639489448,-0.48003084690050546,39.960429665958486,True,False,True,21.71912473729943
41.000939264,28.42621723237054,-3.536927329477209,-1.386357986196857,0.5953931757019794,-34.66602288335701,-0.008486395995544177,-0.10835653797272932,0.6000000238418579,26.438263827424645,-1.5651156600310567,0.07916683755122987,-1.009431970196735,1.3613632453123783,-0.9343607475648051,40.025487905759924,True,False,True,21.78418297710087
41.102902272,28.437136826316546,-3.5940809809202072,-1.386175382187396,0.5902692076422108,-34.307533325907144,-0.020358529428515057,-0.096335921623278,0.6000000238418579,26.46119723761535,-1.610230497188294,0.0808019021950838,-1.0260941100211802,1.3718256843766488,-1.2823878659503822,40.083652361992435,True,False,True,21.84234743333338
41.200044288,28.4483090681444,-3.644175397284402,-1.3865755371975599,0.6032400900057013,-33.213465581296276,-0.028608668674301806,-0.0902959120812963,0.6000000238418579,26.51141814993311,-1.6221829217913228,0.08381575029881075,-0.9999359118747477,1.34889849114325,-2.399382803794667,40.134888933481335,True,False,True,21.89358400482228
41.300014592,28.46099766218168,-3.712182130189698,-1.3896659812884158,0.5986071471166203,-32.3336570472535,-0.03971583341978798,-0.07974804210740277,0.6000000238418579,26.561731810657417,-1.654807777954836,0.08546067036692077,-0.9867167093775455,1.171829087916062,4.723376395469535,40.20404969097476,True,False,True,21.962744762315708
41.401887488,28.468796919891943,-3.761225352828129,-1.394156980118791,0.5974863628843369,-31.761093543053313,-0.04823120098593155,-0.24500471917089484,0.6000000238418579,26.599528497275887,-1.676558577487167,0.0853131596074481,-0.9703153811290444,0.9145138091373878,3.8934976124906338,40.25370897357298,True,False,True,22.01240404491392
41.504850944,28.48043698967241,-3.8320057571563444,-1.4007562267296043,0.5936522068609122,-30.61389970421477,-0.05670084718946931,-0.1749434263098047,0.6000000238418579,26.667321428859317,-1.6983206906253363,0.08547930845543564,-0.9302798773298623,0.5364048303717577,2.368194794886454,40.325439924047096,True,False,True,22.08413499538804
41.600919296,28.48819523943668,-3.873956210215419,-1.4038736773469729,0.5967580588900185,-30.039358398724207,-0.08556888486328577,-0.09561575318632312,0.6000000238418579,26.703282993935446,-1.7166226069310926,0.08642607300416279,-0.9132020867649366,0.3577880671560987,1.6150367261802412,40.36809123807323,True,False,True,22.12678630941417
41.700958464,28.50051773149092,-3.944255583473349,-1.413031701624114,0.5974361603388865,-29.604547662247768,-0.10051091291901125,-0.017772014355780255,0.6000000238418579,26.751982745678074,-1.7573341392078095,0.08734281285970262,-0.8998779911150829,-0.16692807260245054,0.6555098499452634,40.4394565327123,True,False,True,22.198151604053244
41.803164416,28.509966250615662,-4.002644868183396,-1.4238403194632583,0.5972612753903912,-29.028045667943086,-0.1038059964776039,0.057595427784840336,0.6000000238418579,26.807450839259147,-1.779709584803883,0.08868728361652627,-0.8699336498017796,1.1217785907894458,-0.5402803289122073,40.49567435620652,True,False,True,22.254369427547466
41.900587008,28.51850182622421,-4.048786551367259,-1.432770870133428,0.6016259651642523,-28.62165760955985,-0.10073246020877015,0.10894592451485376,0.6000000238418579,26.851822337844336,-1.7988577784915938,0.0912921866431232,-0.8467485666955035,0.6100957286609624,-1.4583512494238609,40.54252652219947,True,False,True,22.30122159354042
42.000317952,28.52820772311124,-4.1202148937647225,-1.448455345417644,0.5987465048831293,-28.274461100830585,-0.09157557068314252,0.17862843327502673,0.6000000238418579,26.910841271188172,-1.8345802422524153,0.09184568665303335,-0.8185194024955654,-0.28855850900185487,4.776505712075233,40.614609156514334,True,False,True,22.37330422785528
42.100626176,28.535033409619643,-4.170188232388108,-1.4587370243709261,0.5946040774666413,-27.99771801893659,-0.07974291244678493,0.17864227716621472,0.6000000238418579,26.952390269929687,-1.8603742371944878,0.09226780618539307,-0.7958167437824029,-0.8776553193334008,3.910665819849692,40.66504472317695,True,False,True,22.423739794517893
42.2018816,28.5428299067888,-4.237122762760131,-1.4727072294535308,0.5925365928878819,-27.904025348715066,-0.058109800981683696,0.06976524946158252,0.6000000238418579,26.996423699126865,-1.9028931594638685,0.09149823843076102,-0.7794640420724004,-1.6780891094988626,3.016539359462697,40.73242739520547,True,False,True,22.491122466546415
42.306007296,28.548855664456244,-4.295312333114227,-1.4840025885848913,0.601178500534911,-27.959020124464836,-0.04564488782962271,0.08065496412470137,0.6000000238418579,27.026657097314036,-1.9452247768325028,0.09008317631093403,-0.7749058373517875,-2.3252655158103868,2.4243577289009512,40.790911012164905,True,False,True,22.54960608350585
42.40100096,28.55611756545951,-4.346682855169799,-1.4906773418877879,0.6002824966006302,-28.073906264832218,-0.039090802028857986,0.1389628755691994,0.6000000238418579,27.044909551176687,-1.9895128703007896,0.09076048778273028,-0.7816631689720777,-2.7077007093573537,2.156808675721353,40.84278785662959,True,False,True,22.601482927970537
42.502425856,28.561561031403738,-4.416522419345128,-1.5002376287394685,0.6015016715615847,-28.252139721468833,-0.02921217212728497,0.20925326329545071,0.6000000238418579,27.065586971580228,-2.0496549510792836,0.08728791646592872,-0.7943795547371849,-3.255464796893068,1.78727804482225,40.91275311439468,True,False,True,22.671448185735628
42.601351168,28.566624109138875,-4.462783492875751,-1.5044089149242763,0.596050344149078,-28.555921071798657,-0.012595664163158972,0.20006322603947474,0.6000000238418579,27.067974792475127,-2.0976090329968846,0.08742809863866867,-0.8166662992657093,-1.9270309419956113,1.8520623016213615,40.95690428469858,True,False,True,22.715599356039526
42.706370816,28.572859291449603,-4.534255778349433,-1.5109623191843211,0.5907115395147953,-28.820237278448264,0.00932324383844307,0.17188700929490353,0.6000000238418579,27.078801742466315,-2.1661780684070324,0.086495341763098,-0.8378410057582264,-2.3025133475392328,8.504815926772503,41.028641966943624,True,False,True,22.78733703828457
42.800473088,28.577469548323183,-4.581798946892239,-1.512316193307925,0.5884682392023227,-28.994179128518912,0.027178898618504085,0.1495032892114353,0.6000000238418579,27.079431046109697,-2.2162375661865994,0.08633519295125314,-0.8574211935636952,-2.380084620813721,8.601186503568655,41.07640787210502,True,False,True,22.835102943445968
42.902607872,28.582841356679396,-4.650822292875338,-1.5118682238024803,0.5995189936048094,-28.8989104664336,0.0437959226451451,0.08644752754330266,0.6000000238418579,27.087677601230467,-2.283442867351864,0.0847879129760681,-0.8769325623387337,-2.3544178588011526,8.531584603495883,41.14562264321927,True,False,True,22.904317714560214
43.003048448,28.586453902433593,-4.711681191392709,-1.5098771809058498,0.6007935134950055,-28.884259195328678,0.05666700436264122,-0.0725439180404532,0.6000000238418579,27.087184215809447,-2.3468999315781924,0.08230541376207746,-0.9029348783984531,-2.2403395039947203,8.631011687197413,41.20653810277779,True,False,True,22.965233174118737
43.10014336,28.588878100126788,-4.760154526282927,-1.506716964958559,0.5974897462504762,-28.85152831372778,0.05239166321732908,-0.0757360276312658,0.6000000238418579,27.083491134302538,-2.3992627280154895,0.07987725081475046,-0.92739900015783,-2.0592724678650347,8.779347841726215,41.25501123919928,True,False,True,23.013706310540222
43.201192192,28.593040951927538,-4.828681654968685,-1.5001548052690572,0.5959484195714008,-28.572822409440153,0.04552332799752091,-0.07914935332675625,0.6000000238418579,27.083647778955807,-2.47034914037573,0.07717660566272734,-0.9558782289086681,-1.6832884131657027,8.876625992137923,41.32361155418975,True,False,True,23.0823066255307
43.3006912,28.594838295826367,-4.877995586494982,-1.4970177189818883,0.5956811681797689,-28.021174254154616,0.03796912061152149,-0.07141992925064433,0.6000000238418579,27.100784726405546,-2.5099153657885758,0.07404078512302453,-0.9561229774995575,-1.5035466089425713,8.504719641075516,41.372858492340406,True,False,True,23.13155356368135
43.40032128,28.59875120268429,-4.945519140794501,-1.4931348735327852,0.5992205733538318,-27.44067016491077,0.029183266215616004,-0.06626118155159592,0.6000000238418579,27.119524514021933,-2.568149080507505,0.07225072482768391,-0.9567313408641704,-0.10362769383139794,14.00849504298204,41.43896134339565,True,False,True,23.197656414736592
43.499961856,28.602916011724222,-5.003261167654961,-1.4903413750280958,0.6023193430966408,-26.86186548811356,0.023366235399016715,-0.08190791726234203,0.6000000238418579,27.14110379974302,-2.6151436963184644,0.0718184533817577,-0.9506244513194062,0.056427980563421014,13.589746040579636,41.49685176092471,True,False,True,23.255546832265658
43.600585472,28.60363619730089,-5.054392131223914,-1.490492474983611,0.597130606873053,-26.295068143329765,0.016748299670180954,-0.09539567268784951,0.6000000238418579,27.165882558937255,-2.6517135269632166,0.06847725901528504,-0.9382716655114685,0.047770590827784974,13.014291306060198,41.54787852373562,True,False,True,23.306573595076564
43.700379392,28.608325356573197,-5.121126801321822,-1.4872802251350965,0.5929353025919428,-25.11166811191478,0.00744439438491636,-0.1296328203490003,0.6000000238418579,27.212695751497602,-2.6937376678212743,0.0678537886569503,-0.9066236657226179,0.23181894988919324,12.01493963370662,41.61477482925744,True,False,True,23.373469900598387
43.800881408,28.607663865659607,-5.168783029293665,-1.4881459038476863,0.5935151917751598,-23.893605159997005,-0.0025641713761855767,-0.17706837259339517,0.6000000238418579,27.26607716498477,-2.7111123588065853,0.06341112550252809,-0.8611560042312192,0.18221921324350446,10.747276945143156,41.662228136611404,True,False,True,23.42092320795235
43.909597696,28.61350922783028,-5.243187531776934,-1.4894118446342226,0.598550253223057,-23.271801273462682,-0.01711526120913061,-0.12688160623628508,0.6000000238418579,27.301803506053567,-2.7694397476529686,0.06333132800700118,-0.8450652653158297,0.10968614906147708,10.052939994426811,41.73686185473565,True,False,True,23.495556926076596
43.999842304,28.6154789289804,-5.2868226141859225,-1.4912384121642774,0.6014482690289736,-22.438513243929915,-0.03466814757870991,-0.06849652009906429,0.6000000238418579,27.34444286651366,-2.7919343746230685,0.061830777218887086,-0.8113928294627536,0.005031538593725356,9.114997354426288,41.78051558867436,True,False,True,23.539210660015307
44.10364288,28.6195444576109,-5.358728831762584,-1.498140877103399,0.5994050475000213,-21.590532384629448,-0.044266832617572874,0.013564323374622081,0.5970083322466779,27.4029488309861,-2.8368455907545056,0.06017509352505361,-0.7686948532853419,-0.3904505706549931,11.787764397627951,41.85251761198436,True,False,True,23.611212683325306
44.202259456,28.621906540581392,-5.405728201993534,-1.5034995651407217,0.597127512459415,-20.959129082229055,-0.0440189987421035,0.03965200332736402,0.0,27.44677755437455,-2.8642577878874644,0.05940260634051725,-0.7327773242662091,0.07911969297362821,10.849330886961726,41.898755089781304,False,False,False,23.65745016112225
44.30110848,28.62532685218384,-5.47236114227538,-1.5104846685464062,0.5918407626432576,-20.577614985383736,-0.0427049994468688,0.06416579915156818,0.0,27.4849814297939,-2.915094570790446,0.05842650234331291,-0.7079716571207958,-0.3210972516345628,10.067599845508205,41.96546861526938,False,False,False,23.724163686610325
44.399436288,28.628798090969052,-5.528164001164348,-1.5161856711310504,0.5744495275869325,-20.043835714509928,-0.0420479997992515,0.08452815546928309,0.0,27.52698281102638,-2.9540616160823463,0.05821457224840618,-0.6766160978697848,-0.6477406387278257,9.207177187541122,42.021378933141136,False,False,False,23.78007400448208
44.504756736,28.63221205115212,-5.5671770562349305,-1.521718027053784,0.4738555107183686,-19.561590353186983,-0.0407340005040168,0.09357053157023464,0.0,27.566409276260504,-2.977956238105791,0.0590514010879524,-0.6441217692301208,-0.9647212838646653,8.40795118108132,42.060532136171865,False,False,False,23.81922720751281
44.602241024,28.633357248680507,-5.589686681077347,-1.5231910251594325,0.2624518091733529,-20.224460648436732,-0.0400770008563995,0.09843240257011943,0.0,27.541467763368733,-3.011358278436289,0.05871144451399949,-0.6763872643188995,-1.0491178585490892,8.98642490164665,42.08306830970361,False,False,False,23.841763381044558
44.704424192,28.633392993408794,-5.580286109830335,-1.5216698851968145,0.0,-19.76162421635152,-0.0394200012087821,0.0955902629854587,0.0,27.558432647598348,-2.9948537949291913,0.05936630975873862,-0.6559406642467198,-0.9619629586424001,8.610743369468127,42.073690507777414,False,False,False,23.83238557911836
44.803922432,28.633008444514413,-5.57251585580427,-1.5202279797526774,0.0,-19.24725899469306,-0.0387630015611648,0.09016916781707715,0.0,27.577560858988065,-2.9790566997336376,0.05949440815455601,-0.6335654042229711,-0.8793478622363994,8.178993244215674,42.06591179861183,False,False,False,23.824606869952774
44.901145344,28.63506226277857,-5.568625990094752,-1.516803136293256,0.0,-19.711331927551655,-0.0381059981882572,0.08243989804531233,0.0,27.54979725145332,-2.9875022318853155,0.06179998443427277,-0.662546580964893,-0.683118786518575,8.83929525279211,42.06216566157234,False,False,False,23.82086073291328
45.00934656,28.637390759894625,-5.566706260853873,-1.514502886039494,0.0,-19.553947560581964,-0.0367919988930225,0.04821975231055844,0.0,27.55327865153465,-2.985098053455374,0.06424987383119708,-0.6585878650784769,-0.551324155154134,8.813705517186872,42.06040347511211,False,False,False,23.819098546453056
45.108549632,28.637629390404726,-5.565970453570184,-1.5141912958041581,0.0,-19.2828400430997,-0.0361349992454052,0.05312841060135632,0.0,27.564938875508563,-2.9795955659616986,0.06453645237310743,-0.6459443407389469,-0.5334713497318867,8.560450805126834,42.05968498390242,False,False,False,23.818380055243367
45.199491584,28.640476669840925,-5.564604049294387,-1.5107501136459394,0.0,-19.222209916400043,-0.03497172044749436,0.03673521709710316,0.0,27.56162590920833,-2.980792710151672,0.06746755098308269,-0.6494482964547024,-0.336306135530232,8.696985892628835,42.05850909199781,False,False,False,23.817204163338758
45.303706368,28.640572609385266,-5.56461926303188,-1.510626288806603,0.0,-19.420540335950758,-0.0341640003025531,0.027846008689925383,0.0,27.552464951115727,-2.9846925733728153,0.06756228007838148,-0.6592796546956204,-0.32921149483737866,8.902410952872396,42.058530592055504,False,False,False,23.81722566339645
45.398798592,28.64097251011863,-5.564990944669733,-1.5099589962503188,0.0,-19.72430811123011,-0.0335070006549358,0.02642473190920118,0.0,27.53748464094321,-2.9916051355492495,0.06793683038360228,-0.675485432751944,-0.2909784476617806,9.244411775327324,42.05892780724318,False,False,False,23.817622878584125
45.499762432,28.641137698690486,-5.564935730706738,-1.5094702473062986,0.0,-19.55920715715342,-0.0328500010073185,0.017344657098788654,0.0,27.543810596443276,-2.988916858362488,0.06810529706242521,-0.6686976801706229,-0.26297519592796137,9.107314072984476,42.05888359385032,False,False,False,23.817578665191263
45.599612416,28.641398586556676,-5.564644257214001,-1.5087767452711605,0.0,-19.610378807904052,-0.0321930013597011,0.015998087580947392,0.0,27.53998571489518,-2.990369663053855,0.06838481718462498,-0.6727601202939996,-0.22324045623079747,9.198220463432259,42.058609937538534,False,False,False,23.81730500887948
45.722095104,28.641487314982804,-5.564359646179086,-1.5082148795078318,0.0,-19.643657749851332,-0.0321930013597011,0.009178340550448975,0.0,27.537133557815643,-2.9913453090579782,0.06849209972188901,-0.6757634316918578,-0.19104791933918402,9.26369194227118,42.05833178895954,False,False,False,23.817026860300487
45.804626688,28.64138437306423,-5.564287547554964,-1.508318690654165,0.0,-19.492157134114525,-0.0315360017120838,0.007969031595258233,0.0,27.544105409107885,-2.988248169894194,0.06839413036083412,-0.6682502009427528,-0.19699585989047735,9.106243385983056,42.05825306631671,False,False,False,23.816948137657654
45.900046336,28.640716164812513,-5.5637780249928275,-1.5089368792345619,0.0,-19.45913625198081,-0.0315360017120838,0.010722026674230842,0.0,27.546515092119844,-2.9864297729092626,0.06776093453631707,-0.6654728952065969,-0.23241545649040127,9.037802907249414,42.05770063663177,False,False,False,23.816395707972717
45.999003648,28.640670759806973,-5.563739737975379,-1.508973972600109,0.0,-19.485138933527402,-0.0308790002018213,0.011071217896311915,0.0,27.545395700520196,-2.986847705991046,0.06771815002981399,-0.6666600622041707,-0.23454074978418815,9.061680295502203,42.0576594420176,False,False,False,23.816354513358547
46.112599808,28.640055478967646,-5.5635525127822945,-1.509958749155714,0.0,-19.570576945267295,-0.0302220005542039,0.009799726857920103,0.0,27.54347562705773,-2.9872154563424305,0.06711653754893913,-0.6686121324057037,-0.29096429018381187,9.090694766842512,42.05743209601033,False,False,False,23.816127167351276
46.199572224,28.63971536959146,-5.5634177491304495,-1.51042471513351,0.0,-19.5566544323563,-0.0295650009065866,0.0167279820889234,0.0,27.544962312176914,-2.986303909331846,0.06678604340710792,-0.6669494002279022,-0.3176621741081916,9.050074370007142,42.05727522264788,False,False,False,23.815970293988826
46.305293056,28.63968126805094,-5.562740139136978,-1.5102808489989206,0.0,-19.503101870233344,-0.0295650009065866,0.016674329275398168,0.0,27.54696654053868,-2.984761371909093,0.0667966488335193,-0.6646321400335916,-0.3094192517813586,9.004764730210988,42.05659683799059,False,False,False,23.815291909331535
46.398553344,28.639408605341618,-5.55840768583804,-1.5095067520320116,0.0,-19.43088503084319,-0.028983626705595043,0.012881405635616554,0.0,27.547947741636545,-2.9798978093783477,0.0668099488959709,-0.6625061722565132,-0.2650667626435948,8.976900379958613,42.052255833538986,False,False,False,23.81095090487993
46.511333888,28.63938123952325,-5.5580514891826,-1.5094563117663204,0.0,-19.43999841015635,-0.0289079993963241,0.011742003513927828,0.0,27.547380205202114,-2.979770328982734,0.06680610451809425,-0.6630261666545456,-0.2621767483019623,8.988903773613403,42.051898607887445,False,False,False,23.81059367922839
46.598834688,28.639352958211752,-5.557532501848964,-1.5093493548720884,0.0,-19.458950553875205,-0.0275940001010894,0.010450188959228664,0.0,27.546223426699168,-2.9797295948494633,0.06681206935439893,-0.664138920859517,-0.25604856967264084,9.013984095961586,42.05137888478253,False,False,False,23.810073956123475
46.69899264,28.638968367305917,-5.551194646038102,-1.5081745724696378,0.0,-19.523055328058426,-0.0275940001010894,0.004312892624998903,0.0,27.539929211402402,-2.9759057430621874,0.06684577642396856,-0.6693242367994544,-0.18873849616600677,9.145398943651452,42.04502946037731,False,False,False,23.803724531718252
46.79897984,28.638902339196623,-5.550245019801597,-1.5080266975991838,0.0,-19.514386654168668,-0.0269370004534721,0.0023918031129439637,0.0,27.53987199601724,-2.9749523558950246,0.06684244181933816,-0.669149670853649,-0.18026589019292452,9.145202875734741,42.04407754726116,False,False,False,23.802772618602106
46.89890432,28.638489153136096,-5.546280458551189,-1.5074497157434255,0.0,-19.489543816453647,-0.0262800008058547,0.001068934263993574,0.0,27.53908954349508,-2.971145413874661,0.06669129133516304,-0.668990228747704,-0.14720726500235576,9.1534186632103,42.04009437990842,False,False,False,23.798789451249363
47.00008576,28.63803468999886,-5.542348595360987,-1.5070370724626212,0.0,-19.521840656753994,-0.0256229992955923,-0.0031566959140308074,0.0,27.536121424477333,-2.968288154099423,0.06649679965382048,-0.6711810423531946,-0.12356454656782728,9.209358221945154,42.036141120762416,False,False,False,23.79483619210336
47.10311296,28.63797899620024,-5.541778623787595,-1.5069772537896113,0.0,-19.45151757955075,-0.0243090000003576,-0.004473737952577272,0.0,27.53907182676655,-2.9664333978096815,0.06647876977074822,-0.6678702256712384,-0.12013718906830194,9.142462502241447,42.03556871852884,False,False,False,23.794263789869788
47.198093568,28.63748297867507,-5.536869694032675,-1.5065275098470106,0.0,-19.480011621228385,-0.0236520003527402,-0.006629632794775082,0.0,27.536137299096023,-2.962566352529859,0.06630717150080803,-0.6697847396273896,-0.09436875929571616,9.196724973691714,42.03063777756816,False,False,False,23.789332848909105
47.299377152,28.637405636511435,-5.53616680968699,-1.5064639590261508,0.0,-19.625033858873184,-0.02351797014468082,-0.009508956798556678,0.0,27.529384213444875,-2.9647297550372853,0.06627629498277772,-0.6768603236510934,-0.09072756547584855,9.345388405156369,42.02993132526664,False,False,False,23.788626396607583
47.406087424,28.636891328030256,-5.532166677768842,-1.505997885139127,0.0,-19.568355699977747,-0.0229950007051229,-0.010604524344873158,0.0,27.530215295076697,-2.9601503173842176,0.06602658465558976,-0.6749486085035943,-0.06402349880812136,9.315414312928631,42.02590600374794,False,False,False,23.784601075088887
