t_s,x,y,yaw,vx,hitch_deg,steer_rad,steer_rate_cmd,vel_cmd,trailer_x,trailer_y,e_y,e_y_t,e_psi_deg,e_psi_t_deg,s_path,enabled,reverse,in_window,reversed_m
0.0,9.952013083325458,0.4015316695999276,-3.1053835957093066,0.0,0.7489129178989536,0.0,0.11166000547406191,0.0,12.751263598908125,0.46631246158469253,0.10489526505185788,-0.036364946549355306,-0.47326604280991946,-3.810467627263759,41.07003712347007,False,False,False,0.0013213414787216493
0.098713344,9.952013083325458,0.4015316695999276,-3.1053835957093066,0.0,0.8416791465767259,0.0,0.1115839704871177,0.0,12.751364814908621,0.4617801789784954,0.10489526505185788,-0.04088809201303353,-0.47326604280991946,-3.903233855941509,41.07003712347007,False,False,False,0.0013213414787216493
0.200529408,9.95217624748044,0.40156692900275276,-3.105390502196863,0.0,0.8232079595276158,0.0,0.11158388986530046,0.0,12.75150883276908,0.4626985651760288,0.10492323622428751,-0.039986286329670516,-0.4736617553981424,-3.8851583814806663,41.06987255317971,False,False,False,0.0014859117690875223
0.29837952,9.952292427105837,0.4015957674086582,-3.105393874191811,0.0,0.7569032742219485,0.0,0.1115697547793388,0.0,12.751552611357065,0.46595740866944885,0.10494688141911324,-0.036744447167249554,-0.4738549564772111,-3.8190468972540272,41.069755206412495,False,False,False,0.001603258536299279
0.401065472,9.952930586873366,0.4016132496667148,-3.105387993023181,0.0,0.7753296003518898,0.0,0.11156879140525733,0.0,12.75221095179737,0.46509110841238777,0.10493597735056626,-0.037666205775952595,-0.47351799033608916,-3.837136257242895,41.06911690035775,False,False,False,0.0022415645910456306
0.499170304,9.953408789971704,0.4016256316364237,-3.1053848286270758,0.0,0.8184452700125802,0.0,0.11118995398283,0.0,12.752735935845596,0.46300584321575317,0.10492708882210354,-0.0397900963552718,-0.4733366837945565,-3.8800706203620354,41.0686386195715,False,False,False,0.002719845377292529
0.598354688,9.952852989976648,0.40162072497242907,-3.105349990739704,0.0,0.8121222294980699,0.0,0.11118994440902283,0.0,12.752171194196473,0.4634073863444026,0.10494689479393834,-0.03933960801911097,-0.471340619880975,-3.8717515159339992,41.069194088232486,False,False,False,0.002164376716308425
0.698782976,9.95237970480906,0.4016188246056411,-3.105328569339885,0.0,0.7183336498102496,0.0,0.1111848950386047,0.0,12.751591596533174,0.4680476228056484,0.10496603593941145,-0.034666115880402484,-0.4701132640801171,-3.776735580445285,41.06966698999586,False,False,False,0.0016914749529348683
0.800944128,9.952466477159131,0.40162571861439145,-3.105320140936232,0.0,0.7634159100259794,0.0,0.11118401465905574,0.0,12.751729229375696,0.4658755750573432,0.10496906571540739,-0.03684176361541974,-0.46963035212275456,-3.821334928703646,41.06957999695849,False,False,False,0.0017784679903058986
0.905553408,9.952948666986527,0.4016661578286754,-3.105281326632304,0.0,0.7692302783195449,0.0,0.11093451502916701,0.0,12.752215439960441,0.46574059675882684,0.10498802946660528,-0.0370197270941162,-0.46740645632297756,-3.824925401197381,41.06909648611493,False,False,False,0.0022619788338644753
0.999324672,9.953003972410562,0.4016736941382218,-3.1052796885772707,0.0,0.7747281948290892,0.0,0.1107563373116465,0.0,12.752276776350453,0.46548410960861086,0.10499309975343393,-0.03728067541302813,-0.46731260268292857,-3.830329464066916,41.06904090034264,False,False,False,0.002317564606151734
1.099798016,9.953322393575286,0.4017199970232789,-3.105271477271311,0.0,0.8958025732023271,0.0,0.11067660860310627,0.0,12.752723312767978,0.4596379875193832,0.1050252016250875,-0.04314329915015736,-0.4668421295071513,-3.9509333692643915,41.06872073559576,False,False,False,0.0026377293530330803
1.199116544,9.953609833032933,0.40172935965096446,-3.1052944758629573,0.0,0.7929206387493506,0.0,0.11062115103091909,0.0,12.752903686956259,0.46460955833938805,0.10502177703292397,-0.03820783820277917,-0.46815985174322505,-3.8493691570474833,41.068433164086784,False,False,False,0.0029253008620102605
1.299011072,9.95574136114432,0.4017980964186002,-3.1054377514806344,0.0,0.7168619478222594,0.0,0.11082327962279516,0.0,12.754958789656214,0.46799317112402394,0.10499568993043214,-0.03502179101275431,-0.4763689399432291,-3.781519554320398,41.0663006875228,False,False,False,0.005057777425996335
1.398872064,9.95574136114432,0.4017980964186002,-3.1054377514806344,0.0,0.7203457315907561,0.0,0.1108333691954612,0.0,12.754962809373804,0.4678229687927224,0.10499568993043214,-0.035191669794320896,-0.4763689399432291,-3.7850033380889223,41.0663006875228,False,False,False,0.005057777425996335
1.501758464,9.954671337998661,0.40177062799925095,-3.105444042038765,0.0,0.6901496068279549,0.0,0.11083569721483973,0.0,12.753858025496148,0.46925313341248737,0.10501581596044322,-0.03366834381961085,-0.47672936237493335,-3.755167635757787,41.06737087395012,False,False,False,0.003987590998676183
1.59879808,9.953873506852862,0.4017514193772897,-3.1054476606904484,0.0,0.7012754524637957,0.0,0.1114357560873031,0.0,12.75307348771731,0.46868024073598785,0.1050320934756445,-0.03416870180291749,-0.4769366958439081,-3.7665008148626105,41.06816877027851,False,False,False,0.003189694670282961
1.699988992,9.953236347660228,0.40174697663484255,-3.1054065011281917,0.0,0.7335483944360064,0.0,0.1114357108652162,0.0,12.75247089117019,0.46721429993871805,0.10505597968908337,-0.035574810050937315,-0.47457842663996785,-3.7964154876309038,41.06880549708298,False,False,False,0.0025529678658173793
1.798597376,9.95276720495762,0.401745997362229,-3.1053852249415312,0.0,0.7749209371819703,0.0,0.1114183366298675,0.0,12.752046941275573,0.46525157065856115,0.10507585686713058,-0.03749170507289094,-0.4733593909402407,-3.836568994677137,41.069274219529824,False,False,False,0.002084245418970454
1.89965696,9.952898759352811,0.401754633242124,-3.1054190313024406,0.0,0.8269276274816126,0.0,0.11142459646189348,0.0,12.752237045142817,0.4626246727547886,0.10507863603092599,-0.040125073995128345,-0.4752963527410158,-3.8905126467775513,41.069142411284396,False,False,False,0.002216053664398032
1.998725888,9.95367868934128,0.4018081867824389,-3.105583679398696,0.0,0.8311798951418247,0.0,0.11198187690111328,0.0,12.753031434942818,0.4620095629554862,0.10509746526727849,-0.040808830324555734,-0.48472999376132564,-3.9041985554580956,41.06836087163188,False,False,False,0.002997593316912628
2.098883328,9.953602659904735,0.40180615796733027,-3.105574803788799,0.0,0.772835041001131,0.0,0.11224706639985509,0.0,12.752892090729265,0.46488295619041,0.10509881830490055,-0.03793449998535437,-0.4842214587736334,-3.8453451663296825,41.06843691609651,False,False,False,0.0029215488522851274
2.19982464,9.9531105840647,0.4017934776236573,-3.105526157602684,0.0,0.7736788961456845,0.0,0.11213644043626868,0.0,12.752397873831638,0.46496522248846595,0.10510802545952189,-0.03780832010313064,-0.48143423761979154,-3.843401800320433,41.06892906917409,False,False,False,0.002429395774704801
2.298683136,9.9531105840647,0.4017934776236573,-3.105526157602684,0.0,0.7464018526279035,0.0,0.1121047213673591,0.0,12.752367482169083,0.46629788379119025,0.10510802545952189,-0.03647828903184675,-0.48143423761979154,-3.816124756802665,41.06892906917409,False,False,False,0.002429395774704801
2.400131328,9.952508539894396,0.4017830351817121,-3.10543872011715,0.0,0.7047390691758855,0.0,0.11210361559982993,0.0,12.751711964611836,0.4685676670228268,0.10512435688555773,-0.034158935522224695,-0.4764244387274716,-3.769452174458249,41.069530982383874,False,False,False,0.0018274825649200466
2.504909312,9.952056334843723,0.4017766360563269,-3.10539082524598,0.0,0.737935926162411,0.0,0.1116549894213676,0.0,12.751294860187562,0.467073483077101,0.10513806661476992,-0.035609779373522756,-0.47368026474908453,-3.799904857466443,41.06998302485974,False,False,False,0.0013754400890562124
2.598580224,9.952167587962949,0.4017813254393649,-3.1053921161023696,0.0,0.7811737502096248,0.0,0.11165462632171977,0.0,12.751454673568201,0.4649621165364723,0.10513780566530019,-0.03772697522613323,-0.4737542253722273,-3.843216642136748,41.06987167326003,False,False,False,0.0014867916887624233
2.70129664,9.952960126070646,0.40181514268149293,-3.1054000689657775,0.0,0.8224818504725574,0.0,0.1115318093950873,0.0,12.752292521457175,0.46295547421084365,0.10513635762747815,-0.039800567215743876,-0.47420989088053955,-3.88498040790798,41.06907841531888,False,False,False,0.0022800496299169026
2.7986624,9.953001456721728,0.4018169283571154,-3.105400416878082,0.0,0.7824083720456575,0.0,0.1114375591278076,0.0,12.752290426962862,0.4649141635289147,0.1051363042062874,-0.03784955505384694,-0.4742298247872166,-3.8449268633877787,41.069037046145546,False,False,False,0.0023214188032483207
2.902124288,9.952723425645232,0.4018237840761967,-3.105418921971848,0.0,0.7798955720740474,0.0,0.11144208914869702,0.0,12.752010795374785,0.46499198551172455,0.10515551286751225,-0.03774701201715377,-0.47529008855948934,-3.8434743271884555,41.06931449759664,False,False,False,0.002043967352150844
3.000335104,9.952503097756027,0.4018314675623871,-3.10542961940789,0.0,0.7926161277303203,0.0,0.111748993396759,0.0,12.751805091749862,0.4643482366898896,0.10517298331385631,-0.03836976075699989,-0.4759030064962998,-3.8568078007815183,41.06953426610718,False,False,False,0.0018241988416107802
3.103558912,9.952503097756027,0.4018314675623871,-3.10542961940789,0.0,0.8265130340216621,0.0,0.111748993396759,0.0,12.751841587571823,0.46269212345618754,0.10517298331385631,-0.040022491477362,-0.4759030064962998,-3.8907047070728744,41.06953426610718,False,False,False,0.0018241988416107802
3.200241152,9.952507606823795,0.40184019380961383,-3.1054472684559355,0.0,0.8611178546631966,0.0,0.11174990716529448,0.0,12.751883387818765,0.46096072136816213,0.10518150048627643,-0.04175068361652678,-0.47691422246176673,-3.9263207436798537,41.06952937357647,False,False,False,0.0018290913723220115
3.299047936,9.952511155520954,0.4018483900049484,-3.105456888239921,0.0,0.8112540484316744,0.0,0.1119082942605018,0.0,12.75183501656963,0.46337822799862943,0.10518953082355799,-0.03933855357088237,-0.4774653954839064,-3.8770081104705256,41.06952546403012,False,False,False,0.001833000918672667
3.399138816,9.953030002599824,0.40187392313666426,-3.105540983057618,0.0,0.7388662983145394,0.0,0.1119091715247554,0.0,12.752279354317135,0.46670498752877726,0.10519197365007107,-0.036064930432614585,-0.48228367361691743,-3.8094386384863106,41.06900599481577,False,False,False,0.0023524701330259745
3.499309312,9.95342137802736,0.4018941308936818,-3.105583943982562,0.0,0.6708455095377742,0.0,0.112356923520565,0.0,12.752594715922246,0.46992812547286766,0.10519476304911222,-0.03288296644789501,-0.48474515330017054,-3.7438793293928643,41.06861410797244,False,False,False,0.0027443569763576647
3.604690432,9.952710765569295,0.40188086464870815,-3.1055619145591393,0.0,0.7582250055511235,0.0,0.11236798390539633,0.0,12.751983198786734,0.46570754111644597,0.10521309980762138,-0.03703185902341036,-0.4834829603129134,-3.8299966324189487,41.06932460767131,False,False,False,0.002033857277481843
3.70079104,9.952125637682798,0.4018720140193609,-3.1055498529917323,0.0,0.7658765384393802,0.0,0.11479990605793201,0.0,12.751405804092379,0.46535862635576913,0.10523026946845285,-0.03732768254539198,-0.48279188340617557,-3.836957088400508,41.06990955055736,False,False,False,0.0014489143914317992
3.89087872,9.951032839661197,0.4018456889816445,-3.105526016208491,0.0,0.7375426192648865,0.0,0.4363323152065277,0.0,12.750279721269898,0.4667833190890101,0.10525255019443219,-0.035807899735245945,-0.48142613632932196,-3.8072574221491053,41.071002438517255,True,True,False,0.00035602643153964664
3.904680192,9.950756368469207,0.4018393836601434,-3.1055208635288016,0.0,0.7361714607774764,0.0,0.4363323152065277,0.0,12.750001360253822,0.4668584267840173,0.10525854148210627,-0.03570817383350454,-0.4811309095299511,-3.8055910368622863,41.0712789166928,True,True,False,7.954825599654214e-05
4.00067072,9.949909266892888,0.4018208081098004,-3.1055069165015112,0.0,0.7780457692074809,0.0068361222555017465,0.4363323152065277,0.0,12.74920015133988,0.46483306288601556,0.10527764173315245,-0.03765367852312664,-0.48033180372940615,-3.8466662394918107,41.072126006600705,True,True,False,0.0007675416519106193
4.100302592,9.949530590670355,0.40182383963969465,-3.1054277699871253,0.0,0.8861065120395795,0.05239300424774121,0.4362848546465125,0.0,12.748930760432067,0.459778041714218,0.10529750411072457,-0.042664285680300416,-0.4757970424919228,-3.9501922210864673,41.07250417370351,True,True,False,0.0011457087547128708
4.199726848,9.949233319382172,0.4018286764500564,-3.105385112947216,0.0,0.8312519471196969,0.11864564163602795,0.40581061278677794,0.0,12.748574132225514,0.4625823886788718,0.10531555117219858,-0.03983927240177696,-0.473352974138602,-3.892893587813248,41.072800936095135,True,True,False,0.0014424711463405515
4.301893376,9.949241869625581,0.40183141783124715,-3.1053660438591804,0.0,0.7807684298246557,0.17920962407190622,0.25530431670431764,0.0,12.748526859476128,0.4651049952346823,0.10531790974689319,-0.03732256277640693,-0.47226039587504226,-3.8413174922545568,41.072792272437795,True,True,False,0.0014338074890005714
4.399790336,9.949247825662171,0.4018335938451532,-3.105355693936118,0.0,0.7543178774964177,0.22716509734534948,0.15103330422447325,0.0,12.748502638622238,0.4664284242876522,0.10531981883726525,-0.03600227931580065,-0.47166738896527066,-3.8142739330165734,41.07278622555576,True,True,False,0.001427760606965478
4.500180224,9.949443197180736,0.40184454217781435,-3.10536964848557,0.0,0.8183199544708188,0.25198705696509044,0.09452290659530786,0.0,12.748769276623277,0.46327337053109574,0.10532207121240608,-0.03916853498842093,-0.47246692575387494,-3.879075546779582,41.07259056047696,True,True,False,0.0012320955281666102
4.600580864,9.950762483016984,0.4019211781369652,-3.1054469053613003,0.0,0.7765287391599868,0.26310881936501207,0.08841803618158899,0.0,12.750047907170929,0.4651755386132967,0.10533998327901836,-0.037388471789097676,-0.47689341867160323,-3.8417108243865004,41.071269172061,True,True,False,8.929288779313538e-05
4.700690432,9.950673250532184,0.40191783500420497,-3.1054472486846483,0.0,0.6841543838111016,0.2728588748118638,0.07241484269679124,-0.0008181636173227376,12.749853078898028,0.46968426083417947,0.10534061023260502,-0.032880411634137616,-0.47691308965042495,-3.749356140016433,41.071358464948794,True,True,True,0.0
4.800361984,9.950166219386835,0.40189877821372166,-3.1054489422520035,0.0,0.8623625932820038,0.2799745034708309,0.023242921039008456,-0.25,12.749543382952073,0.4609538043287127,0.10534411207402207,-0.04154808802967392,-0.47701012391217607,-3.927661383749136,41.071865842008506,True,True,True,0.0005073770597121552
4.899467776,9.950357445631232,0.40190567700212115,-3.1053941774356666,0.0,0.8879645625512793,0.2831670045852661,0.05799447140638224,-0.25,12.749757547964096,0.4598631360453425,0.1053425031841304,-0.04265354973681776,-0.473872331070261,-3.9501255601764598,41.071674498126185,True,True,True,0.0003160331773912617
5.000348672,9.952586749717186,0.402006790640562,-3.1049803372778837,-0.00787045716809637,0.8514114141994334,0.2883293032003879,0.04037235056690249,-0.25,12.751924343152716,0.4629086623570472,0.10534441436752454,-0.039814230587152014,-0.4501610366362984,-3.8898611173906574,41.06944290295167,True,True,True,0.0019155619971229498
5.100581888,9.96577400774791,0.40248800217310515,-3.1105170768106727,-0.17121143114000237,0.7885913021937506,0.292899657019092,0.06620023845128047,-0.25,12.765354427735367,0.4509593547729383,0.10523891782828584,-0.05291786338909813,-0.767392844128343,-4.144272812876999,41.05624728968861,True,True,True,0.015111175260180687
5.20134528,9.986123833460903,0.4031005861264483,-3.1211918101978293,-0.2571384426450446,0.6927321501522624,0.2988649780110256,0.07980130273490771,-0.25,12.786027146483198,0.4263694005951304,0.10494625580307711,-0.0792597713893942,-1.3790100146398332,-4.660030831347003,41.0358903494817,True,True,True,0.03546811546709705
5.299641344,10.016288761774803,0.40361099944930073,-3.1350737422837547,-0.27470638208522047,0.6956098702509091,0.3069830964678748,0.200610654970585,-0.25,12.81624451585472,0.38787012289307776,0.10411519912764207,-0.12030962144755675,-2.174386134650545,-5.458284671456415,41.00573255170492,True,True,True,0.06562591324387768
5.400610048,10.041842757911958,0.4037447707017026,3.134333979856417,-0.2985323859420754,0.9176278989342871,0.31834237859542874,0.2492392343916809,-0.25,12.841084421765942,0.3385826087978413,0.10311284919662513,-0.17162298220787572,-2.9637836092915992,-6.469700174780781,40.980197871210706,True,True,True,0.09116059373808838
5.4992896,10.07449237574636,0.40336676515492054,3.11718356480724,-0.27132909969290897,0.971790949389606,0.3434826172442946,0.4015927968629315,-0.25,12.872096645112482,0.2875636908242055,0.10128379641637211,-0.22521336074448597,-3.946430008507108,-7.506509624451637,40.9475973344229,True,True,True,0.12376113052589233
5.600300288,10.099279123711675,0.40267272755878003,3.104026970180339,-0.254308483330609,0.8009554679963765,0.3700021423807364,0.4363323152065277,-0.25,12.895560306298876,0.25841064692523197,0.09948856359695926,-0.25634989069058556,-4.700247353393031,-8.089491487944317,40.922865943398435,True,True,True,0.1484925215503594
5.702806784,10.121338059387417,0.40169956698858916,3.091732816029716,-0.24692557611429042,0.39095765322608306,0.3771179914474487,0.4363323152065277,-0.25,12.916841062864423,0.2430712039791929,0.09754883119778864,-0.2735328642635156,-5.300440534139921,-8.383896818687928,40.901049486887814,True,True,True,0.1703089780609801
5.79959296,10.146638596743546,0.4003521479561748,3.0789720532856286,-0.2352251709761421,-0.36773577581789285,0.3771179914474487,0.4356272128802281,-0.25,12.942217566946901,0.24306826017122823,0.09512388906032684,-0.2758032333069297,-6.031578382743917,-8.32898630209191,40.87582940789928,True,True,True,0.1955290570495123
5.900794368,10.167708452717795,0.39903048617575765,3.070222017893782,-0.2297051685487269,-1.0406611193624828,0.3771179914474487,0.21502946026542794,-0.25,12.963745908681368,0.25011928831357216,0.09290506588852317,-0.2706972662836213,-6.532918481286839,-8.157401057090249,40.854835064747625,True,True,True,0.21652340020116867
6.001412608,10.191739363303473,0.3972048462867832,3.056007256374823,-0.22802467242615693,-1.5450133298315851,0.3771179914474487,0.35605918228089783,-0.25,12.986929942884768,0.23316331550881073,0.09005647133120241,-0.28965036469094924,-7.347364323108159,-8.46749468844243,40.830903848029095,True,True,True,0.24045461691969905
6.099981568,10.213306523420078,0.3952756441097442,3.041629639099509,-0.24431456313782926,-2.3522665261191733,0.3771179914474487,0.23277899895512988,-0.25,13.008449678646855,0.2304280120706495,0.08720945650981925,-0.29429108533471354,-8.171141112438036,-8.484018281484754,40.80943855690268,True,True,True,0.2619199080461172
6.199158784,10.243671882095542,0.3920909323201874,3.0247969510546016,-0.2620506128753578,-3.240384521294984,0.3771179914474487,0.08903494462786037,-0.25,13.03859296305652,0.22352002379819827,0.08273294175200797,-0.3038558216546875,-9.135583095271537,-8.560342269142435,40.77923659980888,True,True,True,0.29212186513991156
6.301556992,10.265613214132003,0.3894760905472853,3.010844109627202,-0.25592427839036913,-4.288300207404415,0.3771179914474487,0.1615674396783632,-0.25,13.061239058186702,0.23302756849146447,0.07918495713854881,-0.29640263033665915,-9.93502202127682,-8.311865509038299,40.757426710900084,True,True,True,0.3139317540487099
6.39987456,10.294333699448835,0.38557895380357593,2.9945200555051086,-0.25637084218401934,-4.915868268768988,0.3771179914474487,0.01619638803066264,-0.25,13.08907895185348,0.2141176632401073,0.07406679837373756,-0.31771649262866136,-10.870321427015911,-8.619596853412823,40.72889850726769,True,True,True,0.3424599576811076
6.501485312,10.313199029220918,0.3824168458433806,2.9828663145788514,-0.2534878795912575,-5.7371822743769325,0.3771179914474487,-0.15922943385400504,-0.25,13.108393907220803,0.21844857451258679,0.07010319790291875,-0.31512273940282565,-11.538031597629324,-8.465993018418278,40.71018515734125,True,True,True,0.36117330760754385
6.601320192,10.337498279399542,0.3781107653461589,2.967089794955907,-0.23494851329268518,-7.0002432615054975,0.36675365826677814,0.031811171132027895,-0.25,13.133666003211063,0.23166603066888852,0.06476497712081462,-0.30420821417484967,-12.441959587429366,-8.106860021089755,40.686091604523675,True,True,True,0.38526686042511926
6.700395264,10.355318935008004,0.3746479817348497,2.9557015465762992,-0.23641759397602635,-7.783383560049643,0.364525369775169,-0.30522384830965155,-0.25,13.151813302705055,0.23457924347154416,0.060545516590378656,-0.30292255031051224,-13.094458155627589,-7.976218290743861,40.66843479876821,True,True,True,0.40292366618058395
6.801516288,10.382465100549052,0.36915658101833276,2.9382579787093315,-0.2506320610806049,-8.814954032855589,0.35171072425717037,-0.36741615002290784,-0.25,13.179037569815291,0.23065595234783057,0.053901668512813306,-0.3092545147495819,-14.093900974054861,-7.944090636365156,40.64154745847331,True,True,True,0.4298110064754823
6.899601152,10.405467407932953,0.36417291153636316,2.9235903925170126,-0.2546942702168597,-10.213062759651372,0.315302538403916,-0.1530214123091451,-0.25,13.203255534998446,0.25290029113330603,0.04794177316879162,-0.2892550994927813,-14.934291758519095,-7.38637269403365,40.61877855964229,True,True,True,0.45257990530650716
6.999840768,10.42781021564866,0.35797595124559933,2.9072479107830524,-0.2501231793405068,-11.249404602775277,0.2848134529204329,-0.4363323152065277,-0.25,13.225788263843304,0.2515859055604406,0.040797809698803617,-0.29257075179893727,-15.87064698864465,-7.28638608103523,40.59672029227139,True,True,True,0.4746381726774018
7.09907072,10.454573994420608,0.3510697174027992,2.8909596574890983,-0.24911442585966773,-12.341647390030369,0.27043540616228623,-0.4363143410942647,-0.25,13.252836499515736,0.25244440331588347,0.032756719091760846,-0.29412424848443425,-16.803895158028283,-7.127391463163801,40.57027531577501,True,True,True,0.5010831491737875
7.20015744,10.47344854916112,0.34408971094834545,2.8775689887976075,-0.2412338646782642,-13.689146413717198,0.22219177793778108,-0.43168989432680055,-0.25,13.27256637147354,0.2738087262300405,0.02497829874265723,-0.2746016986071253,-17.571123958908675,-6.547121240357383,40.55171553442852,True,True,True,0.519642930520277
7.298948864,10.500405494490403,0.33668056304427413,2.8635670047604815,-0.24798334461370697,-14.817006801733614,0.1791211023060094,-0.4363323152065277,-0.25,13.299877514966733,0.28230771531512094,0.01642651530306301,-0.2685684682277309,-18.373378549045544,-6.221515442477806,40.525099009971846,True,True,True,0.5462594549769477
7.399207424,10.521796065067319,0.32988193256086185,2.852623833542628,-0.24962413380961146,-15.697324648223104,0.13296634865078122,-0.4363323152065277,-0.25,13.321481120480112,0.28788680786445936,0.008722029680382666,-0.2649352913959145,-19.00037607431758,-5.968195121260376,40.50401776742436,True,True,True,0.5673406975244362
7.499834112,10.550290488253955,0.32105481330450825,2.844639209916398,-0.24925652763912387,-16.36379351139157,0.09166265117265429,-0.4363323152065277,-0.25,13.350110095188441,0.28927166328408566,-0.001311989643576594,-0.26610528266670525,-19.457861309101013,-5.759211492875326,40.47592562184394,True,True,True,0.5954328431048523
7.598955264,10.573155096584674,0.3141351884227658,2.8386947740358437,-0.24945522196544107,-18.0217107420803,0.05070854193529212,-0.4363323152065277,-0.25,13.372965403191497,0.3467273196541616,-0.009200208730365155,-0.2109130901836613,-19.798452396642904,-4.441885349728528,40.453376840895515,True,True,True,0.6179816240532787
7.699108608,10.595694724897644,0.3078372927417174,2.835096953228117,-0.24456584549925828,-19.600959157689736,0.006207871712703282,-0.4363323152065277,-0.25,13.39392005278839,0.4075118348812373,-0.016515836035030523,-0.1522052967138139,-20.358174850966144,-2.842826894394882,40.43122796540694,True,True,True,0.6401304995418542
7.801127424,10.622466115654733,0.2995110215286409,2.8345699538747002,-0.24784074850653415,-20.933396531293248,-0.034536450600264716,-0.4363323152065277,-0.25,13.41770346973655,0.46275358443944614,-0.026138686003302377,-0.09918845562553927,-20.388369689723046,-1.5405843595482462,40.404894813034495,True,True,True,0.6664636519142988
7.899883776,10.64458654383779,0.29324667222737716,2.8360219836964475,-0.2447781024130309,-21.42500725502598,-0.07737537627085757,-0.4363323152065277,-0.25,13.438045570514248,0.4845230855140398,-0.03347509421966882,-0.07922946300016413,-20.30517450920979,-0.9657784553022432,40.38310645537145,True,True,True,0.6882520095773472
7.999379712,10.671274603076329,0.28486877429533003,2.8399340478601083,-0.24910550424434513,-21.87772477768516,-0.11586450442189405,-0.4363323152065277,-0.25,13.462279120290816,0.5091315328807188,-0.04314544263992008,-0.05677306403905071,-20.081029743447655,-0.2889161668809775,40.35685905471709,True,True,True,0.7144994102317028
8.099004928,10.687398098637107,0.2779002588139183,2.842682597573276,-0.24727240105562,-22.36233043106884,-0.16795120399232205,-0.4363323152065277,-0.25,13.4757142110759,0.5334257117813627,-0.05089251516552065,-0.03371063743985736,-19.923549445101244,0.35316978484910777,40.341094848920534,True,True,True,0.7302636160282603
8.198460928,10.71135427270693,0.2693025316590564,2.8511500303090767,-0.2502752284738438,-23.20643950627142,-0.21243764317378908,-0.4363323152065277,-0.25,13.49299239554729,0.589442116154886,-0.06064910917423032,0.0206317668724332,-19.438401286028963,1.6824270191240402,40.317586806432004,True,True,True,0.75377165851679
8.299692288,10.731144504360625,0.26310094224666575,2.858283812875632,-0.2515334068069452,-23.714243400169583,-0.2600428283209875,-0.4363323152065277,-0.25,13.507305798106513,0.627694512002301,-0.06780911382566533,0.05752699183847717,-19.029665653001345,2.598966546049764,40.29812280598148,True,True,True,0.7732356589673159
8.39938816,10.756953410975619,0.25549908141474764,2.870872334881284,-0.2439303979005349,-24.016597626011666,-0.30254891195345307,-0.4363323152065277,-0.25,13.526158333528635,0.6696296126583896,-0.07666144533481173,0.0977051891775831,-18.30839647176992,3.6225899531232963,40.272715638181396,True,True,True,0.7986428267673986
8.498195456,10.778048796355252,0.249395217665026,2.8820148520875444,-0.24165085316510682,-24.181836889397484,-0.3457062866911449,-0.4363323152065277,-0.25,13.541172707676743,0.7023259526382896,-0.08378753499400848,0.12900485632398212,-17.669977262699295,4.426248425579745,40.25194326992066,True,True,True,0.8194151950281352
8.60618496,10.7929899130587,0.24359971185882173,2.8961553580501977,-0.24153560000433386,-24.19471318139862,-0.37706704269225955,-0.4363323152065277,-0.25,13.549322495227628,0.7361752862369709,-0.09030529296546987,0.16203764033731322,-16.85978595085968,5.249316029420509,40.23730278881787,True,True,True,0.834055676130923
8.69874944,10.816192772677187,0.23756197797847875,2.910195908272078,-0.243415891406353,-24.10936293720612,-0.3771179914474487,-0.4363323152065277,-0.25,13.566126153534787,0.7646923231921522,-0.09746818069473218,0.18902086973706458,-16.055321681104477,5.968430054983176,40.21442223016509,True,True,True,0.8569362347837028
8.799203584,10.831436983168095,0.232224811251123,2.924947177394041,-0.24754548588237418,-23.740693057783357,-0.3771179914474487,-0.4363323152065277,-0.25,13.576891290933785,0.7822072145794581,-0.10354293732265976,0.20555587648584842,-15.210136217954327,6.444945638710586,40.19945664851659,True,True,True,0.8719018164322065
8.898397952,10.860668518380436,0.22598263682212522,2.9455482271814226,-0.25930931644856586,-23.39864498315958,-0.3777750134468078,-0.4363323152065277,-0.25,13.597782362519983,0.8160739892580295,-0.11120423396099653,0.23752151112767256,-14.02978301159849,7.283250770442637,40.17056457475419,True,True,True,0.9007938901946062
8.998649088,10.876180687034134,0.22193206562161277,2.9586255985628895,-0.2629262678676208,-22.898384663431067,-0.3777750134468078,-0.4363323152065277,-0.25,13.610704043984157,0.8239138014697811,-0.11600700499942133,0.2442329885103265,-13.280504824315269,7.532268637997337,40.15526856567523,True,True,True,0.9160898992735653
9.098437376,10.899124562398216,0.21708886241332076,2.9760490633525105,-0.2432658977521227,-22.064148359156654,-0.3771179914474487,-0.4363323152065277,-0.25,13.631913061259258,0.8268978657027188,-0.1219641464054727,0.24540092958401935,-12.282213827375191,7.696323330663003,40.13258838709772,True,True,True,0.9387700778510748
9.198219264,10.919830000338468,0.21359753688550195,2.989414819952085,-0.23300176482624754,-21.484392240618817,-0.3771179914474487,-0.4363323152065277,-0.25,13.6506239829346,0.8322769567927389,-0.1264617805157652,0.24916784118801133,-11.516412384220452,7.882368655279929,40.11207800432097,True,True,True,0.9592804606278236
9.30021248,10.932658812166418,0.21114380571271954,3.0027761342222803,-0.22967356753705367,-20.630818370692047,-0.3771179914474487,-0.4363323152065277,-0.25,13.664400085920821,0.8256270139997066,-0.12953866079571838,0.24136942244423282,-10.750865467790337,7.794341701783247,40.09938422563501,True,True,True,0.9719742393137807
9.399075584,10.95893293299122,0.2076082063664146,3.0218118978468365,-0.2424873568596757,-19.310040014599032,-0.3771179914474487,-0.4363323152065277,-0.25,13.69312003660903,0.811115358279328,-0.13435227932391236,0.22446581517516143,-9.660196552294614,7.564232261185959,40.07331395589113,True,True,True,0.9980445090576637
9.499065088,10.979192408413889,0.2051304353837242,3.037647660214163,-0.2581238998013239,-18.725353417861296,-0.3771179914474487,-0.4363323152065277,-0.25,13.709937798552284,0.8240242988513635,-0.13781580266942636,0.23589639291341444,-8.7528742032747,7.886868013468148,40.05319954067519,True,True,True,1.0181589242736067
9.59930112,11.008730879009763,0.20223188866165964,3.0580836351571765,-0.25962082899261074,-18.259440126640715,-0.3771179914474487,-0.4363323152065277,-0.25,13.73165472647286,0.8546778411487328,-0.14215243472714525,0.26459016051845585,-7.581979088804929,8.591849836717358,40.02383772123839,True,True,True,1.0475207437104075
9.699895808,11.034396710705835,0.20055640049961698,3.0742307862679654,-0.2577579004262524,-17.771608123983384,-0.3771179914474487,-0.4363323152065277,-0.25,13.752261247688313,0.8737668866130006,-0.1450784726729763,0.28185591825528256,-6.656815478996745,9.029181443868177,39.9982842385174,True,True,True,1.0730742264313946
9.798915328,11.065497010526594,0.19875173969640478,3.0938633984251815,-0.2499477192154633,-16.7003859506039,-0.3771179914474487,-0.4363323152065277,-0.25,13.782730057543551,0.8745065533669698,-0.1485775635619778,0.2799994216701804,-8.089974770205671,9.082825087914445,39.97393956452364,True,True,True,1.0974189004251542
9.899257856,11.091547295981718,0.19750661983293388,3.108696842503762,-0.24533187019706076,-15.378439904443901,-0.3771179914474487,-0.4363323152065277,-0.25,13.814255513108657,0.850851830567231,-0.15224855845289686,0.2537471273554714,-7.240081028859689,8.610772783100371,39.94811919480749,True,True,True,1.1232392701413048
9.999084032,11.122691950559462,0.1964382684436044,3.1270429605664027,-0.23874258091169867,-13.726399310946105,-0.3771179914474487,-0.4363323152065277,-0.25,13.852102225265451,0.8211938625197039,-0.15621902109640862,0.22240160527018468,-6.188925893421647,10.884107898483101,39.91721019434072,True,True,True,1.1541482706080757
10.09984768,11.145482086266538,0.1964602556301894,-3.140642268712453,-0.24096073361535217,-13.176063885069944,-0.3771179914474487,-0.4363323152065277,-0.25,13.871162079237731,0.8372945367954211,-0.1583241653651086,0.2378243295486382,-5.300836847585787,11.221861518442799,39.89451748325123,True,True,True,1.1768409816975662
10.201306112,11.165651034371264,0.19789593902603744,-3.1233792075474187,-0.24666686451231767,-12.09011533037251,-0.3771179914474487,-0.4363323152065277,-0.25,13.89241034579884,0.8341220447015295,-0.15877714493725895,0.23390902509058856,-4.31173630135316,11.125013509978046,39.87430257627713,True,True,True,1.1970558886716631
10.301197312,11.19370988926693,0.19863904752886039,-3.1039106358349486,-0.25518366965003547,-10.619843816073594,-0.3771179914474487,-0.4363323152065277,-0.25,13.924356728648156,0.8179675860101117,-0.16065605250072018,0.21664475688822132,-3.1962693090807925,10.770208987951426,39.846296840174126,True,True,True,1.2250616247746677
10.39993472,11.218447024608677,0.19992446864067803,-3.0884031796985743,-0.2551500417872286,-10.048089939324738,-0.3771179914474487,-0.4363323152065277,-0.25,13.945628213540935,0.834339760649022,-0.1616849938294468,0.23226129600222056,-2.30775752148229,11.086966898801075,39.8215477098441,True,True,True,1.249810755104697
10.499039488,11.246498960590362,0.20157843298152797,-3.0693622825878184,-0.24787097300157968,-9.47072745952867,-0.3771179914474487,-0.4363323152065277,-0.25,13.967883744996083,0.8604144180377702,-0.16265637559950788,0.25753986481837815,-1.2167944788931366,11.600567461594174,39.79346385099568,True,True,True,1.2778946139531158
10.600282368,11.261081810005537,0.20472446583381296,-3.055650481322805,-0.24102526237306066,-8.83377816439259,-0.3771179914474487,-0.4363323152065277,-0.25,13.980747794705898,0.8706200519911462,-0.1608851127601591,0.267288336869623,-0.43116613688578465,11.749246508465458,39.77865103061173,True,True,True,1.2927074343370677
10.699638272,11.284594634239282,0.20874496309052476,-3.0372072134021857,-0.23965359636741415,-7.087913521751187,-0.3771179914474487,-0.4363323152065277,-0.25,14.012072974489453,0.8418815229780217,-0.15907664960266343,0.2374695041684435,0.6255552753947828,11.060103278104597,39.754865598880386,True,True,True,1.3164928660684083
10.799940864,11.306996340801962,0.21175046497156105,-3.020615588094217,-0.2445278935782622,-6.095231514876914,-0.3771179914474487,-0.4363323152065277,-0.25,14.034938633265853,0.8428850377742679,-0.15817504928720738,0.23767095026921775,1.5761853808037993,11.018051376639331,39.73228116584901,True,True,True,1.3390772990997846
10.901239808,11.323736207221948,0.21683067656843608,-3.0036821813985575,-0.25042815800723495,-5.304111797492953,-0.3771179914474487,-0.4363323152065277,-0.25,14.049692399373548,0.856489052946287,-0.15467936764117188,0.250749479934432,2.5463981172436427,11.197144395695272,39.7151402240004,True,True,True,1.3562182409483938
10.999505152,11.350043646543526,0.22116239427796755,-2.9845443563347946,-0.2554701087977464,-3.8578514508215695,-0.3771179914474487,-0.4363323152065277,-0.25,14.079853618419445,0.8441692300725592,-0.15282186784224502,0.2373800621626261,3.642914722456989,10.847400654237184,39.688543328759216,True,True,True,1.3828151361895777
11.099881984,11.366170201130016,0.22730806241059354,-2.967613401710516,-0.25287444540569304,-3.2149445219857298,-0.3771179914474487,-0.4363323152065277,-0.25,14.092378250448466,0.8658921773330468,-0.1482081390162464,0.2586506673821953,4.612986965555659,11.174565968499996,39.67191358113793,True,True,True,1.3994448838108653
11.199347968,11.393525297313989,0.23227057232476492,-2.9489323813332398,-0.24590808598473052,-2.6012584427028496,-0.3771179914474487,-0.4363323152065277,-0.25,14.11455718263486,0.8925625373426258,-0.14582037965035516,0.28452725762618786,5.683330590171452,11.631223513832925,39.64421472922863,True,True,True,1.4271437357201648
11.301899264,11.41051381432612,0.23709676011228314,-2.9350999718983557,-0.24211029585119384,-1.5022658660174508,-0.3771179914474487,-0.4363323152065277,-0.25,14.135038418553808,0.8828255584153766,-0.1426008199347858,0.2740783847105748,6.475869271287249,11.324769618263302,39.6268499305235,True,True,True,1.444508534425296
11.39990528,11.436004530017172,0.24380236959834953,-2.9154447834293435,-0.24440402126740843,-0.7673163385251816,-0.3771179914474487,-0.4363323152065277,-0.25,14.156056688534402,0.9081187512613003,-0.13830356419724502,0.29861933575564864,7.602028616095847,11.715979435579648,39.6008446353291,True,True,True,1.4705138296196907
11.499791104,11.464614291045407,0.24763387003213153,-2.9000651664281403,-0.2478199225290642,0.08206645101002587,-0.3771179914474487,-0.4363323152065277,-0.25,14.184297274667951,0.9134600249659676,-0.13715897720411052,0.302967481672451,8.483215760792442,11.747783790741051,39.57200215377355,True,True,True,1.4993563111752408
11.600241664,11.498491309710912,0.2539073348177766,-2.880178503752337,-0.2521600845105086,1.2819298867565387,-0.3771179914474487,-0.4363323152065277,-0.25,14.218875163180346,0.9168641130339729,-0.13407468537295972,0.30515750684409654,9.622637600716331,11.687342194918395,39.537687493670624,True,True,True,1.5336709712781698
11.699486976,11.523853579991943,0.25968281996793907,-2.8651450288154408,-0.24887044038015657,1.9051978256297255,-0.3771179914474487,-0.4363323152065277,-0.25,14.241459105751208,0.93393811758355,-0.13069150607846164,0.3214294423667879,10.483992266016166,11.925428921345073,39.51189689304967,True,True,True,1.5594615718991207
11.8008896,11.56183924871356,0.26344329714617165,-2.850987385415367,-0.2448569707630023,2.476712520160799,-0.3771179914474487,-0.4363323152065277,-0.25,14.276600713564859,0.9490599458343673,-0.13044284977791942,0.33531024905347134,11.377582276949633,12.165087441489481,39.473538386742256,True,True,True,1.5978200782065386
11.90550656,11.589003142594779,0.2717438780459077,-2.831793608735539,-0.24363562364913727,3.135137156397354,-0.3771179914474487,-0.4363323152065277,-0.25,14.29840344983356,0.978249345211169,-0.12467373297089841,0.36373313280078495,12.477304673620376,12.692680537299434,39.445726625465234,True,True,True,1.6256318394835603
12.003066368,11.615835034239927,0.27694406236905245,-2.8187770109125374,-0.24668984675943786,4.474953666610657,-0.3771179914474487,-0.43513083534144553,-0.25,14.332414372719208,0.9553220526867464,-0.12196138213119398,0.33967783990885947,13.223100792497574,12.098660145963292,39.4185303852991,True,True,True,1.6528280796496944
12.100194048,11.651972152020598,0.286217399483297,-2.797990881412894,-0.2530463679945668,5.967640757299561,-0.3771179914474487,-0.25533232975497827,-0.25,14.372086262341728,0.9502800673331666,-0.11604825712902239,0.33330788998671784,14.414058285239456,11.796930548016341,39.381693976469826,True,True,True,1.689664488478968
12.200139008,11.681489955192744,0.292686374385149,-2.7830970890716706,-0.25352621435405287,7.526014461810344,-0.3771179914474487,0.20286037180326177,-0.25,14.4095691973211,0.9232287192505632,-0.11231931780601856,0.3050143931485088,15.267409727335886,11.091908285601937,39.351706589922884,True,True,True,1.7196518750259102
12.299163904,11.714040215255746,0.3018214506038084,-2.766361663228213,-0.24550312132748273,8.28563849228006,-0.36628743313581064,-0.020191961558584225,-0.25,14.439910264798497,0.9418468196367863,-0.10621423945729867,0.3226042175536279,16.226278996520143,11.29115352431649,39.318454566434895,True,True,True,1.7529038985138996
12.399678464,11.73684066726061,0.31024090632323503,-2.7512435909213355,-0.2387281502584509,9.11719776476632,-0.3587220013141632,0.08939110796658763,-0.25,14.46232324318906,0.9519142876555313,-0.09992575428247343,0.3319141713587043,17.092480734077864,11.325795989387965,39.294976857849015,True,True,True,1.776381607099779
12.501036288,11.766209833892887,0.3177125346850645,-2.736454296359806,-0.23445390401319174,10.296918018237784,-0.3506210250293908,0.2638418978436006,-0.25,14.495368695254244,0.9435654802344002,-0.09518474483700273,0.3224615457396054,17.939844894429275,10.993439896267855,39.265045335861494,True,True,True,1.8063131290873002
12.6010432,11.79152559290257,0.3287652926238669,-2.718129924809042,-0.250982608399029,11.887874161680795,-0.33857144408149065,0.018943810214336578,-0.25,14.526472647661123,0.9288191299314119,-0.08650525530497659,0.3066801058003665,18.989754046517607,10.452392904913255,39.23882096601675,True,True,True,1.8325374989320409
12.701188608,11.811188587440258,0.33797971823094763,-2.7027147876845667,-0.25724167659522207,12.828418370718337,-0.321272999048233,0.4363323152065277,-0.25,14.546734600889742,0.9352970612745172,-0.07913683463447845,0.3124746997266027,19.872976344365522,10.39507099372356,39.218394381126465,True,True,True,1.8529640838223287
12.799316224,11.83884008132835,0.35121790190984736,-2.6796753580256287,-0.2561792300117819,14.1638699591806,-0.30916352380034506,0.4363323152065277,-0.25,14.574546434079718,0.947800462429186,-0.06849581942917567,0.3240381099640827,21.193038426211178,10.37968148710699,39.18964332172407,True,True,True,1.8817151432247243
12.900984576,11.850486773840652,0.3623611213278084,-2.6645301379703854,-0.2522178158937365,15.86372308107276,-0.2605859720183956,0.4363323152065277,-0.25,14.594568387691867,0.9191520125281852,-0.058470075664648576,0.2947341425851056,22.060795615173486,9.54758555417716,39.17702186192574,True,True,True,1.8943366030230564
13.000689408,11.870616775416138,0.3766915057706609,-2.6455928844221033,-0.2535812251892658,16.70447092371527,-0.21642585845710904,0.4363323152065277,-0.25,14.612299615012201,0.9451765161838318,-0.04605026280875406,0.32014920178135703,23.145820319059197,9.791862415420374,39.15566009396675,True,True,True,1.9156983709820423
13.099350784,11.882041578727584,0.3861214672937479,-2.634539771048528,-0.249861854796117,17.667195370954396,-0.1720760113293847,0.4363323152065277,-0.25,14.626947643622705,0.9388335939039605,-0.03771013555119035,0.3133184779771138,23.779117065844698,9.462434714966736,39.14341703134502,True,True,True,1.9279414336037775
13.198853632,11.901890961392178,0.4004535832516914,-2.6233130776021762,-0.2430191560167096,19.043500469454692,-0.13077003517921165,0.4363323152065277,-0.25,14.653643770810861,0.9180021083741075,-0.025262809868756852,0.2916031889790314,24.422359218207827,8.729371768829527,39.12233453568267,True,True,True,1.9490239292661258
13.300077824,11.919939293365898,0.4117201482118308,-2.614643729184068,-0.23464770623057635,20.896134793824707,-0.08866839692991717,0.4363323152065277,-0.25,14.683168345981004,0.8640089970505116,-0.015702547729655753,0.2366500566190624,24.91907629369383,7.373454519945546,39.10332719076376,True,True,True,1.9680312741850372
13.401937664,11.929142347196848,0.4227325037831641,-2.607354286997296,-0.22923532673070904,21.22301022120711,-0.04362669311979184,0.4363323152065277,-0.25,14.69165133004882,0.8793988148486515,-0.005582545726341992,0.2517466494884364,25.336730566000515,7.464233364869787,39.09315105522527,True,True,True,1.9782074097235238
13.49936512,11.947492699378135,0.4343331433718913,-2.602660729414689,-0.21798168561208534,22.332681090836928,-0.004371595722695227,0.4363323152065277,-0.25,14.716405086857947,0.850415094988207,0.004282621944768006,0.22194887146894665,25.60565160638554,6.623483535625002,39.07381226697818,True,True,True,1.997546197970614
13.598230784,11.958184011167189,0.445606314093789,-2.5993503192040137,-0.23870592726374434,24.033928030798283,0.03726937273914146,0.4363323152065277,-0.25,14.737108642969535,0.78850264064483,0.014525565774816559,0.15937675609823107,25.795324139914236,5.111909129192329,39.06213020262336,True,True,True,2.0092282623254363
13.697843968,11.985430447046099,0.4621049281299439,-2.597864647596794,-0.26913132077685553,24.704891279660185,0.08170509805316815,0.4363323152065277,-0.25,14.767715816455038,0.7765697483769233,0.028462075617768225,0.14643348803325676,25.95987228123667,4.590877854852238,39.033522303456785,True,True,True,2.0378361614920095
13.8,11.999405283334355,0.47258045592344267,-2.5985022230653296,-0.26140189835374383,25.33594706940278,0.12839086370133793,0.4363323152065277,-0.25,14.785165722493957,0.7546066526025805,0.03762961494227321,0.12391630029850226,25.923341897768523,3.9232916816414374,39.01865660621213,True,True,True,2.0527018587366612
13.899286784,12.022927417664873,0.48946493521807016,-2.6035622481434237,-0.25496540062636847,26.060388410936948,0.17206255409995408,0.4363323152065277,-0.25,14.813244005953937,0.7221306549080833,0.05231558654740848,0.09054721946429492,25.633423816563404,2.9089322589021616,38.99370267500828,True,True,True,2.077655789940515
13.998022656,12.043219368171021,0.5016345259140503,-2.6081199310378325,-0.26480987831845176,26.93915849991028,0.2176261204051034,0.4363323152065277,-0.25,14.837612355024941,0.6787441953892752,0.06259841732781089,0.046393666597506364,25.372287822354764,1.769026175720209,38.97239245248027,True,True,True,2.098966012468523
14.1014528,12.058485516802993,0.5113024941905402,-2.6152378574302806,-0.23324382616634495,26.91601998487352,0.2634783673956919,0.4363323152065277,-0.25,14.854004639903835,0.6696465258984103,0.07084482446118523,0.03676942690769766,24.964460681182704,1.384337549584928,38.95631384327302,True,True,True,2.1150446216757715
14.199820032,12.078310124860678,0.522846286768622,-2.6224627913844016,-0.22947612114522306,27.206543095879645,0.3056585016784492,0.4363323152065277,-0.25,14.875564810599629,0.6468068575622524,0.08054672940356529,0.013242894255161859,24.550502458350856,0.6798562157468955,38.9355256910652,True,True,True,2.1358327738835925
14.306440448,12.093420274510358,0.5350185580187841,-2.6290565731310944,-0.23481230130712857,27.599920734996964,0.35620633531942925,0.4363323152065277,-0.25,14.892089989719375,0.6213193411662842,0.09130127956151939,-0.012766887293510764,24.17270659323496,-0.09131728848632042,38.91937575420083,True,True,True,2.1519827107479657
14.398507264,12.115800625513767,0.5475255627243785,-2.639890654450945,-0.23704180516461515,27.494099122297225,0.3769352615942483,0.4363323152065277,-0.25,14.915132906178393,0.6086711466121745,0.10173109990683149,-0.026155364483535563,23.551959458705955,-0.6062428103155273,38.89595516229315,True,True,True,2.1754033026556456
14.501945856,12.131402693006295,0.5574988449192448,-2.6499293175111416,-0.25144262760213115,27.556589962102283,0.3771179914474487,0.4363323152065277,-0.25,14.931242105484111,0.58748658134393,0.11025116063534908,-0.04785097222097859,22.976786433402797,-1.2439066754237613,38.879514376637886,True,True,True,2.1918440883109085
14.599033856,12.155157388782188,0.5711770580725427,-2.6678026633084175,-0.26012228374606144,27.425563601492726,0.3771179914474487,0.4363323152065277,-0.25,14.955124097945344,0.5575232096022585,0.12172297744385184,-0.07857272596537047,21.95271915344105,-2.1369475947760237,38.85461906572229,True,True,True,2.2167393992265048
14.698115584,12.176624858297618,0.5824135830467693,-2.6828764882497507,-0.25509464093644274,26.939301213690847,0.3771179914474487,0.4363323152065277,-0.25,14.976440888913967,0.5503169367466259,0.1309701665228644,-0.08646618931888535,21.08905260318357,-2.514351757231522,38.832222609863614,True,True,True,2.2391358550851805
14.802929152,12.19556206996405,0.5937610331383307,-2.6971241586186983,-0.2489660871191381,26.693734223580886,0.3771179914474487,0.4363323152065277,-0.25,14.994919448259267,0.5337754633392319,0.14055686097162193,-0.10359794720583482,20.2727212231493,-3.0851161471559063,38.81233598373383,True,True,True,2.259022481214963
14.89854848,12.220065623053953,0.6052876354779225,-2.713785405824724,-0.2482316140393051,26.39435035720304,0.3771179914474487,0.4363323152065277,-0.25,15.018553969210913,0.5132931985609023,0.14981811426862063,-0.12483555454124433,19.31810207681991,-3.7403514271074876,38.78688965073881,True,True,True,2.284468814209987
14.999141376,12.237149783113926,0.6129713085524305,-2.7268057676101396,-0.2450486005724438,25.523384474876224,0.3771179914474487,0.4363323152065277,-0.25,15.035832101132378,0.5270801983554524,0.155923808200656,-0.11161586517639722,18.572090298782157,-3.6153973228183833,38.769180109285706,True,True,True,2.302178355663088
15.10336768,12.26245075182499,0.6241123138009459,-2.7437549773666787,-0.248043979982911,24.91053286750581,0.3771179914474487,0.4363323152065277,-0.25,15.060541289252086,0.5207230282780095,0.16472886635863204,-0.11877063548161743,17.60097211365053,-3.973663900579618,38.742974537998286,True,True,True,2.328383926950508
15.211753728,12.286619951652199,0.6334963310436922,-2.7584000317982977,-0.24324555974544387,24.333934726979106,0.3771179914474487,0.4363323152065277,-0.25,15.08420744447655,0.517288672119006,0.17188659561110914,-0.12297031819387462,16.76187230397935,-4.236165569724025,38.71805512966165,True,True,True,2.353303335287144
15.298352128,12.304658490943414,0.6390314638738297,-2.769565866388075,-0.24319099942645522,23.37385321678409,0.3771179914474487,0.4363323152065277,-0.25,15.102851946974166,0.5384661486470093,0.17576618042073572,-0.10240832624019615,16.12211710724394,-3.9158392562644355,38.69958960998543,True,True,True,2.3717688549633635
15.398191104,12.3331651906234,0.6497818983152984,-2.788094437798913,-0.24263913970286857,22.41389642859782,0.3771179914474487,0.4363323152065277,-0.25,15.131175823426792,0.544252287687938,0.183892092590564,-0.09754333770094274,15.060508164996136,-4.0174914103259365,38.67022682199223,True,True,True,2.401131642956564
15.507352576,12.35106994070039,0.6548035939714768,-2.803385294694966,-0.24981631553677985,21.708327787788548,0.3771179914474487,0.4363323152065277,-0.25,15.148754086354444,0.5409465733010692,0.18727245843515164,-0.10141710904778768,14.184406599713839,-4.188024334798994,38.65194101795359,True,True,True,2.4194174469952046
15.59874304,12.377863693423759,0.6628732264715183,-2.8234838509215177,-0.25111613840886654,21.1048543663834,0.3771179914474487,0.4363323152065277,-0.25,15.174330700562171,0.5222592940667695,0.19288362772273776,-0.12092362646156157,13.032844153626035,-4.736113359481694,38.62452680753431,True,True,True,2.446831657414485
15.704150272,12.401522524305593,0.6699819974055742,-2.8398260066888117,-0.25075650484758166,19.95381488919543,0.3771179914474487,0.4363323152065277,-0.25,15.198496814945363,0.539848152844876,0.19782164903447702,-0.10412734784416346,12.096507600014709,-4.521410435905046,38.60032162527073,True,True,True,2.4710368396780638
15.800117504,12.421304278013086,0.6737172585937219,-2.8570128344995056,-0.25075600206098964,19.67826597769905,0.3771179914474487,0.4363323152065277,-0.25,15.216453613953849,0.508974459692213,0.19975095762674724,-0.1355668812709102,11.111774903243854,-5.230594221179476,38.58028296952132,True,True,True,2.4910754954274736
15.899486464,12.449340614097627,0.6817330786046922,-2.875308893359738,-0.24805381915073474,19.35495842589819,0.3771179914474487,0.4363323152065277,-0.25,15.242181712984777,0.4816366109526644,0.20521982738605693,-0.163719698270382,10.12075470799408,-5.927225776064306,38.55184125190574,True,True,True,2.519517213043052
16.001216512,12.47035474639776,0.6855847003439022,-2.892409533520752,-0.24714974291859687,18.018405123186298,0.3771179914474487,0.4363323152065277,-0.25,15.264387620935274,0.5028819472074576,0.2071747303066758,-0.14319400502678492,9.140960199796105,-5.570466981550416,38.53056668725871,True,True,True,2.5407917776900817
16.099010816,12.497489993680771,0.6913109862457871,-2.9112968447187777,-0.24786839283185055,17.233451168082013,0.3771179914474487,0.4363323152065277,-0.25,15.29053755143312,0.49411732475121667,0.21044878797344627,-0.15278887199957863,8.058796981799043,-5.8676762444432224,38.50302775950662,True,True,True,2.568330705442172
16.198628352,12.519481788064796,0.6961852905301146,-2.925325964480777,-0.24642904285657308,16.352733888722874,0.3771179914474487,0.4363323152065277,-0.25,15.312791521907279,0.5027409036359969,0.21333474360279894,-0.14488003850663722,7.2549876291529065,-5.790768317730191,38.48068790448044,True,True,True,2.5906705604683538
16.311896576,12.543274085519421,0.6993538544567616,-2.9435030292653495,-0.23634526994743313,14.946438589444353,0.3771179914474487,0.4363323152065277,-0.25,15.337758926587236,0.5236994407855272,0.21436062098314493,-0.1247291457254855,6.213518533061054,-5.425942114543558,38.45670747931475,True,True,True,2.614650985634043
16.401209344,12.566137229934037,0.7032596938720005,-2.9584737775639653,-0.24532839194478268,14.330251133120449,0.3771179914474487,0.4363323152065277,-0.25,15.359856632166753,0.5158246342154047,0.21620399429815987,-0.13330530244897976,5.355757839397706,-5.667515351883033,38.433586473089186,True,True,True,2.6377719918596085
16.500799488,12.589402690693849,0.7043198419383149,-2.9786537931270165,-0.25014709028059307,13.683251293689842,0.3771179914474487,0.4363323152065277,-0.25,15.381345901276683,0.4920626656629027,0.21517708580826572,-0.1577411039799232,4.199528117126556,-6.1767452347235885,38.410319521478755,True,True,True,2.6610389434700394
16.60105472,12.617897743122155,0.708849902657512,-2.99611179182172,-0.25327640361067116,12.993752210462397,0.3771179914474487,0.4363323152065277,-0.25,15.408648614289664,0.4814525080422918,0.2171379872739274,-0.16921736270932994,3.1992584731751115,-6.487515795447514,38.381533338535306,True,True,True,2.6898251264134885
16.700091136,12.637500225281613,0.710136872000778,-3.0107598272035183,-0.2480390260505819,11.836581454161484,0.3771179914474487,0.4363323152065277,-0.25,15.42946982643276,0.4982271123201437,0.21666491108035912,-0.1531159234957649,2.359987867639776,-6.169615644681974,38.36189435190622,True,True,True,2.7094641130425714
16.799771904,12.668115597202204,0.7129157241585075,-3.031570253133828,-0.24894965474284433,10.924612658557109,0.3771179914474487,0.4363323152065277,-0.25,15.459014778132678,0.48734586384554907,0.21669181765314832,-0.16493470762485626,1.1676382919634212,-6.449996424753933,38.33115313701177,True,True,True,2.7402053279370264
16.906585856,12.691343371917974,0.715262666323763,-3.045549899652179,-0.24715114299925225,10.041420558797052,0.3771179914474487,0.4363323152065277,-0.25,15.482563363866694,0.4936978754706465,0.21694991021663523,-0.15933760821512225,0.3666635473771637,-6.367779069580137,38.307808522129484,True,True,True,2.76354994281931
17.00125184,12.715935985452147,0.716644927812785,-3.0613868091494787,-0.24390701380040306,8.913883851381094,0.3771179914474487,0.4363323152065277,-0.25,15.507986693858392,0.5058065022632972,0.21612501074146806,-0.14804666928430427,-0.5407245273487695,-6.147630436890092,38.28319090997637,True,True,True,2.788167554972425
17.099529728,12.742803030513345,0.7186746053535346,-3.0776072304390842,-0.23885793969236058,8.053980298095649,0.3771179914474487,0.4363323152065277,-0.25,15.534596093637258,0.5044516077711156,0.2157413132554875,-0.15025025048323862,-1.4700862091673152,-6.217088565423217,38.25625003995554,True,True,True,2.815108424993255
17.203249152,12.764640423739952,0.7189556266983372,-3.0912970037357956,-0.24677268301173028,7.159301926037622,0.3771179914474487,0.4363323152065277,-0.25,15.556840757963696,0.5101080900578275,0.21406625170053495,-0.14530670456380665,-2.2544524415597733,-6.106776425757677,38.23447517176497,True,True,True,2.836883293183824
17.299538688,12.791628581480783,0.7195300892503746,-3.108698710922548,-0.25119745294761775,6.060619688809051,0.3771179914474487,0.4363323152065277,-0.25,15.58419500013536,0.5156360054648313,0.21222233990239822,-0.14065475871163444,-3.2514968196831515,-6.005138566652476,38.207543950946956,True,True,True,2.863814514001838
17.402730752,12.816668244511371,0.7201298500957531,-3.1246077031668587,-0.254359551084162,5.3216298329440175,0.3771179914474487,0.4363323152065277,-0.25,15.608608040630612,0.5078277661548529,0.21057806040712032,-0.14923828802982836,-4.163014931588543,-6.177666822692787,38.182551136325586,True,True,True,2.8888073286232085
17.502274048,12.837065203932642,0.7199435024397436,-3.1385980952535437,-0.248310388822894,4.8598947713028755,0.3771179914474487,0.4363323152065277,-0.25,15.62769660205064,0.49108459429330586,0.20856645878600943,-0.16658223845337858,-4.964605351888796,-6.51752218135192,38.16225275860716,True,True,True,2.9091057063416343
17.599506688,12.865793871684444,0.719868803440363,3.126732175115004,-0.2417496061482272,3.7798066626361444,0.3771179914474487,0.4363323152065277,-0.25,15.656651841925079,0.4937896360137284,0.20592017587226355,-0.16480283196326068,-5.987623604212033,-6.460452325008401,38.13364613144711,True,True,True,2.937712333501686
17.699868416,12.886886182574058,0.7197865659078203,3.1138601421340573,-0.24533016620068598,2.9508574740620617,0.3771179914474487,0.4363323152065277,-0.25,15.678101389458567,0.4981615022154097,0.2039500162177336,-0.16111786723511604,-6.725136767773475,-6.369016299995783,38.11264587400555,True,True,True,2.958712590943243
17.802299392,12.914825268850143,0.7191443621675894,3.0964425961106548,-0.24564438113998127,2.2718996723682436,0.3771179914474487,0.4363323152065277,-0.25,15.704763325686212,0.4819827315909244,0.20082081169513857,-0.17814203600696454,-7.695733708233248,-6.706134651850046,38.08497233866378,True,True,True,2.986386126285012
17.899660032,12.938541032363416,0.718053057736388,3.0822066322800454,-0.2498356022449351,0.9896675511594591,0.3771179914474487,0.43545434786902604,-0.25,15.730317821994248,0.5036180865247032,0.197622007759999,-0.1573417094009758,-8.511394353028054,-6.239563175436059,38.061447967518866,True,True,True,3.009910497429928
18.001622272,12.963091348194505,0.7170662699179848,3.0668654579582553,-0.24895410305789034,0.2560754385208338,0.3771179914474487,0.16238544279532177,-0.25,15.754315004714122,0.49554764928925976,0.19445299024282547,-0.1661815339629225,-9.390378894441103,-6.384955604210492,38.03708305246503,True,True,True,3.0342754124837654
18.099458048,12.98999291637076,0.7149273508877949,3.050781271865403,-0.24444819647777813,-0.37232132039997246,0.3771179914474487,0.13453195469719859,-0.25,15.780046620687447,0.47913013498241785,0.18992704483649953,-0.1834200092091838,-10.311934874464562,-6.678114825313116,38.01047882041187,True,True,True,3.060879644536925
18.20951168,13.013742726237913,0.7126903605385165,3.03668614651059,-0.24390181988456677,-1.4346958601191233,0.3771179914474487,0.1933360829189649,-0.25,15.804817386744478,0.48930226891730555,0.18558407463038765,-0.17405168125533718,-11.11952606900318,-6.423331480132615,37.98702255889522,True,True,True,3.0843359060535747
18.305874176,13.043350388784132,0.7094567074421255,3.0184949139593122,-0.24578336122992953,-2.17254877669311,0.3771179914474487,0.030904603115778667,-0.25,15.833198736590798,0.471242106209506,0.17972677258612596,-0.19301736894152313,-12.16180691833239,-6.727759412887836,37.9578204663921,True,True,True,3.113537998556694
18.400040192,13.060374731935914,0.7079128978740484,3.0083603911204726,-0.2468833177691253,-2.9691554009060526,0.3771179914474487,-0.12424590822496662,-0.25,15.851101067021578,0.4802145828619603,0.17667311693570378,-0.184626661434597,-12.742472304376843,-6.51181817471936,37.94100122755972,True,True,True,3.1303572373890773
18.50481792,13.09273251138729,0.7040584034715034,2.988282835915106,-0.25147028208127026,-4.060435234335184,0.36656619118863903,0.08513908970566526,-0.25,15.88322257657916,0.47348261101819134,0.16995254830152626,-0.19239061493989637,-13.892831480585272,-6.57089751749862,37.909115227883426,True,True,True,3.1622432370653684
18.603204096,13.116122200736033,0.7003597233196466,2.9733203163612565,-0.24625666051853182,-4.911207714009906,0.3729240110905374,-0.13174626456261943,-0.25,15.90658602251101,0.4694665459302174,0.16418576297408558,-0.197157745153397,-14.75012070190281,-6.577414259141444,37.886147816412304,True,True,True,3.18521064853649
18.700577024,13.136618209542695,0.6966593987173906,2.960927925393838,-0.24678615357467898,-5.664417678087864,0.36436241389792734,-0.3288371236490961,-0.25,15.927255240684822,0.4678691882225918,0.15867501540747117,-0.1994205729651731,-15.460152402411941,-6.53423599557265,37.86606273636711,True,True,True,3.2052957285816817
18.801166592,13.164768024774002,0.6912425143831538,2.9419840209691985,-0.24204308838535293,-6.438089638494707,0.34771003824580254,-0.08340476014704137,-0.25,15.954118960279942,0.44727251911297283,0.15077297330831177,-0.22087252589344883,-16.54555817344298,-6.845969806196845,37.838507111458384,True,True,True,3.2328513534904104
18.900717056,13.186791651849509,0.6867671947305803,2.9287593696662917,-0.25038008126755557,-7.63105735455705,0.32041085662341445,-0.1378400703757277,-0.25,15.977915419793447,0.4639935158130991,0.14435427853122462,-0.20492733069786473,-17.30327487863173,-6.410718795323216,37.81696949337021,True,True,True,3.254388971578585
19.000380416,13.212319313521935,0.681505058534527,2.9127754138758437,-0.2510884758238439,-8.977869987920048,0.3098686539752032,-0.43606469261143566,-0.25,16.00503988053237,0.4797333196885857,0.13683986662903974,-0.1900701010102403,-18.21908808534809,-5.9797193686766095,37.792011825178406,True,True,True,3.279346639770388
19.103481088,13.234216619086993,0.676311851438201,2.8971519548769535,-0.25391062873837267,-10.587379596446842,0.2934391830700549,-0.3438649312088758,-0.25,16.02923571191267,0.5093739266280038,0.12971738496001897,-0.16122488453202763,-19.114246347380185,-5.265368022181858,37.77066395301678,True,True,True,3.300694511932015
19.19933952,13.257844029333732,0.670536231538993,2.8821001019251113,-0.2539117713718219,-11.274472545596328,0.24843086991452049,-0.4363323152065277,-0.25,16.05233923900893,0.4950468498021957,0.12186074231298874,-0.17628928874191238,-19.976653995372274,-5.440682721024461,37.7476447117933,True,True,True,3.323713753155495
19.300721408,13.285627529060532,0.6631641245732798,2.869073413810778,-0.24474604318228438,-11.82071009614188,0.20968166493036158,-0.4333442855895072,-0.25,16.079492699485137,0.4779145375608205,0.11204386454124034,-0.19428802551014202,-20.723028245356815,-5.640819420463464,37.72062805528296,True,True,True,3.350730409665836
19.399267072,13.311538135315129,0.6562674085665563,2.8564708778399908,-0.24606330582676772,-13.451418394222273,0.16555939225179545,0.15391666929193304,-0.25,16.107989680334427,0.5153463088008462,0.10286726608026314,-0.15779434739437562,-21.44510036764472,-4.732183244671005,37.695434519428616,True,True,True,3.375923945520178
19.504748032,13.341412318300016,0.6503149650517012,2.847177809014635,-0.25164556752962924,-15.31160808463195,0.1412550061941146,-0.3562390570632939,-0.25,16.140378366793406,0.5742290965787282,0.09427824135320398,-0.0999862558114032,-21.977553990062194,-3.4044471766788136,37.666209067386774,True,True,True,3.4051493975620204
19.598874112,13.365264062374585,0.6428991006940175,2.8397723655701252,-0.2510575067939338,-16.824331103059105,0.14120291675814936,-0.28041734540431634,-0.25,16.165170378303202,0.6199944718380124,0.0847678939305243,-0.055051648766714006,-22.401854644855433,-2.36130835961042,37.6431124435757,True,True,True,3.4282460213730914
19.702888448,13.382506531787973,0.6367089898156801,2.8341298133377864,-0.2464848191359834,-17.58076548963681,0.10503894385870088,-0.4363323152065277,-0.25,16.18250599259034,0.6349713171040369,0.07713156049307182,-0.040655504518813716,-22.499199085999287,-1.9281684016278653,37.626793734435786,True,True,True,3.444564730513008
19.799573504,13.409609513829908,0.6280331419363975,2.826934918897752,-0.2475069670551714,-18.423557031066043,0.07617308820477244,-0.4363323152065277,-0.25,16.209542976051274,0.6473361762336776,0.06618021661864551,-0.02919032168899756,-22.911436171455385,-1.4976139456547415,37.60052759579049,True,True,True,3.4708308691583056
19.899307008,13.431794662160163,0.6208207179455751,2.821663160757499,-0.24642836830490447,-19.933452028501573,0.036202803882133386,-0.4363323152065277,-0.25,16.230699102421354,0.6991401554191797,0.057105587327580774,0.02188668935705115,-23.213485663505633,-0.2897684402694074,37.57903687757335,True,True,True,3.492321587375443
19.99915008,13.453749442965414,0.613810028700089,2.8167515480600906,-0.2464274826888831,-20.39787329400717,-0.007985594680649315,-0.4363323152065277,-0.25,16.25238944878849,0.7010689411767491,0.04825156932800933,0.023098071414169655,-23.494900341669993,-0.10676185292821407,37.55775851933859,True,True,True,3.5135999456102027
20.099661568,13.476671181609165,0.606189629563906,2.818068221540436,-0.24028548405988065,-20.89301349353455,-0.04951308615786188,-0.4363323152065277,-0.25,16.27430346206185,0.721314011729892,0.0387077475881789,0.04260835954519295,-23.4194605082494,0.46381818001975583,37.535568610550015,True,True,True,3.5357898543987787
20.200041728,13.49959007471746,0.5982088260055214,2.818901131778402,-0.25493821253847254,-22.083740011514852,-0.09325951731851961,-0.4363323152065277,-0.25,16.294080620964895,0.7737724524596391,0.02880507162251372,0.09438501728565338,-23.371738266900724,1.702266939348734,37.51341221428469,True,True,True,3.557946250664102
20.298056192,13.527224804011958,0.5887383634421078,2.8219696769218165,-0.2566155355365474,-22.70088865669817,-0.13985593436709898,-0.4363323152065277,-0.25,16.31901803367665,0.802959190623741,0.017016735025797976,0.12273224355535563,-23.195923580937695,2.495230270495098,37.48668389513388,True,True,True,3.584674569814915
20.3985088,13.545225032955845,0.5823209859117082,2.8260465676470234,-0.24779462239626995,-23.325049535513607,-0.18264796625002352,-0.4363323152065277,-0.25,16.333498539174766,0.8383109359442191,0.009090483540706372,0.15758646664469836,-22.96233494884731,3.3529797814009576,37.46929523463932,True,True,True,3.6020632303094757
20.499135232,13.572221413178369,0.5731908782298538,2.8326082323488038,-0.24894900203437023,-23.988894344370994,-0.2272005472193252,-0.4363323152065277,-0.25,16.3553903402623,0.8797373238371551,-0.00230439767235234,0.19826725094384967,-22.58637925485533,4.392780284250275,37.44317397713625,True,True,True,3.628184487812547
20.598392576,13.59360032152287,0.5662376178817324,2.839526318298093,-0.24426999060842416,-24.122961993520608,-0.2746427637065564,-0.4363323152065277,-0.25,16.37381200690941,0.8985371581163435,-0.01105217742739006,0.21644843042889766,-22.190002127652303,4.923225060602954,37.42246451309614,True,True,True,3.6488939518526564
20.703622144,13.610838362025103,0.5596242490326471,2.8477233117092107,-0.22409356596315982,-24.271016973904796,-0.3201994998372902,-0.4363323152065277,-0.25,16.38730601048823,0.9218774712924568,-0.019108832110083303,0.2393303542995151,-21.720349000498715,5.540933168140671,37.40585195750663,True,True,True,3.665506507442167
20.79964032,13.633587797725145,0.5525619037316912,2.8594127705037202,-0.23882366407776404,-24.354735079243707,-0.36014663379714884,-0.4363323152065277,-0.25,16.405051654829606,0.9512950084065496,-0.02808195903608355,0.26814577099156894,-21.050592346781233,6.2944079271971445,37.38378622527336,True,True,True,3.6875722396754327
20.898297344,13.65093853894288,0.5460381361082801,2.8713064365026586,-0.2565626579827885,-24.233490629818487,-0.3771179914474487,-0.4363323152065277,-0.25,16.418371349217757,0.9718498792696015,-0.0360589306637441,0.2882495288384494,-20.369135482103818,6.854620342449335,37.36705375120464,True,True,True,3.7043047137441576
20.99823488,13.680989498996768,0.5378748783150558,2.891116136659864,-0.26661534816297444,-24.213518100089388,-0.3771179914474487,-0.4363323152065277,-0.25,16.439612016350488,1.0174599143087004,-0.04675047411058218,0.3331331825695334,-19.234123269676296,7.969660025147697,37.33780670217942,True,True,True,3.7335517627693733
21.09913984,13.698818932450298,0.5329966659001731,2.905674837317994,-0.2542641122461682,-24.04340862287938,-0.3771179914474487,-0.4363323152065277,-0.25,16.451698043504017,1.0445204678137043,-0.053128608483084976,0.35977981754443117,-18.399971166771124,8.633702650842913,37.32045720490817,True,True,True,3.750901260040621
21.198623744,13.725888265141393,0.5263396863093492,2.926051836061492,-0.2500392733939013,-23.618781604419308,-0.3771179914474487,-0.4363323152065277,-0.25,16.47190382160736,1.0735129346018026,-0.06206554678179529,0.38808914671968064,-17.23245513962529,9.376591659528682,37.29405274915808,True,True,True,3.7773057157907175
21.303118592,13.746176840325925,0.5221006197086455,2.940050056784507,-0.24427247819323736,-22.875837673043318,-0.3771179914474487,-0.4363323152065277,-0.25,16.49162658018784,1.0721058250405044,-0.06801617497274783,0.38603143535472906,-16.430416171503968,9.435686696274017,37.27419863137872,True,True,True,3.7971598335700776
21.39893248,13.771890303814127,0.5170287817962615,2.9560524205136156,-0.24426161408339092,-22.436364450714898,-0.3771179914474487,-0.4363323152065277,-0.25,16.512662093809563,1.0898900173194919,-0.07525831399841687,0.4031112012392936,-15.513548267592824,9.913081377856704,37.24901019818605,True,True,True,3.822348266762745
21.500325376,13.794006773447757,0.5130179169064196,2.9697123017549565,-0.23561756674770978,-21.72552740062048,-0.3771179914474487,-0.4363323152065277,-0.25,16.534058366715954,1.0893140788131301,-0.08113715747822471,0.4018289375541533,-14.730894723814068,9.98489787154108,37.227315395454525,True,True,True,3.844043069494269
21.599374336,13.812237848826337,0.5102576497945698,2.9843239155542562,-0.23807798288508608,-20.25670705611664,-0.3771179914474487,-0.4363323152065277,-0.25,16.558475981697065,1.0563126997361445,-0.08543922045223372,0.36803913821227396,-13.893710921239078,9.35326132961215,37.20938543621989,True,True,True,3.8619730287289045
21.69836672,13.8407962452212,0.5059080340505504,3.0044850684795525,-0.25469642913939405,-19.645498566675148,-0.3771179914474487,-0.4363323152065277,-0.25,16.581726698839756,1.0780096407834612,-0.09220391665803362,0.38895635845800863,-12.738561948501767,9.897201812908044,37.18130092007647,True,True,True,3.8900575448723274
21.799288064,13.862318677752349,0.5037961906573972,3.0211158601112675,-0.25932323133482366,-18.879481496081457,-0.3771179914474487,-0.4363323152065277,-0.25,16.6013687798345,1.0848336578518514,-0.09515913099063017,0.3951279479883234,-8.911467204600559,10.084058912773088,37.15523712394596,True,True,True,3.9161213410028353
21.900726016,13.890821777727387,0.500963928965106,3.0415308275147996,-0.2531522814576003,-17.888621088104994,-0.3771179914474487,-0.4363323152065277,-0.25,16.62804501225142,1.0905476502310476,-0.09898869942235113,0.3999651961579898,-7.74177573348102,10.279194856010712,37.12685080998822,True,True,True,3.9445076549605744
21.998652416,13.91494091462256,0.49894357629666686,3.058086017527881,-0.24651775880273466,-17.179971550279298,-0.3771179914474487,-0.4363323152065277,-0.25,16.649671622945185,1.099982637387741,-0.10185319774804966,0.4086870291414052,-6.7932332166943405,10.519087834971668,37.102817307563164,True,True,True,3.96854115738563
22.099520768,13.935968410843218,0.4996001490637,3.074316681944767,-0.2445985345373996,-16.477046614880226,-0.3771179914474487,-0.4363323152065277,-0.25,16.66829615490458,1.111470314239726,-0.1019340520348092,0.41955874490365314,-5.863284646913601,10.746111469353345,37.08177971864018,True,True,True,3.9895787463086165
22.198765056,13.961205922460808,0.4982491543167119,3.0898380069490834,-0.23645254258585996,-15.698884222751223,-0.3771179914474487,-0.4363323152065277,-0.25,16.692341602899162,1.1154184139501764,-0.10416880328965696,0.4227174350428118,-4.973978231715393,10.857255492422532,37.0566050673758,True,True,True,4.014753397572996
22.301166336,13.97993979531713,0.49875230627381606,3.105454387022392,-0.23200049608292828,-14.109013744801185,-0.3771179914474487,-0.4363323152065277,-0.25,16.71836185547955,1.082742563397861,-0.1043225915397804,0.3892071523813176,-4.07922556224262,10.162137683945314,37.03786506995683,True,True,True,4.0334933949919645
22.399727104,14.00936762542205,0.4979035160641507,3.125080494548742,-0.250629153765408,-13.288422971907266,-0.3771179914474487,-0.4363323152065277,-0.25,16.744653638767687,1.0964103457626333,-0.10620231947116603,0.4020067646816126,-2.954732432712814,10.466040040581156,37.00848507246861,True,True,True,4.062873392480185
22.501757952,14.031251342841461,0.49836940078323544,3.14113958360244,-0.256381717374851,-12.259655802715834,-0.3771179914474487,-0.4363323152065277,-0.25,16.76766737729799,1.0916882748882193,-0.10650375559151794,0.3965337129117491,-2.0346144071111785,10.357390896991408,36.98659847216318,True,True,True,4.084759992785614
22.600505088,14.060100378251661,0.49895996110414986,-3.12239595751375,-0.25502499767643116,-10.804383800260053,-0.3771179914474487,-0.4363323152065277,-0.25,16.799882465038458,1.0765360313513446,-0.10692473038471004,0.3803348113902259,-0.9087657432591636,10.027967558387608,36.95774646381341,True,True,True,4.113612001135387
22.700237824,14.080895776244322,0.501165018229279,-3.1055449364378918,-0.24851836001387917,-10.152961275799527,-0.3777750134468078,-0.4363323152065277,-0.25,16.817470703332695,1.0937505972229453,-0.10544991663773784,0.39696427583690563,0.05672664487351919,10.342037422059766,36.93688655540014,True,True,True,4.134471909548651
22.79906816,14.109227120400732,0.5034283301376614,-3.085580202404123,-0.24257198686464262,-9.606274552082873,-0.3771179914474487,-0.4363323152065277,-0.25,16.839476836173613,1.1245052090520988,-0.10418102235494502,0.4269818765320255,1.2006216441096642,10.939245697579276,36.90849328947664,True,True,True,4.162865175472156
22.90143488,14.133544020730888,0.5048885760415269,-3.0697561513830345,-0.24150431695321162,-8.995741372740028,-0.3771179914474487,-0.4363323152065277,-0.25,16.860547415060466,1.140067674654625,-0.10357399248600006,0.44184610817868614,2.107272982417692,11.235363856544467,36.88414014851896,True,True,True,4.187218316429835
23.002815488,14.155468918690522,0.5065353219455999,-3.054919374355584,-0.24318572208069986,-7.309501211319689,-0.3771179914474487,-0.4363323152065277,-0.25,16.891451188730034,1.1018512196246637,-0.10269673640645864,0.40263829610344576,2.9573576876672965,10.399208400373707,36.86217100323782,True,True,True,4.209187461710975
23.100003584,14.1826576410413,0.5090360622653282,-3.037243056120461,-0.25168902688064315,-6.418655113458139,-0.3771179914474487,-0.4363323152065277,-0.25,16.917366812463282,1.1101731079882624,-0.10115051017081245,0.41010719681384394,3.970136119869952,10.521140734714834,36.83491133505123,True,True,True,4.236447129897563
23.203671552,14.204549257409587,0.5140921611930425,-3.0189077290526156,-0.2539964407865217,-5.252044673787885,-0.3771179914474487,-0.4363323152065277,-0.25,16.94047063941227,1.1096878222757336,-0.09686482943131475,0.4088657089547021,5.020672976849463,10.405067152024076,36.812855951486625,True,True,True,4.258502513462169
23.300984064,14.232158976078205,0.5189265780190224,-2.9982438665015514,-0.24975766673323754,-3.745644576064744,-0.3771179914474487,-0.4363323152065277,-0.25,16.971388895350223,1.0991157276633543,-0.0930011167507593,0.3972869613609722,6.204625089463877,10.08261916691534,36.78509374920853,True,True,True,4.286264715740266
23.39961216,14.25399817152138,0.5224961912282913,-2.9835984745754724,-0.2468807421132739,-3.2199882235414936,-0.3771179914474487,-0.4363323152065277,-0.25,16.99001292188765,1.1176627946077033,-0.09019917097086436,0.41521429881183153,7.043744236143173,10.39608196107143,36.763142856381236,True,True,True,4.308215608567558
23.502496,14.276974377383157,0.529282528277637,-2.9644915248530688,-0.24878732380596227,-2.6831237004013535,-0.3771179914474487,-0.4363323152065277,-0.25,17.00706444805388,1.1510607894167053,-0.08422233063691822,0.44803608826741936,8.138491814605564,10.953965016393656,36.73994290409739,True,True,True,4.331415560851404
23.599762944,14.303853571295898,0.5342362877623573,-2.9465216631892353,-0.24630132390899112,-2.0789010824178424,-0.3771179914474487,-0.4363323152065277,-0.25,17.02925224696588,1.1762659277762095,-0.08021285996658906,0.47250124280481304,9.254384381752885,11.379339630181732,36.712785782380195,True,True,True,4.3585726825685995
23.700229376,14.325914707935246,0.5395473216312323,-2.931908757718844,-0.2430022225275262,-0.8165157659665496,-0.3771179914474487,-0.4363323152065277,-0.25,17.05600209695385,1.161337357191127,-0.07564486078571366,0.4567048363766634,10.091642191629958,10.954212123607494,36.69055890194097,True,True,True,4.380799563007827
23.799585024,14.353321807709348,0.5459647662949063,-2.9143719469333047,-0.2380481274024665,-0.15214349013539916,-0.3771179914474487,-0.4363323152065277,-0.25,17.079666775427228,1.1839640742877828,-0.07015040499701275,0.4785459582688314,11.096427435760893,11.299013252603368,36.66295195227924,True,True,True,4.408406512669551
23.900827136,14.372875985252128,0.5507740343775754,-2.9006146376758717,-0.2399525034044761,0.7460207701921031,-0.3771179914474487,-0.43623555470172737,-0.25,17.100440008873875,1.183541366850066,-0.06599979271903865,0.47744491217333956,11.88466319366801,11.189084750183039,36.64324745186478,True,True,True,4.428111013084013
24.000030208,14.400541405044825,0.5579091353852478,-2.881447825125178,-0.25429620205010905,1.9146242887794322,-0.3771179914474487,-0.40240193753769415,-0.25,17.12888114440731,1.1873233603718285,-0.05979674988414814,0.48029584873696285,12.98284065954113,11.11865869746883,36.61535825362811,True,True,True,4.456000211320685
24.101270272,14.426898320741895,0.5643392508303414,-2.8634101641555234,-0.2571200490038755,2.674762501102025,-0.3771179914474487,-0.43619433160236704,-0.25,17.152204247374254,1.2067624806893944,-0.05425440179111618,0.4989627387623432,14.016322505390246,11.392002330995268,36.58880047195653,True,True,True,4.4825579929922625
24.200624384,14.461724952891307,0.5705077861736656,-2.846723384549844,-0.25274211272501435,3.3072010813248465,-0.3771179914474487,-0.3773605109103354,-0.25,17.18335860035974,1.2283149683841406,-0.04925760506929011,0.5194860581008917,14.97240455046066,11.71564579584286,36.55378651534387,True,True,True,4.517571949604921
24.300272128,14.487943772597012,0.5785850104586236,-2.8289774880219554,-0.2465730814409263,4.153328800032693,-0.3771179914474487,-0.4228578445583675,-0.25,17.20760628364072,1.244494783643722,-0.04206444266777366,0.5348651807006903,15.989169525184506,11.886283051858875,36.527311499317904,True,True,True,4.544046965630891
24.405689856,14.513836183338062,0.5867825637561914,-2.8118961598915084,-0.24201101453240312,5.401068960786069,-0.3771179914474487,-0.43394862491268693,-0.25,17.236595707015915,1.2399139259043797,-0.0347400695147774,0.5293398188751555,16.967857535537178,11.61723090145823,36.5011586720909,True,True,True,4.570199792857892
24.49942144,14.537526512551631,0.5950028136750642,-2.795509529503347,-0.24293603449227258,6.180883188311944,-0.3771179914474487,-0.30398214189346506,-0.25,17.258462253649892,1.2556908586812239,-0.02731914320877688,0.5443940545732795,17.90674229721968,11.77630143561481,36.47720592569854,True,True,True,4.594152539250253
24.5999168,14.559191086898373,0.6020812988446855,-2.7815015093929656,-0.24534016036980563,7.063427205246025,-0.3771179914474487,-0.08040945455139832,-0.25,17.281046023143865,1.258972238069794,-0.020971384678703325,0.5469359768716279,18.709342728878912,11.696357850339977,36.45531609482743,True,True,True,4.616042370121363
24.70005504,14.587378884017035,0.612119551646486,-2.7625481485968955,-0.25060220832946134,8.120810879188934,-0.3771179914474487,-0.027812016422538766,-0.25,17.308905999418236,1.2703673470366483,-0.011884347202585998,0.5574149498630246,19.795290310082446,11.724921757600569,36.42680742639792,True,True,True,4.644551038550873
24.799443968,14.609919221491182,0.6214116310279133,-2.7460981057694385,-0.25302544945861194,9.657092105603907,-0.3771179914474487,-0.18523923520168017,-0.25,17.338121580576242,1.2514210657848208,-0.0033536179349686274,0.5375244431728371,20.737808336905182,11.13115855800834,36.40396806977735,True,True,True,4.667390395171445
24.90021888,14.62977418510029,0.6311675484028213,-2.7296335354765557,-0.2507776852882956,10.791843072251671,-0.3771179914474487,0.285874668886551,-0.25,17.36006590850586,1.2520597331684655,0.005730769730734839,0.5374459513204827,21.681158726183863,10.939757980639268,36.38379701614884,True,True,True,4.687561448799954
25.001297152,14.65388591964254,0.6424993326547674,-2.7102629983556548,-0.24751136933755763,12.067235686011767,-0.36326724477343425,0.32356457430599683,-0.25,17.385960165506493,1.2555004053185232,0.016247343067061618,0.5400389432522337,22.79100875011298,10.77421539080823,36.35931872449623,True,True,True,4.712039740452568
25.104501504,14.671113632328955,0.6539127819352509,-2.692801417754507,-0.24743808863761976,13.78042735759899,-0.32845983913747173,0.1672972211962498,-0.25,17.41060158696155,1.232882337631324,0.02707646148617932,0.5166280259622216,23.791483622186195,10.06149859129428,36.341717840906234,True,True,True,4.72964062404256
25.199419136,14.694822123295081,0.6654699017148531,-2.6752441325371463,-0.2471483035799038,14.439565315352043,-0.30269782142267,0.4363323152065277,-0.25,17.430755317097432,1.2610113016615436,0.03783177042525661,0.5440836508972684,24.797441964848403,10.408318976203454,36.31763500695514,True,True,True,4.753723457993651
25.301105664,14.71172515247905,0.6754049859249945,-2.6605244494401723,-0.24719657735456657,15.71497599603366,-0.28668062810294126,0.4332357454397319,-0.25,17.452071163865572,1.2502995309312772,0.0471942473756529,0.5326813076716028,25.640817682075074,9.976284012748533,36.30040821621484,True,True,True,4.7709502487339535
25.400350208,14.735875056942813,0.6892882135588376,-2.6415792678911463,-0.24967065252075657,17.67738438388599,-0.23785145185736148,0.26569470283728136,-0.25,17.484698701742346,1.222175227653766,0.060259547725227375,0.5035062241975705,26.726296626943434,9.099354569764499,36.27580618739774,True,True,True,4.795552277551053
25.499089408,14.757660886501125,0.7012981382862269,-2.6268046535210203,-0.2520986888200565,18.454448630356495,-0.1974466306621513,0.4363323152065277,-0.25,17.505836500765145,1.2375171170295904,0.07153190287028287,0.5181494534283383,27.57281967428496,9.168813370635537,36.25362974334138,True,True,True,4.817728721607416
25.601495296,14.77551720898604,0.7122088630531528,-2.6177863492136595,-0.25173097655061627,19.37095715929508,-0.16413040794691092,0.4363323152065277,-0.25,17.52736751138878,1.2292387588676603,0.08185354420780047,0.5091717865867516,28.154339711147053,8.762759008864036,36.23551004607813,True,True,True,4.835848418870661
25.698706688,14.797174200921678,0.7254226645384174,-2.6097531429784415,-0.2316550342104135,20.42909171033863,-0.12466942023608193,0.4363323152065277,-0.25,17.554269656329303,1.2137101308639566,0.09435839704837312,0.4927697978109451,28.614608524383193,8.164893271056625,36.2134361133785,True,True,True,4.857922351570295
25.798556928,14.81684337231551,0.7370421356318124,-2.602993065954658,-0.22190532666775123,21.776342578510235,-0.0823350517998411,0.4363323152065277,-0.25,17.58173221854664,1.1790711708621788,0.10533419191249246,0.4572493762479905,29.001932407029408,7.204966285531221,36.19340063637118,True,True,True,4.877957828577614
25.899605248,14.83360395262835,0.7476473717455463,-2.596032718527867,-0.23480239356574192,22.697346770432404,-0.03785234076370797,0.4363323152065277,-0.25,17.602406650525907,1.1644586241310892,0.1153905658749603,0.44196708650615774,29.40073093852926,6.682760625108878,36.17630509811764,True,True,True,4.895053366831156
25.999170048,14.858716868585407,0.7634405849454146,-2.5889029321751917,-0.26850786282747907,23.428060984706693,0.0017592688185070057,0.4363323152065277,-0.25,17.62981974548979,1.1646747380433828,0.1303614522282065,0.44128463504008614,29.80923760536748,6.360553077672895,36.1506934466121,True,True,True,4.920665018336692
26.100681728,14.878752850658346,0.7754429873515138,-2.588199301212256,-0.2677146823981,25.219955433605048,0.04404164717611299,0.4363323152065277,-0.25,17.660825075413406,1.0917879513487805,0.14170808711916363,0.36742082225701134,29.84955268987848,4.608973713285496,36.13027893907956,True,True,True,4.941079525869235
26.203316992,14.905692838313263,0.7916926330320933,-2.5893796408907086,-0.2552220975104304,26.15235060298743,0.0929224045565562,0.4363323152065277,-0.25,17.692862431401707,1.0594344104281443,0.1570759421220252,0.3340346556094393,29.78192420791129,3.608950061935934,36.10282638087085,True,True,True,4.968532084077943
26.303394048,14.927707125895601,0.8047308949961759,-2.591244293326921,-0.2572413781806872,26.744468346108786,0.13710771422689988,0.4363323152065277,-0.25,17.71793544856185,1.0384527540318478,0.1693937660557608,0.31224251662203933,29.67508749305755,2.909995603960849,36.08040103034205,True,True,True,4.990957434606742
26.39980672,14.949597578759873,0.8159461664194444,-2.595056594970311,-0.25869136721452685,27.713557258326073,0.1794201561014898,0.4363323152065277,-0.25,17.744070416726395,0.9917914332517663,0.17989357148508905,0.2647497041880236,29.456658698660505,1.7224778973465258,36.05815854114577,True,True,True,5.013199923803022
26.497420032,14.973741272835143,0.8305145136602324,-2.601851933191804,-0.24472393548776858,28.37030374376934,0.22474456354727035,0.4363323152065277,-0.25,17.770958719009215,0.9553125858384551,0.19367165257463342,0.2274092047073328,29.067314498205025,0.6763872114476996,36.03355530586221,True,True,True,5.037803159086586
26.599346688,14.991449968484407,0.8408806029896276,-2.6056533584077513,-0.23486046915616648,28.912058640484666,0.2675304830673027,0.4363323152065277,-0.25,17.79007600034318,0.9285865537707396,0.20345827255020937,0.20007097208312358,28.84950887719665,-0.0831733062759628,36.01551990237249,True,True,True,5.055838562576305
26.6985152,15.01469664127888,0.8542923341182388,-2.6146224760258914,-0.2300821394347832,29.30423182874155,0.31218046396579346,0.4363323152065277,-0.25,17.814359653353556,0.8977321640091772,0.21610942199732341,0.16843727460795987,28.33561629172077,-0.9892390800087186,35.99185070835271,True,True,True,5.079507756596087
26.798638592,15.033510529117493,0.8643423047684612,-2.620201753060838,-0.2224944317413769,29.47376834666331,0.35762324264353784,0.4363323152065277,-0.25,17.833442387269063,0.8838766260489319,0.2255442649406322,0.15396375398981943,28.01594726488409,-1.4784446247671594,35.972720940337666,True,True,True,5.098637524611128
26.899002368,15.057271425244231,0.8770423170024825,-2.6351017994018866,-0.22465904309726548,29.607732457010922,0.3771179914474487,0.4363323152065277,-0.25,17.85712400704321,0.8483104497889487,0.23746740110314002,0.11764053262601928,27.16223749499263,-2.466118505006226,35.94856086336055,True,True,True,5.122797601588246
26.997589248,15.08160486062009,0.8902461006710022,-2.6521862021019067,-0.2611415614489617,29.751355178105065,0.3771179914474487,0.4363323152065277,-0.25,17.880357300001705,0.8066710861304613,0.24987548528388384,0.07526208021021007,26.1833733247796,-3.588605396313409,35.92381221840128,True,True,True,5.147546246547513
27.099190528,15.107354468988955,0.9028625383057468,-2.66769729955909,-0.2753865860351764,29.63422243413776,0.3771179914474487,0.4363323152065277,-0.25,17.90472768137996,0.7816061545676896,0.26165062725720223,0.049411888206704946,25.29465290486687,-4.360193072258827,35.89766718328466,True,True,True,5.173691281664134
27.19733504,15.134330798824763,0.916431693485182,-2.691593467604209,-0.2661415036842512,29.4930883129597,0.3771179914474487,0.4363323152065277,-0.25,17.928462842937805,0.7352518931191347,0.2743382223208662,0.0023046224998843567,23.925503329346174,-5.588208526601458,35.870265189284325,True,True,True,5.201093275664469
27.29792128,15.152399815547462,0.9268027832963246,-2.706054383501788,-0.26663043911011736,29.354156591611428,0.3771179914474487,0.4363323152065277,-0.25,17.94414882683071,0.7120064658255254,0.28411816045147564,-0.02144241631716439,23.096953880521273,-6.277826254078122,35.851869491978775,True,True,True,5.219488972970019
27.398153728,15.176421934843376,0.9394551926543203,-2.720647755726986,-0.24623435089245177,28.788619702830285,0.3771179914474487,0.4363323152065277,-0.25,17.96712535429596,0.7114761921835153,0.2959852512827114,-0.022725448271636924,22.260815243153996,-6.548428002664254,35.827449872136675,True,True,True,5.243908592812119
27.498447104,15.19315946983465,0.9451715143257604,-2.7344570166337254,-0.22571195400851307,28.08128825748723,0.3771179914474487,0.4363323152065277,-0.25,17.98352613789711,0.7131071746136497,0.3011560269072694,-0.0216328688103372,21.469602875002796,-6.632308925472393,35.81053583978256,True,True,True,5.2608226251662344
27.59737984,15.218433375595316,0.9548464946498936,-2.7492597979857503,-0.24021328022588068,27.136616352956846,0.3771179914474487,0.4363323152065277,-0.25,18.00918707739109,0.727483841795082,0.31000709901342344,-0.008104677159378165,20.64981382620535,-6.533147777975305,35.78511498377467,True,True,True,5.286243481174125
27.698345984,15.24012333084996,0.9636386808339988,-2.7619145275741297,-0.23969960803051749,25.760172061933975,0.3771179914474487,0.4363323152065277,-0.25,18.033281458764165,0.7680174333509886,0.3181024573606596,0.03161862303739643,19.92475122991188,-5.88176608324588,35.76315543300343,True,True,True,5.308203031945361
27.799357184,15.262881317114111,0.9720631207133881,-2.778611123558915,-0.24749784705601308,24.813165594030192,0.3771179914474487,0.4363323152065277,-0.25,18.05600649906621,0.7759720246762399,0.3257961650448323,0.03882519308794806,18.968106747748593,-5.891404097505343,35.74014013400144,True,True,True,5.331218330947351
27.899432448,15.290999895044802,0.9824254071788578,-2.7978052725714067,-0.2534781732577676,24.061896268022174,0.3771179914474487,0.4363323152065277,-0.25,18.082880793124392,0.7693501835176066,0.3352556207171212,0.03132734016632878,17.868363017987612,-6.239878501258339,35.71170511854478,True,True,True,5.359653346404016
27.999694592,15.31334859967291,0.9896146620707423,-2.814599992301805,-0.2507597785192837,23.378132275017933,0.3771179914474487,0.4363323152065277,-0.25,18.104160806442007,0.7629712713693988,0.34172783718643684,0.024255379345047682,16.90609645933072,-6.518381066910995,35.689138319958595,True,True,True,5.3822201449902
28.099386112,15.343011724966107,0.9994501811887521,-2.835158514994166,-0.25858132642148224,22.644474355999602,0.3771179914474487,0.4363323152065277,-0.25,18.131982714306837,0.7511744864141816,0.35061149169355466,0.011554340860183318,15.728179876034515,-6.9626397311888875,35.65917635872307,True,True,True,5.412182106225721
28.199488768,15.362959271146623,1.004647975145281,-2.8484015345031395,-0.25905363078559807,22.08660435479749,0.3777750134468078,0.4363323152065277,-0.25,18.15104257601088,0.7465947148728971,0.3551699074715882,0.006353219356008902,14.969410750160938,-7.163538855860377,35.63907306281835,True,True,True,5.4322854021304465
28.298397696,15.39049724470111,1.0120062965472285,-2.8647354467891395,-0.241810324758393,21.315600195015843,0.3777750134468078,0.4363323152065277,-0.25,18.177826499272907,0.7459318208675145,0.36164546184108765,0.004814078940700518,14.033546513236205,-7.328398933003404,35.61131424301365,True,True,True,5.460044221935142
28.399162624,15.412333414723573,1.0181203508180225,-2.878698486521225,-0.2346139442094489,20.046928828608493,0.3771179914474487,0.4363323152065277,-0.25,18.201745748178645,0.7748533494209247,0.3670593857918117,0.03293726886325967,13.233523267414272,-6.859750812418023,35.589294038465745,True,True,True,5.482064426483049
28.501610752,15.433449426880443,1.023879568847329,-2.891664190352863,-0.2406672934488721,19.337061682218355,0.3771179914474487,0.4363323152065277,-0.25,18.222721130549274,0.7790053907223715,0.37214164189506993,0.03640058994833431,12.49064315944483,-6.892763773997358,35.56800495124672,True,True,True,5.5033535137020735
28.59941248,15.460628037713445,1.030645428140177,-2.9105324818256126,-0.24732588101332345,18.728438300888516,0.3771179914474487,0.4363323152065277,-0.25,18.247785752962457,0.7627800322266693,0.3780365069886389,0.019363592642426344,11.409569691433559,-7.36521386067876,35.540624222543656,True,True,True,5.5307342424051384
28.700087296,15.480678698061817,1.0349174182500698,-2.924100587642476,-0.24850486484921844,17.973908397429554,0.3771179914474487,0.4363323152065277,-0.25,18.267729293069802,0.7659397595762847,0.38166629926639833,0.021868902183707788,10.632174492140402,-7.388079156512943,35.520447416851844,True,True,True,5.55091104809695
28.799974656,15.508123145292823,1.0405309916581695,-2.943216037478328,-0.24874223820929564,16.695684468709825,0.3771179914474487,0.4363323152065277,-0.25,18.29601857647615,0.780455877917699,0.3864009801073804,0.03545137393017129,9.53693989305202,-7.205089826881604,35.49283776840139,True,True,True,5.5785206965474075
28.899453184,15.527419565982493,1.0413967138222588,-2.96122421057375,-0.2550754362862348,16.183646104567394,0.3771179914474487,0.4363323152065277,-0.25,18.31284107148633,0.7560424836508014,0.3866503156766703,0.010500481062619367,8.505147577943324,-7.724843777847895,35.47352354674811,True,True,True,5.597834918200682
28.999497728,15.556363070229745,1.0441145326205241,-2.9811237482722825,-0.2517991006477075,15.365371063832857,0.3771179914474487,0.4363323152065277,-0.25,18.340137524426662,0.7431165456494385,0.3884428673371641,-0.0033119081240222037,7.364988053555888,-8.04672826150075,35.444508038210856,True,True,True,5.6268504267379384
29.099238144,15.577184035273618,1.0466300860600717,-2.994284350622225,-0.2464352411961384,14.093223317859843,0.3777750134468078,0.4363323152065277,-0.25,18.36356643503774,0.7708165217005107,0.39029252971479184,0.023606431821582577,6.610941083054284,-7.528627486029371,35.42361738614937,True,True,True,5.647741078799427
29.201227008,15.607133291777249,1.0502747558656553,-3.0109846899862234,-0.23910657707416383,13.258251245580935,0.3777750134468078,0.4363323152065277,-0.25,18.39292264127672,0.7685342720595041,0.3929793562741843,0.020364615962360402,5.654082121060982,-7.650514375743763,35.3935670526046,True,True,True,5.677791412344192
29.30119936,15.628965261668537,1.0527307715742356,-3.0235975469991025,-0.24447703662673692,12.633273660978947,0.3777750134468078,0.4363323152065277,-0.25,18.414270211769,0.7662410947168561,0.39473723979184244,0.01737399005893734,4.931418646621023,-7.74820026558177,35.37166781133845,True,True,True,5.699690653610347
29.401740288,15.658839311543526,1.0557904555836095,-3.042972646292753,-0.2498042963222299,12.017186273728493,0.3771179914474487,0.4363323152065277,-0.25,18.441570543263005,0.74529586301717,0.3968417792615635,-0.004453523624660791,3.8213072294479313,-8.24222429550438,35.341711318957145,True,True,True,5.729647145991649
29.500186368,15.68207095467632,1.0578267810676096,-3.058709331347296,-0.25191590512370643,10.425836101017428,0.3771179914474487,0.4363323152065277,-0.25,18.46833809824655,0.7808513224779046,0.39813425147930026,0.030206546399767255,2.9015373153637714,-7.556751423091267,35.31830057295244,True,True,True,5.753057891996356
29.599778816,15.705146635208742,1.058615772166107,-3.0727687491030835,-0.2541229863103233,9.682326192547663,0.3771179914474487,0.4363323152065277,-0.25,18.49111225831007,0.7786237242475686,0.3981789566457795,0.027233098406461972,2.0959920155458396,-7.618786814439414,35.295211451262,True,True,True,5.776147013686796
29.701054976,15.733754667626792,1.0604316274023051,-3.0906813391916463,-0.24770488240644226,8.830815685200829,0.3771179914474487,0.4363323152065277,-0.25,18.518853090340805,0.771941114913733,0.39907164939186957,0.019644117682433387,1.0696762033233709,-7.793592119315103,35.26655975063652,True,True,True,5.804798714312277
29.800442368,15.752434067109599,1.0596488224390768,-3.1049858323416486,-0.2424842533995977,7.401826638729593,0.3771179914474487,0.4363323152065277,-0.25,18.54044330541774,0.8007965728671314,0.39768709548533404,0.047775834974821345,0.25008911775441944,-7.184190158412782,35.24791529411109,True,True,True,5.823443170837706
29.899864064,15.77879120359632,1.0593213536177495,-3.1222252333124936,-0.24245046242207827,6.630798917709273,0.3771179914474487,0.4363323152065277,-0.25,18.565801410408824,0.7899255349365337,0.3965101388005204,0.03607883895310998,-0.7376557992087316,-7.400907354355619,35.22158241252607,True,True,True,5.849776052422726
30.000436992,15.799044574764185,1.0595211572286531,-3.1357762267651497,-0.24642938495326125,6.05645948269435,0.3771179914474487,0.4363323152065277,-0.25,18.585087323392045,0.7802975858416259,0.3960569436675581,0.02582344565593284,-1.5140705322553116,-7.602982652387306,35.201333126629585,True,True,True,5.870025338319209
30.099571712,15.826255912650414,1.0594480382914664,3.132668329288169,-0.24831294388367953,5.437002998664126,0.3771179914474487,0.4363323152065277,-0.25,18.61118003374249,0.7692797427119378,0.3951066683333852,0.013955626572829208,-2.3586533586431857,-7.82810899474491,35.17413828828245,True,True,True,5.897220176666345
30.200605696,15.850829700531097,1.0591563040466787,3.115923485890061,-0.2510280296756984,3.810123449404288,0.3771179914474487,0.4350458776314462,-0.25,18.63894510644203,0.8014501083079649,0.3940229163149839,0.045197917068354944,-3.3180622139622673,-7.1606383008041306,35.149586676497535,True,True,True,5.9217717884512595
30.300077568,15.872060819355895,1.0587369420148716,3.102956094454866,-0.24897168325401253,3.1764737811682453,0.3771179914474487,0.30596462427098914,-0.25,18.65967941598078,0.7957111642836607,0.3929193583136562,0.03878192501696718,-4.061039014493038,-7.269965433098873,35.128380110750015,True,True,True,5.942978354198779
30.40014336,15.89955466753645,1.0573710616746776,3.085879644694103,-0.248132752651463,2.2654080960067144,0.3771179914474487,0.43503231811287757,-0.25,18.68686219038434,0.7910690281196212,0.39066788635605326,0.03325062505559807,-5.039447514851952,-7.337308248296279,35.10094458285454,True,True,True,5.970413882094256
30.499982848,15.918110695907249,1.0553569506014038,3.0728319465662777,-0.2449876105099776,1.0690384594898852,0.3771179914474487,-0.09207189962851137,-0.25,18.70741860620317,0.810895539412238,0.38805664331696915,0.05239216573649205,-5.787025549937078,-6.888516646864583,35.082463126145065,True,True,True,5.988895338803729
30.59945216,15.94754121314078,1.0531376018428182,3.0541157607675657,-0.25000168680898993,0.6404277084822015,0.3689971858319569,0.3788041310122706,-0.25,18.73392647602824,0.7773529634679086,0.38488971535633354,0.017998117170956403,-6.859384004785959,-7.532264350705756,35.05311944844718,True,True,True,6.018239016501617
30.700397568,15.96852372258842,1.0508302542477295,3.0406874711316227,-0.25113459371307784,0.053487112964182716,0.3763787704907826,0.3134067736765863,-0.25,18.754016695317404,0.7661744992076234,0.3819071672882842,0.006166659883714444,-7.6287683270047575,-7.714708077406527,35.03222222464432,True,True,True,6.039136240304472
30.800225024,15.994837333777186,1.0477521787252604,3.0242193133382553,-0.2459882940305375,-0.7639161128910714,0.3771179914474487,0.3025356754497459,-0.25,18.779696805807543,0.7569640753874544,0.3779824365623114,-0.003881178253068939,-8.572324264920185,-7.84086078946671,35.006021515275215,True,True,True,6.065336949673579
30.902786048,16.01632745958113,1.0458687064923782,3.0141163891682066,-0.24206424334730225,-1.9815408804277568,0.3771179914474487,0.345777489650168,-0.25,18.80425568925,0.7861454187120591,0.37540717985523686,0.024478869403542453,-9.15117918060469,-7.202090937614522,34.984603274740245,True,True,True,6.0867551902085495
31.00123008,16.044716319311163,1.0425379672928128,2.993956902605838,-0.24934682912725475,-2.603652961838183,0.3771179914474487,0.22812145004592557,-0.25,18.830108142128037,0.7568941447009394,0.3711630183155972,-0.005604687284013427,-10.30623267777911,-7.735032353378532,34.956336540347806,True,True,True,6.115021924600988
31.0994944,16.068396703666245,1.0388979084537768,2.978939161683858,-0.2543257883230138,-3.261812605078887,0.3771179914474487,0.17343632392974773,-0.25,18.85276264832747,0.7434215367913213,0.36676148199054165,-0.019813168562951462,-11.166685850429472,-7.9373258827881905,34.93278580554961,True,True,True,6.138572659399188
31.200523264,16.0890641916535,1.0352202893962708,2.9663639631677245,-0.24931933007771662,-4.183970489438824,0.3771179914474487,0.020574430415006534,-0.25,18.87445281641196,0.7495452833734052,0.36241952977055913,-0.01440420837670694,-11.887191651943086,-7.73567379994186,34.91224761204202,True,True,True,6.159110852906771
31.30697856,16.11574867746448,1.030259794656782,2.950007843794034,-0.24006555411455255,-5.6248129303320065,0.3771179914474487,0.08511436993512836,-0.25,18.903541094730205,0.7690827699480066,0.35660140252387446,0.004168597022484136,-12.824328261267713,-7.231967968373332,34.88573690314169,True,True,True,6.185621561807103
31.40114048,16.135522680480054,1.0258541270410588,2.9371403100723548,-0.2393432227578099,-6.325768243704616,0.3771179914474487,-0.27148018690194536,-0.25,18.923149068092094,0.7629109333869046,0.3515605828321371,-0.00264310800611207,-13.561583636262199,-7.268268029995203,34.86611519987119,True,True,True,6.2052432650776055
31.4997952,16.16233138102939,1.020261406841805,2.9198530775888267,-0.24874886238143465,-7.426313578243729,0.366094344267557,-0.3700942656663324,-0.25,18.95045771478931,0.7626734665292324,0.3450906955563251,-0.0037887544351528383,-14.597352643595363,-7.190515330981814,34.83922797376386,True,True,True,6.2321304911849325
31.601442304,16.18564220352739,1.0155727126200143,2.9039432487023342,-0.2531726729578772,-9.113149863352401,0.32835824788969425,-0.4363323152065277,-0.25,18.97699862507148,0.7957333896939927,0.33963468927525936,0.02836719638424456,-15.508918691566704,-6.415245093844464,34.81608471784557,True,True,True,6.2552737471032245
31.701128448,16.21295518637957,1.008825918828968,2.8866790534311404,-0.252254544128128,-9.8794066751644,0.29089819931038857,-0.4363323152065277,-0.25,19.003435202329026,0.7781285400256459,0.3319895296719616,0.00989006572819195,-16.498084217295826,-6.638153807761624,34.78900945619618,True,True,True,6.282349008752611
31.799909376,16.234454182928086,1.0038518683379605,2.8722819088683043,-0.24561834950524875,-10.698709245057833,0.24936664140649548,-0.4363323152065277,-0.25,19.024911665561984,0.7728820919331301,0.32630816066465884,0.0039299547480569925,-17.322979837786058,-6.6437468583584005,34.76768646210335,True,True,True,6.303672002845445
31.900078592,16.26178995156145,0.9967795412092152,2.858645911638318,-0.2411652722373289,-11.814557864164321,0.20407602391232638,-0.4363323152065277,-0.25,19.05354854084836,0.7821077472008597,0.31833689277780525,0.012194974595532421,-18.10426492851636,-6.309183329982182,34.74059917825892,True,True,True,6.330759286689876
32.009602816,16.282129068552504,0.990653844629123,2.8479090040329833,-0.24550034521569417,-13.472510911677867,0.1579640902081308,-0.4363323152065277,-0.25,19.07733208296843,0.826824335076881,0.3115428124337675,0.05609310209013528,-18.719444419323942,-5.2664097732762265,34.720473465579715,True,True,True,6.350884999369079
32.099970816,16.308189784424933,0.982653857100659,2.8379428968183165,-0.25133801790179783,-14.33644336647329,0.13091565635741176,-0.4363323152065277,-0.25,19.104193822472403,0.8331165065081437,0.302686500454465,0.06148550068391613,-19.290460300899234,-4.973493200056143,34.694691176108755,True,True,True,6.376667288840039
32.200100608,16.330973476729614,0.9754390314532647,2.83070253263387,-0.2549052062087288,-15.602265060002054,0.07923725580518538,-0.4363323152065277,-0.25,19.128890035927057,0.8674439956009387,0.29472314994501686,0.09496986184202787,-19.7053026108057,-4.122513816433793,34.67215819155676,True,True,True,6.399200273392033
32.300590336,16.352260908651907,0.9683211090751651,2.8248855685443264,-0.25472876655780424,-17.55782892425879,0.03647993670901632,-0.4363323152065277,-0.25,19.152113387010132,0.9395791635720114,0.2869060657612639,0.16628999409337222,-20.038590102715705,-2.5002374440870776,34.65111745079768,True,True,True,6.420241014151117
32.399722496,16.377766575036635,0.9599531173455064,2.8222487762195545,-0.24552387709170068,-18.168658427392984,-0.004739076519230349,-0.4363323152065277,-0.25,19.177759544332353,0.9536784145997217,0.27770028155454457,0.17952568443644648,-20.18966717437762,-2.040485012614802,34.62590206183665,True,True,True,6.445456403112146
32.505191936,16.399763611156967,0.952768113611079,2.820119025412943,-0.24287659010093637,-18.98836666759454,-0.05293991976912749,-0.4363323152065277,-0.25,19.19962540162686,0.9805881471608201,0.26979271701943386,0.20569085699651005,-20.31169290701105,-1.3428025050466936,34.60415431942816,True,True,True,6.467204145520633
32.599792128,16.42235021552081,0.9452477974189853,2.81975879927967,-0.2440900180643378,-19.981639850584145,-0.09325712998657659,-0.4363323152065277,-0.25,19.221336352501933,1.020591045208743,0.26153055169750866,0.24494707337076438,-20.33233234411789,-0.37016875916387953,34.58182840451945,True,True,True,6.489530060429345
32.700511232,16.447085148891563,0.9383173820433033,2.822680402751299,-0.25156496234960457,-20.519866067753426,-0.13819988486882098,-0.4363323152065277,-0.25,19.244931167419868,1.0481247433872427,0.25378701406976445,0.27167817568816605,-20.16493679578279,0.3354530063404377,34.55733585032143,True,True,True,6.514022614627365
32.798905088,16.458771484367585,0.935482803160539,2.825574720625455,-0.2486299245702614,-20.74116055288813,-0.18453728330595856,-0.4363323152065277,-0.25,19.25581171669381,1.0641915392605017,0.25056802527460026,0.287372984927988,-19.999104597024385,0.7225796902335959,34.54574950553814,True,True,True,6.525608959410654
32.898562304,16.498384594229794,0.9227483998891098,2.8354873604243505,-0.2444544130110369,-21.13867981949122,-0.2276678110733788,-0.4363323152065277,-0.25,19.29285900903127,1.0985686064068654,0.23653229505579687,0.3204947901828158,-19.43115217271426,1.6880513811467828,34.50657857528547,True,True,True,6.564779889663328
33.003333888,16.51782472573193,0.9163251790084749,2.8428042479361224,-0.24169891110086117,-21.593508159889794,-0.27323649034969427,-0.4363323152065277,-0.25,19.309291925035915,1.1347533713509002,0.22947054286473434,0.356111106412204,-19.011925399117747,2.5621064951419084,34.48736118380551,True,True,True,6.583997281143283
33.09876736,16.54431539830592,0.9081267071096385,2.8545470534642075,-0.2476157540376113,-21.94701748584741,-0.3184102916477605,-0.4363323152065277,-0.25,19.33142233639305,1.1765199180270836,0.2204016549198791,0.39711599368690614,-18.339112202715583,3.5884290175016025,34.46115572738243,True,True,True,6.610202737566361
33.199030784,16.565123891093805,0.9023833917145422,2.865456602582035,-0.24872678244180063,-22.02015621933278,-0.36011277533020986,-0.4363323152065277,-0.25,19.348753313896438,1.2047196887539007,0.21397424542773247,0.42472179701084484,-17.714041081873397,4.286638871829199,34.44054826632942,True,True,True,6.630810198619372
33.30030336,16.59299193483096,0.8949245566247689,2.881911205456799,-0.24960019642195763,-21.933522423595118,-0.3777750134468078,-0.4363323152065277,-0.25,19.371793089469858,1.2388200974180794,0.2055991013581357,0.4580344729192538,-16.771261783585597,5.142784374379378,34.412941762667316,True,True,True,6.658416702281478
33.399991552,16.613210975008904,0.8900377735035334,2.8935420835764116,-0.24651672799277358,-21.647242501189417,-0.3772670875925161,-0.4363323152065277,-0.25,19.389669468994256,1.2523611527886431,0.20004851852618274,0.4709524680395067,-16.088556675206167,5.450823572061729,34.39295207298262,True,True,True,6.678406391966178
33.498395904,16.639720572746747,0.8838807255997794,2.9126261406340195,-0.24157067093105564,-21.42449109507239,-0.3771179914474487,-0.4363323152065277,-0.25,19.410352724992663,1.2883525749801341,0.19302679815892007,0.5062061874050705,-14.995120749818387,6.321508091332475,34.36665828181064,True,True,True,6.704700183138151
33.6066048,16.665400416746916,0.8778861752830649,2.929783980821675,-0.2519128471010784,-20.825036762384183,-0.3771179914474487,-0.4363323152065277,-0.25,19.4332623920816,1.3008992785037399,0.18619465593743034,0.5179521589992744,-14.012048921505771,6.7051255869568385,34.34118847902307,True,True,True,6.730169985925727
33.709751808,16.689922033661652,0.8723564052036965,2.943484624038753,-0.2541557719355158,-19.94868094175976,-0.3771179914474487,-0.4363323152065277,-0.25,19.45845504787859,1.2909551978332017,0.17986496726994966,0.5071417864410538,-13.227059888552672,6.613758799285499,34.31686106455674,True,True,True,6.754497400392054
33.802531328,16.7147604937822,0.8674346911824035,2.9588052429659406,-0.2441683139442932,-19.391470001867415,-0.3771179914474487,-0.4363323152065277,-0.25,19.48090793016116,1.301518047479459,0.17413263460926623,0.5169209090311778,-12.349253084496567,6.934354663449347,34.29219706787464,True,True,True,6.779161397074155
33.900700672,16.733652931425553,0.863842126340038,2.9730175711678406,-0.24101843497831266,-19.1903645844199,-0.3771179914474487,-0.4363323152065277,-0.25,19.49499631602419,1.327504408969705,0.16992342234617125,0.542403902878041,-11.534946661472944,7.547555669025367,34.27343238683874,True,True,True,6.797926078110052
34.000007424,16.760501038215565,0.8594195634806164,2.9913396954225515,-0.245786178162084,-18.949371251328664,-0.3771179914474487,-0.4363323152065277,-0.25,19.515024474758995,1.3620134726488098,0.1646241736472809,0.5761988341648432,-10.48516626996373,8.356342727443366,34.24674347783743,True,True,True,6.824614987111367
34.0997184,16.780338555536595,0.8576040058621546,3.0074508684040886,-0.2468541626913408,-17.316552870953576,-0.3771179914474487,-0.4363323152065277,-0.25,19.540876087950902,1.3260402684763137,0.16216007218118123,0.5393521290186997,-9.562064055116451,7.646626561915593,34.226976041309314,True,True,True,6.84438242363948
34.20087936,16.806457206632835,0.8549634161950781,3.027058419174515,-0.25435956008938826,-16.503474385178095,-0.3771179914474487,-0.4363323152065277,-0.25,19.564416897062316,1.3383456107017797,0.1586657249928985,0.5508350317786087,-8.438634149382539,7.956977981874017,34.20095785177575,True,True,True,6.870400613173047
34.299482112,16.830098623168922,0.8534863121620249,3.0449660158164757,-0.2514832030540487,-15.556164674440252,-0.3771179914474487,-0.4363323152065277,-0.25,19.58739158076699,1.3406572739199039,0.15641534890047434,0.5523498485749904,-7.412604440575537,8.035697979943214,34.17737747392466,True,True,True,6.8939809910241365
34.399121152,16.858259140554107,0.8515782015813784,3.064373733359936,-0.24565265846495626,-14.137570547308725,-0.3771179914474487,-0.4363323152065277,-0.25,19.618119661314694,1.3239868233772774,0.15358623356741957,0.5346254841330111,-6.300624135353251,7.729084158033894,34.149294530136274,True,True,True,6.92206393481252
34.499098368,16.88172793735368,0.8503828087389721,3.080495131419033,-0.24390383895443396,-13.344218562675074,-0.3771179914474487,-0.4363323152065277,-0.25,19.640506686133282,1.3290683164390296,0.15162306951554827,0.5389288167892154,-5.376936066716605,7.85942024203692,34.12587745572095,True,True,True,6.945481009227841
34.600888576,16.905384323887564,0.8519169967503194,3.099171672742565,-0.24534059338772,-12.642000694178996,-0.3771179914474487,-0.4363323152065277,-0.25,19.661032817728916,1.3483053310107933,0.15238188079199416,0.5574436141106712,-4.30684907297655,8.227289367280877,34.1021835205868,True,True,True,6.9691749443619955
34.700529664,16.93193100554615,0.8517537059088369,3.1182798419574285,-0.24684519361611187,-11.797826497041362,-0.3771179914474487,-0.4363323152065277,-0.25,19.685381663768055,1.3601919742732178,0.15134948968637926,0.5684800920038262,-3.212031622743059,8.477932620376755,34.07565641860437,True,True,True,6.995702046344427
34.800269824,16.95324404304669,0.8549042308188288,3.139027460765794,-0.2529091654715654,-10.04257499135436,-0.3771179914474487,-0.4363323152065277,-0.25,19.71158711486808,1.3360939004242036,0.1538004968616608,0.5434891461832673,-2.023280630077469,7.911432107355303,34.0542516542157,True,True,True,7.017106810733097
34.900336384,16.981979485322004,0.8549922318513604,-3.1252390770445757,-0.25544220231607523,-9.362584405545034,-0.3771179914474487,-0.4363323152065277,-0.25,19.736861302268704,1.3556180149033867,0.15294759879753075,0.5621264776973647,-0.9393149916399821,8.3154071599835,34.0255287373751,True,True,True,7.045829727573697
35.000966656,17.00534436774743,0.8572786924862938,-3.1077257268532934,-0.24824443903663165,-8.225098982071938,-0.3771179914474487,-0.4363323152065277,-0.25,19.761389866285892,1.351458022270416,0.15446782374776158,0.5571197183033234,0.06412605945512705,8.181362787605531,34.00210151924981,True,True,True,7.0692569456989816
35.0992448,17.034665285130053,0.8594081727037327,-3.0877756182628637,-0.23769871190791006,-6.701677957749234,-0.3771179914474487,-0.4363323152065277,-0.25,19.793930689827256,1.3352804522506514,0.15563614076630936,0.53982517564106,1.2071830825144352,7.800998786342122,33.972726599377594,True,True,True,7.0986318655712
35.201417472,17.05420085838366,0.8616407563354005,-3.073347105512355,-0.23602597211789464,-6.164319765966217,-0.3771179914474487,-0.4363323152065277,-0.25,19.81102801115372,1.3514407662881551,0.15722789631616899,0.555383834003067,2.033875967769311,8.090333479813925,33.95312840134081,True,True,True,7.118230063607982
35.299604992,17.080261492876886,0.8642337767688867,-3.056165731839016,-0.24424800984662404,-5.516520667540396,-0.3771179914474487,-0.4363323152065277,-0.25,19.834163436338233,1.370222003706839,0.15896685941478722,0.5733524976982207,3.0226843261849075,8.409935512125493,33.92700901406638,True,True,True,7.144349450882416
35.400126208,17.10367799356779,0.8665980657574285,-3.041276122941652,-0.2475030985227142,-4.657631953728111,-0.3771179914474487,-0.4363323152065277,-0.25,19.85763094033963,1.3723086222684553,0.16056497929412844,0.5746183535854312,3.8757960746042923,8.404158546732557,33.9035277794336,True,True,True,7.167830685515192
35.50066816,17.12841977148793,0.8707284411918136,-3.022979470147724,-0.24930946072983642,-3.1482874131674476,-0.3771179914474487,-0.4363323152065277,-0.25,19.886352662366342,1.3542635168699473,0.16388495254088425,0.5555812854062864,4.924117058912594,7.943134990480238,33.878664285038816,True,True,True,7.192694179909978
35.60022656,17.15589166552039,0.8741578583905767,-3.003516650889335,-0.24895261281020367,-2.548953812743783,-0.3771179914474487,-0.4363323152065277,-0.25,19.90935984599408,1.3825012257309106,0.16641516151523272,0.5829983566202019,6.039254459844222,8.458938790988181,33.85109502849099,True,True,True,7.220263436457806
35.706794752,17.177481946609245,0.8780881946197246,-2.986777839235385,-0.2543509953482295,-1.7845304085985685,-0.3771179914474487,-0.4363323152065277,-0.25,19.92920734595912,1.395782435048159,0.16963814694866194,0.5955783870064891,6.998317721679978,8.65357864867873,33.829387883463006,True,True,True,7.241970581485788
35.802225664,17.207076471052197,0.8834528845956189,-2.965588836080166,-0.26157041927874525,-0.8527236328359187,-0.3771179914474487,-0.4363323152065277,-0.25,19.956218382436397,1.4146955326114141,0.17403325954105958,0.6135367186063155,8.212358174563404,8.935812325799517,33.79963391295751,True,True,True,7.271724551991284
35.906359552,17.229561973994013,0.8884847834548145,-2.9491914843446865,-0.24825443705218864,-0.27190543289639535,-0.3771179914474487,-0.4363323152065277,-0.25,19.975324373427966,1.436926982646948,0.17832797704660025,0.6350874246371978,9.15185722419789,9.29449317549447,33.776996040923606,True,True,True,7.294362424025188
36.002355456,17.25609747429111,0.8943025703405485,-2.931434380277418,-0.2331011950760537,0.2142411318054404,-0.3771179914474487,-0.4363323152065277,-0.25,19.99665662368953,1.4681802129165784,0.18327586874265653,0.6655766671209892,10.169264343626995,9.825753730221692,33.75028466155022,True,True,True,7.321073803398576
36.1013312,17.277216951914152,0.8990617769745781,-2.9172369002470737,-0.2367670025747297,0.7624994195663611,-0.3771179914474487,-0.4363323152065277,-0.25,20.015090522920506,1.4856180907117285,0.18734266119513765,0.6823601940758373,10.982720029086957,10.090951127920741,33.729020993428186,True,True,True,7.342337471520608
36.20009984,17.298023280537343,0.9049561628029105,-2.90187728080811,-0.24640779496765866,2.36551448762284,-0.3771179914474487,-0.4363323152065277,-0.25,20.043080021646396,1.4569194660140456,0.19255425616026556,0.6527016735279058,11.862761397866706,9.367977428644009,33.708033226205615,True,True,True,7.36332523874318
36.299986944,17.32413042192967,0.9116988064436125,-2.8835634273419597,-0.250149270521373,3.2015332071117943,-0.3771179914474487,-0.4360445109415386,-0.25,20.0671134235604,1.4738769390358255,0.19844050353697298,0.668809552924245,12.912067908098148,9.581265219386523,33.68171976640336,True,True,True,7.389638698545433
36.404129792,17.345454271247693,0.9187342582039284,-2.8666975073338796,-0.25831771747099824,4.142898592522981,-0.3771179914474487,-0.3391450323583195,-0.25,20.088191905565385,1.4821082630154632,0.20477565052278618,0.6762997917342218,13.878413942166361,9.606245868043548,33.660177481383485,True,True,True,7.411180983565309
36.5029184,17.373110098783997,0.9267027752635298,-2.8470556890695713,-0.2532896807244599,5.789571152368706,-0.3771179914474487,-0.43294171833078376,-0.25,20.12085974805537,1.465100272405786,0.21183652880389361,0.6581614064753819,15.003807230674179,9.084966596705684,33.63227611835681,True,True,True,7.439082346591981
36.605641728,17.392699190174262,0.9337023961922316,-2.8321365624957315,-0.2388765484411352,6.4657528480675674,-0.3771179914474487,-0.14843592099608574,-0.25,20.138757019341522,1.4806634541014747,0.21819253049544246,0.6730901198589824,15.858610217376695,9.263587887709294,33.61246883592992,True,True,True,7.458889629018877
36.69894912,17.416904101935632,0.942196478609789,-2.81568284781472,-0.2338068285871142,7.422026975064387,-0.3771179914474487,-0.13648667253569566,-0.25,20.16309116546268,1.4885083054236357,0.22589141891920556,0.6800804332610098,16.801338625911097,9.25004216924688,33.5879993793252,True,True,True,7.483359085623597
36.80032896,17.43673202821862,0.9492125729407046,-2.8030073977052075,-0.2413607709783382,8.790096865159601,-0.3771179914474487,-0.20293538128408475,-0.25,20.188866383247543,1.4647283262107074,0.23225608360460448,0.6554148814785591,17.527588420614777,8.608222073855398,33.56795285135184,True,True,True,7.503405613596954
36.899264256,17.462780825626226,0.9587037771145612,-2.7853277800474503,-0.24803621725078423,9.874652433886647,-0.3771179914474487,0.08146565982451556,-0.25,20.215557142376248,1.470780480295038,0.240891330559311,0.6605312975926476,18.54055589580923,8.53663398032275,33.54160792180015,True,True,True,7.529750543148644
36.999358976,17.484777887084036,0.9670313442733774,-2.768832654407824,-0.2516527144685528,10.849383672274522,-0.36975106905102845,-0.09785821757533963,-0.25,20.237818653012397,1.4776843978592475,0.24849591271393398,0.6666536279650617,19.485656977497868,8.507003823623526,33.51935057654478,True,True,True,7.552007888404013
37.104070144,17.506989420400604,0.9761654629259862,-2.751840250344021,-0.25300797884638215,12.008644723001217,-0.3771179914474487,0.1650904432120893,-0.25,20.261670509157195,1.4778945723533736,0.256899610151991,0.6660307625654832,20.459250014134728,8.32133580953371,33.496852527624874,True,True,True,7.57450593732392
37.199490304,17.531397128334813,0.9863056744508657,-2.733353851488148,-0.2612674807356059,13.682085901034721,-0.3667123142241818,-0.07679338060763938,-0.25,20.29129868128826,1.4584745192565625,0.2662371248188785,0.6455879318400431,21.518442646971724,7.707087264337159,33.47212661174261,True,True,True,7.599231853206184
37.300927488,17.552757855740023,0.9954797458264426,-2.718331399989699,-0.2489814276429601,14.447400008376897,-0.36661757931203204,0.387544886858706,-0.25,20.311869326799453,1.4722437233543892,0.27470620042488253,0.6587001515149278,22.372909107763462,8.02482318133912,33.45044761202159,True,True,True,7.620910852927203
37.399827968,17.576817028565884,1.006641066684701,-2.700503948587556,-0.23706642574286058,15.60888393867884,-0.3562206970436331,0.40240628768344033,-0.25,20.337085595035127,1.476659620533188,0.2850729988200892,0.6623311576678466,23.394346832580876,7.884776975854605,33.42603555820798,True,True,True,7.645322906740816
37.501711104,17.59610393494804,1.0169015893470903,-2.6856738960903983,-0.23662536369568316,17.399142458434756,-0.3088534540569985,0.4363323152065277,-0.25,20.36371599987401,1.4415466859585981,0.29469589138918545,0.6264084841377179,24.244046250625455,6.944217874143276,33.40642273021957,True,True,True,7.664935734729227
37.599641856,17.620541482704,1.0290470644240626,-2.6678853435644214,-0.24802629103125207,18.302365813842076,-0.26565700740235093,0.4363323152065277,-0.25,20.387288255224966,1.4592938502863155,0.30603391425657495,0.6434153662733599,25.263255234010686,7.060203502121172,33.38160024962981,True,True,True,7.689758215318982
37.704224768,17.63915858570239,1.0396130581338474,-2.65356394186999,-0.24823003463398777,19.262045917213307,-0.22183235841121976,0.4363323152065277,-0.25,20.406941915644435,1.4631404344567134,0.3159840662074018,0.6466500081473766,26.083811107813105,6.92107927255236,33.36264685354142,True,True,True,7.708711611407374
37.801385472,17.66349152136177,1.0532755396246323,-2.6365405852998554,-0.2504523456420852,20.455656577300054,-0.18258362439474723,0.4363323152065277,-0.25,20.432868017843013,1.4662571623843759,0.32884170911667815,0.6489604364902435,27.059177592428153,6.7028350970806345,33.337879209787786,True,True,True,7.733479255161008
37.89874176,17.684125912831067,1.0646537918913355,-2.6240523003478846,-0.25831893645567605,22.738942632865136,-0.13858875635134216,0.4363323152065277,-0.25,20.463764573752815,1.4017130073255972,0.33953756772502847,0.5834882961420015,27.774703613532814,5.1350750626202135,33.31688298763752,True,True,True,7.754475477311274
37.99963392,17.705637820423977,1.0762458544357854,-2.6143602930504404,-0.25347370459218205,22.924154889153055,-0.09641956609840951,0.4363323152065277,-0.25,20.48304129229843,1.4312528324231517,0.3504183616328867,0.6124154979196498,28.330014726686336,5.505173919485876,33.29500271327327,True,True,True,7.776355751675524
38.098004992,17.72924513651871,1.0901547999136778,-2.6051906520972854,-0.2447553708500702,23.777881490666445,-0.05553371456931893,0.4363323152065277,-0.25,20.508637429338716,1.4292395719290973,0.3635461179087466,0.6096086528489447,28.855396452952462,5.176829044238553,33.27095222153889,True,True,True,7.800406243409903
38.198632192,17.748350568388695,1.1019765366540302,-2.5993220227597083,-0.23453999969724906,25.471898154419424,-0.010756073415287802,0.4363323152065277,-0.25,20.534997203956195,1.375107509779233,0.37473533355820055,0.5546844183096902,29.191644145522286,3.8190600730553714,33.251469602627495,True,True,True,7.819888862321299
38.297735936,17.771554395145262,1.1159938006943109,-2.595582561309404,-0.24109888132978247,26.335556945956714,0.028156433023000284,0.4363323152065277,-0.25,20.561117702193,1.3575234178697093,0.38798457434839684,0.5362979684836039,29.405899504276583,3.169656640272445,33.22781883338404,True,True,True,7.843539631564752
38.399792128,17.787962166775802,1.126164018998914,-2.594414284238494,-0.2457383560478935,27.095271609512768,0.07306412114118596,0.4363323152065277,-0.25,20.580241884388187,1.3339475087436325,0.39761157314901585,0.5121397685188569,29.472836849741636,2.476879322181384,33.21108655307513,True,True,True,7.860271911873667
38.499705344,17.813114319202775,1.1416681038467549,-2.594551190495239,-0.24714630144077057,27.96399319939496,0.12030059966829447,0.4363323152065277,-0.25,20.608246012248156,1.3067099728778082,0.41228298067273855,0.4840460553136405,29.464992699041233,1.6003135815987666,33.185439775110794,True,True,True,7.885918689838
38.59842432,17.833168580373243,1.1537140469706777,-2.5972019110192215,-0.2462499097531398,29.318220832259037,0.16220349809560783,0.4363323152065277,-0.25,20.631672507910686,1.2452332665778936,0.42366518489187605,0.4218717709337196,29.313117600348313,0.09421085004181248,33.165001488393166,True,True,True,7.906356976555628
38.697856,17.851445530927304,1.1638935334702747,-2.6027812538242046,-0.24854825335389027,29.772650794366044,0.20770007089734024,0.4363323152065277,-0.25,20.65093049225626,1.2175959663108815,0.43324018558588134,0.3936499836034068,28.993444805166078,-0.6798919072474318,33.14640072957368,True,True,True,7.924957735375116
38.799196672,17.875282070183353,1.1781391886261177,-2.6105172191581554,-0.24895135996421888,30.185445523875316,0.253879483061104,0.4363323152065277,-0.25,20.675256901297807,1.190011219858033,0.4466969579858051,0.365323390816645,28.550206641071235,-1.5359248008515276,33.12211010234627,True,True,True,7.949248362602525
38.900339968,17.896739717163193,1.1911201664464794,-2.6179080553227108,-0.2601152616293585,30.59198341509915,0.298085688908604,0.4363323152065277,-0.25,20.696592738926153,1.1624312047222105,0.4589676993691569,0.33709436032828904,28.12674292176955,-2.3659264113770675,33.100238538502154,True,True,True,7.97111992644664
38.997246464,17.921477016306422,1.205293068132501,-2.630027640350266,-0.2566264952057143,30.779929437529205,0.34079230117279924,0.4363323152065277,-0.25,20.720556255425343,1.1334918624780317,0.4723222354690352,0.3074250894583262,27.43234185024068,-3.2482735053359852,33.07505001975531,True,True,True,7.996308445193485
39.098133248,17.94200805914992,1.2167525363509095,-2.640661439745012,-0.24176248393118657,30.94798262553175,0.37526790772977053,0.4363323152065277,-0.25,20.73985561408046,1.1069843288899668,0.48310265359270027,0.2803312400110501,26.823070024732946,-4.0255985188462535,33.05415442890055,True,True,True,8.017204036048241
39.199172864,17.958581308430563,1.2261387555615209,-2.65009476525167,-0.23698627168707237,31.091832379079364,0.3771179914474487,0.4363323152065277,-0.25,20.754918259424002,1.082961744457377,0.4919406510446737,0.2558526581513082,26.282580286428356,-4.709938010698517,33.037282454984414,True,True,True,8.03407600996438
39.298538496,17.98462034846357,1.2402591378635945,-2.666829469132707,-0.24568942197901786,30.91949606009413,0.3771179914474487,0.4363323152065277,-0.25,20.778728540879552,1.0587118738415782,0.5052000321258395,0.23094221772342002,25.32375238264376,-4.879127145075058,33.01079461597211,True,True,True,8.060563848976685
39.397585152,18.006689369175117,1.2514992607067081,-2.681582266826967,-0.24822576478077327,30.7825686944639,0.3771179914474487,0.4363323152065277,-0.25,20.798339629355116,1.035423290647704,0.5157117598689896,0.20726087158031473,24.481105478244967,-5.5874728233362845,32.988392699931424,True,True,True,8.08296576501737
39.506596352,18.02704280220162,1.26216781493221,-2.695120113321726,-0.24823039874331249,30.69771921723991,0.3771179914474487,0.4363323152065277,-0.25,20.815885001193617,1.0124495954898285,0.5257084583749494,0.18393622418902275,23.705444010399294,-6.2782848139579865,32.967701003427564,True,True,True,8.10365746152123
39.600750848,18.051136465702214,1.2739160471957904,-2.710925807916954,-0.24787020098539447,30.298712857035603,0.3771179914474487,0.4363323152065277,-0.25,20.837661745350413,0.9995497484608378,0.536661843829161,0.17059757807668402,22.799844417820005,-6.784878046332933,32.94323574378679,True,True,True,8.128122721162
39.700840192,18.069996788204556,1.2825307456374468,-2.723117089020045,-0.2464292038219113,29.61789557019016,0.3771179914474487,0.4363323152065277,-0.25,20.856437216781256,1.0073040427300097,0.544654654340039,0.1779696696944148,22.101335463755266,-6.802569713552191,32.92410357782812,True,True,True,8.147254887120674
39.797677312,18.091652285093307,1.2914784793351517,-2.7387217015013317,-0.2514494476957202,28.894680021149014,0.3771179914474487,0.4363323152065277,-0.25,20.877259565892242,1.0079435129553924,0.5528888394188276,0.1781869057702689,21.207257027640367,-6.973432600625978,32.90216683513664,True,True,True,8.169191629812154
39.897477888,18.11879642180082,1.3025820248988844,-2.7563443420793994,-0.2511180307941114,28.051936894082793,0.3771179914474487,0.4363323152065277,-0.25,20.903565656544952,1.0109310190330172,0.5630980456910802,0.18064053087592408,20.197554098641124,-7.140392402559026,32.874673836228325,True,True,True,8.196684628720469
39.998895872,18.14051002525819,1.3110488372663731,-2.7704221232508583,-0.24931611760086198,26.995128759007304,0.3771179914474487,0.4363323152065277,-0.25,20.926526342302054,1.0315616619517367,0.5708496653322291,0.20080148410358903,19.390956652607766,-6.89018171351684,32.85269475800131,True,True,True,8.218663706947481
40.097605888,18.160136079829808,1.3162086698006652,-2.787510817840997,-0.24461921905298872,26.270937352030057,0.3771179914474487,0.4363323152065277,-0.25,20.944881340274865,1.0243288410546798,0.5753643994222404,0.19319806394142638,18.411846575204837,-7.145100383942594,32.83291034327844,True,True,True,8.238448121670352
40.198132992,18.18701396060965,1.3259608952183164,-2.803189323162944,-0.24414176472837806,25.691151502605198,0.3771179914474487,0.4363323152065277,-0.25,20.970093539345967,1.0186043296126746,0.5842317236812148,0.18696363671764316,17.51353439118386,-7.463626718538732,32.80572768453618,True,True,True,8.265630780412614
40.301576704,18.208530781531344,1.3305664206583874,-2.8199050317302263,-0.24354117587289897,25.170024483214913,0.3771179914474487,0.4363323152065277,-0.25,20.989187420177092,1.0020110098745696,0.5881305654112434,0.16998666285468184,16.55579483870789,-7.900239251624337,32.78407165811581,True,True,True,8.28728680683298
40.398360832,18.23630291403586,1.338053759066255,-2.839491227992383,-0.2478621854866641,24.06023502987963,0.3771179914474487,0.4363323152065277,-0.25,21.016888284071907,1.0088957423911324,0.5947049483704482,0.17630843924379141,15.433588456171382,-7.912656180825561,32.75606935340731,True,True,True,8.315289111541482
40.503177984,18.260220232218696,1.3447357449200918,-2.8548069144110317,-0.2496705365726546,23.246962204645037,0.3771179914474487,0.4363323152065277,-0.25,21.04043473688391,1.0124597932636834,0.6006005730764251,0.17939443299904825,14.556064264036998,-7.976907547725379,32.731946155996184,True,True,True,8.33941230895261
40.598656256,18.28119783242677,1.3479685644535937,-2.87246405152146,-0.2514740566387497,22.809120326225784,0.3771179914474487,0.4363323152065277,-0.25,21.057945094420973,0.9878649085325656,0.6031450922574001,0.15444963897001088,13.544384829325617,-8.550745104017519,32.71087398822057,True,True,True,8.360484476728224
40.699023616,18.30829303595843,1.354798854554319,-2.8889041525322026,-0.2485962334452002,21.732066129350457,0.3771179914474487,0.4363323152065277,-0.25,21.08588171648199,1.0012438774610657,0.6090849338757077,0.1672595380679236,12.60243642664133,-8.41563930982645,32.68356975413808,True,True,True,8.387788710810717
40.799638528,18.332013709408315,1.3581962508760297,-2.905827167365518,-0.2426526702373792,21.01884014331408,0.3771179914474487,0.4363323152065277,-0.25,21.107992471717097,0.9922154983621659,0.6117041646041833,0.1577847933906019,11.632819100055075,-8.672030650376316,32.65975059627988,True,True,True,8.411607868668916
40.898555136,18.358276344857714,1.3639973120701299,-2.9222676675282577,-0.24323845221570592,20.47666890437621,0.3771179914474487,0.4363323152065277,-0.25,21.13163379651393,0.9786553271490279,0.6166425775260914,0.14374816071457225,10.690847827645936,-9.071830683847606,32.63331216951998,True,True,True,8.438046295428812
40.999545088,18.381650547641676,1.3667395444342008,-2.9386268596432146,-0.24353927298354883,19.293359392453013,0.3771179914474487,0.4363323152065277,-0.25,21.156636881005976,0.9933083598213435,0.6186183348007784,0.15789132930670444,9.753535163215188,-8.825833836355145,32.60986073934364,True,True,True,8.461497725605156
41.098636288,18.409092043219697,1.3722514820015095,-2.9547546133393383,-0.24744323052037692,18.799246116762387,0.3771179914474487,0.4363323152065277,-0.25,21.181198104952177,0.9780079246590454,0.6232291964911622,0.14209614244323499,8.82948294340081,-9.255772780478917,32.582253546625495,True,True,True,8.4891049183233
41.19989632,18.43030976498961,1.3749864540702375,-2.9692815077315196,-0.24894907803476704,18.2944614434373,0.3771179914474487,0.4363323152065277,-0.25,21.200116753517385,0.9649020160544908,0.6252682760634493,0.12860941532619438,7.997153205296536,-9.583317845258081,32.56095767980069,True,True,True,8.510400785148107
41.29995648,18.459148614971454,1.379049985763376,-2.9875313697497234,-0.25615618652240546,17.327549849710845,0.3771179914474487,0.4363323152065277,-0.25,21.228389503692227,0.965160024255503,0.6283847294014506,0.12829423606673115,6.9472814718113565,-9.662046321870818,32.531954875333284,True,True,True,8.53940358961551
41.401271552,18.482990536091943,1.3824956349627044,-3.002191867848168,-0.25112558222705245,16.501817151333317,0.3771179914474487,0.4363323152065277,-0.25,21.252128386592968,0.9679168548465902,0.6310464506125874,0.13111764840772167,6.107296805210873,-5.976871792514335,32.50801275885803,True,True,True,8.563345706090765
41.500464384,18.507299536724986,1.3848881958711503,-3.017161286179744,-0.24715741344591333,15.953795830397883,0.3771179914474487,0.4363323152065277,-0.25,21.27415630491089,0.9553493450743286,0.6326403288893792,0.11953785439093213,5.249612313045786,-6.286534963744048,32.48363835811634,True,True,True,8.587720106832457
41.600540928,18.533631227766485,1.3879202480913926,-3.0335964724631514,-0.24264449522465292,15.354579702608628,0.3771179914474487,0.4363323152065277,-0.25,21.297871283557097,0.9418519641227592,0.6348070051119481,0.10710380373127366,4.30794550349527,-6.6289856455053044,32.45722137857821,True,True,True,8.614137086370583
41.707254016,18.55814522706157,1.3897320270452573,-3.0485752797639236,-0.24173756740843144,14.131791065517893,0.3771179914474487,0.4363323152065277,-0.25,21.32516758620848,0.9612611832518193,0.6358136895184426,0.12770265738671416,3.4497230630212794,-6.264419448888536,32.43266114057198,True,True,True,8.638697324376814
41.799323904,18.583637899361754,1.3920091789441147,-3.063514224863588,-0.24785940947763663,13.323772520632131,0.3771179914474487,0.4363323152065277,-0.25,21.35030093444945,0.9612242554853848,0.6372533935468304,0.1287786625024415,2.5937845584328776,-6.312339408591231,32.40710749085054,True,True,True,8.664250974098252
41.899347456,18.605111045876182,1.3933121202025585,-3.077098574868002,-0.251470424748431,12.565403625500291,0.3771179914474487,0.4363323152065277,-0.25,21.371623863923382,0.9615635503374724,0.6378512615464537,0.1300617970972263,1.8154586357514506,-6.332296436140846,32.38560316033299,True,True,True,8.685755304615803
42.00102784,18.635346698437044,1.394832882138529,-3.0952371963173544,-0.2529184556106241,11.821304460463674,0.3771179914474487,0.4363323152065277,-0.25,21.39959860194146,0.9488380234549141,0.6383794012269683,0.1185874642414384,0.7761921805180637,-6.627463726337536,32.355333894218255,True,True,True,8.71602457073054
42.09952384,18.65884329168197,1.3957933216859908,-3.108854593317794,-0.24895888105113761,10.55919149238934,0.3771179914474487,0.4363323152065277,-0.25,21.426748479413472,0.9730630628577138,0.6385685777955684,0.14399093102795774,-0.004027195561233586,-6.145570134342522,32.331818440778704,True,True,True,8.73954002417009
42.2002816,18.681444075655193,1.3961279879458393,-3.1224885205121393,-0.24283010650845027,9.74563736895665,0.3771179914474487,0.4363323152065277,-0.25,21.449587778272978,0.9749624128361322,0.638161702583869,0.14689973496012748,-0.785193681985834,-6.113182497334469,32.30921884143996,True,True,True,8.762139623508837
42.301691904,18.70815877673164,1.396282731574664,-3.1385433525182123,-0.24425915170899073,8.92995556527496,0.3771179914474487,0.4363323152065277,-0.25,21.475532013604763,0.9700839893916681,0.6374400549535473,0.1431748988855939,-1.7050677967253918,-6.217374808392289,32.28251344078967,True,True,True,8.788845024159123
42.400158464,18.72740908838218,1.3951506329176029,3.132064624951399,-0.25077765924845985,7.864438994799888,0.3771179914474487,0.4362953166582264,-0.25,21.49729765274029,0.9856175560627811,0.635677107901253,0.15965700540367558,-2.425695706651468,-5.872486147843275,32.263310624233156,True,True,True,8.808047840715638
42.499814144,18.758500919906197,1.3946168692223917,3.113789293230476,-0.2561602620933167,7.005444143089731,0.3771179914474487,0.4238899481270795,-0.25,21.527030044422034,0.9759923516561338,0.6341237428060011,0.1513577824914604,-3.4727950834618984,-6.060590672943563,32.23225303340449,True,True,True,8.839105431544304
42.599204096,18.78179014497236,1.3944746127773364,3.101347172077931,-0.24896956664772626,6.1162184548348,0.3771179914474487,0.23584383029259362,-0.25,21.551594594978834,0.9843730293564419,0.6332176189799977,0.16081795068616506,-4.185676113693171,-5.884246014919891,32.20898100769355,True,True,True,8.862377457255242
42.699463936,18.81079155666904,1.3936265597953112,3.085164144484584,-0.23742563000069644,5.115856932372145,0.3771179914474487,0.3566546136293377,-0.25,21.581117274936737,0.9870611718137783,0.631418704649653,0.1648107114173091,-5.112895294535709,-5.811103673299819,32.180023021204626,True,True,True,8.891335443744168
42.801261568,18.83109522400086,1.3923631274932968,3.0739304464935717,-0.23704085163987054,4.436998775803019,0.3771179914474487,0.0623658664957475,-0.25,21.60167029897473,0.9875004916110621,0.6294899419686224,0.1661596816824992,-5.756538777745309,-5.7758889999403085,32.159771723892526,True,True,True,8.911586741056269
42.90131712,18.860598202027997,1.3901630256182076,3.05722284562623,-0.2482709716027908,3.8867207812052276,0.3771179914474487,-0.018562551799503783,-0.25,21.62822748483319,0.9656301612140176,0.6263232537335207,0.14548674601582184,-6.713813793233114,-6.182886020830276,32.130356791522175,True,True,True,8.94100167342662
43.000303104,18.88045184860948,1.387909402587815,3.044823288533447,-0.24782141044395267,3.4159085769691404,0.3758040070533752,0.017723381429543657,-0.25,21.646281392834446,0.9518051349037018,0.6234195949797339,0.13247470095378988,-7.424256082481076,-6.422516105842175,32.11058775347813,True,True,True,8.960770711470666
43.099266048,18.90820904277178,1.3846884265325674,3.026825581556162,-0.2510391271655179,2.4274937155151104,0.3771179914474487,0.1387988606775671,-0.25,21.673712214913916,0.9465192755511453,0.6192895372758871,0.12840865418308645,-8.487755907950767,-6.465293895099731,32.0826019559089,True,True,True,8.988756509039895
43.199343104,18.932761836081987,1.3816750441808145,3.011405462190748,-0.25800827230664075,1.337835595665596,0.3771179914474487,0.03915701387878071,-0.25,21.699823637983364,0.9534589953709862,0.6154586037714376,0.13649777284908116,-9.37126366717695,-6.259143534476401,32.05816337818809,True,True,True,9.013195086760703
43.303457536,18.957012089900402,1.3779073759991745,2.9968260952919668,-0.2529375258071925,0.13427727871573447,0.3771179914474487,0.13640563911369114,-0.25,21.726768741156206,0.9674830920877131,0.6108838989628605,0.15195241661307152,-10.206599858449838,-4.549783525317972,32.03405233902138,True,True,True,9.037306125927415
43.403812352,18.983308221016625,1.3738796442109804,2.9817436865782323,-0.24396296440883738,-0.306131537145003,0.3771179914474487,0.1213584434488001,-0.25,21.749953723797162,0.9429821367405598,0.60598101256737,0.1290760475103018,-11.07075822263816,-4.973533073645512,32.00790523899036,True,True,True,9.063453225958433
43.501753344,19.00389592211164,1.3701014747632807,2.968895968546601,-0.2374187773700083,-1.102583102205071,0.3771179914474487,0.08298645324251935,-0.25,21.770993619243022,0.9421174393948999,0.6015180171492622,0.12963667431579695,-11.806878242224759,-4.9132015281720305,31.987455063620665,True,True,True,9.08390340132813
43.600006912,19.030719546229353,1.3652908312160494,2.9526946581742193,-0.24511715044262228,-2.238338843200801,0.3771179914474487,0.3471072467046327,-0.25,21.799348982901044,0.9473302560477692,0.5958150545782068,0.13675578179228343,-12.735144949143756,-4.705712494095357,31.960806886946454,True,True,True,9.11055157800234
43.701684224,19.049137306877995,1.3606160510756604,2.9396381550759987,-0.2512750125108269,-2.7818179395590823,0.3771179914474487,0.1222612060979362,-0.25,21.816256555212128,0.9327713765747956,0.5905283499783659,0.12337404747657688,-13.48322747187128,-4.910315920464584,31.942555360129617,True,True,True,9.128803104819177
43.799880704,19.076139667480977,1.354099780443855,2.9220878102388363,-0.25382684851866355,-3.2683290121969586,0.3771179914474487,0.25815470975166005,-0.25,21.839269525702584,0.9012053262889719,0.583114746291812,0.09343713205256605,-14.488788160039894,-5.429365535995346,31.915785456479078,True,True,True,9.155573008469716
43.901893376,19.09653322060018,1.3487981828532498,2.9088680013312587,-0.2506776135667965,-3.742416079897688,0.3771179914474487,0.3643373342822954,-0.25,21.85738954151938,0.88224446114429,0.5771356489219698,0.07574551790463659,-15.246227416413547,-5.712717724668247,31.895580151718192,True,True,True,9.175778313230602
43.999520256,19.122537566399508,1.3420162078245552,2.892465192531244,-0.2424825540523231,-5.18979552004661,0.3771179914474487,0.43589117159342217,-0.25,21.887418574521462,0.899938148058492,0.569489788565358,0.0954301269075597,-16.18603913281444,-5.205150000920213,31.869816572674353,True,True,True,9.201541892274442
44.10095744,19.1450933497861,1.3362603553441303,2.8792958757276494,-0.24053465083700404,-6.05613782972813,0.3771179914474487,0.08445264032671079,-0.25,21.910831680778944,0.8995779942658291,0.5629845442156011,0.09665468849432614,-16.940585404731117,-5.093353963155354,31.847465398255334,True,True,True,9.22389306669346
44.201472256,19.16643487994051,1.3307840219193794,2.867264120011531,-0.2426355148741619,-6.6021032877031605,0.3771179914474487,0.09936051901240016,-0.25,21.93107159415915,0.8871807775733056,0.5567991780834108,0.08565509685044653,-17.62995422739711,-5.236757327846341,31.82631847453293,True,True,True,9.245039990415865
44.299203584,19.192015397154133,1.3233870300249693,2.8515306932552065,-0.25026292412420564,-8.434288506046741,0.3771179914474487,0.4342096307932063,-0.25,21.96349303945958,0.9247497535428844,0.548552784776189,0.12533130931048034,-18.53141317781271,-4.306031059918334,31.80099900875213,True,True,True,9.270359456196665
44.40072192,19.213064511338576,1.31655703969952,2.838094415170941,-0.254978081991295,-9.474369086004835,0.3771179914474487,-0.39071368470821133,-0.25,21.98639151341939,0.9309959686232989,0.5410242722176407,0.13311229072183553,-19.301255204405237,-4.035792506552752,31.780189504326238,True,True,True,9.291168960622556
44.502083584,19.240062619059216,1.3081311620607905,2.821852098546943,-0.2522728660361539,-10.26350201941538,0.3631255001530101,-0.4357591840416244,-0.25,22.012429081947793,0.9157229620309295,0.5317022666963966,0.11963570703529858,-20.231871396475512,-4.177275765212534,31.75348756717666,True,True,True,9.317870897772135
44.601528064,19.263130304497796,1.301257082507564,2.8084178639557997,-0.2470967363030704,-11.79344595710493,0.31703539539081477,-0.3801819050204003,-0.25,22.040459182142133,0.9456670019332405,0.5240623377690456,0.15140737783216698,-21.001596339536672,-3.4170567705841304,31.73066208652055,True,True,True,9.340696378428245
44.6999296,19.28754740422222,1.2925845954076143,2.7924762121353304,-0.2394038127309298,-12.872282586431647,0.2751505069276281,-0.4363323152065277,-0.25,22.065891503165282,0.9450157995293553,0.5145799780647253,0.1524781568949291,-21.91498570731661,-3.2516095090373214,31.706547948636537,True,True,True,9.364810516312257
44.80401664,19.308089005675726,1.2844874416812686,2.779156972533486,-0.2423934368043461,-13.928824519989936,0.2320169406398298,-0.4363323152065277,-0.25,22.088176531458657,0.9511507515523119,0.5058019413429277,0.16010663070403722,-22.67812192282579,-2.9582037909882377,31.68628795455822,True,True,True,9.385070510390573
44.898767104,19.332716700383234,1.2750471347526398,2.766669925628211,-0.2476318240851087,-15.378429956959858,0.19459906765825005,-0.4363323152065277,-0.25,22.1168470492829,0.9773590423877968,0.4955451626159964,0.18819443461809493,-23.393577009079966,-2.224053440272516,31.66198895804273,True,True,True,9.409369506906064
45.00137472,19.354265027905814,1.2666558958594312,2.756554093391035,-0.2528339493455004,-16.447682031588467,0.15054306183926006,-0.4363323152065277,-0.25,22.14083775816712,0.9927719442228856,0.48643961403145164,0.2051949925214485,-23.97317150253253,-1.7343958590964634,31.640732610892815,True,True,True,9.430625854055979
45.098556672,19.381903752115587,1.2555353818228643,2.745607291288035,-0.2571148898590396,-17.591251602682945,0.10686786052593174,-0.4363323152065277,-0.25,22.170831597280735,1.0067755087273906,0.47439366901061897,0.22119555183733533,-24.672458170396173,-1.2180318476688143,31.612883505013347,True,True,True,9.458474959935447
45.19864448,19.404185917512436,1.246118204003619,2.7393360393357113,-0.2489190029091585,-19.26490901834937,0.06576976527872003,-0.4363323152065277,-0.25,22.198085940648426,1.0613950037262243,0.46421065430584457,0.2776127306824962,-25.031774439527506,1.8178911530902444,31.590940753490937,True,True,True,9.480417711457857
45.299972096,19.42289034865965,1.2377909562170482,2.7354363284897705,-0.24065675978028994,-20.40042364864467,0.023522018377453775,-0.4363323152065277,-0.25,22.219376822312874,1.0975647009202703,0.4552407892775999,0.31568230883653525,-25.25521141232131,2.729968810591748,31.57253585409934,True,True,True,9.498822610849455
45.398751488,19.447511789288107,1.22713841697783,2.7323570898185867,-0.24175951337461235,-20.98393529498205,-0.0182394997099625,-0.4363323152065277,-0.25,22.244923972927793,1.1067844605648933,0.44374216030004965,0.32735128316391887,-25.43163879229361,3.1370530769568377,31.548298002245257,True,True,True,9.523060462703537
45.500279808,19.467997215396633,1.218035679225603,2.7316467237050173,-0.24772577437735235,-21.278193621710713,-0.06234230128716599,-0.4363323152065277,-0.25,22.26591462038811,1.1100625582845285,0.43393560626019506,0.3326622753355447,-25.47233977251025,3.390610423468834,31.528140025776942,True,True,True,9.543218439171852
45.598762496,19.49406165269969,1.2067240716271315,2.7339349284459082,-0.2511143802109406,-22.496655241915242,-0.10555457162620481,-0.4363323152065277,-0.25,22.29374594336674,1.1646779946148675,0.42172834270641846,0.3897331449542554,-25.34123529819537,4.740176517988234,31.502482861574418,True,True,True,9.568875603374376
45.703961344,19.515667015509887,1.1976183187824654,2.7367843664752307,-0.2508499059183153,-23.43156182986843,-0.1515179402064479,-0.4363323152065277,-0.25,22.315642908509822,1.2092372094010724,0.4118799994259667,0.4362166449311191,-25.17797452513112,5.838343879005705,31.481205724274986,True,True,True,9.590152740673808
45.798379264,19.541461890197397,1.1868060726269796,2.74356087517911,-0.24756870292756414,-24.004096570842933,-0.19578598435387354,-0.4363323152065277,-0.25,22.340849281338897,1.2453742749042251,0.4001811310738461,0.4746411750384757,-24.789709176565164,6.799143968546155,31.45580067150293,True,True,True,9.615557793445863
45.899114496,19.56283447585975,1.1778164363473578,2.750793711805631,-0.24446412050473407,-24.683803800874102,-0.23773298017032718,-0.4363323152065277,-0.25,22.36059312752391,1.2898277172004202,0.3904568942624158,0.5208092778432407,-24.375298163957865,7.893262211184648,31.43475215144166,True,True,True,9.636606313507134
45.998797568,19.58188765893999,1.1697184618606395,2.759064773329947,-0.24354115068890678,-24.96820720701155,-0.286722149403851,-0.4363323152065277,-0.25,22.37791887738332,1.3187467326360518,0.38170409011029677,0.5512811193959779,-23.90140124652152,8.651562534758353,31.41599077100867,True,True,True,9.655367693940125
46.098301184,19.606366490225117,1.1599570524891043,2.770382131225926,-0.24390936536253638,-25.01631753915134,-0.32805930892495994,-0.4363323152065277,-0.25,22.400379395109248,1.3429649412287357,0.37110099432030463,0.5775757119067904,-23.252964403842885,9.348109709576871,31.391864589096222,True,True,True,9.679493875852572
46.200259072,19.629996238033733,1.151822820684772,2.782356737300079,-0.2454545541146325,-25.125137884042456,-0.3692546391176959,-0.4363323152065277,-0.25,22.421201297180026,1.3735756510976715,0.3621534986052489,0.6100723728205075,-22.566870014462197,10.143024443848622,31.368530643245283,True,True,True,9.702827821703512
46.301268736,19.659580264067856,1.1416335290493915,2.798125767515746,-0.2492549571816539,-25.156508194843564,-0.3771179914474487,-0.4363323152065277,-0.25,22.44679570109185,1.408897644888253,0.3509460181716849,0.6477235912076396,-21.663371136090205,11.077893633021791,31.339317142209808,True,True,True,9.732041322738986
46.402807552,19.681913390663816,1.1336728354062027,2.8136391846797224,-0.24960753904040248,-24.92437813482008,-0.3771179914474487,-0.4363323152065277,-0.25,22.465882431842058,1.4328657125959796,0.3422168499347474,0.6734399785077834,-20.77451780676854,11.734616902319868,31.31727303168742,True,True,True,9.754085433261373
46.506703872,19.70084619543494,1.1269007890174068,2.8258077353437745,-0.2503939525692467,-24.603486641373806,-0.3771179914474487,-0.4363323152065277,-0.25,22.482790123665744,1.444372016343224,0.334793346796625,0.6865414301430853,-20.07731121092724,12.110932004714886,31.298586049321298,True,True,True,9.772772415627497
46.598947584,19.729937482144617,1.1175557021811162,2.8451898797437485,-0.24952873185293245,-23.989299107945815,-0.3771179914474487,-0.4363323152065277,-0.25,22.50902695691927,1.459113444293247,0.32444662528826357,0.7037730228086219,-18.966796138895607,12.60725954331859,31.269835762984798,True,True,True,9.801522701963997
46.699402752,19.750288137187603,1.1102867715841274,2.857252057547722,-0.24322377560969216,-23.537347527328265,-0.3771179914474487,-0.4363323152065277,-0.25,22.52792769753286,1.4634417981730379,0.31647744513718556,0.7099252971045796,-18.27568425899154,12.846419842605043,31.249748984238018,True,True,True,9.821609480710777
46.804584704,19.777487060850973,1.1018488136681166,2.8749147577427596,-0.2396526643720117,-23.045247487290936,-0.3771179914474487,-0.4363323152065277,-0.25,22.551807810206753,1.4801930744862073,0.30710282860432037,0.728927144201185,-17.26368608301099,13.366317978548281,31.222858518509437,True,True,True,9.848499946439357
46.899742976,19.79847760398151,1.0961026047862128,2.8877868621857186,-0.24327522039788355,-21.77512252352406,-0.3771179914474487,-0.4363323152065277,-0.25,22.576195434191998,1.4486414760199113,0.300633302126791,0.6999062248412358,-16.526168824977848,12.833710272814576,31.2020795136106,True,True,True,9.869278951338195
47.00114944,19.82182818583437,1.0895730900991443,2.9017277389938414,-0.24611795139170325,-21.078576458753176,-0.3771179914474487,-0.4363323152065277,-0.25,22.59891271875775,1.447066442481735,0.29329922705178746,0.7005557605762599,-15.727415421160599,12.935917611860985,31.178969005660534,True,True,True,9.89238945928826
47.101316864,19.84852227636703,1.0831922507915646,2.9198678271933467,-0.24767505778211832,-20.574619709734193,-0.3771179914474487,-0.4363323152065277,-0.25,22.62214505970612,1.4666197612056155,0.285996389542386,0.7222830561836475,-14.705083994316047,13.47131135666867,31.152426893804268,True,True,True,9.918931571144526
47.200208384,19.871489399296543,1.0790808412428308,2.9368633570091083,-0.2498760075792488,-19.453365002450735,-0.3771179914474487,-0.4363323152065277,-0.25,22.646089956967337,1.4553676273155336,0.2810854708836332,0.7134214927481964,-13.731311865284153,13.323828778417154,31.12961734970396,True,True,True,9.941741115244835
47.302746624,19.899032366026326,1.0739758131826769,2.9569318594702594,-0.25066444884747907,-18.842173752872483,-0.3771179914474487,-0.4363323152065277,-0.25,22.669972815098948,1.476330169059708,0.2750217503136649,0.7366147703075754,-12.58147137311229,13.862478021010723,31.102269449956044,True,True,True,9.96908901499275
47.400958976,19.924505112856508,1.0696007863737553,2.9744611454141303,-0.25388722092776367,-18.45527115891222,-0.3771179914474487,-0.4363323152065277,-0.25,22.69094875023993,1.5017924119066766,0.2697598782733662,0.7640025735009174,-11.577117270650488,14.479929529512294,31.076965015694732,True,True,True,9.994393449254062
47.498557696,19.94984929808296,1.0667479163517035,2.9911170792503103,-0.2590472971051984,-17.488847988090516,-0.3771179914474487,-0.4363323152065277,-0.25,22.71638420980944,1.4983548928923427,0.26602372405964236,0.7630815969031294,-10.62280255798823,16.376745492272846,31.051735910600684,True,True,True,10.01962255434811
47.60065408,19.977237821469384,1.0629984766435958,3.0090655126645176,-0.2434768294482914,-16.571620358707985,-0.3771179914474487,-0.4363323152065277,-0.25,22.742930301322925,1.4999711381243492,0.26132015826656213,0.7678856850903283,-9.594433074482572,16.48788734639595,31.02449502257838,True,True,True,10.046863442370412
47.702098176,20.0025087303431,1.0612052435906256,3.0249855464455724,-0.23482006641714487,-15.489976335014974,-0.3771179914474487,-0.4363323152065277,-0.25,22.76948176639353,1.4899944899225102,0.25864555357846863,0.7614646370587266,-8.682282329122435,16.31839406806317,30.999302146405775,True,True,True,10.07205631854302
47.799082752,20.028929625177852,1.05824932440475,3.0426965686898306,-0.24260355611612008,-14.116823617404648,-0.3771179914474487,-0.4363323152065277,-0.25,22.798530597389373,1.469722840836856,0.25476881412985397,0.7451632693011013,-7.667515503664117,15.96000817591109,30.97300058688262,True,True,True,10.098357878066174
47.900293632,20.051564740341014,1.0570854072052758,3.058627087751878,-0.24643397182383397,-13.389598497707643,-0.3771179914474487,-0.4363323152065277,-0.25,22.819818825032304,1.4775248470655145,0.2528151839348387,0.7556805346058126,-6.754763995956085,16.14553456392218,30.950419921020913,True,True,True,10.120938543927881
48.000237312,20.08179152942986,1.0553302660251875,3.0796868913467206,-0.25202951358863124,-12.507467254998236,-0.3771179914474487,-0.4363323152065277,-0.25,22.84761998086896,1.49144146424188,0.2500055875338746,0.7731111467165933,-5.548126132597178,16.470041184571688,30.92027285703041,True,True,True,10.151085607918382
48.099320576,20.106006562221133,1.0542989075306897,3.0969270310120685,-0.25463434047689093,-10.80172512664357,-0.3771179914474487,-0.4363323152065277,-0.25,22.87708249967709,1.4557190725107003,0.2481292641491206,0.7415456197986988,-4.560338891556661,15.752086297257533,30.896108608149422,True,True,True,10.175249856799372
48.200263936,20.12905437597154,1.0553014619875065,3.1143751611829753,-0.2547857400858,-10.239235645567149,-0.3771179914474487,-0.4363323152065277,-0.25,22.89698649239509,1.4778553625387048,0.2483263727679229,0.7660933195092116,-3.5606346723688227,16.189301035368906,30.873039841769216,True,True,True,10.198318623179578
48.299502848,20.154214876964016,1.0550267311918249,3.1306980310860055,-0.24188459934719028,-9.247303756468574,-0.3771179914474487,-0.4363323152065277,-0.25,22.922563800486017,1.474841258852045,0.2471731996739938,0.7664477861214768,-2.6254031173840753,16.132600701255072,30.847904279730184,True,True,True,10.22345418521861
48.402076928,20.17671841052381,1.0576443441155083,-3.1336861618257137,-0.23940285898470876,-7.718725766790439,-0.3771179914474487,-0.4363323152065277,-0.25,22.948288535873825,1.4556381132467706,0.24900338811729783,0.7507713287631645,-1.5481786196920753,15.681247209268907,30.82532306341314,True,True,True,10.246035401535654
48.500013824,20.204220901382932,1.0579966381227284,-3.1165039587957626,-0.2445701635034685,-7.038286164699274,-0.3771179914474487,-0.4363323152065277,-0.25,22.973640146559294,1.470691494459442,0.248395074639602,0.7690088220695266,-0.5637109033390327,15.985275323530848,30.797825044043805,True,True,True,10.27353342090499
48.59990528,20.223842789381052,1.0596566618355845,-3.102013433666492,-0.24643998218101407,-6.324952773294864,-0.3771179914474487,-0.4363323152065277,-0.25,22.992414162181614,1.4780016793859396,0.24936888555633693,0.7787098999555849,0.26653502949646124,16.10218786496191,30.77815715499499,True,True,True,10.293201309953805
48.699992576,20.251573541091368,1.0616797143565002,-3.0826935169172676,-0.2469206036044423,-5.554124549589387,-0.3771179914474487,-0.4363323152065277,-0.25,23.017643097768246,1.4962590599602474,0.250422340687074,0.8001078799794352,1.3734847197711284,16.438309331531148,30.750372670759916,True,True,True,10.320985794188879
48.801063424,20.272379217201802,1.0635847080332772,-3.0679807346606935,-0.2472405939605794,-4.15789528049176,-0.3771179914474487,-0.4363323152065277,-0.25,23.042516062334634,1.4714349982593877,0.25159963403774355,0.778747397521,2.2164650479677577,15.885060390630116,30.729513161185448,True,True,True,10.341845303763346
48.900057088,20.30016421511999,1.0661615795790294,-3.048839237819823,-0.24797535132670512,-3.5148569914104253,-0.3771179914474487,-0.4363323152065277,-0.25,23.066984744015986,1.4959337993416444,0.2532046761324095,0.8062339082988574,3.3131920305126625,16.338749084093678,30.701655124353117,True,True,True,10.369703340595677
49.000228864,20.32356865190319,1.0685973199832786,-3.0329402680363238,-0.24836517561230315,-2.8606761795811484,-0.3771179914474487,-0.4363323152065277,-0.25,23.088435440484115,1.5107643036016825,0.25488510255125935,0.8237406226280164,4.446462853256191,16.595512139464983,30.679168823608673,True,True,True,10.39218964134012
49.100569344,20.3475935592346,1.0726427573654422,-3.014612889550893,-0.2519920302934582,-1.4639707303267353,-0.3771179914474487,-0.4363323152065277,-0.25,23.115084726637647,1.4980750532082856,0.25818280964169704,0.8146430222309358,5.49654429001024,16.248888126964626,30.655029915931618,True,True,True,10.416328549017177
49.206362112,20.375704787870806,1.0766015281720125,-2.9954135858137234,-0.2514990291262514,-0.8663458552550529,-0.3771179914474487,-0.4363323152065277,-0.25,23.139359082390314,1.526284683720315,0.26126704441377213,0.8457831386980401,6.596583363739833,16.751302325622476,30.626809346525476,True,True,True,10.444549118423318
49.300112896,20.395588571901282,1.0803029949086989,-2.9815938995805022,-0.24774876439936216,-0.1631767122882645,-0.3771179914474487,-0.4363323152065277,-0.25,23.15854386831057,1.5342611758503635,0.2643494952960426,0.8561984928872751,7.388393059098451,16.839942878014252,30.606820243996054,True,True,True,10.46453822095274
49.399489536,20.42140185209577,1.0845986611541718,-2.9645725013645685,-0.2410318569362245,0.8867882631439579,-0.3771179914474487,-0.4363323152065277,-0.25,23.18494673713648,1.5349537081618874,0.2678417960231548,0.8603356975277874,8.363647338282965,16.765232181766617,30.58088605770608,True,True,True,10.490472407242713
49.500701696,20.441566568402006,1.088354150439824,-2.9504421032719947,-0.2430599779893646,1.6998704881903894,-0.3771179914474487,-0.4363323152065277,-0.25,23.205138723598164,1.5385418257758614,0.2709695227255161,0.8665319473598166,9.17325951182715,16.761762130264295,30.56061448132039,True,True,True,10.510743983628405
49.599662336,20.46882899177618,1.093851037529966,-2.9318374141696872,-0.24887004554481068,2.255941324543883,-0.3771179914474487,-0.4363323152065277,-0.25,23.228285353354078,1.5686147561809152,0.2756174811315526,0.8994550595467868,10.239229676542406,19.117762883241852,30.53319456194468,True,True,True,10.538163903004115
49.701412096,20.48985970397124,1.0987675781081716,-2.9156510285816166,-0.25167505563017606,2.662212817832679,-0.3771179914474487,-0.4363323152065277,-0.25,23.244883714984347,1.5986102520979633,0.2798788173663908,0.9316085522969055,11.166641256310259,19.63890296972098,30.512021365677178,True,True,True,10.559337099271616
49.799666432,20.51780620805005,1.1055903801874025,-2.8979648335321917,-0.25117053982432697,4.250083151597423,-0.3771179914474487,-0.4363323152065277,-0.25,23.277703737556923,1.577782742071686,0.2858308165583092,0.9163785385313424,12.179985588287478,19.06437696793341,30.483876536239805,True,True,True,10.58748192870899
49.9022784,20.540644810631772,1.111387782476964,-2.8837683086024914,-0.24353321363757666,5.2178178263628965,-0.3771179914474487,-0.4363323152065277,-0.25,23.301804238368256,1.576144293589967,0.29091646950168315,0.9186797009453022,12.993386550511534,18.910043255392015,30.460868977148664,True,True,True,10.61048948780013
50.000769792,20.56195929480321,1.117212037151748,-2.8691469155607594,-0.23971012293114172,6.0116175401293575,-0.3771179914474487,-0.4363323152065277,-0.25,23.322761454086383,1.5840861500530325,0.29607627354460986,0.9299227572544706,13.831130662404755,18.953987653518805,30.439383968415836,True,True,True,10.631974496532958
50.100375552,20.58914669205474,1.124941085875702,-2.852860218744589,-0.24505640042204677,7.815585913135734,-0.3771179914474487,-0.4363323152065277,-0.25,23.356725501712027,1.549802866147777,0.30295764682413673,0.9016167474272461,14.764289652180457,18.08317827028811,30.4119697482869,True,True,True,10.659388716661894
50.200097536,20.608106308243553,1.1308339917315924,-2.840061646948869,-0.2427702493853629,8.57503973642171,-0.3771179914474487,-0.4363323152065277,-0.25,23.375878735692286,1.5544326105378208,0.30825916873146963,0.9092984898582448,15.497593799870396,18.057028594692024,30.392836341613766,True,True,True,10.678522123335028
50.299107328,20.63520349617788,1.1395809979102933,-2.820789953933282,-0.25014438135632805,9.456065786251827,-0.3771179914474487,-0.4363323152065277,-0.25,23.401305065034396,1.5739565390835044,0.3161608091692209,0.932696064481877,16.601780473735225,18.28018921872679,30.365480687912367,True,True,True,10.705877777036427
50.400381184,20.655422712287642,1.1462707981381308,-2.806430660449648,-0.24973654071593096,11.095157205587931,-0.3771179914474487,-0.4363323152065277,-0.25,23.42743239043325,1.5411914791198804,0.3222197409333996,0.9046141333708062,17.424507387137186,17.463824712792622,30.3450635511626,True,True,True,10.726294913786194
50.498945792,20.682238927209738,1.1557258956352046,-2.7865098233862957,-0.2500305970184731,12.106305903410405,-0.3771179914474487,-0.4363323152065277,-0.25,23.453343805410764,1.5569462266386025,0.3308378534062284,0.9243715194572669,18.565887275235088,17.594055903068025,30.31796675450999,True,True,True,10.753391710438805
50.598943488,20.704230620592035,1.1642107490048532,-2.7699367874660816,-0.24826964275555677,13.142382653915575,-0.3771179914474487,-0.4363323152065277,-0.25,23.475938148189837,1.5612464923047162,0.3386359520369302,0.9322875580452865,19.51545228718204,17.507544164509827,30.295722272671313,True,True,True,10.775636192277481
50.700598784,20.721524076415243,1.1727054356433733,-2.753669865195746,-0.2472988906931729,14.521717287780756,-0.3771179914474487,-0.4363323152065277,-0.25,23.496246767476826,1.5480905548315917,0.34658972179949993,0.9226080181365063,20.447478278939634,17.060235522402284,30.278173458980355,True,True,True,10.79318500596844
50.799448064,20.747445981654064,1.1835432965786514,-2.735760135924924,-0.25144538693749385,15.594952948943257,-0.3771179914474487,-0.4363323152065277,-0.25,23.522476214773203,1.556648114658949,0.3566176924757079,0.9353156505666593,21.473630178379643,17.013151760679754,30.251927617310102,True,True,True,10.819430847638692
50.902078976,20.7667630558252,1.192358869029157,-2.720746849371251,-0.24427161119731164,16.519106204545466,-0.3771179914474487,-0.4363323152065277,-0.25,23.542208031051086,1.5623658817916024,0.36482937628683315,0.944164998572745,22.333828134525614,16.949196461223572,30.23234619955884,True,True,True,10.839012265389954
51.00057088,20.792170568248128,1.2038825109787785,-2.7033091645132252,-0.2437529014940424,17.31504763088365,-0.3771179914474487,-0.4363323152065277,-0.25,23.566286095173805,1.5837285893709054,0.37581053202047465,0.969157717306485,23.950236331792464,17.15236078172942,30.21064086542894,True,True,True,10.860717599519855
51.101719296,20.812427457550132,1.213377837451124,-2.6885542184270683,-0.2460854238062992,19.08576605931475,-0.3771179914474487,-0.4363323152065277,-0.25,23.592315437371656,1.548374583172349,0.38489326733612855,0.9385053488026898,24.795632469472327,16.227038490978206,30.190195653075044,True,True,True,10.88116281187375
51.199170304,20.837397951580023,1.2257029044869077,-2.6702691279997213,-0.2474193562928886,20.514184832015534,-0.3771179914474487,-0.4363323152065277,-0.25,23.619450758887684,1.5422185871182097,0.3967096093277717,0.9368423997234677,25.843290978974377,15.846278227779491,30.164980441168936,True,True,True,10.906378023779858
51.300740096,20.856344524659175,1.2353769768158112,-2.6568656648043576,-0.249456965362331,21.615595844186902,-0.3771179914474487,-0.4363323152065277,-0.25,23.640192261117427,1.5356964404146,0.40599761600171497,0.9337787806500929,26.611252850927624,15.512829087561299,30.145841652312445,True,True,True,10.92551681263635
51.398651136,20.881306281985765,1.2486761349949806,-2.6370034852767597,-0.24743862959188873,22.459758167705278,-0.3771179914474487,-0.4363323152065277,-0.25,23.663577143031326,1.5632692941335766,0.41878802607749493,0.9647863557490579,27.74927190979013,15.806685822905553,30.12061542890902,True,True,True,10.950743036039775
51.497989632,20.901444380790785,1.2598686322920236,-2.6226828108318934,-0.24825393120352782,23.36449638889096,-0.3771179914474487,-0.4363323152065277,-0.25,23.68417468328174,1.5703715527269122,0.42956999154132913,0.9751425127582537,28.56978611526185,15.722461807191472,30.100254578240108,True,True,True,10.971103886708686
51.602111232,20.921848488765676,1.2714855216143257,-2.6064033496084114,-0.24674738570414848,24.638197818076605,-0.3771179914474487,-0.4363323152065277,-0.25,23.70637725680929,1.5654235081650887,0.4407708693851814,0.9738695718783583,29.50253053611427,15.381504798858243,30.079619169949872,True,True,True,10.991739294998922
51.700627456,20.945059007821627,1.2853604664178104,-2.588765840564656,-0.2459746846191096,26.433167557575874,-0.3771179914474487,-0.4363323152065277,-0.25,23.733350891850318,1.541150164137878,0.454172448203057,0.9545360648348412,30.51308536544527,16.474333710933816,30.056132152826905,True,True,True,11.01522631212189
51.798359808,20.963064735285005,1.2962692692260438,-2.575384487935764,-0.2465463425460213,27.4117558934831,-0.3771179914474487,-0.4363323152065277,-0.25,23.75228352014821,1.5417454802246353,0.4647140040956871,0.9587532295488708,31.27978039525708,16.26244040483839,30.037908986264615,True,True,True,11.03344947868418
51.90032128,20.987482908635865,1.312006467150241,-2.555782786015764,-0.2443669592526861,28.437761695635064,-0.3771179914474487,-0.4363323152065277,-0.25,23.77628172423889,1.562208717522156,0.4799529722504233,0.9834992402335683,32.40287518654652,16.359529393975915,30.01317681212086,True,True,True,11.058181652827933
51.998646784,21.002416344699032,1.3222147798951924,-2.544444025597279,-0.24029968312017538,30.45719230966159,-0.3771179914474487,-0.4363323152065277,-0.25,23.796399243507523,1.505680202156983,0.48985646234693553,0.9319724374507479,33.052538303435746,14.98976189683854,29.99803950570064,True,True,True,11.073318959248155
52.097476096,21.025944941319384,1.3386803383162456,-2.5238306644037194,-0.24830596053812004,31.46466286935395,-0.3771179914474487,-0.4363323152065277,-0.25,23.819359175998287,1.530609787576331,0.5058416744887041,0.9608969850575901,34.233596901405456,15.163349935115908,29.974181960440845,True,True,True,11.09717650450795
52.197701376,21.044015651728035,1.3515019534173376,-2.508814020386319,-0.2557962079725971,32.56171882353072,-0.3771179914474487,-0.4363323152065277,-0.25,23.83819883655426,1.5318913367922435,0.5182943323000735,0.9658238914885314,35.09398722605288,14.92668430558663,29.955855048483105,True,True,True,11.115503416465689
52.297044224,21.06735864449356,1.3686323732752983,-2.489385725711791,-0.24997142880232676,34.509196892080304,-0.3771179914474487,-0.4363323152065277,-0.25,23.863872261556864,1.5083162649003559,0.534948031746887,0.9477015360703099,36.20714651403982,14.092365525023935,29.93216959112006,True,True,True,11.139188873828733
52.397341952,21.087463150000275,1.3837190475786463,-2.4720125173420975,-0.25017021131526945,35.47003845394471,-0.3771179914474487,-0.4363323152065277,-0.25,23.883891978436978,1.525090216803957,0.5496240549916153,0.9680539378802661,37.202558030224594,14.1269354793443,29.911763385570644,True,True,True,11.15959507937815
52.49640576,21.108612833255997,1.3976350632034573,-2.458375149818567,-0.2482330350670972,36.698344373755646,-0.3771179914474487,-0.4363323152065277,-0.25,23.906059352223323,1.5171882878257437,0.5631084726709719,0.964621516611884,37.98392163299164,13.67999316230041,29.89033594819386,True,True,True,11.181022516754933
52.597805056,21.130579523824096,1.4156386368894094,-2.4403896824125257,-0.24393998384247462,38.581005773314416,-0.3771179914474487,-0.4363323152065277,-0.25,23.929494705353328,1.493573267222726,0.5806630463959266,0.9460240083399375,39.01441300792796,12.827823137677951,29.868008809968927,True,True,True,11.203349654979867
52.69480576,21.145674460653527,1.4284432202210127,-2.4275601308986055,-0.246691725043876,39.745034929516734,-0.3771179914474487,-0.4363323152065277,-0.25,23.945094663474073,1.4854215322369222,0.5931589996882836,0.9410672543715043,39.749492162721246,12.398873136268946,29.852657405359064,True,True,True,11.21870105958973
52.795113472,21.166277362490565,1.4464422221953877,-2.4111053089202277,-0.24172570868959187,41.10218039819916,-0.3771179914474487,-0.4363323152065277,-0.25,23.96603641573413,1.4831742760543147,0.6107366488477486,0.9429424355003073,40.69228401472137,11.984519519586659,29.8316938682957,True,True,True,11.239664596653093
52.89466624,21.18440837897947,1.4628251439341133,-2.394901800391409,-0.24618035613306735,42.91314927396718,-0.3771179914474487,-0.4362058306835405,-0.25,23.984401069945616,1.4564274462108633,0.6267486589805035,0.920285355841268,41.620676666726936,11.1019432958242,29.813234469195876,True,True,True,11.258123995752918
52.99497216,21.19911820717947,1.4754966097831566,-2.383346502811813,-0.25471013002817267,44.12154393021405,-0.3771179914474487,-0.3846059416883793,-0.25,23.998922610049213,1.442401207214264,0.6391193289203827,0.9093565597219122,42.28274644905553,10.555618421905903,29.79827079258631,True,True,True,11.273087672362482
53.093407232,21.223561517111207,1.4968659811302478,-2.3647485207711596,-0.2408018163680622,44.99731726726218,-0.3771179914474487,-0.3930352018302105,-0.25,24.023460196097723,1.473046085883739,0.6599888035812452,0.9441942381485848,43.3483323274451,10.745430963247308,29.773399313748726,True,True,True,11.297959151200068
53.193662208,21.23843188159919,1.5114290968286082,-2.350838830287208,-0.23843107037866296,45.71156445600405,-0.3771179914474487,-0.4363323152065277,-0.25,24.038362031986765,1.4916515097509633,0.6743222254604965,0.9653460802758237,47.844725384088164,10.828150333569198,29.768276658883977,True,True,True,11.303081806064817
53.29474304,21.25577566095225,1.528906576950756,-2.333019514872077,-0.2478593537427595,46.99541707874453,-0.3771179914474487,-0.4363323152065277,-0.25,24.055585598667836,1.4962827716999176,0.6919258429921162,0.9732437209737692,48.865696951187516,10.565269277928063,29.768276658883977,True,True,True,11.303081806064817
53.393808896,21.275704465628685,1.5499844377511076,-2.31517649768813,-0.25348664670949683,48.39452435633741,-0.3771179914474487,-0.4363323152065277,-0.25,24.075239333206685,1.4989498885218249,0.7136582655010808,0.9796882316004359,49.88802652960712,10.188491578754787,29.76623291101622,True,True,True,11.305125553932573
53.496328704,21.2888501765225,1.5659865949596712,-2.300342208405587,-0.25436262263059267,50.18251287797116,-0.3771179914474487,-0.37000168495457364,-0.25,24.08717435541833,1.4691269552381248,0.7302268152711728,0.9527615033090271,50.737968697572995,9.250445225086876,29.75380866420817,True,True,True,11.317549800740625
53.59347328,21.30423115636095,1.5848339993808684,-2.2824411412869265,-0.24520172656044367,50.9087365117534,-0.3771179914474487,-0.16463985568227946,-0.25,24.103023314947396,1.50259986391993,0.7497367985587008,0.9886805195563929,51.763624292252686,9.549877185984297,29.739277327506844,True,True,True,11.33208113744195
53.6942656,21.319566875065316,1.6018264377074263,-2.2690768520403584,-0.2442627509766166,51.1785672411945,-0.3771179914474487,-0.16261080937735986,-0.25,24.118965926032114,1.543818218926096,0.7673916310021712,1.0322148503234618,52.52934166227306,10.04576382656367,29.724709070237896,True,True,True,11.346649394710898
53.793154304,21.338379349675595,1.6236425640097354,-2.2498067405721804,-0.24696951061204786,51.19090916236666,-0.3771179914474487,-0.4363323152065277,-0.25,24.138375473226958,1.6189833690858204,0.7900193698674108,1.1097210263342514,53.63343772014628,11.137517963264722,29.70688105852466,True,True,True,11.364477406424133
53.897056,21.354376955192038,1.6434468477700594,-2.2331256970716207,-0.25014956913815267,51.08856214129067,-0.3771179914474487,-0.4363323152065277,-0.25,24.153981671502844,1.6904939774410608,0.8105125979506217,1.182901787890396,54.589191110602485,12.19561837479695,29.69177607126056,True,True,True,11.379582393688235
53.997960448,21.36886905573961,1.6607871353454295,-2.219263891653832,-0.24571074121280867,50.695491417793924,-0.3771179914474487,-0.4363323152065277,-0.25,24.16689785647671,1.7658339356093802,0.8284775833197399,1.2593145365230614,55.383414057473416,13.382912045164483,29.67806600735973,True,True,True,11.393292457589062
54.09646976,21.384856743666205,1.6820918051212994,-2.201105628385918,-0.2444216515808632,49.94845475512592,-0.3771179914474487,-0.4363323152065277,-0.25,24.178247540364566,1.8743620756284567,0.8504692866529804,1.367974551536531,56.423805906012305,15.170340556371473,29.663037364573377,True,True,True,11.408321100375417
54.193487104,21.3987247184571,1.7004649164377532,-2.186242108254804,-0.24966716342338516,49.038049812426365,-0.3771179914474487,-0.4363323152065277,-0.25,24.18488271977212,1.9785361154287657,0.8694384466527769,1.4714455044392418,57.27542287823284,16.932362471291583,29.64999654737698,True,True,True,11.421361917571815
54.293229824,21.41565717843229,1.7239153713082327,-2.1674117295057553,-0.24936741843201365,48.05951754747644,-0.3771179914474487,-0.4363323152065277,-0.25,24.19003594970165,2.101833925404123,0.8936156646442356,1.5933852058731255,58.3543241071862,18.989795965194755,29.634119073880314,True,True,True,11.43723939106848
54.393481216,21.429520535269738,1.7440404501775029,-2.1509936848594085,-0.2493100571511076,45.99173303414559,-0.3771179914474487,-0.4363323152065277,-0.25,24.180241109681706,2.267047449659044,0.9143348693398027,1.7535258301994119,59.295008773279235,21.998265144618742,29.621160446673702,True,True,True,11.450198018275092
54.493475328,21.445287292838152,1.7629158313236923,-2.13792902523399,-0.24715090793946462,31.350535015584413,-0.3771179914474487,-0.4363323152065277,-0.25,23.958577537378684,2.9971654603280493,0.9338898840271449,2.427574077363319,60.04355863059062,37.38801302049134,29.606244949423765,True,True,True,11.46511351552503
54.599644928,21.461029977650455,1.7872022506182972,-2.118908753887869,-0.2438991948320016,16.952275213390127,-0.3771179914474487,-0.4363323152065277,-0.25,23.553462517408093,3.6477736861088546,0.9588495636413714,3.003854319309022,61.13333990391701,50.998810273768115,29.591593100366122,True,True,True,11.479765364582672
54.700260864,21.474403910339184,1.8060974046499148,-2.1050308538974787,-0.2448832652323805,-0.9191181206856879,-0.3771179914474487,-0.4363323152065277,-0.25,22.861274941019733,4.238501307018737,0.978318378296126,3.5042701734090795,61.92848500187104,65.9103228602621,29.5790689565878,True,True,True,11.492289508360994
54.800656896,21.488733519473932,1.830628346185733,-2.0863944538753953,-0.24629901136823368,-21.24777280561039,-0.3771179914474487,-0.4363323152065277,-0.25,21.89263221529413,4.601344109939702,1.0034597697764167,3.7893819489137726,62.99627206845395,85.5851827575458,29.565839624593206,True,True,True,11.505518840355588
54.900436224,21.5001188658748,1.8493057551756056,-2.071945695558979,-0.24881429425934226,-23.80849227958623,-0.3771179914474487,-0.4363323152065277,-0.25,21.73954194629657,4.639050651857263,1.022622998991411,3.820233218825576,63.82412493918912,87.63261721877538,29.55529247496422,True,True,True,11.516065989984575
54.997910272,21.51432439519027,1.8741852578588614,-2.05337199001557,-0.24615529700378044,-23.849323990839437,-0.3771179914474487,-0.4363323152065277,-0.25,21.699902278319037,4.668028640959182,1.0481071155263475,3.8474275536745557,64.88831987674517,88.73764386758462,29.54220253526487,True,True,True,11.529155929683924
55.101239296,21.52505839129914,1.8936593595957467,-2.0395180510550555,-0.24741535305097595,-22.476201893778914,-0.3771179914474487,-0.4363323152065277,-0.25,21.738876428471677,4.685483467053035,1.0680374144876348,3.866591022585881,65.68209210881447,88.15829400259344,29.532341374367817,True,True,True,11.539017090580977
55.199371264,21.537826199153656,1.9184501829605611,-2.0204104623932335,-0.24805855749584013,-20.219417055171025,-0.3771179914474487,-0.4363323152065277,-0.25,21.808216635207437,4.70536406969812,1.0933692768343268,3.889522488106174,66.77687629580898,86.99629335097991,29.52068381928266,True,True,True,11.550674645666135
55.299395328,21.547076753117654,1.9378664186558996,-2.0062915093986358,-0.24849282253277666,-16.050821277729547,-0.3771179914474487,-0.4363323152065277,-0.25,21.980324480594625,4.704144858480069,1.1131760801644626,3.897206965111395,67.58583271354297,84.97779187475406,29.51230208324177,True,True,True,11.559056381707023
55.399727616,21.5556657308747,1.9593541565482913,-1.9890785890395057,-0.24445207672440294,-12.37889286289339,-0.3771179914474487,-0.4363323152065277,-0.25,22.118057521933775,4.702293359911969,1.1350230595242656,3.9046773111284074,68.57206040321593,82.29209114959077,29.504672999974726,True,True,True,11.566685464974068
55.498981376,21.56684131581921,1.9848771341599003,-1.9706948854522315,-0.24414175954912587,-10.16854955125219,-0.3771179914474487,-0.4363323152065277,-0.24932574224697493,22.184505766360328,4.715900866487714,1.1610158548779486,3.922748850505516,69.62536903058633,81.13505646531996,29.494638525662825,True,True,True,11.576719939285969
55.601648896,21.574183754058335,2.0044493623199338,-1.9560648107280654,-0.2478625564016651,-9.106780504397069,-0.362991224431938,-0.4363323152065277,0.0,22.202497995544533,4.73304262881196,1.1808940069141782,3.941068512776902,70.46361056624201,80.91152895412054,29.488169941113767,True,True,False,11.583188523835027
55.70042496,21.582484823481106,2.026481182049318,-1.9385754679061806,-0.1629870837281978,-8.152673573067583,-0.304188458315659,-0.4363323152065277,0.0,22.208514915822793,4.755599413911517,1.2032717859718702,3.9639806663133004,71.46567609639338,80.95948755294252,29.480852575563596,True,True,False,11.590505889385199
55.80104064,21.58519934692967,2.036053070220703,-1.9282083942260722,-0.05309446543250144,-7.0723404119294235,-0.2018840596053993,-0.4363323152065277,0.0,22.234372174218844,4.759759119027985,1.2129544840198379,3.9698800786455744,72.05966566416483,80.47314395957565,29.478564554752896,True,True,False,11.592793910195898
55.899069952,21.58509114244663,2.037555383476561,-1.9237396414769103,0.03809307608777866,-5.140391122337382,-0.08013997018173658,-0.4363323152065277,0.0,22.313643661213643,4.7411106774178995,1.2144505325075372,3.956637052821079,72.31570633637928,78.79723534219814,29.478739175059076,True,True,False,11.592619289889718
56.001553152,21.583960918202628,2.0347182934008057,-1.9259698292399166,0.0,-4.189818989014963,-0.01089939684705593,-0.4363323152065277,0.0,22.363264478875617,4.724083638667677,1.2115661791539556,3.943005855665704,72.18792599003731,77.71888286253372,29.47974266530385,True,True,False,11.591615799644945
56.100858624,21.58296789176531,2.033053772954648,-1.926800110076102,0.0,-3.1219735630694117,0.020088145364290676,-0.4363323152065277,0.0,22.414476231634836,4.70673922205434,1.2098593204182742,3.929165634047346,72.1403544023132,76.60346584886415,29.48066101331921,True,True,False,11.590697451629584
56.199807744,21.582909830352634,2.032897630155697,-1.92680019360699,0.0,-1.8934082204489011,0.0236520003527402,-0.4363323152065277,0.0,22.47155337801415,4.68814011347046,1.209700759827381,3.914619064847708,72.14034961634593,77.09647757450016,29.480712103830285,True,True,False,11.590646361118509
56.299788032,21.5830826069759,2.0326269577488287,-1.9267770592538243,0.0,-1.5691911148357307,0.0236520003527402,-0.4363323152065277,0.0,22.486675640658405,4.682819333686932,1.2094380033969785,3.9104989429528594,72.14167511714408,76.77358596968523,29.4805275113828,True,True,False,11.590830953565995
56.400779776,21.58324983043382,2.0324078266538077,-1.9267700336555778,0.0,-1.3928411886778223,0.0236520003527402,-0.4363323152065277,0.0,22.494976963871444,4.679812902223773,1.2092264918329638,3.908178010294283,72.1420776542722,76.59763858065538,29.480350748886853,True,True,False,11.591007716061942
56.5046336,21.582966999544162,2.0317602458235178,-1.9268687262663522,0.0,-1.3767732099117964,0.0236520003527402,-0.4363323152065277,0.0,22.495697782735895,4.678819466433099,1.2085670225050722,3.907247480004615,72.13642298420564,76.5759159318228,29.48060462769549,True,True,False,11.590753837253303
56.599346688,21.582799177071948,2.0313544723192125,-1.926918332494214,0.0,-1.6231623998887728,0.0236520003527402,-0.4363323152065277,0.0,22.484269903315603,4.682269508627569,1.2081542158683516,3.9097584444986015,72.13358075671161,76.81946289430579,29.48075431804139,True,True,False,11.590604146907403
56.700526848,21.582473999202918,2.030858605078038,-1.9268997649106367,0.0,-1.4880293374017588,0.0236520003527402,-0.4363323152065277,0.0,22.490145258591642,4.679656990172624,1.2076444362141532,3.907627148521756,72.13464460088635,76.68539367599351,29.481057220123823,True,True,False,11.590301244824971
56.800860928,21.58223903222197,2.030485070724703,-1.9268919655465377,0.0,-1.4971999093472343,0.0236520003527402,-0.4363323152065277,0.0,22.489465662021065,4.679435776604935,1.2072608639699207,3.9073515133065806,72.13509147153209,76.69501111858477,29.481275416660715,True,True,False,11.59008304828808
56.90035584,21.582196748324083,2.030416660093452,-1.9269015722819378,0.0,-1.653262775397099,0.0236520003527402,-0.4363323152065277,0.0,22.482230252314896,4.6818200039274345,1.2071906481200605,3.9091483397354136,72.13454104613876,76.85052355924127,29.48131462988447,True,True,False,11.590043835064325
57.000530432,21.58187770698033,2.0298983765169396,-1.9269657293202433,0.0,-1.7902919425508739,0.0236520003527402,-0.4363323152065277,0.0,22.475737761854454,4.683389322855446,1.2066587458404379,3.910204215260416,72.13086511861788,76.98387679887406,29.481610408872292,True,True,False,11.589748056076502
57.100327936,21.581877706980343,2.0298983765169742,-1.9269657293202433,0.0,-1.5881539346921487,0.0236520003527402,-0.4363323152065277,0.0,22.48509362616735,4.680219301108403,1.206658745840473,3.907780523798182,72.13086511861788,76.78173879101536,29.48161040887228,True,True,False,11.589748056076512
57.202152704,21.58170060437096,2.029751895768822,-1.9268049183251414,0.0,-1.439500068511729,0.0236520003527402,-0.4363323152065277,0.0,22.49136389772252,4.6778668277022515,1.2065045667172767,3.9059421383436255,72.14007890993649,76.64229871615353,29.481780851653884,True,True,False,11.58957761329491
57.301277952,21.58158187656228,2.0296471888986254,-1.9267254032422394,0.0,-1.5348564668667497,0.0236520003527402,-0.4363323152065277,0.0,22.486626011143947,4.6793443630034925,1.2063947053167254,3.90703121307615,72.1446347885944,76.74221099316657,29.481894826624334,True,True,False,11.58946363832446
57.400480768,21.581821327419963,2.0297843700586427,-1.9267226906454509,0.0,-1.577734640035733,0.0236520003527402,-0.4363323152065277,0.0,22.484875077934802,4.680160555372924,1.2065423547336602,3.907704500884455,72.14479020894193,76.78524458668296,29.48166168496442,True,True,False,11.589696779984376
57.499406336,21.58204004993773,2.029891328481452,-1.9267237337067777,0.0,-1.6101314874933563,0.0236520003527402,-0.4363323152065277,0.0,22.483597814616104,4.680776764887208,1.206658893212342,3.908216928203756,72.14473044593007,76.81758167112888,29.481447913060336,True,True,False,11.589910551888458
57.600263936,21.581877615852083,2.029428181360435,-1.9267825500948836,0.0,-1.6498996205778196,0.0236520003527402,-0.4363323152065277,0.0,22.481751174785146,4.680885814047246,1.2061890078284945,3.908179170087205,72.14136051512546,76.85397987340865,29.48158967981925,True,True,False,11.589768785129543
57.700217344,21.580882571378243,2.0264677415043213,-1.9271144535665627,0.0,-1.7149951262499308,0.0236520003527402,-0.4363323152065277,0.0,22.478623464571136,4.678648219656068,1.203187411396448,3.9057023577374763,72.12234384699242,76.90005871094779,29.48245266099269,True,True,False,11.588905803956106
57.806783488,21.58053676145742,2.0254663214344286,-1.9288242866894532,0.0,-1.6214422866106337,0.0236520003527402,-0.4363323152065277,0.0,22.48713790259063,4.674631165474143,1.2021716611922626,3.902374485255235,72.02437762537916,76.70853964969523,29.482753789172076,True,True,False,11.588604675776718
57.90019072,21.5789774870886,2.0211406976085344,-1.9349543665560414,0.0,-1.5757091404525492,0.0236520003527402,-0.4363323152065277,0.0,22.50391086210048,4.663960829927254,1.197781235878325,3.8931300232153454,71.67314992094552,76.31157879910349,29.48411999691731,True,True,False,11.587238468031483
58.000635136,21.5789774870886,2.0211406976085344,-1.9349543665560414,0.0,-1.5956579188189703,0.0236520003527402,-0.4363323152065277,0.0,22.502990650444836,4.664282705512083,1.197781235878325,3.8933725589255137,71.67314992094552,76.3315275774699,29.48411999691731,True,True,False,11.587238468031483
58.100936192,21.57811644575188,2.018698767062124,-1.9369836039364796,0.0,-1.5220733089393734,0.0236520003527402,-0.4363323152065277,0.0,22.510882653739465,4.658764524053124,1.1953035738047788,3.888552704320521,71.55688318341628,76.14167623006102,29.484872065814645,True,True,False,11.586486399134149
58.19931904,21.577480794371148,2.016863399751112,-1.9381578737280154,0.0,-1.4658467069646328,0.0236520003527402,-0.4363323152065277,0.0,22.515935780664517,4.654912345222199,1.1934418602290957,3.885158293803016,71.48960248035158,76.01816892502157,29.485425824251404,True,True,False,11.58593264069739
58.300484352,21.577145167444645,2.015120811107493,-1.939531490301184,0.0,-1.4852308869547213,0.0236520003527402,-0.4363323152065277,0.0,22.518330819244426,4.65219676163418,1.1916861193084285,3.8826658060339736,71.41090004803979,75.95885067269988,29.48568396071562,True,True,False,11.585674504233175
58.39979648,21.576919952585783,2.0137296517499443,-1.9402917894501093,0.0,-1.6012256375591616,0.0236520003527402,-0.4363323152065277,0.0,22.51477108506609,4.651993333284715,1.190286351994029,3.8821479051084364,71.36733811563896,76.03128349090352,29.48584735458419,True,True,False,11.585511110364603
58.499715584,21.57685964837484,2.013439126258459,-1.940434755468463,0.0,-1.6437841147816084,0.0236520003527402,-0.4363323152065277,0.0,22.51312813014684,4.652264874586748,1.1899934412062634,3.8822739786657,71.35914676617351,76.06565061866048,29.485894735270875,True,True,False,11.585463729677919
58.600649472,21.57641070377613,2.011087651573675,-1.9414200213727817,0.0,-1.6138501627810422,0.0236520003527402,-0.4363323152065277,0.0,22.51665670892884,4.64849877799943,1.187624393785297,3.878833707338337,71.30269518815788,75.97926508864433,29.486239116982215,True,True,False,11.585119347966579
58.700475648,21.576343059625263,2.010717972270525,-1.9415344752328034,0.0,-1.5033808674319245,0.0236520003527402,-0.4363323152065277,0.0,22.521974029881758,4.646203139766589,1.1872520818117887,3.8770225271549528,71.29613746502967,75.86223807016701,29.486290325504022,True,True,False,11.585068139444772
58.801242112,21.57600703712674,2.0086706276142805,-1.9420739618229987,0.0,-1.470642503775001,0.0236520003527402,-0.4363323152065277,0.0,22.524565127975706,4.643103687740304,1.1851918662753496,3.8741701602630445,71.26522716030756,75.79858940178798,29.486535362653008,True,True,False,11.584823102295786
58.899872768,21.57600703712674,2.0086706276142805,-1.9420739618229987,0.0,-1.4172634861794706,0.0236520003527402,-0.4363323152065277,0.0,22.52701905815389,4.642218830298608,1.1851918662753496,3.8735126558225517,71.26522716030756,75.74521038419245,29.486535362653008,True,True,False,11.584823102295786
59.0014656,21.576016362344063,2.0079587667696104,-1.9423181898759712,0.0,-1.428099540980047,0.0236520003527402,-0.4363323152065277,0.0,22.5271734989101,4.641454561632306,1.184481116560045,3.872765724707529,71.25123392363355,75.74205320231903,29.48649452561042,True,True,False,11.584863939338373
59.102112256,21.576049645374795,2.0074347881059893,-1.9424514404760347,0.0,-1.5289193695222414,0.0236520003527402,-0.4363323152065277,0.0,22.522922441587895,4.642474049254025,1.1839591255903932,3.8733942519316127,71.24359922663234,75.83523833385993,29.486438073616064,True,True,False,11.58492039133273
59.199727616,21.575996520397776,2.007119894149364,-1.9424913194355322,0.0,-1.4398345113687034,0.02351120729208522,-0.4363323152065277,0.0,22.527070215985702,4.64064582444903,1.1836421881329082,3.8719509289794707,71.24131433056172,75.74386857963589,29.486477203082522,True,True,False,11.584881261866272
59.309408512,21.57566525766488,2.0049045597434456,-1.942730242822079,0.0,-1.4456961719594048,0.0236520003527402,-0.4363323152065277,0.0,22.527098731710222,4.638300531576397,1.1814143583764372,3.8696180966508362,71.2276250288857,75.73604093855043,29.486710046601722,True,True,False,11.584648418347072
59.40002688,21.57566525766488,2.0049045597434456,-1.942730242822079,0.0,-1.4811902125362149,0.0236520003527402,-0.4363323152065277,0.0,22.525467192381928,4.63888942773486,1.1814143583764372,3.8700554579163096,71.2276250288857,75.77153497912722,29.486710046601722,True,True,False,11.584648418347072
59.50541696,21.575619224861402,2.0042484094763386,-1.9427877462208616,0.0,-1.5313563946353186,0.0236520003527402,-0.4363323152065277,0.0,22.52326607999081,4.639009392556842,1.1807568133607607,3.8699749128727725,71.22433032682771,75.81840645916841,29.48672698012999,True,True,False,11.584631484818804
59.599926528,21.57560818453753,2.003739292140556,-1.9428212657463622,0.0,-1.5451725155401144,0.0236520003527402,-0.4363323152065277,0.0,22.52270799735342,4.63869696629096,1.180247706518531,3.8696132526553533,71.22240979948528,75.83030205273079,29.4867154660716,True,True,False,11.584642998877193
59.70619776,21.575595697949783,2.0036434864639903,-1.9428270555151215,0.0,-1.5751472882154316,0.0236520003527402,-0.4363323152065277,0.0,22.521332139426438,4.639090807748002,1.180151441908543,3.869881288608416,71.22207807017105,75.85994509609186,29.486723698167307,True,True,False,11.584634766781488
59.8106176,21.575464614594704,2.0024546181233958,-1.942891522218627,0.0,-1.6290391340703192,0.0236520003527402,-0.4363323152065277,0.0,22.51889171620621,4.638729509697662,1.178957935311819,3.8693023491123957,71.21838440014102,75.91014327191675,29.486802010240595,True,True,False,11.5845564547082
59.912090368,21.575464614594704,2.0024546181233958,-1.942891522218627,0.0,-1.6901840093809688,0.0236520003527402,-0.4363323152065277,0.0,22.516077801275426,4.639734814280478,1.178957935311819,3.8700529388280143,71.21838440014102,75.97128814722743,29.486802010240595,True,True,False,11.5845564547082
60.002165504,21.575214149467612,2.0015963455807024,-1.942853533132607,0.0,-1.6846885504801847,0.0236520003527402,-0.4363323152065277,0.0,22.515980098407702,4.638822052514952,1.1780894140691258,3.869135108169478,71.22056101443748,75.9679693026231,29.487014225669867,True,True,False,11.584344239278927
60.1014464,21.57503995540804,2.0009632402980992,-1.9428360314062842,0.0,-1.6307046691315203,0.0236520003527402,-0.4363323152065277,0.0,22.51824413055058,4.637317898532396,1.1774492164951929,3.8678384939173682,71.22156378949005,75.91498819632693,29.4871602151749,True,True,False,11.584198249773895
60.200644096,21.575024871755858,2.0008566802421908,-1.9428429141103456,0.0,-1.6493770365502811,0.0236520003527402,-0.4363323152065277,0.0,22.51738797123628,4.63751209738294,1.1773420930568514,3.86795552696419,71.22116943959567,75.93326621385128,29.487170565587277,True,True,False,11.584187899361517
60.303245568,21.574911027955345,1.9999116835068496,-1.9428962942486654,0.0,-1.7158953846055347,0.0236520003527402,-0.4363323152065277,0.0,22.514353232533797,4.637609229522461,1.176392982231731,3.867783024464442,71.2181109829601,75.99672610527105,29.487242453572083,True,True,False,11.584116011376711
60.400519936,21.574911027955345,1.9999116835068496,-1.9428962942486654,0.0,-1.6972474214122946,0.0236520003527402,-0.4363323152065277,0.0,22.51521166984653,4.637303331112307,1.176392982231731,3.8675542505866964,71.2181109829601,75.9780781420778,29.487242453572083,True,True,False,11.584116011376711
60.647364608,21.575348768941257,2.0001273594377285,-1.9428177338655168,0.0,-1.5252606972542027,0.02358672007102988,-0.4363323152065277,-0.030960066698020434,22.52335493772643,4.634759080180736,1.1766278296535864,3.865750153277127,71.22261216135142,75.81059259631107,29.48681469199555,True,True,False,11.584543772953243
60.70008576,21.575410195154753,1.9997925857652616,-1.9429175336595303,0.0,-1.5598122144518585,0.0229950007051229,-0.4363323152065277,-0.25,22.52209039730858,4.634901045553964,1.176296104269069,3.86577703900196,71.2168940543582,75.8394260065155,29.4867385023588,True,True,False,11.584619962589993
60.799678976,21.575505039922348,1.9994450533047397,-1.9429865668743103,0.0,-1.553123031605786,0.015650023023609256,-0.4363323152065277,-0.25,22.522674780085,4.634377591970618,1.1759531123735902,3.8653085955389823,71.21293874250509,75.82878151181623,29.486628361990668,True,True,False,11.584730102958126
60.899341568,21.577127823927462,2.003443827426256,-1.9430028352578925,0.0,-1.4792473478113919,-0.022518198436061024,-0.4363323152065277,-0.25,22.527737035179715,4.6371374556758225,1.1800198207523627,3.868518438812267,71.21200663278631,75.75397371830311,29.485184234100146,True,True,False,11.586174230848648
61.00571648,21.582289199782682,2.0155122759520276,-1.9441940662795696,-0.1466724212705275,-1.6077738081580017,-0.07907060545077814,-0.4363323152065277,-0.25,22.530127295453056,4.650204467536456,1.1923049763090676,3.8817498514716435,71.14375412281916,75.81424766868261,29.480562307717605,True,True,False,11.590796157231189
61.099636224,21.59306030115205,2.0430159477617673,-1.942903599297849,-0.2966878518236065,-1.6498753187740718,-0.12135030226510465,-0.4363323152065277,-0.25,22.535560475177302,4.6796223692745365,1.2202586127402797,3.911543990833318,71.21769243447281,75.9302874909522,29.47101962476161,True,True,False,11.600338840187185
61.202000384,21.60271148157686,2.0672711810344078,-1.93990924721262,-0.307106268090843,-1.5428699067484848,-0.16673050018691424,-0.4363323152065277,-0.24941063163039415,22.542240247609158,4.704937895727117,1.2449174070447022,3.937372362960597,71.38925617133256,75.99484581578643,29.462451924477715,True,True,False,11.608906540471079
61.300537856,21.61360466057762,2.09514115571248,-1.9336160050332432,-0.25623765538493215,-1.4537200016476104,-0.21255392231266562,-0.4363323152065277,0.0,22.540627557805564,4.737229070225378,1.273242392623498,3.9693723522412276,71.74983238766454,76.26627212701761,29.452803503401704,True,True,False,11.61855496154709
61.400209408,21.621637958687337,2.1164220412616945,-1.9262773384687344,-0.22555033649517361,-1.4280884521117447,-0.2292930036783218,-0.4363323152065277,0.0,22.530431536694326,4.764835572523996,1.2948581172083433,3.9959351393108977,72.17030700906469,76.66111519888183,29.445720395400944,True,True,False,11.62563806954785
61.500808704,21.624779458378125,2.1248665221273795,-1.923511130800431,-0.08142388110836288,-1.420534524787375,-0.2024343286103576,-0.4363323152065277,0.0,22.526592998406976,4.775664956377074,1.3034334201132816,4.006380266780785,72.32879903371519,76.81205329620796,29.442955895900727,True,True,False,11.628402569048067
61.600051712,21.624842955813623,2.1245575257610168,-1.9234231663130295,0.0,-1.3375224800664263,-0.12653361335871133,-0.4363323152065277,0.0,22.530263049111504,4.774126255696599,1.3031275384648646,4.005173558730461,72.33383902759039,76.73408124536212,29.442878778484395,True,True,False,11.628479686464399
61.69969024,21.62395030473847,2.1216986789959487,-1.9253353841038252,0.028114830113560075,-0.931125646822811,-0.042732451295750394,-0.4363323152065277,0.0,22.55319320899211,4.763006617289828,1.3002319694258178,3.9962164708493564,72.22427701866795,76.21812240319612,29.443643965199012,True,True,False,11.627714499749782
61.799365376,21.623780464025973,2.1210609081485208,-1.9255109906017824,0.0,-0.32415072670330136,0.007622589582949062,-0.4363323152065277,0.0,22.58141401636752,4.752208562581793,1.2995873036279912,3.9882126939385016,72.21421550747988,75.60108597188862,29.443785399037125,True,True,False,11.627573065911669
61.903662336,21.62379166309191,2.1198940268562807,-1.9249910701829733,0.0,0.6076727737477431,0.0236520003527402,-0.4363323152065277,0.0,22.622728216887577,4.735639764020127,1.298422062734477,3.9757549699793473,72.24400475316038,74.69905171711795,29.443722541823213,True,True,False,11.627635923125581
62.000650752,21.623758019695863,2.119691992689985,-1.9248856580603104,0.0,0.9501326014015996,0.0236520003527402,-0.4363323152065277,0.0,22.638035981344544,4.729527278012373,1.298218737009697,3.9711655950493077,72.25004442289847,74.36263155920227,29.443747206212347,True,True,False,11.627611258736447
62.100731904,21.623880326245946,2.119371593988853,-1.9249192518580218,0.0,1.1678021530234424,0.0236520003527402,-0.4363323152065277,0.0,22.648153383920707,4.725300354204986,1.2979040682590985,3.967946237783358,72.24811964007178,74.14303722475371,29.44361083247119,True,True,False,11.627747632477604
62.199540736,21.62391491193346,2.1194651426910056,-1.9249192518609777,0.0,1.1795257655368847,0.0236520003527402,-0.4363323152065277,0.0,22.648721161947684,4.725184266067849,1.2979990566494783,3.9678861150342035,72.24811963990241,74.13131361207093,29.443580423012985,True,True,False,11.627778041935809
62.301552384,21.624017148516806,2.119314169002413,-1.9248976429842184,0.0,0.9301788898430557,0.0236520003527402,-0.4363323152065277,0.0,22.637417435587643,4.7294903810932265,1.2978527580432009,3.9710685084508013,72.24935773734073,74.381898585203,29.44347160163906,True,True,False,11.627886863309733
62.39911296,21.624109660019418,2.1191880659750146,-1.9248882994425602,0.0,0.9476989523911651,0.0236520003527402,-0.4363323152065277,0.0,22.638283661191455,4.7290637517782095,1.297730875080843,3.970728453354145,72.24989308284341,74.36491386815761,29.44337359707222,True,True,False,11.627984867876574
62.500769024,21.62415565304462,2.1191675239718246,-1.924811223621348,0.0,0.9251324486675448,0.0236520003527402,-0.4363323152065277,0.0,22.637100458397207,4.729520531001566,1.2977123897823069,3.9710675796423356,72.25430920210145,74.39189649113929,29.443326739564814,True,True,False,11.62803172538398
62.601588992,21.624203178852937,2.1191469371078795,-1.9247719888719481,0.0,0.7300736144510623,0.0236520003527402,-0.4363323152065277,0.0,22.628152844209858,4.7329726905638605,1.297693927538165,3.9736300343786795,72.2565571876523,74.58920331090663,29.443278348791267,True,True,False,11.628080116157527
62.699149056,21.624216027530817,2.119065605765682,-1.924783575955136,0.0,0.7468878179747498,0.0236520003527402,-0.4363323152065277,0.0,22.628962994482958,4.732584982468382,1.29761324490324,3.9733232421406366,72.25589329668875,74.57172521641937,29.443261911389754,True,True,False,11.62809655355904
62.802617088,21.624325477118177,2.118498726990339,-1.9248561035211722,0.0,0.8034459229327723,0.0236520003527402,-0.4363323152065277,0.0,22.63184130236153,4.730951953726505,1.2970517685303067,3.9719789118759614,72.25173777325651,74.51101158802913,29.443127467941622,True,True,False,11.628230997007172
62.907099136,21.624447308878594,2.1187739499783143,-1.9249374582546397,0.0,0.8741207657115015,0.033295638323955365,-0.4363323152065277,0.0,22.6353972814345,4.729900173083818,1.2973321162439702,3.97127919110978,72.24707649038542,74.43567546237934,29.443017942463307,True,True,False,11.628340522485487
62.99959552,21.624923240241035,2.119864426062533,-1.9252029500416634,0.0,0.9088216936885952,0.07346423609308154,-0.4363323152065277,0.0,22.63814747818926,4.730108982351126,1.2984425968500457,3.9717554038879364,72.23186493149356,74.3857629755103,29.442590763840787,True,True,False,11.628767701108007
63.100135168,21.625154394618505,2.1205123763208347,-1.9247773295291635,0.0,0.8769313934174293,0.16900761461957634,-0.4363323152065277,0.0,22.635814332657738,4.731750873594214,1.2991001470240886,3.9731617584423837,72.256251190534,74.44203953482192,29.44238852721682,True,True,False,11.628969937731974
63.200185344,21.62647392578454,2.124032642416566,-1.9228077368416745,0.0,0.8494159549330903,0.28563579521108273,-0.4363323152065277,0.0,22.630733753047068,4.737739244035547,1.3026753887710298,3.9786257131672214,72.36910053888695,74.5824043216592,29.441226166543956,True,True,False,11.630132298404838
63.301810944,21.62647392578454,2.124032642416566,-1.9228077368416745,0.0,0.8787351162777661,0.3714005755203695,-0.4363323152065277,0.0,22.63207109672878,4.737225006133586,1.3026753887710298,3.978244445575504,72.36910053888695,74.55308516031457,29.441226166543956,True,True,False,11.630132298404838
63.40158976,21.626532945126026,2.1241955706406404,-1.92194108742397,0.0,0.9050308195548199,0.4102258063626721,-0.4363323152065277,0.0,22.63106462663734,4.737797701960565,1.3028407705485072,3.978716183023518,72.41875589283886,74.57644481098946,29.4411744195001,True,True,False,11.630184045448694
63.499324416,21.62660979041346,2.124320232748591,-1.9214540460049505,0.0,0.8471463832103593,0.393893264444564,-0.4363323152065277,0.0,22.62722696056054,4.739423534495359,1.3029687130694807,3.9799597246727165,72.44666131059681,74.66223466509182,29.441103169583002,True,True,False,11.630255295365792
63.604456448,21.626205861823763,2.1229408744852423,-1.9216116395204035,-4.167467445987795e-49,0.7684157001524377,0.3235709756470015,-0.4363323152065277,0.0,22.6236409770048,4.739259507794991,1.3015728218873273,3.9794465136453754,72.4376318672827,74.73193590483567,29.44144562444401,True,True,False,11.629912840504783
63.699393792,21.625965879465173,2.122081549520946,-1.923605004904889,-8.795698303917574e-49,0.8486071361361119,0.2076280010248777,-0.4363323152065277,0.0,22.632272326826385,4.735000862090558,1.3007037134289277,3.9760505573845815,72.32342044372419,74.53753304529347,29.441647320785663,True,True,False,11.629711144163132
63.801425664,21.625654938456712,2.1210476928783453,-1.9239772524892358,0.0,0.9242408592150053,0.06858758398935311,-0.4363323152065277,0.0,22.63638179934896,4.732260287185997,1.2996571024510155,3.973724121141478,72.3020922282072,74.44057110669758,29.441912177971908,True,True,False,11.629446286976886
63.89955968,21.62544875314562,2.120332868020473,-1.9240849392061101,0.0,0.9893414828368616,-0.06445722782535737,-0.4363323152065277,0.0,22.639422936728014,4.7302861923212,1.2989338488920699,3.972056243906944,72.29592223382063,74.3693004886892,29.44208650883382,True,True,False,11.629271956114973
63.999486976,21.625413957266684,2.120207102974908,-1.9253034140594654,0.0,1.0399950584499535,-0.1924862680584007,-0.4363323152065277,0.0,22.644873443862252,4.728022732038877,1.2988066664496993,3.970335520483081,72.22610876728059,74.24883344653598,29.442115701747852,True,True,False,11.629242763200942
64.100113664,21.62518804063138,2.119366912588104,-1.9268307867896184,0.0,1.0156768934219933,-0.2833807179911926,-0.4363323152065277,0.0,22.647523172518184,4.726056552363041,1.29795729662685,3.9686373218548723,72.1385967560994,74.18563960038287,29.44230419343525,True,True,False,11.629054271513546
64.200463616,21.62516851232215,2.1192930951154185,-1.9271403885035452,0.0,1.0430707101867887,-0.3318360846706517,-0.4363323152065277,0.0,22.649556652772542,4.725176618549378,1.297882686848951,3.967960042178674,72.12085788456142,74.14050691207997,29.4423204339764,True,True,False,11.629038030972396
64.30030208,21.62505692028876,2.1188554795247185,-1.9271127800127463,0.0,1.0495754483851898,-0.33755109082384166,-0.4363323152065277,0.0,22.64966895605372,4.724650977288421,1.297440559223324,3.9674478701476583,72.12243973456289,74.13558402388308,29.44241253907831,True,True,False,11.628945925870486
64.399392256,21.625056322034936,2.1188530543180737,-1.9271126498107674,0.0,0.7657956813990958,-0.3376980125904083,-0.4363323152065277,0.0,22.636749281400053,4.729691493588312,1.2974381099048962,3.9712034536627048,72.12244719458677,74.41937125089308,29.44241302935797,True,True,False,11.628945435590825
64.502951936,21.62320493866094,2.114129573658772,-1.927956946727255,0.0,0.7198547727015024,-0.3376980125904083,-0.4363323152065277,0.0,22.63500879717126,4.72492503709585,1.2926372834921283,3.9662898910505096,72.07407254461616,74.41693750962006,29.444053442626256,True,True,False,11.627305022322538
64.599789568,21.621871264036727,2.110752570333357,-1.9283823717478508,0.0,0.7557942965045029,-0.3376980125904083,-0.4363323152065277,0.0,22.63642291458913,4.720481473564762,1.2892045377318087,3.9620055474557003,72.04969748643673,74.3566229276376,29.44523627651491,True,True,False,11.626122188433886
64.700723456,21.621383720456127,2.1094683674621404,-1.9285529752941852,0.0,0.7748786814352063,-0.338355004787445,-0.4363323152065277,0.0,22.637249733734002,4.7186859212638375,1.2879000061657027,3.960299258267649,72.03992262326184,74.32776367953201,29.44566647780554,True,True,False,11.625691987143256
64.800551936,21.618198760113096,2.101073714944832,-1.9296405585891314,0.004330430223388624,0.7642595437734839,-0.338355004787445,-0.4363323152065277,0.0,22.636418511462892,4.709373647460485,1.2793725583123439,3.950950315979962,71.97760869059248,74.27606888452435,29.448476601714063,True,True,False,11.622881863234731
64.90002048,21.6156702444733,2.094395515003205,-1.934550050249782,0.09568082720943516,0.7440015093727331,-0.338355004787445,-0.4363323152065277,0.0,22.64576259915457,4.69802946408806,1.272588946655719,3.9405722039023563,71.69631553888247,74.01503376721519,29.450706928751327,True,True,False,11.620651536197467
64.999266048,21.608546223496578,2.0759380443736246,-1.9473581938603512,0.20936253481868686,0.7104990335457835,-0.338355004787445,-0.4363323152065277,0.0,22.67038613114069,4.66678655606518,1.253834130213516,3.9118815244183875,70.96246296659945,73.31468367075902,29.45700667137606,True,True,False,11.614351793572734
65.101787392,21.600627950054825,2.05608226310225,-1.961067926771077,0.22214879178951397,0.6633475366597732,-0.338355004787445,-0.4363323152065277,0.0,22.69576647061945,4.633032324856557,1.2336472053827068,3.8807653690114243,70.17695313256323,72.5763253336089,29.464037970691997,True,True,False,11.607320494256797
65.20139648,21.593867383729673,2.039736460859635,-1.9707623368042946,0.20474656678488565,0.6596521395427128,-0.338355004787445,-0.4363323152065277,0.0,22.71377054755868,4.6060211106297615,1.217018079804276,3.8556401696267315,69.62150435279058,72.02457195095326,29.470068119155197,True,True,False,11.601290345793597
65.29932928,21.585420880635766,2.019965039525209,-1.9833526758374154,0.20355389147858372,0.5541871739000057,-0.338355004787445,-0.4363323152065277,0.0,22.73284541454935,4.574063107136004,1.196892042327076,3.8256962967218096,68.90013106355401,71.40866362735939,29.477630865453012,True,True,False,11.593727599495782
65.400415488,21.57744218192306,2.0019759440143723,-1.9951786990437734,0.2336590389867029,0.30550648272888503,-0.338355004787445,-0.4363323152065277,0.0,22.743953668057085,4.547413225252585,1.1785672967508836,3.800257719896658,68.2225498454059,70.97976310038234,29.484805187024698,True,True,False,11.586553277924097
65.499686656,21.56569953802583,1.9763751655181205,-2.0129026824843153,0.2784856915973327,-0.14101395274402967,-0.3391675652176088,-0.4363323152065277,0.0,22.7574311434081,4.510102810852755,1.1524716676317148,3.7644407194495937,67.2070403981031,70.41077408855254,29.495402719104675,True,True,False,11.57595574584412
65.60286592,21.554150752621968,1.9525734727521302,-2.0294415771202585,0.2957139762097714,-1.0228029190410148,-0.338355004787445,-0.4363323152065277,0.0,22.74879225111441,4.4849304164075345,1.1281819436449303,3.738545391545988,66.25943153765202,70.34495419439835,29.505886245776402,True,True,False,11.565472219172392
65.702290944,21.53741106235587,1.919224253091429,-2.0511610943773166,0.3496194278984576,-2.1001033848298776,-0.338355004787445,-0.4363323152065277,0.0,22.73943454800943,4.448085566002293,1.0941242056116862,3.7009631763539548,65.01499486576095,70.17781798829625,29.52113282448251,True,True,False,11.550225640466284
65.799250944,21.520984980422735,1.8880353493281568,-2.0735464252591678,0.4034646492128804,-2.539525618853829,-0.338355004787445,-0.4363323152065277,0.0,22.760091607675324,4.398934544098569,1.0622385510588028,3.654062768790321,63.732409883227,69.33465523978626,29.5361617605514,True,True,False,11.535196704397393
65.90066944,21.502300915193615,1.8542179541268522,-2.0997402607163296,0.45567559590057066,-3.200411021791951,-0.338355004787445,-0.4363323152065277,0.0,22.77808088582117,4.3466836944221034,1.02762700037911,3.6038169736753862,62.23161366227157,68.49474442176893,29.55333007646282,True,True,False,11.518028388485973
65.999501312,21.47463482492159,1.8079351321061847,-2.134575424298808,0.5068835924698848,-4.273822402760475,-0.338355004787445,-0.4363323152065277,0.0,22.790377901303145,4.279537882742703,0.9801645280855358,3.5381917935052667,60.23570581034773,67.57224795081352,29.57891964247943,True,True,False,11.492438822469364
66.109546752,21.447733718742032,1.7659834848699218,-2.1658826557502318,0.5023706640264537,-5.853315006175563,-0.338355004787445,-0.4363323152065277,0.0,22.77271108218856,4.2326482343554055,0.9370628556991983,3.4898018176413323,58.441933579941846,67.35796832382279,29.603936757761183,True,True,False,11.467421707187611
66.199503872,21.41879720989591,1.7239260626043016,-2.194791040648371,0.4942984080976185,-6.723467953990211,-0.3396689891815185,-0.4363323152065277,0.0,22.77749475561426,4.172178700560387,0.8937653850480238,3.430087794964148,56.78560513273882,66.57179282443443,29.63098259564876,True,True,False,11.440375869300034
66.300272896,21.394121561170227,1.6900360494150464,-2.219929338671769,0.49711166012835345,-8.399879260983857,-0.3390119969844818,-0.4363323152065277,0.0,22.742719333432873,4.143866534319866,0.8588159821953495,3.3985169377766002,55.34528675185606,66.80788575054528,29.654133402853752,True,True,False,11.417225062095042
66.401961984,21.358535474090466,1.64423322195127,-2.2560399786032543,0.5128332747229548,-12.03014128630459,-0.338355004787445,-0.4363323152065277,0.0,22.63977549356511,4.133896655529513,0.8114823387290385,3.3785480406549016,53.27629948826531,68.36916051227531,29.687656451544598,True,True,False,11.383702013404196
66.499531776,21.328472226898402,1.6078995618007546,-2.2843511690807676,0.5182727595318173,-14.168767792569547,-0.3388661622374604,-0.4363323152065277,0.0,22.587216462858954,4.109011904026925,0.7738531245621636,3.348652679241352,51.65418776091283,68.88567529118774,29.71608136900882,True,True,False,11.355277095939975
66.600260864,21.298705969452197,1.5738468522164044,-2.3109992857743777,0.5076204806175455,-16.67513205930888,-0.3391822043191472,-0.4363323152065277,0.0,22.51450884321913,4.096112375935125,0.738515774357003,3.3287189648821847,50.12736314239691,69.86521493941122,29.74431058778773,True,True,False,11.327047877161064
66.708673536,21.25660743543344,1.5288433409103694,-2.349271251505905,0.5070416547142933,-20.406837179710045,-0.338355004787445,-0.4363323152065277,0.0,22.40423549183642,4.082849966617656,0.6918796058661535,3.30602228545641,47.93454103231101,71.40409794972648,29.768276658883977,True,True,False,11.303081806064817
66.799763968,21.226677050665664,1.500204435543596,-2.377070399013741,0.5120370238873606,-24.03139806841674,-0.338355004787445,-0.4363323152065277,0.0,22.283034002964108,4.093293325136612,0.6632634150625752,3.308233028830374,42.64234070847108,71.71430315794859,29.77021674452791,True,True,False,11.301141720420883
66.908885248,21.17901030491034,1.4563775083723705,-2.4174776527743105,0.5109424969699375,-28.54574202753677,-0.3395449663215968,-0.4363323152065277,0.0,22.135083349512605,4.088092601877926,0.6204117760511432,3.2930353979890796,40.32717560627635,73.9134820148739,29.818762138029342,True,True,False,11.252596326919452
67.000640512,21.144867625821874,1.4265308033736053,-2.4440285692134798,0.4978430832262909,-31.52629558738588,-0.3392854408904237,-0.4363323152065277,0.0,22.03360921553112,4.081740472443278,0.5912633316731243,3.2798331226801776,38.80592015210738,75.37278012055405,29.85350284218114,True,True,False,11.217855622767654
67.097388032,21.111291924255465,1.400071189403558,-2.4710022797274402,0.4910588388497836,-34.4912870331088,-0.3390119969844818,-0.4363323152065277,0.0,21.933984274503374,4.076482461395135,0.5654897887563776,3.2678475566819536,37.2604403818498,76.79229179601944,29.88760802349775,True,True,False,11.183750441451043
67.193273856,21.065878783434723,1.3653917827376256,-2.5055361444421314,0.5092328200134204,-37.974796918941415,-0.3390119969844818,-0.4363323152065277,0.0,21.817999920994676,4.062485365547744,0.5317381063001959,3.2477075369621407,35.28179568342227,76.95601909994306,29.93371484010097,True,True,False,11.137643624847826
67.294722304,21.031629201674743,1.340506410617607,-2.5314745897118325,0.5159339630961921,-40.79177584355265,-0.338355004787445,-0.4363323152065277,0.0,21.720907402366443,4.054340517937215,0.507552142384969,3.2352714522017774,33.79563224233731,78.28683458346936,29.968461850702987,True,True,False,11.102896614245807
67.394737408,20.977723072563087,1.3037166749760687,-2.5720489684642773,0.5309820650264022,-42.678866395337124,-0.338355004787445,-0.4363323152065277,0.0,21.687710409920193,4.012206656643449,0.47186273123512834,3.1917089646377645,31.470891583456943,77.84918447637342,30.02310269015622,True,True,False,11.048255774792572
67.495166208,20.932583500550127,1.2754880612474182,-2.605725086991367,0.5518609291089731,-46.41202420298963,-0.338355004787445,-0.4363323152065277,0.0,21.55697049829357,4.004982680595281,0.4445549704573608,3.1787029523698265,29.541392121472356,79.65284282204135,30.068805226145585,True,True,False,11.002553238803209
67.59456384,20.885585102850083,1.24893833310125,-2.6413498306269934,0.5705834583378857,-48.34415394526898,-0.338355004787445,-0.4363323152065277,0.0,21.51516442591393,3.9772399799083744,0.4189634316748139,3.149136302866497,27.50024466491543,79.54382510776378,30.11633217212098,True,True,False,10.955026292827814
67.696628224,20.82589960768487,1.2171724467141118,-2.6807747161383304,0.5771951011348557,-50.12834067904217,-0.3396689891815185,-0.4363323152065277,0.0,21.478060914632394,3.940164483008103,0.3884139945379187,3.1104542389091234,25.241365117329376,79.06913229395087,30.176649348461524,True,True,False,10.89470911648727
67.795212544,20.777765101272017,1.1958071750096888,-2.7141361771913175,0.5653913854046146,-52.81834907739195,-0.338355004787445,-0.4363323152065277,0.0,21.392867210597277,3.9274091582978135,0.3680288776049786,3.093939074849232,23.329894200603142,79.84766977557443,30.225207072360437,True,True,False,10.846151392588357
67.8939328,20.713948381679344,1.1681924811496107,-2.7583465492069164,0.5674362509078557,-54.726600768419154,-0.338355004787445,-0.4363323152065277,0.0,21.35880171136746,3.892924428184062,0.3423141067549601,3.058036844109473,20.179524022983266,79.22285373940458,30.28588559389782,True,True,False,10.785472871050974
67.996958976,20.659124197423246,1.1467043731085462,-2.793507988496866,0.5801135700749168,-56.81840097613448,-0.338355004787445,-0.4363323152065277,0.0,21.30030574362061,3.872302697296459,0.32253820552417867,3.0357448338913624,18.164921950063675,79.30005187420032,30.341350390814796,True,True,False,10.730008074133998
68.0932608,20.60856682632602,1.1286436717331938,-2.8270632058366028,0.5853885143891389,-59.52928716214766,-0.338355004787445,-0.4363323152065277,0.0,21.212188254410787,3.862805549083711,0.306055608894981,3.025836380930179,16.242349615852593,80.08836572600235,30.39244403733559,True,True,False,10.678914427613204
68.200017664,20.535491684294406,1.1060018718303841,-2.875825905586605,0.6223892462883562,-60.48021266732417,-0.338355004787445,-0.4363323152065277,0.0,21.22673253587388,3.819336735998035,0.2856931176753715,2.982259492059666,13.448452722513798,78.24539433784007,30.46618680943639,True,True,False,10.605171655512404
68.293744128,20.480238094990543,1.0905967286767877,-2.912626398409632,0.6360701026835333,-60.255592421621316,-0.33227619239008593,-0.4363323152065277,0.0,21.28136470667997,3.773542153399962,0.2720105794226362,2.936688520376282,11.33993979975286,75.91226116937636,30.521891977181447,True,True,False,10.549466487767347
68.393737728,20.409247717420115,1.0748595650817676,-2.9553091376441705,0.6209094812716078,-59.4492259983356,-0.28842901912667185,-0.4363323152065277,0.0,21.36127716141238,3.7080401395528333,0.25848468182025264,2.8733976294373473,8.894398983556401,72.66035392989414,30.593336655917224,True,True,False,10.47802180903157
68.493559808,20.3572636330202,1.0640524590496352,-2.988932498305364,0.6070697263782898,-7.452763190735973,-0.20511330114576123,-0.435076790868874,0.0,23.046092145588037,1.845206240325913,0.24929647290054083,1.1497802307635832,6.967922324623798,23.70905862198733,30.64563116221124,True,True,False,10.425727302737553
68.609382656,20.275109746344874,1.0510315534161925,-3.030460422387155,0.6253215218436365,18.898455300206585,-0.0893159250277448,0.4363323152065277,0.0,23.008409768416467,0.4435194223904547,0.23895878490607542,-0.24480930663502012,4.3662205872544595,-5.021534650781591,30.727222656116254,True,True,False,10.34413580883254
68.701564416,20.225967641041144,1.044334129671284,-3.04846248169102,0.6279722021556357,15.654161067570817,-0.02893251307608309,0.4363323152065277,0.0,22.98068661942528,0.5428130930933034,0.23398149829265133,-0.14999042075722768,3.3347785665987266,-2.8086824388014433,30.77656866524029,True,True,False,10.294789799708504
68.799047168,20.151910041784607,1.036270835196676,-3.0593652383490735,0.639242410789335,12.07615617593353,0.006954880855617128,0.4363323152065277,0.0,22.92880987311774,0.6773455968224107,0.22850922814857583,-0.023391592070388777,2.710096625034115,0.14464051127118047,30.850862668934372,True,True,False,10.220495796014422
68.900694528,20.090726743815893,1.0307641259908178,-3.062665075437208,0.6320655138374449,9.423643586947046,0.0137970000505447,0.4363323152065277,0.0,22.880487617824805,0.7915272854979161,0.22514241077949118,0.08349550618874879,2.521029886803293,2.6080863620268193,30.912200946848003,True,True,False,10.159157518100791
69.000006656,20.032318680070517,1.023139029718846,-3.0625957998529563,0.6235024840392963,7.053444226596546,0.0151110002771019,0.4363323152065277,0.0,22.82959527973906,0.8996739539006439,0.21956158659249925,0.18406345930238022,2.524999085404246,4.98225492097826,30.970839657654384,True,True,False,10.10051880729441
69.09943168,19.96459603167541,1.017633325147182,-3.062888792950418,0.6192199273373629,4.005224062482089,0.0157680008560419,0.4341706883571113,0.0,22.76448762836269,1.0422716448939784,0.21642412870312153,0.316929143993234,2.508211817493208,8.013687817181705,31.038713262586423,True,True,False,10.032645202362371
69.201359616,19.905729334702414,1.012025723119744,-3.064134784172428,0.6388703594363795,2.5931826637726076,0.0157680008560419,-0.4363323152065277,0.0,22.704278037916815,1.10216536887557,0.2128755838646711,0.36844033051039893,2.436821779161676,9.354339177559691,31.097739875588847,True,True,False,9.973618589359948
69.300145152,19.826886773935943,1.00591862350726,-3.0647420555619203,0.6895666014762087,1.972053901264048,0.0157680008560419,-0.4363323152065277,0.0,22.624366515619226,1.1246919154193202,0.2095197717370396,0.38220423673619236,2.41904675850692,8.031749431511226,31.176809848065954,True,True,False,9.89454861688284
69.400574976,19.76482192189305,1.0015131308820424,-3.066801894434557,0.7069668428897614,1.6592449345645672,0.0157680008560419,-0.4363323152065277,0.0,22.56188170326416,1.1297963310143417,0.20726581334945712,0.3811861980612511,2.3010266846278253,8.226538324331642,31.238990020918433,True,True,False,9.832368444030362
69.500747776,19.68448328842722,0.99532363944506,-3.0683583261437524,0.6870114949371021,1.5154058907872678,0.0157680008560419,-0.4363323152065277,0.0,22.481419410472352,1.1262752686794115,0.20386162523510098,0.3698293776427774,2.211849716590596,8.2812004000717,31.31949478683131,True,True,False,9.751863678117484
69.60039168,19.61706510139407,0.9903952711942206,-3.069470974853063,0.6835880430941534,1.3560926530792041,0.0157680008560419,-0.4363323152065277,0.0,22.413778920041974,1.126011703029935,0.20127045509085228,0.3629658236189728,2.1480996414664393,8.376763562655631,31.387043188690544,True,True,False,9.68431527625825
69.699873792,19.54887980656452,0.9855132289348163,-3.0712324129443855,0.6939845017695787,1.1852047981634346,0.0157680008560419,-0.4363323152065277,0.0,22.345425936508686,1.1245446753572461,0.1987521430011138,0.3548350179957096,2.0471766729600325,8.44672844906503,31.455356634452222,True,True,False,9.616001830496572
69.803172608,19.480704413435706,0.9806057413534728,-3.0707675055963968,0.712337463718374,1.193549378235006,0.0157680008560419,-0.4363323152065277,0.0,22.277206012706717,1.1205300254312596,0.196208058015621,0.3441817371687867,2.073813901864459,8.465021097897742,31.523661065452092,True,True,False,9.547697399496702
69.900338688,19.40913042607606,0.9746567481577328,-3.072129797733729,0.7431807031910527,1.1575060433023743,0.0157680008560419,-0.4363323152065277,0.0,22.205733868529194,1.1125305515406918,0.19274076257288392,0.32924526000687354,1.995760311931405,8.4230108428974,31.595398113404418,True,True,False,9.475960351544376
70.000730368,19.320401232216565,0.9684564421717103,-3.071671622695608,0.7679493128071984,1.0993299777081775,0.0157680008560419,-0.4363323152065277,0.0,22.116798476170988,1.1104509984198345,0.18953609810413316,0.32097820872016924,2.094092916090859,6.785856550230297,31.684527280296006,True,True,False,9.386831184652788
70.102026752,19.252355943414543,0.9631054215892356,-3.0736363947579224,0.7544783484590818,1.0773045620693276,0.0157680008560419,-0.4363323152065277,0.0,22.048974097194627,1.1006804990839059,0.18645845747771303,0.30664179137892195,1.9815197692150177,6.695308818993301,31.75271322369785,True,True,False,9.318645241250945
70.200007424,19.16819301564682,0.9565647960553421,-3.0745327917136107,0.7293562760627078,1.1167603556169623,0.0157680008560419,-0.43618438518495883,0.0,21.96502571702294,1.089706977625151,0.1827296557455859,0.29001432355240037,1.9301600068857265,6.604493263116375,31.837047524136352,True,True,False,9.234310940812442
70.299332864,19.09980561179252,0.9517970734574867,-3.075594972703151,0.7210275344797827,1.1094876438576138,0.0157680008560419,-0.40310980980636907,0.0,21.89676161095966,1.0823234643634059,0.18024640334093558,0.2780296765990036,1.869301519106009,6.550907487095993,31.905555929768045,True,True,False,9.165802535180749
70.40078976,19.029528541130702,0.9456587168611285,-3.0759824179706725,0.72852967393916,0.8848981714474391,0.0157680008560419,-0.3774791091121604,0.0,21.826006022592367,1.0860641856927342,0.17645633076924383,0.2769752319896108,1.8471025404847135,6.753297980884917,31.975998682641645,True,True,False,9.095359782307149
70.500312832,18.94734266924268,0.9391441066384871,-3.0764421922930483,0.7551605933517715,0.9881253965547113,0.0157680008560419,-0.4363323152065277,0.0,21.74413051679465,1.0732251857869433,0.17268756337592514,0.2586267886706593,1.8207594122841204,6.623727627576973,32.05835615999909,True,True,False,9.013002304949701
70.602373888,18.868982124813833,0.9271453966252365,-3.0760963585289813,0.7661513684330495,1.0448762760419779,0.0157680008560419,-0.4363247825824519,0.0,21.665855827377136,1.0594234821490378,0.1632797823162887,0.24085424304597336,1.8728814021363605,5.245653679702465,32.13716549899352,True,True,False,8.934192965955276
70.699339264,18.78642446606791,0.9217238878437026,-3.0762276601041254,0.7521405954398384,1.036037834369932,0.0157680008560419,-0.43312153539198966,0.0,21.583295131009812,1.05406618488984,0.160569285614087,0.23184643900029808,1.8653583760371855,5.2469690952753005,32.219856568539775,True,True,False,8.851501896409019
70.803639296,18.720581872666656,0.9032593381189378,-3.069453264257841,0.7212281862315421,0.9800673760578286,0.0157680008560419,-0.35184425626550503,0.0,21.51634270719946,1.0572767270477093,0.1442744717166335,0.23208920015312492,2.253502666780203,5.691083844330437,32.28626941174339,True,True,False,8.785089053205404
70.900028416,18.642511187614023,0.8910283327050247,-3.066282846181809,0.7057561390620463,1.0895464266384816,0.0157680008560419,-0.2843660829203378,0.0,21.438075796438763,1.0485672735627263,0.1346109590955254,0.21992265522438673,2.4351542418288945,5.763256368798493,32.36469929050043,True,True,False,8.706659174448362
71.000678656,18.58198954315182,0.8781879413182649,-3.0623301941255296,0.7040898464852745,1.1960632537038465,0.0157680008560419,-0.1887387931676931,0.0,21.37721820481252,1.0415792783913012,0.12376273669124219,0.2102467592693942,2.6616245225373962,5.883209822441551,32.42560956196627,True,True,False,8.645748902982525
71.099579136,18.499583943879472,0.8670275654018593,-3.061005418029723,0.7118905694596221,1.1426157752578632,0.0157680008560419,-0.21969558097442546,0.0,21.294436608478268,1.0367290185040872,0.11531147327493975,0.2017357138999613,2.737528601626934,6.0125613799770585,32.50833690284399,True,True,False,8.563021562104801
71.200262144,18.429713608599098,0.8602263270705938,-3.0602952946962456,0.722249880454584,1.1748710100620317,0.0157680008560419,-0.3092646842635549,0.0,21.224541269110546,1.0303390780333284,0.11080343064901509,0.19353790612321006,2.7824473347149707,2.3215667175355708,32.57840091871534,True,True,False,8.492957546233455
71.301639936,18.362471740737426,0.8491674473265783,-3.0575658660298437,0.7228847372387338,1.085243961421537,0.0157680008560419,-0.35956540085044364,0.0,21.15654322501783,1.0312787889039141,0.10195121071066542,0.19585585438928105,2.938832077781796,2.5675785092429697,32.645968705543694,True,True,False,8.4253897594051
71.399588352,18.28395108738329,0.8425031160823525,-3.0560482880985487,0.7039842822186597,0.8811333184126534,0.017302749298110674,-0.43631325735020543,0.0,21.077061401432434,1.038805876002559,0.09786032437597288,0.20499262005260122,3.025782888327221,2.8586399627972217,32.72466540790847,True,True,False,8.346693057040326
71.500452096,18.224754112251038,0.835358235087742,-3.054415129074774,0.6956436890056918,0.8265584969612075,0.044775693047006425,-0.4363323152065277,0.0,21.017347515912725,1.0388823904728495,0.0926567079124404,0.20627961598398717,3.1193560076632108,3.006787903584653,32.784064511983665,True,True,False,8.287293952965129
71.599298048,18.14879350015879,0.8274475888666971,-3.0529408670460687,0.6826498524087918,0.8433730350156353,0.0771483268404235,-0.4363323152065277,0.0,20.941144637165657,1.0342690762814641,0.08723638759995404,0.20321200557005784,3.2038249998044233,3.0744423576714084,32.86024333476778,True,True,False,8.211115130181014
71.708293888,18.076214317824423,0.8201196545323128,-3.0453364193749284,0.704528254072766,0.9111573510672956,0.09957177710666092,-0.4363323152065277,0.0,20.867179812883517,1.044867525244231,0.08228779738338222,0.21530766344981192,3.639527756888826,3.442360798704208,32.933023467941624,True,True,False,8.13833499700717
71.802147584,18.016106043587904,0.8119066593279803,-3.035973973726269,0.7003722414715278,0.8310200623885403,0.10493082525778782,-0.4363323152065277,0.0,20.804491452571792,1.0666748107240263,0.07604646451194459,0.23838126234801352,4.175956378477645,4.058926708971724,32.99336834084651,True,True,False,8.077990124102286
71.899456,17.94339253232291,0.8036220313279113,-3.0240842950400406,0.6992650253103275,0.9370248913707634,0.10874104893510116,-0.4363323152065277,0.0,20.729079704903384,1.0863709951113418,0.07014871799006014,0.26006234574741066,4.8545586474724995,4.016847838054307,33.06631082708484,True,True,False,8.005047637863953
72.002209792,17.87781042611439,0.7935631459134331,-3.0108895062315173,0.6872614278387101,1.1077306893658962,0.1116899996995925,-0.4363323152065277,0.0,20.660463903784475,1.1047538000317523,0.06224465433613614,0.2805662620616483,5.610564357767363,4.6021477503540025,33.13218737532685,True,True,False,7.939171089621944
72.099531776,17.801970018273487,0.7833125652477358,-2.9974725711416688,0.6891265630144973,0.9720512020181218,0.1136609986424446,-0.4363323152065277,0.0,20.579364894974226,1.1383867812596735,0.05448520867085068,0.31670050884059014,6.379298112416662,5.5065609923510745,33.208322996874365,True,True,False,7.863035468074429
72.20070528,17.742990639348573,0.7734406737854014,-2.9855263101747185,0.6894278147328134,1.2407029439077477,0.11253554066160047,-0.4363323152065277,0.0,20.517735479559136,1.14866203741606,0.04655163771572023,0.32888391231444775,7.063768446784787,5.922379584829612,33.26759423636969,True,True,False,7.803764228579105
72.299696128,17.66551025515801,0.7602864260663267,-2.973247347646773,0.6955943604180324,1.6083396155524514,0.1103760004043579,-0.4363323152065277,0.0,20.43800769345913,1.1517681684423082,0.03594383425759145,0.3344634548735878,7.767301176435358,6.258275642835434,33.345464119335865,True,True,False,7.725894345612929
72.399930624,17.600877426655618,0.7489069755511484,-2.9605580918604293,0.6927914358600582,2.114155656043064,0.10920014340377643,-0.4363323152065277,0.0,20.371842652068345,1.1510906643718082,0.0266888028854568,0.33584017127358345,8.494341978154779,6.479500404064294,33.41043518065202,True,True,False,7.660923284296771
72.506023168,17.53878875415202,0.7364021590696938,-2.9504257361483384,0.6751239760864564,2.622670046131454,0.09786068041290243,-0.4363323152065277,0.0,20.30924620294963,1.1420689242869408,0.016225521612308547,0.3287658967261445,9.081139804992228,6.5515272328039895,33.472902107822456,True,True,False,7.598456357126338
72.600813056,17.470091331149295,0.7226013236618134,-2.933370844196619,0.6947732065815946,3.3100593689900966,0.061420855801232986,-0.4363323152065277,0.0,20.23846161964915,1.1422749417881108,0.004676074111638327,0.3314262843699501,10.05831313387739,6.618984283287475,33.5420136788334,True,True,False,7.529344786115395
72.699603456,17.409629440188358,0.7089763179465892,-2.923317286058605,0.6921222659833799,4.336743858190725,0.008589624658072573,-0.4363323152065277,0.0,20.181214990515773,1.1068626550031366,-0.006966653786066725,0.2980346594411305,10.634339584275,6.168326244484424,33.60288836919329,True,True,False,7.468470095755507
72.801406464,17.33137210104632,0.6914304883666884,-2.9156825150786627,0.6927140975699028,4.700659194038741,-0.06118038042988133,-0.4362924786684632,0.0,20.102444781776235,1.0928731344723646,-0.0219468192455663,0.28680434291432183,11.071779738974664,6.241851063336075,33.68167708607613,True,True,False,7.389681378872666
72.90092416,17.27690479021987,0.6783882497884587,-2.9180305554781416,0.679824944280858,5.0387308786204,-0.14176966711432434,-0.4268630473110374,0.0,20.051194466490568,1.0569602933123077,-0.0332029058572488,0.252703076387185,10.937246933958312,5.769246573738089,33.73654135905944,True,True,False,7.334817105889357
73.000659968,17.202046964465357,0.6614107855297714,-2.934870123503774,0.664056544232268,5.420289114070964,-0.20062338991594686,-0.05715071343898652,0.0,19.984465941038565,0.9746912330608992,-0.047726055485299214,0.1728143655313851,9.972410757266104,4.422852161595292,33.811913810885216,True,True,False,7.259444654063579
73.101400064,17.14144000233708,0.6489157620498779,-2.9558037010841067,0.6543518343560962,6.383541303235067,-0.21105884050688872,0.40690807805652013,0.0,19.933699245808693,0.8569742087597818,-0.058234665371483155,0.05694191982431609,8.77300511180333,2.260194326968467,33.872896583767734,True,True,False,7.198461881181061
73.208437248,17.077399156322592,0.6365307370540826,-2.9816703774846367,0.657167934767354,7.390269849233881,-0.17383263448609115,0.4363323152065277,0.0,19.87605926240703,0.7231425758028693,-0.06852098380118514,-0.07479528966475246,7.286565563326242,-0.22858560681137524,33.93731306277791,True,True,False,7.134045402170884
73.299597056,17.009641151331486,0.6261128320034689,-3.0089782004783245,0.6651898671525498,8.219737421026746,-0.10077781425667999,0.4363323152065277,0.0,19.809476431707296,0.5957417476810877,-0.0767147798867307,-0.19980837094559692,5.721942558097624,-2.605657116850646,34.005375840356606,True,True,False,7.065982624592188
73.399524608,16.95702542604642,0.618648349464193,-3.028180414670809,0.6696374087177601,7.958299122499791,-0.024873899071130343,0.4363323152065277,0.0,19.75611610435452,0.54729448055211,-0.08245252341121681,-0.24637907757780728,4.621736727562073,-3.4444246488593135,34.05820775633644,True,True,False,7.013150708612358
73.49972608,16.87590564370457,0.6090676651447147,-3.0418265807094453,0.670802492734291,7.6412613613455775,0.012607751760574142,0.4363323152065277,0.0,19.674325333344903,0.5150078935454876,-0.0893720581652384,-0.2758144364234231,3.839869007013435,-3.909254608253692,34.139597735068506,True,True,False,6.931760729880288
73.599936256,16.813609401377622,0.6022788290058625,-3.0429533979546513,0.6645742177193885,6.056055615756055,0.0190529990941286,0.4363323152065277,0.0,19.613539643268822,0.5825142004212411,-0.09411755938014871,-0.20624400017570257,3.775307134580578,-2.3886107350970027,34.20208285587656,True,True,False,6.869275609072233
73.704900352,16.756261036172095,0.5932802400207433,-3.0408131542513606,0.6515530290185537,4.425482884296838,0.01901235994066773,0.4363323152065277,0.0,19.555485271145827,0.6591868583205925,-0.10123363137832893,-0.12760727611966216,3.8979340659086095,-0.6354110723097915,34.259695103834666,True,True,False,6.811663361114128
73.802212864,16.683935712870518,0.5859385199056738,-3.040222570376148,0.6335656087204748,2.9478850817030122,-0.001433170014508744,0.4347947105746123,0.0,19.480447658740683,0.7256558653051053,-0.10620334934073249,-0.05858006859374404,3.9317720294067406,0.8760246937821784,34.33222203089145,True,True,False,6.739136434057343
73.901457152,16.63790417084147,0.577973656503246,-3.0385129857692244,0.6291541736236919,1.6030820706658255,-0.0519091077011874,0.22753191486231658,0.0,19.430011739649807,0.7880577449135736,-0.11265678387102333,0.005530657135087799,4.029724012104002,2.318779687516628,34.37848967718294,True,True,False,6.692868787765853
74.000003328,16.567434792686814,0.5689073304956395,-3.040088760974395,0.6271922317943375,0.7071613967716596,-0.07886962423932013,0.06006739842324049,0.0,19.356312457213896,0.8182291552562801,-0.11939621959516335,0.03819424317269858,3.923133863291807,3.1964962008899827,34.44925210012058,True,True,False,6.622106364828213
74.100431616,16.50721688182852,0.5625410765669118,-3.0488458879572606,0.6345616645222109,0.2720962328387198,-0.07201239135219831,-0.28059975182613645,0.0,19.29638282018336,0.8086170167178158,-0.12377022686582603,0.03058707017990667,3.4213874465134455,3.1298149480445603,34.50964741481981,True,True,False,6.561711050128984
74.200500224,16.45378096491367,0.5559151099887186,-3.057174083083871,0.636640929505679,0.2077781570688814,-0.025071719812145406,-0.36628061816710117,0.0,19.244647612791113,0.7818871298613472,-0.12862778915925246,0.005598264535295367,2.9442170147972413,2.7169625920982488,34.56327301260848,True,True,False,6.5080854523403175
74.299811072,16.3806653925825,0.550004280735777,-3.0686239360651055,0.6430146038802088,0.3486335302746287,0.005098904270859091,0.43629177072838266,0.0,19.1744048857139,0.7371396448920454,-0.1321206583788134,-0.03678058472927265,2.2881887629272546,1.9200789670224463,34.63654391190954,True,True,False,6.434814553039253
74.399789824,16.33035657987914,0.5432842148409712,-3.0708048123802514,0.6489767266948775,0.3418630516928934,0.0137970000505447,0.42285777110391914,0.0,19.124476135212692,0.7246565128984233,-0.1371755452845752,-0.04759084239153067,2.1632337544293545,1.801894437106325,34.68704721912424,True,True,False,6.384311245824556
74.504082432,16.2558582525671,0.5361054525624417,-3.068051585342852,0.6455310446599969,0.1715386938605785,0.013333909136211597,0.25882319517901203,0.0,19.04889348070436,0.7334736728620885,-0.14188998859414198,-0.036256699425317465,2.320982043713669,2.129967084222886,34.761741994205394,True,True,False,6.3096164707434
74.600510976,16.19625382989124,0.5317921865205952,-3.0691141323683166,0.6521525423738224,-0.1670849980034669,0.00013070973645081278,0.396563556424981,0.0,18.988299492838813,0.7426974164596467,-0.14423238915093076,-0.025016311370402073,2.2601025836203426,2.407711315993639,34.82145635283129,True,True,False,6.249902112117503
74.700864768,16.13638338060189,0.5279983786873818,-3.0693848711459655,0.6642113041544564,-0.46334682818669587,-0.02000785444457289,0.42147861812230036,0.0,18.927362092357857,0.7525820613649348,-0.14606416257718946,-0.013104619162436633,2.289873940876054,2.7207681316251615,34.88130400264832,True,True,False,6.190054462300473
74.800833536,16.064230717425975,0.5227872959414196,-3.0705536088628533,0.6608409902242042,-0.8182293238707731,-0.0289989226415783,-0.3756420192666738,0.0,18.854045632933524,0.7613931156768372,-0.1489465979870476,-0.001893346057787857,2.2229102023406493,3.0086868887738043,34.9535871525027,True,True,False,6.117771312446095
74.901788672,16.00558926722031,0.5306026095986099,-3.0831071406248802,0.6547048830189294,-1.3386112708915845,-0.009585836495111813,0.43612584281144456,0.0,18.79621561137946,0.7595231357314352,-0.13924495943895246,-0.001865352559066561,1.5036458143930806,2.8098044478470516,35.01194618795794,True,True,False,6.059412276990855
74.999738624,15.929510683236712,0.5327441247491473,-3.0923039616070334,0.6489517374489159,-1.2764540492268506,0.0036746634826525597,0.3615259078188626,0.0,18.722343169987184,0.732960759800198,-0.1346520609074442,-0.025990236064727747,0.9767067871783203,2.220708198967577,35.087916197245605,True,True,False,5.9834422677031895
75.101013504,15.87263489030808,0.5373364362770338,-3.098832747107409,0.647884269147447,-1.2522270907573017,0.01219059362134699,0.2833612921409621,0.0,18.666791715270445,0.7181336639002246,-0.12822866776740863,-0.03898712830951611,0.6026349326606094,1.822409385980333,35.14461439092934,True,True,False,5.926744074019453
75.201506304,15.797124209024394,0.5388465516205523,-3.103231611436329,0.6283488712455589,-1.2468834678975516,0.014376635656405571,0.17381375227471169,0.0,18.592065003670868,0.7070902867815893,-0.1242851480018625,-0.047573342316594255,0.3505985719628651,1.565029402422777,35.22003714670063,True,True,False,5.851321318248161
75.300334848,15.743216039151068,0.5367945849414847,-3.1041595196279648,0.6360633536040443,-1.1901112420172333,0.0151110002771019,0.2035478012557049,0.0,18.53847450967072,0.6996751638578854,-0.12459824521777015,-0.053226574646283734,0.2974333488064794,1.4550919533861402,35.27398344700452,True,True,False,5.797375017944276
75.399377664,15.669029472434866,0.5339962105896129,-3.104054284306787,0.6471148094490443,-1.3130933528524966,0.0157680008560419,0.41676166465050196,0.0,18.4639141025829,0.703170393496682,-0.1250118421535779,-0.047287699891686054,0.3215871654979195,1.5883352671266042,35.34818212290632,True,True,False,5.723176342042471
75.507040768,15.603464138471471,0.5305417830378121,-3.103794016497503,0.6494132003121613,-1.4896412938368098,0.0157680008560419,0.4363323152065277,0.0,18.39776785108536,0.7090544203278333,-0.1263716513949164,-0.039241948044166086,0.3364994125130091,1.779795455125996,35.41382431213146,True,True,False,5.657534152817334
75.600735744,15.552547629213718,0.5253097760929801,-3.10090585285832,0.6426328366586754,-1.627024272229857,0.0157680008560419,0.4362815569120217,0.0,18.345868699447333,0.7185903974416528,-0.12997572749960085,-0.028012490643208647,0.5019789995813706,2.082658020587399,35.46488188206088,True,True,False,5.606476582887915
75.703590144,15.493303633420293,0.5227726201873089,-3.10091062236614,0.5512083254473393,-1.6049240374416458,0.0157680008560419,0.42706412271506417,0.0,18.286699965098983,0.71496245905514,-0.1306205108413015,-0.029701972897556272,0.5017057269129412,2.060284513130772,35.524176674851674,True,True,False,5.54718179009712
75.800123136,15.441362762277516,0.519305828981722,-3.0989033551924248,0.5419786046545515,-1.6748407340071292,0.0157680008560419,0.2956733367521672,0.0,18.234124244477588,0.7205104599911771,-0.13242757289648077,-0.02243621202666925,0.6167136643219651,2.245209147105259,35.576201738648486,True,True,False,5.4951567263003085
75.900427776,15.387807693216986,0.5170416476091233,-3.100015171000917,0.5082343672850514,-1.821938484058674,0.0157680008560419,0.12036976558560475,0.0,18.180273358997297,0.7223109961201059,-0.13298111243714433,-0.018874173930860095,0.5530113108994124,2.3286045437342793,35.62980179026547,True,True,False,5.441556674683326
75.999660544,15.351842212759399,0.5181889773053285,-3.1028323672420006,0.5135038818305859,-1.7019369000870515,0.0157680008560419,0.03039535987755135,0.0,18.14528239666139,0.709740377617625,-0.1306863423779172,-0.030292851216153358,0.3915978562251724,2.0471895050884483,35.665712320480885,True,True,False,5.405646144467909
76.099865344,15.291786629559308,0.5182151798464286,-3.1041422659792457,0.46249879339710076,-1.559397555415392,0.0157680008560419,0.13573829539848384,0.0,18.085934118570588,0.6991566335046641,-0.12874316748152784,-0.038928536569974,0.31654618699153914,1.8295984911831114,35.7257364642182,True,True,False,5.345622000730593
76.199747584,15.249053449163897,0.5169689195683306,-3.104802741250236,0.4535413175602533,-1.4574173503229408,0.015284050544996841,0.2736076251761041,0.0,18.04363418093294,0.6910910997327383,-0.12862474139604071,-0.045605329749807785,0.2787037414910272,1.6897758405901684,35.7684876495427,True,True,False,5.302870815406095
76.301312768,15.214567171047841,0.5177322134268946,-3.106179206183141,0.4613540827798826,-1.491536155203904,0.0157680008560419,0.3160933058566244,0.0,18.009283036399975,0.6896718305867378,-0.12675258120870492,-0.04589957211257916,0.17149026245929921,1.6450290141679331,35.80299470429817,True,True,False,5.268363760650622
76.39993984,15.163868181540705,0.5155189041587447,-3.105957195745983,0.48847622684428305,-1.422424682391464,0.0151110002771019,0.4363323152065277,0.0,17.958751918370027,0.6847078447162486,-0.12732133493183415,-0.049204980257720056,0.18421052351629263,1.5860116629198375,35.85373879552231,True,True,False,5.217619669426483
76.499940608,15.127644169173536,0.5121488220883113,-3.1044377984684512,0.5156653129595903,-1.3653643813999918,0.0157680008560419,0.4363323152065277,0.0,17.92243895140376,0.682800881023223,-0.12951545560059613,-0.04992078173875546,0.27126557492253267,1.616006413334591,35.89005301256783,True,True,False,5.181305452380961
76.6005824,15.06707316257139,0.509883128481284,-3.104638041725359,0.525310006968508,-1.3650082733643771,0.0157680008560419,0.4363323152065277,0.0,17.86190311780774,0.6799581746038498,-0.12981656767637897,-0.05077793196223207,0.2597924814257291,1.604177211802199,35.95066563121969,True,True,False,5.120692833729102
76.700243712,15.023599131910773,0.5080746438804138,-3.1038930152078716,0.5281140283024321,-1.2367939469627853,0.0157680008560419,0.4359984267607461,0.0,17.818679850330522,0.6739775598226532,-0.1302149043286182,-0.05533871471652444,0.3024793565031199,1.5186497604779865,35.99417543800326,True,True,False,5.077183026945534
76.79934464,14.965290083734855,0.5057732116556228,-3.1038172787137395,0.5040775306496766,-1.1227294739908396,0.0157680008560419,0.3097038193819326,0.0,17.76068339124534,0.66632306785483,-0.13062505694231544,-0.061088292086649905,0.3068187379720107,1.408924668974955,36.05252844533193,True,True,False,5.018830019616864
76.899929856,14.917414273743372,0.5039208477094153,-3.10360793163234,0.4988136823120653,-1.1018514329530888,0.015635158938323478,0.2550424072467242,0.0,17.712832439863043,0.6640372944852756,-0.13092456753130002,-0.06180454857431915,0.3188134421895597,1.4000413321547385,36.10043914067167,True,True,False,4.970919324277126
77.005385728,14.866635981052472,0.5017541426809607,-3.1037872375756037,0.5213166448858187,-1.3057930499429578,0.0157680008560419,0.23048923577108238,0.0,17.661496961755656,0.6713185804113867,-0.13144417091620297,-0.05284468197887031,0.3085399683989848,1.593709475353985,36.15126098274381,True,True,False,4.920097482204987
77.101123584,14.812991165708306,0.4994936908759745,-3.1042462101181094,0.5418861523283885,-1.266832528344116,0.0157680008560419,0.23704816758730898,0.0,17.60804346101324,0.6658747790759876,-0.13196455434644186,-0.05653364934736384,0.2822427788009934,1.528451764157181,36.20495087990107,True,True,False,4.866407585047725
77.200924928,14.76907126776364,0.49681642493165845,-3.1031207461531825,0.49474546368302263,-1.1351744810839854,0.0157680008560419,0.29846579425720293,0.0,17.56431670768085,0.6599204733855637,-0.133216763148763,-0.06105163566979794,0.3467271139853682,1.461278052081431,36.2489344809533,True,True,False,4.822423983995492
77.301905664,14.718925639817016,0.4947552632101642,-3.1023197854651117,0.4294918377328855,-0.8970860464862327,0.0157680008560419,0.43281235316269084,0.0,17.51470247910159,0.6484818546637816,-0.13359534773801987,-0.07086107799778264,0.3278095192820821,1.2753378924753291,36.299271715672155,True,True,False,4.772086749276639
77.40109312,14.683228305841936,0.49280638107559116,-3.102573143473474,0.44826470850113775,-0.9962321664846557,0.0157680008560419,0.4363323152065277,0.0,17.478775030730013,0.6506623564694627,-0.13434565818582875,-0.06750815836706268,0.31329317469702844,1.3599676678888135,36.335014334892556,True,True,False,4.7363441300562386
77.499258624,14.634441265161495,0.4909152222960667,-3.103403714441525,0.4424432273741101,-0.9277556107306747,0.01562758265226178,0.4363323152065277,0.0,17.430302024850413,0.6431079042216515,-0.13459918069760568,-0.0734751930924938,0.2657049636416522,1.2439029010793676,36.38383735759927,True,True,False,4.687521107349525
77.599538176,14.601030858259897,0.48991881748570104,-3.1033011887340813,0.4671879034100651,-0.7748669097214024,0.015618920262957258,0.4363323152065277,0.0,17.39727292287333,0.6349371476595168,-0.13447426534238038,-0.08056268324208057,0.27157925396977756,1.0968884903982181,36.41726238576726,True,True,False,4.654096079181535
77.699920128,14.55211538750425,0.48827410586610764,-3.1027272233183965,0.45822836135125916,-0.8673801763975255,0.0157680008560419,0.43609407069777595,0.0,17.348033364290252,0.6394120133707257,-0.134477171179595,-0.07448177981373545,0.3044650498749679,1.2222875529795678,36.466205499145076,True,True,False,4.605152965803718
77.799343104,14.519949911431015,0.48764791279277736,-3.1034686495501944,0.3945812681372216,-0.8479527182798496,0.0157680008560419,0.36947372387190136,0.0,17.316029560507374,0.635764745127982,-0.1340240139184899,-0.07708168731042825,0.26198445597265657,1.1603795009595768,36.49837387829728,True,True,False,4.572984586651515
77.900126464,14.478903978060032,0.4865836237866148,-3.1037016354703497,0.3374622037501325,-0.7729078857711057,0.0157680008560419,0.2875566311236303,0.0,17.275208809051357,0.6303865868109537,-0.13371080915238165,-0.0811235528023929,0.24863534606181112,1.0719855585399771,36.53943241285659,True,True,False,4.531926052092203
78.000881152,14.449898456778826,0.4854619285645466,-3.102883112162881,0.30462311870521336,-0.6307978504215553,0.0151110002771019,0.27073960231530747,0.0,17.246438393405437,0.6246178944892216,-0.13385887654480916,-0.08594937191759502,0.2955332770128299,0.9767734541414577,36.5684592373645,True,True,False,4.502899227584294
78.10107648,14.431328680415808,0.48463206044416746,-3.1024571217562724,0.2811082967186059,-0.5195843149733657,0.0157680008560419,0.3016696528594425,0.0,17.22807623591693,0.6195509649701845,-0.1340653504159971,-0.09041379177140561,0.3199407294245913,0.8899673711049751,36.58704640077935,True,True,False,4.484312064169444
78.199082752,14.400864579871605,0.4833959059008279,-3.1032236388411554,0.31131731674391017,-0.5029311285134633,0.0157680008560419,0.34542265417208956,0.0,17.19775320473289,0.6153580979163815,-0.13427888435243793,-0.09361390988651648,0.2760225355360759,0.8293959907566494,36.61753482322591,True,True,False,4.4538236417228845
78.301581824,14.377475059262341,0.4821308607442403,-3.10336520872345,0.35708320700437124,-0.7724714719744433,0.0157680008560419,0.3536567096078379,0.0,17.173732455255607,0.6268532686600936,-0.13475861097012312,-0.08134022820977564,0.26791117877449316,1.0908249774559877,36.64095361644742,True,True,False,4.430404848501375
78.399173632,14.336855789149974,0.48056837565222543,-3.1030777270306182,0.37280494387511476,-0.6235863889902801,0.015342646020306867,0.3239754389417344,0.0,17.133440178675382,0.6188281032043789,-0.13495763441761624,-0.08804495105380031,0.28438266646101723,0.9584113821583449,36.68160243997027,True,True,False,4.389756024978524
78.499239424,14.308392189280365,0.47937561720178123,-3.1034959081417437,0.3431791640097704,-0.5104518962335598,0.015252683047022987,0.40850497315084755,0.0,17.105299393947796,0.6109434266363873,-0.13519490391609226,-0.09500619230514293,0.26042265372141166,0.82131687666205,36.71009003189102,True,True,False,4.361268433057774
78.59956992,14.271671591872819,0.47787304605192993,-3.1032893042586935,0.32565868062490927,-0.46392075380047526,0.0151110002771019,0.4363323152065277,0.0,17.068657950434808,0.6077472544927968,-0.13541435884994707,-0.09700283048718107,0.1859648488754483,0.7822351040626198,36.74704435777396,True,True,False,4.324314107174835
78.700377856,14.245684655940037,0.4768935587469647,-3.103104321768512,0.31121332965630877,-0.5051886137788966,0.0157680008560419,0.4363323152065277,0.0,17.042552300847316,0.6092996646137911,-0.13548238999300527,-0.09459650510185354,0.1965635648466752,0.8341016800122663,36.77304965735536,True,True,False,4.298308807593436
78.800353792,14.210505724298041,0.47550089770844395,-3.1033086493927735,0.32199180601978317,-0.4912800220962713,0.0157680008560419,0.4363323152065277,0.0,17.00743228558821,0.6066565714308205,-0.13564115722557823,-0.09608828643977861,0.1848564543385766,0.8084859778215787,36.80825578649797,True,True,False,4.263102678450821
78.899945984,14.177921436066066,0.4742603370817906,-3.1038889911200425,0.3409249301499947,-0.42818933968779377,0.0157680008560419,0.4363323152065277,0.0,16.97506457915092,0.6007128463229412,-0.13573886097550106,-0.10096904575902535,0.1516053226906825,0.7121441637652195,36.840863535335174,True,True,False,4.23049492961362
78.99895168,14.146041845860047,0.47305563313357546,-3.103466895486382,0.3028256939264832,-0.5214748624414978,0.0157680008560419,0.4363323152065277,0.0,16.942919852903827,0.6052426737798248,-0.13582543007613573,-0.09538916878488704,0.17578962105037838,0.8296139848785741,36.87276576235928,True,True,False,4.198592702589515
79.098939392,14.117022922448736,0.47194394227751024,-3.1028872666645704,0.2605675606540565,-0.44743701545631914,0.0157680008560419,0.4363323152065277,0.0,16.91399441263866,0.6021379631261791,-0.13591931095182577,-0.09754514201912377,0.20899990622427358,0.7887864230673438,36.901805820191385,True,True,False,4.16955264475741
79.200428544,14.097672684057848,0.4698518799204519,-3.1019796567742866,0.22088673849661483,-0.34017727423647875,0.0157680008560419,0.4362255963286716,0.0,16.89476843593906,0.5973483693155393,-0.13733185288387748,-0.10170267355309433,0.2610021223818683,0.7335288980050976,36.92121749647089,True,True,False,4.150140968477906
79.299544832,14.074560328940258,0.46806256209975183,-3.1016202867295255,0.20163653346090815,-0.34054406793712005,0.0157680008560419,0.4041039596876694,0.0,16.871609259091436,0.5965821416981784,-0.13830997234471398,-0.10171021575549766,0.28159250923012963,0.7544860785539828,36.944378366481864,True,True,False,4.12698009846693
79.401186816,14.066944060435606,0.4680362228764698,-3.1015578013088922,0.22756329070561493,-0.49054909992614015,0.0157680008560419,0.38465736853899296,0.0,16.86363843663181,0.6040530091659937,-0.1380693415955132,-0.09398237428004397,0.2851726601135146,0.908071261426354,36.95199087832305,True,True,False,4.119367586625742
79.499407872,14.047215783959722,0.4673783578238869,-3.1014541940894222,0.25470225777438493,-0.49072803936659654,0.0157680008560419,0.30217132118549483,0.0,16.84389562711422,0.603693635373139,-0.13803531706250144,-0.0936951390271593,0.291108916516206,0.9141864572695239,36.97173009111048,True,True,False,4.099628373838314
79.599437568,14.020273373994922,0.4662958747703673,-3.10138272260354,0.27238477097794844,-0.25830215867598466,0.0157680008560419,0.26508356733739036,0.0,16.817474241865632,0.5914649795180883,-0.13817279085413364,-0.10505215300805237,0.29520393101280157,0.6858555910755336,36.99869388767605,True,True,False,4.0726645772727466
79.702308608,13.994693062911043,0.4652664051890801,-3.101403081894587,0.2456821390180607,-0.3399591395201742,0.0157680008560419,0.32986367600052446,0.0,16.791715330112307,0.5943649597135172,-0.1383050259535109,-0.1013103329021419,0.2940374295619401,0.7663460704688351,37.02429456416409,True,True,False,4.047063900784707
79.799981824,13.971478195051457,0.4643342382512942,-3.1016970111239632,0.21797167607289505,-0.338401212269655,0.0157680008560419,0.28255211931789737,0.0,16.76854177419237,0.5925346058147526,-0.1384229280936029,-0.10238096004795129,0.2771965252431505,0.747947238899506,37.04752784038642,True,True,False,4.023830624562372
79.899439104,13.955535196961854,0.46273587142023165,-3.1007600490655944,0.20298676731567183,-0.32221170509390284,0.0157680008560419,0.2933135354836728,0.0,16.752514282640828,0.5927666149942723,-0.13946150322689757,-0.10162430532955415,0.33088049675159825,0.7854417032322074,37.0635170657055,True,True,False,4.007841399243297
80.011838464,13.931005266056513,0.461291967854092,-3.1015023756475157,0.218622331532713,-0.3591025596880586,0.0157680008560419,0.2892750001909578,0.0,16.72799714096677,0.5910473210615709,-0.14004473397805903,-0.10253994055436139,0.28834831658713517,0.7798003776618876,37.088082533533736,True,True,False,3.983275931415058
80.10119168,13.914582515065932,0.46091318769451173,-3.1027169449461063,0.23197155529320973,-0.39645682186001785,0.0157680008560419,0.3081742850499354,0.0,16.711646949534046,0.5890948924482464,-0.1398476562583151,-0.10395598662855503,0.21875862185168166,0.7475649450984552,37.10450846988088,True,True,False,3.9668499950679177
80.199986432,13.90797843335249,0.46207826120388434,-3.103153315341966,0.25859132428944537,-0.363307900432638,0.0157680008560419,0.2951791429883015,0.0,16.70517152242854,0.5874210808035211,-0.13845182247016546,-0.10541688329775042,0.19375643986448388,0.6894138416838769,37.11106765729975,True,True,False,3.960290807649045
80.301393664,13.878044740065002,0.4609219403214321,-3.1025634632119217,0.2608548077013733,-0.2485606932419497,0.0157680008560419,0.32017714087192917,0.0,16.675412129636833,0.5823125814766581,-0.13855824283523857,-0.1095482656974458,0.2275524774528342,0.6084626720815214,37.141023487225134,True,True,False,3.9303349777236605
80.399763968,13.856016747926136,0.4601827313250931,-3.1051738411413727,0.2514937801005881,-0.34678756875962463,0.0157680008560419,0.4067106548413236,0.0,16.653491780081822,0.579066895390574,-0.13852490614958726,-0.11207449849925909,0.07798883916118939,0.5571259093075269,37.163063853743765,True,True,False,3.9082946112050294
80.518970368,13.84481510482877,0.46035035252692247,-3.1046229207655225,0.22482553080253223,-0.31218198318314094,0.0157680008560419,0.3867231936026411,0.0,16.642296441162785,0.5790860795128027,-0.13793834122399637,-0.11168876840966083,-2.7646663218972813,0.5540857361150677,37.18117447651623,True,True,False,3.890183988432561
80.604340736,13.822596188362757,0.45951956548367195,-3.1030659906998714,0.2136131799934434,-0.1747218955437988,0.0157680008560419,0.3891166158776741,0.0,16.620176531908978,0.5758992089090326,-0.1368748580722704,-0.1141496833072647,-2.67546080013845,0.5058311702345305,37.203383471532234,True,True,False,3.86797499341656
80.701752064,13.800980142265882,0.4581549270255748,-3.102526763288447,0.22259653247878838,-0.17892490235820696,0.0157680008560419,0.4363168097593151,0.0,16.598488668633472,0.5762483006780559,-0.1363946046793428,-0.11308484812612127,-2.644565345266053,0.5246247518267746,37.22503722510205,True,True,False,3.846321239846745
80.799130368,13.77309655614174,0.45669959708929503,-3.1023405981436847,0.2503458893251388,-0.25189105273003437,0.0151110002771019,0.4363323152065277,0.0,16.570429725625615,0.5788762679610215,-0.13547122600122483,-0.10953163185202268,-2.6338988681787425,0.608257379285895,37.25294349200005,True,True,False,3.8184149729487444
80.9005504,13.748053133925955,0.45571313117741497,-3.102612324244006,0.25831896226212053,-0.060004537293089744,0.0157680008560419,0.4363323152065277,0.0,16.54581034045323,0.5677605020734481,-0.13432243722179305,-0.11982824712581219,-2.649467626910678,0.400802105117018,37.277979993265475,True,True,False,3.7933784716833188
80.999852544,13.72979458379103,0.45497889897339905,-3.102281384626085,0.2622937237662714,-0.019679274464220138,0.015641512784477233,0.4363323152065277,0.0,16.527593374819485,0.5659830652002076,-0.1334998526301915,-0.12100307571674766,-2.6305061835301218,0.3794382856687128,37.29623477632496,True,True,False,3.775123688623836
81.099313664,13.700206463347142,0.45381014703971506,-3.1016954289182856,0.2565385549733455,-0.026944836710880472,0.0157680008560419,0.4363323152065277,0.0,16.49792542395732,0.5668084542938389,-0.13214584750670244,-0.11919831474724311,-2.596933394491679,0.42027663695385614,37.32581499813971,True,True,False,3.7455434668090817
81.200341248,13.677779340566632,0.45297337030794127,-3.102202028782917,0.25904954896895377,-0.028868281690079697,0.015225577500790104,0.4363323152065277,0.0,16.475551439693838,0.5646482616011412,-0.1310706099629377,-0.12061839948460526,-2.6259594286369072,0.3931740477877648,37.348231953680894,True,True,False,3.7231265112678997
81.299033344,13.646580452545098,0.45173430494929756,-3.100221069756595,0.2896699481048414,0.013880073821104224,0.0157680008560419,0.4363323152065277,0.0,16.444212515779785,0.5668639655986333,-0.12964955592878302,-0.11736889602214193,-2.512458837040362,0.463926283873181,37.37942308226219,True,True,False,3.6919353826866015
81.400933632,13.61409358312722,0.4503722947808475,-3.0997077386975236,0.3495075494918976,-0.020983624227218303,0.0157680008560419,0.4363323152065277,0.0,16.411594731561042,0.5686403145978655,-0.12824136864046878,-0.11451627188029294,-2.483047133862586,0.528201685099268,37.411907982828986,True,True,False,3.6594504821198086
81.500016128,13.58057363735184,0.4488297018003704,-3.099470267093184,0.39714770910131897,-0.1291077252448835,0.015226922171055625,0.4363323152065277,0.0,16.377817200735393,0.5730410020483163,-0.12692517421721622,-0.10900243878751928,-2.469441013179712,0.6499319067998205,37.44543758154606,True,True,False,3.6259208834027348
81.599723008,13.539686483395256,0.4471769829793979,-3.098435170805725,0.38967727624627974,-0.024777384156517056,0.0157680008560419,0.4363323152065277,0.0,16.337026789809684,0.5691901384554694,-0.12509161553073161,-0.11150404601863292,-2.4101343645186124,0.60490821437247,37.48631702504415,True,True,False,3.585041439904643
81.700095744,13.522441191628543,0.4469357927292214,-3.098275986064205,0.3608567772282488,0.008463477112841103,0.0157680008560419,0.4363323152065277,0.0,16.319832614987675,0.5677713194454101,-0.12386402602490545,-0.11235423135707014,-2.401013750666642,0.5807879669551319,37.50352025976501,True,True,False,3.567838205183783
81.800122368,13.482662244134776,0.4452008898686941,-3.097337978948069,0.33882754951630856,0.018901396722105113,0.0157680008560419,0.4363323152065277,0.0,16.27996153721168,0.5681507371701571,-0.12220668269634115,-0.1106582271154603,-2.347269901758824,0.6240938962536823,37.54330251415989,True,True,False,3.5280559507889038
81.90007552,13.461357686023375,0.44424053343950587,-3.0978408873091756,0.33051380555319176,0.08645469265793257,0.009112756668873182,0.4363323152065277,0.0,16.25885981610177,0.5624853312399,-0.12135012809260637,-0.11562363106168329,-2.376084428332109,0.5277260737446291,37.56461149806349,True,True,False,3.506746966885302
81.998772736,13.426611788040612,0.4426540515377499,-3.09885899142646,0.34850251743591565,0.09105942518924075,-0.01291855765619626,0.4363323152065277,0.0,16.224242118886576,0.557825801245331,-0.11997331130914435,-0.11913732534314232,-2.4344174973573667,0.4647882721880255,37.59936633552532,True,True,False,3.4719921294234766
82.098993664,13.391845936376056,0.44095687175403964,-3.098925924517995,0.361138585557991,0.10333708406500644,-0.040521501175785485,0.4363323152065277,0.0,16.189508545043292,0.5553418710556741,-0.11870509222044531,-0.12047277967092397,-2.438252481012088,0.44867562965751445,37.63415047676128,True,True,False,3.4372079881875166
82.200768768,13.35739950269105,0.43827656908065676,-3.1000746727166253,0.35827989589984266,0.15521224092753957,-0.04966171868153052,0.4363323152065277,0.0,16.15529117169408,0.5469145390701717,-0.11834142487969003,-0.12776735172366502,-2.7300208919681497,0.37626559585574115,37.669166931775,True,True,False,3.4021915331737915
82.299639296,13.319296201597012,0.43662715396718155,-3.103801754221052,0.3472937563400768,0.285497507569637,-0.021171110015885404,0.4363323152065277,0.0,16.11778942338964,0.5284731532306325,-0.11659127506146026,-0.14499023334661207,-2.943566932073075,0.03243428910870984,37.707265738844164,True,True,False,3.36409272610463
82.400335872,13.287748370437962,0.4348311630652657,-3.1052841129396356,0.34546889013839227,0.37246752669888933,0.0033004012964382256,0.4363323152065277,0.0,16.08650455929525,0.5182805209599128,-0.11557086844385878,-0.15416905819378915,-3.028499830372355,-0.13946862831977286,37.738848170740624,True,True,False,3.33251029420817
82.499938048,13.249426287972865,0.4334615989182501,-3.107259871275159,0.3366408746940037,0.41618852189408007,0.0124829998239874,0.4363323152065277,0.0,16.048400533432122,0.5092453257715428,-0.11352249742221415,-0.16197122257695032,-3.141702444335621,-0.2963922374782422,37.77713996994844,True,True,False,3.294218495000351
82.599847936,13.223565605717646,0.43215920513466455,-3.10657866466774,0.32363747594064396,0.35035099554816396,0.0151110002771019,0.4363323152065277,0.0,16.022396456974814,0.5130657317631158,-0.11251688225971657,-0.15731452546268795,-3.1026721807540687,-0.19152444755076886,37.803013892233594,True,True,False,3.2683445727152005
82.700181504,13.184432862676534,0.43049137077598726,-3.1062885651226297,0.3301219375186889,0.20775052010728146,0.0157680008560419,0.4362546772023393,0.0,15.983028072198374,0.5191753785869025,-0.11069340904695733,-0.14993896068292353,-3.086050701180572,-0.03230249253641445,37.842139691839634,True,True,False,3.22921877310916
82.799143936,13.150522219769538,0.42925700659841837,-3.1057827545882595,0.35318273671694494,0.04436485889276725,0.0157680008560419,0.39636301236374377,0.0,15.948803906333563,0.5273365796011786,-0.10890320382740865,-0.14067873883618162,-3.0570698923279243,0.16006397753076929,37.87602553729995,True,True,False,3.195332927648842
82.902018304,13.119130556422313,0.42796385088977307,-3.1054373431075524,0.3564623565717449,-0.13711850169778803,0.01587911446481874,0.31602907218478526,0.0,15.917050434614229,0.5358728645009477,-0.10739586598854127,-0.13112327422312173,-3.0372792722880173,0.3613379581612291,37.90740764545144,True,True,False,3.1639508194973516
82.999106816,13.08022869373905,0.4265301081144736,-3.1046970629623787,0.3413434711014423,-0.19828133893617733,0.01620217844972146,0.2652598785466786,0.0,15.87794892517172,0.539496946754519,-0.10535979052531762,-0.12624058528852544,-2.9948643443122585,0.46491572337537374,37.946282636580456,True,True,False,3.125075828368338
83.10073216,13.046878753149096,0.42514881871253224,-3.1043244958530067,0.33015322764453914,-0.20613419550235562,0.0164250005036592,0.22634719138621967,0.0,15.844541050514769,0.5395414316673227,-0.1037658561166657,-0.12511917532621902,-2.9735178213598825,0.49411510289397853,37.979623090549566,True,True,False,3.091735374399228
83.201321216,13.009536427775364,0.4238538256164096,-3.104142747915496,0.33481443983262615,-0.16856560480524493,0.0014323629157707253,0.23729578088215583,0.0,15.807252627036481,0.5369204802583799,-0.10173045543123532,-0.12653672163137947,-2.963104431605319,0.4669599019513982,38.01693238450545,True,True,False,3.054426080443342
83.29964032,12.974508175495846,0.42295083357375796,-3.1053427440547403,0.3510273934232904,-0.04083264282139305,-0.035236344853558,0.3281924505886531,0.0,15.77259566866927,0.526422474840629,-0.0995106739232875,-0.1359120568807432,-3.0318591458159765,0.2704722257568575,38.05190189154292,True,True,False,3.0194565734058756
83.400040192,12.933559421138684,0.42148538703261296,-3.107151155123646,0.36294547531053784,0.028859783801106334,-0.0505889989435672,0.4363323152065277,0.0,15.73194709190384,0.5164929873052326,-0.09732390522482738,-0.14452602177263635,-3.13547346768901,0.09716547726136934,38.09281846593066,True,True,False,2.978539999018132
83.500500992,12.901776959241904,0.42066456141870734,-3.1109569374076234,0.35612303696772357,0.020813983400260628,-0.02523528459617576,0.4363323152065277,0.0,15.700494068037118,0.505414457801878,-0.09530400412028577,-0.1545848625698295,-3.380883666462638,-0.11284398495540848,38.124593263297314,True,True,False,2.9467652016514805
83.6003968,12.86206100987479,0.4196393499594649,-3.1161925033123286,0.341341054921147,-0.09265008992248241,0.008108723082570329,0.4363323152065277,0.0,15.661039171344159,0.4952783056473104,-0.09276959801560067,-0.16345496531926063,-3.680859496164838,-0.28123146440260066,38.16424152275928,True,True,False,2.9071169421895107
83.700948992,12.833367221550018,0.41934647283349413,-3.117063355399114,0.3344748814844815,-0.09715633535865609,0.0164250005036592,0.4363323152065277,0.0,15.6324044261412,0.49276804537445806,-0.09049253783047341,-0.16504991986961284,-3.730755645317833,-0.3266213681194116,38.19284631715377,True,True,False,2.8785121477950213
83.799267584,12.793899004845148,0.41859440299417905,-3.1170713608456353,0.3474290062321447,-0.05495055120390456,0.0170820001512765,0.4363323152065277,0.0,15.592990105721608,0.4899316933422437,-0.08770826467691874,-0.16662671390614966,-3.7312143236165927,-0.3692858305729244,38.232223386139566,True,True,False,2.839135078809228
83.902005504,12.754973274590602,0.41781351652782817,-3.117652761651654,0.4007588086689709,-0.019971685836321692,0.0170820001512765,0.4363323152065277,0.0,15.554147413941198,0.4858145282177399,-0.0850012575967878,-0.16950191485488297,-3.7645261360069338,-0.4375765083308604,38.27106272666166,True,True,False,2.800295738287133
84.000399616,12.716826105950817,0.41759257500640706,-3.1185689660327176,0.4332597001823986,-0.2289126665618707,0.0170820001512765,0.42894229342750173,0.0,15.515804133694518,0.49323647897745154,-0.08180625327064958,-0.16085982132390972,-3.817020780213309,-0.2811301718116534,38.30907650360824,True,True,False,2.7622819613405554
84.09979264,12.669533980062607,0.41661687426706245,-3.117780303269742,0.44548664534472115,-0.2894657880961604,0.0170820001512765,0.29247137158241787,0.0,15.468367639444223,0.4974261999201585,-0.07854429126174196,-0.15515805340203118,-3.771833732435654,-0.17539000249979328,38.35626608685297,True,True,False,2.715092378095825
84.207909888,12.62817408257804,0.4163888114509991,-3.118588068908577,0.4311793957215211,-0.33959258671367887,0.0170820001512765,0.26102628672170725,0.0,15.427002312377912,0.4973859723599414,-0.07506876569251171,-0.1538778713077901,-3.8181152943766388,-0.17154476582315484,38.397480330199166,True,True,False,2.6738781347496285
84.302868736,12.581892537842899,0.4153175193904475,-3.118022721700063,0.40353176642763644,-0.39500053153225495,0.0170820001512765,0.22950794912207576,0.0,15.380593361615674,0.5006035030782444,-0.07199248169438964,-0.14918059758721586,-3.7857232853692664,-0.08374481199727966,38.44367194769101,True,True,False,2.6276865172577857
84.400177664,12.54955512425446,0.4145259204149616,-3.1178379951473527,0.3899984816767705,-0.4250866439299145,0.0170820001512765,0.2064941058034807,0.0,15.348194704558471,0.5017984794228689,-0.06988595166315639,-0.1469520588447702,-3.7751392335349596,-0.043074647765292545,38.47595038442136,True,True,False,2.5954080805274344
84.498896128,12.503181883102126,0.41342858934215615,-3.1169850787875233,0.4125325237791619,-0.378758338493855,0.0170820001512765,0.20792740195553908,0.0,15.301817591436086,0.5008252256508724,-0.06682739316193587,-0.14644445034168088,-3.7262707258390972,-0.04053444550545651,38.522235661241865,True,True,False,2.549122803706929
84.599160064,12.4680161555369,0.4121977975498564,-3.116450920702542,0.4264437861971141,-0.2875591820500493,0.0061110855487992305,0.2697816058619451,0.0,15.266742726627733,0.4966346394504312,-0.06490509259719655,-0.14951330471043528,-3.6956657219768623,-0.10112859808704998,38.55737037348157,True,True,False,2.513988091467226
84.701778688,12.414727882936134,0.4106234328290944,-3.1170222888895025,0.42990342832874706,-0.21811495493615896,-0.013261025814725068,0.36887037403001677,0.0,15.213600587803974,0.49006889806020426,-0.06166751733606541,-0.15437002815318268,-3.7856694668021915,-0.23165765859033172,38.610647275470804,True,True,False,2.4607111894779905
84.798858752,12.37515341731958,0.40958079609960485,-3.1180012406735518,0.41775015984512265,-0.22763264287867305,-0.026396426107553304,0.4363323152065277,0.0,15.174089773764772,0.486751208624871,-0.05912364498540035,-0.15640524303337883,-3.841759272375043,-0.2782297762206575,38.650153656394004,True,True,False,2.4212048085547906
84.901142784,12.33568089460208,0.4082869614761533,-3.1191517712331325,0.40377615451287224,-0.17031901085913598,-0.0289079993963241,0.4363323152065277,0.0,15.134776758186936,0.47943712986772385,-0.05683916703798139,-0.1624411587326281,-3.9076798176398166,-0.40146395350503655,38.68958125102294,True,True,False,2.381777213925851
85.001205504,12.293118320566242,0.4073646891348791,-3.1210636291178924,0.3850116321104134,-0.027955741528424394,-0.03119254849352118,0.4363323152065277,0.0,15.09249994660739,0.46620780073870566,-0.05390494476314959,-0.17429314581866032,-4.017221205465392,-0.6533686106613028,38.73205257822695,True,True,False,2.3393058867218457
85.099870464,12.258667302521784,0.4067303255207066,-3.1222982190658857,0.38169406111984194,0.005118825205757877,-0.034042892759960364,0.4363323152065277,0.0,15.058150948493969,0.4605012836141419,-0.05141824312239799,-0.17888325177985728,-4.08795799891466,-0.7571799708447438,38.766419588228466,True,True,False,2.3049388767203283
85.199152896,12.215152865798553,0.40592909457382215,-3.1257012042351593,0.39940947646265473,0.007674096110489428,-0.025113581205765772,0.4362804798568025,0.0,15.01480525417233,0.4500482998364517,-0.04827731499358376,-0.18792570495662983,-4.28293468685965,-0.9547119296944726,38.809827913983554,True,True,False,2.26153055096524
85.308455424,12.178738992028409,0.4058006933737754,-3.1284453583084084,0.41533519283933595,-0.03393042056474451,0.002802654572624369,0.4126944599989613,0.0,14.978474713057079,0.4442700629562605,-0.045109052907621655,-0.19252326186598864,-4.440163133590509,-1.070335859750047,38.84610392265555,True,True,False,2.225254542293243
85.398965248,12.134806902416086,0.4054656736428825,-3.128971691679837,0.41319802913796905,-0.10948136875426766,0.012810917165566673,0.3673687438069705,0.0,14.934511266251459,0.44615320393372676,-0.04146602208064374,-0.18921604859169033,-4.470319814390228,-1.024941592360252,38.889885985904314,True,True,False,2.18147247904448
85.499361792,12.107015260419105,0.4056400665482619,-3.1288884476287397,0.40594423831906873,-0.17476078994981128,0.010789364594005924,0.328025225497176,0.0,14.906667787929225,0.44975044181530943,-0.0387766820615459,-0.18471816308118924,-4.465550281592814,-0.9548926383672443,38.91754775063536,True,True,False,2.153810714313437
85.599480576,12.068038759165729,0.4054649929538241,-3.1285867739423656,0.39235082300774315,-0.22117457493437048,-0.02414888427188494,0.3813113570396306,0.0,14.867640516947056,0.45268784576585536,-0.03542293508455492,-0.18051724549458742,-4.448265652573398,-0.8911942243633338,38.95638009130563,True,True,False,2.1149783736431615
85.699128832,12.030475891706734,0.40483767773061397,-3.1291242617115267,0.39564161969077005,-0.3040390425180728,-0.06193524535670749,0.4363323152065277,0.0,14.830033578737318,0.4546047048467049,-0.032647533454320386,-0.17738237614575994,-4.4790614332862555,-0.8391255374924435,38.99384553781201,True,True,False,2.0775129271367874
85.800441088,11.993767993178125,0.4036556298894697,-3.1313383295200543,0.40127625751686236,-0.3900904172852717,-0.0762119963765144,0.4363323152065277,0.0,14.79336041370064,0.45142883318256055,-0.030501977797681646,-0.17936782931631642,-4.605918174270641,-0.8799309037097026,39.03050973891349,True,True,False,2.040848726035307
85.900896256,11.951440368979574,0.40322753492280355,-3.1378776210825117,0.4070271747221619,-0.4728544504653011,-0.078183002769947,0.4363323152065277,0.0,14.751239848505465,0.4367368537243937,-0.027054144987408855,-0.19266509169064092,-5.060017410291332,-1.2366499397496176,39.0727398815491,True,True,False,1.998618583399697
86.000061696,11.927176075146273,0.40285904361059843,3.140314442457477,0.4020888492581544,-0.3808146254848892,-0.07830358886617739,0.4363323152065277,0.0,14.727135729772797,0.4178900935977446,-0.02519120904573695,-0.21069266695322753,-5.3461091969208185,-1.614781551359485,39.09693536068784,True,True,False,1.974423104260957
86.099441152,11.883891369137356,0.4029919900349198,3.1339748591518486,0.38120737855769804,-0.3730974121778135,-0.0702370143770597,0.4363323152065277,0.0,14.68388965655707,0.3998951454049414,-0.02108099762881078,-0.2272267886410846,-5.7093405642049175,-1.9857301319506693,39.14002468199995,True,True,False,1.9313337829488475
86.199916288,11.85071725350882,0.4028365043633736,3.129518915625062,0.37029725801389624,-0.4315893868202229,-0.025880280317924935,0.4363323152065277,0.0,14.650688383560526,0.3901215180491178,-0.01818715239142041,-0.2358811714599374,-5.964647322038427,-2.1825449151418126,39.173072704380594,True,True,False,1.8982857605682
86.300130304,11.807844531724493,0.40317668997275913,3.124339884921418,0.3741559064214067,-0.6488504597461534,0.0022573393860511786,0.4363323152065277,0.0,14.607795331027479,0.38657785017696117,-0.013908439758386152,-0.237983988152034,-6.261383923325904,-2.2620204435033737,39.21573273974918,True,True,False,1.8556257251996158
86.400682752,11.773799498081976,0.40345265884778614,3.1220901957355878,0.37767448620239896,-0.886009830965971,0.0124829998239874,0.4362254369889365,0.0,14.573776662925688,0.3921444161123463,-0.010504929129114271,-0.2312793914310822,-6.390281618890193,-2.1537587678477994,39.24960834439229,True,True,False,1.8217501205565014
86.499341824,11.731851161831234,0.40412787607786327,3.121348123043825,0.3507591934812897,-1.1256974468622873,0.014300837184377933,0.38071747163664366,0.0,14.531850662183567,0.40245514576996333,-0.005977552864508115,-0.21956804780064146,-6.4327992522201045,-1.9565887852814188,39.29131711681096,True,True,False,1.7800413481378357
86.601639424,11.700692369607996,0.40473894661340526,3.1223734759328714,0.32786254389743097,-1.3262715939475371,0.0151110002771019,0.36539571550966665,0.0,14.500670761865875,0.4157390779299082,-0.0025056017435200915,-0.20524565526743957,-6.374050859166208,-1.6972662451422695,39.32228789812858,True,True,False,1.7490705668202153
86.699772416,11.668987106735203,0.4052543570247571,3.123121606167123,0.3079477735986766,-1.6364524924253774,0.0151110002771019,0.2624833116164539,0.0,14.468844564268917,0.43350710012789406,0.000921314243126392,-0.1864200161552422,-6.331186154217459,-1.3442206417156461,39.35381162869057,True,True,False,1.7175468362582222
86.799361024,11.637107755414233,0.4059415526134379,3.122831041375413,0.2998309641612096,-1.9611407031148724,0.0151110002771019,0.1268325644520655,0.0,14.436772853586314,0.44924672640495533,0.004535287047133331,-0.16961339559433086,-6.347834290457538,-1.0361805672662232,39.38549292410277,True,True,False,1.6858655408460237
86.905887488,11.619071156335211,0.4067779156211346,3.122334081765432,0.3013892474457455,-2.14796803860163,0.0157680008560419,0.12970419346000375,0.0,14.418605875461061,0.45782060764402455,0.007025658912100153,-0.16043492448349844,-6.376307978697909,-0.877826920019868,39.40337633701508,True,True,False,1.667982127933712
87.009223168,11.585634408438064,0.4074264900421186,3.1217430901176737,0.31313512514188635,-2.250753709296701,0.0157680008560419,0.07629452216578603,0.0,14.385105699818899,0.46183686345122366,0.010744297398415861,-0.1552971583201219,-6.41016930584195,-0.8089025764688541,39.43661198785157,True,True,False,1.6347464770972238
87.099803904,11.555075602667609,0.4081105781257093,3.1214885402578405,0.32316345162245463,-2.273102677759157,0.0157680008560419,0.0635849318218319,0.0,14.35453949501882,0.4629003164149843,0.01423381883705417,-0.1532089538571933,-6.424753938486038,-0.8011382406504587,39.46697861141679,True,True,False,1.6043798535320022
87.209025792,11.525895127411658,0.4091187593442833,3.1218285714144605,0.3256174162050887,-2.0059831466639846,0.0157680008560419,0.08739031705065123,0.0,14.325569677357455,0.45180850501928305,0.01791939455299869,-0.16332272393552968,-6.405271588308763,-1.0487754215683778,39.49594295323867,True,True,False,1.5754155117101263
87.30934144,11.48549776830497,0.4099394946503856,3.1216782549940145,0.340106094735703,-1.9504536950664224,0.015593463030749079,0.20773604631424858,0.0,14.2852183545554,0.44949501165557365,0.02248911487840098,-0.16424977657334153,-6.496300881049807,-1.1992127050247172,39.53606161816839,True,True,False,1.5352968467804047
87.400726272,11.45398054598868,0.4107499972284052,3.121118438928143,0.3731584934106467,-1.9780425658387037,0.0157680008560419,0.22561971862224744,0.0,14.253704220831434,0.45008629757533564,0.026237626467530785,-0.16255426878496756,-6.528375978927875,-1.2036989321305478,39.567365625544916,True,True,False,1.5039928394038782
87.499484928,11.406631056385294,0.41186661753334386,3.122063316446072,0.42968132112831015,-2.018714452020072,0.0157680008560419,0.278287238094372,0.0,14.206285807039748,0.4558356650319775,0.03176856742775204,-0.15514639639034783,-6.474238484993744,-1.1088895520150768,39.61440422351192,True,True,False,1.4569542414368755
87.599446272,11.369813358885049,0.4126036759573768,3.122511895265852,0.44592322797434364,-2.011553737861513,0.0157680008560419,0.2462935063454742,0.0,14.169453734535272,0.4574786916016531,0.03593865625824719,-0.15221339794902672,-6.448536811841384,-1.0903485930212244,39.65099242466319,True,True,False,1.4203660402856073
87.701135616,11.316132001430574,0.4137317996999488,3.123450804735012,0.4255367570754234,-1.9494633422249867,0.017652902355619438,0.15362971487724872,0.0,14.115778844404193,0.45820150430706097,0.04207201259467811,-0.14960969927231244,-6.3947412619136434,-1.098643438730075,39.70433417886554,True,True,False,1.3670242860832573
87.799086336,11.278089139862983,0.4146880730440392,3.1240841218232323,0.4038844212180217,-1.878869361214846,0.0190529990941286,0.1209018712857495,0.0,14.077762108528951,0.4574813963677736,0.04657470578256389,-0.14899686028907883,-6.358454865665109,-1.1329510234915976,39.74212173672544,True,True,False,1.329236728223357
87.900918272,11.239538466712002,0.4172148555593404,3.1236995580701583,0.39449091313769763,-1.6722097020221005,0.019710000604391,0.1325713515459245,0.0,14.039359940792739,0.4488330983374251,0.0526884477935084,-0.15629383030129854,-6.3804887456699575,-1.3616445626891838,39.7802683117866,True,True,False,1.2910901531621946
87.999074304,11.196042010826545,0.4179778723146306,3.124754568281368,0.4091509705675562,-1.412750677765873,0.019710000604391,0.20083349980057025,0.0,13.995956418362592,0.439871032709253,0.0575077195820587,-0.1637290752838256,-6.320041113224437,-1.560655954499904,39.82350369646851,True,True,False,1.2478547684802876
88.101534208,11.155957421042238,0.4201141621001312,3.123755753830917,0.4291929569704735,-1.5536826137153557,0.019710000604391,0.1946349154431119,0.0,13.955836856735191,0.4460977258224347,0.06337583592688029,-0.1560999987248808,-6.3772689657519654,-1.4769518710779903,39.86321393800375,True,True,False,1.2081445269450413
88.200043776,11.104083807789587,0.42189641436390524,3.124465673075031,0.43507170080679564,-1.487315351234681,0.019710000604391,0.16001877183362842,0.0,13.903974613234531,0.446624487173242,0.06999174626352957,-0.15375576505347116,-6.3365935892691025,-1.5026437570758286,39.91469478789412,True,True,False,1.1566636770546737
88.301756416,11.07396953013505,0.42312808418067854,3.1242675346291575,0.4264790824440216,-1.3250007182130739,0.019710000604391,0.23113331487482555,0.0,13.873922426046668,0.4393694103624487,0.07402864793518858,-0.15995304065986218,-6.34794608597694,-1.67631088680522,39.94456266619315,True,True,False,1.1267957987556443
88.399273472,11.029006634891564,0.4243317234313624,3.1244515830437436,0.4076190472346905,-1.2542851597364248,0.019710000604391,0.27768577767779345,0.0,13.828975042991987,0.4376326121079977,0.07869326180534623,-0.15922534151273546,-3.7793757799604437,-4.610701821342489,39.99274718884689,True,True,False,1.0786112761019027
88.499594496,10.99301593579905,0.4248794589970909,3.1254888320930476,0.4024117634031173,-1.1906896162766503,0.019710000604391,0.33835816370784605,0.0,13.792985303508464,0.4379767827293055,0.08099676599686016,-0.15581900424816336,-3.719945787131366,-4.614867371973199,40.02866827323834,True,True,False,1.0426901917104558
88.600858112,10.97144212446748,0.42496353372886364,3.127304023741921,0.406314064107704,-1.1227715913634575,0.019710000604391,0.3632141781188101,0.0,13.771402688204189,0.43982427123435486,0.08213358759350792,-0.15214112700693022,-3.615942966643531,-4.578782576398529,40.05021227566566,True,True,False,1.0211461892831366
88.699914752,10.926597861548077,0.4255401900759722,3.1286594291998586,0.4147104643330311,-1.0377485912860698,0.019710000604391,0.3759060284116835,0.0,13.726560312147333,0.44004106019495026,0.0848980505087979,-0.14810818028524303,-3.538283954374706,-4.58614656420709,40.094974963186814,True,True,False,0.9763835017619797
88.799556352,10.89935870732091,0.42567139434906087,3.130110819746955,0.40953891899040434,-0.938549366987718,0.019710000604391,0.3744438605361455,0.0,13.699325107891278,0.4393883793318878,0.08635842605387307,-0.14644025523147605,-3.455125401600904,-4.602187235731609,40.1221752580536,True,True,False,0.9491832068951922
88.89911296,10.865716131726119,0.4260704559720147,3.129750843613788,0.3071653455812549,-0.914198041279608,0.019710000604391,0.35012533672453316,0.0,13.665692437273597,0.4375894998862519,0.0883988401223891,-0.1453698221117314,-3.4757505147567973,-4.647163674595667,40.155758272409955,True,True,False,0.9156001925388395
88.999291904,10.847600351679844,0.4262131371088291,3.1306623405810363,0.2657200093299807,-0.9226446861217051,0.019710000604391,0.31660875885195466,0.0,13.647562889679245,0.4406971213656311,0.0894254391450331,-0.14073030735330389,-3.4235255854945055,-4.58649210049127,40.1738455037912,True,True,False,0.8975129611575952
89.099762688,10.821087944442127,0.42652183019667295,3.1311297151221016,0.23803856016892885,-0.7300296335081294,0.025997832700954616,0.2663677559331959,0.0,13.621080676371207,0.4329015750442452,0.09102762525064999,-0.14624341867251728,-3.396746996839602,-4.752328564449888,40.20031125578588,True,True,False,0.8710472091629171
89.20078208,10.799106787072855,0.4267130691804516,3.132127269838856,0.2232450952151277,-0.671263774708256,0.04069692478440243,0.2944865250855673,0.0,13.599099697186263,0.43301412580998383,0.09229136274693607,-0.14426027430897786,-3.3395913217362168,-4.753938748146417,40.22225688904587,True,True,False,0.849101575902921
89.299735552,10.770141448504805,0.42706330344484833,3.132058577607461,0.23181165822427965,-0.62972609665679,0.04768874552767928,0.2496975219501002,0.0,13.570138477667923,0.4311421118144632,0.09405474870251158,-0.14366034022314045,-3.3435270966804636,-4.799412201142117,40.25117062232909,True,True,False,0.8201878426197027
89.39945472,10.747401429090537,0.4271667337400445,3.1350223982572203,0.2545616665439723,-0.3885501709068291,0.05481754661525342,0.19750827915354138,0.0,13.547401366628456,0.427758162220673,0.09526781618948067,-0.14509664535707464,-3.173712682215547,-4.870773712427181,40.2738784986732,True,True,False,0.7974799662755956
89.499689472,10.730038785892424,0.4268520350545228,3.1382879401213026,0.2932760994535567,-0.24695463265180698,0.06452138593699262,0.23483528873152726,0.0,13.53003737056851,0.42966731690831667,0.09580082572151984,-0.14171641098017326,-2.986610915580345,-4.8252674840469805,40.29123581168318,True,True,False,0.7801226532656145
89.599657984,10.699405895205658,0.4268837842375563,3.14073871547852,0.2889499368837756,-0.2403954095858692,0.07002635565310796,0.24336395807851421,0.0,13.49939026097911,0.4362406760418129,0.09732748610633954,-0.13255825236506635,-2.846191831077135,-4.691407622609716,40.3218306528808,True,True,False,0.7495278120679956
89.700416,10.684509012965151,0.4265187805525867,-3.1394748548613927,0.27251142132099854,-0.3946515083399858,0.071612998843193,0.1549591276836968,0.0,13.48439546835894,0.45173458715088444,0.09768991629529723,-0.11584422819444425,-2.675923852340282,-4.366883545118776,40.33672759795473,True,True,False,0.7346308669940669
89.79902336,10.656390192276927,0.4264290941328639,-3.136302312160156,0.24918613175760923,-0.24684129257868245,0.0722699984908104,0.12815736679525266,0.0,13.456261208651078,0.45330457864903145,0.09897259390602654,-0.11188517051793173,-2.4941505452343673,-4.332920453774194,40.36481729105909,True,True,False,0.706541173889704
89.899587328,10.639619943123638,0.4262140444313641,-3.1348488801435392,0.24471471606549627,-0.20304164663037286,0.07113554978487584,0.18449312282344563,0.0,13.439471778173008,0.45501858870248835,0.09957622362075448,-0.10874827908131231,-2.410875024873085,-4.293444579361156,40.38157805280208,True,True,False,0.6897804121467175
90.002326272,10.612704868769546,0.4259155541051633,-3.1317084033864346,0.2583933881715506,-0.1670441377921897,0.06711916123354379,0.18228635912574698,0.0,13.412475505921613,0.46175379263754246,0.10059160078677304,-0.09973961917358098,-2.230938961032034,-4.149506024358293,40.408475623940966,True,True,False,0.6628828410078285
90.099430144,10.588010681200766,0.42557439718215895,-3.129121557791231,0.2783998404798678,0.12855833041292927,0.0650430023670196,0.1973416897630391,0.0,13.387864244896653,0.45421042098853814,0.10145597828189988,-0.10516072486912147,-2.0827236261748596,-4.2968931577062435,40.43315703677075,True,True,False,0.6382014281780428
90.200169472,10.567841644130693,0.4248017059622365,-3.1253909309004078,0.2898555125580572,0.31698977649148974,0.06099384939025709,0.2824827243736146,0.0,13.367682280861425,0.4546749199046167,0.10159222185016913,-0.10292387683390869,-1.5153919437965,-4.497525415453909,40.45396693186493,True,True,False,0.6173915330838611
90.298936832,10.538405743546026,0.4242305981871646,-3.122332166948427,0.2753039745410437,0.44578040318985274,0.03876191956765312,0.40085534099426684,0.0,13.338221234163042,0.4563743145404169,0.10227670288340493,-0.09860779400205516,-1.3401376788212824,-4.451061777177009,40.483400414381215,True,True,False,0.587958050567579
90.40006784,10.520758246220394,0.4234867284268644,-3.1186212931293276,0.25667548218541236,0.5223100325738675,0.027054218339652655,0.4363323152065277,0.0,13.320489492256439,0.46228041308629647,0.10228595250079389,-0.09114618692495378,-1.1275202706812806,-4.3149739984210305,40.501063579967344,True,True,False,0.5702948849814504
90.499895808,10.491053175810292,0.42279868163919765,-3.1171779393764685,0.2613669909725459,0.65429443868641,0.0249659996479749,0.4363323152065277,0.0,13.290816756663979,0.4591839990810086,0.10286507755821034,-0.09158801029840698,-1.0448221922980863,-4.364260326150395,40.53077097350194,True,True,False,0.5405874914468569
90.599244544,10.471270281575952,0.42236447165129004,-3.1164125841396424,0.269994447158615,0.7309611692189305,0.0243090000003576,0.4363323152065277,0.0,13.271054242259595,0.4571462700323312,0.10327475306055206,-0.09185783717211461,-1.0009705673997162,-4.397075431784565,40.55055439101721,True,True,False,0.5208040739315862
90.700114944,10.441039372297997,0.4216239803986956,-3.112949393370161,0.28251475883562455,0.797182462162532,0.0243090000003576,0.4363323152065277,0.0,13.240735623916235,0.46286593324752623,0.1038239017328683,-0.08346109203340825,-0.8025443526597346,-4.264870509988162,40.580789381323186,True,True,False,0.49056908362560847
90.799907072,10.42114446745234,0.4209775439213132,-3.112454741394329,0.2814969906805776,1.1613977591927018,0.0236520003527402,0.4363323152065277,0.0,13.221034377694401,0.44580677114858913,0.10402631957971693,-0.09869813300580986,-0.7742028821167929,-4.600744336475418,40.6006937563687,True,True,False,0.47066470858009524
90.899465216,10.394817715472628,0.42019496943345136,-3.1098355105119513,0.268539429653754,1.2506725571629465,0.0236520003527402,0.4363323152065277,0.0,13.194679703412474,0.44799512212257075,0.10436696027863229,-0.0941716516898614,-0.6241320069862433,-4.5399482593150715,40.62702993408196,True,True,False,0.44432853086683366
91.000789504,10.369630519863392,0.4194130294928476,-3.108653501705932,0.2638825441326776,1.3143842170886864,0.0243090000003576,0.4363323152065277,0.0,13.16949055407709,0.4474092580401058,0.10465964725858902,-0.0925121518216357,-0.5564078910540037,-4.535935803308579,40.65222756466621,True,True,False,0.4191309002825818
91.099635456,10.352186667219668,0.41902782691376267,-3.1078280407687626,0.2647439313504968,1.4836911688034886,0.0236520003527402,0.4363323152065277,0.0,13.152099971060467,0.4410616866595224,0.10501855501608189,-0.09728591467724522,-0.5091124632012962,-4.657947327170647,40.66967197813599,True,True,False,0.4016864868128067
91.198894336,10.320988835474994,0.41794477438708155,-3.105516178625496,0.27264880575439465,1.496389592747463,0.0243090000003576,0.4363323152065277,0.0,13.120849966941183,0.4458310524620459,0.10526668096797376,-0.08975275397438207,-0.3766525195760438,-4.538185807489397,40.70088761751526,True,True,False,0.37047084743353764
91.2992704,10.30103762701121,0.4171299268253653,-3.1049669206289576,0.27375485438335123,1.5711860375151288,0.0243090000003576,0.4363323152065277,0.0,13.100919045190045,0.4428989806860054,0.10530324151953777,-0.09089837438222399,-0.34518235451059,-4.581512087191618,40.72085542558325,True,True,False,0.3505030393655417
91.41830528,10.268331064516167,0.4158875653388698,-3.102138399738227,0.261176815197375,1.7526786571148707,0.023851422860043017,0.4363323152065277,0.0,13.068221060571588,0.4407071138595513,0.10545653169962145,-0.0901698524640301,-0.1831200452071422,-4.600942397487891,40.753585216209316,True,True,False,0.31777324873947776
91.499945216,10.254843459455877,0.4151360990404577,-3.101161111805957,0.2584754519363037,1.798195741591592,0.0236520003527402,0.4363323152065277,0.0,13.054728870072434,0.44046764886572165,0.1052808248120473,-0.08920691723724897,-0.12712557131901503,-4.5904650080765235,40.76709259637534,True,True,False,0.3042658685734523
91.600128,10.228654588124785,0.4139601646932175,-3.0994819029132263,0.2557120098392156,1.8510749753428382,0.0236520003527402,0.4363323152065277,0.0,13.02852003995454,0.4414092384509762,0.10522258449908964,-0.08593523146748887,-0.030913988844699605,-4.5471326593534425,40.79330779065751,True,True,False,0.27805067429128627
91.702264576,10.204210016439966,0.41290296501742935,-3.098671584915969,0.2533940197932449,1.9027085335585108,0.023740533019429282,0.4363323152065277,0.0,13.004077950670041,0.44009764961221015,0.10520859852857238,-0.08506509731281565,0.01551381246164241,-4.552338416262757,40.81777520900112,True,True,False,0.2535832559476745
91.799949568,10.1865668195643,0.41208299664188375,-3.0976918695841027,0.24391457393124227,1.9569474699519462,0.0243090000003576,0.4363323152065277,0.0,12.986433853008583,0.4393702653199794,0.10514163537386417,-0.08421842515626018,0.07164736610186272,-4.550443799016014,40.83543732269304,True,True,False,0.235921142255755
91.89979392,10.16150410685522,0.4109450197562682,-3.095724860196152,0.22716246363251877,2.067783641133873,0.0236520003527402,0.4363323152065277,0.0,12.961370250526134,0.43832343324885437,0.1050733015601578,-0.08302924167891491,0.1843487022940358,-4.548578634005763,40.86052576405993,True,True,False,0.21083270088886508
92.004780288,10.145406909706377,0.4101475740824298,-3.0952380095038494,0.21264725548277771,2.179214661306929,0.0236520003527402,0.4363323152065277,0.0,12.945309994871984,0.4334437900866095,0.1049629232594702,-0.08645937049576521,0.21224319221600907,-4.632115164256829,40.8766423236271,True,True,False,0.1947161413216918
92.099481088,10.12204148261656,0.4090497496389905,-3.0938035864061018,0.20326189302291744,2.193778040168525,0.0236520003527402,0.4363323152065277,0.0,12.921915122465897,0.4356505179891786,0.10486233757509789,-0.08217814888912181,0.2944295817529807,-4.564492153581375,40.90003331086831,True,True,False,0.17132515408048477
92.199899904,10.103255354363053,0.40807524924210725,-3.0932811360425356,0.19775351309628622,2.323615477496073,0.0236520003527402,0.4363323152065277,0.0,12.903171120162057,0.4297940068073915,0.10470898325132989,-0.08633602572323751,0.2201538178233593,-4.6917503262276234,40.91865347745032,True,True,False,0.15270498749847405
92.29977344,10.08502977193535,0.40675918805834294,-3.0914451868996853,0.19663758016985503,2.4178883415231924,0.0236520003527402,0.4363323152065277,0.0,12.884941347786803,0.4290115455296811,0.10420443142035449,-0.0854833566472401,0.3253459551093961,-4.680831052968772,40.9369195470691,True,True,False,0.13443891787969164
92.399648,10.066630404081186,0.40588644983604383,-3.090883124489981,0.15019636214845208,2.393015543042051,0.0236520003527402,0.4363323152065277,0.0,12.866518423436688,0.4309279967036334,0.10415048982333594,-0.08192532038229364,0.35754975900841496,-4.623754450588573,40.95533952263211,True,True,False,0.11601894231668552
92.501005824,10.05586456325966,0.40565082969850463,-3.090118240900927,0.09129863537202554,2.3643583955614917,0.0236520003527402,0.4363323152065277,0.0,12.855718663550697,0.4342343403904015,0.10439369218962549,-0.07766542289189692,0.4013743604799593,-4.5512727016364325,40.96610519483837,True,True,False,0.10525327011042407
92.60032384,10.048459949963252,0.405272215136973,-3.0904152495636694,0.0,2.4853955877788,0.0236520003527402,0.4363323152065277,0.0,12.848374794752813,0.42710938361300055,0.10434461996100114,-0.08410432402030507,0.38435701762605234,-4.689327236707692,40.97351931912731,True,True,False,0.09783914582148157
92.701620736,10.041905612292068,0.40513947193965144,-3.0902014352145306,0.0,2.6772025860586024,0.0243090000003576,0.4363323152065277,0.0,12.841875142378143,0.4182020363724539,0.10450337749270046,-0.09239403583903544,0.3966076774309918,-4.868883575182539,40.98007307828603,True,True,False,0.09128538666276143
92.7993344,10.037034811561416,0.4050090636464962,-3.0900651215588324,0.0,2.588756919383223,0.0243090000003576,0.4363323152065277,0.0,12.836978445557763,0.42277550513950246,0.10458962690529011,-0.08740056253536824,0.40441787459249906,-4.772627711345649,40.98494486103154,True,True,False,0.08641360391725073
92.900402432,10.034336224229746,0.4049173505330806,-3.0901384443363846,0.0,2.6042450097185337,0.0243090000003576,0.4363323152065277,0.0,12.834285798181371,0.4217216157091805,0.10461796868400686,-0.08820916575953038,0.40021678889660506,-4.792316887376847,40.98764485762884,True,True,False,0.08371360731995736
92.999488512,10.030149525601276,0.40495631467356813,-3.0902405947469322,0.0,2.6809936547463797,0.024147559379990954,0.4363323152065277,0.0,12.83012041598627,0.4177239689868566,0.10484301170545901,-0.09181786228704884,0.3943640014967233,-4.874918319804629,40.991825685208205,True,True,False,0.07953277974058892
93.099137536,10.029443764381972,0.40497194777913564,-3.0901753385046806,0.0,2.685151308831348,0.0243090000003576,0.4363323152065277,0.0,12.829414748004725,0.41771913847489933,0.10489000358579263,-0.09175949970850326,0.39810290876462445,-4.87533706662164,40.99253005375935,True,True,False,0.07882841118944128
93.200807424,10.024079101009692,0.405081897819463,-3.089833723332208,0.0,2.6491458561927557,0.0243090000003576,0.4363323152065277,0.0,12.824036402166744,0.420545134780406,0.10523832811047838,-0.08846336350864019,0.41767601636489093,-4.819758506382793,40.99788452592146,True,True,False,0.07347393902733756
93.301309952,10.024079121769772,0.40508189889193025,-3.089833723332208,0.0,2.652528121296709,0.0243090000003576,0.4363323152065277,0.0,12.824037330868848,0.4203798496923402,0.10523832825900742,-0.08862806807325149,0.41767601636489093,-4.823140771486747,40.99788450513422,True,True,False,0.07347395981457083
93.400123136,10.019392572784499,0.40504016614911953,-3.0895885610016602,0.0,2.7280352875328333,0.0236520003527402,0.4363323152065277,0.0,12.819365580888968,0.4173346318311695,0.10540497474767836,-0.09124282830418799,0.43172278320091745,-4.884601170886828,41.00256827626025,True,True,False,0.06879018868854558
93.499183872,10.015884298306505,0.4050517439458003,-3.089468593114055,0.0,2.7003315244146,0.0236520003527402,0.4363323152065277,0.0,12.815849376952237,0.4190359623509182,0.10557249952412784,-0.08923354706017733,0.4385964368377545,-4.8500237541317714,41.006072567815984,True,True,False,0.06528589713281008
93.600694528,10.015040046920918,0.4050308864315807,-3.089416634551922,0.0,2.634658872560468,0.02418724551443817,0.4363323152065277,0.0,12.814986360398017,0.42236990733813284,0.10558919336354725,-0.08583572870376215,0.4415734431575833,-4.781374095957789,41.006916911794285,True,True,False,0.06444155315450928
93.700708096,10.010196287260884,0.4049364929714928,-3.0891728613690903,0.0,2.6173466066676725,0.024209062716378963,0.4363323152065277,0.0,12.810132717614039,0.4238040837354204,0.10571021990935434,-0.08397279700781353,0.4555406176922628,-4.750094655530309,41.01176007918192,True,True,False,0.059598385766875595
93.815046144,10.010196287260884,0.4049364929714928,-3.0891728613690903,0.0,2.659882412586088,0.023950226868474613,0.4363323152065277,0.0,12.81014595313864,0.4217254343033095,0.10571021990935434,-0.08604428499306485,0.4555406176922628,-4.79263046144874,41.01176007918192,True,True,False,0.059598385766875595
93.901430272,10.0075713654686,0.40490223705553635,-3.0892004888709903,0.0,2.7107876713274814,0.0236520003527402,0.4363323152065277,0.0,12.807535236664076,0.41912616056611246,0.1057926873227293,-0.08839940211329934,0.4539576784349288,-4.845118659447492,41.01438392883637,True,True,False,0.05697453611242764
93.999374592,10.005474676084877,0.4048768246104934,-3.0892177686520483,0.0,2.773176839561033,0.02380339132692566,0.4363323152065277,0.0,12.805452568388809,0.41600348669908044,0.10586050718130693,-0.09132309036532063,0.45296761990941886,-4.908497886206537,41.016479675154734,True,True,False,0.05487878979405991
94.100940288,10.005474676084877,0.4048768246104934,-3.0892177686520483,0.0,2.829440368269953,0.0236520003527402,0.4363323152065277,0.0,12.805462144590889,0.41325394877636495,0.10586050718130693,-0.09406244544976858,0.45296761990941886,-4.964761414915488,41.016479675154734,True,True,False,0.05487878979405991
94.200855552,10.002956813724513,0.4047996784248072,-3.0891499572137864,0.0,2.814825552854248,0.0236520003527402,0.4363323152065277,0.0,12.802941431398228,0.41408088473515864,0.10589536745719087,-0.09301316741019693,0.45685292912454084,-4.946261290284642,41.01899847787843,True,True,False,0.05235998707036771
94.299449088,10.001183504517776,0.4047495052149621,-3.0891164567109706,0.0,2.764987687819407,0.0243090000003576,0.4363323152065277,0.0,12.801158595736698,0.4165600324506669,0.10592407534004478,-0.0903843688849809,0.45877236654742737,-4.894503987826922,41.020772264435806,True,True,False,0.050586200512988455
94.40139648,10.000952566927392,0.4047334550665884,-3.0892650753019453,0.0,2.673758517103096,0.024195622643074486,0.4363323152065277,0.0,12.800907690439788,0.42058609890550497,0.10591830726307849,-0.08635200630619252,0.45025714852742127,-4.811790035130585,41.02100368722466,True,True,False,0.050354777724130884
94.506456576,9.9994150379803,0.4045863643190949,-3.0900827529894235,0.0,2.7658596949759766,0.0236520003527402,0.4363323152065277,0.0,12.799400372704847,0.413648666867027,0.10583971193714538,-0.09312664270723457,0.4034076680328523,-4.950740693498038,41.0225462350281,True,True,False,0.04881222992069212
94.60212352,9.9994150379803,0.4045863643190949,-3.0900827529894235,0.0,2.7615172251451394,0.0236520003527402,0.4363323152065277,0.0,12.79939967782753,0.4138608788387159,0.10583971193714538,-0.09291522061576027,0.4034076680328523,-4.946398223667194,41.0225462350281,True,True,False,0.04881222992069212
94.699782144,10.000335115634002,0.404744080033003,-3.0901460116566404,0.0,2.706030118895805,0.0236520003527402,0.4363323152065277,0.0,12.80031021336304,0.4165530637852885,0.10595637018572977,-0.09031535961767116,0.3997832133837266,-4.894535572066976,41.02162005578611,True,True,False,0.04973840916268557
94.800643584,10.001103145217924,0.4048934386679061,-3.090185914522806,0.0,2.6046440526899657,0.0236520003527402,0.4363323152065277,0.0,12.801053629758034,0.4215452891237533,0.10607143883089824,-0.08540973245634013,0.397496947561993,-4.795435771682916,41.0208461458104,True,True,False,0.050512319138391604
94.900834816,10.001046951581165,0.40496346368452424,-3.0902638924452774,0.0,2.6755264745389424,0.0236520003527402,0.4363323152065277,0.0,12.80101691384751,0.4179330591367788,0.1061438926790585,-0.08900417144478763,0.3930291417091494,-4.870785999384709,41.02089917097096,True,True,False,0.05045929397783766
95.000078592,10.000957386611079,0.4050920704982872,-3.090372896192347,0.0,2.8010230049321927,0.0236520003527402,0.4363323152065277,0.0,12.800949768637054,0.41162357847921255,0.10627635391550216,-0.09528230679011788,0.3867836870509579,-5.0025279844361625,41.02098293025254,True,True,False,0.05037553469625067
95.100230912,10.001194715277983,0.4051187805015854,-3.09036655526763,0.0,2.7109454821796506,0.0236520003527402,0.4363323152065277,0.0,12.801173299112417,0.4160700392657655,0.10629248719737412,-0.09087371091008606,0.3871469952754437,-4.912087153459151,41.02074464882728,True,True,False,0.050613816121511945
95.201960448,10.002445342689773,0.4052919993377412,-3.0903312371310263,0.0,2.662277063701774,0.0243090000003576,0.4363323152065277,0.0,12.802413141615803,0.4187205129309818,0.1064099388330825,-0.0883448743430691,0.38917057544310424,-4.8613951548135725,41.019487557421854,True,True,False,0.0518709075269399
95.301394176,10.002735785814439,0.4053026103093395,-3.090376441616541,0.0,2.660637540546046,0.0236520003527402,0.4363323152065277,0.0,12.802703807126276,0.41868467409173477,0.10640762782435757,-0.08840659060241235,0.386580549208045,-4.862345657892889,41.0191969297208,True,True,False,0.05216153522799516
95.399455744,10.005206110085943,0.40540290840055293,-3.0905923191323104,0.0,2.6966327386866027,0.0236520003527402,0.4363323152065277,0.0,12.805184429836043,0.416421480422651,0.10639800984607899,-0.09088277036243099,0.3742116786626989,-4.910709726578816,41.016724588885076,True,True,False,0.05463387606371839
95.499936,10.005206109960591,0.4054029083941423,-3.0905923191323104,0.0,2.7395174375789155,0.0236520003527402,0.4363323152065277,0.0,12.805191892578396,0.4143257520084041,0.10639800984524722,-0.09297075195487405,0.3742116786626989,-4.953594425471156,41.016724589010586,True,True,False,0.05463387593820812
95.600143104,10.006544250652851,0.4055076372974708,-3.090430111848354,0.0,2.7513699021207696,0.0236520003527402,0.4363323152065277,0.0,12.80653042894832,0.4143054412468156,0.1064431489013688,-0.09311081129617577,0.3835054714396957,-4.956153097236046,41.015383115521814,True,True,False,0.0559753494269799
95.698926848,10.00755654870814,0.4055933001166351,-3.0903483294832226,0.0,2.7270309806314055,0.0236520003527402,0.4363323152065277,0.0,12.807537910975343,0.4158095105829304,0.10648372587825304,-0.09170297427169447,0.3881912558002814,-4.927128391386023,41.01436801011828,True,True,False,0.056990454830511794
95.799375616,10.007959188770393,0.40565960130015977,-3.0903234454001898,0.0,2.6304550136239593,0.0236520003527402,0.4363323152065277,0.0,12.807918980822006,0.4206650301274184,0.10653206237321575,-0.0869010655515009,0.3896170087351397,-4.829126671443702,41.01396282071822,True,True,False,0.057395644230574305
95.901631232,10.008259825329112,0.4057162401685974,-3.0903134287831215,0.0,2.6286915763493988,0.024179774307008198,0.4363323152065277,0.0,12.808219002913381,0.42083589167333224,0.1065752806151667,-0.0867577490146599,0.3901909186181481,-4.826789324286155,41.0136599635152,True,True,False,0.05769850143359179
95.999452416,10.008293606705202,0.4057230270415362,-3.09027547942925,0.0,2.7241045673975264,0.0236520003527402,0.4363323152065277,0.0,12.808273681421962,0.4162862267993007,0.10658055904606498,-0.09129404076395377,0.39236525643025083,-4.920027977522189,41.01362591382824,True,True,False,0.057732551120551534
96.100569856,10.00858515772296,0.4057858870025285,-3.089991236708917,0.0,2.659319717922616,0.0236520003527402,0.4363323152065277,0.0,12.808547483124768,0.42031091128818576,0.10663039612323406,-0.0873100280807256,0.4086511646626685,-4.838957219814879,41.013331856629065,True,True,False,0.05802660831972872
96.199430912,10.00858515772296,0.4057858870025285,-3.089991236708917,0.0,2.6107300611341944,0.0236520003527402,0.4363323152065277,0.0,12.808534158337245,0.422685412411972,0.10663039612323406,-0.08494386833645858,0.4086511646626685,-4.7903675630264795,41.013331856629065,True,True,False,0.05802660831972872
96.301165568,10.009385274005828,0.40567678773315735,-3.090371933330021,0.0,2.6396351062999437,0.0236520003527402,0.4363323152065277,0.0,12.809348136868676,0.4200978344662079,0.10648583597580671,-0.08759392647153956,0.3868388549984824,-4.841084917856394,41.01253738127988,True,True,False,0.05882108366891714
96.399571456,10.01002775575507,0.4055690341192184,-3.0905928622503365,0.0,2.7867375168472766,0.0236520003527402,0.4363323152065277,0.0,12.81001994479101,0.41218275755780215,0.10634962771059352,-0.09553736465859373,0.3741805602920254,-5.000845623110205,41.01190032480835,True,True,False,0.059458140140442595
96.49992448,10.010231937094574,0.4056625634563364,-3.090478237952453,0.0,2.7503865323718397,0.0236520003527402,0.4363323152065277,0.0,12.810218386454823,0.4143736712496374,0.10643398781583377,-0.09337301321561352,0.38074804879040364,-4.957927150136347,41.01169218752445,True,True,False,0.059666277424341274
96.599965184,10.010391392007383,0.405747535008748,-3.0904190262549625,0.0,2.6977216983550725,0.0236520003527402,0.4363323152065277,0.0,12.810367978409678,0.4171981070009989,0.10651178688535562,-0.09057331028886988,0.3841406291543868,-4.901869735755564,41.0115291128829,True,True,False,0.05982935206589701
96.699176192,10.0103254340014,0.40572810126149317,-3.0905143428621527,0.0,2.658705930914176,0.0236520003527402,0.4363323152065277,0.0,12.81029483437057,0.41881844107010724,0.10649530447719262,-0.08895293420248286,0.3786793898448821,-4.868315207624199,41.011595869600214,True,True,False,0.059762595348580305
96.801066496,10.010262750171668,0.4057070650792831,-3.0905802800944926,0.0,2.6730917833506047,0.0236520003527402,0.4363323152065277,0.0,12.810236159711696,0.41790976432102567,0.10647707566650551,-0.0898527096246333,0.37490146471908087,-4.886478985186449,41.011659426613456,True,True,False,0.05969903833533863
96.89917824,10.010402201297145,0.4056709414278314,-3.0906470699388673,0.0,2.669478593595391,0.0236520003527402,0.4363323152065277,0.0,12.810375656306778,0.4178632029660013,0.10643478850285332,-0.08991157221261102,0.37107468852204994,-4.886692571628268,41.011521719204865,True,True,False,0.0598367457439295
97.000289792,10.01138766580834,0.4053887236289248,-3.0910434687756827,0.0,2.6677083209377033,0.02376285362492013,0.4363323152065277,0.0,12.81136539008444,0.41655758917694485,0.10610904141453163,-0.09130054780210389,0.34836270816863163,-4.907634279323954,41.010549774750025,True,True,False,0.060808690198769
97.099797504,10.0115307644013,0.4054089019274768,-3.0910082917411676,0.0,2.688262859423231,0.0236520003527402,0.4363323152065277,0.0,12.81151195598445,0.415671785567136,0.10612283839528325,-0.09219591572966371,0.3503782037821048,-4.926173322196048,41.01040592060736,True,True,False,0.06095254434143271
97.203605504,10.012358303706469,0.4055326346946864,-3.090838338989594,0.0,2.6885094952446,0.024237084142192226,0.4363323152065277,0.0,12.812337756847223,0.41625932988026737,0.10620966103403107,-0.09168465894555759,0.36011577916393983,-4.916682382635546,41.009573698924946,True,True,False,0.06178476602384819
97.299510784,10.012358303706469,0.4055326346946864,-3.090838338989594,0.0,2.7084334934542205,0.023805153272290182,0.4363323152065277,0.0,12.81234131765087,0.41528566616331725,0.10620966103403107,-0.0926547319166833,0.36011577916393983,-4.936606380845177,41.009573698924946,True,True,False,0.06178476602384819
97.402633728,10.011802056355023,0.4055468991374969,-3.090739482879861,0.0,2.7440121365564965,0.0243090000003576,0.4363323152065277,0.0,12.811789780804752,0.41383803481556053,0.10624863904733105,-0.0940471752631694,0.3657798170307123,-4.966520986080677,41.01012876225899,True,True,False,0.06122970268980765
97.499205632,10.011386972968422,0.4055626121821937,-3.090686957863909,0.0,2.69698487629474,0.0236520003527402,0.4363323152065277,0.0,12.811366389001446,0.41629898919545993,0.10628278886350406,-0.09155819886171529,0.36878927876365664,-4.916484264086025,41.010542736784366,True,True,False,0.06081572816442815
97.599879168,10.01228686655628,0.4054381622072108,-3.090959541273039,0.0,2.7071453148174522,0.0243090000003576,0.4363323152065277,0.0,12.812270829669737,0.4149147811959556,0.10611845764039893,-0.09301781736806902,0.3531713998551848,-4.942262581517184,41.00964926517606,True,True,False,0.0617091997727357
97.699287296,10.012998515536044,0.4053178999378186,-3.091110360428334,0.0,2.721718007487734,0.023812135453591506,0.4363323152065277,0.0,12.812986088386388,0.41366007493213447,0.10596667829418918,-0.09433151793877645,0.3445300987870391,-4.9654765752555985,41.00894366591734,True,True,False,0.062414799031451196
97.799592192,10.012903713149854,0.4052822536742505,-3.0911558647580106,0.0,2.702656758036475,0.0236520003527402,0.4363323152065277,0.0,12.812888774858946,0.4144285209965436,0.10593528165837522,-0.09355744556735676,0.3419228927469889,-4.949022531844413,41.009039959218214,True,True,False,0.0623185057305804
97.900051456,10.01234660998501,0.4050574744284124,-3.0913874858781045,0.0,2.691710768081497,0.024187339894761246,0.4363323152065277,0.0,12.81233204052213,0.41409012519399685,0.10573549034343732,-0.09384464195009974,0.3286519801195414,-4.951347454516841,41.0096065040762,True,True,False,0.06175196087259138
97.99906816,10.01234660998501,0.4050574744284124,-3.0913874858781045,0.0,2.662922264547063,0.0243090000003576,0.4363323152065277,0.0,12.812327148586819,0.4154969883596353,0.10573549034343732,-0.09244298977483764,0.3286519801195414,-4.922558950982427,41.0096065040762,True,True,False,0.06175196087259138
98.100511744,10.011701172137169,0.4050591284915455,-3.0911614552901074,0.0,2.649158460840338,0.0237864850939833,0.4363323152065277,0.0,12.811676538922946,0.4168041441515453,0.10576583535832318,-0.09108283786858355,0.3416025788526601,-4.895844548542637,41.010251230321536,True,True,False,0.06110723462725787
98.201452032,10.011197642708954,0.405064813008246,-3.091039207649311,0.0,2.752417604601202,0.0243090000003576,0.4363323152065277,0.0,12.811188789536791,0.41210595536817163,0.10579389838104526,-0.0957184972531755,0.3486068527257049,-4.99209941843044,41.01075400926457,True,True,False,0.06060445568422068
98.301050112,10.011151780102072,0.40493533859745967,-3.0911527395000866,0.0,2.7205072505820698,0.024200666271922765,0.4363323152065277,0.0,12.811139529569727,0.41321802119748074,0.10566659076422776,-0.09460648675337116,0.3421019568359498,-4.966693960301032,41.01080558224645,True,True,False,0.06055288270234627
98.399177728,10.011119934610878,0.4048280290159706,-3.091204243924163,0.0,2.7078854378931556,0.0243090000003576,0.4363323152065277,0.0,12.811106246178198,0.4135833151697858,0.10556080294160515,-0.09423967989663641,0.33915097071009986,-4.9570231337379544,41.010842166644395,True,True,False,0.06051629830439964
98.500629504,10.01134336780029,0.4047804825353839,-3.0912865609745532,0.0,2.742680447795794,0.0243090000003576,0.4363323152065277,0.0,12.81133505127928,0.4116048834979628,0.10550337086451349,-0.09623065101292416,0.33443455114076986,-4.996534563209905,41.010621067991146,True,True,False,0.06073739695764857
98.59985792,10.012575150450893,0.4044856063801412,-3.091650643138241,0.0,2.6953970542520342,0.0243090000003576,0.4363323152065277,0.0,12.812563388983278,0.41260127519440193,0.10515402799542323,-0.09534822488554885,0.3135741797655265,-4.9701115410414625,41.00940361162434,True,True,False,0.061954853324451165
98.699003904,10.012556327191044,0.4044487195427095,-3.0916574890281114,0.0,2.763088444086295,0.0236520003527402,0.4363323152065277,0.0,12.812552232620378,0.4092372035365591,0.10511801440160581,-0.09869779014091094,0.3131819391689075,-5.038195171472307,41.009424056059956,True,True,False,0.06193440888883828
98.801157888,10.012445644032546,0.4042101591773128,-3.091688130076727,0.0,2.8308255104246407,0.0236520003527402,0.4363323152065277,0.0,12.8124452978054,0.40560259297870016,0.10488461023344291,-0.10230823361136374,0.3114263364033716,-5.107687840576204,41.009545234869144,True,True,False,0.06181323007965034
98.900623872,10.012445644032546,0.4042101591773128,-3.091688130076727,0.0,2.6891509603173778,0.0236520003527402,0.4363323152065277,0.0,12.81243329490493,0.4125261054343432,0.10488461023344291,-0.09541144637353292,0.3114263364033716,-4.966013290468947,41.009545234869144,True,True,False,0.06181323007965034
99.000116736,10.01314255191644,0.40415342083536465,-3.0916713714572985,0.0,2.5885715960258313,0.023824718034445972,0.4363323152065277,0.0,12.813111068331319,0.41743148867140384,0.1047969473230565,-0.090586436047092,0.3123865345671232,-4.864473728013654,41.008851538211935,True,True,False,0.06250692673685876
99.099604224,10.013669411106608,0.404098434394044,-3.0916596461330275,0.0,2.6070129701542037,0.024170832988245905,0.4363323152065277,0.0,12.813641910888746,0.4165081267256532,0.10471859400317617,-0.09155361320103515,0.3130583461612525,-4.882243290547834,41.00832764426059,True,True,False,0.06303082068820487
99.199335936,10.013193420237052,0.4040190195651084,-3.0915416479792004,0.0,2.7164251801287858,0.023824829797268448,0.4363323152065277,0.0,12.81318365953272,0.4114122495073913,0.10466041759686251,-0.09658800495462876,0.31981914236590453,-4.984894704317813,41.00880669491418,True,True,False,0.06255177003461654
99.299832832,10.012785347332692,0.4039425614064927,-3.0914671545014056,0.0,2.7735751442339422,0.0243090000003576,0.4363323152065277,0.0,12.812781217697433,0.4087515051983827,0.10460217568189932,-0.0992020377596555,0.32408730424477017,-5.0377765065440965,41.009217763308285,True,True,False,0.062140701640508667
99.399666176,10.012862111382335,0.40390633047951063,-3.0915275067157157,0.0,2.8087945019391714,0.0243090000003576,0.4363323152065277,0.0,12.812860590044025,0.4068251474001874,0.10456256806847991,-0.1011277663862676,0.3206293770805572,-5.076453791413589,41.00914268577272,True,True,False,0.06221577917607135
99.500933632,10.013324490090874,0.4036661735131682,-3.091830526195404,0.0,2.7948046660619377,0.0243090000003576,0.4363323152065277,0.0,12.813323135678445,0.40642020832933085,0.1043020937255016,-0.1015724881091274,0.3032676397841449,-5.079825692832679,41.008691440212914,True,True,False,0.06266702473588026
99.60106752,10.01310161209368,0.4036292582060617,-3.091824267339726,0.0,2.7164230098281257,0.0236520003527402,0.4363323152065277,0.0,12.813093828786371,0.4102312624733124,0.10427512283203307,-0.09775620806869521,0.30362624579908587,-5.001085430583986,41.00891573892543,True,True,False,0.06244272602336309
99.701741056,10.011779194834029,0.4033951468531319,-3.0917898665176096,0.0,2.706120098467063,0.0236520003527402,0.4363323152065277,0.0,12.811769932995318,0.4105969668311088,0.1041000302556244,-0.09727345265124282,0.30559726771812756,-4.988811497303846,41.010247256151715,True,True,False,0.06111120879707954
99.799449344,10.011779194834029,0.4033951468531319,-3.0917898665176096,0.0,2.713108206433053,0.023813514322393956,0.4363323152065277,0.0,12.811770790543092,0.4102554645290388,0.1041000302556244,-0.09761366050058834,0.30559726771812756,-4.995799605269834,41.010247256151715,True,True,False,0.06111120879707954
99.902437888,10.012289509717155,0.40340569635599854,-3.091508638734551,0.0,2.724475497356947,0.0236520003527402,0.4363323152065277,0.0,12.812280527572991,0.41049794047430116,0.10408788356002303,-0.09741779147932234,0.3217104327691941,-4.991053731142665,41.00973697678731,True,True,False,0.06162148816148516
100.009708032,10.012694786781308,0.4034119332280951,-3.0913485246416696,0.0,2.700482617129739,0.0236520003527402,0.4363323152065277,0.0,12.812681230034894,0.41212500364779847,0.10407609789592902,-0.09583313358887463,0.33088429453184565,-4.9578869891527955,41.00933182311841,True,True,False,0.06202664183038564
100.100693504,10.01277942622047,0.40341494181285337,-3.091307140189224,0.0,2.7065582652954094,0.0236520003527402,0.4363323152065277,0.0,12.812766426970498,0.4119469773767247,0.10407534090640526,-0.09601807214379394,0.33325544899447734,-4.961591482855836,41.00924713360778,True,True,False,0.062111331341014875
100.20001536,10.013279220827378,0.40343200865752044,-3.0910984709232197,0.0,2.72828837088955,0.02418142676181436,0.4363323152065277,0.0,12.813267636337338,0.41148638697156126,0.10407017278277149,-0.09652168304912997,0.34521131725060833,-4.971365720193835,41.008747074394506,True,True,False,0.062611390554288
100.300730368,10.01328890946837,0.4034323271265623,-3.0910950581657803,0.0,2.74404558863955,0.0236520003527402,0.4363323152065277,0.0,12.813279409293466,0.4107262210941476,0.10407006023373613,-0.09727985061033793,0.3454068538483829,-4.986927401346085,41.00873738117422,True,True,False,0.0626210837745731
100.403339264,10.01377733673246,0.40336083217567686,-3.0912259761680625,0.0,2.6248607363742273,0.0236520003527402,0.4363323152065277,0.0,12.813748299556563,0.41611259055902794,0.10397692319468295,-0.09195708544387722,0.3379058048553059,-4.875243598073788,41.00825261503239,True,True,False,0.06310584991640411
100.501063168,10.014122149875597,0.4032987921674532,-3.091287233333401,0.0,2.5871295206503433,0.0236520003527402,0.4363323152065277,0.0,12.814084996940789,0.4177229058171182,0.10389961603854404,-0.09038337827857694,0.33439602781647787,-4.841022159388765,41.007910900722024,True,True,False,0.06344756422677023
100.611194624,10.014223168658992,0.4033748308248416,-3.0911017639164453,0.0,2.7227594047619124,0.0236520003527402,0.4363323152065277,0.0,12.814210821293061,0.4116901838995908,0.10397108879020542,-0.0964031414077061,0.34502264263681304,-4.966025428680023,41.00780660154759,True,True,False,0.06355186340120156
100.7002368,10.014286916640954,0.4034295861086272,-3.091011468554379,0.0,2.7496348958869867,0.024129803055331054,0.4363323152065277,0.0,12.814277518031957,0.4106843860398258,0.10402295606186684,-0.09741087162889324,0.35019618579282946,-4.987727376649061,41.007740482469885,True,True,False,0.0636179824789096
100.815940608,10.014286916640954,0.4034295861086272,-3.091011468554379,0.0,2.7355556545800153,0.0236520003527402,0.4363323152065277,0.0,12.814275650780761,0.41137242503192645,0.10402295606186684,-0.09672542813518836,0.35019618579282946,-4.9736481353421365,41.007740482469885,True,True,False,0.0636179824789096
100.903458048,10.01369373047432,0.40347686657327,-3.090763183684484,0.0,2.7401265861050814,0.0236520003527402,0.4363323152065277,0.0,12.813681086437334,0.41189152326491046,0.10409655955261048,-0.0961551868852475,0.36442186095475687,-4.963993391705242,41.008330980392635,True,True,False,0.0630274845561587
100.99933824,10.013061715218353,0.4035402987708815,-3.0905744108619264,0.0,2.7665121726062494,0.0236520003527402,0.4363323152065277,0.0,12.813051254420355,0.41119407949364234,0.1041880249348703,-0.09679344562070312,0.37523774697407825,-4.979563092187052,41.00895955100229,True,True,False,0.06239891394650243
101.100295936,10.012921328529252,0.40352015578258094,-3.0906378073376115,0.0,2.7505238157424103,0.0236520003527402,0.4363323152065277,0.0,12.812909152062087,0.41177776244878767,0.10417414267325818,-0.09619938484326038,0.3716053964813185,-4.9672070858160176,41.00910069435235,True,True,False,0.062257770596445994
101.200850176,10.0121614132289,0.4034038365268933,-3.090918752386538,0.0,2.746806028220023,0.0236520003527402,0.4363323152065277,0.0,12.812150955526034,0.41105648487172863,0.10409172002893186,-0.09684989007581196,0.35550843090274603,-4.9795862638721875,41.00986502931862,True,True,False,0.06149343563017595
101.300477696,10.0121614132289,0.4034038365268933,-3.090918752386538,0.0,2.791508440322505,0.0236520003527402,0.4363323152065277,0.0,12.812156073951412,0.40887191895398733,0.10409172002893186,-0.09902614259449695,0.35550843090274603,-5.024288675974687,41.00986502931862,True,True,False,0.06149343563017595
101.4009856,10.01158265610136,0.4034572966005418,-3.0908066448184464,0.0,2.759168660075783,0.02419288227010853,0.4363323152065277,0.0,12.811572976636342,0.4108196950152274,0.10417085558454386,-0.09703398660606559,0.3619317214058862,-4.985525605224835,41.0104408377555,True,True,False,0.06091762719329097
101.498955264,10.010963497950245,0.4035296335703099,-3.090725308706294,0.0,2.757629342561278,0.0236520003527402,0.4363323152065277,0.0,12.810953005466232,0.4111949972528054,0.10427064538023788,-0.09660468947027691,0.36659193735420476,-4.979326071761992,41.011056168113896,True,True,False,0.06030229683489807
101.60583424,10.01142218397938,0.40349986323568354,-3.090832607417387,0.0,2.8126608491054808,0.0236520003527402,0.4363323152065277,0.0,12.81141828020476,0.4081754511807869,0.10422051383934679,-0.09965376416531566,0.36044417406137935,-5.040505341599032,41.01059925896018,True,True,False,0.06075920598861728
101.699139584,10.011808080961874,0.4034671086132647,-3.090899094954194,0.0,2.775295519988392,0.0236520003527402,0.4363323152065277,0.0,12.811800958683522,0.4097825427271335,0.10417063675819963,-0.09808738414494747,0.35663471881212755,-5.006949467731217,41.01021519955961,True,True,False,0.06114326538918391
101.798939136,10.011894370723672,0.40345538691310706,-3.0909666722812967,0.0,2.714229228741976,0.0236520003527402,0.4363323152065277,0.0,12.811879549141137,0.41256585575451854,0.1041550906817499,-0.09532228253828394,0.3527628231783476,-4.9497550721185135,41.0101295161846,True,True,False,0.061228948764195934
101.901179136,10.012450218266112,0.4033698652077706,-3.0913285910467985,0.0,2.783461014564516,0.0243090000003576,0.4363323152065277,0.0,12.812446250410636,0.4080836720473754,0.10404494362328108,-0.0998372020198702,0.3320264053885133,-5.039723275730927,41.009578019966995,True,True,False,0.061780444981799576
101.999341824,10.012450218266112,0.4033698652077706,-3.0913285910467985,0.0,2.798396942455575,0.0236520003527402,0.4363323152065277,0.0,12.812447384074694,0.40735376579791466,0.10404494362328108,-0.10056427898957705,0.3320264053885133,-5.054659203621977,41.009578019966995,True,True,False,0.061780444981799576
102.099993856,10.013320443810699,0.40347549604790134,-3.0909682967501166,0.0,2.7665326993372883,0.0237701815820218,0.4363323152065277,0.0,12.813312782871867,0.4100253967163097,0.10411178463684086,-0.09798084870199901,0.35266974797101647,-5.002151617921192,41.00870395895554,True,True,False,0.06265450599325106
102.200073984,10.013982488507638,0.4035646960811551,-3.090783922903675,0.0,2.6982410263550585,0.024184835576750757,0.4363323152065277,0.0,12.813963161189438,0.4139681862827255,0.10417146565267843,-0.09411211447553156,0.36323359122472276,-4.923296101685238,41.00803860340922,True,True,False,0.06331986153957558
102.300336128,10.014584766660112,0.40357571329451153,-3.090946748250605,0.0,2.742501541784159,0.0236520003527402,0.4363323152065277,0.0,12.814573945165778,0.4113603296090794,0.10415569802829225,-0.0967641792759882,0.35390438604788566,-4.976885822291212,41.00743643089742,True,True,False,0.06392203405137309
102.398851072,10.015026660380144,0.4035815293405151,-3.0910379369022416,0.0,2.7660302207943417,0.0236520003527402,0.4363323152065277,0.0,12.815019392948138,0.40996099377125406,0.10414186418069452,-0.09819777434114026,0.3486796611696072,-5.005639226179651,41.006994715479024,True,True,False,0.06436374946976997
102.499872256,10.015197418368874,0.4035677365009284,-3.0910695351466626,0.0,2.6987566160550935,0.0236520003527402,0.4363323152065277,0.0,12.815181034520041,0.413146321210624,0.10412049402343368,-0.09503970752409793,0.3468692151242608,-4.940176067485754,41.00682473945272,True,True,False,0.0645337254960765
102.600105984,10.016143427959133,0.4034790862797459,-3.0912125938661204,0.0,2.7717318639447477,0.0236520003527402,0.4363323152065277,0.0,12.816137804344963,0.40909087812588607,0.1039898771012315,-0.09916452006793358,0.3386725542767605,-5.021347976222866,41.00588360597323,True,True,False,0.06547485897556271
102.706062848,10.016143427959133,0.4034790862797459,-3.0912125938661204,0.0,2.780575157660097,0.0236520003527402,0.4363323152065277,0.0,12.816138637143595,0.4086587140709831,0.1039898771012315,-0.0995950234232729,0.3386725542767605,-5.030191269938214,41.00588360597323,True,True,False,0.06547485897556271
102.800285696,10.016917800291457,0.40359525105087146,-3.0909237629904327,0.0,2.7730136298929677,0.0236520003527402,0.4363323152065277,0.0,12.816910581959165,0.40995312874151774,0.10407150273425851,-0.09837491318688822,0.35522134444673065,-5.006080952001098,41.00510483513457,True,True,False,0.06625362981422711
102.899444224,10.017483636789697,0.4036896904713508,-3.0907728395586296,0.0,2.815912600214514,0.0236520003527402,0.4363323152065277,0.0,12.81747971890969,0.4083737178719244,0.10414069484064406,-0.09999893329128466,0.3638686201187053,-5.040332646650716,41.004535359762585,True,True,False,0.06682310518620938
102.999762176,10.017448119388249,0.40366906697140303,-3.090801440602718,0.0,2.8558105748370135,0.0236520003527402,0.4363323152065277,0.0,12.81744686142665,0.4063232303740347,0.10412167063551758,-0.10203824602394236,0.3622299010027587,-5.081869340389196,41.00457175885838,True,True,False,0.06678670609041149
103.105733888,10.017239955034812,0.4035374842749852,-3.090942208490053,0.0,2.8418560370071857,0.0236520003527402,0.4363323152065277,0.0,12.81723840947513,0.4064794448152823,0.10399947185277586,-0.10186399752828369,0.3541644951674855,-5.075980208394596,41.00478556685995,True,True,False,0.06657289808884315
103.199202304,10.017144747164526,0.4035094060472203,-3.0909984730271605,0.0,2.761132003381667,0.0236520003527402,0.4363323152065277,0.0,12.817136660734773,0.4102387404291022,0.1039756537966706,-0.09811068761460628,0.3509407746549623,-4.998479895281575,41.00488192881117,True,True,False,0.06647653613762117
103.300691968,10.016596025128706,0.4033339541558958,-3.091264597097286,0.0,2.74783989727282,0.0236520003527402,0.4363323152065277,0.0,12.8165881667606,0.4099677162586854,0.10382476849330911,-0.0983315205844501,0.33569298860997243,-5.000435575217827,41.00543790800502,True,True,False,0.06592055694377308
103.39916928,10.016596025128706,0.4033339541558958,-3.091264597097286,0.0,2.738877764560698,0.0236520003527402,0.4363323152065277,0.0,12.816587094862555,0.4104056873732662,0.10382476849330911,-0.097895212081375,0.33569298860997243,-4.99147344250568,41.00543790800502,True,True,False,0.06592055694377308
103.501615616,10.016487203175263,0.4033453872069178,-3.0910880423653366,0.0,2.7278851896954257,0.0236520003527402,0.4363323152065277,0.0,12.816475477585252,0.41144866842956757,0.10384102786224907,-0.09684642653132519,0.3458088296037135,-4.9703650266466255,41.00554611412836,True,True,False,0.0658123508204369
103.600180736,10.016401317213989,0.4033569512665675,-3.0909951193036083,0.0,2.707299689305568,0.0236520003527402,0.4363323152065277,0.0,12.816385640969475,0.41272640821589707,0.10385639850330064,-0.0955657747461308,0.351132928860208,-4.944455427000336,41.00563140110986,True,True,False,0.0657270638389349
103.699955712,10.0163968302369,0.4033384047563804,-3.091084552145977,0.0,2.7460134948716264,0.0236520003527402,0.4363323152065277,0.0,12.816387503155806,0.4105655457631003,0.10383806979408412,-0.09771812746651176,0.34600880444260185,-4.988293356983919,41.005636708126154,True,True,False,0.06572175682264003
103.801264384,10.016369038518388,0.40320874887584,-3.091549440317969,0.0,2.787621734527497,0.0236520003527402,0.4363323152065277,0.0,12.816366333439861,0.4071008475941151,0.10370977755544049,-0.10116701876266866,0.3193726742419099,-5.05653772684052,41.00567023615145,True,True,False,0.06568822879734171
103.903418112,10.016369038518388,0.40320874887584,-3.091549440317969,0.0,2.811093404543465,0.0236520003527402,0.4363323152065277,0.0,12.816367692921663,0.40595380622415156,0.10370977755544049,-0.10230957615960572,0.3193726742419099,-5.080009396856483,41.00567023615145,True,True,False,0.06568822879734171
103.999654912,10.015973688398155,0.40315380355428826,-3.0913890028016957,0.0,2.842372087820032,0.0236520003527402,0.4363323152065277,0.0,12.81597319293094,0.4048195214648239,0.10367246162579295,-0.10340398953858561,0.3285650667999228,-5.1020956875750105,41.0060676379976,True,True,False,0.06529082695119115
104.099425792,10.015670878041323,0.4031071446422121,-3.09129420208743,0.0,2.7371658065001796,0.0236520003527402,0.4363323152065277,0.0,12.815661945835187,0.41017964593820383,0.10363931010914722,-0.09803752354719356,0.3339967476221544,-4.991457725432902,41.00637222319623,True,True,False,0.06498624175256396
104.200258048,10.015742002480916,0.40304233306385584,-3.091292222163226,0.0,2.5989829542692275,0.0236520003527402,0.4363323152065277,0.0,12.815707842743215,0.4168732174982236,0.10357140080462318,-0.09137493731003964,0.33411018892280764,-4.85316143190132,41.00630405023271,True,True,False,0.0650544147160872
104.299095808,10.015800423577245,0.4029791630348098,-3.091288706291572,0.0,2.686702485174777,0.0236520003527402,0.4363323152065277,0.0,12.815784123786122,0.4125331446448704,0.103505696146779,-0.09570441253593445,0.3343116335299063,-4.940679518199796,41.0062484950799,True,True,False,0.06510996986889239
104.399528448,10.015800371933198,0.40287230481114666,-3.091558639542642,0.0,2.6882045715842247,0.0236520003527402,0.4363323152065277,0.0,12.8157867787642,0.4115970719487607,0.10339894585766865,-0.09663696433178141,0.31884559749337243,-4.957647640645828,41.00625329699685,True,True,False,0.06510516795194121
104.499510016,10.015801123845913,0.4027743174096412,-3.091696172220658,0.0,2.679632090476349,0.0236520003527402,0.4363323152065277,0.0,12.815787425030642,0.4115329233410074,0.10330102189945185,-0.09670091322157195,0.31096555549792554,-4.956955201533371,41.00625690180388,True,True,False,0.06510156314491411
104.600148992,10.015763722229329,0.40275097343077465,-3.0917135160174958,0.0,2.705108461543496,0.0236520003527402,0.4363323152065277,0.0,12.81575377099771,0.4102160118126058,0.10327936366659354,-0.09800952417896162,0.30997182913838606,-4.983425298960055,41.00629530418951,True,True,False,0.06506316075928709
104.69961728,10.015542873912445,0.4026009052122438,-3.0918003981158826,0.0,2.7537861490142737,0.0236520003527402,0.4363323152065277,0.0,12.815538685692662,0.407443839575397,0.1031392614949681,-0.1007513102656629,0.3049938515855815,-5.037080963983629,41.0065226053791,True,True,False,0.06483585956969762
104.800033792,10.015542873912445,0.4026009052122438,-3.0918003981158826,0.0,2.783595597721766,0.0236520003527402,0.4363323152065277,0.0,12.815540826383616,0.4059870766858622,0.1031392614949681,-0.10220241550371724,0.3049938515855815,-5.066890412691125,41.0065226053791,True,True,False,0.06483585956969762
104.90097664,10.015970922181284,0.40263200667032434,-3.091511083397554,0.0,2.7739578177520556,0.0236520003527402,0.4363323152065277,0.0,12.815967032330528,0.4072992487999099,0.10315130355456478,-0.10093366745578536,0.32157036389680765,-5.04067612041017,41.00609359767526,True,True,False,0.06526486727353387
104.998896896,10.01627823776206,0.4026555161884211,-3.091365101523077,0.0,2.7048959295598554,0.0236520003527402,0.4363323152065277,0.0,12.81626548432514,0.4111064974394488,0.10316112828517213,-0.09716842433310258,0.32993450918972966,-4.963250086925041,41.005785540800154,True,True,False,0.0655729241486398
105.100901888,10.017179331246098,0.40268113698134894,-3.0913569257859828,0.0,2.739134267530639,0.0236520003527402,0.4363323152065277,0.0,12.817171072442898,0.40948181560232905,0.10314666613110612,-0.09886765383362936,0.3304029444196497,-4.997019989665912,41.00488419916786,True,True,False,0.06647426578093274
105.198919936,10.01782678428546,0.4026971255995173,-3.0913521043112615,0.0,2.7409611391517625,0.0236520003527402,0.4363323152065277,0.0,12.817818708506687,0.4094220267813086,0.10313385677194259,-0.09898518107505132,0.33067919457218087,-4.998570611134462,41.00423667542744,True,True,False,0.06712178952135162
105.299602688,10.017734443109298,0.4026920003108469,-3.0913117649889013,0.0,2.6240959134194983,0.0236520003527402,0.4363323152065277,0.0,12.81770632232606,0.41524092836653953,0.10313284152661314,-0.09317958276119423,0.33299046749186634,-4.879394112482528,41.004329153158146,True,True,False,0.0670293117906482
105.400822528,10.017184752329625,0.4026612348752693,-3.091107057866628,0.0,2.6590942145622125,0.0236520003527402,0.4363323152065277,0.0,12.817161497109,0.41407301364519994,0.10312654270870053,-0.0942940334653025,0.3447193216344189,-4.902663559482744,41.004879668180806,True,True,False,0.06647879676798851
105.499778304,10.017303428321107,0.402674180444089,-3.0910629025837557,0.0,2.7318809478398194,0.0236520003527402,0.4363323152065277,0.0,12.817292061347473,0.4106525839900491,0.10313419980331608,-0.09771241771506635,0.3472492329861808,-4.972920381408545,41.00476053402278,True,True,False,0.06659793092601518
105.59958272,10.017988924683603,0.4027530220432119,-3.0908522292585863,0.0,2.80913442374666,0.0236520003527402,0.4363323152065277,0.0,12.817984822419898,0.40754600231848753,0.10318249009426404,-0.10086854385550247,0.3593199253743516,-5.038103164927228,41.00407221047346,True,True,False,0.06728625447533432
105.698797824,10.017988924683603,0.4027530220432119,-3.0908522292585863,0.0,2.790193000594635,0.0236520003527402,0.4363323152065277,0.0,12.817983084902018,0.4084716532407921,0.10318249009426404,-0.09994645412127146,0.3593199253743516,-5.01916174177518,41.00407221047346,True,True,False,0.06728625447533432
105.800875776,10.017936119363675,0.40266808380637875,-3.0910492494030906,0.0,2.664134432021904,0.0236520003527402,0.4363323152065277,0.0,12.817913207047996,0.41399541547928564,0.10309998325799367,-0.0944386155744054,0.34803150261522364,-4.904391595961633,41.00412873947361,True,True,False,0.0672297254751868
105.903275776,10.01789812975466,0.4025967930632048,-3.091157715715475,0.0,2.5720488581610024,0.0236520003527402,0.4363323152065277,0.0,12.817855096189348,0.4181205205102802,0.10303045179930045,-0.09032487167153685,0.34181684069625806,-4.818520684019663,41.0041698607176,True,True,False,0.0671886042311911
106.00130304,10.017547232462059,0.40251684704885654,-3.091241790085024,0.0,2.598079203082877,0.0236520003527402,0.4363323152065277,0.0,12.81751215090721,0.41653310462487836,0.10296618376606946,-0.09187521207910362,0.3369997341558299,-4.849368135481959,41.00452396507379,True,True,False,0.06683449987500723
106.099418624,10.01729500390664,0.4024516552841443,-3.0912824797243745,0.0,2.694685334663507,0.0236520003527402,0.4363323152065277,0.0,12.817279950952795,0.41163295774798586,0.10291226913179088,-0.09673489625834697,0.33466838955114636,-4.948305611667216,41.0047788423434,True,True,False,0.06657962260539563
106.199651584,10.017479560046961,0.40246911560352266,-3.091237900874644,0.0,2.675931742858827,0.0236520003527402,0.4363323152065277,0.0,12.81746089902872,0.41269170597564003,0.10292150784770944,-0.09569659824910012,0.337222569496317,-4.926997839917478,41.004593692464084,True,True,False,0.06676477248471002
106.300369664,10.018706966721297,0.4025907399243793,-3.090993625661347,0.0,2.6549364399610282,0.0236520003527402,0.4363323152065277,0.0,12.818681540487033,0.4145233115410166,0.1029884482390299,-0.09398162286716433,0.3512185082578394,-4.892006598258055,41.003362092446366,True,True,False,0.06799637250242796
106.398988032,10.018706966721297,0.4025907399243793,-3.090993625661347,0.0,2.765960846310605,0.0236520003527402,0.4363323152065277,0.0,12.818699405981812,0.40909766576898415,0.1029884482390299,-0.09938708259575339,0.3512185082578394,-5.003031004607677,41.003362092446366,True,True,False,0.06799637250242796
106.50358528,10.020030215829498,0.40260676011376095,-3.091091875011073,0.0,2.776486551529007,0.0236520003527402,0.4363323152065277,0.0,12.820024378467144,0.4083242066687152,0.10294562827479861,-0.10027605190037259,0.3455892351786273,-5.019185982905288,41.00203943931743,True,True,False,0.0693190256313656
106.599130624,10.020948355122597,0.4026123630715147,-3.09114319038292,0.0,2.7618505386010734,0.0236520003527402,0.4363323152065277,0.0,12.82094129231351,0.4089013757924972,0.10291041031281768,-0.09978328537732246,0.34264908094765645,-5.007490124208286,41.00112195860928,True,True,False,0.07023650633951206
106.69961472,10.020857458368104,0.40258440701161863,-3.091051080362487,0.0,2.7416714560254367,0.0236520003527402,0.4363323152065277,0.0,12.820847324977038,0.4101174599968642,0.10288652265551004,-0.09856367181485612,0.3479265963693419,-4.9820335262109845,41.00121400827572,True,True,False,0.07014445667307712
106.800082944,10.020780442231572,0.4025570039471774,-3.0909960646024515,0.0,2.7820915888953657,0.0236520003527402,0.4363323152065277,0.0,12.820774616389604,0.40826880585915437,0.10286257039168376,-0.1003983940017401,0.35107876722608844,-5.019301488224205,41.00129216646329,True,True,False,0.07006629848550716
106.899740416,10.021747565161943,0.4026846121507063,-3.090763475229496,0.0,2.810977466043789,0.0236520003527402,0.4363323152065277,0.0,12.821743187195576,0.40763603542979376,0.10294705952173411,-0.10111533329969191,0.36440515665602363,-5.034860975942694,41.000320326865946,True,True,False,0.07103813808284798
106.999044352,10.022494160442536,0.4027929294929916,-3.0906274671826015,0.0,2.8182195906143526,0.0236520003527402,0.4363323152065277,0.0,12.822489734768038,0.4077712582890184,0.10302208029745474,-0.1010474867652064,0.3721978437229282,-5.034310413446396,40.999569654472126,True,True,False,0.07178881047666863
107.099609856,10.022494160442536,0.4027929294929916,-3.0906274671826015,0.0,2.801294379805374,0.0236520003527402,0.4363323152065277,0.0,12.822488142000498,0.4085983785870236,0.10302208029745474,-0.10022354498695453,0.3721978437229282,-5.017385202637372,40.999569654472126,True,True,False,0.07178881047666863
107.20030976,10.02272866350232,0.4027666500425157,-3.0908524459584488,0.0,2.832046765356893,0.0236520003527402,0.4363323152065277,0.0,12.822726254844198,0.4064393166045482,0.10298540212110548,-0.10239525439424378,0.3593075093868603,-5.06102792252498,40.99933655147784,True,True,False,0.07202191347095521
107.300819712,10.022978562862985,0.4027321522854169,-3.091024771036406,0.0,2.824806068365292,0.0236520003527402,0.4363323152065277,0.0,12.822976320011742,0.4062761559434181,0.10293982932850662,-0.10258014656940441,0.3494340097156325,-5.063660725204542,40.9990884327436,True,True,False,0.07227003220519634
107.399531264,10.022634722486034,0.4027523994529363,-3.090798911337427,0.0,2.7770365729649167,0.0236520003527402,0.4363323152065277,0.0,12.822627152592265,0.40926326328180523,0.10297534171604762,-0.09957377466293318,0.3623748172292265,-5.002950422290596,40.999431033127344,True,True,False,0.07192743182145023
107.501117184,10.022316213156197,0.4027774167281907,-3.090655666463831,0.0,2.772980326228378,0.0236520003527402,0.4363323152065277,0.0,12.822307185540836,0.4098875900394639,0.1030144934177913,-0.09892331025243506,0.37058214392314087,-4.990686848860183,40.999748115453414,True,True,False,0.07161034949537992
107.600748288,10.022316213156197,0.4027774167281907,-3.090655666463831,0.0,2.7326243072469585,0.0236520003527402,0.4363323152065277,0.0,12.822301482982196,0.41185974888597693,0.1030144934177913,-0.09695855964019656,0.37058214392314087,-4.950330829878754,40.999748115453414,True,True,False,0.07161034949537992
107.707681792,10.022202594155162,0.4027569281125335,-3.0906618020228027,0.0,2.680999188195023,0.0236520003527402,0.4363323152065277,0.0,12.822178615108827,0.41434494280385165,0.10299907592755507,-0.09447234490943655,0.3702306022891427,-4.89905725246084,40.9998625329423,True,True,False,0.07149593200649207
107.800068864,10.02213124752651,0.4027425482194703,-3.090664271706178,0.0,2.712787120452256,0.0236520003527402,0.4363323152065277,0.0,12.822113291404467,0.41277020801683045,0.10298788192568177,-0.09603490872394782,0.37008909985501354,-4.930986687152203,40.99993444828883,True,True,False,0.0714240166599609
107.901163776,10.021919592807967,0.40274075693741096,-3.090662012169561,0.0,2.749323694416031,0.0236520003527402,0.4363323152065277,0.0,12.82190744323552,0.4109892391057888,0.10299550140935337,-0.0977902983697588,0.370218561766793,-4.967393799204176,41.000145973398546,True,True,False,0.07121249155024856
108.00089472,10.020775185072534,0.4027364242709541,-3.090653412743426,0.0,2.787521138825116,0.0242095559943815,0.4363323152065277,0.0,12.82076785731361,0.4091423118965534,0.10304204704683599,-0.0995277902305102,0.3707112725905479,-5.005098532789472,41.00128944239268,True,True,False,0.0700690225561118
108.1002752,10.02066661920924,0.40274196041813887,-3.090645692676649,0.0,2.80475291261038,0.0236520003527402,0.4363323152065277,0.0,12.82066104836091,0.4083273627868569,0.10305240395719867,-0.10032990521618294,0.3711535998344779,-5.021887979330851,41.00139765482268,True,True,False,0.069960810126112
108.20157952,10.019988900810429,0.4027840709516935,-3.090607772683845,0.0,2.777309755030378,0.02377256999598822,0.4363323152065277,0.0,12.819980068854706,0.4098167712894907,0.10312460046198904,-0.09878551358550208,0.3733262553812883,-4.992272166204003,41.00207283123653,True,True,False,0.06928563371226204
108.301056,10.019988900810429,0.4027840709516935,-3.090607772683845,0.0,2.7249573647110523,0.0236520003527402,0.4363323152065277,0.0,12.819972474087304,0.41237518035840165,0.10312460046198904,-0.09623669730581094,0.3733262553812883,-4.939919775884669,41.00207283123653,True,True,False,0.06928563371226204
108.40010624,10.0211589189966,0.40288060917570023,-3.090587297900142,0.0,2.709903767049813,0.0236520003527402,0.4363323152065277,0.0,12.821139663688882,0.4132647004910134,0.1031690307301624,-0.09545523944714558,0.3744993740738711,-4.923693059530845,41.00089967816215,True,True,False,0.07045878678664508
108.500590592,10.022063060634704,0.4029603807509951,-3.090576300318202,0.0,2.7224860459012152,0.0236520003527402,0.4363323152065277,0.0,12.822045910574488,0.41276038294937606,0.1032085303216323,-0.09603866218989662,0.37512948910389565,-4.935645223352243,40.99999288414571,True,True,False,0.0713655808030822
108.600369664,10.021992852155693,0.4029500067396976,-3.090601386665914,0.0,2.749931586303736,0.0236520003527402,0.4363323152065277,0.0,12.82198028652671,0.41133853249841806,0.10320128764553792,-0.09744892865217411,0.3736921472565985,-4.964528105602036,41.00006348438848,True,True,False,0.07129498056031736
108.700484096,10.02158933766025,0.4028865511917383,-3.090724464630967,0.0,2.7971533048373916,0.0236520003527402,0.4363323152065277,0.0,12.821583461885199,0.4086227786771065,0.10315583284542958,-0.10011825296105231,0.36664029930803105,-5.018801672084292,41.0004694208561,True,True,False,0.07088904409269503
108.799755776,10.021410733690782,0.4028891705521081,-3.0906923777095074,0.0,2.73634671568882,0.0236520003527402,0.4363323152065277,0.0,12.821396912529895,0.4116868014797383,0.10316638935822732,-0.09704983252495983,0.36847874448522216,-4.956156637758477,41.00064773181761,True,True,False,0.07071073313118603
108.900736768,10.020331196400642,0.4029116494868826,-3.0905278746250735,0.0,2.569861107776045,0.0236520003527402,0.4363323152065277,0.0,12.820277167855378,0.4203058132895056,0.10323683631110873,-0.08836518516755824,0.3779040769401458,-4.780245697390795,41.001725202601506,True,True,False,0.0696332623472884
108.999444224,10.020379356031135,0.40292255771814495,-3.0905097333483047,0.0,2.6080038935752943,0.0236520003527402,0.4363323152065277,0.0,12.82033600444168,0.41850354040824883,0.10324559284856073,-0.09016548868329516,0.3789434955339769,-4.817349064596182,41.00167660566157,True,True,False,0.06968185928722193
109.100150272,10.020653666405464,0.4029896380980042,-3.0904250045321664,0.0,2.660750639993594,0.0236520003527402,0.4363323152065277,0.0,12.820622360429438,0.4162302002340451,0.10330041259572739,-0.09245533630806121,0.38379809910189244,-4.865241207446656,41.001399584445515,True,True,False,0.06995888050327892
109.199939328,10.020653666405464,0.4029896380980042,-3.0904250045321664,0.0,2.72178076972248,0.0236520003527402,0.4363323152065277,0.0,12.820634875541069,0.4132477318543196,0.10330041259572739,-0.0954269496721081,0.38379809910189244,-4.926271337175525,41.001399584445515,True,True,False,0.06995888050327892
109.300317952,10.021251837527005,0.4029933564856515,-3.0906565031913504,0.0,2.769133989062618,0.0236520003527402,0.4363323152065277,0.0,12.821242332393188,0.410289153839145,0.10327753593697926,-0.09842802971899846,0.3705342029676842,-4.986888452649881,41.00080183936981,True,True,False,0.07055662557898756
109.3989184,10.021690778338725,0.4029927230074718,-3.090778208499646,0.0,2.815009932302876,0.0236520003527402,0.4363323152065277,0.0,12.821686811661344,0.4077058300081654,0.10325739021104562,-0.10104077204391207,0.3635610024580215,-5.039737596399747,41.000363360650574,True,True,False,0.07099510429821976
109.50106112,10.021507524954322,0.4030077720740036,-3.0907029418008873,0.0,2.861968127815722,0.0236520003527402,0.4363323152065277,0.0,12.821506290689952,0.40563681732757556,0.10328057082934958,-0.10308531625956886,0.36787346663473824,-5.082383327735878,41.000545763874875,True,True,False,0.07081270107391902
109.599437568,10.021365445407442,0.4030226926639923,-3.0906613214939704,0.0,2.8332898095457573,0.0236520003527402,0.4363323152065277,0.0,12.821362374303435,0.407169760664722,0.10330179273766595,-0.10154564423704433,0.3702581345631413,-5.051320341537497,41.00068703967696,True,True,False,0.07067142527183279
109.69882112,10.0213713860805,0.40302845289775674,-3.090655647920652,0.0,2.8212592189600016,0.0236520003527402,0.4363323152065277,0.0,12.821367355568766,0.4077793317071019,0.10330728318755757,-0.1009389667247213,0.37058320636906134,-5.038964679145894,41.000680848808734,True,True,False,0.07067761614005974
109.800265728,10.021414840378856,0.4030747594588968,-3.0906217912054115,0.0,2.8861277944716455,0.0236520003527402,0.4363323152065277,0.0,12.82141433901346,0.4047503626239683,0.10335161223349702,-0.1039599797967723,0.37252305326050417,-5.101893407766059,41.00063537893589,True,True,False,0.07072308601290445
109.909734144,10.021403018659845,0.40306329573734356,-3.090699603290687,0.0,2.938435847408304,0.0236520003527402,0.4363323152065277,0.0,12.82140280316778,0.4019647714944887,0.10334068537290067,-0.10673335330546804,0.3680647491791017,-5.158659764784118,41.000647698581574,True,True,False,0.0707107663672204
110.000131072,10.021361152654508,0.4030180158674052,-3.0909228653539187,0.0,2.8764551481037275,0.0236520003527402,0.4363323152065277,0.0,12.82136084840758,0.40432330614359324,0.10329731139648993,-0.1043805328778648,0.35527277523054557,-5.109471039428097,41.000691536090564,True,True,False,0.07066692885823045
110.0990144,10.021287699251122,0.4030257913033201,-3.0908861978000264,0.0,2.771167466058362,0.0236520003527402,0.4363323152065277,0.0,12.82128003040445,0.4095790715925645,0.10330834447662489,-0.09913863564388618,0.35737367131366893,-5.002082461299644,41.00076457122605,True,True,False,0.07059389372274438
110.201896704,10.02085810578358,0.4030775711151165,-3.0907007978561203,0.0,2.7201993033933496,0.0236520003527402,0.4363323152065277,0.0,12.820841774653069,0.41264073294375214,0.10337917044245044,-0.09605003360147991,0.36799630562142494,-4.940491664326813,41.00119143815945,True,True,False,0.07016702678934195
110.29902976,10.02085810578358,0.4030775711151165,-3.0907007978561203,0.0,2.7157250001491637,0.0236520003527402,0.4363323152065277,0.0,12.8208410193156,0.4128593873444137,0.10337917044245044,-0.0958321895365208,0.36799630562142494,-4.936017361082622,41.00119143815945,True,True,False,0.07016702678934195
110.400146688,10.020388530253822,0.4030913279665353,-3.0906125373212894,0.0,2.7240008625285244,0.024195087942904273,0.4363323152065277,0.0,12.820371988914562,0.41271583970643844,0.10341378841767099,-0.09593317166406373,0.3730532617648034,-4.939236267318629,41.001659937919214,True,True,False,0.0696985270295798
110.500097536,10.020038165592414,0.4031065806506154,-3.0905675103154344,0.0,2.7211866835709806,0.0243090000003576,0.4363323152065277,0.0,12.820020705757889,0.4129946931345469,0.10344460129276001,-0.09562398989550717,0.3756331191644288,-4.933842230961525,41.00200927816463,True,True,False,0.0693491867841658
110.600463104,10.020321205398435,0.40308461098176207,-3.090709726444181,0.0,2.7672778293714235,0.0243090000003576,0.4363323152065277,0.0,12.820311851608043,0.4103220924982685,0.10341007096289581,-0.09831192364874919,0.36748473520852465,-4.988081760717806,41.001727494817956,True,True,False,0.06963097013083797
110.698818816,10.020530645027424,0.4030641155545241,-3.090790100653887,0.0,2.79429821200522,0.0236520003527402,0.4363323152065277,0.0,12.820524859565168,0.40875608842490874,0.10338028527289365,-0.09989070896207644,0.3628796322106987,-5.01970724634946,41.00151917335147,True,True,False,0.06983929159732583
110.80031488,10.02086691902912,0.4031161443884779,-3.0906306907340113,0.0,2.776663353922573,0.0236520003527402,0.4363323152065277,0.0,12.820858168717901,0.41011626340543916,0.1034173137947254,-0.09856583436862529,0.372013147832103,-4.992938872645388,41.001180918872784,True,True,False,0.07017754607601034
110.899127296,10.021111266411245,0.4031579871333751,-3.0905447998954507,0.0,2.6377888768502076,0.0236520003527402,0.4363323152065277,0.0,12.821076129812075,0.4171852363564047,0.10344825284500042,-0.09154475782366184,0.37693433038046414,-4.849143213024697,41.00093495295315,True,True,False,0.07042351199564223
110.999713024,10.020934723911914,0.40315997177237556,-3.0905535520680645,0.0,2.7564690267662173,0.0236520003527402,0.4363323152065277,0.0,12.820922708003305,0.41136295560943253,0.10345808362237786,-0.0973299257345874,0.3764328678281004,-4.968324825493004,41.00111123269866,True,True,False,0.07024723225013219
111.100547584,10.019862082974187,0.4031781073173047,-3.090600323459739,0.0,2.843102893945073,0.0236520003527402,0.4363323152065277,0.0,12.819859452154098,0.40701641235682906,0.1035238849056572,-0.10156383032749704,0.37375306448320944,-5.0576384960167795,41.00218200703082,True,True,False,0.06917645791797611
111.20131456,10.019733702960412,0.40317687796980656,-3.0906039011639055,0.0,2.732080571033765,0.0236520003527402,0.4363323152065277,0.0,12.819718411192481,0.41243072401204744,0.10352836383685879,-0.09615863213747222,0.37354807713411103,-4.946821160454579,41.002310314779635,True,True,False,0.06904815016915933
111.30318336,10.019006088449558,0.4031726921937563,-3.0906217756272816,0.0,2.625492884784731,0.0236520003527402,0.4363323152065277,0.0,12.818968994764267,0.41758529992750415,0.10355652790441873,-0.09095766302658848,0.3725239458216,-4.841257605518034,41.003037396055994,True,True,False,0.06832106889279999
111.399188736,10.019006088449558,0.4031726921937563,-3.0906217756272816,0.0,2.717863416427105,0.0236520003527402,0.4363323152065277,0.0,12.818988591647152,0.413071267209241,0.10355652790441873,-0.09545532507143566,0.3725239458216,-4.933628137160421,41.003037396055994,True,True,False,0.06832106889279999
111.499679232,10.018380110730842,0.4031719290689931,-3.0907448888207907,0.0,2.8616841797348123,0.0236520003527402,0.4363323152065277,0.0,12.8183789718023,0.4056973990316839,0.10358359303160125,-0.10274501004077344,0.36547007943115084,-5.0845027668585825,41.003662788865014,True,True,False,0.06769567608377969
111.600278784,10.017908085978396,0.4031751459876455,-3.0908136348348516,0.0,2.8543901381585983,0.0236520003527402,0.4363323152065277,0.0,12.817906794359969,0.40586458115543816,0.10360779037256174,-0.10253622833640895,0.3615312229671127,-5.081147581746423,41.00413420397315,True,True,False,0.06722426097564238
111.699763712,10.017861023015962,0.4031778643914493,-3.090802835922992,0.0,2.7326886523190135,0.0236520003527402,0.4363323152065277,0.0,12.817847608896864,0.4118449796561955,0.1036125982472702,-0.09657454426179249,0.3621499550399646,-4.958827363833945,41.004181099564555,True,True,False,0.06717736538423935
111.80123392,10.017583656950212,0.4031968579527351,-3.0907508627393643,0.0,2.646194353126172,0.0236520003527402,0.4363323152065277,0.0,12.81755329446938,0.4162363736940921,0.10364390318868637,-0.09217443486135296,0.3651277991097543,-4.8693552205713875,41.004457347081186,True,True,False,0.06690111786760866
111.898925312,10.017583656950212,0.4031968579527351,-3.0907508627393643,0.0,2.6812285516086063,0.0236520003527402,0.4363323152065277,0.0,12.817560744204158,0.4145242960085557,0.10364390318868637,-0.09388030502101716,0.3651277991097543,-4.904389419053831,41.004457347081186,True,True,False,0.06690111786760866
112.001664,10.017140122642848,0.4032027916281011,-3.090648468836195,0.0,2.780452858111977,0.0236520003527402,0.4363323152065277,0.0,12.81713194990465,0.40996794255853397,0.10366954807343512,-0.09837997643036142,0.37099453760919754,-4.997746987057704,41.00490017913761,True,True,False,0.06645828581118707
112.10751744,10.01682466714211,0.4032103994996042,-3.090596628055651,0.0,2.741631080287217,0.0236520003527402,0.4363323152065277,0.0,12.8168108149954,0.412017886638195,0.10369117182584872,-0.09630951438273616,0.3739647955410256,-4.955954951301084,41.00521498457909,True,True,False,0.06614348036970341
112.200356096,10.0165027168926,0.40317240916676617,-3.0907282335792488,0.0,2.627427852005439,0.0236520003527402,0.4363323152065277,0.0,12.816467616750417,0.4171923793592411,0.10366753117226218,-0.09112507441160064,0.3664243544782998,-4.849292164082071,41.00553830539198,True,True,False,0.06582015955681442
112.298975744,10.016253146551325,0.4031398203818501,-3.090797129293156,0.0,2.725787713078531,0.0236520003527402,0.4363323152065277,0.0,12.81623861678971,0.4121601559594706,0.10364606911741135,-0.09611659126496698,0.3624769208448751,-4.951599458788585,41.00578907772767,True,True,False,0.06556938722112449
112.399331584,10.016222402633783,0.4031412787130955,-3.0907824105910295,0.0,2.773554615507043,0.0236520003527402,0.4363323152065277,0.0,12.816214321270742,0.4098685045690314,0.10364889271102778,-0.09839686604745872,0.3633202403565793,-4.998523041705348,41.00581972642283,True,True,False,0.06553873852596581
112.499842304,10.015994953990514,0.4031540759070476,-3.090687772806342,0.0,2.8052045125881317,0.0236520003527402,0.4363323152065277,0.0,12.815989658705577,0.40859958484580433,0.10367178835901616,-0.09964057819407239,0.3687425860016689,-5.024750593141385,41.00604638132086,True,True,False,0.06531208362793706
112.599300352,10.01606296988832,0.40315161224437496,-3.090710101804403,0.0,2.853508253865391,0.0236520003527402,0.4363323152065277,0.0,12.816061338628968,0.4061740367207208,0.10366630352230902,-0.10206280411396952,0.36746322865200604,-5.074333691768301,41.00597854218352,True,True,False,0.06537992276527405
112.702737152,10.016452149650778,0.40313443544464417,-3.090819173240681,0.0,2.847010234302124,0.0236520003527402,0.4363323152065277,0.0,12.816450505246518,0.40616901303376884,0.10363184292961318,-0.10210264709183915,0.36121389568782575,-5.074085005169175,41.00559051074471,True,True,False,0.06576795420408388
112.799251456,10.01646271952374,0.4031338927668127,-3.0908216732860847,0.0,2.7992210607326693,0.0236520003527402,0.4363323152065277,0.0,12.816457583499638,0.4084968871354218,0.10363083091033794,-0.09978475369633708,0.3610706536376601,-5.026439073649976,41.00557997544544,True,True,False,0.06577848950335152
112.89976064,10.017062261353406,0.403195717425148,-3.090653333710248,0.0,2.7025736452648674,0.0236520003527402,0.4363323152065277,0.0,12.817042357917309,0.41375312458749297,0.10366594214504192,-0.09460197235453474,0.3707158008581017,-4.920146510961673,41.00497827793415,True,True,False,0.06638018701464432
112.99931776,10.01750664731668,0.4032456558065293,-3.090567912626452,0.0,2.6900990496295356,0.0236520003527402,0.4363323152065277,0.0,12.817483414813818,0.41465185921854264,0.10369607622270403,-0.09374633123274258,0.3756100684410299,-4.902777647743384,41.00453211130199,True,True,False,0.06682635364680323
113.099455488,10.017863175578274,0.4032445709369138,-3.090783554502036,0.0,2.72682344988661,0.0236520003527402,0.4363323152065277,0.0,12.817848686399874,0.412252300346037,0.10367914315647062,-0.0961689555351724,0.3632546990838016,-4.951857417357715,41.0041759837272,True,True,False,0.0671824812215931
113.199141376,10.018154657254671,0.4032408381146939,-3.090908295231608,0.0,2.7740694948213123,0.0236520003527402,0.4363323152065277,0.0,12.81814745773299,0.40959042625691494,0.10366245636577834,-0.09884688846927372,0.35610758174592266,-5.006250579630316,41.00388495614663,True,True,False,0.0674735088021663
113.303618048,10.018631828142034,0.4032345546697813,-3.0909880372122314,0.0,2.7799173435679725,0.0236520003527402,0.4363323152065277,0.0,12.818625736740039,0.40907508667163467,0.1036349667614718,-0.09940297592165885,0.3515387028062048,-5.016667307316664,41.00340853631173,True,True,False,0.06794992863706284
