t_s,x,y,yaw,vx,hitch_deg,steer_rad,steer_rate_cmd,vel_cmd,trailer_x,trailer_y,e_y,e_y_t,e_psi_deg,e_psi_t_deg,s_path,enabled,reverse,in_window,progress_m
0.0,9.99838645082608,0.39065786185313245,-3.046702981296636,0.0,-1.3938407593493218,0.0,-0.2298004031181335,0.0,12.778512308415204,0.7236747022146115,0.09197070429997131,0.2175245225948775,2.888885502270668,1.6944375950650479,41.024192989301866,False,False,False,0.0014085489845854227
0.09996032,9.99840939243668,0.3906548662437853,-3.0467640755799352,0.0,-1.3938407593493218,0.0,-0.22956478543288036,0.0,12.778555590262552,0.7235018561871249,0.09196669179528048,0.2173484958586174,2.8853850576852564,1.6909371504796875,41.02417020353924,False,False,False,0.0014313347472096893
0.20033152,9.998408672982762,0.3906581889228734,-3.0467341842227644,0.0,-1.4580752012443996,0.0,-0.22942081744663698,0.0,12.778169924500622,0.7267048888915885,0.09197004317253922,0.220573193583419,2.8870977062950614,1.756884240984559,41.02417077457403,False,False,False,0.0014307637124204575
0.299135488,9.998397321980315,0.3906867008980223,-3.0465366302676267,0.0,-1.4741997664792823,0.0,-0.2302469963080901,0.0,12.777997294747832,0.7280648142824206,0.09199903156370805,0.22194311288702828,2.898416714150572,1.7843278140749563,41.024180846870735,False,False,False,0.0014206914157171013
0.399205376,9.998397122481384,0.3906872360272486,-3.0465339093737738,0.0,-1.4060929301333815,0.0,-0.2306906431913375,0.0,12.778395259900996,0.724768597290462,0.09199957503252806,0.21862450395306063,2.8985726098848206,1.7163768734632805,41.024181022383566,False,False,False,0.0014205159028861658
0.499271936,9.998349613822889,0.39067307085850406,-3.0466491593323415,0.0,-1.4298181744679659,0.0,-0.23068731279424193,0.0,12.77824779235533,0.7255851742408895,0.09198753583875828,0.21945100390306854,2.891969273669884,1.7334987815828753,41.024229113780414,False,False,False,0.0013724245060373619
0.599532544,9.998304096240016,0.3906579769653315,-3.0467346263284667,0.0,-1.4846443850992372,0.0,-0.2295691519975662,0.0,12.777909366539255,0.7279924420362716,0.09197448032650717,0.22187890285427173,2.8870723755042227,1.783428094048553,41.02427525735593,False,False,False,0.0013262809305203405
0.699346432,9.998404809214001,0.3906688639268975,-3.046731097222165,0.0,-1.55022635740918,0.0,-0.22956984956264687,0.0,12.777620936773054,0.7311945110016234,0.09198087938511325,0.225093935826785,2.8872745784007465,1.849212269255048,41.02417415997164,False,False,False,0.0014273783148084362
0.799885056,9.999312101098758,0.39076801645117015,-3.046704223300277,0.0,-1.5745516115334437,0.0,-0.22981720862992516,0.0,12.778374222086583,0.7325482494820514,0.09203960072329567,0.22637480213144073,2.8888143407038833,1.8750772856824438,41.02326335725335,False,False,False,0.002338181033103126
0.900138752,9.999367143979116,0.3907758919897504,-3.046686491233474,0.0,-1.5131047894485803,0.0,-0.229988377464119,0.0,12.778788200668544,0.7296248105824255,0.09204502157503607,0.22342604091166948,2.8898303132937584,1.8146464361874153,41.02320801868495,False,False,False,0.002393519601504579
1.00084608,9.999787558398326,0.3908409820377687,-3.046552764926811,0.0,-1.433736890205182,0.0,-0.23060021307123013,0.0,12.779630509390113,0.7262111772270137,0.0920913579824775,0.21995070798977928,2.8974922662754063,1.742940489925687,41.02278512633981,False,False,False,0.0028164119466396187
1.101157376,9.999787558398326,0.3908409820377687,-3.046552764926811,0.0,-1.365501186656485,0.0,-0.2309450656175613,0.0,12.780027942932012,0.7229003204217164,0.0920913579824775,0.21661756561681478,2.8974922662754063,1.6747047863770033,41.02278512633981,False,False,False,0.0028164119466396187
1.199715584,9.999510666464056,0.39081623713404884,-3.0465830170129133,0.0,-1.5208249602251898,0.0,-0.23094425526516993,0.0,12.778850924848241,0.7303272503941998,0.09207894662094847,0.2241200449667578,2.8957589494202973,1.8282952430905977,41.02306284456325,False,False,False,0.0025386937232028117
1.30043648,9.999252592371237,0.3907934416636045,-3.046603493237418,0.0,-1.6091768638901445,0.0,-0.2305396539260633,0.0,12.778073048873384,0.7345329804501537,0.092067646228647,0.2283785258796062,2.894585748175832,1.9154739455110419,41.02332167688733,False,False,False,0.0022798613991241723
1.399170048,9.999278308889266,0.39081151477048653,-3.0465498785187344,0.0,-1.636826969148416,0.0,-0.230538010597229,0.0,12.777914052757176,0.7360410078611521,0.09208455825491378,0.22989473200658597,2.8976576452761704,1.9461959478696935,41.02329518236225,False,False,False,0.002306355924204695
1.500181248,9.999299738591857,0.3908290755585022,-3.0465173145215583,0.0,-1.6402999979538466,0.0,-0.2310064136981964,0.0,12.777903301987209,0.7363174798308538,0.09210114903682519,0.2301710563112157,2.899523424878437,1.9515347562773713,41.023272993189565,False,False,False,0.002328545096887069
1.602281984,9.999221151477466,0.3908204979741755,-3.0465230787778506,0.0,-1.592552144372326,0.0,-0.23100223669594297,0.0,12.778113643349046,0.7339771948631548,0.09209607347943446,0.22782133777097213,2.8991931573208833,1.9034566351382567,41.02335188392551,False,False,False,0.0022496543609449304
1.699449856,9.998739044716542,0.39076722567916533,-3.04655271973356,0.0,-1.5292614166669838,0.0,-0.23079745597046253,0.0,12.778018982097416,0.7307716810502163,0.09206428564146375,0.2246371693377604,2.8974948556579974,1.8384676057700293,41.02383588227231,False,False,False,0.0017656560141432465
1.799247104,9.998668228137776,0.3907602834495976,-3.046554576750308,0.0,-1.470799987537994,0.0,-0.23066809173111505,0.0,12.77829426647335,0.7279235777253483,0.09206049838722384,0.22177585755702287,2.8973884564358303,1.779899777418883,41.023906937455685,False,False,False,0.0016946008307670013
1.90301824,9.998174103943711,0.39071294827717956,-3.0465643735564636,0.0,-1.579430928253402,0.0,-0.23053422000717153,0.0,12.777159250649785,0.7331184891012534,0.0920351760309033,0.2270515202837037,2.896827140790404,1.887969402488884,41.02440267742379,False,False,False,0.0011988608626651853
1.999070208,9.998015174398878,0.3906977393620005,-3.0465726135327458,0.0,-1.5764176520431548,0.0,-0.23045352370689143,0.0,12.777021145028892,0.7329342295303272,0.09202704727716977,0.2268803642290221,2.896355024926172,1.8844840104144136,41.02456212595682,False,False,False,0.0010394123296322277
2.101237248,9.99714401650165,0.3906144127653961,-3.046624795205162,0.0,-1.4517740826631633,0.0,-0.2300948430536244,0.0,12.776905465025804,0.7266594831040264,0.0919825299046589,0.22064116864033786,2.8933652353287536,1.756850651436991,41.02543612687624,False,False,False,0.00016541141021519934
2.200184576,9.997143701287252,0.3906143826045731,-3.0466248106812865,0.0,-1.5473452250748851,0.0,-0.2298630326986313,0.0,12.776340754610928,0.731295668848753,0.09198251378633632,0.2253092935723007,2.893364348612143,1.8524209071320956,41.0254364431198,False,False,False,0.0001650951666505307
2.308421888,9.997075153716468,0.3906097291239815,-3.0466323222739815,0.0,-1.490038419311984,0.0,-0.2298611806361664,0.0,12.776614101797621,0.7284902347763741,0.09198091215093268,0.22249065313906394,2.892933966053275,1.794683718810405,41.025505129793224,False,False,False,9.640849322778422e-05
2.399283968,9.996994798312867,0.3906045801979668,-3.0466393388603668,0.0,-1.4307464828017935,0.0,-0.2297364175319671,0.0,12.776884260650895,0.7255890233919673,0.0919793404706548,0.21957690539534067,2.892531945266837,1.7349897615137457,41.025585634651144,False,False,False,1.5903635308234243e-05
2.498938112,9.99707243192071,0.3906142684040123,-3.0466306476000917,0.0,-1.5034640036436264,0.0,-0.22973713606779728,0.0,12.776531564381504,0.7291507228373527,0.09198556793942989,0.2231558781817635,2.893029917799246,1.8082052548879637,41.025507647107034,False,False,False,9.389117941793756e-05
2.606011648,9.997736335860845,0.3906989148299152,-3.046568011335145,0.0,-1.3821551984269602,0.0,-0.23009644431365375,0.0,12.777885158853739,0.7235239770040728,0.09204061719791706,0.217430547056577,2.8966187114251825,1.6904852432971724,41.02484063658367,False,False,False,0.000760901702783201
2.700928256,9.997822916985987,0.390710187375455,-3.0465577181832693,0.0,-1.353265831262319,0.0,-0.23033045852311612,0.0,12.778135790280551,0.7221620339422293,0.0920480296829338,0.21605163521968662,2.897208465585549,1.6621856302929254,41.02475363993672,False,False,False,0.0008478983497326453
2.799322368,9.99845611643444,0.39079475400251834,-3.0464949038436875,0.0,-1.4523737942441015,0.0,-0.23069121041109505,0.0,12.778170370861623,0.7272299836297533,0.0921043641728743,0.22109613996590707,2.9008074621364606,1.76489258982567,41.02411730709836,False,False,False,0.0014842311880940429
2.899565312,9.998469724903156,0.3907966165034066,-3.046493817788789,0.0,-1.5175683486010192,0.0,-0.2309167832136154,0.0,12.777798995042184,0.7303975707842485,0.0921056198754739,0.22428425518194886,2.900869688498462,1.8301493705445864,41.02410362928635,False,False,False,0.0014979090001006057
2.999855104,9.998418377024251,0.39078980367240035,-3.046515512930074,0.0,-1.557205517872133,0.0,-0.2309144781566905,0.0,12.777519455219032,0.7322531211409192,0.09210109642145647,0.22615738032193541,2.899626648466877,1.868543499784119,41.024155229264046,False,False,False,0.0014463090224055009
3.109914368,9.997976373880782,0.3907296446212729,-3.0466737216686464,0.0,-1.5293643535671488,0.0,-0.23017773413902193,0.0,12.777296821864066,0.7304027925473335,0.09206064585112576,0.22433441215576883,2.890561955464608,1.8316376424768523,41.02459946978632,False,False,False,0.001002068500135067
3.206057216,9.99794420498238,0.3907251394013016,-3.046682844647339,0.0,-1.5150382688164485,0.0,-0.2297443300485611,0.0,12.77735258943336,0.7296779863337272,0.09205757513576575,0.22360752373887302,2.8900392472889407,1.816788849550491,41.02463180716003,False,False,False,0.0009697311264247332
3.300375552,9.99794420498238,0.3907251394013016,-3.046682844647339,0.0,-1.5560790132389863,0.0,-0.2297443300485611,0.0,12.777109085816225,0.7316687786436257,0.09205757513576575,0.22561212172096626,2.8900392472889407,1.8578295939730416,41.02463180716003,False,False,False,0.0009697311264247332
3.401712384,9.99809612341322,0.3907354993843066,-3.0466840373647686,0.0,-1.5435497385312358,0.0,-0.22974460429672108,0.0,12.777335900284779,0.7310680759251473,0.09206117142616327,0.2249935258152416,2.8899709096140667,1.8452319815903526,41.024479578366524,False,False,False,0.0011219599199279173
3.504123392,9.998245892421874,0.3907450174076464,-3.046684898183582,0.0,-1.515342472725089,0.0,-0.22980891323966507,0.0,12.777653173287458,0.7297069136015766,0.09206402214063578,0.2236094256109566,2.889921588329124,1.8169753944992724,41.02432953429917,False,False,False,0.0012720039872817779
3.60285312,9.998312051341625,0.390753316561911,-3.0466867782624814,0.0,-1.4953294029061601,0.0,-0.2298090333659962,0.0,12.777838195440774,0.7287391361894772,0.09206937203182053,0.2226289702989003,2.889813867743072,1.7968546040943207,41.02426307184896,False,False,False,0.0013384664374953559
3.701022208,9.99877307725381,0.3908124754624499,-3.0466979703790518,0.0,-1.5032181703836576,0.0,-0.2298346666049154,0.0,12.778256446326722,0.7291498825682778,0.09210797779350777,0.2230006242402535,2.8891726066997685,1.8041021105284745,41.02379987182479,False,False,False,0.001801666461659579
3.799987968,9.99877307725381,0.3908124754624499,-3.0466979703790518,0.0,-1.5362956080008638,0.0,-0.2304233585018693,0.0,12.778060657520346,0.7307544501819364,0.09210797779350777,0.22461627673651383,2.8891726066997685,1.8371795481457025,41.02379987182479,True,True,False,0.001801666461659579
3.903564032,9.998408817501865,0.3907755952080491,-3.046685684057803,0.0,-1.5969459172791327,0.0,-0.4363323152065277,0.0,12.777330782959933,0.7336935298435432,0.09208732696676644,0.2276088959526715,2.8898765610530432,1.8985338117772559,41.02416541096552,True,True,False,0.0014361273209289038
4.00204928,9.998097334441152,0.3907437068341888,-3.0466784715248303,0.0,-1.5922691131135642,-0.006711939200684129,-0.4363323152065277,0.0,12.77704480979126,0.7334548523273818,0.09206931692667486,0.22739677803957323,2.890289808751975,1.8942702553106285,41.0244780036781,True,True,False,0.0011235346083537934
4.102228224,9.997807349443022,0.3907120166584374,-3.0467318846040627,0.0,-1.5529239336065739,-0.045387014684657015,-0.4363323152065277,0.0,12.77700770965997,0.731366324968171,0.09205054920412754,0.22531995800150562,2.887229464741157,1.8518647317927877,41.02476911077002,True,True,False,0.0008324275164284245
4.202472448,9.997547408583834,0.3906829167927885,-3.0467647192273137,0.0,-1.4989201975360291,-0.09627669133655067,-0.4363323152065277,0.0,12.777078713326619,0.7286262936399621,0.09203303363514935,0.22258457215346292,2.885348179406999,1.7959797103880772,41.02503008827346,True,True,False,0.0005714500129911926
4.3132928,9.997526814948383,0.3906830091648607,-3.0467410416110585,0.0,-1.548618949430146,-0.15036154051351933,-0.4362011982101942,0.0,12.776755880118174,0.7311030486975644,0.0920340413947178,0.22508028345593067,2.886704806887353,1.8470350897625232,41.02505065744394,True,True,False,0.0005508808425105371
4.401204992,9.99743971280848,0.3906843098857764,-3.0466573575194573,0.0,-1.5104424009839905,-0.1796246040870157,-0.40913643131545047,0.0,12.776866642596246,0.7294850506915684,0.09203921290780424,0.2234588663276306,2.891499552148488,1.81365328657755,41.02513761565289,True,True,False,0.0004639226335640956
4.501782016,9.997375386077808,0.3906774714019829,-3.046661349732321,0.0,-1.4191225638277598,-0.23088552051960406,-0.29389999558471935,0.0,12.777340111609249,0.7250367464354398,0.09203524079412494,0.21898603671706932,2.8912708152004463,1.7221047124733253,41.025202182792,True,True,False,0.0003993554944514699
4.601044736,9.996722547765465,0.39060535221331905,-3.046706575791635,0.0,-1.3935138112765115,-0.27320644832943375,-0.20526476343149386,0.0,12.776851502562481,0.7235963351231364,0.09199221447216324,0.21759515091422874,2.888679552877771,1.693904697599367,41.02585758173543,True,True,False,0.000256043448978005
4.700835072,9.996681047872595,0.3906007055750892,-3.04670886176992,0.0,-1.4308651583916343,-0.30085311327960873,-0.12491377617330011,0.0,12.776593099133382,0.7253976399323772,0.09198941728261083,0.21941235611838858,2.8885485759699883,1.7311250678066674,41.025899247165775,True,True,False,0.00029770887932301093
4.81302144,9.996979000239754,0.39060185426234584,-3.046889177921709,0.0,-1.5492946188389272,-0.3194159594908811,-0.10242055867202036,-0.0030096257583612394,12.776254453689395,0.7306429603837835,0.09197731952457093,0.22466693184601552,2.87821722149441,1.8392231737784281,41.02560153828645,True,True,True,0.0
4.903494912,9.997180981833,0.3905992531261041,-3.0469731587341515,0.0,-1.651036369565882,-0.3265553416575347,-0.08316590087638583,-0.25,12.775877194632905,0.735341703328384,0.09196574197839061,0.2293805815381736,2.873405475381354,1.9361531783923362,41.02539987200185,True,True,True,0.0002016662846031636
5.006028032,9.997197436004814,0.3905946596676265,-3.046981526106374,0.0,-1.51381639022801,-0.3390668031153614,-0.09659901330762931,-0.25,12.776714145514763,0.7286580583889045,0.0919604215997309,0.22264884665564166,2.872926060267381,1.7984537839405277,41.02538363829612,True,True,True,0.000217899990332171
5.101697024,9.997524180857898,0.39058660192484346,-3.0470237847319637,0.0,-1.5184808487180614,-0.3457225235072549,-0.04369206092955082,-0.25,12.777027652537297,0.7287588227268503,0.09193784655878327,0.22272114022864403,2.8705048193731053,1.8006970015362564,41.02505757466159,True,True,True,0.0005439636248638635
5.201875456,10.007677255269861,0.3915627033516174,-3.0422563269598055,-0.12775448533810696,-1.636913772523121,-0.353773059095022,-0.07968236361476154,-0.25,12.784804590507672,0.7487234009023552,0.09246163364689826,0.24190933847497526,3.143660028724609,2.1922851346928454,41.014871145400235,True,True,True,0.010730392886216578
5.300704512,10.023839496062815,0.39321535368920885,-3.0285192347452825,-0.19595663877315705,-1.8097260907096087,-0.36028576813906765,-0.11436426575961574,-0.25,12.794593793360043,0.7968496238013283,0.09339416660896428,0.2889659603976101,3.9307374353988,3.1521748595534556,40.9986514147347,True,True,True,0.026950123551749527
5.399944192,10.054114274483283,0.39685217518887034,-3.0086671086730825,-0.2841104343858819,-1.7203829032812878,-0.37010680310624394,-0.3219251581038566,-0.25,12.817021814614595,0.8511009227771686,0.09568154405462435,0.34099159641289933,5.068180473697484,4.200274710423867,40.96824489268022,True,True,True,0.05735664560623377
5.50802432,10.079419955064822,0.400346134893917,-2.991549485323978,-0.280466732516072,-1.678863941318816,-0.377657445281884,-0.31647469769524944,-0.25,12.834510108220456,0.8998241103691658,0.09804709946704648,0.38795353839015556,6.048948046895771,5.139523321659681,40.9428089069178,True,True,True,0.08279263136865467
5.602830336,10.110678322490187,0.40530033873278704,-2.9685735921866163,-0.2783400020762984,-1.7095773008984556,-0.3777750134468078,-0.4363323152065277,-0.25,12.853264372652278,0.9694118148226631,0.10160683199179688,0.45558288677731856,7.365369754210156,6.48665838855373,40.911361204710346,True,True,True,0.11424033357610597
5.702970624,10.131093161163735,0.4088854825843656,-2.954210437223743,-0.2605286867292212,-1.4931865643041553,-0.3771179914474487,-0.4363323152065277,-0.25,12.867553716893603,1.0019989851575029,0.10431228011496756,0.4867611794390562,8.292527878842204,7.120570747980489,40.89099686770868,True,True,True,0.13460467057777237
5.811370496,10.165021706191752,0.4155376998460436,-2.931487820440035,-0.24235802524592664,-0.6557050538752653,-0.3771179914474487,-0.4346507265978657,-0.25,12.896584753129861,1.030812695764285,0.10951182393747964,0.5128752757257045,9.594437920041827,7.584999278751225,40.85681554376925,True,True,True,0.16878599451720078
5.905214208,10.184549177842166,0.4197335270625636,-2.9202671795743234,-0.22355099074766369,0.2826197700148712,-0.3771179914474487,-0.4113425987947225,-0.25,12.919248390603899,1.020915875206914,0.11287123544856473,0.5009996262425239,10.23733328507916,7.289569819898352,40.83712693108608,True,True,True,0.18847460720036935
6.00908416,10.205176098412446,0.42432789150547273,-2.909432060273027,-0.23053975963119994,0.7411592869444902,-0.3771179914474487,-0.4363323152065277,-0.25,12.938161740761341,1.0332527462410939,0.11658194414889958,0.5116032964665843,10.858139891564164,7.451836909453788,40.816322876726694,True,True,True,0.2092786615597575
6.101047296,10.228088324012859,0.4298280934765032,-2.894910772207124,-0.22157012092372486,1.4534076279574515,-0.3771179914474487,-0.43530379764691773,-0.25,12.959795216647667,1.04446412620765,0.12110022721988967,0.5208437257771416,11.690148410834091,7.571597087710758,40.79319697303026,True,True,True,0.23240456525618924
6.201238016,10.248051028624605,0.43475619466040005,-2.880795637764547,-0.24495422624873864,2.5769981252366634,-0.3771179914474487,-0.2905356246726057,-0.25,12.98309421881044,1.0343716946419281,0.12517268958868816,0.5087166645955914,12.498886041653519,7.256744221250942,40.7730423009429,True,True,True,0.25255923734355434
6.302438656,10.278712649231897,0.4429825520879023,-2.860023054987472,-0.2672885736046398,4.053489897447393,-0.3771179914474487,-0.4250959845536854,-0.25,13.016717993818203,1.0289234475857527,0.13208423514824547,0.5002959406849278,13.689067364366037,6.970433771752771,40.74205781332782,True,True,True,0.28354372495863345
6.403228416,10.304251345996937,0.45044961150109997,-2.842526427405461,-0.2633209943925977,4.7220784968199725,-0.3771179914474487,-0.07471974725331877,-0.25,13.038795615262433,1.0523363445557792,0.13845560119954237,0.5216498646129537,14.69155028052744,7.304328088541571,40.71622396531059,True,True,True,0.3093775729758619
6.502519552,10.325789558861002,0.4569459451580802,-2.826240299514643,-0.25514074704207895,5.6533186413899745,-0.3771179914474487,-0.010455064832349873,-0.25,13.060314011786252,1.0589227024783772,0.14402769438054216,0.526293892982378,15.624676673281607,7.306214336725726,40.694428352404714,True,True,True,0.33117318588173816
6.604498944,10.353324770760546,0.46611607083140183,-2.806670042228101,-0.24739647665900344,6.928406826340989,-0.3771179914474487,-0.15875678994162307,-0.25,13.08945521445187,1.0607505763097778,0.15201545178793377,0.5255195474348316,16.745969819785618,7.152419298278764,40.666527190586294,True,True,True,0.3590743477001581
6.701529856,10.37169927507121,0.4723732574649898,-2.7952420079177616,-0.2453474621498429,7.5462725561636335,-0.3771179914474487,0.1026429012398865,-0.25,13.107446061863325,1.0687703722774398,0.15748350764183838,0.5319054395507516,17.400747953898794,7.189331702569249,40.64790260580142,True,True,True,0.37769893248503195
6.80952832,10.400205477643622,0.4826862777192373,-2.7770901426937837,-0.2329449077346351,8.465658920829254,-0.3683337027378412,0.1305795045506894,-0.25,13.13469045954273,1.0848423071403799,0.16657171980677046,0.5454874746846631,18.44077322152299,7.309970605527879,40.618982606294004,True,True,True,0.4066189319924476
6.907403264,10.416225953943568,0.48864647833126074,-2.7661803412715407,-0.23163624890926834,9.7859325159858,-0.36221406329074474,0.3127980113834573,-0.25,13.157815628793085,1.057580617541169,0.171843429282695,0.516274842174784,19.06585879834334,6.6147825871916375,40.60272257150271,True,True,True,0.4228789667837418
7.006303744,10.444092465996162,0.4996915089457066,-2.7463192830833303,-0.2525223456318022,11.520710440097314,-0.33727270116866354,0.15722801948991696,-0.25,13.191459616816045,1.0400374523892,0.18169026085048912,0.4958054489992502,20.20381360919154,6.0179594739283235,40.574410469791125,True,True,True,0.4511910684953264
7.101572864,10.465940576583732,0.5088506115570067,-2.72994347106404,-0.2608867048280622,12.386994374292762,-0.3109896574233246,0.4363323152065277,-0.25,13.212626720124046,1.052647659069803,0.1899094882757439,0.506480677407657,21.142078523996467,6.089940454537848,40.552191707507355,True,True,True,0.47340983077909726
7.20125312,10.486147017337604,0.5174401804454093,-2.7159325304835935,-0.25869669510173704,13.461173883955283,-0.2986427004047229,0.436202279655834,-0.25,13.235378316429834,1.0482200445055043,0.19762969639204792,0.5000446741975503,21.944846286264614,5.818528707143486,40.531637405566656,True,True,True,0.4939641327197961
7.30103552,10.512122307985518,0.5299897473322243,-2.6971782687532015,-0.2507406966914082,15.142205898357464,-0.2480513016060031,0.38723704516207036,-0.25,13.266817934807941,1.0316390307618095,0.20906033273865463,0.4807299042582259,23.019386331299813,5.212036737776467,40.50515065593591,True,True,True,0.5204508823505449
7.408512768,10.528133983195918,0.541553093347835,-2.6800482260336955,-0.2467928575700733,15.977898409411843,-0.20131720428048497,0.4363119760764948,-0.25,13.28154426912736,1.0502099495160513,0.21993046745012268,0.4979157008240681,24.00086548200631,5.357823377428577,40.48866051083422,True,True,True,0.5369410274522295
7.501310976,10.554640877503175,0.5551149368335436,-2.6661452798330787,-0.24235372784763856,17.413869552040392,-0.16458772211573766,0.4363323152065277,-0.25,13.313555945962362,1.0330141364863963,0.23234979366209196,0.4779376334689614,24.797445622099126,4.7184323748928145,40.461599480163024,True,True,True,0.5640020581234282
7.601762816,10.569923356696979,0.5661467317404318,-2.6541923447401077,-0.24066987407883206,19.16340712315567,-0.12165771118651433,0.4363323152065277,-0.25,13.337242046018122,0.9926995089367677,0.24271995165210888,0.43568298595747346,25.48229835572018,3.879697524849903,40.4458605318996,True,True,True,0.579741006386854
7.703592192,10.591654943816533,0.5798715645202861,-2.643435860112867,-0.24477824188845018,20.104726073057332,-0.08010667377516727,0.4363323152065277,-0.25,13.36134877210646,0.9907195869479017,0.25539144801635694,0.4316583057205955,25.74501702066225,3.5546797464864994,40.421987092446145,True,True,True,0.6036144458403072
7.804465408,10.60891242189759,0.5904301266115959,-2.638108063189799,-0.25404371102370626,20.713546790823653,-0.03677204466527498,0.4363323152065277,-0.25,13.380744093089543,0.9865982557906474,0.26509522827863763,0.42590101871573194,26.050277298456848,3.2511193065147097,40.4042348973206,True,True,True,0.6213666409658529
7.900370944,10.631601746302714,0.6038532926594534,-2.633347752357915,-0.25383868152786665,21.640464128561373,0.004296038519236326,0.4363323152065277,-0.25,13.407775885038284,0.9683490421762488,0.27739511378763065,0.40541711259340135,26.323023018294204,2.5969476886143172,40.38091752943365,True,True,True,0.6446840088527992
8.009116672,10.652133780365997,0.6160721746942939,-2.6306117727463767,-0.2503881835263909,23.145235810162937,0.04635791572782158,0.4363323152065277,-0.25,13.436114393363404,0.9151573573004927,0.2885974304997315,0.35000632253950303,26.479783102869177,1.2489360915878023,40.359813652983135,True,True,True,0.6657878853033168
8.101882624,10.662928632920519,0.6264231523949458,-2.6284981652249404,-0.24715268859196793,23.565187122577484,0.08436201915227826,0.4363323152065277,-0.25,13.448431374663537,0.9109832967267262,0.2984092633354555,0.3447989996791524,26.600883893394585,0.9500855696986108,40.34852651351216,True,True,True,0.6770750247742896
8.19896192,10.686530990886038,0.6403398300957237,-2.630423711426215,-0.24779947683145717,24.08943931354884,0.13281401439505305,0.4363323152065277,-0.25,13.475014464767394,0.8940323918521869,0.3111575145182423,0.3256468835646685,26.490558222804115,0.3155077081368111,40.32427311557414,True,True,True,0.7013284227123151
8.303574784,10.699765644967933,0.6511884371804096,-2.6331554911543185,-0.24686610594592898,24.825909337498054,0.1799976301398953,0.4363323152065277,-0.25,13.491864241231637,0.8613917405375446,0.32134731638753894,0.291690453844398,26.334038773824354,-0.577481764792162,40.310524796323776,True,True,True,0.715076741962676
8.399746816,10.724269529188394,0.664782172984331,-2.6403437932381544,-0.24761384788445995,25.763885430138806,0.2259091183767748,0.4363323152065277,-0.25,13.520545049067287,0.8091539739914135,0.33372901410522804,0.23720098390057745,25.922179402555486,-1.9273172287017626,40.28538670656691,True,True,True,0.7402148317195412
8.501303808,10.744837233441483,0.6762301470179624,-2.647899170697441,-0.246971424309911,26.038714118201714,0.2711462250087324,0.4363323152065277,-0.25,13.542682679348717,0.7860520975385978,0.34415960059775386,0.21229861315708887,25.48928816151012,-2.6350371578100984,40.264284824348984,True,True,True,0.7613167139374681
8.598436608,10.756898052846207,0.6854444310990724,-2.6553151330997924,-0.24102113794739824,26.28445714707457,0.30655991333927823,0.4363323152065277,-0.25,13.55583727430593,0.7625108607195333,0.35277431239467233,0.18772310483412485,25.06438481482768,-3.305683533365383,40.25178869948978,True,True,True,0.7738128387966725
8.700694784,10.781605099729271,0.6984269586979256,-2.6678067179620473,-0.2439517711281875,26.613401165560067,0.3585021055856602,0.4363323152065277,-0.25,13.581484158815046,0.724451072380298,0.36453561541912144,0.14761840304702215,24.34866972279094,-4.350342643887584,40.22647751738179,True,True,True,0.7991240209046637
8.808310528,10.797948237081936,0.7082101079626978,-2.678767899006636,-0.24533901869676025,26.606270324796675,0.3771179914474487,0.4363323152065277,-0.25,13.597944907071929,0.7038917697460408,0.3735095285207257,0.12573258988525834,23.720640310457185,-4.971241215457891,40.20967641528372,True,True,True,0.8159251230027351
8.899076352,10.81895568846869,0.7195824098401178,-2.6934200775990584,-0.2507802493038263,26.476846831679133,0.3771179914474487,0.4363323152065277,-0.25,13.61868381244879,0.680564057813448,0.38384307244443316,0.1007242615311108,22.88113231643944,-5.681325716358137,40.18813900286405,True,True,True,0.8374625354224037
8.998596096,10.836869149766521,0.7290455730563601,-2.7064901831651036,-0.2532781138071293,26.25890915589066,0.3771179914474487,0.4363323152065277,-0.25,13.636115520747351,0.6640859351982858,0.39242074568343843,0.08282216960466224,22.132270429714634,-6.212249927294465,40.16978506389905,True,True,True,0.855816474387403
9.099237632,10.860213072967408,0.7406060558777037,-2.7209129898557998,-0.25082868660875945,26.01193734559594,0.3771179914474487,0.4363323152065277,-0.25,13.658659438188723,0.6473433035077932,0.40282822162403364,0.06422138171295737,21.305904477604695,-6.79164406910971,40.14590478002265,True,True,True,0.8796967582638047
9.20052864,10.883507998690456,0.7509528890892534,-2.736584790236005,-0.2451494617150777,25.533538286751277,0.3771179914474487,0.4363323152065277,-0.25,13.681196467375093,0.6372021432059484,0.4120258852361463,0.05219869334216719,20.407976458447433,-7.21117302942231,40.122132663877295,True,True,True,0.9034688744091568
9.298823168,10.899933803134767,0.7583450167259551,-2.748540822036584,-0.23993926992368406,25.12545339327756,0.3771179914474487,0.4363323152065277,-0.25,13.697039765393992,0.6310727263643422,0.41860759136123843,0.04474295358105745,19.722946296550024,-7.48811829784595,40.105365680036336,True,True,True,0.9202358582501162
9.400324608,10.925028498530242,0.768552443913178,-2.764299542324501,-0.242396950407478,24.688928721551875,0.3771179914474487,0.4363323152065277,-0.25,13.721005819614842,0.6185163816461946,0.42757818253750746,0.030192208645275206,18.82003813352523,-7.954501789145157,40.0798027420064,True,True,True,0.9457987962800516
9.501361408,10.944011336177377,0.7750845665515408,-2.780468753119182,-0.23768418213399073,23.688066510103813,0.3771179914474487,0.4363323152065277,-0.25,13.740181214139938,0.6286809683210541,0.43317611982774906,0.038687712689159326,17.893610596932643,-7.880067114289648,40.060523741788685,True,True,True,0.9650777964977664
9.59873024,10.970646785410135,0.7849811949594336,-2.7976437296842787,-0.24825704760782627,22.778342680642908,0.3771179914474487,0.4363323152065277,-0.25,13.766624381010548,0.6349502484832559,0.4417610905467076,0.04268342060363489,16.909556926516487,-7.954396955244885,40.03343705340805,True,True,True,0.9921644848784013
9.699817728,10.991705827693467,0.7916037535754539,-2.813810723429556,-0.2529146253425643,21.8625720792697,0.3771179914474487,0.4363323152065277,-0.25,13.787655803154895,0.6410589605162463,0.4473480329355675,0.04697978618899332,15.983256417497696,-7.96492686289044,40.01207990895339,True,True,True,1.013521629333063
9.799745536,11.018985388994897,0.8002909567068182,-2.8310039857038873,-0.2531406764669709,20.946573284806203,0.3771179914474487,0.4363323152065277,-0.25,13.814751763846152,0.6463741699320443,0.4546769888034354,0.04996932064007942,12.44012994448237,-8.03402943280768,39.96410566451327,True,True,True,1.0614958737731826
9.904082432,11.039975664582842,0.8065271887847706,-2.845045491895189,-0.24761364020021306,20.34757367452885,0.3771179914474487,0.4363323152065277,-0.25,13.835171956675255,0.6425830255070663,0.4589269483365586,0.04449505031431101,11.635610901714003,-5.365328291856243,39.942624973096216,True,True,True,1.0829765651902363
9.999078144,11.065141595570836,0.8138594816646711,-2.8623962990108014,-0.24022777348047775,19.821444374638784,0.3771179914474487,0.4363323152065277,-0.25,13.85890554253494,0.6270895466013714,0.46387846467028204,0.028178098542979688,10.641482882843821,-5.833327010836296,39.9168845557071,True,True,True,1.1087169825793524
10.099843584,11.087506237244433,0.8199116187362344,-2.876668410157394,-0.24040536598854778,19.21409804356484,0.3771179914474487,0.4363323152065277,-0.25,13.880565547756191,0.6228844937925204,0.4678168612300589,0.02321643620018668,9.823751149402456,-6.043712413203748,39.894052679024284,True,True,True,1.1315488592621676
10.21145728,11.110031084859774,0.8239142710982001,-2.894722182533496,-0.24782454184673378,18.36436919264726,0.3771179914474487,0.4363323152065277,-0.25,13.902440828809588,0.6178855791785263,0.4696997666341655,0.017453854326764887,8.78934618796195,-6.228388523726705,39.871252576979245,True,True,True,1.1543489613072069
10.29901312,11.136465432286677,0.830426217945683,-2.9125804789926057,-0.25421192744908744,17.764115038642565,0.3771179914474487,0.4363323152065277,-0.25,13.927278227944678,0.6037900787454756,0.4737161345718392,0.0024964524605182244,7.76614117156152,-6.651339386122438,39.844325843716184,True,True,True,1.1812756945702674
10.400131072,11.156865487953,0.8341557035260755,-2.925279327954015,-0.2558048985342005,16.927052642710503,0.3771179914474487,0.4363323152065277,-0.25,13.948106210731924,0.6128522297607666,0.47552537536769085,0.010823004599453168,7.038550721398693,-6.541867440353194,39.82366675415188,True,True,True,1.201934784134572
10.50338432,11.183088573558452,0.8390410951283881,-2.9436091935193316,-0.24771076198588102,15.72727558135532,0.3771179914474487,0.4363323152065277,-0.25,13.974897432262704,0.6250240480025446,0.47794200517822977,0.02204829889098528,5.988326785463861,-6.392314314932799,39.7971021692664,True,True,True,1.2284993690200494
10.600665088,11.203384048344821,0.8423147208078794,-2.9571679646237055,-0.24084506203663217,15.058573500330787,0.3771179914474487,0.4363323152065277,-0.25,13.994783929165292,0.6230279100885373,0.47930713653795926,0.01935635646046482,5.211466425799304,-6.500472593572836,39.77658975014373,True,True,True,1.2490117881427238
10.700092672,11.23088555687893,0.846818413266874,-2.975446506161277,-0.24346973707088174,14.041856291775662,0.3771179914474487,0.4363323152065277,-0.25,14.02216805564967,0.626042481480434,0.4812244162710021,0.021409249034785284,4.16418314004188,-6.531038670775123,39.748787947039574,True,True,True,1.2768135912468779
10.800096,11.252866691768059,0.8504391552606425,-2.990380779269336,-0.245701496824668,12.647848744218342,0.3771179914474487,0.4363323152065277,-0.25,14.046100308699078,0.655898770644846,0.4827778237832887,0.05040835609904386,3.3085123208543736,-5.992701942405301,39.72656482870077,True,True,True,1.2990367095856783
10.901079808,11.27560263349374,0.8519241755156949,-3.006713676837421,-0.2514725664623,12.153076771826195,0.3771179914474487,0.4363323152065277,-0.25,14.067256039878894,0.6358888575277104,0.4821343845875065,0.02966921988895147,2.3727062229836178,-6.433736067883974,39.70378952810314,True,True,True,1.321812010183315
11.000731136,11.303323361296943,0.8554977164916096,-3.0245514639366955,-0.25001380210799573,11.062371875465931,0.3771179914474487,0.43560455678216675,-0.25,14.095233703208459,0.6428086412490747,0.48310511281436447,0.03560412146449122,1.3506763063422675,-6.365061088165,39.67585627494932,True,True,True,1.3497452633371338
11.105627648,11.325880775873005,0.8580358892150808,-3.039283801378682,-0.24678853598828676,9.749101202584098,0.3771179914474487,0.26951705918209246,-0.25,14.119439113749689,0.6682154138188464,0.4835268913699812,0.06014687167007875,0.5065755485539176,-5.8958911730715124,39.653160430043684,True,True,True,1.3724411082427679
11.207544576,11.351985712791043,0.8606159195201142,-3.0538058508351487,-0.2429522413071116,9.151712669019409,0.3771179914474487,0.3086462947673025,-0.25,14.14474318405304,0.6593556236088323,0.4836592495432606,0.05040560586711481,-0.32547659518188377,-6.130554783242635,39.62692864075695,True,True,True,1.3986728975295009
11.306169088,11.374149028349256,0.8618151137220675,-3.069954549003565,-0.2468425241013277,8.563088274951093,0.3771179914474487,0.18168078749168734,-0.25,14.16567584787051,0.6441501971793486,0.48278467590434126,0.034475822812463836,-1.2507288448628027,-6.467182638855202,39.604750143417924,True,True,True,1.420851394868528
11.402419456,11.402153907767225,0.8633085504051083,-3.087186721038479,-0.2484706044524248,7.815483600663163,0.3771179914474487,0.06267888374738441,-0.25,14.192745583881049,0.633965799910911,0.48165785901939995,0.023348876452173654,-2.2380595743067513,-6.706908694011283,39.576728118008454,True,True,True,1.448873420277998
11.500404736,11.42530070188509,0.8644923281256808,-3.100975493755964,-0.24927869417697684,6.613981897653289,0.3771179914474487,0.4353585726805707,-0.25,14.21746740475883,0.6551956407099641,0.48067614675055753,0.043699161005042834,-3.0280980556837527,-6.295445472378392,39.55357187373941,True,True,True,1.472029664547044
11.603176448,11.446839504340279,0.865310991303815,-3.115152861925832,-0.24751118519711643,5.971264525980074,0.3771179914474487,-0.1528043645235715,-0.25,14.238374494151309,0.6477508831480807,0.4794809897565319,0.035526174620245356,-3.8404014164203026,-6.465031461441743,39.53205067906154,True,True,True,1.4935508592249107
11.702584832,11.477089582760382,0.8659595858059059,-3.1326664276233473,-0.24813630873295395,5.1983866126520155,0.36822638914424827,0.4216446712182685,-0.25,14.267726443061616,0.6371672915124257,0.4773122046745036,0.023920286546297177,-4.761438018855036,-6.695606946806392,39.502558685965525,True,True,True,1.523042852320927
11.812239616,11.499545966864444,0.8662619908243565,3.1368916844667707,-0.2463332989990658,3.6911240916579575,0.3717345638309265,0.4328077724779558,-0.25,14.292859399110139,0.6728710157614587,0.4755496074579016,0.05872115049669161,-5.542218784082964,-5.969125191040232,39.480169539334256,True,True,True,1.5454319989521963
11.901370112,11.52614732260832,0.8661905608872705,3.118514079385598,-0.24549853608397135,3.192418015066501,0.3771179914474487,-0.3097446872412954,-0.25,14.31745931379562,0.6457878207636792,0.47303383787588904,0.030819484319834774,-6.595177992792342,-6.437082987782395,39.45368731637133,True,True,True,1.5719142219151223
12.000740864,11.545856645060947,0.8655007991457803,3.1085036975288,-0.24498393939703547,2.383458146869369,0.36799153509032384,-0.35792181019622954,-0.25,14.338050627481667,0.656568359028127,0.4705357250555167,0.04090321519525284,-7.168730624501202,-6.201675751294193,39.43412478598443,True,True,True,1.5914767523020217
12.104013824,11.57380595922606,0.8642643857729736,3.089127388525906,-0.2447282094408229,1.3150616587202109,0.3276802895345736,0.08305291066191202,-0.25,14.365846830465088,0.6532957309192053,0.46673602564543726,0.036699999224537344,-8.278911352908356,-6.243459991552152,39.406407369713754,True,True,True,1.6191941685726974
12.202066688,11.593742987690009,0.8626014252991472,3.0747205685262635,-0.2457220675232948,0.7855732072994108,0.3111043892369339,-0.07561238818446575,-0.25,14.384656855394656,0.6372133531793225,0.46324790637023644,0.01999568624337683,-9.104361335092541,-6.539421522315551,39.38670753302835,True,True,True,1.638894005258102
12.302883072,11.622614444602819,0.8601088906434141,3.0564847959232324,-0.2513799475038435,0.32349984262909615,0.3161910532924105,-0.14525168903468968,-0.25,14.411091554016357,0.6063463830172495,0.4581126570484729,-0.011740669745860357,-10.149194141406518,-7.122180963959189,39.35818731269818,True,True,True,1.6674142255882742
12.402224128,11.646303042635711,0.8579873533140375,3.04416634049426,-0.254746818750247,-0.283250413715114,0.3007549546696303,-0.08844563887340916,-0.25,14.434337315338814,0.5994048824601916,0.45382313542338254,-0.01945804776778406,-10.85498964760665,-7.221226213815126,39.33479392470858,True,True,True,1.6908076135778742
12.50058368,11.668148914406528,0.8554606445059549,3.029853403610568,-0.25076125969876367,-1.6004988761729892,0.28953906981167526,-0.09012446202864403,-0.25,14.458322014140464,0.6210804543850404,0.44929950184816153,0.001400753207618742,-11.675060523479322,-6.724048627229927,39.313272700066264,True,True,True,1.7123288382201878
12.60032384,11.696930335468178,0.8520991786617197,3.0145435486225445,-0.2511826718174743,-2.1591160950563997,0.2803100262784198,-0.28552049997743145,-0.25,14.485757124723689,0.6022089236880622,0.44330727259476954,-0.018380473377843532,-12.552250599250392,-7.042621484117599,39.28492198861973,True,True,True,1.740679549666723
12.706104064,11.719380665438319,0.848899906097682,3.0031536486912698,-0.2481652630940779,-3.1008632887725502,0.2669800238433746,-0.3643316587063207,-0.25,14.509433053480354,0.6130871159845513,0.4380583721451482,-0.008302617515610965,-13.20484379438878,-6.753467485539846,39.26286067168766,True,True,True,1.76274086659879
12.801097984,11.746665107392495,0.8447764758789615,2.988500781277412,-0.24744788084079986,-4.433683853299169,0.24329086607293082,-0.14365768075615093,-0.25,14.538644241886702,0.6329923580868684,0.4314449740105447,0.010611526243250274,-14.044391254967614,-6.260194381592031,39.23607062848813,True,True,True,1.789530909798323
12.900985344,11.765450946803961,0.8412285490558727,2.9781599939685712,-0.24697331883869963,-5.218845850033392,0.20569332719185132,-0.43632576900023345,-0.25,14.558126496278328,0.6388346870737396,0.42618565825333965,0.015797030697371622,-14.636874724606624,-6.067515854496828,39.21769033619172,True,True,True,1.8079112020947292
13.000868352,11.796651674006545,0.8351941453863885,2.963745770669089,-0.23839465819684053,-6.17669973695485,0.1870262485578942,-0.4343973222978492,-0.25,14.589786024441699,0.6392336891223945,0.41730947002104757,0.015133782407554487,-15.462748884626102,-5.935536127594841,39.18717619704147,True,True,True,1.8384253412449851
13.101414912,11.81227745821915,0.8324987791530807,2.9588283176865513,-0.2197010694360992,-7.337828292166381,0.14521887451320104,-0.33002117867444136,-0.25,14.608090330907842,0.6794289228514692,0.4131895134684839,0.054692372336640635,-15.744498186479522,-5.0561568742367315,39.17186423800953,True,True,True,1.8537373002769186
13.200206592,11.840449360645959,0.8273048838051595,2.9479158161992345,-0.2561034592324453,-8.095756273371686,0.10022203591637859,-0.4363323152065277,-0.25,14.636609220785244,0.6807100798527219,0.40542862320996054,0.05501613591991535,-16.36973846563301,-4.923469172184901,39.14428886461903,True,True,True,1.8813126736674235
13.301224448,11.865340201994256,0.8224321020226911,2.941429344592283,-0.2640914430912847,-8.746454152999616,0.06466132773945116,-0.4363323152065277,-0.25,14.66218086433601,0.6894572567633985,0.3982890143827801,0.062900583563679,-16.74138591264277,-4.644418739566727,39.119951157842905,True,True,True,1.9056503804435465
13.403443712,11.888538003378573,0.8181068646349785,2.938602336375224,-0.2627001088368394,-9.517360472969317,0.023751687040037456,-0.4363323152065277,-0.25,14.686633923577372,0.7148633594308298,0.3918502218468462,0.08747210448878576,-16.903361552129052,-4.035488059083332,39.09724900776399,True,True,True,1.92835253052246
13.500494336,11.917583638934182,0.8123887569919718,2.937196335876645,-0.257620126892232,-10.699082988395277,-0.01702094045904286,-0.4363323152065277,-0.25,14.71714692096511,0.762937468796144,0.3834870422624056,0.134495592628243,-16.98391944669093,-2.934323438219257,39.068851773266864,True,True,True,1.9567497650195875
13.602200832,11.942067494377014,0.8091683286641654,2.9379588393697667,-0.25329005278642924,-11.818769222466265,-0.06229746231655342,-0.4363323152065277,-0.25,14.74205771754944,0.8165676623390747,0.3780301963162073,0.1872599650339325,-16.940231214671066,-1.7709489721283704,39.04476748028826,True,True,True,1.9808340579981945
13.701006592,11.970175988637246,0.80336211072261,2.938389977307093,-0.249319427361324,-12.728596903502954,-0.10458527299081516,-0.4363323152065277,-0.25,14.769673087793725,0.8564280302421845,0.36969912809069844,0.2261863604569709,-16.83610340198792,-0.7716096452092349,39.01782398532972,True,True,True,2.007777552956732
13.807276032,11.99362884719858,0.7995575470118153,2.9407597851118155,-0.2406697381063247,-13.365913296015206,-0.1530377352370617,-0.4363323152065277,-0.25,14.792155106791192,0.8903913203045315,0.3637872609948317,0.25940305513074624,-16.70032341652016,0.00148673277076449,38.99481179058067,True,True,True,2.030789747705782
13.8997184,12.019646021307846,0.7949542624092175,2.944982926953702,-0.24353498619250324,-13.693733044682153,-0.19560513230856827,-0.4363323152065277,-0.25,14.817130602168215,0.9136135218392497,0.35684783346535154,0.2818034803736494,-16.45835521269497,0.5712746852628869,38.96931810659174,True,True,True,2.056283431694709
14.002354176,12.043307307116947,0.7904088326587815,2.9504762837135594,-0.2420993907060747,-13.925271677299143,-0.24017042047269432,-0.4363323152065277,-0.25,14.839533398955538,0.9357348224922583,0.3501792752035718,0.3031869765014381,-16.143609054995466,1.117559475579358,38.946165402463166,True,True,True,2.0794361358232862
14.103989504,12.068973341580394,0.786696166110546,2.9571262986410014,-0.24065768484716812,-14.090582083963131,-0.2856907727918155,-0.4363323152065277,-0.25,14.86368662207009,0.9586777926132721,0.3441585942256724,0.3253349707727267,-15.762591265954041,1.6638876712847916,38.92094079902645,True,True,True,2.104660739260005
14.20187008,12.097286319344807,0.7820637482947064,2.9687284372945717,-0.24533568609166795,-14.502488828993844,-0.3308696003036584,-0.4363323152065277,-0.25,14.88827462875538,1.006528125721307,0.33698233994148213,0.3723631459725166,-15.097837687778869,2.7405479944906803,38.89316337331496,True,True,True,2.1324381649714894
14.305023232,12.132671114900974,0.7797511172631465,2.980345862295941,-0.25830781799207375,-14.610307199381298,-0.36958552570297165,-0.4363323152065277,-0.25,14.920375129241126,1.041870037663411,0.33147621746711164,0.4066459578896777,-14.432208266390635,3.513995786266328,38.85813317728158,True,True,True,2.1674683610048717
14.402913792,12.160705227471986,0.7753252207897224,2.997149058357784,-0.2500484292304787,-14.33322114390196,-0.3771179914474487,-0.4363323152065277,-0.25,14.945072890641315,1.0707853979658843,0.324530879217125,0.43474555284034916,-13.469456049716205,4.199661947461441,38.830614777912594,True,True,True,2.194986760373858
14.515630592,12.181705338882033,0.7724242917095785,3.012367069098752,-0.2482337945141558,-14.068889901864557,-0.3777750134468078,-0.4363323152065277,-0.25,14.962783276595896,1.0973942970349995,0.3197409565721504,0.46076639225911664,-12.59752826167398,4.807258493466269,38.80996346536793,True,True,True,2.215638072918523
14.600898304,12.207034275017246,0.7693304770659544,3.0301287968719546,-0.2478702233628615,-13.551479173527802,-0.3777750134468078,-0.4363323152065277,-0.25,14.985168862763471,1.1185699541702965,0.3143671006605313,0.48120529967663206,-11.579856223409166,5.307519803394333,38.78501855872484,True,True,True,2.2405829795616086
14.702451968,12.230959473426495,0.7667717493464444,3.0458656385507528,-0.24678909948418623,-12.80389577927499,-0.3771179914474487,-0.4363323152065277,-0.25,15.008144895557432,1.1234804976319483,0.3096531995117739,0.4853685014974621,-10.678201612348461,5.461591020202193,38.76142319175537,True,True,True,2.2641783465310823
14.802448384,12.250689294469012,0.7650736569986107,3.058805805475296,-0.24742975755145274,-12.406536208868145,-0.3771179914474487,-0.4363323152065277,-0.25,15.025682645505917,1.1384526892178475,0.3061761606823874,0.4997643444018993,-9.936784661377363,5.805648400766518,38.74192807552154,True,True,True,2.2836734627649093
14.90436224,12.28048689989094,0.7627716432525855,3.0780728685443943,-0.24570757140630556,-11.796660314677538,-0.3771179914474487,-0.4363323152065277,-0.25,15.052157586159625,1.1600644910095927,0.3011863570412552,0.520506612091213,-8.832863263905642,6.299693904047628,38.71246117178547,True,True,True,2.3131403665009813
15.005154048,12.303684665497485,0.7618256272692098,3.091729315861194,-0.24354499911719724,-10.929109602351549,-0.3771179914474487,-0.4363323152065277,-0.25,15.075942341813096,1.1550016388838198,0.2981443933194809,0.5146754447805625,-8.05040646951026,6.214599986116997,38.68944427077573,True,True,True,2.336157267510721
15.099559168,12.33437043531129,0.7607969430565682,3.1106616801292244,-0.24384020802935708,-9.466091707763113,-0.3771179914474487,-0.4363323152065277,-0.25,15.109163467759497,1.1356617547912624,0.2943422964067043,0.49426887090491145,-6.965661900747835,5.8363266602909585,38.65897758865671,True,True,True,2.3666239496297408
15.211634944,12.355353133907732,0.7603440772342517,3.1251948059150827,-0.2500237295408853,-8.588461823927195,-0.3771179914474487,-0.4363323152065277,-0.25,15.130439358617773,1.133032211502799,0.2919919633096703,0.49095105783749154,-6.132975130085407,5.7913835471174835,38.638122021961586,True,True,True,2.3874795163248663
15.31061376,12.371428257253163,0.761330147948409,3.139372351673429,-0.25130706910949085,-7.761223267610053,-0.3771179914474487,-0.4363323152065277,-0.25,15.146611469620948,1.1332953852919252,0.29151888684972294,0.49068987922663415,-5.320661594278569,5.776458526607173,38.62202363307675,True,True,True,2.4035779052097013
15.399712768,12.40299929238994,0.7616982626508463,-3.1218414049870757,-0.25015714116538207,-6.6339442300220925,-0.3771179914474487,-0.4363323152065277,-0.25,15.177320848343975,1.1400366088025073,0.2890277215950821,0.4964321250069217,-4.061784480176719,5.908056603121039,38.590548883455575,True,True,True,2.4350526548308764
15.522423552,12.429610441421755,0.7627569207573822,-3.1033753061738825,-0.24679246922129935,-5.87304244371577,-0.3771179914474487,-0.4363323152065277,-0.25,15.20193269248087,1.155477350939609,0.2876846463963709,0.511066967610995,-2.9464881949447213,6.205184342882278,38.56423868456738,True,True,True,2.4613628537190735
15.604005888,12.444353255582023,0.7642064177449239,-3.0922505966721547,-0.2467905616071845,-5.496069659725078,-0.3771179914474487,-0.4363323152065277,-0.25,15.214861845664029,1.16952376536505,0.2878084985528914,0.524688978587679,-2.309089292186663,6.493958309378182,38.54942530306536,True,True,True,2.4761762352210894
15.701671936,12.474014510514376,0.7660233067286167,-3.073085505816993,-0.2410221860900821,-4.314455726504383,-0.3771179914474487,-0.4363323152065277,-0.25,15.245111093415876,1.1673009266273977,0.28696272014988916,0.521501710785766,-1.2110104722010762,6.410423196143054,38.51972049219853,True,True,True,2.5058810460879215
15.80385792,12.503976612258763,0.7685151813810586,-3.0544874302022476,-0.2413475978254385,-2.6428498121028428,-0.3771179914474487,-0.4363323152065277,-0.25,15.279162407427245,1.1404611482836071,0.28676228438153456,0.49358868497417324,-0.14541923241098673,5.804408521531551,38.48965561558599,True,True,True,2.5359459227004635
15.902085888,12.528716994778497,0.7707273803734159,-3.0391396577199314,-0.2500197029165652,-1.97513870737521,-0.3771179914474487,-0.4363323152065277,-0.25,15.302509884274453,1.1529223648795948,0.28675076122779564,0.5052982956655109,0.7339433557527241,6.016060004967696,38.464816529072564,True,True,True,2.5607850092138875
16.00437248,12.554907016216463,0.7755330348418916,-3.019083167871419,-0.25111468024230044,-1.369719783154101,-0.3771179914474487,-0.4363323152065277,-0.25,15.324948052690875,1.1840335320848763,0.28919250373731564,0.5356773786393949,1.883095575919457,6.5597933009133165,38.43830144975326,True,True,True,2.5873000885331905
16.100294912,12.583298105191012,0.780275943125266,-2.998687740202663,-0.2532778296288804,-0.736194476064839,-0.3771179914474487,-0.4363323152065277,-0.25,15.34940370774446,1.2146257969556038,0.29137470527397497,0.565473425141022,3.0516675027035265,7.0948399206080826,38.40959975801569,True,True,True,2.6160017802707642
16.201746176,12.607816801946102,0.7846575719182652,-2.9807485301566006,-0.24931973350643416,0.5238688507740409,-0.3771179914474487,-0.4363323152065277,-0.25,15.37566011905382,1.2077927417424565,0.2935437471105371,0.5578057422370618,4.079508526141593,6.862617617207269,38.38478725272181,True,True,True,2.6408142855646446
16.30527488,12.625361403997982,0.7913922971999324,-2.962760092861506,-0.24761381947929828,1.1600440063031263,-0.3771179914474487,-0.43628970505667786,-0.25,15.390225818266064,1.2335741271228944,0.29868078078220783,0.5831090500551765,5.110170063186221,7.257103998722898,38.366710182416185,True,True,True,2.658891355870267
16.406158848,12.656559962574986,0.7976677742468258,-2.9418307250530527,-0.24642755799425975,1.8257750782204802,-0.3771179914474487,-0.4345259657432503,-0.25,15.417187821588007,1.2655714224920458,0.3021380635910886,0.6142294079646665,6.309334506487585,7.790537370106884,38.33507509327409,True,True,True,2.6905264450123596
16.502563584,12.674709288561143,0.8030556148869303,-2.9278234734118302,-0.23906894846913787,2.7774866530042672,-0.3771179914474487,-0.436133239508849,-0.25,15.436545861590414,1.2637710844317782,0.30587948386869723,0.6118120749780315,7.111890908107299,7.641382196942798,38.316516304660034,True,True,True,2.7090852336264177
16.60141568,12.701524529483063,0.8103664389638048,-2.907538618696325,-0.24533319113453134,3.68689554893575,-0.3771179914474487,-0.3603682274733456,-0.25,15.46130123258057,1.2832644713558266,0.3107603653764534,0.6305053322996498,8.27412747134182,7.894209864245807,38.2891542453426,True,True,True,2.7364472929438506
16.700937472,12.724019593815681,0.8163778749039224,-2.8913890845599663,-0.25218713551407657,4.746188646167456,-0.3771179914474487,-0.30510830838644637,-0.25,15.484894677036586,1.2828205561091948,0.31473383240951475,0.6293085360012588,9.199427618457623,7.760216914129954,38.26621134140417,True,True,True,2.759390196882279
16.800745472,12.741436410289916,0.8244302543815998,-2.8745701803482193,-0.2518622578344086,6.030687427051521,-0.3771179914474487,-0.39059642355017393,-0.25,15.504880191236664,1.2754052753603067,0.3211946693236097,0.6212590924872303,10.163079845825532,7.439370360613781,38.2481435828902,True,True,True,2.777457955396251
16.903590912,12.770144321484267,0.8325906406691076,-2.8550640931283677,-0.24787625997601742,6.839625106492017,-0.3771179914474487,-0.10207002043995321,-0.25,15.53111839970464,1.2984469912699805,0.32675226381866757,0.6434515381839917,11.280696318337101,7.748049153684832,38.21882039730383,True,True,True,2.806781140982622
17.002874112,12.790016480865413,0.839435739480921,-2.840854631677227,-0.24318845295534375,7.8736236019032715,-0.3771179914474487,0.009479903271628058,-0.25,15.552757819905587,1.2946942304050393,0.33179085733273556,0.6390099552141372,12.094838488641294,7.528192828577766,38.19841523443721,True,True,True,2.8271863038492384
17.101603328,12.818428959889202,0.8490779952557191,-2.821286773976416,-0.24126402643317799,9.25821378285679,-0.3758040070533752,-0.21263409205884026,-0.25,15.583234277132677,1.2916291874834702,0.33885081926182775,0.6349736598280672,13.21599414901034,7.264758307993303,38.16925363300204,True,True,True,2.8563479052844087
17.201500416,12.835271806712603,0.8547012900909952,-2.809956916970158,-0.245798286662204,10.244898697412003,-0.3771179914474487,0.22783271026402077,-0.25,15.602636221865028,1.2809573091078201,0.3429437085902885,0.6236879058305834,13.865147137955642,6.927226382383382,38.151974999061075,True,True,True,2.873626539225377
17.302268928,12.858236582262798,0.8627185576921426,-2.7946729549875067,-0.2509812864339065,11.45761811994491,-0.3690989861587127,0.43577432700724184,-0.25,15.628060342253978,1.2726897012965637,0.3488729032559874,0.614612968232039,14.740853653799999,6.590213475694801,38.128384701341986,True,True,True,2.897216836944466
17.419826688,12.889566022467418,0.8744862176707884,-2.7718041421229986,-0.2517569750729674,13.183847283985127,-0.33198718824700924,0.2881963853362164,-0.25,15.662292983997508,1.2643390063027489,0.35779482845418187,0.6051738161032573,16.07849504956683,6.1742707712653875,38.096298399829585,True,True,True,2.9293031384568664
17.501217536,12.905612015607847,0.8807519712761166,-2.758861591539353,-0.2485977779428323,13.67109667216628,-0.301815096460317,0.4363323152065277,-0.25,15.67658133183704,1.2829074741805464,0.36260683124093257,0.6232749296526091,16.820048574144327,6.410450630729495,38.07975820051743,True,True,True,2.94584333776902
17.600180992,12.926264159705237,0.8897404149058472,-2.743774392549223,-0.243559114480154,14.448781251162696,-0.2662742076931156,0.43611228083417997,-0.25,15.696621419645819,1.2960908207066968,0.3697205405066308,0.6358054050232259,17.684481400952787,6.497198878541534,38.058387699466046,True,True,True,2.967213838820406
17.700923648,12.952293771653766,0.9013934383887516,-2.7258466586386336,-0.24281901791721813,16.423635218526773,-0.22190593581919213,0.38384506566513305,-0.25,15.728992813177493,1.261868725754208,0.37900939291368085,0.6005575604032286,18.71166489026313,5.549528400487789,38.03142381852424,True,True,True,2.994177719762213
17.80121344,12.974218139155662,0.9112878225938233,-2.713642414354781,-0.2543429467297468,17.377205399379665,-0.1786989646462293,0.4363323152065277,-0.25,15.752489862052494,1.2594346791814806,0.38691215517512173,0.5973673196160179,19.41091657987458,5.295209909246324,38.00870547620366,True,True,True,3.016896062082793
17.902880512,12.994178976901754,0.9218337890501087,-2.701736844356509,-0.25076289159323306,18.613688644527954,-0.1409049215049644,0.4363323152065277,-0.25,15.775688981146587,1.243084619844218,0.39563875905015056,0.580277902754361,20.0930554934731,4.74086557769661,37.98788484132306,True,True,True,3.0377166969633933
17.998843136,13.018711549146886,0.9334653802559277,-2.692138676565151,-0.24967549655883745,20.44130898856813,-0.09960075430987529,0.4363323152065277,-0.25,15.806693227851387,1.192614293446832,0.40503957230745047,0.5288343431574544,20.642989998976326,3.4631797391596497,37.9624139613806,True,True,True,3.063187576905854
18.099976192,13.036115538969012,0.9438570212087997,-2.6849284494605143,-0.2465373148355839,20.86580387745725,-0.05634930928365073,0.4363323152065277,-0.25,15.824148631311399,1.2024522183872195,0.41384014525770424,0.5381044564533037,21.056105581402807,3.451800432697042,37.94415375932341,True,True,True,3.081447778963039
18.200931328,13.05990995436131,0.9572317663555464,-2.678185613991423,-0.24282458803061133,21.927673876197062,-0.01619998429325462,0.4363323152065277,-0.25,15.850798107634512,1.1829380266127472,0.4250429187238665,0.5177413246906877,21.4424415957329,2.7762664482872985,37.91926287990408,True,True,True,3.10633865838237
18.306155776,13.080296321702724,0.9675889870363296,-2.674576527530373,-0.2464195947016888,23.545294651764912,0.02864192954270118,0.4363323152065277,-0.25,15.875895587957524,1.1245117148854868,0.43354363419864206,0.4585363273285895,21.649227017848865,1.3654310948354293,37.89803521328652,True,True,True,3.1275663249999326
18.398308096,13.104165260159881,0.9797540797290613,-2.6727199060219005,-0.24750689495455,24.25236176723847,0.06998765407621586,0.4363323152065277,-0.25,15.901256040989352,1.107359580389391,0.44353492461474786,0.4405755786356242,21.75560359443754,0.7647405559505446,37.87317782365858,True,True,True,3.152423714627872
18.511311104,13.126994398100326,0.9912810703744724,-2.6735134695504357,-0.2521906190534867,24.930529882066008,0.11935807316788695,0.4363323152065277,-0.25,15.925473689211632,1.0835505519009343,0.4529832398069727,0.415998235577578,21.710135753476937,0.04110460016241068,37.84941292533202,True,True,True,3.1761886129544337
18.60912896,13.150213264004702,1.002748977697766,-2.676375508678126,-0.2511186831139453,25.53720841897563,0.1557644080986949,0.4363323152065277,-0.25,15.949680451613588,1.057370086265647,0.46233800200403674,0.3890510387904041,21.546152990659003,-0.7295566995651706,37.82526510852599,True,True,True,3.200336429760462
18.700444928,13.173473871466223,1.0143806717490058,-2.68228605229361,-0.24679479614588976,26.35030999489106,0.196875985070401,0.4363323152065277,-0.25,15.973473379046325,1.0127200841460111,0.47185218327252376,0.34365724515651724,21.20750378686381,-1.8813074792758133,37.80106113115096,True,True,True,3.2245404071354926
18.798646528,13.19198409195652,1.0234737128551445,-2.6883272294393854,-0.24876252586884198,26.827749512212467,0.2424217914851987,0.4363323152065277,-0.25,15.991670476598056,0.9815672974416337,0.4792608079177188,0.311934041247571,20.86136983311996,-2.704880950341056,37.78181473044787,True,True,True,3.243786807838582
18.900526592,13.22007800189373,1.0370825312020295,-2.6980968212131295,-0.24790213388727272,27.21927360026096,0.2942311311778988,0.4363323152065277,-0.25,16.018682777025433,0.9487009007008913,0.490313864473845,0.27821394788492954,20.30161345691869,-3.656161414590811,37.75262059314043,True,True,True,3.272980945146024
18.9995968,13.237639741947039,1.0453787264700651,-2.7056457107410794,-0.24606560713328526,27.545690353200158,0.33812739927773194,0.4363323152065277,-0.25,16.034828343056457,0.9199357919399187,0.4970132688906521,0.24894331488232102,19.86909394695666,-4.415097677492072,37.73438986221473,True,True,True,3.2912116760717254
19.102382848,13.257891120682116,1.0544722098732895,-2.7161640409953898,-0.23895397486593817,27.68444621240005,0.3742690347973779,0.4363323152065277,-0.25,16.053222340699733,0.89284495228712,0.504267287889707,0.22127359958217857,19.266438015859908,-5.156509467788677,37.71340918087599,True,True,True,3.31219235741046
19.219398912,13.288022273644783,1.0677174601395292,-2.7335275811214648,-0.24245162875129525,27.665683162963607,0.3771179914474487,0.4363323152065277,-0.25,16.080194503574216,0.8584945206445812,0.5147768088270316,0.18607153649835087,18.27158044922976,-6.1326039849824046,37.68221826868761,True,True,True,3.3433832695988386
19.299749376,13.306750563673084,1.0757581775889986,-2.7463040481006384,-0.2525420961273807,27.53067400280641,0.3771179914474487,0.4363323152065277,-0.25,16.096591122554543,0.8374523740088465,0.5211178717215359,0.1645117587611375,17.53954281423482,-6.729632459820102,37.662848371789224,True,True,True,3.362753166497228
19.401835776,13.326469554526689,1.0850873114165502,-2.7587705422250797,-0.25526601593948706,27.101524533226197,0.3771179914474487,0.4363323152065277,-0.25,16.11508966301619,0.8329010894931415,0.5286544040038941,0.15936651411642094,17.05121530303099,-7.014760488895008,37.64302001433218,True,True,True,3.382581523954272
19.500389632,13.352311452320775,1.0963624637135605,-2.775701543697722,-0.2493232474145479,26.644735982918753,0.3771179914474487,0.4363323152065277,-0.25,16.13856047120836,0.8192047383152473,0.537687030173822,0.14492066794519684,16.081140375718817,-7.528046865899777,37.61775392041317,True,True,True,3.40784761787328
19.600407296,13.370898121654088,1.1040890503282952,-2.788136330405931,-0.2483326983079859,26.525498412280854,0.3771179914474487,0.4363323152065277,-0.25,16.15412824396159,0.7980987134217703,0.5438034939781358,0.12332011467171282,15.36867957819309,-8.166553639353127,37.5985770257701,True,True,True,3.427024512516354
19.6997184,13.397240011340527,1.1144075925789092,-2.803485109700353,-0.24498885172877613,26.09621438057362,0.3771179914474487,0.4363323152065277,-0.25,16.177980294924385,0.7865608673337735,0.5518423889461709,0.11100081808522291,14.48925930394491,-8.616689881894086,37.571452431134915,True,True,True,3.4541491071515367
19.799575296,13.420144491643308,1.1223295642769235,-2.8180480778724264,-0.24642376888276016,25.418830828425104,0.3771179914474487,0.4363323152065277,-0.25,16.19997590551638,0.7868637531359932,0.5577860003771177,0.1105771053995465,13.654862690501734,-8.773702943188729,37.547956764796574,True,True,True,3.477644773489878
19.902050048,13.441473758401848,1.129100870159297,-2.8317765462169042,-0.2345512592297189,24.12905145970919,0.3771179914474487,0.4363323152065277,-0.25,16.224144133858886,0.8180613524870275,0.5627172028354527,0.14095949919887893,12.868279395184228,-8.270506869790346,37.52612853889238,True,True,True,3.4994729993940723
19.998523648,13.467183962461245,1.1371874342748958,-2.8484547703970247,-0.2392007699456686,23.637105932821925,0.3771179914474487,0.4363323152065277,-0.25,16.24724627713473,0.8036405462182219,0.5685859885455471,0.12578358179730234,11.912687539890289,-8.734153198197003,37.499823321420166,True,True,True,3.5257782168662857
20.100634112,13.488745981842774,1.1432662557246638,-2.8637265158511176,-0.24652134944328466,22.866516366042234,0.3771179914474487,0.4363323152065277,-0.25,16.268195817629916,0.8046534822756615,0.5728074080460658,0.12610407982971786,11.037680979572688,-8.83857019173496,37.47782213128353,True,True,True,3.5477794070029205
20.206228224,13.51929739375014,1.1517616261124606,-2.883086322890112,-0.2579540910389408,21.836709387737546,0.3771179914474487,0.4363323152065277,-0.25,16.298275145259787,0.8092960707431773,0.5786714369265618,0.12975072730398637,9.928445744050594,-8.917998448952293,37.44665847853152,True,True,True,3.578943059754934
20.305870336,13.542474323663457,1.1576776038551313,-2.898087425437135,-0.2565312639025787,21.33800390778146,0.3771179914474487,0.4363323152065277,-0.25,16.31924046973081,0.7977195923395417,0.582593143918119,0.11748815732229044,9.068945880063218,-9.278792832983571,37.42306209984472,True,True,True,3.602539438441731
20.399664128,13.561446552272008,1.1619986321740405,-2.912209925845319,-0.24894454262767493,20.80755447747413,0.3771179914474487,0.4363323152065277,-0.25,16.33642886886743,0.7885375999595464,0.5852835904715401,0.10774350493736841,8.259786210502558,-9.557503072236976,37.403790923402916,True,True,True,3.621810614883536
20.501183488,13.588797190320204,1.1682545690840915,-2.927276158122721,-0.24066626635876257,20.114470627945792,0.3771179914474487,0.4363323152065277,-0.25,16.36265822888388,0.7865545052401997,0.5891887603922289,0.10489523376380404,7.39655468784361,-9.727650745367571,37.37600704685272,True,True,True,3.6495944914337315
20.600416256,13.608472808393236,1.1710102238514033,-2.942527079982503,-0.24475949721709792,19.109519889002538,0.3771179914474487,0.4363323152065277,-0.25,16.38320020722192,0.7956599045636548,0.5902596425715088,0.11331724075330435,6.522741231594278,-9.596513462673627,37.35616827695359,True,True,True,3.6694332613328626
20.699523328,13.635812892060972,1.1755253392091047,-2.9617553831463628,-0.246784115738988,18.571502406958267,0.3771179914474487,0.4363323152065277,-0.25,16.40671332637608,0.7728955053513415,0.5924312071435381,0.08978870897000638,5.421040613107087,-10.16019659911652,37.328543093715076,True,True,True,3.6970584445713754
20.799993856,13.656666525002182,1.1785463619548195,-2.9756965191554703,-0.2529117066813425,17.68616557754939,0.3771179914474487,0.4363323152065277,-0.25,16.428172132421537,0.7801035579753024,0.5936662226087143,0.09628412488263212,4.622272358167345,-10.07362802464737,37.30750799632815,True,True,True,3.7180935419583037
20.900562688,13.6850215652112,1.1827430676815964,-2.993238107782133,-0.25004408856971394,16.497310444006818,0.3771179914474487,0.4363323152065277,-0.25,16.45779105452145,0.7931928666160932,0.5954341408992571,0.10838809018844658,3.6172133639049466,-9.88983188536728,37.27889864280294,True,True,True,3.7467028954835087
20.999386624,13.707670303521974,1.1859237885949132,-3.006640981748063,-0.24427203392368135,16.013987186969064,0.3771179914474487,0.4363323152065277,-0.25,16.478470583708603,0.7826052949479008,0.5966754771250157,0.0971233262331823,2.849285252311391,-10.174436739923108,37.25606136150737,True,True,True,3.7695401767790813
21.100793088,13.728930467842453,1.1878568777674186,-3.02196525922696,-0.24354142318486785,15.49946423290334,0.3771179914474487,0.4363323152065277,-0.25,16.497116289136898,0.7669682241018647,0.5967919037651072,0.08087898732396924,1.9712688286831468,-10.53793020948557,37.23471381210422,True,True,True,3.790887726182234
21.201724416,13.756729055689316,1.1910617877629486,-3.038215972277012,-0.24498078805639675,14.83298492714201,0.3771179914474487,0.4363323152065277,-0.25,16.522941505863283,0.7573929273376949,0.597618990516162,0.07045600312753207,1.0401715568370364,-10.802548175570347,37.2067433122541,True,True,True,3.8188582260323543
21.306805504,13.777688440353005,1.1915124532260142,-3.053404264238821,-0.24939233457799814,13.428299172701028,0.3771179914474487,0.4363323152065277,-0.25,16.547825790145968,0.7836655906881069,0.5962839755942129,0.09589249889389892,0.16994652941292418,-10.268087448553516,37.1858216335452,True,True,True,3.839779904741249
21.401031424,13.80498436029601,1.1928607565112412,-3.071408996208249,-0.24931294182898925,12.862709406669246,0.3771179914474487,0.4363323152065277,-0.25,16.57171297100281,0.7624971954417503,0.5955968922099135,0.07394674656247077,2.0125719497428793,-10.734092835634222,37.17718697489027,True,True,True,3.848414563396183
21.504090368,13.829198385329871,1.1943564261455832,-3.0861271440319777,-0.24967297712325445,12.226052433349077,0.3771179914474487,0.4363323152065277,-0.25,16.59435694960394,0.7540177900690237,0.5961376670837882,0.06472412040106905,1.1692841971935728,-10.940723614863344,37.16413260480457,True,True,True,3.8614689334818806
21.601264896,13.846689457748134,1.1947512343052649,-3.0976394303051396,-0.24690085693563632,11.110475697379757,0.3771179914474487,0.4363323152065277,-0.25,16.61526472595414,0.7764319970258495,0.5959191623478445,0.08643640912245083,0.5096787811949842,-10.46844741479807,37.14663844167785,True,True,True,3.878963096608601
21.70017024,13.874514882128341,1.1954396478878362,-3.1156047373484963,-0.24534593513789524,10.415067703112658,0.3771179914474487,0.4363323152065277,-0.25,16.640605117361552,0.7609919403930474,0.5956318587370922,0.07017493918393437,-0.5196574900460345,-10.802375691771958,37.11880598559085,True,True,True,3.9067955526955984
21.801153792,13.891244863689511,1.1930547751512315,-3.1297607441202757,-0.24534409656340633,9.717662992810903,0.3771179914474487,0.4363323152065277,-0.25,16.656467711940998,0.7531200078186993,0.5926620576898278,0.061787856314869036,-1.3307369328276082,-10.916050424251733,37.10216987478495,True,True,True,3.9234316635015034
21.902515968,13.920295271552567,1.1931121883299773,3.1362778374789286,-0.25110712380752925,8.62120725757113,0.3771179914474487,0.4363323152065277,-0.25,16.686388130253757,0.7586811845534545,0.591701205151139,0.066366401140054,-2.3131719410524716,-10.802029697236868,37.07313530477467,True,True,True,3.9524662335117853
22.001170944,13.939897449893826,1.1912005534024899,3.1232481594503323,-0.2504119452168294,7.816389879444103,0.3771179914474487,0.4363323152065277,-0.25,16.70643070952859,0.7595829873389075,0.5891036792828387,0.06661148903151408,-3.0597175005053803,-10.743757878562752,37.05361217482115,True,True,True,3.9719893634653047
22.10066944,13.967510252069365,1.1890250492206078,3.106578463051081,-0.25300532120406677,6.971157012586005,0.3771179914474487,0.4363323152065277,-0.25,16.733210755866477,0.7521031760025243,0.5859616701686255,0.058258859451508306,-4.014820749946912,-10.853628261146216,37.026092591954445,True,True,True,3.999508946332007
22.202690048,13.988526329453205,1.1882639416199536,3.09558478868583,-0.2420542416120989,5.75210618920334,0.3771179914474487,0.4363323152065277,-0.25,16.758573308881306,0.7798037455650022,0.5844644068526753,0.08511415988126554,-4.644711892416947,-10.264468580233558,37.005116105214626,True,True,True,4.020485433071826
22.29978752,14.014363171845224,1.186914860251311,3.0796117605762543,-0.2388552882394362,4.9983801178432445,0.3771179914474487,0.43615350107823386,-0.25,16.78324810229467,0.7706502305625038,0.5822105609753574,0.0751576539084708,-5.559898989139467,-10.425929605596005,36.979342424373684,True,True,True,4.046259113912768
22.40395264,14.038208456916603,1.1854691444288095,3.065390529257453,-0.24533237140680755,4.380857976510054,0.3771179914474487,0.3417104008625825,-0.25,16.805643593602316,0.7596725213358819,0.5799299450412991,0.0634525603661208,-6.374715523186058,-10.623223998309346,36.955562464211056,True,True,True,4.070039074075396
22.500564224,14.06116030493975,1.184535129124274,3.0530132284875506,-0.25203557875863175,3.814977978164703,0.3771179914474487,0.3770589600157819,-0.25,16.82752194308852,0.7518189554274166,0.5781920305956587,0.0548868672925087,-7.083882619065477,-10.766511095843457,36.93265745677499,True,True,True,4.092944081511462
22.607666176,14.092382416482346,1.1816096752228982,3.0348978613738495,-0.25364066594749174,2.3895532607519834,0.3771179914474487,0.4346376535823717,-0.25,16.861607222690505,0.7676121236825781,0.5741740245849458,0.06955555235083861,-8.121816699010639,-10.379020458375901,36.901557068394695,True,True,True,4.124044469891757
22.702179328,14.114651638047732,1.1797911823877318,3.0220550582367203,-0.2547227130000455,1.7806830861113374,0.3771179914474487,-0.012559146183249631,-0.25,16.88295222125183,0.759658011795542,0.5715761024595833,0.06090683011015179,-8.857655115885517,-10.505988700610164,36.879365269324985,True,True,True,4.1462362689614665
22.80036096,14.143112948575189,1.1766207268813742,3.0058175864844223,-0.24644080063219406,1.092817334632894,0.376460999250412,-0.11550701462695452,-0.25,16.90961076543229,0.7447760449355636,0.5674100127589448,0.04515999194236195,-9.787993717255084,-10.748461550501283,36.85103257298905,True,True,True,4.174568965297404
22.900531968,14.161869085481891,1.174395115489932,2.9952582732414026,-0.2450000984263101,0.03384042434951647,0.368166367037296,0.41027742347989143,-0.25,16.931701671837565,0.7644836085006249,0.5645283575012022,0.06413369169810974,-10.392997800636712,-10.294488723599503,36.83236596963696,True,True,True,4.1932355686494915
22.999896832,14.192689314349696,1.1701517684996452,2.9775546997082625,-0.24570294037486665,-0.4970033397098289,0.3714624126219999,0.30379768936302637,-0.25,16.958964242371014,0.7368816188231908,0.5592073543660416,0.03565387371349368,-11.407337846385149,-10.777985005288564,36.80171340976377,True,True,True,4.223888128522681
23.100293888,14.2169258667609,1.1663236067361533,2.963492671734109,-0.25002662025687267,-1.2736901438562815,0.3771179914474487,0.27337498178468006,-0.25,16.98298108165369,0.7316529864218924,0.5545320422963391,0.029641688626621733,-12.213032700699053,-10.806993055456031,36.77762592852726,True,True,True,4.2479756097591945
23.20250624,14.242490992711263,1.1638296092564628,2.950932609803546,-0.25075432828119393,-2.423238959421715,0.3771179914474487,0.3176866206418438,-0.25,17.011729798271855,0.7499257100511659,0.551143507598004,0.046963328638396064,-12.932671239743227,-10.377082778934817,36.75216392701746,True,True,True,4.273437611268989
23.305201408,14.270422197757371,1.1585969460611307,2.9340367599267374,-0.24751440175050662,-3.225374149947048,0.3771179914474487,0.13351883083320118,-0.25,17.038450747960344,0.7366752172283602,0.5449350577913824,0.03284504650646451,-13.900732128971002,-10.54300847763722,36.724433291784166,True,True,True,4.301168246502286
23.401188096,14.292823308621717,1.155577101694781,2.92284183209558,-0.24390791686832544,-3.8222561097733325,0.3771179914474487,-0.03252253707299925,-0.25,17.060523032185877,0.7315037116042458,0.5411482764188238,0.02695362592304019,-14.455858910274113,-10.587548634489798,36.70296682404968,True,True,True,4.32263471423677
23.505856256,14.320605961006837,1.1492572314053813,2.905940055528945,-0.24318041788290418,-4.65403441220355,0.3744899928569793,-0.16307839026101048,-0.25,17.08728661136736,0.7185854550830097,0.5338999878108796,0.01316678579762014,-15.424259373815405,-10.719782634904792,36.67541180914707,True,True,True,4.35018972913938
23.601702656,14.338315272691402,1.1444834849080971,2.89378753555669,-0.2446053037557132,-5.931671491347677,0.3652081896150925,-0.09358123628070657,-0.25,17.109223224925987,0.7419053928028108,0.5285348652496429,0.03575771232696893,-16.120547478674055,-10.138433660619317,36.65787260061691,True,True,True,4.36772893766954
23.69973888,14.36423042419553,1.137431248099989,2.877000026385666,-0.24930468450087284,-6.865122145064029,0.34924800667426387,-0.36669109310559694,-0.25,17.13493846921649,0.7334796058751731,0.5206172680228305,0.026496425269143347,-17.082400902710912,-10.166836430939778,36.63220860296196,True,True,True,4.393392935324492
23.80056704,14.387690545160272,1.1309454232676137,2.86201768401237,-0.2493127918223411,-7.9727229946608515,0.3386957317216792,-0.4363197634480493,-0.25,17.16012914425857,0.7390472040449867,0.5133481185306801,0.031238190905517684,-17.940825887920777,-9.917660566552845,36.60897925374384,True,True,True,4.416622284542612
23.903791616,14.407956569880456,1.124811990608244,2.848840862397405,-0.24610402967585784,-9.393464709447818,0.2946783310896007,-0.3645788311002715,-0.25,17.184761680238537,0.7651546827591804,0.5065383095409852,0.05652710768921818,-18.69580215385503,-9.251895117700164,36.58893038206312,True,True,True,4.436671156223333
24.002304768,14.435402355446245,1.1163878277643864,2.8324274035180874,-0.24858693443343535,-10.250862251465984,0.2520170637871408,-0.4363323152065277,-0.25,17.21168338971909,0.7527071728803303,0.4971982129437165,0.04320683432123046,-19.63622407485146,-9.334919496678411,36.561782633344365,True,True,True,4.463818904942087
24.099604224,14.454819996319124,1.1101981969413937,2.8225331171631787,-0.2485910855673226,-11.008784165476463,0.21635276068237408,-0.4363323152065277,-0.25,17.23229809075433,0.7557755185860415,0.4903606966399579,0.045600156866613235,-20.20312492428161,-9.143898432098108,36.54258355322085,True,True,True,4.483017985065601
24.20034176,14.479648961104589,1.102035372663336,2.811482124009636,-0.2467907372218244,-12.043937913743036,0.17487420875156645,-0.4363323152065277,-0.25,17.259545254381873,0.7671076213150467,0.4813695733514261,0.05603617496250764,-20.836300191407563,-8.741919950957424,36.51804238587855,True,True,True,4.5075591524079
24.302235136,14.50131311740374,1.0943141750510736,2.8029601829067117,-0.2515743486632229,-13.638030485585464,0.13014443604634895,-0.4363323152065277,-0.25,17.287155451943995,0.8130980889476962,0.472925992372797,0.10110020377458653,-21.324571449864198,-7.636098637571649,36.496649431408,True,True,True,4.5289521068784495
24.400788992,14.528541867767979,1.0845069796842706,2.7939788182441294,-0.2478763254314455,-14.6658835815642,0.08708615475843504,-0.4363323152065277,-0.25,17.316791541413043,0.8282575749665391,0.46221092211537884,0.1152835276447784,-21.8391657392981,-7.122839831026822,36.46976498987132,True,True,True,4.5558365484151295
24.499735808,14.550610104630568,1.0764595154936754,2.7895098015643356,-0.2467890900369514,-15.852415412168696,0.04755539921640821,-0.4363323152065277,-0.25,17.342653383301325,0.8655227239435919,0.45342770321031545,0.15168400469175636,-22.095221533623853,-6.192363794748049,36.44797912693712,True,True,True,4.577622411349331
24.60534912,14.572977649856664,1.0680821491215335,2.784940203409743,-0.24822760039114544,-17.378800911663127,0.0024499019091392153,-0.4363323152065277,-0.25,17.368996099683848,0.9188145095408066,0.44430472742802657,0.20408685776549168,-22.35704022195278,-4.927796983582577,36.42590519073058,True,True,True,4.59969634755587
24.701750016,14.598147953270702,1.0589881746616367,2.7845772402897504,-0.2453490432732374,-18.111145972032396,-0.03910545582914777,-0.4363323152065277,-0.25,17.39580448093613,0.9444545411252961,0.4343715277294598,0.22883750220080745,-22.377836476847257,-4.216248178107796,36.401054112500844,True,True,True,4.624547425785607
24.799344384,14.621583430813144,1.05217238175947,2.7851044837250276,-0.24863367792170812,-18.682834053845763,-0.0800484935966391,-0.4363323152065277,-0.25,17.42028875290697,0.9670341407411733,0.4267734225422631,0.2506052656431158,-22.347627653229893,-3.614351272677027,36.37786046168663,True,True,True,4.6477410765998215
24.898779648,14.649062081429085,1.0420544286233098,2.7880466231074745,-0.2475112958979764,-19.2207589404787,-0.12763000118062365,-0.4363323152065277,-0.25,17.448604427511025,0.9914317805888753,0.4157393864512408,0.2740649451349443,-22.179055483876457,-2.907854216690692,36.35073668497909,True,True,True,4.674864853307362
25.004182272,14.668652827953963,1.0348638365966827,2.792280918020137,-0.24894913728026807,-20.02978968074448,-0.17543144915390704,-0.4363323152065277,-0.25,17.468652722814692,1.035631156542772,0.4078956654171477,0.3175858500188937,-21.936448256167175,-1.8562162487155958,36.331398174089294,True,True,True,4.694203364197158
25.09981696,14.694066318452412,1.0257808833496191,2.801196805366555,-0.2502866128048836,-20.69907995570625,-0.2155307876523827,-0.4363323152065277,-0.25,17.493456487933425,1.084216138231165,0.39796532296487375,0.36533468131726154,-21.42560554060335,-0.6760832581899648,36.30630367593165,True,True,True,4.7192978623548
25.198692864,14.715444445411704,1.0185942866669944,2.8093580754808087,-0.25750842721905903,-21.22518944839319,-0.2619456787008652,-0.4363323152065277,-0.25,17.51340016825213,1.1255698587594622,0.3900656369595228,0.4060148666520865,-20.957999207590348,0.3176325675099655,36.285178656519044,True,True,True,4.740422881767408
25.300612352,14.743837749655398,1.0093427869278129,2.821559331131361,-0.2474640425456648,-21.31707134628614,-0.30591013191475847,-0.4363323152065277,-0.25,17.540050126379807,1.1549324302862367,0.37986688437067445,0.43448971154812516,-20.258918754053546,1.1023383109302785,36.25711167558182,True,True,True,4.768489862704634
25.40001664,14.764300502393466,1.002613666253041,2.8326846142331776,-0.23898558939273665,-21.315903093606202,-0.3489975594808659,-0.4363323152065277,-0.25,17.55872374409833,1.179245334477309,0.3724693274690135,0.4581775365324226,-19.556677724745587,1.7386018258726335,36.23730747419111,True,True,True,4.788294064095339
25.499408128,14.790129962334698,0.9951761902947235,2.843996535270854,-0.24047642204903766,-21.19277528173446,-0.3771179914474487,-0.4363323152065277,-0.25,17.58281745392987,1.1974052047507504,0.3641985057041986,0.47553799260299284,-18.90855239110148,2.263599347645078,36.211732671028216,True,True,True,4.813868867258236
25.602627584,14.815354635542551,0.9875133317804307,2.8569959150395405,-0.23206902038440874,-20.92114952820819,-0.3777750134468078,-0.4363323152065277,-0.25,17.606276777621783,1.212798921314861,0.35572202380035217,0.49015457267676704,-18.163742794067996,2.7367831911522114,36.18676964249426,True,True,True,4.83883189579219
25.735428352,14.834602200120544,0.9815011226910163,2.8695111995524014,-0.22875172355817083,-20.687184136181234,-0.3777750134468078,-0.4363323152065277,-0.25,17.623525587106478,1.2303109728234307,0.34908907008896944,0.5070918958936694,-17.446669812075626,3.2198907811176922,36.1677270763494,True,True,True,4.857874461937051
25.80185728,14.862873919101864,0.9736938845813617,2.8903212397488396,-0.26048691417521613,-20.427460654924317,-0.3777750134468078,-0.4363323152065277,-0.25,17.64737816241251,1.2678641056864195,0.3403695153901152,0.5438430990264662,-16.254342337322125,4.152494774614206,36.13972328326859,True,True,True,4.8858782550178645
25.9085824,14.890225570545805,0.9667311042470009,2.9118273102317715,-0.267770451057305,-19.467517159113896,-0.3771179914474487,-0.4363323152065277,-0.25,17.673300515155372,1.2741296284569605,0.33252379842061114,0.5492556647795428,-15.022135264739246,4.424758351386729,36.11261170139054,True,True,True,4.91298983689591
26.005341184,14.905798419129747,0.9626360406289656,2.9245833418953877,-0.2601526316437124,-19.09570690063962,-0.3771179914474487,-0.4363323152065277,-0.25,17.68689234839443,1.287469161795996,0.32792609754269797,0.562142566822709,-14.291268487078797,4.7838148705728525,36.097179776504404,True,True,True,4.928421761782047
26.10100096,14.93823928672382,0.9555099283202925,2.9481297882289006,-0.2667074895787297,-18.842212584717338,-0.3771179914474487,-0.4363323152065277,-0.25,17.71261364498417,1.3334608778196362,0.3197521690213891,0.6072665733596151,-12.942156489637219,5.879432552092217,36.064986947187606,True,True,True,4.960614591098846
26.200729088,14.960120172323437,0.9510348920571854,2.961704048610648,-0.24572060681885757,-17.77099849953399,-0.3771179914474487,-0.4363323152065277,-0.25,17.736393976953046,1.3147707326440408,0.3145702220533899,0.5878070815856885,-12.164408659751446,5.585966296794592,36.04326261682277,True,True,True,4.982338921463679
26.299347712,14.984930798666374,0.9463607776047724,2.976095599827598,-0.22012889225265045,-16.89815938724576,-0.3771179914474487,-0.4363323152065277,-0.25,17.7615100166566,1.307757853166801,0.30909433484743876,0.5799748050756872,-11.33983351437384,5.53770232988396,36.01861653833651,True,True,True,5.0069849999499425
26.400709632,15.006337569343884,0.9428966377603444,2.9878143641103705,-0.22665873993198662,-16.05436402387892,-0.3771179914474487,-0.4363323152065277,-0.25,17.783991392571224,1.295939465630468,0.30493812136999127,0.5674259518268324,-10.668397779862334,5.365342701028628,35.99733330584633,True,True,True,5.028268232440119
26.501466624,15.02428191970123,0.9404293448046626,3.00094984322155,-0.22045717946225055,-14.160924894907664,-0.3771179914474487,-0.4363323152065277,-0.25,17.80841421460282,1.2380992366076444,0.30189046425486565,0.5088163514172694,-9.915790264909507,4.224511087010197,35.97947836170234,True,True,True,5.046123176584111
26.602355968,15.052355865607534,0.9368717347303784,3.022188432789595,-0.26059316601919713,-13.162280567136165,-0.3771179914474487,-0.4363323152065277,-0.25,17.83533415484198,1.245144084527961,0.2974247151902008,0.5149751282582153,-8.69890871984993,4.442748304298276,35.951534487356035,True,True,True,5.074067050930417
26.700083712,15.073345428648205,0.9356310130801258,3.0404622230392953,-0.2777906814663383,-12.354025105026297,-0.3771179914474487,-0.4363323152065277,-0.25,17.85501496630362,1.2554975216112652,0.2955042751728818,0.5246779753073932,-7.6518976628347986,4.681503899203547,35.930596171831816,True,True,True,5.095005366454636
26.804074496,15.106037082135243,0.9326296674610773,3.0658763991915983,-0.2661163148473765,-11.176265499517223,-0.3771179914474487,-0.4363323152065277,-0.25,17.88611975944348,1.2660067922471803,0.29144481665021227,0.5341621574057552,-6.19577262950581,4.959869327023475,35.89801898533967,True,True,True,5.127582552946784
26.900119552,15.127873256812249,0.9320848048000785,3.082584248006407,-0.27203403751090083,-10.51691958347158,-0.3771179914474487,-0.4363323152065277,-0.25,17.906184762365495,1.279914041797859,0.29019242729112604,0.5474043160529057,-5.238483407674605,5.25781263280904,35.87621194700941,True,True,True,5.149389591277043
27.002847488,15.15704108571576,0.9312521681093667,3.1026242570494773,-0.23937664775608586,-9.91014990251038,-0.3771179914474487,-0.4363323152065277,-0.25,17.931941644516016,1.3053201950376632,0.28841476176410125,0.5719526526244156,-4.090275468102683,5.799250891419793,35.847086435304426,True,True,True,5.1785151029820256
27.10067584,15.179124669175948,0.9308402643693583,3.116726367131644,-0.228714394566908,-8.612108600352984,-0.3771179914474487,-0.4363323152065277,-0.25,17.957123090707164,1.281161217168478,0.28728724177570125,0.5469813454038348,-3.2822840781656404,5.309200979199372,35.82502780837957,True,True,True,5.200573729906878
27.19998464,15.199194839448865,0.9326486205341866,3.1316694200881763,-0.23234998150452102,-7.440204699705501,-0.3771179914474487,-0.4363323152065277,-0.25,17.97908152670887,1.2676560920845792,0.2884440791395492,0.532763799839209,-2.4261102107158585,4.993470946001667,35.80490956754902,True,True,True,5.220691970737434
27.302802432,15.22728131013988,0.9327160706389693,-3.1340287834611744,-0.240928188331335,-6.1949229686438105,-0.3771179914474487,-0.4363323152065277,-0.25,18.008565752053197,1.255913925166087,0.2876055244412705,0.5200626478087473,-1.3958251290669292,4.752752588353102,35.77697796532216,True,True,True,5.248623572964291
27.41458176,15.25288701875328,0.9333635239670472,-3.1149782425108183,-0.24997254168571392,-4.621973745934926,-0.3771179914474487,-0.4363296174397721,-0.25,18.036788947698064,1.2331802179944193,0.2874353087219693,0.49641741269134626,-0.30430953517040704,4.2713189595407375,35.7513646380097,True,True,True,5.274236900276755
27.503920128,15.278786607616158,0.9341835158337162,-3.095846981769604,-0.2581631412802253,-4.048969563368684,-0.3771179914474487,-0.4339822493118328,-0.25,18.05983507354568,1.259405640159599,0.28742816290542034,0.521874516734334,0.7918309620655396,4.794455274210417,35.725452072739834,True,True,True,5.3001494655466175
27.602549248,15.300679442235843,0.9367007027091954,-3.0776528252354423,-0.25869284556961103,-3.3494283428708984,-0.3771179914474487,-0.36853170160457255,-0.25,18.079731704837585,1.278561086094206,0.28924524360464954,0.5403685108061841,1.8342793432733349,5.137362434920433,35.70349004516533,True,True,True,5.32211149312112
27.701700864,15.33154702222518,0.9400549923708129,-3.055649752373408,-0.25927530235417096,-2.178720483493034,-0.3771179914474487,-0.4361730310793731,-0.25,18.110059012438008,1.2862790820057608,0.29161252493035333,0.5470898002791102,3.094962554586743,5.227337786856007,35.67253112508311,True,True,True,5.353070413203341
27.802072064,15.3553435776938,0.942547879946592,-3.0397023295507957,-0.24012686381210668,-1.666892047795807,-0.3771179914474487,-0.3686666833168335,-0.25,18.13135870502364,1.308252696480214,0.2933445515785182,0.5683545328294822,4.008682576433079,5.629229373005057,35.64866712239441,True,True,True,5.376934415892045
27.90006912,15.377020362312805,0.9467445013108226,-3.0226212023244616,-0.22660119703706727,-0.9158764581395079,-0.3771179914474487,-0.30583415202426834,-0.25,18.1515604760158,1.3234767105164877,0.29684710731907415,0.5829092143626453,4.987359075827996,5.856890282743688,35.62686742685575,True,True,True,5.398734111430699
28.00174336,15.404476431191894,0.9502297381830647,-3.004459882828927,-0.24228265354235176,0.5274435936689001,-0.3771179914474487,-0.43325091099513424,-0.25,18.18159616474218,1.307449538202025,0.29945416521487683,0.5659076007956391,6.027926033310814,5.454137188418058,35.59931409958886,True,True,True,5.426287438697592
28.10140032,15.424874555079617,0.9527193202341547,-2.9901699644487576,-0.24894242445032286,1.140029993393242,-0.3771179914474487,-0.13505035149760392,-0.25,18.20069094014736,1.3199296092913242,0.30129136660914113,0.577756039848931,6.84667804608092,5.66030280146388,35.57884690222417,True,True,True,5.4467546360622805
28.202208512,15.45452084043104,0.9570331093627275,-2.9686038617643056,-0.2596602442984247,1.9901006869263314,-0.3771179914474487,-0.1382986842134164,-0.25,18.227803222608625,1.3429149937566836,0.30465664241942403,0.5998417621635125,8.082324710445777,6.045878772295689,35.54907802702701,True,True,True,5.476523511259444
28.303760384,15.475862224128091,0.9610276723203832,-2.9541284968118187,-0.264459178627484,3.083441404144808,-0.3771179914474487,-0.20984005260177935,-0.25,18.250892938560913,1.3341289105312275,0.3079679487797635,0.5903046907315816,8.911702029134865,5.781915373766279,35.527620011239996,True,True,True,5.497981527046456
28.406568704,15.505855173610218,0.9671233683726074,-2.9345897713968547,-0.24064178421762097,3.7734180739180165,-0.3771179914474487,-0.03534297561004528,-0.25,18.278011041105128,1.361016559877032,0.31310315790570686,0.6162903968998593,10.031188532477323,6.211425207335506,35.49744776975496,True,True,True,5.528153768531489
28.506110464,15.52538406135919,0.9715478111062905,-2.9233080969346386,-0.22568654693092463,4.4151717273993905,-0.3771179914474487,0.045296342610615284,-0.25,18.297508030088675,1.3656654356747537,0.3169019802017947,0.6202986721278452,10.677580865002833,6.216063886379624,35.47778760446119,True,True,True,5.54781393382526
28.602495744,15.544763116085365,0.9787861482484322,-2.9080301953092653,-0.2267962245664637,5.121311491443505,-0.37280702147442124,-0.02691810792657511,-0.25,18.31571099430616,1.3810893376263995,0.3235180457031974,0.6351185527303752,11.552940147952754,6.385283405285472,35.45818737579047,True,True,True,5.567414162495979
28.699612672,15.56920773687706,0.9847159786654149,-2.8921306691509914,-0.23454219722477257,6.882194410926252,-0.3751470148563385,0.007960776898527448,-0.25,18.345818181080926,1.3458730651776447,0.3286645774290551,0.5989357790875485,12.463915893079676,5.535376230929641,35.4335659301461,True,True,True,5.59203560814035
28.804310528,15.591008727541222,0.9909820788293189,-2.874160865404106,-0.24766154664356346,8.032906423012909,-0.3751470148563385,0.4363323152065277,-0.25,18.368376420813448,1.3462688592866099,0.3342315927253215,0.5985930605199913,13.49350980645461,5.414258132217909,35.41157603369582,True,True,True,5.614025504590629
28.900167168,15.619499267144732,0.9993232123853258,-2.8522984748385234,-0.26877327004457674,8.96042353483422,-0.3652075147990188,0.43618225398233273,-0.25,18.39480630597523,1.3703634261329636,0.3416590523377438,0.621809704937688,14.746132515929146,5.739363729871143,35.382833761697874,True,True,True,5.6427677765885775
29.004126464,15.643125963507497,1.0055467206081994,-2.835294864288201,-0.258531196949396,10.38006506961486,-0.3160594182233673,0.3703827892790033,-0.25,18.42123351043731,1.3550012350898648,0.3471252205216911,0.6055908171981191,15.720367636946724,5.293957316108027,35.359020449433444,True,True,True,5.6665810888530075
29.102701824,15.671227752243807,1.0141018655998246,-2.812124378271592,-0.2631910130743425,11.284829384740812,-0.2711099833968527,0.4363323152065277,-0.25,18.446680927783945,1.3840473621046052,0.35477899151603726,0.6337883872701283,17.047938694965293,5.712532395854622,35.33065989891738,True,True,True,5.69494163936907
29.200247552,15.695264185809783,1.0222888997534785,-2.7960846751875525,-0.2473855511901549,12.356937086667596,-0.23372625873645397,0.43624486001752777,-0.25,18.471695985274504,1.3848167785725962,0.36218953843363355,0.6337368341907644,17.948821709391474,5.5594319852863,35.306259810513836,True,True,True,5.7193417277726155
29.301247744,15.719004611091108,1.029753050935067,-2.7847942796142635,-0.2305737728016396,13.962351128654548,-0.19225546925403683,0.3936697257204793,-0.25,18.50111247575261,1.3457844249924744,0.36888450547727136,0.5937605523686339,18.59571372477415,4.600909958682004,35.28229110671733,True,True,True,5.743310431569121
29.400767232,15.743332858076757,1.0391275961074171,-2.773167637841969,-0.2316862577111894,15.328186966393924,-0.14946644904784417,0.4363323152065277,-0.25,18.529092465311656,1.3211620101395485,0.3774699243992284,0.5682335753966442,19.26187122823713,3.9012316244055985,35.257673302580535,True,True,True,5.7679282357059165
29.50678656,15.762927560667254,1.0484185760790539,-2.7631998972409924,-0.24424508650771512,17.068202214317076,-0.10614833268608821,0.4363323152065277,-0.25,18.553860912588092,1.2735652507955917,0.38612441377786416,0.5198499639713413,19.832980695954284,2.7323258441996074,35.23778927652849,True,True,True,5.7878122617579635
29.602907648,15.78922211434097,1.058841505807615,-2.7559010351885265,-0.24814243995882118,18.807451084976545,-0.07034534257960817,0.4363323152065277,-0.25,18.584604341716876,1.2195841662027722,0.3956942858187915,0.46488946887447236,20.2511746868088,1.411270964394608,35.21117239154646,True,True,True,5.81442914673999
29.700551424,15.81141994728786,1.0672900643956214,-2.751621549389465,-0.24827917375580874,19.683117094041272,-0.025697000784213997,0.4363323152065277,-0.25,18.608401679268834,1.1972638731599885,0.4034228762033075,0.4418005761222358,20.49637116158116,0.7808014301022765,35.18871374464997,True,True,True,5.836887793636485
29.799145728,15.838537909761447,1.0785151096749526,-2.7444319735132314,-0.2615581614983237,20.448215552660027,0.015389629631569823,0.4363323152065277,-0.25,18.636267649883546,1.1912462111347195,0.4137679032144526,0.43487208001459143,20.908303515778396,0.42763532568082085,35.161248021532224,True,True,True,5.864353516754228
29.901185536,15.859074783166525,1.0872517186393407,-2.7440207047208327,-0.26662382420920155,21.190033425643986,0.0585028267023454,0.4363323152065277,-0.25,18.657997844702855,1.1649028332488192,0.42183793755248794,0.4078300747968605,20.931867481828334,-0.2906185812532718,35.140440185238276,True,True,True,5.885161353048176
29.99909888,15.885310236945017,1.0984015542584806,-2.7461426559659703,-0.24644482885776076,21.930244193892165,0.10412446073005739,0.4363323152065277,-0.25,18.685084610649934,1.1339466853630702,0.4321362428571184,0.3760020731966547,20.81028863114937,-1.152408200180381,35.113858936637996,True,True,True,5.911742601648456
30.099210752,15.904200270276036,1.1064967270308659,-2.7475056010756123,-0.2345362207034969,22.807267025916598,0.14923850565659388,0.4363323152065277,-0.25,18.7041781510944,1.095367175022819,0.4396182624988042,0.33681700910183243,20.732197628658916,-2.1075220346952657,35.09471776207781,True,True,True,5.930883776208638
30.199444992,15.929087575920807,1.1169731256215483,-2.752041566977776,-0.2339050892986428,23.585519659483406,0.19226069382069946,0.4363323152065277,-0.25,18.728404207925035,1.0551152741837564,0.4492869401623293,0.2957920953206393,20.472305926449707,-3.1456663704713352,35.069505670099446,True,True,True,5.956095868187006
30.30395136,15.951361642740991,1.1260751818919663,-2.758785305103997,-0.24532851826615779,23.91028231906017,0.24011566204211587,0.4363323152065277,-0.25,18.7496948975037,1.0294781048702297,0.4576662310869084,0.2694703354865067,20.085918193675745,-3.856816762822041,35.046949762565916,True,True,True,5.978651775720536
30.400421376,15.970720925315446,1.1333061366425592,-2.7677808457061364,-0.2464254861628896,24.440068333136903,0.28420975581880714,0.4363323152065277,-0.25,18.766826557860657,0.9856806251313793,0.46426935497766214,0.22513446451856134,19.570511682734576,-4.902009287839924,35.02736744188408,True,True,True,5.998234096402371
30.498619136,15.99631155821876,1.1433220120463756,-2.7778279328035658,-0.24793109793140708,24.695583271343796,0.3251607105205605,0.4363323152065277,-0.25,18.789981506482427,0.9551512912408435,0.4734550760918856,0.19386202051650572,18.99485599565155,-5.733179913129844,35.00146723377471,True,True,True,6.02413430451174
30.601712128,16.01866901078381,1.1523373156935854,-2.788109744664908,-0.24823000617286126,24.673403756979134,0.3685224879145576,0.4363323152065277,-0.25,18.81034033910067,0.9365337136532578,0.48174497142825706,0.17458664204921195,18.40575157024907,-6.300104824167637,34.97883078042261,True,True,True,6.04677075786384
30.706480128,16.048934688466492,1.1633426871298276,-2.8052107800590864,-0.2575651945053476,24.68911152790308,0.3771179914474487,0.4363323152065277,-0.25,18.836435189147714,0.8990682867389788,0.4917689678958263,0.1362854016444785,17.4259344168588,-7.295629748481865,34.948226059530896,True,True,True,6.077375478755556
30.802334976,16.07343113980799,1.1730810781406769,-2.8140180202122416,-0.2552733245513309,24.55831151948503,0.3771179914474487,0.4363323152065277,-0.25,18.859148106466968,0.8906258043922338,0.5007126212603499,0.12710242296000523,16.92131672692486,-7.669447429997719,34.923428409394205,True,True,True,6.102173128892247
30.900426752,16.10196857765888,1.183318484719307,-2.828608701012812,-0.24137644655690113,24.310482105200617,0.3771179914474487,0.4363323152065277,-0.25,18.88463935220104,0.8722825374255605,0.5100247641578884,0.10793285170498583,16.085332296829648,-8.257602445808558,34.8945757865116,True,True,True,6.13102575177485
31.002915072,16.124382281633377,1.1906482349696839,-2.8406685123567756,-0.2379463638426053,24.003066111585348,0.3771179914474487,0.4363323152065277,-0.25,18.90490852350124,0.8609911126680968,0.5166281687835332,0.09598262464309762,15.394356005096554,-8.641162743926433,34.87193744708621,True,True,True,6.153664091200241
31.09901952,16.14451532235801,1.1977598836800472,-2.8528921455135023,-0.24217989650025262,23.422217541810298,0.3771179914474487,0.4363323152065277,-0.25,18.92434787951577,0.8623035464828882,0.5230807422453688,0.09665669342762338,14.648709868334393,-8.760676764347991,34.851172198565415,True,True,True,6.174429339721037
31.199616256,16.17135768946723,1.2054101710279137,-2.8694121712074856,-0.248542702204343,22.893838537686555,0.3771179914474487,0.4363323152065277,-0.25,18.94866805453218,0.849675528207199,0.5298403526246919,0.08322457827687874,13.702182118621447,-9.211132684695267,34.82409181385525,True,True,True,6.2015097244312045
31.318774016,16.20030327942357,1.2118353077862718,-2.8889520651116003,-0.25183646264180104,22.10110952605811,0.3771179914474487,0.4363323152065277,-0.25,18.975539304051473,0.8402643083696042,0.5353060191215182,0.07292201194932522,12.582628665782245,-9.537957125906027,34.79494981581068,True,True,True,6.23065172247577
31.398782464,16.22070813264427,1.217046254085377,-2.9021302762805443,-0.25118745391549335,21.298426574729,0.3771179914474487,0.4363323152065277,-0.25,18.99625206651611,0.8477822954497991,0.5398402263078821,0.07974471055128145,11.827572784269615,-9.490330056089542,34.77438399558678,True,True,True,6.251217542699671
31.501624064,16.24217192031084,1.221472022522633,-2.9150806250371906,-0.24859450664813074,20.586448552185384,0.3771179914474487,0.4363323152065277,-0.25,19.017521983254195,0.8507537627615069,0.5435547112912401,0.08200483086910106,11.085572457291267,-9.52035236052423,34.75278575008942,True,True,True,6.272815788197029
31.600576256,16.268641491772147,1.226916958365473,-2.931478731415996,-0.24426497444033254,20.06464215303334,0.3771179914474487,0.4363323152065277,-0.25,19.041214957313194,0.8359740236835612,0.5481224852756629,0.06644278090065063,10.146030169779186,-9.938088248884297,34.72615079222377,True,True,True,6.299450746062682
31.700767488,16.288367526652696,1.2305131940179506,-2.945441786386137,-0.24426160624823737,19.514932938940643,0.3771179914474487,0.4363323152065277,-0.25,19.05920657917313,0.8274611564003933,0.5510652815132234,0.05733434476312947,9.346006050880948,-10.18840315368987,34.706316747924106,True,True,True,6.319284790362346
31.802227456,16.317219068327177,1.235674656953994,-2.9628192669383533,-0.24896037752541195,18.537951375708925,0.3771179914474487,0.4363323152065277,-0.25,19.087926604686757,0.8317195258314569,0.5552710696077919,0.06063207016986473,8.35034975666828,-10.207077884670847,34.6773104813057,True,True,True,6.348291056980749
31.901932288,16.339908246267566,1.2395885604363144,-2.977064222975253,-0.25117471988506923,17.98080556203361,0.3771179914474487,0.4363323152065277,-0.25,19.10876122222245,0.8231114331582796,0.5584334987810942,0.05133360221176845,7.534173896404556,-10.466107931259272,34.65450441900193,True,True,True,6.371097119284521
31.999485696,16.360377745449913,1.2418159684402779,-2.9902587532849725,-0.249315345489637,17.102806926808963,0.3771179914474487,0.4363323152065277,-0.25,19.13011130473486,0.8312358781159361,0.559983660225794,0.05874115618122181,6.778182997000154,-10.344100195439001,34.633972523261704,True,True,True,6.391629015024748
32.107789056,16.389121665504994,1.2458067137665894,-3.007438995255708,-0.24693926864572838,15.830436149942694,0.3771179914474487,0.4363323152065277,-0.25,19.16088413325966,0.849154697073665,0.5630229236984279,0.07562323109963175,5.793827641063481,-10.056084774509387,34.605112484004344,True,True,True,6.420489054282108
32.20509568,16.409681436063785,1.2474269362192072,-3.022317373470302,-0.24606681951911952,15.246747995221297,0.3771179914474487,0.4363323152065277,-0.25,19.179552678914455,0.8377767219767582,0.5639632494934855,0.06362869618909521,4.941359363367841,-10.324864897483566,34.584510419214006,True,True,True,6.441091119072446
32.300407808,16.43843401361948,1.2506756486465656,-3.0391699524833324,-0.2441767586845907,14.71109235571751,0.3771179914474487,0.4363323152065277,-0.25,19.20515344637774,0.8202530883667689,0.5662605989332737,0.045260624017011024,3.975777712010498,-10.754790909337201,34.55566623376731,True,True,True,6.46993530451914
32.408037632,16.459026911033057,1.2516185049315427,-3.0526453598005014,-0.24678315529130992,13.833374067081088,0.3771179914474487,0.4363323152065277,-0.25,19.226535196907264,0.8262975818421707,0.5665228340182168,0.050588327986893285,3.2036937455169556,-10.649156587194305,34.53505343108014,True,True,True,6.490548107206315
32.5029056,16.487463120841074,1.253057485107696,-3.0715151999564894,-0.2475998564136743,12.562135121923614,0.3771179914474487,0.4363323152065277,-0.25,19.256367162415497,0.8369199975476042,0.5670218868963065,0.060209455150019325,2.122531544492365,-10.459079843061419,34.50658520952666,True,True,True,6.51901632875979
32.608903936,16.511994265098604,1.2544538329148773,-3.0858752277552197,-0.2485894968127354,11.877560044635937,0.3771179914474487,0.4363323152065277,-0.25,19.27988655555157,0.8316391353805629,0.5676073004618271,0.05414678481601927,1.2997625579345775,-10.597273752331517,34.48202133123475,True,True,True,6.543580207051704
32.699968,16.53290199733657,1.2539221568404393,-3.1011219731008492,-0.245708882744863,10.92997298058494,0.3771179914474487,0.4363323152065277,-0.25,19.30133815715758,0.8346832881802291,0.5663854097450643,0.05647348804943229,0.4261883983192991,-10.523260847895775,34.461142563793665,True,True,True,6.564458974492787
32.841825792,16.56738826888615,1.2549839809918673,-3.1210239565245246,-0.24621312749424482,9.523708439420501,0.3771179914474487,0.4363323152065277,-0.25,19.337740686194802,0.8486005611626439,0.5663077012924139,0.0691684043530757,-0.7141112557965963,-10.257295960847262,34.42664003696857,True,True,True,6.598961501317881
32.907873536,16.58034313183219,1.2547965269291705,-3.128876274801293,-0.24606661513161282,9.156607701763832,0.3771179914474487,0.4363323152065277,-0.25,19.3501053502391,0.8444098148080021,0.5656924985199796,0.06456743177430489,-1.1640159524488563,-10.34009991984288,34.41369843202463,True,True,True,6.6119031062618205
33.000547584,16.607943628795784,1.2544370402709697,3.13633437689856,-0.24834554041672782,8.368738867825444,0.3771179914474487,0.4363323152065277,-0.25,19.375947775043233,0.8323552397193225,0.5644248722467553,0.051657309804243386,-2.1775829695447406,-10.582102983094943,34.38628548419416,True,True,True,6.639316054092291
33.10628992,16.633569924072805,1.2539327519739534,3.12041006940718,-0.249595379323308,7.231186024885811,0.3771179914474487,0.4363323152065277,-0.25,19.403211362825896,0.8427317053535621,0.5630818016791109,0.06109975554921319,-3.089978580469372,-10.429026859276773,34.36068944001226,True,True,True,6.664912098274193
33.205942272,16.654220997287993,1.2521273776996007,3.1057963829647406,-0.25258359304208167,6.517382519187475,0.3771179914474487,0.4363323152065277,-0.25,19.422969673324964,0.8349574255895328,0.5606012407616061,0.052646038172265285,-3.9272811367487086,-10.55252590985773,34.34010855036327,True,True,True,6.685492987923183
33.305257472,16.68273146658197,1.2509736459318868,3.0895177029435263,-0.2518863300646781,5.86754231790612,0.3771179914474487,0.4363323152065277,-0.25,19.449386914020298,0.8201399945537529,0.5585146416973956,0.036922837926053984,-4.859980798008218,-10.835385369835924,34.31165114252805,True,True,True,6.713950395758403
33.407246336,16.701956436131198,1.24959011102309,3.077753496512111,-0.24185523242367407,5.034674876096911,0.3771179914474487,0.4363323152065277,-0.25,19.46979555420775,0.8264274750954659,0.5565023872635244,0.04249993328656537,-5.53402017584898,-10.676557305867451,34.29248178012066,True,True,True,6.733119758165792
33.501016064,16.73049842112171,1.2473444033832828,3.060436719601075,-0.2399338594379177,3.910505810028923,0.3771179914474487,0.4363323152065277,-0.25,19.49930502302663,0.8305590854464244,0.5533233659167799,0.0456073499081227,-6.526198407620937,-10.544566471571397,34.26402862681071,True,True,True,6.761572911475739
33.612545792,16.755886631849528,1.2452243265504335,3.045615973429287,-0.2442545848771891,3.2440682241873424,0.3771179914474487,0.4363323152065277,-0.25,19.52334993669557,0.8196108207372126,0.5503731684637995,0.03383313406043615,-7.375364612499046,-10.727295090607932,34.23872344345383,True,True,True,6.786878094832623
33.709689344,16.779453604368875,1.2431057683205444,3.03161413875603,-0.2518248068246729,2.5228047974318204,0.3771179914474487,0.4363323152065277,-0.25,19.54631257737874,0.8135811200466654,0.5474841195314754,0.027012005130925765,-8.177610644716617,-10.808277696069986,34.21523847211112,True,True,True,6.810363066175334
33.800636928,16.80518045232391,1.2401632256216948,3.0159579735927426,-0.2543597514624975,1.6255329398125962,0.3771179914474487,0.43622532989270973,-0.25,19.572041222027345,0.8106501512268411,0.5437008095708843,0.023191981860026942,-9.074642831932731,-10.808038025666864,34.18962176215496,True,True,True,6.835979776131495
33.901987072,16.827680055202805,1.2373175544962924,3.002827742436825,-0.2501508493093083,0.8619894898359824,0.3771179914474487,0.3763316136719869,-0.25,19.59462500609511,0.8083471141025824,0.5401199852613632,0.020108399393062876,-9.826949661198002,-10.796801404955563,34.16722739520418,True,True,True,6.858374143082273
34.002186752,16.857027122575737,1.2332029975267818,2.9853688347241008,-0.24247034643427642,0.12401044048731578,0.3771179914474487,0.3238065220476697,-0.25,19.621978930419033,0.7915679668690219,0.5350467566873561,0.0023922280095486255,-10.827271388045494,-11.059144082454353,34.13803078077232,True,True,True,6.887570757514133
34.107721728,16.87721032971598,1.229849021152999,2.9733383265046545,-0.24317746017422587,-0.6976991836839138,0.3771179914474487,0.42966335904706615,-0.25,19.643175384943905,0.7946050513407013,0.5310337427735727,0.004693599364415605,-11.516568734417213,-10.926731804654821,34.11796821046566,True,True,True,6.90763332782079
34.200438272,16.904593787894505,1.2249954580735756,2.9571594110887123,-0.24822168462754157,-1.177866519680891,0.3771179914474487,0.3529342545355681,-0.25,19.66708055863901,0.7681947997316685,0.5252861965373061,-0.022528494608398068,-12.443552304849845,-11.373548039090506,34.0907583488592,True,True,True,6.934843189427255
34.300058624,16.928780355534307,1.2204559068280452,2.9426217412847473,-0.25327256091825767,-1.7729699337743365,0.3771179914474487,0.3398055091973389,-0.25,19.689347079322342,0.7521917041452009,0.5199571659268473,-0.03929293670394058,-13.276499428571817,-11.611391748719054,34.06673338241888,True,True,True,6.95886815586757
34.40351232,16.953087919973907,1.2160155661092222,2.9291171934318374,-0.24896033143557808,-2.4750557708980105,0.3771179914474487,0.397076420206947,-0.25,19.713066761499327,0.7442987078859918,0.5147233309898837,-0.0480024553396868,-14.050253024776012,-11.683059507799545,34.042584235714756,True,True,True,6.983017302571696
34.501210368,16.978934965003948,1.210292561150971,2.9141987574302064,-0.24138864233428467,-3.4912088890378583,0.3771179914474487,0.3603516633862994,-0.25,19.740231578959925,0.7463518216645054,0.5081571140622841,-0.046891109415782395,-14.905016444605492,-11.521669809489211,34.01693843064265,True,True,True,7.008663107643805
34.600026368,16.998190762316558,1.205534377434786,2.901905358602388,-0.24272792713145352,-4.740779469543881,0.3771179914474487,0.11675197800842703,-0.25,19.7637770254339,0.7678899769717413,0.5027710108093609,-0.026181089832396722,-15.60937631331056,-10.976459097688242,33.99784874928935,True,True,True,7.027752788997098
34.701138176,17.02588880901967,1.1986088099225805,2.884938903115102,-0.24497950002278215,-6.109447264365305,0.3771179914474487,-0.12264571945041532,-0.25,19.79443787617102,0.780116202131983,0.49494227084878895,-0.015023776366347953,-16.581482606028633,-10.579897595584871,33.970392309112896,True,True,True,7.055209229173556
34.805369344,17.043998538658116,1.1925456974552866,2.8718600161718832,-0.25254276705377116,-6.778704990535874,0.36872861039383525,-0.09005002333103335,-0.25,19.81195979042918,0.7701826916250573,0.4882894628842105,-0.02555799836017663,-17.330847628603816,-10.660004891989502,33.9524908067582,True,True,True,7.073110731528253
34.900264704,17.069505693474394,1.1843220604274225,2.855068265096829,-0.2529201658652269,-7.363783674241003,0.35754232789253226,-0.15634698860394924,-0.25,19.83462780671371,0.7437545867358908,0.47923566832183284,-0.05275510037980028,-18.288555935142583,-11.03702267551921,33.927303288625616,True,True,True,7.098298249660836
35.002149376,17.089602380599384,1.1781597036010314,2.8418997620660518,-0.248660957868072,-8.26692206215696,0.347650514418311,-0.26677974833942164,-0.25,19.855858123600232,0.74476708216542,0.47242013542301686,-0.05247854409892041,-19.043055581311357,-10.905403000754198,33.90741862150844,True,True,True,7.118182916778011
35.103947776,17.116734941611607,1.169456800475683,2.823992150584677,-0.2410268612948982,-9.85781058886079,0.32852738563411155,-0.09412285330209356,-0.25,19.887128844760312,0.7633562939548291,0.46283558295285426,-0.034992649799055205,-20.069086140354162,-10.340545033093173,33.880584822973056,True,True,True,7.145016715313396
35.202599936,17.13443799701288,1.1634424443120897,2.812431172787428,-0.24502042774147906,-10.665239113658842,0.3058832338845324,-0.4363323152065277,-0.25,19.905850989025666,0.7643559528058668,0.456246160472628,-0.034647381754317245,-20.731481375180966,-10.195511743121932,33.86308767572042,True,True,True,7.16251386256603
35.300661248,17.160792407795935,1.1541368499994165,2.795081682499349,-0.24966591609071007,-11.645799349340592,0.30115315535647946,-0.43628652828972264,-0.25,19.93211134382095,0.7543977415434325,0.44608465696682087,-0.045516536516006206,-21.725533945391096,-10.209004077650349,33.8370512992495,True,True,True,7.18855023903695
35.401829888,17.184737770583894,1.1453842946143216,2.7805873005437904,-0.2489532437387244,-13.486493773125218,0.25746263539043757,-0.40705829365160856,-0.25,19.96267369695888,0.7945681191674903,0.43655458957154014,-0.006437902299120966,-22.55600085809519,-9.198776566569821,33.813404619984595,True,True,True,7.212196918301856
35.499624704,17.2040881613728,1.1380454527780584,2.7697842743304566,-0.25088321554259485,-14.35602854374443,0.20505730019773882,-0.4363323152065277,-0.25,19.98353171461866,0.7993811140590084,0.4285875775043173,-0.0023562090906750753,-23.17496866608841,-8.948209603943768,33.79430428119436,True,True,True,7.231297257092095
35.601031424,17.23201723319659,1.1270106404397653,2.75517046677826,-0.24967606610795628,-15.799591187491146,0.16293856732439058,-0.4363323152065277,-0.25,20.014888573647628,0.8177743190021975,0.41664634197604933,0.01493078995478009,-24.012278161445675,-8.341956455554321,33.76675056946004,True,True,True,7.258850968826415
35.712189696,17.251994033451044,1.1190477530592762,2.746383746431709,-0.2439137069083607,-17.6150351774399,0.11561516994832223,-0.4363323152065277,-0.25,20.041216310201783,0.873611221798284,0.40803515552568825,0.06981426806688767,-24.515720153064777,-7.029954457224701,33.74704454013503,True,True,True,7.278556998151423
35.800352768,17.277262797039448,1.1086497614198614,2.738359027258994,-0.2413796719379875,-18.164637636901453,0.08368578148774175,-0.4363323152065277,-0.25,20.066866405718468,0.8675860635203323,0.39681730066395876,0.06289707791420776,-24.975502693439058,-6.940134538137457,33.722128915002976,True,True,True,7.303472623283476
35.902364672,17.297077977056706,1.100173880879717,2.733269409885046,-0.24713661679730178,-19.00818813775588,0.03702715299998537,-0.4363323152065277,-0.25,20.088874312128222,0.8859935281830992,0.38769867419084586,0.08052479532540163,-25.267116288302756,-6.388197632146698,33.70260117674964,True,True,True,7.323000361536813
36.00180992,17.323177376994405,1.0888644792431386,2.7291838125384578,-0.24930918682369932,-20.100676806673267,-0.007023367034651169,-0.4363323152065277,-0.25,20.117869111587932,0.9165330874579349,0.3755427627104654,0.110033224289998,-25.5012037730521,-5.529796447978628,33.67688513003622,True,True,True,7.348716408250233
36.100829696,17.34479310403645,1.07937457920638,2.727456603880719,-0.2511136030044758,-21.521983264489673,-0.05077844963121294,-0.4363323152065277,-0.25,20.142717501118796,0.9715827974630242,0.36535184243838736,0.16418164881861375,-25.600165539478994,-4.2074517565891165,33.65559092889431,True,True,True,7.370010609392139
36.207520256,17.3664678587818,1.069743480815053,2.7277785113394586,-0.2532774451433816,-22.17539652793606,-0.09770589130639037,-0.4363323152065277,-0.25,20.165463848544086,0.9947671559208714,0.35501787100419585,0.186557560103069,-25.581721600699428,-3.535594554363192,33.634242343838345,True,True,True,7.391359194448107
36.299650816,17.391409346194735,1.0588781839334978,2.7304844733749993,-0.24967964022652298,-22.67808978539989,-0.1321714606980918,-0.4363323152065277,-0.25,20.191081590371418,1.0160374884829224,0.343343650859287,0.20692034316763774,-25.426681396540314,-2.877861092740256,33.60966908490303,True,True,True,7.415932453383419
36.400507392,17.412498674034943,1.0504983048184573,2.734563086185359,-0.2458958392851005,-23.575339149544032,-0.18303900881669108,-0.4363323152065277,-0.25,20.212471103340228,1.062923888517131,0.33427935413833854,0.25303122117735294,-25.192994096238717,-1.746924428294504,33.588864742863706,True,True,True,7.436736795422746
36.502258688,17.43914032927815,1.039101089693481,2.7423055331443447,-0.2421028449793173,-23.82776893579046,-0.22901705432336633,-0.4363323152065277,-0.25,20.2387552091553,1.0855394829737512,0.3220179630905965,0.27471517609903634,-24.749384562384936,-1.0508851081943271,33.562609598676765,True,True,True,7.462991939609687
36.59845888,17.457000006030924,1.0314297676016684,2.7486395813530144,-0.24346539724149993,-24.23244606223399,-0.27351226110330995,-0.4363323152065277,-0.25,20.255741536524955,1.1153693023152729,0.3137673428424106,0.3039336363066649,-24.386470332795756,-0.28329375216164254,33.545010038970055,True,True,True,7.480591499316397
36.698375424,17.48233124251016,1.0209522999095337,2.7594230082838234,-0.24308999126146316,-24.68545372584716,-0.3178008272210801,-0.4363323152065277,-0.25,20.279015239249823,1.1571823347045815,0.3024680136439339,0.34490844460712183,-23.768625480972695,0.7875587632746672,33.52003457039645,True,True,True,7.5055669678900045
36.81186688,17.505637623648017,1.0115824675323073,2.771095317480164,-0.24564107412258773,-24.67471117865445,-0.3655589620826481,-0.4363323152065277,-0.25,20.300572637156876,1.1799222140636683,0.29234187120634436,0.3668816662400496,-23.099851426850652,1.4455902702039252,33.49704669533471,True,True,True,7.528554842951742
36.903116544,17.524778375111428,1.0038162631802248,2.7821237154799725,-0.24642484986188018,-24.600751263983227,-0.3771179914474487,-0.4363323152065277,-0.25,20.317941690394946,1.199363429240951,0.2839545726217832,0.3857628652453272,-22.467970766671094,2.2258379712553116,33.478169843926814,True,True,True,7.547431694359638
36.999158272,17.549927659914395,0.994367624642681,2.7985383111593167,-0.24894744550784015,-24.42347979199109,-0.3771179914474487,-0.4363323152065277,-0.25,20.34023843734307,1.2271030223916684,0.27368743483112534,0.4127969549762777,-21.533740319840334,2.9890535541032732,33.45331273655706,True,True,True,7.572288801729393
37.101774336,17.569462212406787,0.9865297758859414,2.812510888033935,-0.2509119549586393,-24.009498708999,-0.3771179914474487,-0.4363323152065277,-0.25,20.358139164621647,1.2380866406017448,0.2652135624445377,0.42321960593935204,-20.73317063600262,3.375642154948902,33.43404555977925,True,True,True,7.591555978507202
37.198847744,17.597508468319628,0.9770956967245145,2.8325683943100497,-0.2532778418675741,-23.602764760677427,-0.3771179914474487,-0.4363323152065277,-0.25,20.382691528357785,1.2647679443892563,0.2548653507413079,0.4491258975023798,-19.58396017882408,4.11811866380587,33.406323567879355,True,True,True,7.619277970407097
37.29987712,17.61851719756652,0.970183596707046,2.8473369766480516,-0.2504271444648467,-22.897363865725186,-0.3771179914474487,-0.4363323152065277,-0.25,20.40298503656814,1.2646982034171939,0.2472684144157116,0.44842623944008664,-18.737782741465118,4.258895206212583,33.385552665402926,True,True,True,7.640048872883526
37.40066048,17.645828459718647,0.9618288191175833,2.8656763666667278,-0.24491645790035424,-22.047330977486613,-0.3771179914474487,-0.4363323152065277,-0.25,20.429247374646977,1.2660970297791676,0.23802301347543586,0.44900915667781033,-17.68701309455063,4.459631964888506,33.35852989888347,True,True,True,7.667071639402984
37.500809216,17.665194159800375,0.9572045516430308,2.8794191213392812,-0.23975780125406837,-21.445971229798364,-0.3771179914474487,-0.4363323152065277,-0.25,20.447610430039866,1.270509034704748,0.23276652999498798,0.45284900975726244,-16.89961125292962,4.645674058821239,33.33932616042578,True,True,True,7.6862753778606745
37.606107392,17.695021163105665,0.9499537567368671,2.901061446203223,-0.24425356362034517,-20.874719288474836,-0.3771179914474487,-0.4363323152065277,-0.25,20.47359106279412,1.2957127950067013,0.22454206660107093,0.47723413359019157,-15.659597379374707,5.314435991052676,33.30975282184476,True,True,True,7.715848716441691
37.700126464,17.717225867473854,0.9447014761781087,2.915621146384108,-0.24894345775184715,-20.016113788123974,-0.3771179914474487,-0.4363323152065277,-0.25,20.495942736981938,1.2892773881499064,0.21856486060064909,0.47010798782529967,-14.825388008034134,5.290039862042379,33.287732187077005,True,True,True,7.737869351209447
37.804317696,17.742110425410498,0.940099017593364,2.9325970437059077,-0.2548267538063745,-18.547491498762355,-0.3771179914474487,-0.4363323152065277,-0.25,20.523705935152556,1.2606086433190646,0.21314929672945812,0.4405912343159087,-13.852740738047585,4.794064842667297,33.26301184086819,True,True,True,7.762589697418264
37.915206656,17.772220037320352,0.9345937117500602,2.95375714637108,-0.2532844576916594,-18.074941904666005,-0.3771179914474487,-0.4363323152065277,-0.25,20.549445173253392,1.2909931286150387,0.2066601223316221,0.4701620798243398,-12.640356161269679,5.533899825348835,33.233098838052946,True,True,True,7.792502700233506
37.999868672,17.792163429500356,0.9327507133658614,2.968982930190779,-0.24637779877638666,-17.56137198098737,-0.3771179914474487,-0.4363323152065277,-0.25,20.567102244598225,1.3065348388490468,0.20416448022497188,0.4851481897457457,-11.767983008622352,5.89270305431758,33.21322656326708,True,True,True,7.812374975019374
38.10000128,17.8194400731261,0.9281798094869759,2.986816996186187,-0.2431843506868528,-16.612071952994174,-0.3771179914474487,-0.4363323152065277,-0.25,20.593903584071228,1.3054757496109486,0.1987020548003135,0.48325764422707324,-10.746166295527699,5.965219739419053,33.18611438227336,True,True,True,7.839487156013092
38.20866048,17.841574936194206,0.9258399724930677,3.002605737933145,-0.2388582386227115,-15.030319222613668,-0.3771179914474487,-0.4363323152065277,-0.25,20.62030349881786,1.2703215761520665,0.19563801673265163,0.44730090655553323,-9.841538029605008,5.288095274961192,33.16406809753144,True,True,True,7.861533440755011
38.299603456,17.869039683677126,0.9228060928834452,3.0210497953408213,-0.24389206077330128,-14.56013760233096,-0.3771179914474487,-0.4363323152065277,-0.25,20.644095937670897,1.2957173251761338,0.19170562484503959,0.47194585246154735,-8.784771383048142,5.874680301235344,33.13671753860062,True,True,True,7.888883999685831
38.401469184,17.891556799209607,0.9218288965038292,3.038882246166807,-0.24941492363739245,-13.481028442151514,-0.3771179914474487,-0.4363323152065277,-0.25,20.666985153146683,1.2919605651869062,0.18999096722803016,0.46748037632841855,-7.763047212344581,5.817295311759456,33.11424454694566,True,True,True,7.911356991340789
38.504102656,17.920583218715283,0.920137981024223,3.059173648773756,-0.25255492379207106,-11.838908428127297,-0.3771179914474487,-0.4363323152065277,-0.25,20.699011972698706,1.267029403573295,0.18734963504304472,0.44156705357143194,-6.600435482565651,5.337787027514191,33.08528914004527,True,True,True,7.940312398241183
38.60152192,17.9454660029499,0.9185768572193391,3.076707924803845,-0.2529201540924851,-11.089894744742132,-0.3771179914474487,-0.4363323152065277,-0.25,20.72231944615892,1.2778608047291034,0.18497383019730942,0.45166972472329225,-5.59579546922415,5.593413357470472,33.06047088849252,True,True,True,7.9651306497939345
38.700141824,17.96803449054349,0.919530298005508,3.095148518616223,-0.2469915871988032,-10.474183827014324,-0.3771179914474487,-0.4363323152065277,-0.25,20.74204128269527,1.300169651062704,0.18518708886471633,0.47335561513456265,-4.539227272059833,6.0342706369070624,33.03788327679195,True,True,True,7.9877182614945
38.80862592,17.994910368078294,0.9187072184411823,3.1129195089896413,-0.2446264046392558,-9.650125991119356,-0.3771179914474487,-0.4363323152065277,-0.25,20.767611453302884,1.308744001314782,0.18348360921362267,0.4811495492001182,-3.5210245258953408,6.8457179975993645,33.0110488136836,True,True,True,8.01455272460285
38.902352384,18.018411875782398,0.9204724266994445,3.131477217853103,-0.24462285023585492,-8.580470829667487,-0.3771179914474487,-0.4363323152065277,-0.25,20.791156353198637,1.3102006178246741,0.1844786036538733,0.4821273512981779,-2.455119991093802,6.8393412314563395,32.987510533392395,True,True,True,8.038091004894056
39.001311744,18.04677616009903,0.9205614097191596,-3.1328420526363465,-0.24750397202635785,-7.310228963648153,-0.3771179914474487,-0.4363323152065277,-0.25,20.82079311198208,1.301126713793857,0.1836392143865787,0.4724545267613237,-1.3741757126100047,6.650043643920786,32.95915853225614,True,True,True,8.066443006030312
39.101720576,18.068370454983302,0.9219875225709355,-3.1174886687085337,-0.24888203553071678,-5.93513386064325,-0.3771179914474487,-0.4363323152065277,-0.25,20.84557424788812,1.2785532145199623,0.1843578112032425,0.44938331235945583,-0.49449161230236477,6.154632641223557,32.937529131246635,True,True,True,8.088072407039817
39.21152128,18.099377031061785,0.9239101463136579,-3.0961227556193336,-0.24354835056857949,-5.10681412314743,-0.3771179914474487,-0.4363323152065277,-0.25,20.87405104514166,1.2996548942342059,0.1852646016992844,0.4699033850740719,0.7296850331521241,6.550489549182229,32.90647624131408,True,True,True,8.11912529697237
39.30359168,18.12138319940923,0.9250583165861799,-3.081823127124074,-0.2493025550571281,-4.628827301308718,-0.3771179914474487,-0.43633174534059443,-0.25,20.89376961213669,1.3173255450467827,0.18569192477694194,0.48717067744444337,1.5489933945355625,6.89181108872688,32.88444428417682,True,True,True,8.141157254109629
39.40577664,18.142197766885285,0.9267983123379901,-3.0680254755948164,-0.2493070464651721,-3.7886008208421122,-0.3771179914474487,-0.43527806506466654,-0.25,20.91492325939869,1.3166615488277669,0.1867497557607377,0.48607799897557913,2.339540594354243,6.842131808078984,32.8635839198933,True,True,True,8.16201761839315
39.502780672,18.16918962135429,0.9289561471039406,-3.0506943449831785,-0.25004912116659445,-2.38675950676824,-0.3771179914474487,-0.4356131394951344,-0.25,20.944626415420352,1.2990245220622536,0.18802302767322476,0.46784246536395735,3.332541232591056,6.433291132241934,32.83653590264268,True,True,True,8.189065635643772
39.606948608,18.19399080357006,0.9321323850330918,-3.033832969178604,-0.2439155080247327,-1.8923333848665977,-0.3771179914474487,-0.28932801713268025,-0.25,20.9662871850886,1.325035392172523,0.19038585490061094,0.49340889160287243,4.298626902977182,6.904950680726444,32.811644053089545,True,True,True,8.213957485196907
39.708635904,18.223793472539093,0.9362734879987711,-3.013533811796226,-0.24479893720824825,-1.2304646503512773,-0.3771179914474487,-0.3433543589089526,-0.25,20.992546967924543,1.3534114529346515,0.1935493383728642,0.5212467930232842,5.461682948659262,7.406137991893192,32.7817218174817,True,True,True,8.243879720804749
39.812834048,18.244439918612617,0.9390753961171858,-2.9995677310789333,-0.24426549784618273,-0.2931245892261311,-0.3771179914474487,-0.4346798790830166,-0.25,21.01418393865695,1.34958491297236,0.1956740152154371,0.5169824229338834,6.261880430099154,7.268995412207954,32.760994729579984,True,True,True,8.264606808706468
39.900269568,18.265563978128938,0.942743619145267,-2.9849609872222134,-0.2479656965338714,0.31997281541293954,-0.3771179914474487,-0.2296000630497819,-0.25,21.033683349392486,1.364069082932465,0.1986489112193468,0.5310683318953706,7.098785205517897,7.492802782987555,32.739761930791346,True,True,True,8.285839607495106
40.009452288,18.296343798679406,0.9478306078542789,-2.9638487884783906,-0.24714968206135335,1.210885410458631,-0.3771179914474487,-0.1974760878624025,-0.25,21.062076585742467,1.3845480800996437,0.20272579285163364,0.550967543933073,8.30842508978029,7.811530072204358,32.708832109527705,True,True,True,8.316769428758747
40.104119808,18.318134605075176,0.951922740059889,-2.949535876933815,-0.2464276517424624,2.410385643118022,-0.3771179914474487,-0.3735826913158297,-0.25,21.086698806997674,1.370315211112191,0.20610254921156362,0.5362384673555941,9.128494513828574,7.432099263593202,32.68691904707966,True,True,True,8.33868249120679
40.201446656,18.33518917755481,0.9558161094077441,-2.9369787204117213,-0.2480845465147572,3.1335765719053543,-0.3771179914474487,-0.0962296268994712,-0.25,21.103780529955216,1.3740288823041444,0.20943565971865621,0.5396051012304388,9.84796658522969,7.428380406207012,32.669746186465034,True,True,True,8.355855351821418
40.300199168,18.365976958627005,0.9624925955659845,-2.9150986993339427,-0.2507523280062526,3.99531106801127,-0.3771179914474487,-0.18694610718817958,-0.25,21.131643029466453,1.3996323725338242,0.21510092672855144,0.5646385121919336,11.101599448643709,7.820278773515124,32.6387563868452,True,True,True,8.38684515144125
40.404948992,18.386513445957902,0.967764400785413,-2.9016170662249388,-0.2417533696386193,5.137606032383242,-0.3771179914474487,-0.2777484413967104,-0.25,21.154943689517467,1.3870423355073986,0.21969777628570217,0.5515787201755633,11.87404012673347,7.450424487232878,32.61805836239086,True,True,True,8.40754317589559
40.50206336,18.412930873198384,0.9746579766144426,-2.8832596597295654,-0.24425740559764803,5.994123310555446,-0.3771179914474487,-0.10972796480813388,-0.25,21.17991598913208,1.4033692643144315,0.22572305242873505,0.5673960649921611,12.925842041724405,7.645709124051594,32.59142947024122,True,True,True,8.434172068045228
40.601968384,18.432700560147,0.9802467505912031,-2.869204894158439,-0.24462168760039082,7.120125976805056,-0.3771179914474487,0.10194981440156979,-0.25,21.20204210532365,1.3934626822281782,0.23066179727308866,0.5570429863982979,13.731120790995718,7.32498520707334,32.57148746141633,True,True,True,8.45411407687012
40.700253952,18.45880488934946,0.9879219853211011,-2.8514525098684773,-0.24930512739685073,8.541559092989925,-0.37044981522203224,-0.4361959882995662,-0.25,21.230993242989964,1.3815864769125379,0.23747848781017267,0.5445823350732403,14.744025823958832,6.920688786997621,32.545128377610844,True,True,True,8.480473160675608
40.802979072,18.483499533130544,0.9955014666458347,-2.833053683809974,-0.26119686270544007,9.21866421928732,-0.37485146443779865,-0.015396773249900575,-0.25,21.25303712231418,1.4074013842215702,0.24424384513999942,0.5703903359584634,15.798200905106416,10.997185239427136,32.520198397489985,True,True,True,8.505403140796467
40.904964864,18.505285558759027,1.0030765383843632,-2.818351786402744,-0.25653799603653527,10.258963320114383,-0.3771179914474487,-0.024244173269993126,-0.25,21.276229627577408,1.4054059649494932,0.25110020509496495,0.5692448530459114,16.64055757737502,10.799242810868671,32.49817561490701,True,True,True,8.52742592337944
41.001527296,18.53022391653446,1.011712828514538,-2.801048685719581,-0.23888072582816275,12.029614999756996,-0.3771179914474487,-0.3062089542044151,-0.25,21.306383463065398,1.3763197020168567,0.2589138080940474,0.5415223209198592,17.631952219010202,10.019985772861256,32.472967386014034,True,True,True,8.552634152272418
41.1090368,18.55012893651493,1.019843177172491,-2.7855099550405127,-0.23596845852753964,13.002879211859439,-0.3771179914474487,0.23701592695757803,-0.25,21.326813499536787,1.380429973209352,0.2663868477661514,0.5465331961649342,18.522255905911237,9.93702524765988,32.452806382373794,True,True,True,8.572795155912658
41.2008,18.574449091403377,1.0290205356635937,-2.7680942601368255,-0.24604852564047752,14.517517682020259,-0.37300022810544126,0.3887215659906879,-0.25,21.354273058445205,1.3645480490806492,0.2747615065297326,0.5318827499728245,19.520101721180012,9.420232592767787,32.428198275309946,True,True,True,8.597403262976506
41.304972032,18.599923478813437,1.0372489172600048,-2.7530405434404037,-0.25389465250014986,16.24836360955235,-0.3354532164142439,0.43511844400331257,-0.25,21.384513021566047,1.3306106025442554,0.2821498374171505,0.49931760611478093,20.382616153870572,8.551901097926365,32.402467685648766,True,True,True,8.623133852637686
41.399229696,18.628156029746776,1.0476242838475878,-2.7332927269559115,-0.24925941939483715,17.086064853051766,-0.2979467914915725,0.38945502130090437,-0.25,21.411204862966873,1.3552591191836614,0.291593523349276,0.5251238530888909,21.5140826930309,8.845666393587202,32.373909990362804,True,True,True,8.651691547923647
41.502922496,18.64560178296024,1.0561951800311333,-2.718778352832161,-0.24211084089222584,17.956813774436988,-0.25324192266893214,0.4363323152065277,-0.25,21.428860100432217,1.3619289502022869,0.29958754347456634,0.5325689104599435,22.34569507259566,8.806529851766692,32.35619247900227,True,True,True,8.669409059284185
41.598751488,18.668527841963908,1.0673775452370575,-2.70241227970146,-0.2435368644182781,19.248591589746464,-0.218284397149053,0.4363323152065277,-0.25,21.453622346913207,1.3559058774701536,0.31001185974567597,0.5276482097094666,23.283401990187297,8.452458954048884,32.33291194843876,True,True,True,8.692689589847689
41.699849728,18.689195142883822,1.0772166449868708,-2.690419906530551,-0.24894217587527454,20.933548609356553,-0.17367052302248004,0.4363323152065277,-0.25,21.47889195248988,1.3171993745191495,0.31916772626074225,0.49009860120146886,23.970514359226332,7.45461430347781,32.31193302283331,True,True,True,8.713668515453143
41.801173504,18.708249661526978,1.0874681765196574,-2.6798030127530534,-0.2508328153618917,21.37492090373924,-0.1295985522156478,0.4363323152065277,-0.25,21.497235443787496,1.3355776409676865,0.32878870584085435,0.5092710857238267,24.57881756421562,7.62154521408442,32.2925524828148,True,True,True,8.733049055471653
41.899419136,18.73367909993377,1.1002884550874357,-2.669321975020584,-0.25327789229991415,22.133829587195585,-0.0901251731613755,0.4363323152065277,-0.25,21.523340102756322,1.3406870601813043,0.340767937028588,0.5155313994780167,25.179336791203518,7.463155757615988,32.266716192438835,True,True,True,8.758885345847617
41.998296576,18.751062138347617,1.1097466867175119,-2.664036379630052,-0.24670933943719373,23.45636343162621,-0.04670440580620223,0.4363321946428792,-0.25,21.54455950698601,1.3004623164136204,0.3496508722846345,0.4762856976567554,25.48217909929476,6.443464221276598,32.249032255340374,True,True,True,8.776569282946078
42.104271616,18.7767565981423,1.1236717101303784,-2.658608267971927,-0.2467860254569533,25.366157633283986,-0.0019628274405547033,0.43626104761689144,-0.25,21.574487530373247,1.2363732222682369,0.36272556044972204,0.4135846671211066,25.79318698803112,4.84467790835517,32.222894847845076,True,True,True,8.802706690441376
42.200832768,18.79395308137583,1.1328659035328728,-2.6556235585653933,-0.2444651370891946,26.034221069853754,0.03665530393221235,0.4363323152065277,-0.25,21.592556432562628,1.2212926117494258,0.3713507190385279,0.39931893329824536,25.96419824009847,4.347625723852754,32.205406026637185,True,True,True,8.820195511649267
42.298382592,18.819348031445067,1.146416467998253,-2.6549520241094977,-0.2460624765858512,27.25886640308963,0.0822801394256478,0.4363323152065277,-0.25,21.61918219739332,1.1768901154470401,0.3840609744261415,0.356138968518148,26.002674330218877,3.1614564807372916,32.17958025086315,True,True,True,8.846021287423305
42.404243712,18.840785228394317,1.1579614452431184,-2.6555606772094658,-0.24642577140682956,28.610256340498882,0.1304813665292626,0.4363323152065277,-0.25,21.640537168920183,1.1206911954230683,0.3948965459400736,0.30094076120669144,25.967801076403177,1.7751932895123474,32.15777588656166,True,True,True,8.867825651724793
42.508402944,18.85972546470115,1.1691083691834268,-2.658391965447214,-0.2482272043584885,28.943385873888843,0.1759498400977841,0.4363323152065277,-0.25,21.65905055696103,1.1076345711536804,0.40541618481831204,0.28871671014673744,25.80558020979519,1.279842889514387,32.13848019630292,True,True,True,8.88712134198353
42.598052608,18.881715034098793,1.1806520123773265,-2.6627703125020408,-0.25147177225100964,29.40392149118837,0.20870603350296393,0.4363323152065277,-0.25,21.68006110200925,1.0844268378642452,0.416232303822579,0.2664620798572747,25.554719402310088,0.5684464647297528,32.116123800569994,True,True,True,8.909477737716458
42.699600128,18.900910230675024,1.1908494191634522,-2.669133298395923,-0.24776348589517527,29.797626860321618,0.25934850739438076,0.4363323152065277,-0.25,21.697737787203582,1.0575992069966815,0.4257945732003763,0.24044348022631348,25.190147165489304,-0.18983114122426814,32.096604433748595,True,True,True,8.928997104537856
42.799021312,18.926427951127017,1.2038111602209047,-2.67783409292957,-0.24606811491731667,30.08183524616816,0.30326791669411113,0.4363323152065277,-0.25,21.72117423255298,1.0323666430856187,0.43790509107807035,0.21631125469998938,24.65932118554275,0.36857955122221875,32.070428346438085,True,True,True,8.955173191848367
42.901064448,18.94294850953627,1.2125644851996626,-2.6860920654142664,-0.24244636402387318,30.375490424407182,0.3507130957878722,0.4363323152065277,-0.25,21.735150098729026,1.0037337276244533,0.44610231690825286,0.1886870033407732,24.186174214834466,-0.3982225977250693,32.05362492306586,True,True,True,8.97197661522059
42.998915072,18.966929543485413,1.2246437248830782,-2.699810825234615,-0.2471392067202705,30.61865780404426,0.3771179914474487,0.4363323152065277,-0.25,21.754929684364793,0.9656935087090746,0.4573746791913929,0.15207201313441346,23.400147176974883,-1.4274170152217813,32.029254205613206,True,True,True,8.996347332673245
43.100212224,18.98533232417352,1.2333692251649402,-2.7118165642834753,-0.2440181646857582,30.75898728738727,0.3771179914474487,0.4363323152065277,-0.25,21.769298217723637,0.9341470609630012,0.4654812935502628,0.12156986150604833,22.712268999539763,-2.2556246759998873,32.01057053638417,True,True,True,9.01503100190228
43.199069952,19.01056193709884,1.244816354338883,-2.7281877742336436,-0.24750253507963507,30.747316940495974,0.3771179914474487,0.4363323152065277,-0.25,21.78932651901581,0.9006254214487264,0.4760802371717184,0.08947992478327091,21.77426776387257,-3.181955564775803,31.98497302617721,True,True,True,9.04062851210924
43.306181888,19.0323538487938,1.2543228376176219,-2.741250084281434,-0.2482290680621966,30.535689568845235,0.3771179914474487,0.4363323152065277,-0.25,21.80777190178494,0.884113935603001,0.4848543178607986,0.07425408971850557,21.025852527442833,-3.7187434295547885,31.962876054717043,True,True,True,9.062725483569409
43.401521408,19.05511228614803,1.2640625731390824,-2.7538749331219314,-0.2495400410915387,30.236448837532794,0.3771179914474487,0.4363323152065277,-0.25,21.827714002103974,0.8733200432320267,0.49382927180258934,0.06483400242021645,20.30250197189166,-4.142853253793511,31.939805313060624,True,True,True,9.085796225225828
43.4984256,19.081555559438044,1.2747118432330447,-2.77048906101378,-0.2453516185402312,29.836160034770074,0.3771179914474487,0.4363323152065277,-0.25,21.850266853452798,0.857293862792404,0.5035903055758769,0.050370230131491604,19.35058256339819,-4.694483859524246,31.913021439638335,True,True,True,9.112580098648117
43.604146944,19.101702339991352,1.2822012643242633,-2.784159289084958,-0.24642430545797012,28.91558523179569,0.3771179914474487,0.4363323152065277,-0.25,21.87140616148767,0.871420615816213,0.5104033386585005,0.06589468912209212,18.567336189938416,-4.557155430009663,31.89263598464808,True,True,True,9.132965553638371
43.7003008,19.126857815533768,1.2913704933407464,-2.8010323047256875,-0.24786710044770904,28.206494759526684,0.3771179914474487,0.4363323152065277,-0.25,21.894686334759673,0.8681385378367605,0.5187281241282873,0.06419502738124379,17.600583606066362,-4.814817541612682,31.867188575007727,True,True,True,9.158412963278725
43.79984512,19.146743713476354,1.297366340970668,-2.8143105484473447,-0.2482072659351526,27.403302447777197,0.3771179914474487,0.4363323152065277,-0.25,21.914884711406483,0.8761829894734873,0.5240571199868773,0.07358746497410734,16.839796281469347,-4.772412554460224,31.847113691971373,True,True,True,9.178487846315079
43.902555648,19.17465832841975,1.3059594314300416,-2.832287649338429,-0.2471498226727806,26.476238773442414,0.3771179914474487,0.4363323152065277,-0.25,21.942038081424514,0.879803001630747,0.5317140261919533,0.0790361023131497,15.80978427252936,-4.875360889065464,31.818927902671664,True,True,True,9.206673635614788
44.01200128,19.198827686701925,1.3130747513930991,-2.848185592308266,-0.24714800593733607,25.787603291489127,0.3771179914474487,0.4363323152065277,-0.25,21.964533569116124,0.8761869259968176,0.5380189490350311,0.07695012429444593,14.898899237418012,-5.097610442223461,31.79453459199247,True,True,True,9.231066946293982
44.100017152,19.217077280881213,1.3167949782594246,-2.8624417847458834,-0.24894758383386995,25.227656069998723,0.3771179914474487,0.4363323152065277,-0.25,21.980796688976056,0.8675121794345808,0.5411281881421913,0.06939544608920913,14.082079578816211,-5.35448287933491,31.77617103003352,True,True,True,9.249430508252932
44.200629248,19.242446060090142,1.3238331485842534,-2.8785097396861548,-0.2493121043021184,24.399719793814924,0.3771179914474487,0.4363323152065277,-0.25,22.00543502888735,0.8700799576258547,0.5473159844007268,0.07362411888288091,13.161453575332283,-5.447172606635012,31.750581540442372,True,True,True,9.27501999784408
44.29940352,19.26279828081439,1.327750923009557,-2.8934481716652436,-0.24931277131154939,23.29753744421898,0.3771179914474487,0.4363323152065277,-0.25,22.02771207805768,0.8858779844698637,0.5505525047917526,0.09089299090814967,12.30554447038723,-5.200899361984119,31.730109931306433,True,True,True,9.295491606980018
44.398615552,19.29018297548895,1.3344970583410427,-2.9100456827589545,-0.2467917569625861,22.809377942053434,0.3771179914474487,0.4363323152065277,-0.25,22.051437374064292,0.8703051299877855,0.5563811655853833,0.0769608216319357,11.35457713429606,-5.663707195909782,31.70251539275834,True,True,True,9.323086145528112
44.500690688,19.31154188100757,1.338083663733089,-2.9251377767442786,-0.24318623593213315,22.368849634411568,0.3771179914474487,0.4363323152065277,-0.25,22.069284028258515,0.8534619047542449,0.5592531122727622,0.06136350332378657,10.48986384492219,-6.087892177641753,31.68104870914357,True,True,True,9.34455282914288
44.604009728,19.338977430314877,1.3430145686489008,-2.942229090828208,-0.24678109912594318,21.6476414892871,0.3771179914474487,0.4363323152065277,-0.25,22.094508947687608,0.8459772895987817,0.5632658565555224,0.05560249341302067,9.51060368158054,-6.345944195858969,31.653463911293965,True,True,True,9.372137626992487
44.706010624,19.363078436843274,1.3475738379192455,-2.9583752476152565,-0.24894830553335984,20.196883749989812,0.3771179914474487,0.4363323152065277,-0.25,22.12305391669332,0.8758373112155019,0.5670184325426645,0.08732516913505278,8.585497042326116,-5.820293095816075,31.629224199550176,True,True,True,9.396377338736276
44.7999808,19.384389491515268,1.3504786957925008,-2.9729170845672774,-0.252064880966504,19.851835090684137,0.3771179914474487,0.4363323152065277,-0.25,22.140245848745465,0.8552456816325882,0.5691939934125584,0.0679437417973279,7.680230050411104,-6.30843032022854,31.607112000773796,True,True,True,9.418489537512656
44.900827904,19.412164009103943,1.3547840200756973,-2.988786604197989,-0.2503984636501209,19.147680226895236,0.3771179914474487,0.4363323152065277,-0.25,22.16622992799853,0.8496890642670621,0.5725350896297976,0.06415766984701693,6.7709735526713395,-6.5135319541794265,31.579205071158835,True,True,True,9.446396467127617
45.001318912,19.433799907348707,1.355936310561849,-3.00455941513029,-0.24624785050949152,18.303316090191515,0.3771179914474487,0.4363323152065277,-0.25,22.187341132648577,0.8479887536486498,0.5729375820489337,0.0641712749402004,5.867258055192688,-4.851301460730452,31.557542248949467,True,True,True,9.468059289336985
45.10236032,19.461008352017917,1.3593679915420154,-3.020909812372476,-0.24174189593192794,17.801182758097067,0.3771179914474487,0.4363323152065277,-0.25,22.210616821358578,0.8305454642891567,0.5754251581100694,0.049082799998075584,4.9304492998530955,-5.285976883975576,31.53023130130924,True,True,True,9.495370236977212
45.200694528,19.48174274989784,1.3606859206064048,-3.0350780093096508,-0.24804060180986354,17.169453752135063,0.3771179914474487,0.4363323152065277,-0.25,22.22967584970896,0.8232255230305079,0.576024402754931,0.04365783127731194,4.118671412042803,-5.466025765823877,31.50946370399233,True,True,True,9.51613783429412
45.30102912,19.510324896337316,1.3627373191283982,-3.0532032567253395,-0.25075164228572305,16.27699749854183,0.3771179914474487,0.4363323152065277,-0.25,22.25687911253205,0.8182743382904638,0.5770849617791086,0.041385132829885214,3.0801712324934596,-5.612069691780027,31.48082766820628,True,True,True,9.54477387008017
45.404946176,19.533400813073925,1.3646116060148519,-3.0663752501747275,-0.25111611254126015,14.826412226131014,0.3771179914474487,0.4363323152065277,-0.25,22.28636506562468,0.8535462245051495,0.5781591594542874,0.07936627126281301,2.3254716000695397,-4.916184051793093,31.45770069296259,True,True,True,9.567900845323862
45.501527552,19.55641619948601,1.3648970624424783,-3.0818022172193524,-0.2466276827024579,14.392881307594829,0.3771179914474487,0.4363323152065277,-0.25,22.305278254972286,0.8322082227736184,0.5776475750445663,0.059975925830414216,1.441571497725094,-5.366553235601349,31.43468922237809,True,True,True,9.590912315908362
45.600082432,19.583297886519677,1.366270318459712,-3.0980683983798754,-0.24214800018606922,13.373660185023033,0.3771179914474487,0.4363323152065277,-0.25,22.332967818501466,0.8377674659080274,0.5780892737507348,0.06821094225898826,0.5095879684319192,-5.279315642322729,31.407776106019742,True,True,True,9.61782543226671
45.716157696,19.609772686393207,1.366632552461447,-3.1141951231066423,-0.2475904226248046,11.937719131911376,0.3771179914474487,0.4363323152065277,-0.25,22.364055058317415,0.8627192506846936,0.5775346444125596,0.09607751788116048,-0.4144052957810647,-4.767367853424095,31.381304637830148,True,True,True,9.644296900456304
45.802665984,19.63379395295109,1.3671767817950289,-3.1291310731638386,-0.2483546991377441,11.410893598193642,0.3771179914474487,0.4363323152065277,-0.25,22.38513792819586,0.8474592336168845,0.5772468508205819,0.08294788912483914,-1.270172197076573,-5.096309221001859,31.357278930609322,True,True,True,9.66832260767713
45.899887104,19.65411941630207,1.3663779153508135,3.1404589397630085,-0.2521027126681868,10.854137665519827,0.3771179914474487,0.4363323152065277,-0.25,22.40342720622262,0.8359943972413452,0.5757447278009158,0.07332268903165008,-2.0491251789970124,-5.318506270248444,31.336993313180674,True,True,True,9.688608225105778
45.99968768,19.680325999342767,1.3653289366359544,3.1240246564912173,-0.24872336188781627,10.176972849514293,0.3771179914474487,0.4363323152065277,-0.25,22.42715651382875,0.8222616068428011,0.5737890184280323,0.06197127068797295,-2.990740249793098,-5.582956525038988,31.310838761915893,True,True,True,9.71476277637056
46.104799232,19.701943976439605,1.3641853131325032,3.1099742814374505,-0.245348063482821,8.830161137749093,0.3771179914474487,0.4363323152065277,-0.25,22.453786815330417,0.8471156949519836,0.5718975939037351,0.0893056494898129,-3.795767440949834,-5.041172004430533,31.289273342333935,True,True,True,9.736328195952517
46.202166272,19.729352784859707,1.3625742685206803,3.0933548144319722,-0.24618062921199374,8.182380666326665,0.3771179914474487,0.4363323152065277,-0.25,22.47840930604378,0.8308899229402257,0.5693385305652218,0.07556031856208416,-4.747992758120661,-5.345616850178949,31.261936747107377,True,True,True,9.763664791179075
46.301746176,19.752047724245074,1.361415783629313,3.07982054914224,-0.24555335130046987,7.730258164859674,0.3771179914474487,0.4363323152065277,-0.25,22.49806006619852,0.8142264033966923,0.5673949655254824,0.06089412303576874,-5.523449038032728,-5.668950628624037,31.23929552549976,True,True,True,9.786306012786692
46.406981376,19.774853962237557,1.3598121304850481,3.0660460472232174,-0.2471457982836179,6.623038877138377,0.3771179914474487,0.4363323152065277,-0.25,22.523860961682285,0.8278717983011774,0.5650026456112062,0.07699237015426237,-6.312669862887573,-5.350952165757606,31.21655848523053,True,True,True,9.809043053055923
46.501900544,19.802682897995812,1.3574836954337817,3.0498154552541994,-0.2495071130968609,5.541462582420866,0.3771179914474487,0.4363323152065277,-0.25,22.55308803605937,0.8328203971999751,0.5617120757432564,0.08476970780132366,-7.242614281711232,-5.199320289863734,31.188826853018032,True,True,True,9.83677468526842
46.60120704,19.826507934870545,1.3552104121391384,3.035338607608608,-0.24726087699858437,4.527828333889873,0.3771179914474487,0.43615897962474737,-0.25,22.578585342468056,0.8393907318327647,0.5586152529410718,0.09379703996637197,-8.07207655245751,-5.015148312079021,31.16509480954192,True,True,True,9.860506728744532
46.701483264,19.850154352809714,1.3523271908932046,3.0210824451013085,-0.24570657453611727,3.918757089558512,0.3771179914474487,0.3496669532225883,-0.25,22.600343381931644,0.826532264997779,0.5549101927823707,0.08312338930401453,-8.905913563160592,-5.222895011468574,31.14139756544598,True,True,True,9.88420397284047
46.8043584,19.879152437117735,1.3485124335905743,3.0043207552975524,-0.24519625778882775,3.3015581494085815,0.3771179914474487,0.4363323152065277,-0.25,22.626142886608523,0.8062546808507877,0.5500851430341966,0.06546045644601094,-9.866287646423284,-5.566070154581361,31.112550379071212,True,True,True,9.91305115921524
46.903822336,19.902408967807116,1.3451764309141903,2.9902825282862127,-0.24455224405403309,2.2433636955786236,0.3771179914474487,0.4363323152065277,-0.25,22.651775054361963,0.8150951898745827,0.545939052151635,0.07697064485493689,-10.6706188060196,-3.403282439427666,31.08942452635274,True,True,True,9.936177011933712
47.000023552,19.923484070152295,1.3416803885318414,2.977900226617143,-0.24534289446174504,1.5457027027031927,0.3771179914474487,0.4363062960075984,-0.25,22.6727409970038,0.8110332834243034,0.5417091950959732,0.07568363248213347,-11.380072432315098,-3.415075072847712,31.068484360152645,True,True,True,9.957117178133807
47.102813952,19.949873282907784,1.3372605397419028,2.962434769407057,-0.24903384379003032,0.5612984260663496,0.3771179914474487,0.4301625803038225,-0.25,22.70003656186068,0.8113309445496869,0.5363705252333237,0.07954601983570117,-12.266177858693174,-3.316776222588928,31.042265584108023,True,True,True,9.983335954178429
47.21688832,19.981583992402705,1.3322512635824355,2.9450191485793464,-0.24830211352637818,-0.5799575574266925,0.3771179914474487,0.43632989314081794,-0.25,22.733055084732168,0.8132071150985968,0.5302569597330651,0.08572131597881194,-13.264019429721133,-3.173361810123855,31.010749139810052,True,True,True,10.0148523984764
47.302178048,20.003681559168736,1.3277840643922723,2.931501226820326,-0.24637031816261915,-0.9426433473129423,0.3771179914474487,0.4363323152065277,-0.25,22.751350789113797,0.7889763038569321,0.5250208335072777,0.06408940837786527,-14.038539294301067,-3.5851958848175274,30.988821045781354,True,True,True,10.036780492505098
47.40868864,20.0267517628699,1.3238844721936103,2.9186164513972734,-0.24534545358778095,-1.4811293628695457,0.3771179914474487,0.4363323152065277,-0.25,22.772525786545085,0.7755004726909012,0.5203180034102782,0.05349653439862165,-14.776782546015868,-3.7849531209757163,30.96590108707267,True,True,True,10.059700451213782
47.501286656,20.056475568151598,1.317955837685991,2.902616874140177,-0.24566339204115323,-2.287553669577612,0.3771179914474487,0.4363323152065277,-0.25,22.801188966679405,0.7642877422154819,0.5133550233778457,0.04612598748467587,-15.69349079684098,-3.8952370650928074,30.93640243936439,True,True,True,10.089199098922062
47.600144896,20.080074754618753,1.3121177687828185,2.887777521204155,-0.24804461243923023,-3.511771193996807,0.3771179914474487,0.4363323152065277,-0.25,22.828343601178748,0.7763768360291211,0.5066964266595086,0.06166025618724925,-16.54372309078011,-3.521251834612733,30.91302151251851,True,True,True,10.11258002576794
47.699847936,20.104149658779036,1.3057738070657348,2.8726737442587567,-0.24808103415512747,-4.186603860107641,0.3771179914474487,0.4356040065801529,-0.25,22.8506215830714,0.760895867455588,0.4995156335100179,0.049223592432269495,-17.409105764458438,-3.7118018421801886,30.88918282399882,True,True,True,10.136418714287633
47.804854784,20.12777021532683,1.2992499559208097,2.85807627084081,-0.24954692178768542,-5.306376051446699,0.3771179914474487,0.13539851512126383,-0.25,22.876903628182156,0.7679633305269262,0.49217092655841477,0.05966526062804498,-18.2454793828612,-3.4284032692439395,30.865804487762386,True,True,True,10.159797050524066
47.90435072,20.149148651266607,1.2936561742806596,2.845506014466716,-0.24895280433856634,-6.511176715577231,0.3771179914474487,-0.14421288538053317,-0.25,22.902677036850434,0.7856390192709933,0.4858340171771246,0.08055769551263568,-18.96570202049419,-2.9438252427463505,30.844634426454913,True,True,True,10.180967111831539
48.000517376,20.178091596399295,1.2847047454276355,2.8275822455119437,-0.249163942153584,-7.137500583394414,0.36815531780107646,0.4342762180121725,-0.25,22.928000460592823,0.7574465177726704,0.47587735418709676,0.055916534640856615,-19.99265833457026,-3.344457689005226,30.816021719250465,True,True,True,10.209579819035987
48.099490048,20.194160044356025,1.278385535806555,2.8165628686405144,-0.24535016636742232,-8.003331738115202,0.3700485445027194,-0.28010114391455226,-0.25,22.946203537766433,0.7623849443558914,0.4690008851303016,0.0631915799337762,-20.624022122167233,-3.109990321881468,30.800183739477646,True,True,True,10.225417798808806
48.202413824,20.21973903737925,1.2683514525124724,2.797789573301097,-0.24322445109213822,-9.391854512439611,0.3701572903515636,-0.434135734526909,-0.25,22.974559359082683,0.7673873868053691,0.45807969790388003,0.0718569622971649,-21.699652712668463,-2.797098138058266,30.7749707392357,True,True,True,10.25063079905075
48.301417728,20.238406303295275,1.2613819654388878,2.786296275068721,-0.24245873989269656,-10.969874772663069,0.3289865767557454,0.4320141956325044,-0.25,23.000911183273185,0.8046908355729552,0.4504625967402194,0.1122844069575798,-22.358170194068794,-1.877595359235119,30.7565582343352,True,True,True,10.269043303951253
48.401755136,20.2655439137754,1.2509300255962517,2.7680011662947788,-0.2492428365881666,-11.65647207374474,0.3061619997024536,-0.4337729706227037,-0.25,23.025111277983267,0.7768119365099626,0.43906938057313066,0.08780735003815966,-23.406402712548434,-2.23923057663311,30.72980215886784,True,True,True,10.295799379418611
48.499384064,20.283983328796975,1.243229877938193,2.7548602984015957,-0.250753735044643,-12.478832351778081,0.31444223451465675,0.3675729477031431,-0.25,23.044123309684156,0.7724568053139061,0.43073002105219,0.08597426967195461,-24.15931898196679,-2.169786568018096,30.711642880713843,True,True,True,10.31395865757261
48.599624704,20.309996714062702,1.2321078985718947,2.739038517892947,-0.24955446825065628,-13.717229938616189,0.30837129828104315,0.19546005973254543,-0.25,23.072817252171554,0.7773302889604341,0.41873818221902676,0.09455598861574466,-24.84351327395169,-1.837910228707955,30.687658528581075,True,True,True,10.337943009705377
48.70152704,20.332512021349945,1.2225041988123733,2.7249726682630637,-0.24862946481271728,-15.537944789480884,0.3456778072871926,0.12798023895816146,-0.25,23.102953647112194,0.8167293865780154,0.40844019091452766,0.13755571669570082,-25.649427093009653,-0.8231091969011718,30.665452189702222,True,True,True,10.36014934858423
48.802394368,20.352883523669334,1.2139698313936775,2.713876959810568,-0.25003240098764556,-16.411738894539113,0.37320971991428503,-0.4363323152065277,-0.25,23.124987175452663,0.8197093289723252,0.39927756457334107,0.14356286744028118,-26.2851643580453,1.2610490677372381,30.645355428457734,True,True,True,10.380246109828718
48.907867136,20.380943587166787,1.2012351611877037,2.698016839807332,-0.24606822082015534,-17.333344892375486,0.36088138968799705,-0.4363189953450203,-0.25,23.153135853407328,0.8075982231392997,0.38567799147686443,0.13618875400985156,-27.193882296801725,1.2739371268171549,30.617704197014458,True,True,True,10.407897341271994
49.002052864,20.40208087364587,1.192044736345789,2.685387774511657,-0.24601814661126098,-18.35819422135449,0.32641624875545205,-0.4271980842202439,-0.25,23.176304526065017,0.8129891647495484,0.37583585242115203,0.1452743248024325,-27.917474437439044,1.5751943151588554,30.596862385977946,True,True,True,10.428739152308506
49.100220928,20.426748423291425,1.179787520278502,2.668350374493185,-0.24550495373175826,-19.990418485253212,0.27178321225982477,-0.4363323152065277,-0.25,23.20513041517478,0.832521761560074,0.3628188137205194,0.1692330903940805,-28.89364555237359,2.23124746412301,30.57258721234927,True,True,True,10.453014325937183
49.203996928,20.44525553614728,1.1701753036697806,2.655226529856793,-0.2467853212822009,-21.050586801799657,0.22862581174548077,-0.4363323152065277,-0.25,23.225465461059553,0.8378610346121782,0.352636731967302,0.177807040893199,-29.645586461024266,2.539474872018785,30.55438740065895,True,True,True,10.471214137627502
49.300212736,20.470935004271517,1.1564409742212718,2.6413108819071605,-0.24584619023447787,-22.174983375648665,0.1861410625242356,-0.4363323152065277,-0.25,23.252996722515444,0.8400036251588554,0.33811187977923607,0.18439665850153927,-30.442894357728086,2.866563549163983,30.52914664873951,True,True,True,10.496454889546943
49.400114432,20.490170565388446,1.1464322607158717,2.632657139067496,-0.24804721759362322,-23.759539555071218,0.14198195067177358,-0.4363323152065277,-0.25,23.277742606183494,0.8829135377041362,0.3275108797312961,0.23075853153392026,-30.938717299432405,3.9552967868822386,30.51023104788995,True,True,True,10.515370490396503
49.498741248,20.516596937429327,1.1321387618587406,2.6225548631217004,-0.25219887543145136,-24.551448298163425,0.09973701567883174,-0.4363323152065277,-0.25,23.305129759905196,0.8789892053219579,0.3124039422313314,0.2313384996638299,-31.517535074603035,4.1683877548037955,30.484261109726873,True,True,True,10.541340428559579
49.602909696,20.538359923731694,1.1199446952850132,2.6163692427041347,-0.24866073877104064,-25.50938663922601,0.05720174226515584,-0.4363323152065277,-0.25,23.32940456178131,0.8961818109308812,0.2995401859919534,0.2522485675067413,-31.871945018199497,4.771916152269897,30.46288713939342,True,True,True,10.562714398893032
49.700222464,20.563170285271795,1.1081600344765,2.6118802833608576,-0.24895163131946654,-26.640803540619835,0.01477518146610936,-0.4363323152065277,-0.25,23.357304082818764,0.927007277374229,0.2869910416528696,0.2871993974775924,-32.12914344297509,5.6461346288881105,30.438454553642437,True,True,True,10.587146984644015
49.799766528,20.588264759883227,1.0934895058230631,2.6090909930442194,-0.24760386214860164,-28.196842483420824,-0.02305930496553631,-0.4363323152065277,-0.25,23.38598299501429,0.9804732379005894,0.27154860078912507,0.3446162656233403,-32.28895800595517,7.042359008709081,30.41382757479474,True,True,True,10.61177396349171
49.899080192,20.605685575292554,1.0828458451855743,2.6078931870506707,-0.2442664215927502,-29.15071044775621,-0.06853540224843344,-0.4363323152065277,-0.25,23.404815960840914,1.0130670181684245,0.2603692929038944,0.3798380139306153,-32.357587234060986,7.927597744938632,30.396745555110314,True,True,True,10.628855983176138
49.998923008,20.62904637811703,1.0687745557644954,2.6095629539061456,-0.24391885763535018,-29.908238025846746,-0.11543840367949462,-0.4363323152065277,-0.25,23.42890546858811,1.0406841035348733,0.24557961909504514,0.41100377745474054,-32.26191664047145,8.780795916618686,30.37383281098824,True,True,True,10.651768727298212
50.103967744,20.650159840078384,1.056486140308228,2.613308663909799,-0.24311861575539986,-30.698945442202696,-0.1564149187432293,-0.4363323152065277,-0.25,23.45008080279932,1.0775242608484505,0.2326417219639532,0.450796198400338,-32.047303265982165,9.78611670746392,30.35311098075429,True,True,True,10.67249055753216
50.197995776,20.670726470542224,1.0454496767358752,2.619395207837929,-0.24498067230837844,-31.64465471664747,-0.20276434267825122,-0.4363323152065277,-0.25,23.469457649204553,1.129733658508,0.22097214811114962,0.5054610589341838,-31.69856998707935,11.080559260811508,30.33289685542288,True,True,True,10.692704682863571
50.297750784,20.69489213780521,1.031552330655632,2.628365496113341,-0.24870426884229552,-32.05219007835769,-0.24955485403485192,-0.4363323152065277,-0.25,23.49190586368927,1.1608358068472011,0.20633134922989324,0.5397987171627084,-31.184610327882545,12.002054281718568,30.309174235195385,True,True,True,10.716427303091066
50.39739648,20.711782485978055,1.021086624104749,2.6376664332124804,-0.24931195012331048,-32.41029245060717,-0.29334621058510907,-0.4363323152065277,-0.25,23.50644760598058,1.1938490825304027,0.19534637642588099,0.5747367925932815,-30.651705886585216,12.893061095265326,30.2926169030581,True,True,True,10.732984635228352
50.501247488,20.738685629158397,1.0063138335069493,2.6520173600099586,-0.24768571460943795,-32.856901052801376,-0.3383541667733039,-0.4363323152065277,-0.25,23.52883984359478,1.2409187346980468,0.17974557824403384,0.6248204614575744,-29.82945834898852,14.161917235056281,30.266185301685546,True,True,True,10.759416236600906
50.597142528,20.759055845070346,0.9965059359572681,2.6636261342575978,-0.24684837515972172,-32.878649717995565,-0.3737326301381072,-0.4363323152065277,-0.25,23.546197099683475,1.2645425506828618,0.16931007544212595,0.6509516666515798,-29.164324579278638,14.848799669960284,30.246129359126897,True,True,True,10.779472179159555
50.698172928,20.786554380013513,0.9832889704805616,2.681874791951274,-0.24678048706472064,-32.81153412101416,-0.3771179914474487,-0.4363323152065277,-0.25,23.568712122094663,1.2988809510154158,0.1553761706092744,0.6884933899191136,-27.50145106122927,15.827255140605496,30.220727687974293,True,True,True,10.804873850312159
50.803434752,20.807019333558266,0.9730689661851136,2.6962554732713864,-0.24546281488412697,-32.609786148802264,-0.3771179914474487,-0.4363323152065277,-0.25,23.585585920152,1.3188546279249391,0.1447434086690745,0.7109444170329062,-26.67749871506421,16.449459514558654,30.200474115822423,True,True,True,10.825127422464028
50.899372288,20.823078775385284,0.963479858371224,2.708730900407195,-0.246244633866139,-32.152803453555336,-0.3771179914474487,-0.4363323152065277,-0.25,23.60006135127137,1.3217643448133085,0.13483072042583394,0.7161685798000927,-25.96270939255939,16.707266141816564,30.184612360804326,True,True,True,10.840989177482125
50.997253376,20.849221659684,0.9514190408995089,2.727322754388574,-0.24573170321646015,-31.893031227044844,-0.3771179914474487,-0.4363323152065277,-0.25,23.620893249402567,1.3487055857848977,0.12224242272529917,0.7461379263917428,-24.89747462610289,17.51272868176261,30.15871934092358,True,True,True,10.866882197362873
51.097862144,20.868100665792895,0.9421004053796512,2.74110394971866,-0.24606516608265014,-31.297348654768328,-0.3771179914474487,-0.4363323152065277,-0.25,23.638411737508488,1.3487655820668134,0.11254299406150514,0.7490449587521413,-24.107870297043554,17.706650438545367,30.14003311810548,True,True,True,10.88556842018097
51.201453568,20.89304953037502,0.9307738666349974,2.7592457818994998,-0.24895200887502994,-30.357657724275413,-0.3771179914474487,-0.4363323152065277,-0.25,23.662648345750494,1.3422619003258665,0.1007130289145333,0.7465677291868045,-23.068419880446818,17.806409924649213,30.115318987562556,True,True,True,10.910282550723895
51.299090944,20.914228629935817,0.9224534173741773,2.7749520448856995,-0.25039329402169336,-29.77968804000636,-0.3771179914474487,-0.4363323152065277,-0.25,23.681471673935413,1.349496665108945,0.09196495477212203,0.7567668906289726,-22.168517299415036,20.00558664365575,30.09431290908734,True,True,True,10.931288629199113
51.399151616,20.941837349387395,0.9120237553179289,2.793968102739502,-0.25180520338817836,-29.22217622736,-0.3771179914474487,-0.4363323152065277,-0.25,23.704995780714523,1.3647438491792585,0.08097776244736933,0.7759395024586125,-21.07897744141556,20.53761468900893,30.06692128910636,True,True,True,10.958680249180091
51.499912192,20.964112699038907,0.9041694688636295,2.809755354531662,-0.24966954897936877,-28.622151667043692,-0.3771179914474487,-0.4363323152065277,-0.25,23.724825977167324,1.3715688654886589,0.07267353255445258,0.7864879417206805,-20.174434543614446,20.842133026493652,30.04480973593412,True,True,True,10.980791802352332
51.598991872,20.985250273532948,0.8985380204122039,2.8252284986824563,-0.24390779213701533,-27.2255355238946,-0.3771179914474487,-0.4363323152065277,-0.25,23.750015079412428,1.3413422301598097,0.06661474843795512,0.7617470982857455,-19.287888687976384,20.332062738982664,30.023790663590606,True,True,True,11.001810874695845
51.699717632,21.012489929355056,0.8898637029754445,2.8452487214205693,-0.24235810536633096,-26.42027934725754,-0.3771179914474487,-0.4363323152065277,-0.25,23.774563846156923,1.3491541101502382,0.05739002154380624,0.7741913539579998,-18.140814420170667,20.673880830151294,29.996732447721318,True,True,True,11.028869090565134
51.801189888,21.030983736571635,0.884785132320815,2.8577855518279893,-0.24389830182378305,-25.538233286743164,-0.3771179914474487,-0.4363323152065277,-0.25,23.79435892260744,1.336180282052819,0.05193759505811709,0.7653220767601394,-17.422506949354222,20.510142240453394,29.978345391657985,True,True,True,11.047256146628467
51.899776256,21.060305208487556,0.8769263098615014,2.8787838390552825,-0.2476049345609797,-24.183732979637718,-0.3771179914474487,-0.4363323152065277,-0.25,23.82486342480575,1.3210184946470216,0.04348599378067751,0.7563929163807038,-16.21939371422686,20.358755168475298,29.94918925608397,True,True,True,11.076412282202483
52.005099264,21.084681088431662,0.870954901278666,2.8969247126679543,-0.24807744155749,-23.473170074304125,-0.3771179914474487,-0.4363323152065277,-0.25,23.84664504968399,1.3309060690599344,0.03702167369443045,0.7703340730520393,-15.179998219540524,20.687587757828002,29.924939435273597,True,True,True,11.100662103012855
52.101365504,21.105217172949388,0.8680232713092135,2.912896741309744,-0.24859042911707332,-22.948221604702997,-0.3771179914474487,-0.4363323152065277,-0.25,23.863984870852214,1.3467724634839318,0.03367434644924607,0.7892742675917713,-14.264868388103892,21.077769119663582,29.904466999612186,True,True,True,11.121134538674266
52.19893632,21.13347749472105,0.8617114940233515,2.9333529547756516,-0.25000818308872996,-22.351874220432066,-0.3771179914474487,-0.4363323152065277,-0.25,23.88729554310094,1.3681561172717087,0.026790983674605903,0.814789133847065,-13.092813691688715,21.65347643180781,29.876340435014693,True,True,True,11.149261103271758
52.30729856,21.156070591496707,0.8579903229766377,2.949365552229745,-0.2520953757069643,-20.863193184136232,-0.3771179914474487,-0.4363323152065277,-0.25,23.914800842785404,1.3369552492756305,0.022612578624851942,0.7895439085639714,-12.175359438527247,21.08224964867339,29.853827415068153,True,True,True,11.171774123218299
52.400105984,21.18247066995828,0.8536585236507793,2.96708468557218,-0.24801593449477055,-20.221007615670572,-0.3771179914474487,-0.4363323152065277,-0.25,23.938023986510203,1.3505749347701077,0.017746497088875945,0.807426485892262,-11.160127881376166,21.45529563735887,29.827520574158193,True,True,True,11.198080964128259
52.49949568,21.20328098794752,0.8507935165182354,2.982651567929741,-0.24210458648557123,-19.38861444622528,-0.3771179914474487,-0.4363323152065277,-0.25,23.958316580636335,1.3505723506216618,0.014460219833575861,0.8113768852507924,-10.26821122211126,21.514819127178505,29.806772610824794,True,True,True,11.218828927461658
52.600257024,21.231430474338374,0.8469661146321372,3.0018356435081968,-0.24362151969544035,-18.289702426211075,-0.3771179914474487,-0.4363323152065277,-0.25,23.98646384666283,1.346757188360486,0.01006296875611045,0.8131178073242399,-9.169044657605761,21.51507367166976,29.778706496518954,True,True,True,11.246895041767498
52.70317696,21.25588716711126,0.8438066694904941,3.0172930187053693,-0.245324464899163,-17.493294413611316,-0.3771179914474487,-0.4363323152065277,-0.25,24.01013880724385,1.3478879157464205,0.007295631168411986,0.8188386824821194,-4.583975798878227,21.604308020218166,29.75476144534342,True,True,True,11.270840092943033
52.806441216,21.279589915577453,0.8419455735652427,3.0340590335762094,-0.246507334653694,-16.899883474072887,-0.3771179914474487,-0.4363323152065277,-0.25,24.030554334531395,1.3636684556102947,0.006485910814302396,0.8382938050786425,-3.623353907525509,21.971518972032424,29.730999536416682,True,True,True,11.29460200186977
52.905258752,21.30811981058308,0.8390154743678687,3.0518652048701638,-0.24800087312019342,-16.22214362913859,-0.3771179914474487,-0.4363323152065277,-0.25,24.055916567884665,1.37717249658619,0.0048219802071244435,0.8564796412041987,-2.603135443094925,22.313997591528707,29.702367880417192,True,True,True,11.32323365786926
53.013920256,21.332424006090097,0.8372353542616136,3.0687500950801567,-0.24810594801702426,-14.531985736839207,-0.3771179914474487,-0.4363323152065277,-0.25,24.08679025856698,1.3406899671279926,0.0041197881323942215,0.826710084110293,-1.6357024965205667,21.591272645803713,29.678008699948094,True,True,True,11.347592838338358
53.118163456,21.35160555421533,0.8370544376644925,3.0844602884829797,-0.2478699753977017,-13.884971059595964,-0.3771179914474487,-0.4363323152065277,-0.25,24.103720847503983,1.3526719436189687,0.004788401830234548,0.8417605550029148,-0.7355747192045405,21.844385745876483,29.658837954656928,True,True,True,11.366763583629524
53.20318464,21.37920522358463,0.8356379925065182,3.1023740530097648,-0.2481425323818108,-13.134485650730069,-0.3771179914474487,-0.4363323152065277,-0.25,24.12880575450263,1.364501793853768,0.004595450535868407,0.8582502495394874,0.2908083833714117,22.120283439586522,29.631202636023367,True,True,True,11.394398902263084
53.30091904,21.401773260250636,0.8347604345249039,3.1161942129272298,-0.24931115717179186,-11.702586483303966,-0.3771179914474487,-0.4363323152065277,-0.25,24.157110141758277,1.3328755511432808,0.004718058768254562,0.8327434579533467,1.0826452188380238,21.48022110762704,29.608617876689017,True,True,True,11.416983661597435
53.444462848,21.441942877177212,0.833955289028071,-3.140935461040953,-0.24678942097907638,-10.878971044793778,-0.3771179914474487,-0.4363323152065277,-0.25,24.191273522506997,1.3642203196028833,0.0056924008343165675,0.8701978328746334,2.575523034392406,24.13681625085921,29.568452007585545,True,True,True,11.457149530700907
53.501576448,21.457246227981923,0.8339871900180897,-3.1314236746355992,-0.2468872812530709,-10.585642729877808,-0.3771179914474487,-0.4363323152065277,-0.25,24.20422130901,1.3763227911091498,0.006401898038974408,0.8847647271745257,3.1205082510490514,24.38847315259986,29.55316507927271,True,True,True,11.472436459013743
53.601078272,21.47927139904701,0.8340498978205849,-3.1174709083514416,-0.24714762994889214,-9.34397595462343,-0.3771179914474487,-0.4363323152065277,-0.25,24.230350582019405,1.3551672828845847,0.0074398119021658795,0.8700825992114988,3.919942871663717,23.94624099796013,29.53116428775223,True,True,True,11.494437250534222
53.706288896,21.50901628433392,0.8346953939550411,-3.098241781484142,-0.24516966708366913,-7.770449994662458,-0.3771179914474487,-0.4363323152065277,-0.25,24.264293080895317,1.333142757605774,0.009401768972557244,0.8564042035697206,5.02169068488152,23.47446285121709,29.501477159389168,True,True,True,11.524124378897284
53.802499584,21.528787328833168,0.836430275917358,-3.084795360731803,-0.2471450549859791,-6.107724065080351,-0.3771179914474487,-0.4363323152065277,-0.25,24.29149231961069,1.2919092918258468,0.012010404876426498,0.8224837928683054,5.79211384354771,22.58216008030113,29.481802326868014,True,True,True,11.543799211418438
53.90123264,21.556380886885727,0.8388205560243648,-3.0644755015876766,-0.24830382487693686,-5.545748197647447,-0.3771179914474487,-0.4363323152065277,-0.25,24.314145557162433,1.323314130154728,0.01562017450431032,0.8582370100584714,6.956356012806509,23.18442638212693,29.45434167414046,True,True,True,11.571259864145993
54.008086784,21.57903797342632,0.8407316573528566,-3.0495638008506964,-0.24805553728161697,-4.59875400358495,-0.3771179914474487,-0.4363323152065277,-0.25,24.337582207759354,1.320766767764567,0.01853264995702274,0.8611169769295163,7.810733530397538,23.09180970565551,29.431791433220834,True,True,True,11.593810105065618
54.100701952,21.600008506173022,0.8443032537537541,-3.0332461870942447,-0.24716314278323603,-3.543751244440348,-0.3771179914474487,-0.4363323152065277,-0.25,24.359552671732168,1.318556348976629,0.023029311759885845,0.8639896498501577,8.74566393036689,22.971737346480232,29.41099961807251,True,True,True,11.614601920213943
54.199801344,21.62750771944714,0.8474589373132189,-3.014692450640341,-0.24714800279662108,-2.844898544781335,-0.3771179914474487,-0.4363323152065277,-0.25,24.38398158758483,1.3392432541372064,0.02739955655576143,0.8897150634166703,9.808714723373555,23.33593543982797,29.383667109408886,True,True,True,11.641934428877565
54.300835328,21.64878726692573,0.8504657478552284,-3.0003440702363644,-0.24572519098084422,-2.2809790468367597,-0.3771179914474487,-0.4363323152065277,-0.25,24.403017113941893,1.3546660550797833,0.03134566953045547,0.9090824445909195,10.63081636336964,23.594117581879452,29.362541574080286,True,True,True,11.663059964206166
54.402023936,21.675471343359217,0.8545678674446502,-2.98230308272608,-0.24822586195999094,-1.7345349397316256,-0.3771179914474487,-0.4363323152065277,-0.25,24.42531407090575,1.3821709130759674,0.036625328067190266,0.94095755806304,11.66448880595716,24.08134591736187,29.33606531063603,True,True,True,11.689536227650422
54.500446464,21.699866830229986,0.8585996673392188,-2.966048888801706,-0.24606949138489936,-0.34729515908531794,-0.3771179914474487,-0.4363323152065277,-0.25,24.453820957725522,1.36430379392936,0.04173339786287873,0.9300832989758927,12.595785517210942,23.625402847969355,29.31187227831236,True,True,True,11.713729259974091
54.602077696,21.721054141230056,0.8625491885658557,-2.951708949814171,-0.24786518335484226,0.34623060104020814,-0.3771179914474487,-0.4363323152065277,-0.25,24.473870819640055,1.374408871553044,0.04687231156794345,0.9445058575518779,14.758541383153336,23.753495070304712,29.291974849235945,True,True,True,11.733626689050507
54.707503104,21.749173067402964,0.8681594477907956,-2.932950166149042,-0.24714921630571365,1.237102534007038,-0.3771179914474487,-0.4363323152065277,-0.25,24.500332426006445,1.3888533920310548,0.05437195619641,0.9646191837969152,15.833340515964194,23.93742227014865,29.26429987230488,True,True,True,11.761301665981573
54.801370624,21.76928262826713,0.872586629781089,-2.9197462289377887,-0.24543760170422335,2.4813746963454197,-0.3771179914474487,-0.4363323152065277,-0.25,24.524774766818165,1.369842172116673,0.060149402462849694,0.9517016074256729,16.58987039112465,23.449679982970824,29.24453587743635,True,True,True,11.781065660850103
54.900211712,21.796509662421652,0.8788255089009864,-2.901900089749088,-0.24606431175747545,3.026172951073968,-0.3771179914474487,-0.4363323152065277,-0.25,24.54776014868002,1.3990377366149152,0.06821589064752645,0.9853800595292882,17.61237884724029,23.927390184357872,29.21779327528378,True,True,True,11.807808263002673
55.002153728,21.81929013600827,0.884009038145955,-2.887364808740326,-0.24210673498364532,3.6173830224279624,-0.3771179914474487,-0.4363323152065277,-0.25,24.568322580576204,1.4158178559675956,0.07492863800198603,1.006417982013248,18.445189103078985,24.168990368842564,29.195415653086165,True,True,True,11.830185885200287
55.108704256,21.84794003455572,0.8916337953095707,-2.8686357756217067,-0.24281727653459964,4.448157182583144,-0.3771179914474487,-0.4363323152065277,-0.25,24.594698727039923,1.4350642740853463,0.08447408575998305,1.0311864036325886,19.51828365513662,24.411310760745014,29.167347200409136,True,True,True,11.858254337877316
55.200764928,21.86467766353948,0.8969810143176565,-2.856259895448805,-0.249111855435906,6.047371474924448,-0.3771179914474487,-0.4363323152065277,-0.25,24.61954710723208,1.3976748810754205,0.09094135108072894,1.0004705644131568,20.227369356803546,23.521182170070624,29.151009653029263,True,True,True,11.874591885257189
55.30020992,21.892516170695036,0.9059233687926782,-2.8356354494127465,-0.2532753978202753,6.892254951802157,-0.3771179914474487,-0.4363323152065277,-0.25,24.644394729997323,1.422802846865054,0.10174648730138773,1.0306150990077902,21.40906306946497,23.85799240585439,29.123839868056617,True,True,True,11.901761670229835
55.399692032,21.915574929841377,0.9134175004959255,-2.8194346554930365,-0.25112072612462705,7.648115965247225,-0.3771179914474487,-0.4363323152065277,-0.25,24.66588598982095,1.438573737585463,0.110783369774126,1.0508829563810749,22.337300185825555,24.030368508769985,29.10134090944675,True,True,True,11.9242606288397
55.503356672,21.93629958900499,0.9213916248511128,-2.8037127814674,-0.2464354099220844,9.30308199106154,-0.3771179914474487,-0.4363323152065277,-0.25,24.69328468766352,1.410301806556091,0.12014124406602482,1.0296261937561333,23.238097213530903,23.27619951066094,29.08120317508022,True,True,True,11.944398363206233
55.602417664,21.96123958121243,0.9303893517529992,-2.7870226463233787,-0.24174428216565894,10.151231134611763,-0.3771179914474487,-0.4363323152065277,-0.25,24.71729712921754,1.4245014767651876,0.13080554210926357,1.049065646243562,24.194371516786273,25.605467367335034,29.056929010873123,True,True,True,11.968672527413329
55.70165632,21.981422329514512,0.9385573346307049,-2.7726350549304857,-0.24274491373129725,11.283059892824012,-0.3771179914474487,-0.4363323152065277,-0.25,24.74009185384238,1.4178719030976408,0.1403201706961608,1.0484587154348468,25.01871978095779,25.297986873294395,29.037345060399097,True,True,True,11.988256477887354
55.80052736,22.006907633108206,0.9485941895732529,-2.7543753402158364,-0.24785994294969066,12.928409282390522,-0.3771179914474487,-0.4363323152065277,-0.25,24.77043845352594,1.3990355338138516,0.15205810644391257,1.0383818252014465,26.064924369220098,24.698842071990192,29.01259713077292,True,True,True,12.013004407513531
55.901433344,22.025578733286956,0.9571068805824757,-2.7399620076780224,-0.25182816213668574,14.054547271574664,-0.3771179914474487,-0.4363323152065277,-0.25,24.791432562278686,1.3930571032590777,0.1618143908945561,1.0382089086481323,26.890747492355498,24.398527205941384,28.994544684849405,True,True,True,12.031056853437047
56.000931584,22.050743681432298,0.9686577879748856,-2.7202569106873145,-0.24895696321532498,14.958364178997344,-0.3771179914474487,-0.4363323152065277,-0.25,24.814862640706934,1.4154758482393444,0.17504123863979246,1.0660567119494777,28.019766384818954,24.62372919098214,28.970218802019172,True,True,True,12.05538273626728
56.101054976,22.069790271045978,0.9773777303448543,-2.7059987457425696,-0.247904913889033,15.953374627130142,-0.3771179914474487,-0.4363323152065277,-0.25,24.835284607445004,1.415602644452779,0.18502970142473776,1.0716163116317228,28.836699059754263,24.44565141778462,28.951805747355667,True,True,True,12.073795790930784
56.199683584,22.09537841041497,0.9895575151629081,-2.687477929261915,-0.24678907231972574,17.682121829860492,-0.3771179914474487,-0.4363323152065277,-0.25,24.865790898504564,1.3955312160811018,0.19891261469305288,1.060391737348063,29.897863677232095,23.778068832532163,28.9271001861646,True,True,True,12.09850135212185
56.300824064,22.11670476870708,1.0000605578622601,-2.6716080528197774,-0.2453466000556009,18.64470049134747,-0.3771179914474487,-0.4363323152065277,-0.25,24.88749373141017,1.4034567950320378,0.21083431869703553,1.0738096442328722,30.807140618760634,23.72476711257372,28.90653321172524,True,True,True,12.119068326561212
56.40250112,22.136471378424773,1.0101185520670346,-2.6569288857569475,-0.24534400812319715,19.798231047135417,-0.3771179914474487,-0.4363323152065277,-0.25,24.909419142015683,1.3983977047345006,0.2222064771835493,1.0747708436088397,31.64819493822826,23.412290876253365,28.887492305273277,True,True,True,12.138109233013175
56.499862272,22.160236588346894,1.0228508644044356,-2.639332887682708,-0.24498384121267025,21.501751232121972,-0.3771179914474487,-0.4363323152065277,-0.25,24.937692204722758,1.3774496504460314,0.2365173315193928,1.0621066859491757,32.65637136420255,22.716947117241123,28.864642875777598,True,True,True,12.160958662508854
56.600081408,22.17778906696761,1.0330906923535614,-2.6250689193642045,-0.24767950957983823,22.011695618969455,-0.3771179914474487,-0.4363323152065277,-0.25,24.953302756271288,1.4025819107713615,0.24792112182260528,1.0904880952295892,33.47363654796106,23.024267914152173,28.84782332914641,True,True,True,12.17777820914004
56.702690048,22.202925990947463,1.0475778854612163,-2.605788647386692,-0.24606869142492319,23.17076405189797,-0.3771179914474487,-0.4363323152065277,-0.25,24.978789183363265,1.4144341747505667,0.26432862258336676,1.1086983356965199,36.299896614360804,22.969877693399436,28.83166319565527,True,True,True,12.193938342631181
56.800281344,22.219340274328033,1.0579893304028452,-2.5919148024444993,-0.24641220045786508,25.084881970000342,-0.3771179914474487,-0.4363323152065277,-0.25,25.001839537790552,1.370555881445239,0.276292288563845,1.0725410843798653,37.09480937516738,21.850672536103637,28.816343352934872,True,True,True,12.20925818535158
56.899139072,22.242034926940747,1.0726592687933063,-2.5731435253223895,-0.24858739450988787,25.96017442684546,-0.3771179914474487,-0.4363323152065277,-0.25,25.023424926061956,1.3949474516181082,0.29310704047049896,1.101799349327102,38.17032433033472,22.05089503442592,28.795188720631064,True,True,True,12.230412817655388
56.99869184,22.263863623111845,1.0866720426373533,-2.5563306058053628,-0.24868143244714244,26.82804018715785,-0.3771179914474487,-0.4363323152065277,-0.25,25.0447128943198,1.4135930282320077,0.3091832534815405,1.1254398419746345,39.13363365995354,22.1463386037323,28.774831776298523,True,True,True,12.250769761987929
57.09977728,22.278812326340905,1.0963031120834537,-2.5451040064380432,-0.24868615290779678,28.14409194055656,-0.3771179914474487,-0.4363323152065277,-0.25,25.06330875980549,1.3905472488525636,0.32022723862839,1.1081771108026224,39.776870421985166,21.47352361236522,28.760894358353212,True,True,True,12.26470717993324
57.200901376,22.303829286976924,1.1136090679455115,-2.5249159722554757,-0.24030753100822447,30.186451240373213,-0.3771179914474487,-0.4363323152065277,-0.25,25.092541259274107,1.3647774090364126,0.33989206599449256,1.091120668341008,40.933559577312096,20.5878534678756,28.73768576097153,True,True,True,12.287915777314922
57.312185856,22.31858207134599,1.1250919698748783,-2.511365353242081,-0.24526667241884334,31.16894282926712,-0.3771179914474487,-0.4363323152065277,-0.25,25.10817947617676,1.366227448312725,0.35275992338004436,1.0966820659255045,41.709952856569394,20.381755158238853,28.724124052758153,True,True,True,12.301477485528299
57.398188544,22.34211484876346,1.1425990565354451,-2.490952609678677,-0.2503884081682173,32.00991607956631,-0.3771179914474487,-0.4352895594351262,-0.25,25.130283476293695,1.3997287989927838,0.37248007535456706,1.1348593621212357,42.87951691103523,20.71034596240562,28.702412182676962,True,True,True,12.32318935560949
57.497209856,22.358997598608628,1.1552620350847953,-2.4767271971991947,-0.2513903861660233,33.12775339364455,-0.3771179914474487,-0.22234938555596137,-0.25,25.148486097980346,1.3976540973989644,0.3867302461210551,1.1377060261203642,43.69457300794235,20.40756474523443,28.686845843955165,True,True,True,12.338755694331287
57.599463936,22.38167527906782,1.1730327549297557,-2.457938286468825,-0.251207590911387,35.185687685989365,-0.3771179914474487,-0.4010206585401386,-0.25,25.174906262082065,1.367610953937976,0.4066293212195451,1.1157817423203997,44.77109829444051,19.42615573938782,28.66601071772464,True,True,True,12.359590820561813
57.699539712,22.397892305292263,1.1868789861598192,-2.4431565799378223,-0.24532941372450104,36.43001436079389,-0.3771179914474487,0.018057631033293057,-0.25,25.192405664519267,1.3620791148749922,0.42199212624359755,1.1151088259209836,45.61802769266799,19.028758462810718,28.65122240204524,True,True,True,12.374379136241213
57.796690432,22.41825472418523,1.204662009040508,-2.4244522422761836,-0.24354272422658127,37.78861032531925,-0.3751470148563385,0.12069582908492578,-0.25,25.213610379956208,1.3658660963001135,0.4416774920470417,1.1244490013816426,46.68970729926748,21.063999476081683,28.63269268593483,True,True,True,12.39290885235162
57.898381568,22.43546840416374,1.219819481184883,-2.4089407641249285,-0.24426023455779863,39.63013519170819,-0.3672186369076371,0.038630169296670694,-0.25,25.233118139357753,1.3345189108646636,0.4584425451927614,1.1000093138582716,47.578449531343814,20.111216841769007,28.617040442222468,True,True,True,12.408561096063984
57.997381376,22.451125279606828,1.2348103271006086,-2.393471028411913,-0.2479016313748017,40.86325063845755,-0.3593789935111999,0.4363323152065277,-0.25,25.249417955790783,1.3325758548455426,0.4748898341045778,1.1031064399131183,48.464800097882396,19.764451961558226,28.60292130990633,True,True,True,12.422680228380123
58.095046912,22.4711986878107,1.2536392467544584,-2.3744589247690797,-0.24894864694586044,41.86499534990343,-0.35100305863381587,0.4363323152065277,-0.25,25.269338674870824,1.3556814577024399,0.4955878985310224,1.1311880429588022,49.55411339628203,19.852020548512034,28.58478129719274,True,True,True,12.44082024109371
58.194121216,22.486559673094888,1.2682248689080742,-2.3602085042180043,-0.2508023018189582,42.94273912232337,-0.3034570696647616,0.4360683948130232,-0.25,25.285135857656925,1.3575072255200231,0.5116030212138537,1.1377463049232825,50.37060235014514,19.590765729955212,28.57091709552214,True,True,True,12.45468444276431
58.294864384,22.50678041512854,1.2884838779453587,-2.3408613184002203,-0.2460748177962616,45.320145181404364,-0.2597174260141755,0.34283554519492637,-0.25,25.306647449202455,1.315771082018672,0.5337387271140757,1.1045629143446427,51.47911444295953,18.321871763688605,28.552770019177366,True,True,True,12.472831519109086
58.399438336,22.520333314925217,1.3028707116919904,-2.328302027679666,-0.24667870094923555,46.429820590914126,-0.21333532740183386,0.4363323152065277,-0.25,25.320321235406993,1.311095379232153,0.5493795536218832,1.104281845916705,52.19870879492513,17.931790706144366,28.54068587153243,True,True,True,12.484915666754024
58.496421376,22.538944917486166,1.3231434977726892,-2.312689354972005,-0.24786761674211574,47.629110525955646,-0.179539011194249,0.4363323152065277,-0.25,25.338936977331727,1.3164753044778557,0.5713719298569659,1.115084727362532,53.0932490479932,17.627041024170946,28.52414159781325,True,True,True,12.5014599404732
58.594426368,22.552830294479882,1.3386458464353395,-2.3032539112386305,-0.24723239850307774,49.20922001176129,-0.1405751482540588,0.4363323152065277,-0.25,25.35224057705199,1.2811822072401529,0.588155393743458,1.085533040043954,53.63386015174866,16.587542642120848,28.511835426666757,True,True,True,12.513766111619695
58.694290432,22.57067228496141,1.3588993147152162,-2.292361747538909,-0.24786822573767242,50.10865181139317,-0.09732700354520941,0.4363323152065277,-0.25,25.36977407685461,1.2879827537419986,0.610053435548826,1.0973586335204766,54.25793516150835,16.312185852248575,28.4960552059206,True,True,True,12.52954633236585
58.799501312,22.587315345429225,1.3780207387291767,-2.2848482514058053,-0.24858990590659466,50.63048511196543,-0.050118342253466584,0.4363323152065277,-0.25,25.386300524279758,1.3026419049954323,0.6307078296960248,1.1163609246848247,54.68842677932306,16.220844169491034,28.481357712240754,True,True,True,12.544243826045697
58.893863424,22.598690573395245,1.3920787370460304,-2.2804638891355653,-0.24690024438770988,50.83951748616257,-0.013198906246200206,0.4363323152065277,-0.25,25.397730477295823,1.3187601420496682,0.6458088647142568,1.1351978562089142,54.939632233264135,16.263017249235034,28.47140874901167,True,True,True,12.554192789274783
58.999500032,22.616645603324834,1.413171697798985,-2.2764704075537554,-0.24642640766766777,50.544556340581785,0.03320498266423395,0.4363323152065277,-0.25,25.416238788106767,1.3654433024505075,0.6685534234620416,1.1853020233401927,55.16844187346509,16.786788035016784,28.455597957112886,True,True,True,12.570003581173566
59.094628608,22.629621247391455,1.429481671528888,-2.2751053168213726,-0.24701120442515243,50.49197465021951,0.07317303435314935,0.43622795853049307,-0.25,25.429316092470064,1.388144346503346,0.6860518734598126,1.21091050790969,55.24665581108307,16.917583662997007,28.444275994840854,True,True,True,12.581325543445598
59.19590656,22.648548485150528,1.45185268229233,-2.2758728169363374,-0.2500291273897272,50.213814869464755,0.11851728591368364,0.40314813472665123,-0.25,25.44838890207575,1.4219588743717406,0.7101632621115498,1.2489317896811938,55.20268129371981,17.151768926388478,28.427622364934695,True,True,True,12.597979173351757
59.299866624,22.66312263425213,1.4686243597792212,-2.2783176846555104,-0.24671794659043278,49.7264315505856,0.1668009096789859,0.18315294465961143,-0.25,25.463092816959445,1.4557024423531884,0.7282772149706958,1.285552594926854,55.062600691943395,17.499071643491245,28.414754587365252,True,True,True,12.6108469509212
59.394316288,22.679247232308906,1.4872000579347548,-2.283305452505405,-0.24763133102829601,49.42342985308964,0.20208452279494618,0.09297174865255761,-0.25,25.479221172955068,1.4751198384660544,0.7483378899730931,1.3089648236853253,54.77682264495344,17.516295293997203,28.400519822073672,True,True,True,12.62508171621278
59.506250752,22.699387923935873,1.5101141442186532,-2.2912526422336534,-0.24138627128788692,49.13697791195337,0.22009531721440678,-0.025746541762955478,-0.25,25.499314092192428,1.4897806174178447,0.7731081864683019,1.3290567546330323,54.32148221453507,17.347406804715103,28.382711531280396,True,True,True,12.642890007006056
59.602490112,22.71530451997307,1.526930513391236,-2.296661180429394,-0.24343101450014232,48.845741496759146,0.2194380015134811,-0.08872528821317174,-0.25,25.515223921258563,1.5056856009393258,0.7913987823201868,1.349057358556843,55.92052022350384,17.328756807958094,28.369861853174484,True,True,True,12.655739685111968
59.7052288,22.736857828382213,1.5508952204389082,-2.3077797457182134,-0.2453421563437375,48.30308795171693,0.21197436454230523,-0.03691188009675831,-0.25,25.536738429508116,1.5250375438445174,0.8176074681798556,1.3740505079964498,55.283473358213804,17.234363487710297,28.369861853174484,True,True,True,12.655739685111968
59.794141184,22.748339032920967,1.5637966376247503,-2.314302737747998,-0.24935816750124898,48.212746435712,0.2062979936599731,-0.12204066867223577,-0.25,25.548057486611896,1.5240904660331107,0.8318706360020057,1.3766018977112233,54.90973344510976,16.95096509061114,28.366941837342253,True,True,True,12.658659700944199
59.894563072,22.76734666180771,1.5846426571704617,-2.324631927708594,-0.24715404663456877,48.11752781907595,0.19888090602282205,-0.06445628674416856,-0.25,25.56661581407341,1.5206722485920998,0.8550219851460897,1.37900858031744,54.31791445457864,16.454364716716064,28.35082161651234,True,True,True,12.67477992177411
59.995962624,22.784494474739176,1.6029150110081936,-2.332186745250793,-0.2493088111195278,47.97861966137814,0.1882811778475864,0.00886245339943328,-0.25,25.58339859394856,1.524584100935847,0.8753786816233884,1.3878541649999931,53.88505529441929,16.16041371425451,28.33620890589333,True,True,True,12.689392632393123
60.095979008,22.798077256891066,1.6179039452300055,-2.3390059584578977,-0.24700706974327422,47.88315710312492,0.1885589957237243,-0.011086299226370692,-0.25,25.596540571401047,1.5251511698439375,0.8920142030699914,1.3924036650718945,53.494343158052274,15.865164136140761,28.32470153667656,True,True,True,12.700900001609892
60.20527232,22.81795269608946,1.6384344117340992,-2.3491733112490336,-0.24606626333214307,47.8370971677126,0.1879020035266876,0.05198048289180105,-0.25,25.61542486107492,1.5194827991701771,0.914966120439347,1.39276692011052,52.91179675429963,15.328677667800404,28.30767970871141,True,True,True,12.71792182957504
60.294400512,22.832687956288428,1.6541277482963668,-2.3561717453431537,-0.24892969410797558,47.910102094555114,0.1919407425784069,0.0907067483001061,-0.25,25.629080368672792,1.5120380725308482,0.9324506209700689,1.3898432672462384,52.51081601750609,14.854692004164411,28.295121804954054,True,True,True,12.730479733332398
60.395850496,22.851993764550134,1.6741082487068697,-2.3648569664998123,-0.25111327176929304,48.03858549064838,0.19846303839554635,0.17153063854059844,-0.25,25.64666653461716,1.5014695848859243,0.9547828436850203,1.3851439806645942,52.013189501091894,14.22858209165684,28.278592846792645,True,True,True,12.747008691493807
60.496052992,22.870627272527308,1.6922168357272953,-2.373240036143075,-0.25219717258943036,48.22365804151307,0.20859567674496227,0.20575767716917537,-0.25,25.663106749722104,1.4871354629849594,0.9751713446186054,1.3765089737733536,51.53287499116864,13.563195030868945,28.262485780855826,True,True,True,12.763115757430626
60.595831552,22.887750836235966,1.707492386627349,-2.382437747697485,-0.24879668428182602,48.094871893845976,0.22922920360481217,0.28519433417235124,-0.25,25.678737574669682,1.4830084765421963,0.9925537720580214,1.3773475311808667,51.00588493792221,13.164991125289642,28.247505456904122,True,True,True,12.77809608138233
60.695469312,22.908444928647658,1.7269556753897926,-2.3912484962118987,-0.24030710131298239,47.995706581645095,0.24997909971812818,0.2347124675645652,-0.25,25.69777238660806,1.4827174059311699,1.0145546551245506,1.3828776406869443,50.501066233695155,12.759337733263466,28.229532526856776,True,True,True,12.796069011429676
60.7951552,22.923700164656655,1.7397157312760116,-2.400564119542337,-0.24122660430204365,48.15171260792655,0.28175674038010173,0.21677086983396018,-0.25,25.70988532742993,1.4619168134558564,1.0291989892648596,1.3667642569353884,49.96732033332741,12.06958580661429,28.21607575423119,True,True,True,12.80952578405526
60.894560768,22.944849760782937,1.7577666148746278,-2.412898480662779,-0.2446164452092136,48.277522774793745,0.30381013020398673,0.34399169879252445,-0.25,25.726704489722152,1.4395147223766953,1.049859111262478,1.3505615418932553,49.260613498135875,11.237068804555475,28.197466638883085,True,True,True,12.828134899403366
60.996812288,22.963322119915222,1.773981053615873,-2.4244069061849456,-0.25164171559261755,48.41226648494775,0.32260948154446834,0.4243146672137988,-0.25,25.740498774120024,1.4172040485555317,1.0683486490210237,1.3335230301108574,48.601229286875125,10.442940883140734,28.181271791891493,True,True,True,12.844329746394958
61.093929984,22.979137651556435,1.7859852883662952,-2.437460943689765,-0.25366710836859724,48.61304475048775,0.36184485283781787,0.43135696007681285,-0.25,25.750026252666537,1.383274026743157,1.0823168700546484,1.3041700271201717,47.8532880322435,9.817896148819605,28.16716075032139,True,True,True,12.858440787965062
61.196912896,23.001584548701924,1.804766365094539,-2.4520707938430926,-0.24860104357261206,48.84244632758021,0.3771179914474487,0.4363323152065277,-0.25,25.764497652071984,1.3505514564598395,1.1038704677526348,1.2775572742355494,47.01620527913928,8.751411818622941,28.147360890200527,True,True,True,12.878240648085924
61.29416448,23.017190345524057,1.815995862347123,-2.46590877355261,-0.24262755802822375,49.047884327617574,0.3771179914474487,0.4363323152065277,-0.25,25.771770441431944,1.3137125804950398,1.1170431856639176,1.244796715971709,46.22334744479625,7.753115984242546,28.133356533527362,True,True,True,12.89224500475909
61.398367744,23.039413926309216,1.8321512334534737,-2.4843045225660156,-0.24533766746495023,49.016603760539596,0.3771179914474487,0.4363323152065277,-0.25,25.784590028001684,1.2807818738617986,1.135964412560082,1.217473284129025,45.16934866534614,6.730397771870451,28.113434918852786,True,True,True,12.912166619433666
61.496028928,23.05897519738985,1.847161915002932,-2.498807102915417,-0.2501665925215728,49.16279856055139,0.3771179914474487,0.4363323152065277,-0.25,25.794349413197153,1.2490583290777395,1.1534028283138806,1.1903472817479266,44.338412019276014,5.753266325788579,28.096003179327802,True,True,True,12.92959835895865
61.594408192,23.07487814035751,1.8539515285828094,-2.5153494236390577,-0.2495052250738165,49.408331354408304,0.3771179914474487,0.4363323152065277,-0.25,25.797202878416073,1.199010294154581,1.162212576919036,1.1436582522938528,43.3906068584596,4.559928371115254,28.081123973128857,True,True,True,12.944477565157595
61.698086656,23.09856024645899,1.8703020699177855,-2.532880286417554,-0.2457113454926619,49.595131423865915,0.3771179914474487,0.4363323152065277,-0.25,25.806680620818224,1.158906232159083,1.1815179159440188,1.1084784136400612,42.38616241002876,3.3686838532268477,28.059781849605667,True,True,True,12.965819688680785
61.794566912,23.11596238399667,1.8807528635543984,-2.5465073889505003,-0.24692427433716252,49.66599269938202,0.3771179914474487,0.4363323152065277,-0.25,25.813209902864642,1.1291839565601274,1.194153374248557,1.082251959179733,41.605386947898964,2.517047115580847,28.04389478971563,True,True,True,12.981706748570822
61.901350912,23.138836374491465,1.8959754297347946,-2.562615966595124,-0.24318688781868933,49.77547212605552,0.3771179914474487,0.4363323152065277,-0.25,25.82210395755806,1.0959285075708762,1.2122347992875213,1.053401097639725,40.68243343490319,1.4846141759116294,28.023206434758485,True,True,True,13.002395103527967
61.997933312,23.157275726722936,1.906712045034542,-2.5762396252471222,-0.245868122672364,50.30546966712343,0.3771179914474487,0.4363323152065277,-0.25,25.82154281334031,1.0455030743617049,1.2252891822316017,1.005293207307024,39.90185529261682,0.17403849255736611,28.006328410444,True,True,True,13.019273127842453
62.094488832,23.179840506934184,1.919845845797371,-2.593075875284645,-0.24786624429538853,50.40161635806089,0.3771179914474487,0.4363323152065277,-0.25,25.827707184444836,1.0094601812964945,1.241259345886095,0.9729451752689987,38.937209222639794,-0.8867542683571233,27.985673631304337,True,True,True,13.039927906982115
62.198624512,23.20121082854504,1.9325483752703798,-2.6079888254670065,-0.24895000948806417,50.45512342619888,0.3771179914474487,0.4363323152065277,-0.25,25.83431892619359,0.9803184943605063,1.256645832438158,0.9472962205850246,38.08276011710161,-1.7947104420332745,27.966146702914358,True,True,True,13.059454835372094
62.297503488,23.217825651203754,1.9399134301767522,-2.62125395410808,-0.2489517855780199,50.71825872825349,0.3771179914474487,0.4363323152065277,-0.25,25.833510176477187,0.9408166059174154,1.2661191230375886,0.9094952188547483,37.32272423126999,-2.817881629919562,27.950636927578362,True,True,True,13.07496461070809
62.394092544,23.243114083782146,1.9539776762220968,-2.638041105444135,-0.24787158468463674,50.76757466541491,0.3771179914474487,0.4363323152065277,-0.25,25.840760272894844,0.9088775488714829,1.2833677080170862,0.8813853110951877,36.360891309666705,-3.8290304886843365,27.92740345699601,True,True,True,13.098198081290441
62.49442816,23.26447726355054,1.9656537730130028,-2.6515932459032157,-0.24858983527749628,50.83614446940209,0.3771179914474487,0.4363323152065277,-0.25,25.846427396212412,0.8823562550396034,1.2977356320459805,0.8579339940254284,35.58441085799285,-4.674080744345279,27.907749463885523,True,True,True,13.117852074400929
62.602064128,23.288234689520596,1.9781875285954629,-2.6678826773061926,-0.24715043851539645,50.98375481256228,0.3771179914474487,0.4363323152065277,-0.25,25.849289384936043,0.8463753325618233,1.3133919196620172,0.8246196011061024,36.497196612550276,-5.75500675756395,27.90396500943402,True,True,True,13.12163652885243
62.696460288,23.30658138320963,1.9876486534764575,-2.6791834336371836,-0.2480987929462987,51.067937111539266,0.3771179914474487,0.4363323152065277,-0.25,25.852974396206207,0.8232249233153961,1.325508876554373,0.8037572239150557,35.84971096947875,-6.486674699612448,27.90396500943402,True,True,True,13.12163652885243
62.794660864,23.333226505818562,2.0009156002077244,-2.6953075050202533,-0.24895068710500004,51.05656326253207,0.3771179914474487,0.4363323152065277,-0.25,25.86075329669036,0.796088508287347,1.3429089207812577,0.7803768114209074,34.925869730661184,-7.399142089422811,27.88745147223573,True,True,True,13.138150066050724
62.896813568,23.353967812549417,2.010753227890814,-2.709064708703933,-0.24319032881926095,50.993659260894454,0.3771179914474487,0.4363323152065277,-0.25,25.866040190973013,0.774026756288783,1.355987432983269,0.7610466220214953,34.13764002168451,-8.124467796761905,27.868585279140238,True,True,True,13.157016259146214
62.995610624,23.37170569349399,2.0186454810362164,-2.721581201490867,-0.24349071740225417,50.93413504196787,0.3771179914474487,0.4363323152065277,-0.25,25.869418270366417,0.7531685419601606,1.366658205443977,0.7422678804765697,33.42049781068722,-8.78208578883256,27.85236631816221,True,True,True,13.17323522012424
63.094045184,23.396943254620677,2.0296860145469413,-2.737615060356193,-0.24786150438194263,50.92035756988308,0.3771179914474487,0.4363323152065277,-0.25,25.874358985671947,0.7249211715427708,1.3816545413704484,0.7169502572008458,32.501825368395636,-9.686980759039349,27.829259224433116,True,True,True,13.196342313853336
63.194030592,23.41683899992337,2.0371747802388627,-2.7515930232995878,-0.2490769758185212,50.78292667700508,0.3771179914474487,0.4363323152065277,-0.25,25.87898066555768,0.7038112070348022,1.392277979375334,0.6983182982046567,31.700947085548847,-10.350428149008101,27.810845510584613,True,True,True,13.214756027701839
63.294307328,23.443796657904034,2.048032076572478,-2.7683143073123055,-0.2493127975670662,50.48560312988549,0.3771179914474487,0.4363323152065277,-0.25,25.890398588498073,0.6863643516066864,1.4073731372365512,0.6852784222938741,30.742888083580542,-11.011163603856875,27.786011412722534,True,True,True,13.239590125563918
63.401040896,23.464515381399917,2.0550377850778525,-2.7822335658797663,-0.24828167985036942,50.10186030396522,0.3771179914474487,0.4363323152065277,-0.25,25.901220066940777,0.6757371378427364,1.417653728176263,0.6785360232475678,29.945373313713752,-11.424935547803369,27.766707141047814,True,True,True,13.258894397238638
63.494108672,23.48996232529125,2.0636130974668947,-2.798294579870799,-0.24684943312055724,49.82395032782364,0.3771179914474487,0.4363323152065277,-0.25,25.911051471305175,0.657082846440082,1.4302516719950227,0.6638558203304893,29.025144997327,-12.06725388804854,27.74299269929774,True,True,True,13.282608838988711
63.596353792,23.512674983365777,2.0716261440749215,-2.812464548433239,-0.24624745707352602,49.47623177856664,0.3771179914474487,0.4363323152065277,-0.25,25.92229031690214,0.6455286914488902,1.441850339090896,0.6563618618498488,28.213265602866134,-12.531414733252433,27.72188477011575,True,True,True,13.303716768170702
63.696444416,23.533097674022418,2.078000470170993,-2.8254284354408585,-0.25001776402892584,48.87358717669524,0.3771179914474487,0.4363323152065277,-0.25,25.939217919981875,0.646013961161916,1.4514598224402568,0.6620785550984484,27.47048959124501,-12.671546143002097,27.70276995500824,True,True,True,13.322831583278212
63.7939584,23.560384186572993,2.0867417900617444,-2.8422203844710086,-0.2518363486658819,48.36349145973574,0.3771179914474487,0.4363323152065277,-0.25,25.95513259046327,0.635817918156337,1.464520608888622,0.6573272708915303,26.508381782018617,-13.123558235269009,27.677267400274346,True,True,True,13.348334138012106
63.894116864,23.58100217982424,2.092976862163319,-2.8550356931527796,-0.24849775473127075,47.93304107890478,0.3771179914474487,0.4363323152065277,-0.25,25.968023382805693,0.6293752167293678,1.4740244392554713,0.6552050542059514,25.77411868139585,-13.42737095506089,27.657937243053606,True,True,True,13.367664295232846
64.001166848,23.60818467841645,2.10083308329433,-2.872551844326459,-0.23310290729413607,47.46070732454479,0.3771179914474487,0.4363323152065277,-0.25,25.98153240337366,0.6151613239745135,1.486194991502713,0.6460586219411155,24.770517145830844,-9.303866803948655,27.63239343562065,True,True,True,13.393208102665803
64.097502464,23.628445751687405,2.1062621612482664,-2.885166060237158,-0.2482635150614696,46.81188081030891,0.3771179914474487,0.4363323152065277,-0.25,25.999874901060217,0.6175298852815834,1.494845527244641,0.6545952955116752,24.047775812281056,-9.377781623262596,27.613284427040963,True,True,True,13.412317111245489
64.194550272,23.6562039658263,2.113322866349831,-2.9021512814771686,-0.25327494247249255,46.41948821890412,0.3771179914474487,0.4363323152065277,-0.25,26.012420739290878,0.6006290716761771,1.5063247343684425,0.6435114834358837,23.07459432113245,-9.958570523006378,27.587043241615742,True,True,True,13.43855829667071
64.29793408,23.67872627940423,2.118885716322383,-2.915959072216012,-0.25197421224794353,45.84206175460098,0.3771179914474487,0.4363323152065277,-0.25,26.029284634932843,0.5974142518332748,1.5154748536745357,0.6470563753925248,22.28346618739691,-10.17227219243878,27.56572481706316,True,True,True,13.459876721223292
64.394258688,23.70675787957842,2.125337570447562,-2.932816709547076,-0.2521985255548931,45.08265692293385,0.3771179914474487,0.4363323152065277,-0.25,26.051818328644455,0.5954057124139434,1.5263977506016575,0.6539150912500865,21.31759471576475,-10.378738832403792,27.539114906264786,True,True,True,13.486486632021666
64.495574528,23.731206399046723,2.1304464647041845,-2.946373167718865,-0.24463733393616635,44.64458110346955,0.3771179914474487,0.4363323152065277,-0.25,26.067183134269175,0.5866807141774226,1.5354130797185765,0.6518081595481751,20.54086687737566,-10.717390851328645,27.515822101675575,True,True,True,13.509779436610877
64.594018048,23.75485062781347,2.135684221507889,-2.9587832179042546,-0.24156801869692945,44.178164142935174,0.3771179914474487,0.4363323152065277,-0.25,26.084214924516978,0.5819590291900916,1.5444248104892468,0.654037729922242,19.829823378207212,-10.96201738996266,27.493343837533832,True,True,True,13.53225770075262
64.694101504,23.782351598986555,2.14070645644197,-2.9756581379329354,-0.2453358757707776,43.55869186707372,0.3771179914474487,0.4363323152065277,-0.25,26.102252764181063,0.5728867653648513,1.5538508445418042,0.6526438753443796,18.862961680943044,-11.309406811365404,27.467025096279055,True,True,True,13.558576442007396
64.794976768,23.803807528483073,2.1445157007087636,-2.9885343531778443,-0.2514567475582984,42.78563407940379,0.3771179914474487,0.4363323152065277,-0.25,26.124674325594942,0.5781258035044652,1.5610973307772418,0.6661433603497383,18.12520889130778,-11.27410181333075,27.446473802166924,True,True,True,13.579127736119528
64.894687744,23.833027619510606,2.148890326034966,-3.0070875431813633,-0.25316041635333525,42.341246717359546,0.3771179914474487,0.4363323152065277,-0.25,26.136846890677532,0.5575334314949969,1.570299004501586,0.6518576192079392,18.939433229845623,-11.89273393499246,27.438957000384825,True,True,True,13.586644537901627
64.995172096,23.853954518359274,2.151649791354727,-3.0199162723311264,-0.2474982583157546,41.91667558383683,0.3771179914474487,0.4363323152065277,-0.25,26.14911714005401,0.5478329252583058,1.5768165286910258,0.6476547227677634,18.204401193047723,-12.203194838267615,27.438957000384825,True,True,True,13.586644537901627
65.095199232,23.88152202465518,2.154863954307571,-3.035962705894251,-0.2412974145581335,41.38447506778294,0.3771179914474487,0.4363323152065277,-0.25,26.165794076539726,0.535573618086435,1.5853018208050336,0.6427955007511468,17.285008273643626,-12.590387241617842,27.42339858483475,True,True,True,13.602202953451702
65.194983936,23.904604253462598,2.157201267477503,-3.050895987123047,-0.23723235485979932,40.53524521691626,0.3771179914474487,0.4363323152065277,-0.25,26.188695862996806,0.5376564180659684,1.5920907056124451,0.6535697741063761,16.429394284951687,-12.596771379443085,27.401213829649173,True,True,True,13.624387708637279
65.296559872,23.9247038049879,2.1586077819266247,-3.0637763397783484,-0.24639926965628123,40.00444208226097,0.3771179914474487,0.4363323152065277,-0.25,26.202924073405327,0.5308140577182952,1.59738560622192,0.6527597289915261,15.691404439162794,-12.803958090576696,27.381773297713302,True,True,True,13.64382824057315
65.395947776,23.953345796116512,2.1606502725097436,-3.081363279266448,-0.25183236828126915,39.49264488816838,0.3771179914474487,0.4363323152065277,-0.25,26.217393356074265,0.5132011393801805,1.6049683405292212,0.6421096728417977,14.683747031942728,-13.299818303704175,27.354077854694307,True,True,True,13.671523683592145
65.498501632,23.97548470604646,2.161762952836004,-3.095059475916072,-0.2546671165847358,38.85969668729768,0.3771179914474487,0.4363323152065277,-0.25,26.235159959340386,0.5083217686232051,1.610372296471122,0.6444778815580664,13.89901276853805,-13.451604366238133,27.332579793140464,True,True,True,13.693021745145987
65.594530816,24.003706963454025,2.162932289641275,-3.1124367771842034,-0.25076414040772704,38.0577049326221,0.3771179914474487,0.4363323152065277,-0.25,26.257780846988954,0.5018630774873207,1.6170168406610361,0.6472661285957769,12.903366746546755,-13.645258633553814,27.30512595562635,True,True,True,13.7204755826601
65.698561792,24.027605459030564,2.163755564276665,-3.1257897260833936,-0.24592033209583752,37.35947991959311,0.3771179914474487,0.4363323152065277,-0.25,26.279739966714807,0.5000578275174135,1.6224796966744393,0.6540902097460569,12.138299130569326,-13.712101236502331,27.281845640419636,True,True,True,13.743755897866816
65.796881408,24.056078017903438,2.164304087620894,3.140186084525605,-0.24390403447540915,36.59773637776215,0.3771179914474487,0.4363323152065277,-0.25,26.301682635818793,0.49180299644120895,1.6285640778959558,0.6549597705309014,11.152267609529794,-13.936389215710912,27.254025363789456,True,True,True,13.771576174496996
65.897419008,24.07751153523463,2.1641946350745065,3.1276665413135127,-0.24458919198582343,35.62875222470368,0.3771179914474487,0.4363323152065277,-0.25,26.330440795278115,0.5015732863483693,1.6326319043494788,0.6750878364660187,10.434950622045244,-13.68472205013695,27.232981114385154,True,True,True,13.792620423901297
65.997967872,24.105568347690628,2.1636862421498115,3.1110824160815103,-0.2467833836228874,35.09605681699406,0.3771179914474487,0.4363323152065277,-0.25,26.346322652353287,0.4846924523650602,1.637598629903952,0.6656590237455804,9.484750239335085,-14.102227025137491,27.205362735978316,True,True,True,13.820238802308136
66.106632192,24.131494656516082,2.1626354320583583,3.094445499269921,-0.24894837587607557,34.693009772472635,0.3771179914474487,0.4363323152065277,-0.25,26.356023502132604,0.4622027180058388,1.641618313591523,0.6486679113273675,8.531525121920765,-14.652405098030368,27.179728387259985,True,True,True,13.845873151026467
66.204350464,24.15277398959904,2.161024359020145,3.0810560273725045,-0.2501273622035277,34.09838131106287,0.3771179914474487,0.4363323152065277,-0.25,26.372172333757728,0.4539007577698806,1.6441832505793412,0.6472542184013612,7.7643648922897865,-14.824936866251619,27.158542857504074,True,True,True,13.867058680782378
66.299156736,24.180158735166945,2.159161218237853,3.0640391024910425,-0.2495550117186334,33.18244617565087,0.3771179914474487,0.4363323152065277,-0.25,26.397796127376203,0.4497506775322815,1.6476902638300563,0.6533324612215349,6.789366916290855,-14.883999706838535,27.131319770951432,True,True,True,13.89428176733502
66.399236864,24.200940631666004,2.157414215670337,3.051126211526875,-0.24404999561275367,32.690953702605896,0.3771179914474487,0.4363323152065277,-0.25,26.411147380999424,0.438406907599485,1.6500249761143564,0.6480319519078818,6.049512762731449,-15.132361387352958,27.110595670039256,True,True,True,13.915005868247196
66.50829056,24.231143099814776,2.1544977863034953,3.0331472129734163,-0.24443057227962073,31.846351839644054,0.3771179914474487,0.4363323152065277,-0.25,26.435772273024668,0.4283430398708754,1.6530477615583758,0.6482777445087962,5.019392025746444,-9.03639957239881,27.08040366098572,True,True,True,13.945197877300732
66.600099584,24.249215494008524,2.151918621215136,3.020494941009148,-0.24606259746785691,30.864429325728075,0.3771179914474487,0.4363323152065277,-0.25,26.4615651454371,0.4356700903129649,1.654038449963542,0.6654357718799749,4.294470240942186,-8.779398843287103,27.06217505541834,True,True,True,13.963426482868112
66.705070848,24.277644209548757,2.147848005311984,3.002330094169456,-0.2496495191617469,30.4063082997167,0.3771179914474487,0.4363323152065277,-0.25,26.472427023444055,0.4091909373915059,1.6555836374529787,0.6463020730117177,3.25370118152627,-9.36204687669163,27.033497988331188,True,True,True,13.992103549955264
66.80094592,24.30116668848602,2.144414104622972,2.9881038861150797,-0.25550912272663967,29.780025365804388,0.3771179914474487,0.4363323152065277,-0.25,26.490207834995104,0.3985335649266859,1.656797623409665,0.6450940547217229,2.438599501535493,-9.550865622770115,27.009757202173333,True,True,True,14.015844336113119
66.898105344,24.320986700691936,2.140647738820017,2.974297721745307,-0.2518433772110029,28.76027828101328,0.3777750134468078,0.4363323152065277,-0.25,26.516979558957473,0.4035192558209171,1.6569642841215935,0.6624170445357848,1.647564551883625,-9.322153487630857,26.9895831936621,True,True,True,14.036018344624352
67.003753728,24.347343895149407,2.1360299396942484,2.957914835111316,-0.24751328450139864,28.23733266799003,0.3771179914474487,0.4363323152065277,-0.25,26.530674864923526,0.3830137171722763,1.6576166064730484,0.6511310724300303,2.696227057702592,-9.737878134976594,26.975361873789392,True,True,True,14.05023966449706
67.10083712,24.37423489837319,2.1309028149389477,2.941973067169867,-0.2484086549166556,27.734011427022814,0.3771179914474487,0.4363323152065277,-0.25,26.54496344609845,0.36230518628211206,1.6582588377781438,0.6399554371371612,1.782831036680614,-10.147952915031357,26.975361873789392,True,True,True,14.05023966449706
67.200739584,24.394071141431475,2.1268113283025856,2.9294580083925474,-0.24462771628212593,26.731137045024912,0.3771179914474487,0.4363323152065277,-0.25,26.573595118743874,0.36906412454422566,1.6587187215484576,0.659756742379608,1.0657709883820496,-9.862138581332017,26.972723863906683,True,True,True,14.052877674379769
67.30644224,24.42339733748607,2.120327505067857,2.9122878684223874,-0.2397728494064934,26.120467474545034,0.3771179914474487,0.4363323152065277,-0.25,26.591428830348246,0.3484247295302696,1.659113453561745,0.6503615414906428,0.08199443444299835,-10.235245564791171,26.942692048686663,True,True,True,14.082909489599789
67.400807936,24.44104731450029,2.115893712482616,2.9010664224394445,-0.2388511692261357,25.611787367446166,0.3771179914474487,0.4363323152065277,-0.25,26.60492075318219,0.3389154511167156,1.6588336065158686,0.6485922607311232,-0.560947060413664,-10.369506952549001,26.924495843287666,True,True,True,14.101105694998786
67.500653824,24.468342089059593,2.108786245316329,2.8832178975371283,-0.2457657676994585,24.360765324846795,0.3771179914474487,0.4363323152065277,-0.25,26.639281228351877,0.34044712244173914,1.6581566483873185,0.6666021577648603,-1.583592207850529,-10.141130057386489,26.896298989997714,True,True,True,14.129302548288738
67.60014464,24.489117093511812,2.103215048249981,2.8701936418610963,-0.2482270380324819,23.6180126916888,0.3771179914474487,0.4363323152065277,-0.25,26.659948754979045,0.33474398612557654,1.6574842147739752,0.6716424160069857,-2.3298270893864723,-10.14461230576443,26.87480045795998,True,True,True,14.15080108032647
67.699172864,24.517403405597438,2.09515898752813,2.852053520988413,-0.25242973308452676,22.804315184698268,0.3771179914474487,0.4363323152065277,-0.25,26.681253266778917,0.31815201560458517,1.656110560988597,0.6674702879585434,-3.3691794552483936,-10.37026716463582,26.84542140690251,True,True,True,14.180180131383942
67.813373696,24.53730731422739,2.0891821483621404,2.8398531234154616,-0.2482365329998391,21.486038109206945,0.3771179914474487,0.4363323152065277,-0.25,26.720236097132513,0.3356651314032626,1.6548440211140825,0.7016973177878921,-4.068210744560164,-9.751021378456283,26.82467811733909,True,True,True,14.200923420947362
67.899534848,24.560212332489225,2.0817483876089766,2.824900732005763,-0.24823105806675255,21.117553690939804,0.3771179914474487,0.4363323152065277,-0.25,26.72812010812022,0.3096942472513289,1.6528455060378553,0.6828128812807148,-4.9249196659635555,-10.239245881592524,26.800680063292972,True,True,True,14.22492147499348
67.999400192,24.587678254235872,2.0723658930193793,2.8076643335311484,-0.24464717604844546,20.154931856995226,0.3771179914474487,0.4361323136951924,-0.25,26.754814133699433,0.2993678445315402,1.6499929527406636,0.6867343148548761,-5.912492552564706,-10.264196934249084,26.771796313505188,True,True,True,14.253805224781264
68.104260352,24.608964489961696,2.06500459572859,2.794815313896117,-0.24567623200538877,18.816578122492796,0.3771179914474487,0.35278834776662743,-0.25,26.794613950176803,0.3148799038676342,1.647694774967759,0.7196079526878231,-6.648687148532736,-9.66203779571468,26.749390713577874,True,True,True,14.276210824708578
68.203028992,24.635226724277594,2.055434409982652,2.776917179505725,-0.24666226361708088,17.992747283770267,0.3771179914474487,0.4359753661843652,-0.25,26.81470296699835,0.2976280192172145,1.6443842286119341,0.7142690634246391,-7.674174710260146,-9.863694518719562,26.721635827714284,True,True,True,14.303965710572168
68.299634432,24.656393384000655,2.0472967946492484,2.7638097418044536,-0.2492528206759703,17.37098824228443,0.3771179914474487,0.3217176477619678,-0.25,26.831899009756036,0.28457864579314496,1.6413029601807065,0.7112013645231476,-8.425175570773657,-9.99293633774727,26.699169095597643,True,True,True,14.326432442688809
68.410252544,24.678836011884872,2.0384225564240412,2.7495968833680458,-0.24884946892154008,16.357523213815814,0.3771179914474487,0.16683460665587588,-0.25,26.860454713415958,0.2832758841684675,1.637796396751898,0.7239164885748011,-9.239512373996732,-9.793808112501711,26.67529174936011,True,True,True,14.350309788926342
68.508352512,24.70530315628113,2.027316290529592,2.7317873310216836,-0.24727784290050173,15.146272126582664,0.3771179914474487,0.26351066724483785,-0.25,26.892755730521205,0.27944580463812807,1.6330373405657728,0.7362387742785709,-10.259924558460597,-9.602969209732414,26.64698609164248,True,True,True,14.378615446643973
68.601809408,24.72590312011837,2.01829564874975,2.7183277757670794,-0.24642750696629964,14.657821284918779,0.3771179914474487,-0.03582131445844799,-0.25,26.904704266508354,0.25965254553360895,1.6289668474101981,0.7247281594498847,-11.031100268672548,-9.88569407828049,26.62486909424938,True,True,True,14.400732444037072
68.707965184,24.750773923517308,2.006953529588086,2.7019021520741253,-0.24609948241788138,14.045308679077186,0.3738330006599426,-0.11322384894875628,-0.25,26.919453012415623,0.2358434230799764,1.6236131149369284,0.7110645570655297,-11.972219182148905,-10.214300385915255,26.598063533680897,True,True,True,14.427538004605555
68.803254784,24.76790140058883,1.9980749124396804,2.68945951761005,-0.24585983395198208,13.169471567617164,0.36493899192514623,-0.43622696279659723,-0.25,26.941608055444718,0.23313882899778404,1.6188867458419964,0.7195767827944721,-12.685129622964432,-3.0684846033241224,26.57935947667494,True,True,True,14.44624206161151
68.900337408,24.792342801771316,1.985497161122503,2.6723970758295827,-0.24803721670600837,11.851792284882894,0.35203211776892335,-0.40064042764520225,-0.25,26.976486708465593,0.23349390917054014,1.6122319257909805,0.7379886277831946,-13.662735525172899,-2.728411222798298,26.552689356876776,True,True,True,14.472912181409676
69.0012608,24.813327676392326,1.9747162534502793,2.6572048484451836,-0.2451985653425656,11.109644068857547,0.3033734254440602,-0.4363323152065277,-0.25,26.99354285376232,0.21782645031363157,1.606535843418771,0.7342671495559681,-14.533186035702046,-2.856713517302136,26.529795087316348,True,True,True,14.495806450970104
69.099864064,24.831267290042355,1.9648274025748036,2.6439992745232166,-0.24750565418483997,10.165255174751309,0.2624234888264144,-0.4363323152065277,-0.25,27.017228291575215,0.2150918511906943,1.6010156766516355,0.7456230762220202,-13.068666990509783,-2.6689482749725904,26.51361789987363,True,True,True,14.511983638412822
69.201315072,24.85326934878983,1.9525492042707009,2.629391013360765,-0.25327554243829753,8.711195762684726,0.21754930145450088,-0.4363323152065277,-0.25,27.057947624847177,0.2264571733868317,1.5943326368595905,0.7787516932344681,-13.905658701143134,-2.051880573539379,26.51361789987363,True,True,True,14.511983638412822
69.308348416,24.87972148140807,1.9372815930641023,2.6132229284415214,-0.25009095778631213,8.242265656237263,0.1709891654957663,-0.4363323152065277,-0.25,27.070549022295634,0.1936432457889148,1.5863021868504836,0.7596148294220605,-14.832021729824906,-2.5093134957736707,26.51361789987363,True,True,True,14.511983638412822
69.399516672,24.898712050710174,1.9260076510103548,2.604783624461499,-0.2505103289171375,7.650740450034572,0.14198620357849062,-0.4363323152065277,-0.25,27.092822035554384,0.1865015790442548,1.580485179710885,0.7669312941014688,-15.315558229908158,-2.4013247896542715,26.496775665382987,True,True,True,14.528825872903465
69.50782592,24.918120940730816,1.9132710917000224,2.5968811471664255,-0.2422244890716121,6.626735003185107,0.08978158274343505,-0.4363323152065277,-0.25,27.129464104579252,0.19572592149319812,1.5733760117102527,0.7959342780195613,-15.768336826613817,-1.830097939510449,26.474676238122584,True,True,True,14.550925300163868
69.604706304,24.9392840407271,1.900369029949007,2.589808100476221,-0.24412472688363776,5.390497063493187,0.046420432668463886,-0.4363323152065277,-0.25,27.175303962534883,0.2150753139224193,1.5665743764448405,0.8385350880521405,-16.173592550261525,-0.9991157234661945,26.450841856305637,True,True,True,14.574759681980815
69.70357888,24.959417856252383,1.8877953968294903,2.585400635833558,-0.2492754944912066,4.5478938048211095,0.0048410650072634055,-0.4363323152065277,-0.25,27.212675287638056,0.22561882741659134,1.5598152661241098,0.8690339293124086,-16.426121672639226,-0.40904158717184247,26.42808705010777,True,True,True,14.597514488178682
69.802152192,24.982112358017087,1.8736478634011269,2.582933884748579,-0.24789232351109022,3.74894685234183,-0.037105589801546254,-0.4363323152065277,-0.25,27.254298595755916,0.2374419775083194,1.5522208543497782,0.9030675670993642,-16.56745609891785,0.24857093902882593,26.40244493587636,True,True,True,14.623156602410091
69.901545472,24.99921970223285,1.8628691840175142,2.582553204919643,-0.24462709028559534,3.0009627485747457,-0.08170307552239148,-0.4363323152065277,-0.25,27.29196033931618,0.25559186784997845,1.5463861036739925,0.9398903338245951,-16.58926744646165,0.9747436952520957,26.383085265426615,True,True,True,14.642516272859837
70.003428096,25.022501868026726,1.8482823434070899,2.5844167008838994,-0.24324527679818642,2.6812081046337384,-0.12628754847044898,-0.4363323152065277,-0.25,27.327143868322352,0.25811717888065666,1.538524708594755,0.9626166827772771,-16.48249699257009,1.401268793084633,26.3567597335145,True,True,True,14.66884180477195
70.103490816,25.042168968562287,1.83584812032868,2.588905887815768,-0.24824689893404137,2.464635114218517,-0.17173641962334565,-0.4363323152065277,-0.25,27.359881258728734,0.26479441659624703,1.5317757125208664,0.9872637202589889,-16.225285527928737,1.8750532481412188,26.334491913705772,True,True,True,14.69110962458068
70.203474944,25.066114860073164,1.821140904541041,2.5956301448093164,-0.25243727452036036,2.2624094599104336,-0.21792531001712293,-0.4363323152065277,-0.25,27.399814235746245,0.27393464033995785,1.523975005380312,1.018133296423122,-15.840013981837085,2.462550448540962,26.307494564121374,True,True,True,14.718106974165078
70.303401472,25.08497655129262,1.8095669200674163,2.6021728551531904,-0.25328455629832797,2.0002613080287284,-0.26077742238543045,-0.4363323152065277,-0.25,27.43573326843763,0.2884019530774433,1.5178407548956199,1.0509525386395433,-15.465144292556518,3.099568289703273,26.286232121099818,True,True,True,14.739369417186634
70.400628736,25.108993994552684,1.7952018595810728,2.6124862377323748,-0.24408499655029323,1.960770124646746,-0.305458533734759,-0.4363323152065277,-0.25,27.47634490756589,0.29999295957561234,1.5103889032390632,1.0842036491275693,-14.874230998265507,3.729972767376258,26.25925690190858,True,True,True,14.766344636377873
70.500607744,25.12930350343299,1.7835301088677582,2.6239917756772497,-0.2404600055004539,1.9528714199851662,-0.34996476083523376,-0.4363323152065277,-0.25,27.513902865430403,0.3159859416409172,1.5045458992265661,1.1192205670345046,-14.215012232996548,4.397090237306809,26.23657287184814,True,True,True,14.789028666438313
70.60296448,25.151034253919107,1.7723394191704118,2.6352861581841456,-0.2389346354244213,2.0422743109544883,-0.3768311354584191,-0.4363323152065277,-0.25,27.549805505969207,0.328076118958851,1.4995449994339747,1.150107183601262,-13.56789178314503,4.954807796188963,26.212646985159104,True,True,True,14.812954553127348
70.701881088,25.1737100694648,1.7597005508101835,2.6523299178534927,-0.24249015348118677,2.4279280884579486,-0.37745686355052666,-0.4363323152065277,-0.25,27.58724794260798,0.3402517370435567,1.4933998200842395,1.1819681242407916,-12.591356287056152,5.545689514774391,26.187424567058354,True,True,True,14.838176971228098
70.801650176,25.19037107056652,1.7493644457189623,2.6671860617703107,-0.2480905357760169,2.7320078135619013,-0.3774642069740948,-0.4363323152065277,-0.25,27.61735295029826,0.3530267518018382,1.4878728288058194,1.210000462209213,-11.74016194078353,6.092804135943086,26.168612964426558,True,True,True,14.856988573859894
70.902107648,25.214513817606477,1.7367203627587084,2.684077280664626,-0.2516271718034977,3.2772092692720225,-0.3771179914474487,-0.4363323152065277,-0.25,27.65172849979347,0.35832107629192045,1.4821131958728682,1.2344918205237998,-10.772366387307628,6.5153982337088605,26.141975177412267,True,True,True,14.883626360874185
71.001603072,25.229644859213064,1.7270461118751153,2.6975493294158372,-0.25001860610867854,4.105050338991428,-0.3771179914474487,-0.4363323152065277,-0.25,27.665512367736156,0.34626753407144983,1.4768168141427553,1.2328442618808417,-10.000474852468734,6.45944869882833,26.124814527924908,True,True,True,14.900787010361544
71.104493824,25.256235365445754,1.714598696771646,2.717048513371335,-0.24985841871541406,4.825324734253324,-0.3771179914474487,-0.4363323152065277,-0.25,27.701610407336286,0.35072886995573094,1.4718984697472355,1.2577273421907453,-8.883253907869507,14.682165686632942,26.095869700185297,True,True,True,14.929731838101155
71.200018176,25.273323469565995,1.7067915165460588,2.7290663989597777,-0.25075451548960426,5.364030500392606,-0.3771179914474487,-0.4363323152065277,-0.25,27.722257611146443,0.3493227065170299,1.4689228350410104,1.2690078603640516,-8.194679784980643,14.832034043382558,26.0773197415979,True,True,True,14.948281796688551
71.302116352,25.298216893499355,1.6959134765269084,2.7482298026095746,-0.24365389484773947,6.194856932409479,-0.3771179914474487,-0.4363323152065277,-0.25,27.753453924282496,0.3498781416745236,1.4650698774386408,1.2885948275908827,-4.774540263544879,15.099189761604633,26.05406435364426,True,True,True,14.971537184642191
71.401244928,25.315768870842035,1.6889474481264937,2.761596919874586,-0.24137851306246105,7.573633068305305,-0.3771179914474487,-0.4363323152065277,-0.25,27.75646707583457,0.3167257925087821,1.4631956342466934,1.2646964286050695,-4.008660860003258,14.486293029250405,26.05406435364426,True,True,True,14.971537184642191
71.501383168,25.34138746418264,1.6789544987388747,2.7811074883702647,-0.24427518514670965,8.71421997939851,-0.3771179914474487,-0.4363323152065277,-0.25,27.78154148962113,0.30576538862463254,1.4610604890068128,1.2724365719156083,-2.8907876292999752,14.463579348860485,26.05406435364426,True,True,True,14.971537184642191
71.600363264,25.359755656526634,1.6728967766846892,2.7953672274947454,-0.24354109962298298,9.888089089514839,-0.3771179914474487,-0.4363323152065277,-0.25,27.791309994382452,0.2845367721993435,1.4608649862557401,1.262866144653699,-2.0737647605096523,14.106733107534472,26.044166407283154,True,True,True,14.981435131003298
71.699943424,25.3867107702792,1.6638582513634579,2.8147398303075004,-0.2503636229409644,11.202917131100163,-0.3771179914474487,-0.4363323152065277,-0.25,27.813285528867006,0.2668131765772028,1.4604810781300233,1.2645153453101068,-0.963796381155524,13.901873445303305,26.015738855296615,True,True,True,15.009862682989837
71.80073216,25.409378070945404,1.656484739214194,2.8298320745561867,-0.24991466605418758,12.327311440712876,-0.3771179914474487,-0.4363323152065277,-0.25,27.829596328156903,0.24845647690546846,1.4603746393458508,1.2623926558088951,-0.09907448232521071,13.642201034520868,25.99190266701718,True,True,True,15.033698871269273
71.900518656,25.429990637431327,1.6514818006000611,2.846854419000514,-0.24835236386030365,13.19498379214284,-0.3771179914474487,-0.4363323152065277,-0.25,27.852849751474142,0.2480026545135714,1.4618988787520033,1.2781693728889525,0.8762340117526997,13.749837177168857,25.970746486214725,True,True,True,15.054855052071726
72.004854016,25.457119698810644,1.6437290752745493,2.864682742394441,-0.24678842296174347,14.256483443134972,-0.3771179914474487,-0.4363323152065277,-0.25,27.878998115780576,0.2385582908446966,1.4627925382359932,1.2894654428961927,1.8977216980190899,13.709825212443096,25.942545562576974,True,True,True,15.083055975709478
72.107846656,25.48177900999133,1.6386993296959196,2.882728637417989,-0.24653339527885537,16.156956120338585,-0.3771179914474487,-0.4363323152065277,-0.25,27.882130016288883,0.1970630903600985,1.4655258641676878,1.2617009306590141,2.931675320404502,12.84330615762489,25.91752739122408,True,True,True,15.108074147062371
72.20103936,25.506284324398496,1.6325467967850433,2.8987415690106024,-0.2447625472760718,16.908365108446212,-0.3771179914474487,-0.4363323152065277,-0.25,27.910803638981747,0.19787371005200782,1.4671429501364477,1.2821435252713957,3.849148718292963,13.009370567405721,25.89231332514217,True,True,True,15.133288213144283
72.302683392,25.529273705350334,1.6282572039713108,2.915278867681793,-0.24305316143449154,18.078045982910943,-0.3771179914474487,-0.4363323152065277,-0.25,27.92821203643381,0.18427144100187332,1.4700716647224938,1.2843873570624806,4.796666136699481,12.787207111347549,25.8691112805355,True,True,True,15.156490257750953
72.399415552,25.55311472784253,1.622865767220058,2.930871812774612,-0.2459086872904201,19.60055439558552,-0.3771179914474487,-0.43614886503363853,-0.25,27.936054042626917,0.1526276157442803,1.4722108929703208,1.266991327354997,5.690076080697234,12.158108642670722,25.84476203729839,True,True,True,15.18083950098806
72.499131136,25.576249913665688,1.6186825442146744,2.947346866855656,-0.24894832932682243,20.630306608949844,-0.3771179914474487,-0.3219329485193837,-0.25,27.956984857308683,0.14487756114629669,1.4752853894723146,1.2758962263767617,6.634027146790857,12.072307495399992,25.82145359142476,True,True,True,15.204147946861692
72.599178496,25.606601768182326,1.6133821338111274,2.9683393147528303,-0.2519055175279471,21.64220259855065,-0.3771179914474487,-0.28177004272411504,-0.25,27.992233518017454,0.14751680773966558,1.4794976845477523,1.3022114662079656,7.836805812947215,12.263190171955538,25.790931697754104,True,True,True,15.234669840532348
72.700004608,25.62789745660889,1.6103316013130646,2.982881487324935,-0.24895627026124634,22.902127882491524,-0.3771179914474487,-0.011183966570441241,-0.25,28.0025458606937,0.12673969078731062,1.483089659812971,1.294365206716778,8.670010926279717,11.836470001347143,25.76972062027612,True,True,True,15.25588091801033
72.80286976,25.657735075645558,1.6062011420686675,3.003150001998689,-0.24627927086893692,25.12266246205121,-0.3771179914474487,-0.24065887702496117,-0.25,28.004551908355616,0.0789648297355916,1.4882592400908565,1.2612910131712747,9.8313112740848,10.777235769592581,25.740045384083338,True,True,True,15.285556154203114
72.899604224,25.677516908095036,1.6041987114325622,3.0173012861591353,-0.24390452073529872,25.942306415385552,-0.3771179914474487,0.2912213233482129,-0.25,28.024098210744903,0.07660053453719073,1.4923874877891377,1.2731222114536336,10.642120131168706,10.768400673342128,25.72059575183866,True,True,True,15.305005786447794
72.998693632,25.70546045527704,1.6013109833328412,3.0356594439341453,-0.24640952775113759,27.21110520507989,-0.36910906605957017,0.33332991160990383,-0.25,28.046240609006144,0.0648383112986275,1.498162691127164,1.2799719206758857,11.69396509131206,10.551446843791155,25.69310342874483,True,True,True,15.332498109541621
73.108262912,25.729288666548648,1.5989556012595392,3.0515802845143165,-0.2473172647813018,28.985546263474905,-0.3292468315251428,0.20066902914827073,-0.25,28.046682262457917,0.02743184336126747,1.5031893185220018,1.2532937851615753,12.606162062856482,9.689202756940572,25.66969265143717,True,True,True,15.355908886849281
73.210218752,25.754382782885987,1.5975534509808313,3.071193431113487,-0.2472088697468557,30.02105694139932,-0.3037838772883212,0.4363323152065277,-0.25,28.074193895358647,0.029600517233021373,1.5095099445539926,1.273911310137611,13.729912585960326,9.777442602119981,25.645367142465727,True,True,True,15.380234395820725
73.299107584,25.779555105632898,1.5958946525792037,3.0891580876071405,-0.2501262942449358,30.876231086332908,-0.2888016275487425,0.4363323152065277,-0.25,28.1041205885585,0.034998975222496176,1.5156100183011478,1.2985312560431101,14.759211583448948,9.951567454675004,25.62088885525254,True,True,True,15.40471268303391
73.408975872,25.800997727925644,1.5948902802670375,3.102893691585403,-0.251475678947076,32.146689971327234,-0.23618154048172102,0.4363323152065277,-0.25,28.112309638730277,0.014435519455254786,1.5211954288370941,1.2893686456988034,15.546203720466497,9.468100706698273,25.600162109157804,True,True,True,15.425439429128648
73.522417408,25.835215931063658,1.5937869432259375,3.1213926265570135,-0.24615961927084756,33.884748440138644,-0.18289599292522485,0.4363323152065277,-0.25,28.127660269157914,-0.013912953128972338,1.5307287970864416,1.2795498694844063,16.929789405677276,8.789953137247098,25.575885671634552,True,True,True,15.4497158666519
73.60557824,25.85597701519856,1.5934100980821553,3.1309278755215653,-0.24660712259811537,34.4552729410747,-0.15492069679239837,0.4363323152065277,-0.25,28.14774224612416,-0.015257712971619153,1.5368161325925767,1.292487512549289,17.47611892795258,8.765758158586308,25.55603349358894,True,True,True,15.46956804469751
73.700056576,25.875428198886254,1.5931311843301739,3.139653088212535,-0.24858690778990594,35.2062819127889,-0.10796558436216043,0.4363323152065277,-0.25,28.16012167353055,-0.02556450260970644,1.5425898839553294,1.2936258140313401,17.976036790499133,8.514667049418682,25.537456891775516,True,True,True,15.488144646510936
73.815520256,25.908594000321628,1.5930532604375158,-3.1332582453867857,-0.24531205891394545,37.34958894260728,-0.061349174480388693,0.4363323152065277,-0.25,28.1485305210673,-0.0870313752370615,1.5528125816272509,1.241258965629506,18.564692115477232,15.139652481112504,25.505905775958606,True,True,True,15.519695762327846
73.901752064,25.927743457125874,1.5932548021102533,-3.1282836920819883,-0.24541912154850073,38.76333486253026,-0.02865027448967273,0.4363323152065277,-0.25,28.13414987242979,-0.13062765632643525,1.5589493716678664,1.2000413911416874,18.849713024805027,14.010927470517286,25.487765155160492,True,True,True,15.53783638312596
73.994504448,25.948153894310135,1.5938099858384698,-3.122665395469387,-0.25182977959536346,40.13199692443758,0.015345473644456988,0.4363323152065277,-0.25,28.12269962217634,-0.1700921875880581,1.5658138170369575,1.1641568574316397,19.171617708759726,12.964170092564684,25.468535657902386,True,True,True,15.557065880384066
74.095196928,25.976154809713893,1.5943663444294407,-3.1198829765687517,-0.2457100837430187,41.02679733773483,0.05995155605086893,0.4363323152065277,-0.25,28.12788273118308,-0.19729962666279421,1.5750359456903151,1.1491484066022848,19.33103856860354,12.228790539111246,25.442091128384334,True,True,True,15.583510409902118
74.195876608,25.996296182924226,1.595573349647194,-3.1188694940145267,-0.24570480967687128,42.08720179597699,0.1044080928643832,0.4363323152065277,-0.25,28.116352927649515,-0.23345901724651585,1.582436468440717,1.1162035947298707,19.38910684157074,11.226454353836289,25.42331976616913,True,True,True,15.602281772117323
74.294118656,26.022034068168594,1.5968647282150648,-3.120777827171019,-0.2438078597749289,43.28380832089271,0.1524213248584356,0.4363323152065277,-0.25,28.0998544980597,-0.2800109365872512,1.5916547080024832,1.0730238775880288,19.27976740579882,9.920508393148687,25.399254636731712,True,True,True,15.62634690155474
74.39441408,26.042778474377098,1.5976703105374142,-3.123143872619467,-0.25038627997327834,43.66472941276129,0.1956923605580655,0.4363323152065277,-0.25,28.103595856517927,-0.29785909241739383,1.5988608637882038,1.0643102511024813,19.144202987466663,9.404022882947933,25.379785413053984,True,True,True,15.645816125232468
74.498859008,26.070452773035832,1.5985227601325893,-3.130017784718415,-0.24953754664633776,44.26846843004173,0.24008244641674398,0.4363323152065277,-0.25,28.097956125441833,-0.3325987161040638,1.6082630496178447,1.0379340864611128,18.750356835453026,8.406437713653846,25.35374328606347,True,True,True,15.671858252222982
74.609718272,26.094553578967126,1.5987708675957424,-3.137326256646721,-0.24827209024601055,44.85005342394163,0.2853760538602715,0.4363323152065277,-0.25,28.088034105374074,-0.3674527694395444,1.61598131762159,1.0085854675451749,18.331612239271237,7.406108123572159,25.330910442550813,True,True,True,15.694691095735639
74.694780928,26.112835325383383,1.5994759130197025,3.137138183548341,-0.24837426205582236,45.081876419752106,0.32021026532912483,0.4363323152065277,-0.25,28.081051410214148,-0.39203744204811075,1.6223273385175057,0.9879502754074446,17.831943367363056,6.674616255853462,25.313750974031457,True,True,True,15.711850564254995
74.794639616,26.142926647378548,1.5993399288014527,3.124035025798319,-0.245708828890805,45.42335062443823,0.364334910516161,0.4363323152065277,-0.25,28.07282318633556,-0.4293294254605313,1.6315403312326135,0.9585120823381209,17.08118772999266,5.582386413796962,25.285104387561937,True,True,True,15.740497150724515
74.895007488,26.16209102086167,1.598985625261348,3.114756934124948,-0.24283589768013605,45.721826480436135,0.3771179914474487,0.4363323152065277,-0.25,28.062395758500656,-0.4574291928400043,1.6371533740694952,0.9329984282060109,16.549592235173016,4.752315062979439,25.26677701753483,True,True,True,15.75882452075162
74.993856256,26.19141869645633,1.598055462095543,3.0970946841711466,-0.2446170656201346,45.587006612933706,0.3771179914474487,0.4363323152065277,-0.25,28.060019915028228,-0.4872093858198554,1.6453743476133318,0.9127962200172985,15.53761985611507,3.875162551423928,25.238609778527568,True,True,True,15.786991759758884
75.094680832,26.21306538686551,1.5979642505765104,3.085096215859041,-0.24779318432757724,45.56645445094815,0.3771179914474487,0.4363323152065277,-0.25,28.057268578365463,-0.5089089274912606,1.652008150672678,0.8972717155348124,14.850158261209955,3.208253118504355,25.2180044349929,True,True,True,15.807597103293553
75.195894528,26.242316894217797,1.5971245732223562,3.067921321732994,-0.2507514619313078,45.31729533797836,0.3771179914474487,0.4363323152065277,-0.25,28.059345855096076,-0.5332288611470672,1.6602914912393467,0.8839399659237955,13.866109314203445,2.473363284467629,25.189937692939417,True,True,True,15.835663845347035
75.303827712,26.26306286655285,1.5956202717015862,3.0547955435780043,-0.2507557343596902,44.8777690246167,0.3771179914474487,0.4363323152065277,-0.25,28.068444635321672,-0.5446125822180885,1.6653023916252847,0.8841043635983303,13.114057623097516,2.1608379067233625,25.169749845889413,True,True,True,15.855851692397039
75.395469568,26.291037057551584,1.5932197538674917,3.0382131233251943,-0.24823498526104246,44.64300773490664,0.3771179914474487,0.4363323152065277,-0.25,28.069557872209646,-0.5693860150668335,1.6717142586781157,0.8697336899773851,16.818726860816437,1.4454965018351578,25.14783650448975,True,True,True,15.877765033796702
75.494354176,26.31497772712774,1.5906191289236569,3.023930065174838,-0.2471500280538787,44.36570362905975,0.3771179914474487,0.4363323152065277,-0.25,28.072997653281682,-0.588684874478735,1.6769166319320137,0.8605662528425485,16.000367910261083,0.904441657126691,25.14783650448975,True,True,True,15.877765033796702
75.60637696,26.336628174191333,1.5876646280182811,3.009400075680791,-0.24645823708583822,43.65647551953503,0.3771179914474487,0.4363323152065277,-0.25,28.089954992163516,-0.5954169255155155,1.6813373876210198,0.8697873728583311,15.167860835882756,0.781162692273086,25.14783650448975,True,True,True,15.877765033796702
75.698691072,26.36361340655813,1.5837604888784445,2.993091401127886,-0.24534594946271146,42.88426001833843,0.3771179914474487,0.4363323152065277,-0.25,28.1107529651507,-0.604275928277578,1.6870201395405044,0.8807262977381994,14.233442614548915,0.6189599721358187,25.14783650448975,True,True,True,15.877765033796702
75.799764224,26.381131799211044,1.5798643829343824,2.9785808663089117,-0.24564533124666574,42.637080868186885,0.3771179914474487,0.4363323152065277,-0.25,28.10587072976094,-0.6258725962736091,1.6896659316578924,0.863585672720651,13.40205021094405,0.03474671868254899,25.14783650448975,True,True,True,15.877765033796702
75.896681472,26.408578238484047,1.5751314172895707,2.9620322802607895,-0.24570479922305993,42.127957444553495,0.3771179914474487,0.4363323152065277,-0.25,28.116364784884063,-0.6437568430640463,1.6954541880270555,0.8608486618350285,12.453886073477568,-0.40429399515060316,25.14783650448975,True,True,True,15.877765033796702
75.99993984,26.429783713875295,1.5700642181189213,2.9460209677812683,-0.24839426450380403,41.439904740076905,0.3771179914474487,0.4363323152065277,-0.25,28.128675443475036,-0.6556417128381764,1.6989134489186297,0.8632360012660846,11.53650544393586,-0.633621920215692,25.141181100708792,True,True,True,15.88442043757766
76.094501376,26.455960803490786,1.563917196596382,2.9279007573729903,-0.24751079556900268,40.84109146018822,0.3771179914474487,0.4363323152065277,-0.25,28.137733921422125,-0.674751867781713,1.7033638957233797,0.8586130125522974,10.498293863652501,-1.0730202206103636,25.11466281611921,True,True,True,15.910938722167241
76.198464512,26.477138538481743,1.5580257603139915,2.912889880417387,-0.24785621148893336,40.351168973326686,0.3771179914474487,0.4363323152065277,-0.25,28.14441460140229,-0.6914609655886439,1.7061174009283504,0.8535938456764693,9.638233967306238,-1.4431576300951097,25.0928540176676,True,True,True,15.93274752061885
76.2944,26.503268989732618,1.5509600045145153,2.8947127420024827,-0.24570872881896655,39.857069932273404,0.3771179914474487,0.4363323152065277,-0.25,28.14897886087747,-0.7143521196786149,1.7097025105902557,0.8431015925470474,8.596760652507115,-1.9905319038409368,25.066023580170157,True,True,True,15.959577958116295
76.397134336,26.526897823514584,1.5447255678710239,2.880682209258273,-0.24930623005388386,39.23572110509664,0.3771179914474487,0.4363323152065277,-0.25,28.165382183720084,-0.7258181998995898,1.7130872305558793,0.8489722756556393,7.792870341943799,-2.173073387227475,25.041821645187355,True,True,True,15.983779893099097
76.494062848,26.54460039483158,1.5383350169039658,2.8669600953856182,-0.24820638863418962,38.472851906594556,0.3771179914474487,0.4363323152065277,-0.25,28.182159293860522,-0.7328763013601707,1.7140369916483746,0.8578506666534118,7.006651131042757,-2.196423399626461,25.023024886776312,True,True,True,16.00257665151014
76.598515968,26.57258227684854,1.5299828840327951,2.8486830847829623,-0.24858989761215328,37.76110572238367,0.3771179914474487,0.4363323152065277,-0.25,28.196815933849773,-0.7507768638285179,1.7171514614466776,0.8583842990237056,5.959455561394713,-2.5318727850636074,24.99398966811717,True,True,True,16.031611870169282
76.697694976,26.594151607139963,1.5211757648758955,2.831957497214473,-0.2502597381431617,37.355676962978656,0.3771179914474487,0.4363323152065277,-0.25,28.196301748724604,-0.775150632616481,1.7173673458160146,0.842976987886085,5.0011499838438125,-3.0847496032094837,24.97069257063694,True,True,True,16.054908967649514
76.797832704,26.621296346605604,1.5122750141094,2.8148638379528697,-0.24535295699852688,36.981386851398014,0.3771179914474487,0.4363323152065277,-0.25,28.19910593996748,-0.8008434193252614,1.7196522262455487,0.8293731546979305,4.021755451719217,-3.6898540237534583,24.942217325839263,True,True,True,16.08338421244719
76.901896192,26.640652319988714,1.5043405291807301,2.800839024403306,-0.2429774535340298,35.860977196641834,0.3771179914474487,0.4363323152065277,-0.25,28.2312293228016,-0.8000172551320219,1.7198172600768666,0.8551992733675147,3.218192826871323,-3.373006993845144,24.921298852651063,True,True,True,16.10430268563539
77.000587008,26.66726912463598,1.493749256403251,2.7831270610372947,-0.2449795438789241,35.41797230476453,0.3771179914474487,0.4363323152065277,-0.25,28.23476964710717,-0.8263675751491035,1.720338957818714,0.8417709016264878,2.203372079108553,-3.944822849730619,24.89265697456767,True,True,True,16.13294456371878
77.097855232,26.684989028648957,1.4858138579675604,2.769933288720722,-0.24531579318403648,34.80153576226469,0.3771179914474487,0.4363323152065277,-0.25,28.24683559943605,-0.8381128382344936,1.719870675518523,0.8441314317172518,1.447424609512394,3.3963739310642564,24.873247022011068,True,True,True,16.152354516275384
77.197270016,26.710500969741947,1.4747036705749446,2.7529089535691735,-0.24966592932771495,33.981508865808905,0.3771179914474487,0.4363323152065277,-0.25,28.266038929278718,-0.8534504601561335,1.7194866819974863,0.8504886581683143,0.47200205631245745,3.240978274320146,24.84542350765348,True,True,True,16.180178030632973
77.298491392,26.734347097420734,1.4645797674349812,2.7373423194671425,-0.248745856673592,33.50633642129867,0.3771179914474487,0.4363323152065277,-0.25,28.272910673922933,-0.8748265933883708,1.7193683223004934,0.8439059037842966,-0.4199003789583432,2.8242482835595597,24.819517577617237,True,True,True,16.206083960669215
77.398741504,26.74890918816968,1.4573379454439448,2.7263981103266097,-0.248453904156124,32.931900392147995,0.3771179914474487,0.4363323152065277,-0.25,28.28532358403736,-0.8834804593389949,1.718318943396007,0.8494401049902992,-1.046957372819367,2.771627318849209,24.80328805893537,True,True,True,16.222313479351083
77.497355776,26.77547077621463,1.445245286081767,2.7095105385216076,-0.2475114704691385,32.21864212778008,0.3771179914474487,0.4363323152065277,-0.25,28.301479489021208,-0.902369973801846,1.717434633585029,0.85297682314832,-2.0145439634701137,2.517298992566385,24.774116696847226,True,True,True,16.251484841439225
77.598559744,26.794120627833248,1.4355842394274758,2.695272556987172,-0.24653913701598873,31.216502407768576,0.3771179914474487,0.4363323152065277,-0.25,28.32775723997097,-0.9070550289855526,1.715734363186244,0.8731019133001442,-2.830320214178471,2.703662461869527,24.753181991966958,True,True,True,16.272419546319494
77.699954688,26.819512966430235,1.4231747999665836,2.6780745678429705,-0.2500278006353099,30.59827439598654,0.3771179914474487,0.43583085333193305,-0.25,28.338106856028176,-0.9292436573823193,1.7141058913819083,0.8707546411269399,-3.8156924082530272,2.336518279577046,24.724966515243356,True,True,True,16.300635023043096
77.798916864,26.839041939139143,1.4130092564169,2.664296561845398,-0.2517288760524763,30.202811219034253,0.3771179914474487,0.34175829725747264,-0.25,28.341425131584394,-0.9497951669448854,1.7122801976855273,0.8631805201003268,-4.605114002019867,1.9425598627624516,24.70302600719881,True,True,True,16.32257553108764
77.897728256,26.863985947618527,1.3998875964953899,2.6470251944271403,-0.2511180918854276,29.656054189100605,0.3771179914474487,0.4133952971012502,-0.25,28.348063146768265,-0.9744575483737952,1.7099696888032925,0.8563796671023353,0.6867902274715275,1.4997404332101711,24.69745571885071,True,True,True,16.328145819435743
77.998625792,26.881922523094744,1.389714966999346,2.63466823741995,-0.24644691058809753,28.554138624478497,0.3771179914474487,0.4363273134346354,-0.25,28.382288374655456,-0.9743709687209479,1.707914669458721,0.8859107763367757,-0.021211256665092184,1.893654513695692,24.69745571885071,True,True,True,16.328145819435743
78.09939456,26.906964708127095,1.3756244085543867,2.617435820522206,-0.2403026923199583,27.907061832032202,0.3771179914474487,0.2505256372806195,-0.25,28.393264358925215,-0.9973301523332403,1.7055598586564489,0.8837119850999855,-1.0085560157157347,1.5533865470913426,24.69745571885071,True,True,True,16.328145819435743
78.198627328,26.925107552544993,1.3653357825677561,2.6051031830803364,-0.241702109079316,26.98808846930753,0.3771179914474487,0.09248191616631257,-0.25,28.420192267003916,-1.0020935609589474,1.7040823475426075,0.9044938929122381,-1.7151640913998871,1.7657518341318226,24.69745571885071,True,True,True,16.328145819435743
78.30003456,26.949331594216517,1.3509952968165195,2.5889876000059067,-0.2467784307424552,25.979735934314927,0.3771179914474487,-0.16488336536462614,-0.25,28.447926716878793,-1.0142135012249622,1.701967435709714,0.9222361262490377,-2.6385189859571745,1.8507494745671766,24.69745571885071,True,True,True,16.328145819435743
78.401155072,26.97152273903138,1.3372383654889388,2.572614967323778,-0.2485703805520193,25.58877347101829,0.36872825603717796,-0.013579353949711553,-0.25,28.44746438310252,-1.0421725412895806,1.6998876956536342,0.9076443258109856,-3.5766017381610955,1.3036291856599118,24.69745571885071,True,True,True,16.328145819435743
78.499992064,26.987353471713284,1.3273284088837836,2.5611783194763813,-0.253287944765431,25.041303003090604,0.3593789935111999,-0.06274556018016782,-0.25,28.458815678602367,-1.0548552477004673,1.698563219200149,0.9109857658466339,-4.231873391594313,1.195828000154365,24.69745571885071,True,True,True,16.328145819435743
78.59999232,27.012206434798713,1.3108688447339751,2.541242928401335,-0.24627926022533445,24.317399395983724,0.3535724162766176,-0.06532973602453045,-0.25,28.46623751966612,-1.0819942111552077,1.69609078192097,0.9036029848855434,-5.374087163137239,0.777517835718305,24.689364419636252,True,True,True,16.3362371186502
78.700868608,27.02905319914392,1.2993560007631948,2.52812040490325,-0.24851092800089863,23.417012818311687,0.34729728482560707,-0.25947106178280155,-0.25,28.489282140018542,-1.089729899792116,1.6941971989965525,0.9195303146277928,-6.125952376138756,0.9260392003888172,24.669047594369818,True,True,True,16.356553943916634
78.799969024,27.052738609460413,1.2824117853862986,2.510833530193181,-0.24895199456367906,22.18230915416268,0.3371588644956623,-0.11238202560883905,-0.25,28.523138375000688,-1.1004278083545616,1.690872194014226,0.943268743255208,-7.116417337997159,1.170277902679412,24.640115787677757,True,True,True,16.385485750608694
78.899292672,27.068410542338423,1.2700898610387426,2.4971861754895457,-0.2441256646263755,21.822136236206404,0.31136409391728065,-0.35856244260022735,-0.25,28.521230185489884,-1.123508911619962,1.6877011443005414,0.9299075442860059,-7.8983531640334625,0.7485149945994284,24.62043372113298,True,True,True,16.405167817153472
78.999108096,27.09093872294563,1.252964748908001,2.4810442764538463,-0.24786282169761717,20.887136340403533,0.30155372715206546,-0.30243372993914563,-0.25,28.544181837166143,-1.1403769423201169,1.6836565095749827,0.9411187212234379,-8.823215852105331,0.7586522023304177,24.59242605580903,True,True,True,16.43317548247742
79.099790336,27.10765553698771,1.2395995045847332,2.46852681021635,-0.25070342812884266,19.424796977664734,0.259232497947768,-0.19392797614457827,-0.25,28.591900695373567,-1.1346406496136874,1.6800801003873664,0.9851435198811925,-9.540413837711384,1.5037935794631394,24.571324138245437,True,True,True,16.454277400041015
79.199386624,27.1295911232754,1.2216574130532156,2.4529853165579496,-0.24823476011224418,18.122091172282488,0.23078372557252788,-0.4363323152065277,-0.25,28.63088040208842,-1.1418422170125657,1.6750335740816107,1.0150710628842543,-10.430875831667048,1.9160373908897241,24.54343827862886,True,True,True,16.482163259657593
79.299857408,27.144960959338434,1.2083853552627886,2.4439396595574365,-0.24823055963615484,17.40470812856643,0.21354102906657424,-0.4363323152065277,-0.25,28.654454410574655,-1.149882975668821,1.67088513985355,1.0312996238432943,-10.949153800719415,2.11514246555346,24.523559398578605,True,True,True,16.502042139707847
79.401935872,27.166230518338374,1.1898708783349823,2.4315213809383414,-0.24318780428616038,16.459609976466798,0.16576575099602506,-0.4363323152065277,-0.25,28.685325577507925,-1.1622239754510326,1.6650149729615282,1.0516321121282475,-11.660668754411116,2.3487256639613268,24.49597822498824,True,True,True,16.529623313298213
79.499593984,27.183447435658106,1.1748383219484597,2.423755983845183,-0.24209876136521113,15.268581243650763,0.1223440461288908,-0.4363323152065277,-0.25,28.733041755358034,-1.1572760501083055,1.6602232639300043,1.0952543849803948,-12.105593234092249,3.094829917096247,24.473630081484455,True,True,True,16.551971456801997
79.601215488,27.198802795295393,1.1598435767006408,2.4162994561547855,-0.24713808669241097,14.46458864017858,0.08050638574609226,-0.4363323152065277,-0.25,28.76369899688069,-1.1620306400182383,1.6545614513019966,1.1192538217329204,-12.532820800574457,3.4715949540862345,24.45292806872234,True,True,True,16.572673469564112
79.70179072,27.21974232620337,1.1411547485200395,2.4097430818267664,-0.250749680255395,13.959309566961162,0.03754759251649846,-0.4363323152065277,-0.25,28.789887547804597,-1.1771730934994693,1.6483787091703872,1.1341347131546426,-12.908473378477868,10.36514127344538,24.425550889299615,True,True,True,16.600050648986837
79.80324352,27.237086201782194,1.1253231237216443,2.4068811905793996,-0.2529166282720032,13.344509251422469,-0.006223859048448218,-0.4363323152065277,-0.25,28.825424157548614,-1.1805785520381322,1.6429498735213581,1.1632722140447052,-13.072447668377418,10.815967299084498,24.402704049094748,True,True,True,16.622897489191704
79.901238784,27.25617113858936,1.1080668497872728,2.405471239121905,-0.24967966186772314,12.502053041761256,-0.046002568659386275,-0.4363323152065277,-0.25,28.87502177279881,-1.1765168374782327,1.6371199996251486,1.208686910624828,-13.153231936210187,11.577639240912967,24.377643594721654,True,True,True,16.647957943564798
80.00119424,27.27320721593393,1.0923122756056822,2.4061413994649277,-0.2493135150407736,12.001837232707276,-0.09131728763333082,-0.4363323152065277,-0.25,28.913462400955233,-1.176952567468111,1.6316092051259843,1.242457379799009,-13.114834576957941,12.116252409219172,24.355103282325384,True,True,True,16.670498255961068
80.100803584,27.292360435048774,1.0747674721944747,2.4095207678029205,-0.2449911226373695,11.585632060756032,-0.13043419396194506,-0.4363323152065277,-0.25,28.956675220548185,-1.176911078302477,1.6255601631842782,1.280972488068466,-12.921211033770815,12.726081124357574,24.329843135437716,True,True,True,16.695758402848735
80.205732096,27.307828794115732,1.0601565551843324,2.413518020996616,-0.24028326192886215,11.203346328252278,-0.18076165075023876,-0.4363323152065277,-0.25,28.99607244962281,-1.17363693563797,1.6202888018127979,1.3177533820870382,-12.69218529612688,13.337392594505213,24.309228534364863,True,True,True,16.71637300392159
80.302018048,27.32692636020382,1.0425503822071407,2.4208271927135545,-0.24353323650875155,10.856624730990736,-0.22643843166333955,-0.4363323152065277,-0.25,29.04486328230802,-1.1684884531983222,1.6141590959890286,1.3639835172463772,-12.273400605009904,14.102898882883759,24.28398727718726,True,True,True,16.74161426109919
80.404497152,27.346761949287416,1.0249619450541942,2.429938945088164,-0.24570110730452094,10.791851936394652,-0.2738602824367116,-0.4363323152065277,-0.25,29.08725438178196,-1.1683656849247894,1.6084029631980787,1.4024959365934098,-11.751335649976468,14.689736632513272,24.258109281687815,True,True,True,16.767492256598636
80.499899648,27.360820470486885,1.0116344103545445,2.4375724405302828,-0.2500980583265078,10.90819652861845,-0.31387970275656313,-0.4363323152065277,-0.25,29.11357451328225,-1.1719070400110088,1.6035716909656395,1.4250470916152609,-4.331079466264077,15.010759112055222,24.241804946854767,True,True,True,16.783796591431685
80.617286144,27.387126130547223,0.9894532423367253,2.4548903908351782,-0.2500353884676067,11.310651704860701,-0.364190751402183,-0.4363323152065277,-0.25,29.16226381511679,-1.1759303728273391,1.597347429532015,1.467987265541813,-3.3388340039762694,15.600549398100773,24.241804946854767,True,True,True,16.783796591431685
80.71197312,27.403694579832024,0.9758202972777602,2.4671722413123813,-0.24895379349497482,11.473353849928326,-0.3771179914474487,-0.4363323152065277,-0.25,29.199198734124824,-1.172705902682877,1.5940852001715264,1.503094185320356,-2.635135807021796,16.141545449987614,24.241804946854767,True,True,True,16.783796591431685
80.807115264,27.421066561350226,0.9614541218256563,2.4817831711110845,-0.24391010621231426,11.74707110940324,-0.3771179914474487,-0.4363323152065277,-0.25,29.237611443692426,-1.169312099615907,1.5909071723168844,1.539621990754587,-1.797991194794176,16.704972802740343,24.241804946854767,True,True,True,16.783796591431685
80.901410816,27.440525000293754,0.9464687893920468,2.498255730440536,-0.24534134738967978,12.565339099894471,-0.3771179914474487,-0.4363323152065277,-0.25,29.261734216261996,-1.1803121094483449,1.588650099629801,1.5572738137708304,-0.8541830674377576,16.83051293960548,24.241804946854767,True,True,True,16.783796591431685
81.001037312,27.45949479571794,0.9321242335494689,2.5124237602461426,-0.24534399820668346,13.231487274118317,-0.3771179914474487,-0.4363323152065277,-0.25,29.28610344565802,-1.1900211054798993,1.587032793019319,1.5756710532577598,-0.04241475556094283,16.976133077258485,24.241804946854767,True,True,True,16.783796591431685
81.1002432,27.481810731683552,0.9160602999337564,2.5309379929265754,-0.25038620897067176,14.221314289307413,-0.3771179914474487,-0.4363323152065277,-0.25,29.31104624060313,-1.2038211714951847,1.5862520977376495,1.5929460590811366,1.0183726379510403,17.04709345558137,24.241804946854767,True,True,True,16.783796591431685
81.201590528,27.49925287952793,0.9041049519188237,2.544809180016605,-0.24812618891103025,15.846061204660005,-0.3771179914474487,-0.4363323152065277,-0.25,29.29758894395551,-1.2420514728040173,1.5864629257030496,1.5652345874980678,1.8131331150460936,16.21710701732384,24.241804946854767,True,True,True,16.783796591431685
81.30265984,27.523806991395507,0.8877468922731784,2.5641745732510586,-0.2464288919992275,16.529567538274307,-0.3771179914474487,-0.4363323152065277,-0.25,29.338051918307848,-1.2449779716445355,1.5875702745059588,1.6010942749587862,2.9226884159914785,16.64315598465491,24.229640397967568,True,True,True,16.795961140318884
81.399077632,27.54091357234978,0.876668411608067,2.5782454492147364,-0.24506893373893301,17.225642177420525,-0.3771179914474487,-0.4363323152065277,-0.25,29.35925441683783,-1.2525653879701928,1.5886648317523504,1.6174470724000751,3.728890222762294,16.75328315227952,24.209289236078703,True,True,True,16.81631230220775
81.501695488,27.56478801826966,0.8617164730163195,2.597527501584297,-0.25218607887979794,18.14725738147765,-0.3771179914474487,-0.4363323152065277,-0.25,29.389926363758466,-1.2616935250354886,1.5906046003117045,1.6418474227177147,4.833670443888351,16.93644816934847,24.181186087970907,True,True,True,16.844415450315545
81.60559872,27.587836963550153,0.8479941521490738,2.6152814875252393,-0.25219918475673536,20.181177301675362,-0.3771179914474487,-0.4363323152065277,-0.25,29.375010862565198,-1.3074662289944432,1.593053780317734,1.609764261310871,5.850898907838935,15.919756713101304,24.154473591160894,True,True,True,16.871127947125558
81.699778816,27.605207996542322,0.8382105304219523,2.628469971779131,-0.2476185163564061,21.519222192844573,-0.3771179914474487,-0.4363323152065277,-0.25,29.370380111662836,-1.3353044577943631,1.5953512812172193,1.5943165416552816,6.606543393761667,15.337356307854835,24.13466971449668,True,True,True,16.89093182378977
81.800409856,27.63024496165211,0.8244642573879551,2.647004486316395,-0.24318559923689334,23.083642303956456,-0.3771179914474487,-0.4363323152065277,-0.25,29.37628822224595,-1.3644471003729826,1.5989497908482169,1.5879904165319843,7.668492852070775,14.834885655052078,24.106334923643924,True,True,True,16.919266614642527
81.903485952,27.648842634291906,0.8155030172309707,2.661821812648327,-0.24088214411819925,25.204898529396413,-0.3771179914474487,-0.4363323152065277,-0.25,29.345853386463503,-1.411637415479546,1.6026336691324095,1.5411307436540027,8.51746311455854,13.562599692099887,24.086022211034443,True,True,True,16.93957932725201
82.000246528,27.674071305335918,0.8025968065885687,2.6807222359148266,-0.24353497962867035,26.290398121934274,-0.3771179914474487,-0.43320183198362106,-0.25,29.370981570205352,-1.4246201906931844,1.6070244481465803,1.5589045245877036,9.60037759873983,13.560014583743307,24.058026190327176,True,True,True,16.967575347959276
82.098750976,27.695067769700135,0.7936213362366366,2.6974149094566595,-0.2501105522369665,27.158182519686378,-0.3771179914474487,-0.17406396396001184,-0.25,29.395421459761856,-1.4309679131965005,1.6121070029113427,1.5787198444839177,10.55679734147655,13.648649928727913,24.03576460411012,True,True,True,16.98983693417633
82.199117568,27.72270436559169,0.7814792023680815,2.718550879666833,-0.2536366875866291,27.953596192209563,-0.3771179914474487,-0.43387959494544387,-0.25,29.439148982427984,-1.4307183198558513,1.6185314407336968,1.6188465948090587,11.767799230433736,14.064238145161895,24.006269868206545,True,True,True,17.019331670079907
82.300886272,27.743903157810553,0.7731112773365321,2.735142243796931,-0.24941229704272033,29.887458861555825,-0.3771179914474487,-0.2718144834218295,-0.25,29.422133585162292,-1.4682148106548611,1.6242244140202124,1.5881736596742082,12.718414371453074,13.08099061683499,23.984201768695456,True,True,True,17.041399769590996
82.398864128,27.770174237110144,0.762865579672573,2.7551916421851352,-0.2485918187655122,31.009580798942057,-0.3771179914474487,0.0024812187941303243,-0.25,29.449445973617905,-1.4776804330141131,1.6313802261155743,1.6093629309134934,13.867160280873582,13.107614588869296,23.956926536681,True,True,True,17.068675001605452
82.497701632,27.792132809275977,0.7542879854046743,2.771351830161416,-0.24282881063647327,32.38622572909781,-0.3762730695922699,0.18860164193815016,-0.25,29.453726841280947,-1.4993990542717457,1.6373502421065973,1.6045365468947514,14.793070848052539,12.656880225892465,23.934120552289755,True,True,True,17.091480985996697
82.598947328,27.81380783258006,0.7477592672681136,2.788886338668295,-0.24281867597257734,34.34329481726931,-0.3678825240424832,0.436111266828706,-0.25,29.43771146349964,-1.533235471324287,1.6448110100299511,1.5762526973779536,15.797724181332931,11.704464471001348,23.91274842703902,True,True,True,17.112853111247432
82.698984192,27.839609270540812,0.7386615647102647,2.8081017269864574,-0.25002127925675616,35.24496628013829,-0.34389259262476113,0.3903850035596027,-0.25,29.47143693798145,-1.53667104037745,1.6526194053091905,1.6057666285876917,16.89868483366863,17.765562494883238,23.88652798928835,True,True,True,17.139073548998102
82.799414016,27.86076030962588,0.7330896811292238,2.8256344704845198,-0.24934298286753767,36.257470753951644,-0.2973343339270464,0.4363323152065277,-0.25,29.49227216051765,-1.5424693887258547,1.6605461698694572,1.6226389055043544,17.903237039393034,17.75761022679429,23.866142240721643,True,True,True,17.15945929756481
82.896091392,27.887466851838646,0.7245561836157189,2.8452221992195623,-0.24859248848125898,37.580267562468876,-0.26124113521786874,0.4361585965184232,-0.25,29.511005567489697,-1.556698304332115,1.6693430676447267,1.6344740504213715,19.025531226158098,17.557107605042173,23.8395212984711,True,True,True,17.18608023981535
82.99746816,27.907032833476144,0.719238204676182,2.858381305026036,-0.24927206775682964,39.37852869975925,-0.215539937465658,0.31723759763188353,-0.25,29.488724964727993,-1.5912271168415373,1.6765434143914368,1.6009637894178503,19.77949245103514,16.512807692628805,23.82056704976092,True,True,True,17.20503448852553
83.093961472,27.93469602246258,0.7118951772610721,2.8739287943424197,-0.24571155234095488,40.2643482580157,-0.17590934359966526,0.4363323152065277,-0.25,29.516589207759097,-1.598432494371774,1.6868657337322237,1.6243722351030043,20.670297970888658,16.51779365422589,23.79387207270633,True,True,True,17.231729465580123
83.20435712,27.960425813309044,0.7050380639771376,2.88641151782961,-0.24894647653771454,41.23203045214873,-0.13964268730300056,0.4363323152065277,-0.25,29.532123175496896,-1.6122377939413253,1.696491495728287,1.6341010177036495,29.211275782000783,16.265318832737677,23.781648984918384,True,True,True,17.243952553368068
83.294340864,27.98053550867907,0.7002631578988097,2.8946076413762043,-0.2508221871565346,42.06081010885023,-0.10128261848876874,0.4363323152065277,-0.25,29.537675521226145,-1.6268197760175753,1.7046985530286176,1.6343685711215938,29.680879069588425,15.906142463623848,23.781648984918384,True,True,True,17.243952553368068
83.395489024,28.008005483225197,0.6934762908778608,2.9030606489964175,-0.2449945440795016,43.65580367610556,-0.058495550613279865,0.4363323152065277,-0.25,29.519745536677515,-1.6633525129999227,1.7160398427965164,1.6054792029125495,30.165200730418565,14.795470557198623,23.781648984918384,True,True,True,17.243952553368068
83.494749696,28.028137226881114,0.6889599414792872,2.9087079954853072,-0.24212873691993975,45.25985247259073,-0.018558244564096466,0.4363323152065277,-0.25,29.4868323620938,-1.7010627576821324,1.7249566351907348,1.5624592624627394,30.488769849679972,13.514990879974862,23.781648984918384,True,True,True,17.243952553368068
83.602649088,28.056084869231146,0.6824139401256679,2.914842583310225,-0.24461619820560515,46.91872822646222,0.028831545747060008,0.4363323152065277,-0.25,29.459868852231665,-1.7402685667396458,1.737452121984945,1.5247599681586517,30.84025584110011,12.20760111752354,23.781648984918384,True,True,True,17.243952553368068
83.696660992,28.07662745545426,0.6778997280687404,2.9165779779454724,-0.24893865944460872,47.53358979831104,0.07016844317000283,0.4363323152065277,-0.25,29.4585605653315,-1.757312968971299,1.7471082331888377,1.5182813110925875,30.93968662948942,11.692170334064004,23.781648984918384,True,True,True,17.243952553368068
83.794361088,28.104239459904786,0.6717980894585917,2.915719682591745,-0.25255462070437523,48.337439902944794,0.11188486749092423,0.4363323152065277,-0.25,29.4497650005111,-1.7837183571521993,1.760374157168885,1.5018027347569998,30.890509928145157,10.839143528086,23.781648984918384,True,True,True,17.243952553368068
83.896294656,28.12902932902076,0.6661378774082625,2.9126143312413433,-0.2500390806271179,49.36979023882403,0.16058029349710853,0.4363323152065277,-0.25,29.42239003484282,-1.8172505506543843,1.772447661127501,1.465453974162503,30.712586401861884,9.628869665923515,23.781648984918384,True,True,True,17.243952553368068
83.996994048,28.149730888232824,0.6618205458285158,2.909896866616357,-0.2477004712792549,49.88347018971697,0.20527402904020361,0.4363323152065277,-0.25,29.41399088316815,-1.836508228613737,1.7830487345939072,1.4515474020728965,30.556887147874075,8.959490461042744,23.781648984918384,True,True,True,17.243952553368068
84.099061248,28.176790007560115,0.6553599756301489,2.9029904554175996,-0.24174617316306318,50.22925029564147,0.2492798650948592,0.4363323152065277,-0.25,29.408613133907192,-1.8591204449332142,1.7965879181878417,1.4394862454320019,30.16117893460338,8.218002141847533,23.781648984918384,True,True,True,17.243952553368068
84.19476864,28.196546884998117,0.6501955182539242,2.8968636018601766,-0.24378518942014757,50.47328602708186,0.29466774767701165,0.4363323152065277,-0.25,29.402188446441556,-1.8769428684040421,1.8063554053700026,1.4278994568578423,29.810136084068326,7.622923559872089,23.781648984918384,True,True,True,17.243952553368068
84.294535424,28.224116158525813,0.6431540259465603,2.885191284462582,-0.24714261474673854,50.75855109896855,0.33717893273459665,0.4363323152065277,-0.25,29.38751281487805,-1.9037084006458995,1.8203402418158663,1.405714285564457,29.141361560049045,6.6688839639661035,23.76705761071315,True,True,True,17.258543927573303
84.394857472,28.24460146717861,0.6374429047017754,2.8751354968293352,-0.2515353834249244,50.92682343855304,0.3727199220565537,0.4363323152065277,-0.25,29.3748102551913,-1.9243197883474643,1.8304074375772852,1.3872965321423634,28.565207368984147,5.924457433316763,23.748324849411773,True,True,True,17.27727668887468
84.494275328,28.271999880419486,0.6298073079761264,2.8605122792639524,-0.24427783292647395,51.02433144198299,0.3771179914474487,0.4363323152065277,-0.25,29.360239012431414,-1.9500639274846514,1.843874020343765,1.3655243308085219,27.72735871958614,4.98910078048878,23.723272373804203,True,True,True,17.30232916448225
84.595251968,28.293341259481522,0.6235958921186153,2.8475319457262236,-0.24194651094491287,51.058575208502525,0.3771179914474487,0.4363323152065277,-0.25,29.34645166269361,-1.9708131887023854,1.8541731864002655,1.3460318568979448,26.98364039120216,4.211138685585267,23.703575589148702,True,True,True,17.32202594913775
84.694115072,28.318926372588695,0.6157357554099726,2.832819441328801,-0.24281634075913303,51.11484122054615,0.3771179914474487,0.4363323152065277,-0.25,29.33119071463866,-1.99488120266989,1.8662219963278086,1.3241179315827112,26.140675983162172,3.311908265501672,23.67967567406276,True,True,True,17.34592586422369
84.802637824,28.341112246606432,0.6089257961890773,2.8195337495163058,-0.2504568995300925,51.12896963195437,0.3771179914474487,0.4363323152065277,-0.25,29.317957386721318,-2.0151499596217057,1.876674242174436,1.3053002569580516,25.379461914394692,2.536565785325947,23.658955174375667,True,True,True,17.366646363910785
84.893654016,28.367001704217667,0.6004186019951737,2.8037497639244267,-0.250035722031991,51.0059781135084,0.3771179914474487,0.4363323152065277,-0.25,29.30797160438076,-2.036734341424502,1.8884670554758252,1.2891692752245236,24.47510615608472,1.7552015454619458,23.634387595681474,True,True,True,17.391213942604978
84.994657792,28.38941473542309,0.5924325931606635,2.790138847247073,-0.24967430477670224,50.82436576392961,0.3771179914474487,0.4363323152065277,-0.25,29.302798847831852,-2.054401263204193,1.8982282484085014,1.2788216865396327,23.69525807516814,1.1569658141241528,23.61268876120929,True,True,True,17.41291277707716
85.09517952,28.41114422353206,0.5831876194650486,2.7750168945443656,-0.246593114553487,50.5332949285194,0.3771179914474487,0.4363323152065277,-0.25,29.29790373304312,-2.0726846614045904,1.90660787274956,1.268549034969749,22.828834007306547,0.5816125816727935,23.59061112347304,True,True,True,17.434990414813413
85.194477312,28.43775711726348,0.5727593925806755,2.7591940969344293,-0.24966694605066272,50.09352496481955,0.3771179914474487,0.4363323152065277,-0.25,29.302849077327185,-2.090249413381696,1.9175159193134135,1.2678621309040976,21.92225448416751,0.11480302223358113,23.564191272056487,True,True,True,17.461410266229965
85.294134016,28.45780938815511,0.5641279133206725,2.7461647117083334,-0.2472390834566735,49.71792033999444,0.3771179914474487,0.4363323152065277,-0.25,29.30564342659851,-2.1044255231420026,1.925176549726534,1.2661686426767873,21.17572570106211,-0.25612113604671455,23.54374840670447,True,True,True,17.481853131581982
85.395098368,28.484256516875686,0.5524741769738274,2.728719306981924,-0.24966809473611964,49.438501310625334,0.3771179914474487,0.4363323152065277,-0.25,29.29848443173932,-2.126524311763488,1.9350857472461824,1.2525699399478083,20.176177638341283,-0.9762501693983998,23.516599410536635,True,True,True,17.509002127749817
85.494752512,28.50420285234069,0.5428184703390945,2.714711124764019,-0.24846972819004753,49.19876047879279,0.3771179914474487,0.4363323152065277,-0.25,29.292073646177403,-2.1440495227374368,1.9419341628080364,1.2410876423240835,19.373567918605104,-1.539119057302052,23.49552363834697,True,True,True,17.53007789993948
85.593876224,28.530414731550653,0.5299978197359,2.696153451777228,-0.24751013648196274,48.53867523718302,0.3771179914474487,0.4363323152065277,-0.25,29.299358651231383,-2.1623478579931015,1.9508386589676638,1.2424021235439358,18.310291578878036,-1.9423101554193625,23.467736201585907,True,True,True,17.557865336700544
85.696142848,28.551581589210084,0.5196696628030429,2.682264964509053,-0.23958628559636744,47.89789949005976,0.3771179914474487,0.4363323152065277,-0.25,29.313240338707576,-2.174746034396243,1.9580472564750813,1.2518062869305604,17.51453987459044,-2.097286112583675,23.445314274577274,True,True,True,17.580287263709177
85.8002816,28.5720985869738,0.5074739722179776,2.6652378356578987,-0.2421586066329963,47.22442841879896,0.3771179914474487,0.4363323152065277,-0.25,29.31953958797768,-2.190920355899823,1.9634586077393077,1.252834821857635,16.53895725419386,-2.3993976617194757,23.422067783582328,True,True,True,17.603533754704124
85.895592448,28.59520907753302,0.49535628724430614,2.648853185353122,-0.2522426703145899,46.538120769292064,0.3771179914474487,0.4363323152065277,-0.25,29.330752866319845,-2.2063053005155524,1.9707223461675325,1.2587823798269788,15.600185942932422,-2.6518613234740065,23.397004440488175,True,True,True,17.628597097798277
85.993961472,28.616526140095957,0.482486985669401,2.6325026439918826,-0.25314795961268755,46.06919234639717,0.3771179914474487,0.4363323152065277,-0.25,29.329983349510286,-2.2250910483556052,1.9762018555139789,1.2522817766862155,14.663368930179312,-3.1197499133322135,23.37271429728851,True,True,True,17.65288724099794
86.094915072,28.64206612112769,0.4679729436745264,2.6154572980220347,-0.25040054354996455,45.75260299045638,0.3771179914474487,0.4363323152065277,-0.25,29.324285871040193,-2.247644152462063,1.9834194643373433,1.2400221970305056,13.686742545766702,0.13644306994675623,23.344238796081278,True,True,True,17.681362742205174
86.201388288,28.660513818985937,0.4555982535944802,2.600310702891285,-0.24204033737958217,45.34794751896596,0.3771179914474487,0.4363323152065277,-0.25,29.320758400104282,-2.2654451295774716,1.9872686025100852,1.2314919307000738,12.818906570781342,-0.32673743354815477,23.322361075766455,True,True,True,17.703240462519997
86.294875904,28.683754690465015,0.44031125055762127,2.5828023228487442,-0.2449766159416588,44.63890963538341,0.3771179914474487,0.4363323152065277,-0.25,29.33002260810895,-2.284085522789493,1.9924637723563419,1.2352657443019508,19.995387424766772,-0.6208558325143188,23.317539789021854,True,True,True,17.708061749264598
86.394397184,28.703910946692968,0.4274456378007926,2.56820676473515,-0.24822427707221237,44.0678593257334,0.3771179914474487,0.4363323152065277,-0.25,29.337561161786226,-2.299913415369924,1.997543922188898,1.2384186493575073,19.15912354521989,-0.8860694024111561,23.317539789021854,True,True,True,17.708061749264598
86.49542912,28.719723868596958,0.4145537938424762,2.552185589622596,-0.2493903712197455,43.5042606765188,0.3771179914474487,0.4363323152065277,-0.25,29.336494658365044,-2.3166719003997356,1.9997659037177302,1.2332352692467932,18.241177828430512,-1.2404164699859754,23.317539789021854,True,True,True,17.708061749264598
86.59448192,28.743217644285846,0.3983139913035281,2.534802731188236,-0.2500337187277486,42.90228916121155,0.3771179914474487,0.4363323152065277,-0.25,29.341192798769196,-2.3370883035373264,2.0054498571947823,1.232867248715446,17.24521340426832,-1.6344093788408594,23.317539789021854,True,True,True,17.708061749264598
86.705073152,28.759152922351383,0.38557091432527274,2.52000553157327,-0.24633658359257232,42.32200110642177,0.3771179914474487,0.4363323152065277,-0.25,29.344349293508266,-2.3525936547218134,2.008350577002876,1.232188384365737,16.397396317718158,-1.9019384106012767,23.317539789021854,True,True,True,17.708061749264598
86.795212032,28.78250225877965,0.36852354569807105,2.5033299811396823,-0.24210298468046362,41.98239500638718,0.3771179914474487,0.4363323152065277,-0.25,29.338234764009513,-2.375772608624735,2.0140553358458737,1.2206605962937758,15.441957656816026,-2.5177709714688077,23.317539789021854,True,True,True,17.708061749264598
86.903954176,28.799900817038424,0.3544763723226495,2.488691408547626,-0.24425743165984337,41.367719920552645,0.3771179914474487,0.4363323152065277,-0.25,29.344897616853775,-2.3919719683877716,2.0176745942058267,1.2232169528741819,14.603229229195327,-2.741824313254987,23.317539789021854,True,True,True,17.708061749264598
86.99486976,28.81769216497455,0.34001057181534833,2.47420767313578,-0.24816487432186593,40.52214889678379,0.3771179914474487,0.4363323152065277,-0.25,29.363442193478342,-2.4062881931386957,2.0215583150165584,1.2377582931159106,13.773372318512356,-2.7261102001690696,23.317539789021854,True,True,True,17.708061749264598
87.096105728,28.836203210096215,0.32408174827799896,2.4582033408515773,-0.25257832224715704,40.08597587316349,0.3771179914474487,0.4363323152065277,-0.25,29.358888241328344,-2.426700023896207,2.0253008348730566,1.2284127692678002,12.856391624702585,-3.2069178703585868,23.317539789021854,True,True,True,17.708061749264598
87.212884736,28.85792565326546,0.30510672915667336,2.440053078522957,-0.25075684799710446,39.663022329106504,0.3771179914474487,0.4363323152065277,-0.25,29.350959625789052,-2.451143894777516,2.0298792929565654,1.2148192436621712,11.816458196217342,-3.823897754786827,23.317539789021854,True,True,True,17.708061749264598
87.29507584,28.87594736499608,0.2897779652251739,2.4265750202295706,-0.24763954617302658,39.395149793386366,0.3771179914474487,0.4363323152065277,-0.25,29.34469982400209,-2.470705893118471,2.0342387701357394,1.2040233920845107,11.044222339975013,-4.328261075309026,23.317539789021854,True,True,True,17.708061749264598
87.395891968,28.8913000695886,0.27575217259895557,2.4142719338171403,-0.24318482050940157,38.5342492217193,0.3771179914474487,0.4363323152065277,-0.25,29.367566097590988,-2.4834452959724453,2.0375650509809056,1.2231392326242914,10.339307413558009,-4.172275430058939,23.317539789021854,True,True,True,17.708061749264598
87.524541184,28.916059231050163,0.25278929624610785,2.3937202628808816,-0.24733092023322367,37.90714870901964,0.3771179914474487,0.4363323152065277,-0.25,29.36579690141373,-2.510856127439056,2.0429415934730115,1.2148070132814908,9.161783406968706,-4.722698923948584,23.28792550522572,True,True,True,17.737676033060733
87.596879616,28.92957690925147,0.2401534900542626,2.3826397280712843,-0.2489999383194892,37.670682036136974,0.3771179914474487,0.4363323152065277,-0.25,29.360087094662394,-2.526552309313905,2.045818027636882,1.2054778739144631,8.526915527630988,-5.121100130403618,23.269646628111058,True,True,True,17.755954910175394
87.69455104,28.94465916162578,0.22516834122907517,2.3696130749347217,-0.2514742495660494,36.86769214772373,0.3771179914474487,0.4363323152065277,-0.25,29.377903096236373,-2.5411106926218356,2.0484815388060618,1.21925373280732,7.7805432817250955,-5.064482487896277,23.248553152099575,True,True,True,17.777048386186877
87.807951872,28.967279069922075,0.20284236981706297,2.350995892166239,-0.24652554855808811,35.69022260319036,0.3771179914474487,0.4363323152065277,-0.25,29.405870895939085,-2.562593800148005,2.0525674738173527,1.2412100997681075,6.713857282667344,-4.9536989424206554,23.21703467520258,True,True,True,17.808566863083872
87.896951808,28.979844279922524,0.18981018199599856,2.3408869933457996,-0.24606642915569882,35.15147989764158,0.3771179914474487,0.4363323152065277,-0.25,29.416483419675014,-2.57593497286484,2.0544492598858923,1.2482891715594575,6.134660044731402,-4.9941534748078125,23.19902963971383,True,True,True,17.82657189857262
87.997026304,28.999774024405394,0.1687678416045843,2.3236290082959794,-0.24194756762055733,34.79891095970039,0.3771179914474487,0.4363323152065277,-0.25,29.40567466798646,-2.601655351256116,2.05720505361714,1.2315925727294,5.145850338476831,-5.63039424312123,23.17017863617476,True,True,True,17.85542290211169
88.105004288,29.016249078216358,0.15093248181266677,2.309577897589957,-0.24477215537562144,34.147056130328615,0.3771179914474487,0.4363323152065277,-0.25,29.414739897114668,-2.6205662223641464,2.0592119767777968,1.2358258979977221,4.340780997550661,-5.783608754675616,23.145981534769664,True,True,True,17.879620003516788
88.201949184,29.02757477514798,0.1374290911187091,2.298426819081487,-0.24858525282802826,33.229776860366144,0.3771179914474487,0.4363323152065277,-0.25,29.43952606716721,-2.6321008569056277,2.059826831678334,1.2570956425590218,3.7018712619963017,-5.5052392202675,23.128368047759082,True,True,True,17.89723349052737
88.317876736,29.050250547355205,0.1114403323679293,2.2768922562384377,-0.2530884302006872,32.766785395652825,0.3771179914474487,0.4363323152065277,-0.25,29.424904875695937,-2.663381127520176,2.0617023482257752,1.2353574747052736,2.4680316974303254,-6.276087320120172,23.09392840977782,True,True,True,17.93167312850863
88.407060224,29.062462639844643,0.09676684285265705,2.266166034371361,-0.25328119274955174,32.32848964677687,0.3771179914474487,0.4363323152065277,-0.25,29.428578420574773,-2.6791941142035416,2.0622956076999723,1.235106132235342,1.8534644543258951,-6.452358814348627,23.074847148270212,True,True,True,17.95075439001624
88.49820416,29.080104257121892,0.07506830084439453,2.2492898267219656,-0.24684427055996794,31.788327616773934,0.3771179914474487,0.4363323152065277,-0.25,29.425533045149177,-2.703542674517576,2.0628441522730996,1.2262745039027017,0.8865289818291461,-6.879132256842469,23.046887311284056,True,True,True,17.978714227002396
88.600365824,29.095070980289687,0.05626522461356656,2.234814845167702,-0.24299824282903001,30.912617274091044,0.3771179914474487,0.4362923662831245,-0.25,29.44274768250344,-2.7220653731983226,2.063066675022251,1.2385100281493049,0.05717363024012965,-6.832777265748571,23.02285589514289,True,True,True,18.002745643143562
88.69810048,29.107749951147,0.03922010775478007,2.2221388386465195,-0.24498054689877913,30.209794223414796,0.3771179914474487,0.4148797935919119,-0.25,29.454289091721428,-2.7392526065344813,2.062568160994874,1.2455623214745828,-0.6691080445039431,-6.856235889816383,23.001618103485217,True,True,True,18.023983434801234
88.798843136,29.124322935218625,0.01716744317618973,2.2053400859942665,-0.24760211383863828,29.513742823993333,0.3771179914474487,0.23033635754681037,-0.25,29.457937465862933,-2.762886755026244,2.0620565140437823,1.2433990606802237,-1.6316056725622412,-4.55524663101167,22.974036913636848,True,True,True,18.051564624649604
88.914178048,29.138775126151735,-0.003379671570633277,2.190571175543252,-0.24681178838847198,28.450724836084646,0.3771179914474487,0.27862592539758346,-0.25,29.48290767259272,-2.7821514848867324,2.060800058795185,1.2632315878772806,-2.477801909412011,-4.338424879952727,22.94894765164303,True,True,True,18.07665388664342
88.998069504,29.15277549926991,-0.023143189499609647,2.1762578897405964,-0.2469540989213258,28.012511064544444,0.3771179914474487,0.15427192923695518,-0.25,29.47837998994461,-2.804146913994143,2.0596698134906313,1.2541006633282594,-3.297892776868708,-4.720301975869243,22.924754065014987,True,True,True,18.100847473271465
89.10000128,29.164612439437857,-0.04030831072607478,2.1632723938827576,-0.24390502453291132,27.236825463614625,0.3771179914474487,0.02816473495059783,-0.25,29.49175414083117,-2.821131625359618,2.0584338015136505,1.2638078108233524,-4.041906884407485,-4.688630482478177,22.903939963697574,True,True,True,18.121661574588877
89.205162496,29.181273335724992,-0.06537657079633975,2.145899785884846,-0.2482277040707671,26.148596412494374,0.3771179914474487,0.12709992484722163,-0.25,29.512921129856718,-2.8456660774210647,2.0561353413439947,1.2797086807883276,-5.037284001823033,-4.595778548773482,22.873927962616513,True,True,True,18.15167357566994
89.299044864,29.191476353458295,-0.08196149971807273,2.1340948265574564,-0.24823039325852972,25.61890775483562,0.3771179914474487,-0.0980664369304035,-0.25,29.516005115207633,-2.863090961429167,2.053968683825914,1.2792882274809452,-5.713658348606057,-4.742464237897738,22.854576811916765,True,True,True,18.171024726369687
89.400386048,29.206256449542405,-0.10641550921443006,2.1173650786719573,-0.24864508896940227,24.8273989809254,0.36979198862290263,-0.1305060232063553,-0.25,29.52267597880049,-2.8884792542612776,2.050724226307405,1.2808101313345992,0.8085054131281685,-4.909499410144514,22.851683310681754,True,True,True,18.173918227604698
89.498134784,29.218527589813437,-0.12687758058349022,2.1032413836352353,-0.24974366463519745,23.90184325417639,0.35997506293345866,-0.2543703629682096,-0.25,29.540594886513077,-2.9082931655683346,2.048232841820639,1.2944598832519,-0.000722703605873868,-4.793171800129548,22.851683310681754,True,True,True,18.173918227604698
89.602559488,29.22876803403107,-0.14556254878022287,2.089154937745957,-0.2500340301783052,22.860983208329507,0.3440665181145379,-0.1783814778713393,-0.25,29.56218076352315,-2.925640956273911,2.045417678458791,1.3121916526317297,-0.807816601400923,-4.559405652077713,22.851683310681754,True,True,True,18.173918227604698
89.700031744,29.24216745585577,-0.16956108789401092,2.0724790186201103,-0.24785500491756327,22.58420733220205,0.3216159240179341,-0.36452211397579554,-0.25,29.542626789054342,-2.9533937317671786,2.042323970052836,1.2875386554608628,-1.7632763868134316,-5.238089561362792,22.851683310681754,True,True,True,18.173918227604698
89.800750848,29.250901594706942,-0.187285592185077,2.059613689855106,-0.25039171371818003,21.857223654542704,0.29640868263213815,-0.31563296701020227,-0.25,29.550867990002814,-2.9711713947447294,2.0393182666464162,1.2921039858802026,-2.50040542709643,-5.2482349239864705,22.851683310681754,True,True,True,18.173918227604698
89.899369472,29.2640755289129,-0.21243449991547184,2.042500815018169,-0.2455950482701537,20.754745809790098,0.2589214633628726,-0.43612706867098183,-0.25,29.56996811465048,-2.9956753673200116,2.036023427947569,1.3059847788667287,-3.4809009305885543,-5.126252582725938,22.851683310681754,True,True,True,18.173918227604698
90.000343808,29.27243615749008,-0.23042525188661156,2.031668940934365,-0.24642524871788796,20.000091347720605,0.22613048842925032,-0.35152016829648425,-0.25,29.584838821921025,-3.012942920340209,2.033017884693884,1.3171496759054715,-4.101521599807661,-4.992218789875551,22.851683310681754,True,True,True,18.173918227604698
90.105146368,29.284865451965032,-0.25727438638356004,2.016813631332183,-0.24733744462226814,18.442366824441088,0.18372526960530436,-0.4051003231693875,-0.25,29.631557811688133,-3.035727986447745,2.0288445199896232,1.358444320388991,-4.952668143372853,-4.285640810161218,22.851683310681754,True,True,True,18.173918227604698
90.199577856,29.292679478683237,-0.2747951513879425,2.0086167939251185,-0.24822890614103812,16.902791170998853,0.14889338401746638,-0.4363323152065277,-0.25,29.691192738287487,-3.0462906289089853,2.0260976701460183,1.4148156382082753,-5.422312332152603,-3.215709345498778,22.851683310681754,True,True,True,18.173918227604698
90.299511808,29.304280113677716,-0.300758524111827,1.9994895154535497,-0.2501065215550627,16.280751295728695,0.10879005010935325,-0.4363323152065277,-0.25,29.707585703445183,-3.0715606825602273,2.0223732640095604,1.4258912660806624,-5.945266867014112,-3.1166240050901024,22.851683310681754,True,True,True,18.173918227604698
90.400929792,29.311390063071148,-0.3176454582310312,1.993629723440793,-0.24931408724438425,15.608390900118838,0.06803163289345515,-0.4363323152065277,-0.25,29.73096736804746,-3.0860303456967926,2.019787714554238,1.4459521991017898,-6.2810082181695455,-2.780004960635699,22.851683310681754,True,True,True,18.173918227604698
90.503302144,29.32300772807326,-0.3452988080950503,1.9874791122312745,-0.24636021289436594,14.742009228815128,0.024435247580528015,-0.4363323152065277,-0.25,29.767401895760212,-3.1098084976649423,2.0157487877908222,1.4769689575910676,-6.633412281900806,-2.2660273530632495,22.82830956507175,True,True,True,18.197291973214703
90.604766208,29.332614890607005,-0.3672973694260863,1.9852253602605519,-0.246866423872599,13.59247572326637,-0.019126693248110643,-0.4363323152065277,-0.25,29.82617022062262,-3.1234546828269703,2.012858333836041,1.5318813762790104,-6.762542757892505,-1.2456243235061482,22.804479341646015,True,True,True,18.221122196640437
90.6995776,29.33974228744287,-0.3848248754608406,1.984615099661415,-0.24246450129066285,13.453516945545339,-0.05780367193022827,-0.4363323152065277,-0.25,29.8382993033307,-3.1400818329711604,2.01010114944756,1.5404852810272933,-6.797508114626176,-1.1416309025187894,22.78576006848432,True,True,True,18.239841469802133
90.801673984,29.351588069816604,-0.4118667850309992,1.9865771354473098,-0.24968147068181754,13.06559111701757,-0.10549232819311485,-0.4363323152065277,-0.25,29.874186378944604,-3.1626650341391653,2.006579137978097,1.571201538225606,-6.685091744840763,-0.6412887042056092,22.75644824717524,True,True,True,18.269153291111213
90.902417152,29.359811124813014,-0.43085883950562615,1.9889019695816108,-0.24643127043576457,12.621437665764432,-0.15162735574578806,-0.4363323152065277,-0.25,29.910101605327863,-3.176251413811664,2.004022449665192,1.603723399131177,-6.551888560877368,-0.06393206898910311,22.73591096129049,True,True,True,18.289690576995962
90.999374336,29.37152482123923,-0.4573887623261879,1.9954037867859586,-0.2496161227352647,12.350343145869196,-0.1931022831053166,-0.4363323152065277,-0.25,29.952619777261653,-3.1964266686146896,2.000646549213383,1.6414217875828692,-6.179361875902688,2.771697010036913,22.707107302061672,True,True,True,18.31849423622478
91.100020992,29.381470164516816,-0.47934312382548144,2.0024583144507,-0.24337142569232173,12.03579931836066,-0.2351456290538401,-0.4363323152065277,-0.25,29.996877957866676,-3.21087625521603,1.9980698970939306,1.682167525418195,-5.775167214254728,3.4904354991934023,22.683143481297737,True,True,True,18.342458056988715
91.210011392,29.391050399284484,-0.5003792503385628,2.0112845430155826,-0.24359759003793788,12.037599482933194,-0.2904018120455747,-0.4363323152065277,-0.25,30.030457396863955,-3.2263944174728927,1.9956448254546648,1.7125021249351908,-5.269461568469148,3.994340980406456,22.660156125111726,True,True,True,18.365445413174726
91.300879616,29.402009278022824,-0.5234449823687508,2.023051645511811,-0.24358401862044804,12.33345820025103,-0.31804403021386696,-0.4363323152065277,-0.25,30.05940315576155,-3.2451784905417385,1.9933772071912421,1.7379919284811487,-4.595256258337413,4.372687573220375,22.634720266079615,True,True,True,18.390881272206837
91.40111872,29.411146409447777,-0.5425568839059832,2.0334083679222728,-0.24983149034658564,12.354125420776441,-0.36483690448439043,-0.4363323152065277,-0.25,30.095713469984858,-3.2575832078350206,1.9915472117853374,1.7718499298633303,-4.001859774629388,4.945416836402972,22.613615691507732,True,True,True,18.41198584677872
91.500498432,29.424063005440406,-0.5684978131503376,2.0499859895297794,-0.25068571156330716,12.983094076122768,-0.3771179914474487,-0.4363323152065277,-0.25,30.123823529208437,-3.279647976711163,1.989506687876087,1.796067815240389,-3.052032022154378,5.266275933531659,22.584708832040246,True,True,True,18.440892706246206
91.604609024,29.432912768013377,-0.5872682683738206,2.063559144215107,-0.24787323398771285,13.878353235100452,-0.3771179914474487,-0.4363323152065277,-0.25,30.12710836518367,-3.2998486769275246,1.9876024423873597,1.7960784782164214,-2.274347544006881,5.148701252701495,22.56404431810903,True,True,True,18.461557220177422
91.701871872,29.445527497014023,-0.6117274429360768,2.0819481112349063,-0.24744671111867236,14.007042713924365,-0.3771179914474487,-0.4363323152065277,-0.25,30.183419689415008,-3.3127485669544856,1.9860540575230374,1.8496006356618033,-1.2207373441671234,6.073621973717321,22.536567325691035,True,True,True,18.489034212595417
91.799913472,29.454003573926354,-0.62779299633569,2.094791036266983,-0.24642791091666863,14.627611795659893,-0.3771179914474487,-0.4363323152065277,-0.25,30.197328592201924,-3.327324051390553,1.9852010083103557,1.8609984817909404,-0.48489194322620915,6.188898292922715,22.518422954858725,True,True,True,18.507178583427727
91.900446208,29.46685548382327,-0.6506658420174618,2.111899952343154,-0.24421418457740623,15.703561304834375,-0.3771179914474487,-0.4363323152065277,-0.25,30.205671398145814,-3.3514344446089064,1.9846622730178864,1.865376460846784,0.4953767399819038,6.093217466956316,22.492192277744604,True,True,True,18.53340926054185
92.000304384,29.478588387694053,-0.6701126088291207,2.127666407958876,-0.2405413768539783,17.021097454781856,-0.3771179914474487,-0.4363323152065277,-0.25,30.197861613730662,-3.3761514160724477,1.9848987014649024,1.853712865629551,1.398728104643122,5.6790326816700585,22.4694814460941,True,True,True,18.55612009219235
92.100454912,29.488262033588992,-0.6863396090652936,2.141459103025759,-0.24308496461751192,17.975285589704242,-0.3771179914474487,-0.4363323152065277,-0.25,30.199790269339985,-3.394425200350968,1.9849954733588215,1.8526930997769913,2.188991320086414,5.515107762190952,22.4505900301396,True,True,True,18.57501150814685
92.200819456,29.503290903802707,-0.7093320917472906,2.1603335074170147,-0.2507483191583631,19.365872117444688,-0.3771179914474487,-0.4363323152065277,-0.25,30.20019626856438,-3.421217582059594,1.986271590420568,1.8488074210567937,3.2704150325285632,5.205944946892679,22.42315113939986,True,True,True,18.602450398886592
92.298989568,29.513554333166095,-0.7236309678555721,2.1758352756999013,-0.25543965635160054,20.993421675206683,-0.3771179914474487,-0.4363323152065277,-0.25,30.175407579079614,-3.444283514740921,1.9878553140209236,1.8206477712749642,4.1586009301277285,4.466581286729874,22.405621517047543,True,True,True,18.61998002123891
92.40607232,29.531559742468186,-0.7492587596184156,2.196783748131007,-0.25123507434694986,22.57492587353066,-0.3771179914474487,-0.4359162961661122,-0.25,30.17529529438786,-3.4742550053396224,1.9903894909392115,1.8157418667053828,12.122779811721351,4.085336145954362,22.38558257480791,True,True,True,18.640018963478543
92.501337856,29.542933115356256,-0.7641930522670477,2.209979488441131,-0.24715346122328513,23.407156455048533,-0.3771179914474487,-0.2644073822822844,-0.25,30.18304542551139,-3.49004268685584,1.9927986756505858,1.8208663356631318,12.878840039042103,4.009165791757243,22.38558257480791,True,True,True,18.640018963478543
92.599272192,29.55976676954772,-0.7860368118008079,2.2298093843514586,-0.24397228864945927,24.658974922610405,-0.3771179914474487,-0.28852314852653793,-0.25,30.194375766512007,-3.5131729325274543,1.9968087986064795,1.828350178851928,14.015009382887618,3.8935166680409283,22.38558257480791,True,True,True,18.640018963478543
92.7,29.572951302389342,-0.8019557838331183,2.2441834661622746,-0.24318036277915747,26.620725823741534,-0.3771179914474487,-0.35500717207621574,-0.25,30.15326428359509,-3.5411594717402624,2.000772973861196,1.7832907531646114,14.838583605023139,2.755339989045282,22.38558257480791,True,True,True,18.640018963478543
92.799248896,29.589960168174525,-0.8224463992509746,2.262496617854727,-0.2443703551852673,27.570504175358593,-0.3771179914474487,0.14117267013107815,-0.25,30.175028604323145,-3.5606383072484045,2.006211236968775,1.8016583565471058,15.887849906583522,2.8548279389885973,22.38558257480791,True,True,True,18.640018963478543
92.900044032,29.60758790025711,-0.8435061857675026,2.280504545234823,-0.2472089272849448,29.029389767797408,-0.36851933630381317,0.24092612886186118,-0.25,30.172228610969224,-3.585983326566768,2.012283245834296,1.794839541555002,16.91962814324111,2.4277205832074156,22.38558257480791,True,True,True,18.640018963478543
92.998702336,29.62242078480468,-0.8597503883249975,2.296114632726181,-0.2500302238171086,30.781813194652607,-0.3519880904396415,0.4360999881327706,-0.25,30.145929829841684,-3.6103754590615464,2.0183189195444426,1.7649770760820287,17.814020274325873,1.5696892874369763,22.38558257480791,True,True,True,18.640018963478543
93.097508352,29.642536545778682,-0.8816638821109027,2.318002737127048,-0.2537142489459219,31.72511124742838,-0.3252896858310203,0.38952702997595756,-0.25,30.180958437064273,-3.629408751450931,2.02690679347173,1.7965093904155038,19.068116278037287,1.8804872383726012,22.38558257480791,True,True,True,18.640018963478543
93.197822464,29.65753581712319,-0.8969470419383838,2.3335565224007464,-0.24967931246735825,32.742932275004115,-0.279157838400738,0.4363323152065277,-0.25,30.189882390072636,-3.645875401548539,2.0340128375179356,1.8026839347513548,19.959282529672926,1.7538324624325294,22.38558257480791,True,True,True,18.640018963478543
93.298695168,29.678360558526624,-0.9180356441868845,2.3551461150200925,-0.24353189835609276,34.12022380987488,-0.2398959588837976,0.436221340223494,-0.25,30.203974297908186,-3.6682593072683676,2.0442627633237183,1.813013178230722,21.19627506816825,1.6135334660570608,22.38558257480791,True,True,True,18.640018963478543
93.398623488,29.69528394681337,-0.934797931115912,2.3688426227026733,-0.24564489989764643,35.77856216113009,-0.19972370152812194,0.3810435785882397,-0.25,30.178905676409542,-3.692715627977514,2.052981331289491,1.7843579033126102,21.98102715244864,2.647942047026911,22.373143426881782,True,True,True,18.65245811140467
93.498518016,29.71215536865072,-0.9505456739492079,2.3810020991281338,-0.24534440972729155,36.81549957611893,-0.15456012235083846,0.4363323152065277,-0.25,30.179390784781265,-3.711286709597665,2.062083933810141,1.7819953371771828,22.677713832716343,2.3076913123057516,22.351935435310008,True,True,True,18.673666102976444
93.599823616,29.734433264113083,-0.9715742823808141,2.3937036968857583,-0.2519108658318512,37.74399441529696,-0.11678218491500891,0.4363323152065277,-0.25,30.19199303961737,-3.7339354194953054,2.0740090686583965,1.7912730559864174,23.405461777301063,2.1069444177124734,22.32371667988648,True,True,True,18.70188485839997
93.695529472,29.749815124481852,-0.9855442624174819,2.4019372250137234,-0.2475152040189083,38.835316360868504,-0.0786382608813498,0.4363323152065277,-0.25,30.177477570497857,-3.7526916802952517,2.082464000015147,1.774441553169812,23.87720818953571,1.4873688843755528,22.304735739278023,True,True,True,18.72086579900843
93.794272512,29.770849740410103,-1.0045826171279255,2.4107270461983052,-0.24553174955533724,40.586731023357444,-0.035768747180420016,0.4363323152065277,-0.25,30.138152236998586,-3.7803868025847933,2.0940524578455766,1.731916617287655,24.38082784608693,0.23957387843785696,22.278839375393453,True,True,True,18.746762162893
93.894621696,29.78655066327983,-1.018636594888512,2.415650672938238,-0.2446236087381543,41.58501716701012,0.002270872117271146,0.4363323152065277,-0.25,30.119128501739354,-3.7988150030784595,2.102765623700967,1.710706011665947,24.662930878182827,-0.4766092331189557,22.259653077922795,True,True,True,18.765948460363656
93.993553664,29.80385255839126,-1.034212422194887,2.420070181125979,-0.24786524889268852,42.42234031966164,0.04823032848063774,0.4363323152065277,-0.25,30.10807097208224,-3.8176367802063176,2.1123314835302827,1.6973470759885683,24.916150044863908,-1.0607132190893593,22.2384291222017,True,True,True,18.78717241608475
94.09990528,29.828030269244476,-1.0555525192445405,2.4218520144564684,-0.2516679548260816,43.54299262853906,0.09011563145912865,0.4363323152065277,-0.25,30.082721618642655,-3.8439449443780145,2.1258702064554464,1.6688610830481834,25.018241574496685,-2.0792739983340534,22.20916029192535,True,True,True,18.8164412463611
94.203314432,29.84589101178964,-1.0713740981289792,2.421738362269511,-0.24930860921284317,44.61948708308717,0.1399890610270543,0.4363323152065277,-0.25,30.047833739363234,-3.864082306084142,2.135848659934472,1.631697737066679,25.01172978385158,-3.16228024352725,22.187486368680396,True,True,True,18.838115169606056
94.307716352,29.86804486405056,-1.0908820053319743,2.4164887116835363,-0.24486012618956957,45.51846466039474,0.18488583557595814,0.4363323152065277,-0.25,30.011468928048846,-3.8872062958723648,2.148272554386762,1.5926900238007475,24.710946961356864,-4.362040643329532,22.160709541757146,True,True,True,18.864891996529305
94.401412352,29.883812091328817,-1.1048803996615877,2.41271701638421,-0.24249430229985164,45.88109862627942,0.22326775670810833,0.4363323152065277,-0.25,29.9989840613489,-3.902510721437803,2.1570687927948997,1.5783621347847523,24.49484473909615,-4.940776831474918,22.14154742575398,True,True,True,18.88405411253247
94.496483072,29.89905061604893,-1.1186132643549067,2.407909934018857,-0.24263772434045863,46.2686990861165,0.2721634666475211,0.4363323152065277,-0.25,29.981841456785936,-3.9173890104071085,2.165487994391233,1.5594683761305372,24.219419207789645,-5.603802822618488,22.12284124354566,True,True,True,18.90276029474079
94.59411968,29.920328795132033,-1.1379294375545936,2.398573884814982,-0.24811765248704146,46.73936310645618,0.3151230814885611,0.4363323152065277,-0.25,29.953988972615086,-3.9377271074678695,2.1771875369039404,1.5292579278091538,23.684502991081136,-6.609383059666722,22.096592507249106,True,True,True,18.929009031037346
94.695904512,29.93414307733838,-1.1495512892018855,2.389490853671031,-0.24859052180159555,47.11591229553353,0.36024096911452547,0.4363323152065277,-0.25,29.923969935987408,-3.9495328082828696,2.1851530391052765,1.4979823762184332,23.164083641346863,-7.506351598478298,22.080392118263998,True,True,True,18.945209420022454
94.79383552,29.951873933452102,-1.1652697400301018,2.375010140253461,-0.24787326366283916,47.327129887075,0.3771179914474487,0.4363323152065277,-0.25,29.890837568345564,-3.9646044042198945,2.1950541242863197,1.4632038395273568,22.33439987818163,-8.547252953185014,22.058864892079413,True,True,True,18.96673664620704
94.898753536,29.96860782347432,-1.180967345471702,2.364981460276679,-0.24210372898079235,47.392599760046295,0.3771179914474487,0.4363323152065277,-0.25,29.876303584617105,-3.9794454903727816,2.204051023815308,1.4469022938964022,21.759798841424683,-9.187323862913251,22.037758170620574,True,True,True,18.987843367665878
94.995602944,29.989071673605117,-1.200984017143044,2.3477168705836426,-0.24641524259072042,47.509126352036525,0.3771179914474487,0.4363323152065277,-0.25,29.842781929275034,-3.997159854014509,2.2147231129271283,1.411401904332943,20.770610716988624,-10.293038579339536,22.011196114582617,True,True,True,19.014405423703835
95.098297344,30.00561117860133,-1.217875056106394,2.3356315299157213,-0.2500826805938669,47.48319173904088,0.3771179914474487,0.4363323152065277,-0.25,29.82680500142449,-4.01216000059638,2.2230615504703843,1.3936488986836602,20.078171702738917,-10.959542980593609,21.98907524475075,True,True,True,19.0365262935357
95.195792128,30.021051889611837,-1.2338065652403518,2.323656261746838,-0.24867381671325448,47.35161323721602,0.3771179914474487,0.4363323152065277,-0.25,29.815209212398663,-4.026230027439041,2.2307805505210476,1.3803596939651839,19.392039378124554,-11.514096803383085,21.968275110664326,True,True,True,19.057326427622126
95.298044928,30.04222888057084,-1.2567520957959084,2.3056684431461605,-0.2435468488951243,46.85559826260939,0.3771179914474487,0.4363323152065277,-0.25,29.810340208895887,-4.047133367942929,2.2409261259576994,1.3728747204924954,18.361413289658806,-12.048707917242215,21.938744963058653,True,True,True,19.0868565752278
95.395574784,30.056011257036708,-1.2741739593945511,2.293189535177067,-0.24471545283478977,46.28348413378165,0.3771179914474487,0.4363323152065277,-0.25,29.81716512748587,-4.063968311385139,2.246531211166973,1.377505751661791,23.508233364512762,-12.191582547975731,21.921559201712263,True,True,True,19.10404233657419
95.496263168,30.076254647613688,-1.2977503079167558,2.274904918946805,-0.2446237441757492,45.596583365447124,0.3771179914474487,0.4363323152065277,-0.25,29.819849000655157,-4.085985617966426,2.2558209597336116,1.377370954487105,22.460602024502347,-12.552313119651595,21.921559201712263,True,True,True,19.10404233657419
95.595777536,30.090230655903955,-1.3155679411545966,2.2609508665752927,-0.24841660418332961,45.250708954498684,0.3771179914474487,0.4363323152065277,-0.25,29.811757687501906,-4.101685814804121,2.2618757397014364,1.3673507484896859,21.661093716510166,-13.005947016695352,21.921559201712263,True,True,True,19.10404233657419
95.693775872,30.108503276476252,-1.3390535192686908,2.24336420087487,-0.24931213379304437,44.775887852704784,0.3771179914474487,0.4363323152065277,-0.25,29.80413329157904,-4.122461306908452,2.2700382519246465,1.3571489464504127,20.653451996168474,-13.538767635243136,21.921559201712263,True,True,True,19.10404233657419
95.795076352,30.120907040800464,-1.3566636157661207,2.228663390944062,-0.2499247791761527,44.18900511628197,0.3771179914474487,0.4363323152065277,-0.25,29.80413231870467,-4.138686939795079,2.2751839254065116,1.355086788882928,19.81115763170916,-13.794179263279617,21.921559201712263,True,True,True,19.10404233657419
95.894851328,30.138145896396622,-1.3810205589657145,2.2097298018020712,-0.24787339777010953,43.81959317262724,0.3771179914474487,0.4363323152065277,-0.25,29.78666005251308,-4.158871833161198,2.2826946642062533,1.335191924911758,18.726342882838363,-14.509582068495702,21.921559201712263,True,True,True,19.10404233657419
95.996179968,30.152450694966436,-1.4007756228141075,2.195162150039918,-0.24967009912248686,43.36916335423619,0.3771179914474487,0.4363323152065277,-0.25,29.782344155931337,-4.176207327930171,2.2893579215225297,1.3287088118844559,17.89167791945067,-14.89381721349236,21.921559201712263,True,True,True,19.10404233657419
96.096264448,30.16380640378474,-1.4201857561469957,2.178968990346334,-0.2502961877030946,42.796434014405044,0.3771179914474487,0.4363323152065277,-0.25,29.7765073234815,-4.193270576774786,2.2935891307086713,1.320751669131276,16.96387821202695,-15.248887581084917,21.921559201712263,True,True,True,19.10404233657419
96.194185216,30.179592088736005,-1.4436956391996012,2.161948704659072,-0.24571353224013695,42.066242965744095,0.3771179914474487,0.4363323152065277,-0.25,29.78043874234126,-4.215099003212476,2.300924293559893,1.321878304659139,15.988687676039921,-15.493887068411013,21.921559201712263,True,True,True,19.10404233657419
96.29734016,30.1894364013812,-1.462490674623472,2.145934039031652,-0.2454031558814371,41.55058258437357,0.3771179914474487,0.4363323152065277,-0.25,29.770852487768142,-4.231025938488532,2.3043818355044836,1.3103464652550225,15.071114925275525,-15.895799437804861,21.921559201712263,True,True,True,19.10404233657419
96.394669568,30.20437640081279,-1.4860785923120483,2.128713964969399,-0.2439035089680345,41.08500722950031,0.3771179914474487,0.4363323152065277,-0.25,29.76063238855557,-4.250692715763251,2.311351980085478,1.2977108325655977,14.084477358605715,-16.4168616496014,21.899483369628406,True,True,True,19.126118168658046
96.494569472,30.214940570815347,-1.5053308019395744,2.1136233561545605,-0.2442140088106282,40.46777535817197,0.3771179914474487,0.4363323152065277,-0.25,29.759263459076717,-4.268003125947172,2.3154943234336067,1.294153998293408,13.21984916323256,-16.6642579736462,21.87791741834006,True,True,True,19.14768411994639
96.59544192,30.228866452719068,-1.530639960373034,2.094041473826427,-0.25182451522118815,39.72939615794849,0.3771179914474487,0.4363323152065277,-0.25,29.75470433393358,-4.290199759527395,2.320976162947145,1.2869282683960288,12.097889950908685,-15.48040703731845,21.84955488807645,True,True,True,19.17604665021
96.6990912,30.242312848905737,-1.5545956962155165,2.07786023862628,-0.2517018481876727,39.02297794476144,0.3771179914474487,0.4363323152065277,-0.25,29.7575246939447,-4.312308597300303,2.326417255228341,1.2874021940452316,11.170773466631742,-15.70110530840832,21.822627627448025,True,True,True,19.202973910838427
96.793868288,30.24842420395332,-1.5690008167298082,2.065444237798774,-0.24842242919202948,38.46191843098901,0.3771179914474487,0.4363323152065277,-0.25,29.756402410987235,-4.325432306037395,2.3278102150287814,1.2849750684423886,10.459389020784709,-15.851430240482948,21.807041870471117,True,True,True,19.218559667815335
96.895831552,30.262125930097415,-1.595588968675212,2.0469967887155143,-0.24246637306743862,37.96183152296372,0.3771179914474487,0.4363323152065277,-0.25,29.743337252078167,-4.347108241287897,2.3326860058334575,1.2698107839202986,9.402428045531455,-16.40830430771089,21.777530960840462,True,True,True,19.24807057744599
96.99975936,30.27162057604086,-1.616596776189611,2.032229608807337,-0.2471019992814528,37.56938604009489,0.3771179914474487,0.4363323152065277,-0.25,29.73106264410904,-4.363922225099076,2.3352714266345633,1.2559185833998154,8.556330961482514,-16.86195590889102,21.754622624422584,True,True,True,19.270978913863868
97.096558848,30.28384561136113,-1.6416397203012996,2.014744396763736,-0.25002974225807234,37.20464030504755,0.3771179914474487,0.4363323152065277,-0.25,29.71277366918875,-4.382784889179348,2.3392163270003787,1.2358375065593985,7.554502107492854,-17.499039027833337,21.727035701805757,True,True,True,19.298565836480694
97.197627136,30.293125000283315,-1.6617196580134517,2.00169402517197,-0.25154861715729787,36.174479461122935,0.3771179914474487,0.4363323152065277,-0.25,29.735571942187534,-4.405646513344702,2.3418817966635395,1.2562390174553566,6.806770894207235,-17.216609397194333,21.70507650717645,True,True,True,19.32052503111
97.298222592,30.305576812713923,-1.689211222083614,1.9832902078253785,-0.24931723056471708,35.60542248428209,0.3771179914474487,0.4363323152065277,-0.25,29.724797768754456,-4.428316131008705,2.3452906575946186,1.2432550454212083,5.75230983331789,-17.702013481242822,21.67508962012588,True,True,True,19.35051191816057
97.399460608,30.313531376772875,-1.7087372181464904,1.9695304884668632,-0.2440014396591663,34.98969963420191,0.3771179914474487,0.4363323152065277,-0.25,29.724501159620562,-4.446079616035636,2.3468653930240957,1.241186167913312,4.963935986790508,-17.87466447769003,21.654064401460133,True,True,True,19.37153713682632
97.498925568,30.323754721104716,-1.7342295492292248,1.9533973494387737,-0.24390080905366154,34.078937019288375,0.3771179914474487,0.4363323152065277,-0.25,29.73407485970252,-4.471432073898653,2.3487673140584877,1.2481804815575417,4.039575210183193,-17.888262639383807,21.626664430479526,True,True,True,19.398937107806926
97.599532544,30.332259232277167,-1.7555726105465959,1.9397915116631275,-0.2446210738805445,33.61197515298616,0.3771179914474487,0.4363323152065277,-0.25,29.727654548538982,-4.48951722893261,2.350307490387243,1.2399863875645043,3.260018128898997,-18.200857854365783,21.603741061757724,True,True,True,19.421860476528728
97.699993088,30.34042874998732,-1.7769103094178205,1.9256270953550407,-0.24786316336724873,32.73559002050467,0.3771179914474487,0.4363323152065277,-0.25,29.738917609520055,-4.511537221428629,2.3515305027759377,1.2489943780917878,2.4484568551793515,-18.13603399560395,21.580925657894703,True,True,True,19.44467588039175
97.798170112,30.349518732050168,-1.8017586783238513,1.910151199333538,-0.24931028696511878,31.778658675703806,0.3771179914474487,0.4363323152065277,-0.25,29.75135989300663,-4.537120812169036,2.352551544208923,1.2588198588288375,1.5617533289639463,-18.06580617701848,21.55448654509595,True,True,True,19.4711149931905
97.902192896,30.35610458160153,-1.8233142301451342,1.895708294092449,-0.24571284198207746,31.306398684821918,0.3771179914474487,0.4363323152065277,-0.25,29.740996973108214,-4.55491497512483,2.3522004998452153,1.2467319174246683,0.7342358147421674,-18.421063700358374,21.53195008582463,True,True,True,19.493651452461823
97.99760256,30.36465249396748,-1.8490804914131562,1.8796698638614986,-0.24966658931139504,30.929670531699042,0.3771179914474487,0.4363323152065277,-0.25,29.72372290122443,-4.57473807393269,2.3524238144680454,1.2275647682412318,-0.1846985475063218,-18.963269909484005,21.504803867743153,True,True,True,19.5207976705433
98.099550464,30.370139148123688,-1.8686156512115828,1.8663598907248131,-0.24831617468690237,30.35711416767825,0.3771179914474487,0.4363323152065277,-0.25,29.720172147684767,-4.592132293044424,2.3516470466878094,1.2222948827288607,-0.9473038336709013,-19.153318831627796,21.484527712437092,True,True,True,19.54107382584936
98.198635776,30.37742365176996,-1.8951121687144041,1.8489754367587112,-0.24426853992200678,29.323548362172126,0.3771179914474487,0.4363323152065277,-0.25,29.729239801601278,-4.619053742313314,2.350445214810396,1.2286290096707464,1.9728703366828109,-19.115808867518727,21.45969249460333,True,True,True,19.56590904368312
98.299286272,30.383757025142035,-1.9174889165598734,1.8360934731949747,-0.2452161269011588,28.867236721830654,0.3771179914474487,0.4363323152065277,-0.25,29.722185204523424,-4.638209910370774,2.3497425688940363,1.2196968551673035,1.2347881926394044,-19.397579371220687,21.45969249460333,True,True,True,19.56590904368312
98.40245632,30.387778220711937,-1.9374780322170506,1.8221593062122148,-0.24570384134179904,28.002024422783695,0.3771179914474487,0.4363323152065277,-0.25,29.729380941634908,-4.658968988091048,2.3477424373592632,1.2247837568888478,0.4364192334967184,-19.33073603131643,21.45969249460333,True,True,True,19.56590904368312
98.498227456,30.394251569695808,-1.9632041571645253,1.806236937597232,-0.2507468279125337,26.95254263042227,0.3771179914474487,0.4363323152065277,-0.25,29.742372902078586,-4.686263870557824,2.34667366905015,1.2349852884504566,-0.4758652879933553,-19.1935387604451,21.45969249460333,True,True,True,19.56590904368312
98.599930112,30.398980980025158,-1.9834123474819407,1.793902731643196,-0.24909295683922622,26.373918386971415,0.3771179914474487,0.4363323152065277,-0.25,29.74101706951866,-4.705008109616905,2.345701777626787,1.2317645494052627,-1.1825632328047557,-19.321612461805632,21.45969249460333,True,True,True,19.56590904368312
98.698447872,30.405158710387674,-2.0113638080565206,1.775968009043516,-0.24751135458357182,25.77766460048029,0.3771179914474487,0.4363323152065277,-0.25,29.726725108617064,-4.7279292587660295,2.3443079929859856,1.2152552550039863,-2.210147144504315,-19.752942587014033,21.45969249460333,True,True,True,19.56590904368312
98.799977472,30.40846144028205,-2.0303044888070936,1.7644251379522862,-0.24715391489619157,24.99331396719011,0.3771179914474487,0.4363323152065277,-0.25,29.73586085790716,-4.748320025294873,2.34270622389527,1.222309250221194,-2.871504941495347,-19.6299497507149,21.45969249460333,True,True,True,19.56590904368312
98.905897728,30.41284109978256,-2.05651351397898,1.7472733730377783,-0.245707231665333,23.859977940060222,0.3771179914474487,0.4363323152065277,-0.25,29.74738762686926,-4.77628770964075,2.340552208690602,1.230985731348745,-3.854228682297211,-19.479337464386894,21.45243286449434,True,True,True,19.57316867379211
99.001614336,30.415909100712273,-2.075451942061495,1.7346912923602877,-0.24465459713893203,23.19046839905712,0.3771179914474487,0.4363323152065277,-0.25,29.74801643564119,-4.794628175398394,2.338958928910985,1.2298960421269844,-4.575128802610524,-18.35327978532113,21.433313812543858,True,True,True,19.592287725742594
99.098455552,30.419891704587084,-2.101668613564782,1.7189845946511921,-0.24642320810879734,22.738471084199833,0.3771179914474487,0.4363323152065277,-0.25,29.730761537186794,-4.815540315097271,2.3364966886570184,1.211006897435758,-5.4750562914295005,-18.801209959282847,21.406910926882123,True,True,True,19.61869061140433
99.202455296,30.423400758326686,-2.125903045965301,1.703609039413272,-0.2511088635924955,22.1526168538361,0.3771179914474487,0.4363323152065277,-0.25,29.720302078368253,-4.836189423129291,2.3340532888768446,1.1989411896715734,-6.356010714232596,-19.096310151722175,21.382545973169115,True,True,True,19.643055565117336
99.311246336,30.42644675935315,-2.1507817161245275,1.6876910901506195,-0.2543580103630751,20.94943431305324,0.3771179914474487,0.43515511851950145,-0.25,29.737129547025763,-4.864605914702836,2.331005043799436,1.213459664273927,-7.268042025485962,-18.80515892219271,21.35766757786128,True,True,True,19.66793396042517
99.400882432,30.429209358743464,-2.1750141176317954,1.6732277441246204,-0.2485267077462031,20.363025358615158,0.3771179914474487,0.31621482172704984,-0.25,29.72842272336804,-4.885899229856066,2.3278377444571285,1.2030899188693982,-8.09673071041302,-19.04743865268166,21.333484744010036,True,True,True,19.692116794276416
99.499129088,30.43154797058876,-2.195346295852438,1.6612622668096746,-0.2428343399069519,19.361192951586915,0.3771179914474487,0.21310921984961045,-0.25,29.74573546984676,-4.910058290489439,2.3252002686959914,1.2184301221501537,-8.782302060418942,-18.73117759565937,21.31318917064616,True,True,True,19.71241236764029
99.601445632,30.43441200708841,-2.2248964259939963,1.645047570184607,-0.24245699029223436,17.31445990437624,0.3771179914474487,0.36289838726258333,-0.25,29.80168397080451,-4.952469565636693,2.320848029509756,1.2708351631440744,-9.711335743120335,-17.61347823115008,21.283821315591357,True,True,True,19.741780222695095
99.703795968,30.436005923742165,-2.244777122751779,1.6318929450450002,-0.24439392333775345,16.558327307874507,0.3771179914474487,-0.1711242789387533,-0.25,29.803393477805532,-4.972377073852759,2.317596831569203,1.2709588878840974,-10.4650402446965,-17.611050136224485,21.264143602669744,True,True,True,19.761457935616708
99.80391168,30.437858003173,-2.2741807737248356,1.6140834975019205,-0.25470755370703574,15.552095030356249,0.36752013129931715,-0.2933630875747035,-0.25,29.80457081948623,-5.001624144901967,2.312297899260369,1.2698106918897625,-11.485446424374597,-17.625224038384328,21.23516212228744,True,True,True,19.79043941599901
99.899907584,30.43877327086948,-2.298207323563405,1.5980854144061212,-0.2540044955391452,14.488826093131355,0.34672390256265384,-0.43597255103149984,-0.25,29.812468937941905,-5.027262633108476,2.307387554177777,1.275648533989024,-12.402069066063484,-17.478577742848344,21.21162488958537,True,True,True,19.813976648701082
100.003721728,30.439055919750604,-2.3208395746315778,1.5835603795783353,-0.24752127890422504,13.926689384933235,0.31302551227203407,-0.3134787469343755,-0.25,29.799894103436,-5.046912239210682,2.302199789554787,1.2615534737817187,-13.234292258976147,-17.74866422756286,21.18959341716478,True,True,True,19.836008121121672
100.101613312,30.439269350061483,-2.3482179436592787,1.5663490902542758,-0.24174567803946848,13.312951248661935,0.27143557055485196,-0.2530899501104899,-0.25,29.78240294567184,-5.070078801011142,2.295799426163413,1.2422784079418892,-14.220426497223325,-18.121060329538757,21.162972823790984,True,True,True,19.862628714495468
100.200473344,30.43961819983065,-2.368241955792835,1.5554066824208395,-0.2413840192870743,12.37536234466448,0.24068359862770133,-0.31677449833824495,-0.25,29.797518233015282,-5.0936240634275975,2.2913053769407226,1.2554768147358206,-14.84738028379012,-17.810425212108075,21.143456515746934,True,True,True,19.882145022539518
100.304466688,30.439547815064262,-2.3955435021177878,1.5412304556412435,-0.24749758782040804,11.080034759722526,0.21563957797873667,-0.17329226637162065,-0.25,29.820449470800913,-5.126242540849515,2.284648128202048,1.2757462135962618,-15.659618247681303,-17.3273355910573,21.11697897007177,True,True,True,19.908622568214682
100.408075264,30.43887802616737,-2.4156716690552185,1.5319313140837671,-0.2521083809232515,10.55461749313983,0.18579171572796171,-0.4363323152065277,-0.25,29.819427753711352,-5.146290895522754,2.279140413857992,1.27313615292186,-16.19241981201941,-17.33471988881272,21.097607423821362,True,True,True,19.92799411446509
100.502464,30.437675525586783,-2.444768440815155,1.520085983639742,-0.2536411428653163,9.594704888789469,0.1770625990872429,-0.4363323152065277,-0.25,29.831635373124158,-5.178395213731142,2.270951254828804,1.2827565953661675,-16.871107253399874,-17.053494725842814,21.069660942667362,True,True,True,19.95594059561909
100.60145152,30.436160361562248,-2.4694006488301254,1.5125712751361053,-0.2514815378519298,8.361342121671536,0.1420885170616391,-0.4363323152065277,-0.25,29.868480745485467,-5.211250362707769,2.2635361505268596,1.3168774260671068,-17.301668334929325,-16.250693040254347,21.046122514047227,True,True,True,19.979479024239225
100.702206464,30.433498527423808,-2.4871410710087334,1.506125879808529,-0.24325034475692298,7.896919559657427,0.08428352328762277,-0.4363323152065277,-0.25,29.870372005338268,-5.229929528058209,2.2566715317465547,1.3172798438416893,-17.670962284492788,-16.155564427803668,21.029548891961003,True,True,True,19.99605264632545
100.801620224,30.431674355579688,-2.514205041135833,1.4992681297286428,-0.2417411474073974,7.329161296878057,0.03861036937157827,-0.4363323152065277,-0.25,29.876920063936318,-5.2586991066975095,2.2483696731577547,1.3215233207560262,-18.063882421025777,-15.98072630155734,21.003725158188967,True,True,True,20.021876380097485
100.900777472,30.430680547832104,-2.5336944899902885,1.4973587789792617,-0.2479303739388945,6.7061374960872335,-0.0010457411821560782,-0.4363323152065277,-0.25,29.900551140447096,-5.283051289575534,2.242737876475628,1.343350919803194,-15.605844673133864,-14.690499768421722,20.99779610820567,True,True,True,20.027805430080782
101.000994048,30.428917367958196,-2.565692803866973,1.4950396897391958,-0.24859300903522907,6.056317049199301,-0.04564319052041667,-0.4363323152065277,-0.25,29.92361504502497,-5.319720683616611,2.233689253170791,1.3639493925534834,-15.738718698903845,-14.17355334730376,20.99779610820567,True,True,True,20.027805430080782
101.108823296,30.427008040011966,-2.5908527357710907,1.4965458422983717,-0.25183242187996474,5.5728094217095085,-0.09607601779090891,-0.4363323152065277,-0.25,29.949118929905914,-5.349769551922321,2.2263614054681877,1.3874186285048036,-15.652422513960236,-13.603749534870378,20.99779610820567,True,True,True,20.027805430080782
101.210310144,30.425133511099137,-2.615999681941596,1.4983767028212442,-0.2500191330251438,5.200999279754593,-0.13107205477133663,-0.4363323152065277,-0.25,29.970215338651553,-5.3787970788523705,2.219332956096399,1.406557233734631,-15.547521933122525,-13.127038812077735,20.99779610820567,True,True,True,20.027805430080782
101.302738432,30.423774079207394,-2.6351216020524726,1.5037780265653815,-0.2453706549119376,4.724140211068436,-0.17059455508536076,-0.4363323152065277,-0.25,30.00681442295309,-5.40390195539513,2.21420639622491,1.4414232256025943,-15.23804887879966,-12.340706689068687,20.987464918635926,True,True,True,20.038136619650526
101.406724096,30.42276565776585,-2.6626289889639447,1.5115381846865494,-0.24606421050313887,4.425779417815724,-0.22647726466491716,-0.4363323152065277,-0.25,30.041744311912502,-5.436583338625111,2.207781681561344,1.474124596657457,-14.793424570102568,-11.597721587118906,20.96069933831356,True,True,True,20.06490219997289
101.5026752,30.42179738318767,-2.6904546159409257,1.5211154252457284,-0.25002772913203,4.429109885309548,-0.26819906281750766,-0.4363323152065277,-0.25,30.06719848599608,-5.467910218126226,2.201333429369818,1.4974600495463493,-14.2446891066801,-11.05231659119028,20.933613860359586,True,True,True,20.091987677926866
101.60158592,30.420639373394515,-2.713749624469852,1.5312145753163238,-0.25003439083440454,4.372751087445268,-0.3149622701834256,-0.4363323152065277,-0.25,30.096843598897713,-5.494964520233575,2.1955945531858636,1.5252587666678739,-13.666050430965738,-10.417319117611592,20.911007142128295,True,True,True,20.114594396158157
101.701866496,30.419692574072585,-2.731372000369407,1.5413945235542865,-0.24614314549960134,4.414848480579391,-0.35814185557400746,-0.4363323152065277,-0.25,30.12218001119907,-5.515521111845377,2.191183783007422,1.549186132342971,-13.082782361268833,-9.876148441048821,20.893919436965394,True,True,True,20.131682101321058
101.802343168,30.418973430785577,-2.7582086907192047,1.5557853423629515,-0.2413835206261763,4.628463211035586,-0.3771179914474487,-0.4363323152065277,-0.25,30.15116331421516,-5.54537171814737,2.1851751884432185,1.5761402894517649,-12.258249179794847,-9.265229990031024,20.867754156394355,True,True,True,20.157847381892097
101.900176128,30.41861914482346,-2.7772540376615877,1.568080548919542,-0.24137566044457784,5.288101291218247,-0.3771179914474487,-0.4363323152065277,-0.25,30.152989647502665,-5.564625733390935,2.1810640293066386,1.5766944303874302,-11.553785735860636,-9.220404626279517,20.849154448621046,True,True,True,20.176447089665405
102.003297536,30.41868795568711,-2.80462350074861,1.5861898761653972,-0.2474976262619716,5.508605069671963,-0.3771179914474487,-0.4363323152065277,-0.25,30.192834300199912,-5.59549972987506,2.1757225585405373,1.6144189411677232,-10.51619771485186,-8.403320383724441,20.822311182525773,True,True,True,20.20329035576068
102.100556544,30.41921531540117,-2.8307474093712774,1.6038573904358389,-0.24966988051858136,5.932343675850626,-0.3771179914474487,-0.4363323152065277,-0.25,30.222040617673887,-5.623796305931478,2.1710767471332635,1.641697989503553,-9.5039237126684,-7.814784987719636,20.796598284082354,True,True,True,20.2290032542041
102.20072576,30.42015010380654,-2.8558633288548063,1.620259747243077,-0.24931340910229174,6.891390736063904,-0.3771179914474487,-0.4363323152065277,-0.25,30.222036472195175,-5.648845782965422,2.167029534000373,1.6400438905698542,-8.564137893545972,-7.834046228810467,20.77179297604712,True,True,True,20.253808562239332
102.30372352,30.421799363035017,-2.875960027783624,1.6355903369094174,-0.2482325214778581,7.647207685872638,-0.3771179914474487,-0.4363323152065277,-0.25,30.22966063590402,-5.669359875556312,2.1646746302617847,1.6463002720363251,-7.685759808217802,-7.711485093291035,20.751766698504344,True,True,True,20.273834839782108
102.39970176,30.4240439709795,-2.90192352828595,1.654181258529027,-0.24426849982624638,8.352345036688481,-0.3771179914474487,-0.4363323152065277,-0.25,30.24946251572943,-5.696475606076373,2.1617438994131537,1.6642730861011483,-6.620578462155654,-7.351441098044719,20.72587167118535,True,True,True,20.299729867101103
102.499732224,30.426347232350953,-2.9215060638297685,1.6688575572157553,-0.24560103864078314,9.286614858965038,-0.3771179914474487,-0.4363323152065277,-0.25,30.247211489645984,-5.715769899920687,2.1601317114067666,1.660756069243868,-5.7796884885327255,-7.444820946698381,20.706220168415783,True,True,True,20.31938136987067
102.600706304,30.429890958907276,-2.9496340250139346,1.6890341646536369,-0.25002692476310057,10.800430508159216,-0.3771179914474487,-0.4363256921865943,-0.25,30.23331015363358,-5.74272478383255,2.1580467229681,1.645201238641391,-4.623654037449849,-7.442767152644966,20.677946629169792,True,True,True,20.34765490911666
102.711059712,30.43364567986162,-2.974145597680651,1.7051628670508414,-0.24823360755580293,11.94991981186915,-0.3771179914474487,-0.41840974057263713,-0.25,30.226079324650033,-5.766441464558689,2.156883260899132,1.6365697444258427,-3.699547461067495,-7.6681498799725265,20.653176455975913,True,True,True,20.37242508231054
102.799831552,30.43760441289626,-2.9993748836997884,1.7223842224872383,-0.2464295434695856,13.104128505534812,-0.3771179914474487,-0.3436380256677929,-0.25,30.221875996155646,-5.7910520230213445,2.1557779482680397,1.6309070934882108,-2.712836477067276,-7.835647589637979,20.627662406429387,True,True,True,20.397939131857065
102.903201024,30.44176474037148,-3.0236907116802265,1.7386368580593894,-0.24174407740656867,14.765163183864603,-0.3771179914474487,-0.40637074790796424,-0.25,30.190494714109963,-5.812393523724302,2.15505077741116,1.5983096390575555,-1.78162905281883,-8.56547484371932,20.603003958837938,True,True,True,20.422597579448514
103.005254912,30.44754934890586,-3.0468163519145834,1.7552653212751217,-0.24714118656509618,15.900877160775979,-0.3771179914474487,0.002644111264523224,-0.25,30.18737493833222,-5.834702518185125,2.1561510649834683,1.593865788344614,-0.8288882907688323,-8.748448058580713,20.57919122486212,True,True,True,20.44641031342433
103.103105792,30.452966074338775,-3.073220653894184,1.7734073783344577,-0.2503838468753767,16.72505123327025,-0.376460999250412,0.11363262977301954,-0.25,30.203268974470205,-5.862064743892265,2.156242775406552,1.6081007755382921,0.21057501041664328,-8.53315882988951,20.5522371960975,True,True,True,20.47336434218895
103.199834112,30.459598963034743,-3.0952705050857996,1.7900365800920266,-0.25388340233524825,17.833338115286264,-0.3688970884759823,0.2837940594027316,-0.25,30.20233372034574,-5.883426633229302,2.1583940940949438,1.6058940107831101,3.3553659619529754,-8.688662634525311,20.534759943238683,True,True,True,20.49084159504777
103.306917888,30.46677164690864,-3.125957036758221,1.8105853923618342,-0.25040181428840286,19.696390273090742,-0.3545387857328903,0.1114078321818662,-0.25,30.176158136496323,-5.91083473381528,2.1596700416863444,1.578131429860106,4.532726179019595,-9.374354575263151,20.534759943238683,True,True,True,20.49084159504777
103.402228736,30.473272218690138,-3.1457197761816147,1.8265503248013415,-0.2471534799080009,20.43195796696356,-0.32846405065739537,0.4363323152065277,-0.25,30.191368021612835,-5.931492563698608,2.1625880515705878,1.5920830656645173,5.447449428014858,-9.19519902014071,20.534759943238683,True,True,True,20.49084159504777
103.502066432,30.481384581299125,-3.172078157932995,1.8471610639275697,-0.23724999875373015,21.801007708445393,-0.31658735905557556,0.4363323152065277,-0.25,30.19033431603326,-5.956910243192116,2.166232968142268,1.589536298501611,6.62835779259289,-9.38334039704452,20.532566560881445,True,True,True,20.493034977405006
103.599245312,30.487922258008023,-3.193917763622652,1.8621677142561097,-0.24208797516495598,23.54961865910283,-0.2708763266567147,0.4363323152065277,-0.25,30.153709402391137,-5.973900095786007,2.169192367581671,1.5519638931011128,7.488175521046841,-10.272133619247976,20.5099623234825,True,True,True,20.51563921480395
103.699246848,30.49662756763527,-3.21605717429451,1.8786463986424904,-0.242096035240752,25.718714767735648,-0.22430839181589943,0.4363323152065277,-0.25,30.10306186063179,-5.988259554040774,2.17424351364639,1.5005505592986863,8.43233458831458,-11.49707066061308,20.48671534853873,True,True,True,20.53888618974772
103.799816704,30.506455246638293,-3.245258567225216,1.8959489713438629,-0.25650338804295064,26.676786442417857,-0.1808459397088183,0.4363323152065277,-0.25,30.11450044271449,-6.017689167200814,2.179272742434824,1.5102147960394248,9.423698978821495,-11.463777944788346,20.456317791375803,True,True,True,20.56928374691065
103.8992448,30.515771926045126,-3.268420867841679,1.9081026323281263,-0.2565286313669783,28.01673153665618,-0.14917841875273705,0.4363323152065277,-0.25,30.092700366104545,-6.036273908588142,2.1847637335562555,1.4873458182443706,10.120052458852602,-12.107369558995577,20.431963290733798,True,True,True,20.593638247552654
103.998407936,30.525042804613616,-3.2945880234170586,1.9178967406132852,-0.24932570661334882,29.690307196699266,-0.09792291597610132,0.4363323152065277,-0.25,30.04831566791212,-6.0537058601780025,2.189728774329166,1.4420010734568782,10.681213527686321,-13.21978415020498,20.40464996815193,True,True,True,20.620951570134523
104.100215296,30.533375972085658,-3.3159428846646213,1.9263557479760234,-0.24392270960593782,30.726738261809928,-0.05300931316787484,0.4363323152065277,-0.25,30.030100695875074,-6.070341911014138,2.1945380899543556,1.4228269694681481,11.165878948441309,-13.771549794560626,20.382236974995347,True,True,True,20.643364563291104
104.199548928,30.544295800662933,-3.3440936985406378,1.9342794575038535,-0.2446205917509405,31.476723448024874,-0.01431941716221779,0.4363323152065277,-0.25,30.026798074338785,-6.095856061690722,2.2008134799678,1.4180095700356425,11.619874062473574,-14.06753986674329,20.35270173404122,True,True,True,20.672899804245233
104.301826816,30.552605509961516,-3.3637392720987838,1.9373815597121755,-0.24320161418633385,32.65268232119055,0.031194586477489104,0.4363323152065277,-0.25,29.987246848929487,-6.106068498212248,2.205873104382517,1.377919990351119,11.797611426628636,-15.065761375753922,20.331979764302858,True,True,True,20.693621773983594
104.401443328,30.563550954345594,-3.3905497215827864,1.9392491015166726,-0.24966256896480124,34.48845769602512,0.0765446839275659,0.4363323152065277,-0.25,29.91571847437464,-6.114574882607309,2.2123882219000475,1.3060117875067985,11.904613690090565,-16.79453448712657,20.303763524333082,True,True,True,20.72183801395337
104.498666752,30.57225598197269,-3.4130294245769544,1.938870727769448,-0.25219464397107066,34.90160509158117,0.11790618840872805,0.4363323152065277,-0.25,29.903769304250876,-6.13205968584814,2.217384647052326,1.2930417610589164,11.882934471296041,-17.22936110147714,20.28018068547954,True,True,True,20.745420852806912
104.602642688,30.58142626466046,-3.4362646061251434,1.93688118648266,-0.2485980821797601,35.57635868450106,0.16636692588397947,0.4363323152065277,-0.25,29.87557336009965,-6.145834992205392,2.222719467142987,1.2640749288469115,11.76894215239607,-18.01810701329703,20.255777664339707,True,True,True,20.769823873946745
104.7019776,30.5909668696012,-3.4613218593160804,1.932825798205032,-0.246070066233819,36.35561926270092,0.20937324601252047,0.4363323152065277,-0.25,29.83738615447525,-6.158007993405523,2.2281283305453763,1.2252300940890521,11.536585519801159,-19.029724224091773,20.229516794651055,True,True,True,20.796084743635397
104.79723776,30.599092654584858,-3.4832561232640296,1.9273487706585923,-0.24672580788335355,37.096139317149145,0.25174708974403004,0.4363323152065277,-0.25,29.796019144277558,-6.165619435166933,2.232640237735111,1.1834829773355966,11.222774957113268,-20.084054841227882,20.206565040686485,True,True,True,20.819036497599967
104.897499392,30.60895778063848,-3.50997727956127,1.9175730991387079,-0.24426605953261296,37.502756162572155,0.2988486312761462,0.4363323152065277,-0.25,29.760742618623507,-6.178409598157323,2.2381032382735486,1.1475068653355214,10.66267023711765,-21.050776406646513,20.178609781234417,True,True,True,20.846991757052034
105.00424576,30.61705854070045,-3.5314718660075686,1.9097525634270642,-0.24750246621732439,37.855911533312344,0.34685892841696053,0.4363323152065277,-0.25,29.7316114813073,-6.187781995682194,2.242660785825865,1.117868916741041,10.21458654730913,-21.852015467195205,20.15609604497436,True,True,True,20.869505493312094
105.096840704,30.626387580102573,-3.557321971888726,1.8968488666590577,-0.2435470433297284,38.05552607091004,0.37513151784582743,0.4363323152065277,-0.25,29.697530740319667,-6.198765700456214,2.247733962277248,1.0831941289922633,9.475259182385756,-22.790957369716278,20.129086383167397,True,True,True,20.896515155119054
105.19497472,30.633509770984002,-3.578332021827253,1.8865128088458025,-0.24549130428798127,37.9820872498798,0.3771179914474487,0.4363323152065277,-0.25,29.680774885161018,-6.211257436140363,2.2514030653943546,1.0657235501252944,8.883046692883013,-23.309731038188797,20.107207501027602,True,True,True,20.91839403725885
105.294465536,30.642493792278337,-3.605956285482855,1.870672904408882,-0.24714529632209697,37.85545855682517,0.3771179914474487,0.4363323152065277,-0.25,29.653962220787577,-6.225651941883805,2.2558518246999406,1.038100634255281,7.9754870207569155,-24.090662017260286,20.078501732935244,True,True,True,20.947099805351208
105.393985024,30.649460322352645,-3.6275587409495658,1.8581309381338524,-0.2496529054476747,37.69367364546212,0.3771179914474487,0.4363323152065277,-0.25,29.63551687826195,-6.237524007420653,2.2593178507365015,1.0189811544069007,9.164880134346985,-24.57822701679357,20.070378916495773,True,True,True,20.95522262179068
105.496251904,30.65816027638123,-3.656012662258774,1.8414562091991815,-0.24859381262307215,37.500357208030515,0.3771179914474487,0.4363323152065277,-0.25,29.609593123661377,-6.252261287917914,2.263731792002731,0.9922410684607539,8.209488541865666,-25.34030217184331,20.070378916495773,True,True,True,20.95522262179068
105.595490816,30.664555270828473,-3.6791616663726985,1.8271264332604558,-0.24490160368258346,37.05359892357335,0.3771179914474487,0.4363323152065277,-0.25,29.59905094661856,-6.268505315850299,2.2669273864851087,0.9807683321620415,7.388452859208562,-25.714579570043227,20.070378916495773,True,True,True,20.95522262179068
105.69838976,30.670835814525372,-3.7005314111688365,1.815191757817014,-0.2442169915709304,36.55878535333568,0.3771179914474487,0.4363323152065277,-0.25,29.596796224275668,-6.286346361735919,2.2704289253355223,0.9774756534361858,6.704646326440927,-25.90357253257319,20.05619570050782,True,True,True,20.96940583777863
105.796531968,30.677390514944506,-3.727355219336954,1.7980411781352394,-0.24606203629584916,36.010386415927115,0.3771179914474487,0.4363323152065277,-0.25,29.583783519718434,-6.304955603413703,2.273523010981049,0.963398491784525,5.721990494472421,-26.337829427133105,20.028756542061494,True,True,True,20.996844996224958
105.89793408,30.681824743165603,-3.748196099822207,1.7838928673227485,-0.2480328566382532,35.310245297962325,0.3771179914474487,0.4363323152065277,-0.25,29.583248771362875,-6.323682623603236,2.275273833380475,0.9617711168706303,4.911351997677383,-26.448326805963376,20.00752121064795,True,True,True,21.0180803276385
105.996768256,30.68773316322368,-3.776155865589427,1.76767391591165,-0.2493108375549152,34.73172174946512,0.3771179914474487,0.4363323152065277,-0.25,29.573411234331978,-6.344868897204885,2.277582570295524,0.9507132224544796,3.9820745336936803,-26.799080721449887,19.979037396591586,True,True,True,21.046564141694866
106.11845632,30.69160237566291,-3.799981033339981,1.7503652168292403,-0.24967290618685542,34.13868690536962,0.3771179914474487,0.4363323152065277,-0.25,29.559433721112867,-6.360878168652983,2.2783938511147297,0.9358247202042834,2.990359127409649,-27.19776128363842,19.9549137308943,True,True,True,21.07068780739215
106.198296064,30.695370682561883,-3.823644218443248,1.7352734616334127,-0.24823285564802375,33.74717310419177,0.3771179914474487,0.4363323152065277,-0.25,29.542091579419825,-6.375104057487526,2.279125621041317,0.917681468981645,2.125665249244095,-27.670941360626088,19.93096355388262,True,True,True,21.094637984403832
106.299357952,30.69894511658035,-3.846687302494246,1.7214927795755388,-0.2446290713102097,32.930957585611765,0.3771179914474487,0.4363323152065277,-0.25,29.546852480512428,-6.398683101455925,2.2797438621168693,0.9210573798344044,1.3360903285162646,-27.644300762773923,19.90765308243509,True,True,True,21.117948455851362
106.397679872,30.700147505812655,-3.865538660586807,1.7062289493717193,-0.2472097194774375,32.33780760803655,0.3771179914474487,0.4363323152065277,-0.25,29.535534917430688,-6.411845303350449,2.2785417635570866,0.9089905396546694,0.46153727863309646,-27.925703835081883,19.88880170580492,True,True,True,21.136799832481532
106.500095232,30.70361048805258,-3.894921189264082,1.6878256704864798,-0.25111091144668707,31.57962121342178,0.3771179914474487,0.4363323152065277,-0.25,29.52584802514975,-6.435172275471321,2.278244136429316,0.8979580297367087,-0.5928929306933503,-28.221947649793545,19.859217306950832,True,True,True,21.16638423133562
106.59812096,30.70415686095765,-3.9151249425020636,1.6725445682939633,-0.2491838752775296,30.47221705864027,0.3771179914474487,0.4363323152065277,-0.25,29.536683765683268,-6.460121322030028,2.276219537314831,0.9073184146877034,-1.4684355926326573,-27.99008615695134,19.839107827428023,True,True,True,21.18649371085843
106.699010048,30.706805205797597,-3.943312899136088,1.6551533228960595,-0.24499012306545256,30.041333505928975,0.3771179914474487,0.4363323152065277,-0.25,29.51426796735556,-6.476661460808769,2.2752656227897754,0.8839750268424108,-2.464880554408856,-28.555647566016262,19.810811808685596,True,True,True,21.214789729600856
106.80132224,30.707771572945745,-3.965271683985672,1.6409548408105472,-0.24604546263156493,29.531074196499013,0.3771179914474487,0.4363323152065277,-0.25,29.501842651386223,-6.49227295746107,2.2734346682052538,0.8706593007486322,-3.2783936534008196,-28.85890135557827,19.788908162805406,True,True,True,21.236693375481046
106.898433536,30.709103608855933,-3.992934011332651,1.6227339110816361,-0.24606559975091327,28.808819256596117,0.3771179914474487,0.4363323152065277,-0.25,29.48900414848417,-6.513123946000379,2.271241881178972,0.8566251397223239,-4.322376025671876,-29.18062878794645,19.761300729766912,True,True,True,21.26430080851954
106.999479808,30.70941856195581,-4.014303904048425,1.6081315716715645,-0.24676404174531877,27.562266914785383,0.3771179914474487,0.4363323152065277,-0.25,29.507379869737264,-6.543157988887945,2.268839598789847,0.8732157079460114,-5.159028444886532,-28.770728865350325,19.74006395624875,True,True,True,21.2855375820377
107.103863296,30.70997331508078,-4.043573460865503,1.5896843067757285,-0.24678720105252136,27.023768418121318,0.3771179914474487,0.4363323152065277,-0.25,29.485101321027404,-6.561447285778837,2.265671654797536,0.8499071957966781,-6.215978866977777,-29.289180790777518,19.710961055394034,True,True,True,21.31464048289242
107.20384896,30.71003354214585,-4.067128382574988,1.5745776173838895,-0.2482279950727858,26.589992636470452,0.3771179914474487,0.4363323152065277,-0.25,29.466222128031742,-6.575700320176033,2.2627391390181875,0.8302279309134217,-7.081528411545205,-29.720954553694103,19.687589313583825,True,True,True,21.338012224702627
107.30140416,30.708542102979525,-4.087574269390626,1.5593080228470217,-0.2503453625439084,26.18861341250209,0.3771179914474487,0.4363323152065277,-0.25,29.444042044878753,-6.585781547232708,2.258662478231933,0.8074970154474506,-7.956411733383744,-30.194458651564283,19.66749853173496,True,True,True,21.35810300655149
107.401360128,30.708028775303053,-4.1170236173396875,1.5412455305356385,-0.2532767400376725,24.89936025369597,0.3771179914474487,0.4363323152065277,-0.25,29.4546312325189,-6.620819655307367,2.254412267092643,0.8160221311025462,-8.991316310313502,-29.940110069687936,19.638352977953986,True,True,True,21.387248560332466
107.517950976,30.706899651164857,-4.1433827761469715,1.5246702123829978,-0.24247616267127237,24.09550606378975,0.3771179914474487,0.4363323152065277,-0.25,29.44713297365363,-6.643980288389261,2.249943804711571,0.8071842331363182,-9.941012084546394,-30.085951654014565,19.61235080461605,True,True,True,21.413250733670402
107.611180032,30.70483384329721,-4.160729227870469,1.512739009618504,-0.2431671356790137,23.550251769566795,0.3771179914474487,0.4363323152065277,-0.25,29.43903260142303,-6.6582774688599775,2.245711539467546,0.7982628185660544,-9.057188699038512,-30.224304922711912,19.60497471872193,True,True,True,21.42062681956452
107.699154176,30.703220476912943,-4.1864565219247485,1.496861230344365,-0.24418671334120376,22.60525932624317,0.3771179914474487,0.4363323152065277,-0.25,29.438956591406274,-6.684783327569594,2.2410941156947524,0.7966391644537657,-9.966918439486976,-30.189042219836768,19.60497471872193,True,True,True,21.42062681956452
107.804092928,30.702499109018483,-4.196299790382195,1.4908137530525805,-0.24641358251476006,21.893999819472967,0.3771179914474487,0.4363323152065277,-0.25,29.454165941711018,-6.702624650291643,2.2392999609595274,0.8107807421289092,-10.313413365007431,-29.824277638587006,19.60497471872193,True,True,True,21.42062681956452
107.899227136,30.698725534919415,-4.233475259954959,1.4677215093603495,-0.2547199945007463,21.410122933102127,0.3771179914474487,0.4363323152065277,-0.25,29.413817445773134,-6.721247597297435,2.2317708349849057,0.7694082349813385,-11.636501468059862,-30.752620162688018,19.585065703098493,True,True,True,21.44053583518796
108.002268416,30.69550687183518,-4.2627245296578655,1.4500512232182965,-0.24690536286037473,20.34038605296826,0.3771179914474487,0.4363323152065277,-0.25,29.413087556849437,-6.751780716358258,2.225647608791728,0.7668493033210448,-12.648934286788005,-30.695316101282273,19.55628401323861,True,True,True,21.469317525047842
108.100018432,30.69272541225785,-4.285180870991154,1.437082833987401,-0.243905211920079,19.173908562282687,0.3771179914474487,0.4363323152065277,-0.25,29.428736281053016,-6.783646695491472,2.2206377004628775,0.7805596289203132,-13.391968256801219,-30.271872580609923,19.534217645118915,True,True,True,21.491383893167537
108.198947072,30.689648450803706,-4.308179192800578,1.4230902882022898,-0.24083802572937948,17.54221789424034,0.3771179914474487,0.4363323152065277,-0.25,29.46198301684872,-6.824692173548366,2.2152796483500294,0.8112860382760042,-14.193682074931667,-29.441895730698025,19.5116415122482,True,True,True,21.51396002603825
108.303776,30.685089620211247,-4.337765174284319,1.4047826107100434,-0.248076507084092,16.661302547811296,0.3771179914474487,0.4363323152065277,-0.25,29.450049036612523,-6.850666835086851,2.207789330702188,0.7978164287117137,-15.242634727924035,-29.60993303726135,19.482658614217442,True,True,True,21.54294292406901
108.399272448,30.681854652284652,-4.358719131992519,1.3921828178221336,-0.2529131831008997,16.13299868886085,0.3771179914474487,0.4363323152065277,-0.25,29.438329661688147,-6.867433065019153,2.202478199258189,0.7851130522852947,-15.964549683140218,-29.80354413352711,19.462132405509845,True,True,True,21.563469132776607
108.511776768,30.67622217759471,-4.390943439671959,1.3728357633091663,-0.25170951691408655,14.520561431531716,0.3771179914474487,0.4363323152065277,-0.25,29.454809852955677,-6.910497355193489,2.193656156659543,0.7989820494313533,-17.073054252742775,-29.29961144580051,19.430631574712233,True,True,True,21.59496996357422
108.604062208,30.67201972324013,-4.412374855385449,1.3602417440173173,-0.2480125096574247,14.053198013317804,0.3771179914474487,0.4363323152065277,-0.25,29.439440225548267,-6.9264845948100575,2.1873346981873536,0.7826816829676028,-17.79463840527206,-29.55383218011586,19.409726901433967,True,True,True,21.615874636852485
108.7024704,30.668135644076298,-4.436266839881083,1.3477072352831287,-0.24426644942855566,13.345480867879928,0.3771179914474487,0.4363323152065277,-0.25,29.43509730575256,-6.950151573957774,2.18108432665885,0.776927819604596,-18.512812854010935,-29.564289483416864,19.38634216603144,True,True,True,21.63925937225501
108.80193024,30.662009536283577,-4.462798002665657,1.3316533131701522,-0.24177719845912773,12.145128974803383,0.3771179914474487,0.4363323152065277,-0.25,29.441294336786903,-6.9826897467129685,2.1723396000046478,0.7811631543796308,-19.432634835716232,-29.28375957204565,19.36055531761732,True,True,True,21.665046220669133
108.902896896,30.65744168734845,-4.4814169871332385,1.3202774643952875,-0.247139806869886,11.391484074070917,0.3771179914474487,0.4363323152065277,-0.25,29.44120811703937,-7.003474857693156,2.1659354049864468,0.7798310938400868,-20.08442295889505,-29.18190279449198,19.34248550542496,True,True,True,21.68311603286149
109.000243968,30.64960836637722,-4.511373886245493,1.3021938955874415,-0.2497228244022799,10.671033323788352,0.3771179914474487,0.4363323152065277,-0.25,29.419498472411625,-7.026692881674891,2.155149924937052,0.7567686514884299,-21.12053513011905,-29.497564215433403,19.313460513745994,True,True,True,21.712141024540458
109.101745408,30.643814241361206,-4.532317437600705,1.2891055362214825,-0.24902256194320707,9.615761100587363,0.3771179914474487,0.4363323152065277,-0.25,29.427127437342044,-7.054156691186396,2.1472934658673886,0.7627375355603977,-21.87044288253902,-29.192199744652413,19.293200200842282,True,True,True,21.73240133744417
109.199270144,30.63600022471492,-4.559043994312153,1.2730294158777307,-0.2497190059130731,8.387688531828728,0.3771179914474487,0.43577356458628436,-0.25,29.43284230276874,-7.087365772658048,2.136849755500592,0.766451353192257,-22.791536729180404,-28.885221022535166,19.26738747910332,True,True,True,21.758214059183132
109.302045184,30.628718424152645,-4.582264065882547,1.2584601884192406,-0.2451494737026425,7.062303227321562,0.3771179914474487,0.18002616688946627,-0.25,29.447254646647192,-7.120795795533083,2.1272857369971994,0.7788337629495228,-23.626291973317997,-28.394590962165573,19.24501057374914,True,True,True,21.78059096453731
109.405373184,30.62193637574937,-4.601889420538939,1.245101982766851,-0.24399061157085936,6.54924626958872,0.3771179914474487,0.23464984298298766,-0.25,29.429305227682566,-7.135193773486064,2.118577918957255,0.760053515222412,-24.391660779067717,-28.646902810182453,19.226160517226237,True,True,True,21.799441021060215
109.50007552,30.61330827090125,-4.627068930981648,1.2291462707335734,-0.24754903664733005,6.13463827505397,0.3771179914474487,0.2511910235333253,-0.25,29.398633750696586,-7.149878041866886,2.107478667489146,0.7285569268504337,-25.305855737700625,-29.146489774280596,19.201968399579112,True,True,True,21.82363313870734
109.60397824,30.60630933317172,-4.645780135880557,1.2165522416948322,-0.2485897180388274,5.639742242368295,0.3771179914474487,0.3090239388306147,-0.25,29.38166294305845,-7.163763698015652,2.098646325400415,0.7107842424319419,-26.0274404486857,-29.373178452580007,19.184049581221352,True,True,True,21.8415519570651
109.703248384,30.59678137409437,-4.670545909918455,1.1999815023881544,-0.2495717435394363,4.654092255436609,0.3771179914474487,0.29145617635708754,-0.25,29.373726841499455,-7.189303065798916,2.086693030199214,0.7013291072899882,-26.97687387436988,-29.391702619566267,19.16035898600492,True,True,True,21.865242552281533
109.802212096,30.589255528946925,-4.692324984686788,1.1868913459973864,-0.24895273483312985,3.8891309020781133,0.3771179914474487,0.1520216853202217,-0.25,29.366858277124607,-7.211401196066119,2.077030075765652,0.6931275109936254,-27.726884588727085,-29.376751980564965,19.139440244298907,True,True,True,21.886161293987545
109.90189696,30.578985636936768,-4.719669139109337,1.1700315441388236,-0.2485032262192887,3.040874546168501,0.3771179914474487,0.10037079724980623,-0.25,29.351414430449633,-7.236228085965881,2.0642359370519117,0.6762003672734972,-27.515431820273594,-29.494491114577848,19.138541399263833,True,True,True,21.88706013902262
110.00782848,30.569008244043598,-4.742619482998914,1.1547813043962867,-0.2471422537663006,1.9362173663637343,0.3771179914474487,0.15054217362309258,-0.25,29.35158786676038,-7.26410468521121,2.0523969528694215,0.6746757906983957,-28.389206194083634,-29.263608308583095,19.133592338988183,True,True,True,21.89200919929827
110.10499968,30.560012246011734,-4.761481676186177,1.1408611261393355,-0.24625968542176663,1.2651249307209937,0.3771179914474487,-0.005784711127935998,-0.25,29.337028898541362,-7.280273396795517,2.041931943953973,0.6591591679196972,-29.18677365827671,-29.390083337133404,19.11550383709271,True,True,True,21.91009770119374
110.200809984,30.548946902546792,-4.785055730098546,1.1253243151967824,-0.24534395662280395,0.5167049322514873,0.3771179914474487,-0.039603963401561484,-0.25,29.319734762419788,-7.300813571100814,2.029030062624039,0.6406462310639156,-30.07696735237768,-29.53185703276489,19.09288262355301,True,True,True,21.932718914733442
110.299930368,30.53956544465593,-4.802912814073725,1.1125555634188649,-0.24642487281418587,-0.43045205156123556,0.37290328560427394,-0.1998442371216492,-0.25,29.31982690701634,-7.323277450350949,2.01826060247193,0.6393701494897167,-30.808562938902522,-29.316295635477,19.0758266589574,True,True,True,21.949774879329052
110.403955712,30.52668615861271,-4.828630058442325,1.0950973337653718,-0.24674886177350835,-1.7143041451837782,0.3625421603100952,-0.07206360119355448,-0.25,29.319436338826087,-7.355000552377285,2.0033803631875475,0.637048362428573,-31.808845815817815,-29.03272641876976,19.051213021563935,True,True,True,21.974388516722517
110.500665344,30.517054319315186,-4.848373045747967,1.0828777419801785,-0.24930902890830642,-2.5384301868549484,0.34911573697309606,-0.27883658628705554,-0.25,29.315274693964497,-7.377350256418707,1.9922115966360825,0.6315333403238499,-32.50897685248212,-28.908731413762915,19.032296982609573,True,True,True,21.99330455567688
110.59980288,30.503301596661764,-4.875144336632984,1.0641710165380012,-0.2487601840364178,-3.5728605788717633,0.3367252009763151,-0.33594843173757183,-0.25,29.29987204632392,-7.4033368366957575,1.9763770003454344,0.6145766937704252,-33.580793268828884,-28.946117438092827,19.006701964415708,True,True,True,22.018899573870744
110.701552128,30.493146296732462,-4.892212687561079,1.0517862751792473,-0.2453489438106643,-4.806315187208696,0.3000524531666782,-0.43601077129440735,-0.25,29.312882248879696,-7.4313024412614475,1.9648987552039638,0.6258596361502534,-34.2903866790466,-28.422256239973642,18.990493676149175,True,True,True,22.035107862137277
110.802190336,30.478243470350357,-4.916931660327983,1.0334926243888853,-0.2499168248895848,-5.3391501618495125,0.26759695266216116,-0.3889236572297575,-0.25,29.275191080607076,-7.445303655809065,1.9480806113132143,0.5873857509817964,-35.3385356612205,-28.937570247506734,18.96703580146079,True,True,True,22.058565736825663
110.901504512,30.467223335775646,-4.934273351530005,1.021196543948382,-0.24825038219251394,-6.090945071084872,0.2243883128609945,-0.3586364158638585,-0.25,29.26625780851255,-7.46363726412259,1.9357185614985306,0.5773525395608026,-36.043049175014694,-28.890288852065563,18.950623691780116,True,True,True,22.074977846506336
111.002486528,30.45249583292806,-4.957375502461264,1.0067028992536962,-0.2500538399273039,-7.2418923425060795,0.1855011492613245,-0.406915900517199,-0.25,29.26569872742477,-7.493418213136502,1.9192035415927087,0.5749808299271364,-36.87347384578238,-28.569766251412055,18.928763617780092,True,True,True,22.09683792050636
111.101573632,30.440790299672145,-4.97642699853985,0.997508886025491,-0.25219622079082027,-8.754232236142837,0.1531768745895081,-0.2250375696774578,-0.25,29.297789840837513,-7.532507973607702,1.9060225208919064,0.604631802788374,-37.40025200054598,-27.584204512538854,18.910701510900694,True,True,True,22.114900027385758
111.203748096,30.42466504082402,-5.001914734285665,0.9874337530914801,-0.24401312865014826,-9.44618461379707,0.11303959148399617,-0.4363323152065277,-0.25,29.286783412391976,-7.560278547287412,1.8879247732547337,0.5919545698411353,-37.97751459569807,-27.469514730036718,18.88657434412072,True,True,True,22.13902719416573
111.300716544,30.411981030520376,-5.021187258916733,0.9814101622297944,-0.24368579444677463,-10.636693208529701,0.08974143373414173,-0.4363323152065277,-0.25,29.311969789878827,-7.596061094750683,1.8737508169868538,0.6149150329314271,-38.32264092958623,-26.624132469192247,18.868369584118064,True,True,True,22.157231954168388
111.399976448,30.400156872806853,-5.039802125240301,0.9757918332395725,-0.24714339898385762,-12.36846096588525,0.049144537176826146,-0.4363323152065277,-0.25,29.363831445104392,-7.64096140677177,1.8604862087147676,0.6639459868399062,-38.64454746864194,-25.21427125089241,18.850752146129903,True,True,True,22.17484939215655
111.502401024,30.38319332083627,-5.064823113311492,0.9710441388853388,-0.24961649939090003,-12.955399470404624,0.004025315082635678,-0.4363323152065277,-0.25,29.361180265460206,-7.671639047481161,1.8415898671336135,0.6594311705991772,-38.91657031755762,-24.900322727063582,18.82715680306468,True,True,True,22.198444735221774
111.604089344,30.370493271436846,-5.084614887203622,0.9685655803808357,-0.25265216423125464,-13.661871405654214,-0.03622030349218249,-0.4363323152065277,-0.25,29.37421097244899,-7.701372724819375,1.82735870102211,0.6706263889772729,-39.0585812591419,-24.33586173339826,18.80843570588391,True,True,True,22.217165832402543
111.704918272,30.3544608817345,-5.108986522972318,0.9692269200878432,-0.24808509115242955,-14.430326438230788,-0.08194911110346846,-0.4363323152065277,-0.25,29.39510273413465,-7.739505852806977,1.8094421326708747,0.6891563928553444,-39.02068928510596,-23.529514726785724,18.78541374401865,True,True,True,22.2401877942678
111.804342016,30.34088884262563,-5.129327876177272,0.9706389206470574,-0.2505179628306631,-15.209718438469293,-0.12782362227946512,-0.4363323152065277,-0.25,29.421134487009912,-7.773954867895747,1.794298099760495,0.7130412674393906,-38.93978761239287,-22.669221053834132,18.766214026234508,True,True,True,22.259387512051944
111.904537856,30.3247888244266,-5.153395276966704,0.9751298059401101,-0.2451740451597343,-15.586777573868313,-0.17487854692364,-0.4363323152065277,-0.25,29.434371048110936,-7.808043310816213,1.776338268496633,0.7241766780813542,-38.68247883882358,-22.034853144865853,18.74350070794453,True,True,True,22.28210083034192
111.999931648,30.315579637207563,-5.168333778946464,0.9799203113168771,-0.2462417442709911,-16.04808478033475,-0.2134266110667028,-0.4363323152065277,-0.25,29.45932489552231,-7.8341972070578,1.7659722312525825,0.7474909633566263,-38.408003099000105,-21.299070198575908,18.72934043808518,True,True,True,22.29626110020127
112.100100096,30.30224483275379,-5.189978668948242,0.991061337413921,-0.24038486325909564,-16.586003094939908,-0.2612417704334711,-0.4363323152065277,-0.25,29.500895446766073,-7.872857563266267,1.750961201072481,0.7866292355894279,-37.769669324194375,-20.122818109165053,18.708822464356242,True,True,True,22.31677907393021
112.199439872,30.289447563251507,-5.2096229694635925,1.002172014645991,-0.24166350469009473,-16.742383088928985,-0.3052769876348667,-0.4363323152065277,-0.25,29.525304844026753,-7.903335260087037,1.7366448290847674,0.8091366886045908,-37.13307441126467,-19.329843202246266,18.690256093074787,True,True,True,22.335345445211665
112.30055808,30.277076848712635,-5.228964398061666,1.0125259813478849,-0.24641983452763278,-16.904838364959517,-0.34840903648900495,-0.4363323152065277,-0.25,29.548527866996622,-7.932520645162983,1.7227777166083673,0.8305386944663875,-35.7632353461327,-18.574149332978234,18.67211149849988,True,True,True,22.35349003978657
112.399381248,30.261967539355467,-5.253361803675418,1.0296690822598373,-0.2526685048781145,-16.803976127075977,-0.3771179914474487,-0.4363323152065277,-0.25,29.57509116965285,-7.967804813345017,1.7059380349437587,0.8549032565774985,-34.78100801611095,-17.69278424083998,18.671958808001037,True,True,True,22.353642730285415
112.499594496,30.24949489175413,-5.273508662767937,1.0413885180914617,-0.25003817146228197,-16.362180086060523,-0.3771179914474487,-0.4363323152065277,-0.25,29.573505237301223,-7.990683295925077,1.6921654376089061,0.8519265795364132,-34.10953380468448,-17.46310607042898,18.652677251213966,True,True,True,22.372924287072486
112.600594432,30.235233390659076,-5.298241385068135,1.061898010024529,-0.2451450194182689,-16.3791069165376,-0.3771179914474487,-0.4363323152065277,-0.25,29.61591655533249,-8.02889087877491,1.6763058092897463,0.8919316387352878,-32.934426476962116,-16.271071912229534,18.62893761862538,True,True,True,22.396663919661073
112.70139392,30.224299117783474,-5.316715317349866,1.0745112512836101,-0.244623148579655,-15.835161092699465,-0.3771179914474487,-0.4363323152065277,-0.25,29.61350380456117,-8.049283538885362,1.6641784384248453,0.8882811078275574,-32.211740986836496,-16.09233224594204,18.61122402573254,True,True,True,22.414377512553912
112.799554304,30.210095019069062,-5.342255185993119,1.0926557878020269,-0.24998691690735195,-14.819748899666779,-0.3771179914474487,-0.4363323152065277,-0.25,29.600453588520597,-8.075081072535989,1.6483229225994063,0.8736836181830631,-31.17213562311022,-16.068139075248478,18.586675218663505,True,True,True,22.438926319622947
112.900814848,30.199436243911762,-5.363084275324886,1.108755630710096,-0.24846603941509185,-14.24861848070452,-0.3771179914474487,-0.4363323152065277,-0.25,29.60656313764695,-8.09959692464115,1.6363153213502866,0.8782883870628134,-30.249682573654223,-15.716816444754741,18.566593436808134,True,True,True,22.459008101478318
113.000847104,30.189607630529647,-5.383706848461803,1.1241868551439964,-0.247510014974004,-13.583870132836177,-0.3771179914474487,-0.4363323152065277,-0.25,29.607217436660722,-8.122469646165415,1.6251496818815303,0.8775467449308607,-29.36553854087258,-15.502809846087686,18.546663041451886,True,True,True,22.478938496834566
113.099267328,30.177761178986085,-5.408962746465856,1.1426357786596881,-0.2441302348641205,-12.733103402446964,-0.3771179914474487,-0.4363323152065277,-0.25,29.605234949538012,-8.149804536243947,1.6116653978272701,0.8739002234222233,-28.308493086863788,-15.29653112246811,18.52224229449957,True,True,True,22.503359243786882
113.200493056,30.168790998983308,-5.429728275476217,1.1590714871508174,-0.24750403135692234,-11.641220377981158,-0.3771179914474487,-0.4363323152065277,-0.25,29.58908232590597,-8.169059919209577,1.6013469112715275,0.8566029013870362,-27.36679635701475,-15.446717417084889,18.50211271031208,True,True,True,22.523488827974372
113.2993024,30.157390888205544,-5.456239221869934,1.1780377827065447,-0.2510900324247198,-10.839442473810417,-0.3771179914474487,-0.4363323152065277,-0.25,29.591311012380398,-8.19841966345028,1.5882253309779917,0.8570361701943762,-26.280107668673846,-15.161806632914749,18.476410240877488,True,True,True,22.549191297408964
113.40140928,30.149576739636416,-5.477692719541406,1.195348738480746,-0.25058896152308685,-9.697576013260841,-0.3771179914474487,-0.4363323152065277,-0.25,29.57631875968118,-8.218381554199153,1.5790150501280464,0.840853952723497,-25.28826296347449,-15.311828388264983,18.455518036425456,True,True,True,22.570083501860996
113.501455872,30.13983482386902,-5.504115832138514,1.2145583752916256,-0.2450729945558627,-8.302361603182081,-0.3771179914474487,-0.4363323152065277,-0.25,29.552493372602168,-8.241821079170004,1.5675538492512906,0.8156428823844017,-24.18763184823194,-15.606411683101141,18.429793987821064,True,True,True,22.595807550465388
113.601259776,30.13332071366987,-5.523704317887983,1.22864654518244,-0.24282184573890328,-7.536368708881368,-0.3771179914474487,-0.4363323152065277,-0.2485301303469315,29.547948020824954,-8.261831197795393,1.5597636283910017,0.8098851618427776,-23.380439172424996,-15.565211901594907,18.410677114002585,False,True,False,22.614924424283867
113.69787776,30.124206580048448,-5.551423584441793,1.249098057066175,-0.24589494689216243,-6.709645228573664,-0.3771179914474487,-0.43588062079357925,0.0,29.555334676954065,-8.293026173780696,1.5488434710781935,0.8153548222778412,-22.208653856825336,-15.220150066302965,18.383618375410148,False,True,False,22.641983162876304
113.801048576,30.116937656658106,-5.574628194580216,1.2658476570776847,-0.24788616666404886,-5.678422536639113,-0.37616600871329114,-0.26073080799012466,0.0,29.54464294715019,-8.315518335660162,1.5400618888402038,0.8033107420034928,-21.248972467633553,-15.291691369045775,18.3609429483507,False,True,False,22.66465858993575
113.899920384,30.112613933099535,-5.595582387280182,1.2836902724667194,-0.24931055152928924,-4.557620509417037,-0.3751470148563385,-0.3985309800470288,0.0,29.535608288838155,-8.335484664094176,1.5343673412602288,0.7930747497512811,-20.226665910366687,-15.390186839000943,18.34031905674466,False,True,False,22.68528248154179
114.0019776,30.109620401755482,-5.607480491449479,1.2979714984255173,-0.09849133000622816,-3.6382937449608077,-0.3751470148563385,-0.19895748950589592,0.0,29.52778232500403,-8.34636063713716,1.5305966048704829,0.784599811499724,-19.408411936654897,-15.49125962974542,18.328643969601075,False,True,False,22.696957568685377
114.10397056,30.1099990938828,-5.611076512743673,1.2956978358588707,0.0,-2.4402648405087075,-0.3744899928569793,0.12671128245974736,0.0,29.46482701783057,-8.335733003437952,1.530737611372073,0.7224101859750324,-19.53868320576063,-16.819559803303214,18.32503081391081,False,True,False,22.70057072437564
114.201893376,30.11131703572916,-5.6064128526853025,1.2940063714115517,0.011697869369479679,-1.2800248587742882,-0.3738330006599426,0.4363323152065277,0.0,29.40652207745715,-8.316258617077503,1.5323598777047354,0.6654020128374737,-19.635596979788435,-18.076713559065436,18.329597535688666,False,True,False,22.696004002597785
114.314232832,30.11371042860941,-5.602132777411638,1.2890719030113535,0.049133305418846515,-0.6419685197869238,-0.3731760084629059,0.4363323152065277,0.0,29.3654593659868,-8.300302591801412,1.5350299935367435,0.6253892894545806,-19.91832119326046,-18.997494111524855,18.33371066773993,False,True,False,22.691890870546523
114.400282112,30.11427394543262,-5.602175862433356,1.288237723164003,0.011379482017086207,-0.01698372614589999,-0.3725189864635467,0.4363323152065277,0.0,29.33439268493639,-8.29137373903649,1.5355894486605235,0.5949252403961308,-19.966116177868518,-19.670273889773895,18.333630558479456,False,True,False,22.691970979806996
114.505977088,30.114690451737953,-5.601857490628413,1.2896949439106224,-0.0009818832556322404,0.8084162769253389,-0.3725189864635467,0.4363323152065277,0.0,29.300053855544917,-8.280731734810663,1.5360260210126986,0.5612996596872952,-19.88262357926832,-20.41218129424497,18.33392080439223,False,True,False,22.691680733894223
114.63489408,30.116418654433364,-5.602373382269069,1.296300011247931,-0.0048079268599673175,1.5394341414058303,-0.3712050020694732,0.4363323152065277,0.0,29.285312862071436,-8.27618398923106,1.5377164898097944,0.5468635895272398,-19.504181097440824,-20.76475667689797,18.33329219959796,False,True,False,22.692309338688492
114.699052032,30.116197684185195,-5.603155037005826,1.2976818052966275,-0.008012014044307417,1.2127817525307727,-0.3712050020694732,0.4363323152065277,0.0,29.3040510577892,-8.282785208733559,1.5374445132912051,0.5651641311395708,-19.425010130294222,-20.358933320876275,18.332526797251866,False,True,False,22.693074741034586
114.799074816,30.116491904119194,-5.6039484532163435,1.297922224996026,0.0,0.9440266894216717,-0.3705480098724365,0.4363323152065277,0.0,29.31756856995706,-8.287550790771455,1.5376858334284187,0.5783657088122285,-19.41123509620688,-20.076403223679886,18.33171572435499,False,True,False,22.693885813931463
114.898948096,30.117032047007633,-5.603791388844599,1.2986598412004655,0.0,0.8469171019013657,-0.3698909878730774,0.4363323152065277,0.0,29.32463892800859,-8.289329164591381,1.5382351488460082,0.5853143951984058,-19.36897280079204,-19.937031340744703,18.331836869428354,False,True,False,22.693764668858098
115.00029952,30.117122480534384,-5.603467324561505,1.2986598411933974,0.0,0.6257529161544607,-0.3698909878730774,0.4363323152065277,0.0,29.335101530975557,-8.292043757258018,1.5383467314930592,0.595591887476682,-19.368972801197014,-19.71586715540278,18.332154273264525,False,True,False,22.693447265021927
115.098264576,30.117292092920522,-5.60420314330546,1.2994206309140157,0.0,0.5158988821954562,-0.3685770034790039,0.4363323152065277,0.0,29.34247422730664,-8.294864265618255,1.5384675085261228,0.6027787672988516,-19.325382761108646,-19.562423081355426,18.331408880419257,False,True,False,22.694192657867195
115.199199232,30.117462200178508,-5.604944679056965,1.3000480271359134,0.0,0.8352252022387874,-0.3685770034790039,0.4363323152065277,0.0,29.32934612619954,-8.29174073643385,1.538588402787686,0.5898656920500048,-19.289435605511457,-19.845802245801536,18.330657750385576,False,True,False,22.694943787900876
115.299818496,30.117624290849328,-5.605533222447992,1.3005977881044606,0.0,0.9132081907054864,-0.3679200112819671,0.4363323152065277,0.0,29.327328681685486,-8.291688997926464,1.5387113751936161,0.5878551624550269,-19.257936622272677,-19.892286251029443,18.330059808502057,False,True,False,22.695541729784395
115.402468864,30.117785650192417,-5.606132272399232,1.30101671285483,0.0,0.9286297749089747,-0.367262989282608,0.4363323152065277,0.0,29.32789234826918,-8.292406378215095,1.5388329258124374,0.5883740109307327,-19.233934002142938,-19.883705215103205,18.329451431046238,False,True,False,22.696150107240214
115.50117248,30.117712369223018,-5.6063339391221145,1.301041664723515,0.0,0.8744308915838727,-0.3666059970855713,0.4363323152065277,0.0,29.330427544954485,-8.293373686776857,1.5387465205727682,0.5908454683775114,-19.23250436537632,-19.828076695011514,18.329255029156858,False,True,False,22.696346509129594
115.600731904,30.11698491629708,-5.608366327992013,1.3012599870936912,0.0,0.8111970971537453,-0.3652920126914978,0.4363323152065277,0.0,29.333252938736283,-8.296444486704784,1.5378867777557481,0.5934782463085666,-19.219995414991935,-19.752333950197002,18.327274969923774,False,True,False,22.698326568362678
115.715658752,30.1169724000652,-5.608594655900282,1.3013444115113666,0.0,0.8040940336907934,-0.3646349906921386,0.4363323152065277,0.0,29.33380062495916,-8.296836083056192,1.5378592491703147,0.5940010205802941,-19.215158252171285,-19.740393723913375,18.327047962287914,False,True,False,22.698553575998538
115.799437568,30.11696775989366,-5.608907679624614,1.3014718842540685,0.0,0.8257481068392747,-0.3633210062980652,0.4363323152065277,0.0,29.333122706684986,-8.296952867593054,1.5378340007852043,0.5933172400668365,-19.207854602011512,-19.75474414690211,18.3267359239854,False,True,False,22.698865614301052
