t_s,x,y,yaw,vx,hitch_deg,steer_rad,steer_rate_cmd,vel_cmd,trailer_x,trailer_y,e_y,e_y_t,e_psi_deg,e_psi_t_deg,s_path,enabled,reverse,in_window,progress_m
0.0,8.725219251831236,0.3366881322628113,0.10168419857717881,0.0,1.3005957647241282,0.0,-0.345495194196701,0.0,5.933948688373575,0.11576135349945726,0.09515049819407215,-0.001334974766950878,3.2627229475813846,1.9787356811891053,18.228230917308483,False,False,False,0.00019309531147015946
0.100920576,8.725247415116089,0.33669032654838454,0.10168132921954554,0.0,1.3383856234163976,0.0,-0.3454951597415124,0.0,5.933831116264276,0.11761260859320591,0.0951514307087602,0.0005196760973393345,3.2625585454990844,1.9407814204145375,18.22825915054987,False,False,False,0.00022132855285761366
0.200224256,8.725501107054365,0.3367096261968385,0.10165838337434963,0.0,1.3558332807908073,0.0,-0.3454166559759201,0.0,5.9340132176043,0.11854601086737138,0.09515936492296155,0.0014440648830098394,3.261243845411998,1.922019062953051,18.22851345179686,False,False,False,0.00047562979984761
0.30042112,8.725548247769254,0.33671378571622174,0.10164884423368914,0.0,1.3802811227687206,0.0,-0.34536225959771744,0.0,5.93396545344211,0.11976793436926389,0.09516141195809817,0.002666903867959666,3.2606972929119706,1.8970246684750875,18.22856073137225,False,False,False,0.0005229093752383562
0.400767744,8.725843776525217,0.336741276313588,0.10158497821252155,0.0,1.3442691021959658,0.0,-0.3451074883845261,0.0,5.934383928375756,0.11821915805232261,0.0951756578146288,0.0011010625767936635,3.2570380394447747,1.929377435580665,18.228857193906336,False,False,False,0.0008193719093227969
0.500395776,8.725870230189905,0.3367437169464617,0.1015803112800211,0.0,1.3141575970415516,0.0,-0.3449404537677765,0.0,5.93452458407466,0.1167676184414981,0.09517691289119928,-0.00035529330862918966,3.2567706439092263,1.9592215451995174,18.22888373025588,False,False,False,0.0008459082588672118
0.600478464,8.726131197795784,0.33676772845655273,0.1015676378899224,0.0,1.3262832638797892,0.0,-0.34494021521890555,0.0,5.934736279898978,0.11741775161615225,0.09518922885517306,0.00028479114750206834,3.2560445121444483,1.9463697465965102,18.22914551062368,False,False,False,0.0011076886266678798
0.69928064,8.726372605934307,0.3367895230221557,0.10155952921185563,0.0,1.364513948772069,0.0,-0.3448703587055206,0.0,5.934830184440495,0.11932479254737927,0.09520020487093397,0.0021857759047812634,3.2555799191137917,1.9076744686735836,18.229387651945046,False,False,False,0.001349829948033232
0.80075008,8.726508867894541,0.3368202289550523,0.10147103035135574,0.0,1.3610753538639508,0.0,-0.34487021448254385,0.0,5.934960253255245,0.11943501302392123,0.0952247858966026,0.002290107982895143,3.250509307915431,1.9060424523833266,18.229525150851583,False,False,False,0.0014873288545693697
0.8992832,8.72664213763583,0.3368530070944713,0.1014076817751004,0.0,1.3091969787799531,0.0,-0.3440434336662292,0.0,5.935277572827506,0.1171171057664662,0.09525157087935536,-3.960979924875365e-05,3.2468797018578375,1.9542912214097352,18.22965975321065,False,False,False,0.0016219312136378505
1.001643776,8.726616931318876,0.3368495683611369,0.10141752722738628,0.0,1.3848147870642031,0.0,-0.34404433037511567,0.0,5.934966921893875,0.12077035863148478,0.09524926291464125,0.003623838356206851,3.247443804721216,1.8792375159888624,18.22963441832166,False,False,False,0.001596596324645816
1.103453184,8.726377045419275,0.3368162242200676,0.10150127272190135,0.0,1.4334486479889545,0.0,-0.344373458242561,0.0,5.934562536132466,0.12287290056715924,0.09522668079950428,0.005742272268997831,3.2522420681101654,1.8354019184530712,18.22939328117262,False,False,False,0.0013554591756061996
1.199981824,8.72639192116246,0.33682011820461855,0.10150127560606359,0.0,1.4487062426027684,0.0,-0.3445824937027848,0.0,5.934520539386016,0.12362024105246758,0.09522990558466224,0.006490740709820567,3.252242233360489,1.8201444890895653,18.229408316185477,False,False,False,0.001370494188464022
1.30081152,8.726723384575095,0.3368863773449449,0.10145102861397515,0.0,1.4333345905997446,0.0,-0.34440485079720856,0.0,5.934898555039117,0.12307776856970071,0.0952812740493851,0.0059320071145513315,3.249363292780594,1.832637200512709,18.229742411304304,False,False,False,0.0017045893072911156
1.399382272,8.726806972707472,0.336896624390251,0.10143818074589683,0.0,1.3982721060893735,0.0,-0.3442848766839481,0.0,5.9351107386322335,0.1214154496901576,0.09528777244421548,0.004261901845106756,3.248627164163966,1.866963556406452,18.2298263740858,False,False,False,0.001788552088786588
1.50378112,8.727451883304786,0.3369635888731719,0.10135662309274895,0.0,1.3483326468592576,0.0,-0.3439639726866893,0.0,5.9359267614463285,0.11927690110122724,0.0953258269284284,0.0020892059838787305,3.2439542548516007,1.912230106324184,18.230473634293702,False,False,False,0.0024358122966887663
1.600154368,8.727457409178491,0.33696340577852646,0.10137180935389489,0.0,1.295745304538513,0.0,-0.34382648963740503,0.0,5.936136605845103,0.11667229638406143,0.09532539687771956,-0.0005221504893595783,3.2448243635218463,1.9656875573151864,18.230479146449383,False,False,False,0.0024413244523699973
1.698740992,8.727510962347962,0.3369610398536835,0.10150132966872194,0.0,1.3865924897940856,0.0,-0.3443636248191816,0.0,5.93587236053698,0.12073449920979551,0.09532063820738663,0.0035477817004560836,3.252245330922642,1.8822613394604168,18.230532540218842,False,False,False,0.0024947182218291175
1.800928512,8.72751713249106,0.3369606799419212,0.10151364599479562,0.0,1.4057239977121043,0.0,-0.3447009325027466,0.0,5.935809138425632,0.12163191764765702,0.09532000270217213,0.004447122999307648,3.252951004425771,1.8638355050455042,18.230538688091276,False,False,False,0.002500866094262477
1.899586048,8.727608409865805,0.3369805556408294,0.10146153592467932,0.0,1.3571028876422917,0.0,-0.34469944181542744,0.0,5.936072808161711,0.11942829888728793,0.09533577622217726,0.002233964731851356,3.2499653173379763,1.9094709280275366,18.230630763053206,False,False,False,0.002592941056192899
1.999317504,8.727702058730655,0.3370029033857705,0.10142336103188665,0.0,1.2824624471378032,0.0,-0.3442210853099823,0.0,5.93644379385003,0.11592079480255219,0.09535391325207328,-0.001286559539566635,3.2477780570975914,1.9819241082916312,18.23072531769211,False,False,False,0.002687495695095521
2.100460544,8.727673839865396,0.33700038119902154,0.10142105252182043,0.0,1.31984999237809,0.0,-0.3442210635078768,0.0,5.936271399117375,0.11774615937880037,0.09535265565009281,0.0005446623913734639,3.2476457892138337,1.944404295167602,18.230697014260873,False,False,False,0.0026591922638594667
2.201542656,8.727432695505708,0.33697907682623024,0.10140383328357938,0.0,1.3659400660813024,0.0,-0.34412689282250336,0.0,5.935851048363753,0.12001846440958269,0.09534215753939797,0.0028334011201131583,3.2466591995361913,1.8973276317867298,18.23045515837779,False,False,False,0.002417336380776902
2.30061056,8.72739748478968,0.3369760150147473,0.10140181210849164,0.0,1.310346728141118,0.0,-0.34407729120432984,0.0,5.936027221722778,0.11731251220689448,0.09534067355629763,0.0001222934155216358,3.2465433947340068,1.95280516492474,18.23041984595778,False,False,False,0.0023820239607665883
2.402150656,8.727105673351161,0.3369327265533478,0.10151007990708916,0.0,1.2687640060882754,0.0,-0.34407940056195585,0.0,5.935919585553977,0.1149412328256646,0.09531047939001458,-0.0022418611076905795,3.252746682650817,2.0005911748944007,18.230126390477576,False,False,False,0.0020885684805627136
2.506765056,8.726732833132434,0.3368746255057842,0.10161269528637451,0.0,1.258690472493719,0.0,-0.3451902568340301,0.0,5.935608662997428,0.11410598568373065,0.09526911139190122,-0.0030624676110198633,3.258626110797002,2.016544136635128,18.229751324817776,False,False,False,0.001713502820763324
2.60019712,8.726732833132434,0.3368746255057842,0.10161269528637451,0.0,1.2935378181910941,0.0,-0.34519050527851525,0.0,5.935473691144601,0.11580359106359028,0.09526911139190122,-0.0013605415535008654,3.258626110797002,1.981696790937761,18.229751324817776,False,False,False,0.001713502820763324
2.701848576,8.725993587250324,0.33680660717950256,0.10163761521502757,0.0,1.3953756181350958,0.0,-0.34526698690827917,0.0,5.934351308054174,0.12062754944142443,0.09523422317173755,0.003508524670013585,3.260053917534589,1.8812867977313377,18.229009776586693,False,False,False,0.0009719545896800241
2.81161088,8.725965410658677,0.3368040445035715,0.10163835784191555,0.0,1.4399394145658881,0.0,-0.3452926576137543,0.0,5.934155993986332,0.12279427608254462,0.09523292323044356,0.005681789911133393,3.2600964669210235,1.8367655506869827,18.22898151357593,False,False,False,0.0009436915789180489
2.898897408,8.725684400957539,0.33676598844730443,0.10171743404066902,0.0,1.4211476686291649,0.0,-0.3452942929165085,0.0,5.933962329114719,0.12161982049249995,0.09520747313655634,0.004517099716226158,3.264627199369535,1.8600880290722068,18.228699083038855,False,False,False,0.0006612610418414988
3.002052864,8.72534054068626,0.3367174591363981,0.10178806991985301,0.0,1.3829183027628869,0.0,-0.3460728824138641,0.0,5.933777977448312,0.11951143820608878,0.09517437119776176,0.0024189914347195326,3.2686743371289735,1.9023645326979415,18.22835339641512,False,False,False,0.000315574418106479
3.100214528,8.725552156627696,0.33673043519494683,0.10176994219592483,0.0,1.3248384658668226,0.0,-0.34607204286368076,0.0,5.9342072176593845,0.11674536366509963,0.09517786995717774,-0.0003634241074762888,3.2676356950557106,1.959405727520733,18.22856538095099,False,False,False,0.0005275589539763814
3.199178752,8.725793756760064,0.3367437332291488,0.10175354158000527,0.0,1.331075504683891,0.0,-0.3458999395370483,0.0,5.934421284913693,0.11710830025377011,0.09518034935659647,-1.0357947219265759e-05,3.2666960089821044,1.9522290026300544,18.228807334075068,False,False,False,0.000769512078054646
3.29950592,8.725519567780932,0.3367115293859649,0.10176020454383972,0.0,1.3052122699156166,0.0,-0.3458999486496437,0.0,5.934247995324804,0.11579749905223002,0.09516044056986457,-0.0013121644495730283,3.267077768688867,1.9784739971051106,18.22853197916953,False,False,False,0.000494157172518328
3.405432576,8.72513292947938,0.3366652184924725,0.1017673512711661,0.0,1.2989363010262838,0.0,-0.345944344997406,0.0,5.933887152947131,0.11542549558791965,0.0951314680340603,-0.0016677666608240775,3.2674872460019992,1.9851594433075652,18.22814365653659,False,False,False,0.00010583453957835331
3.500527872,8.725125091193608,0.33666695741371905,0.1017651648765252,0.0,1.387739888872754,0.0,-0.3459441574318968,0.0012340498772955432,5.93353929039875,0.11975979570499434,0.09513355577493723,0.0026777095552292744,3.267361974816726,1.8962305842758211,18.228135903865507,False,False,False,9.808186849369349e-05
3.599253504,8.72502581682204,0.33669139992289504,0.10174051043535437,0.0,1.383789717946076,0.0,-0.34585053610128236,0.6000000238418579,5.933449625376646,0.11966060175076801,0.09516241377517842,0.0025825977889671952,3.2659493793913836,1.8987681597771466,18.228037821997013,True,False,True,0.0
3.704256768,8.725039969381852,0.33669495757319934,0.1017342374475545,0.0,1.346847847281493,-0.006227240741265412,-0.3427399313634246,0.6000000238418579,5.933602917691507,0.11788182622519588,0.09516533490629801,0.0007987676979245324,3.265589963665514,1.9353506147158706,18.22805211950791,True,False,True,1.4297510897876009e-05
3.806281984,8.726953243036196,0.33688409233105054,0.10170154736076631,0.0,1.3524815366595797,-0.044884508057847786,-0.2875642692045673,0.6000000238418579,5.93548754716989,0.11843668721566783,0.09526871112811841,0.0012693382123361281,3.263716959660634,1.9278439213329046,18.22997193756955,True,False,True,0.0019341155725385306
3.90101376,8.738823853241593,0.33809348201172923,0.10044475042335854,0.1351069919318198,1.3977449077916955,-0.08044966214659233,-0.2089479267474748,0.6000000238418579,5.946916888551863,0.12536007956401624,0.09594598929317012,0.007678036046977214,3.191707799442202,1.8105713899823461,18.241884758576152,True,False,True,0.013846936579138713
4.006453504,8.75932113908332,0.340153719737987,0.09755682630081708,0.2525861553788127,1.3982395752539032,-0.11002367458877935,-0.13581279367187335,0.6000000238418579,5.966809692787102,0.1355081180149062,0.09708744453786022,0.016932125841075615,3.026241935666554,1.6446108587445065,18.262453676542115,True,False,True,0.03441585454510232
4.102086656,8.799427995751355,0.34399608255175906,0.09000749633236937,0.4099891162777173,1.2944965655120784,-0.1284275800017203,-0.07061929834070753,0.6000000238418579,6.005788143616751,0.15537907227605038,0.09913222285517083,0.035051468272810804,2.59369719032287,1.3158091231426425,18.302692247409084,True,False,True,0.07465442541207068
4.202210048,8.841960388553762,0.34776324185518565,0.08047822748075806,0.5374146384308691,1.4089111711387083,-0.1377443118960304,-0.026286501836080944,0.6000000238418579,6.046332120296773,0.19135804461918707,0.10099339319208353,0.0691933556898578,2.0477103032800645,0.6554076304732033,18.34535056396861,True,False,True,0.11731274197159536
4.30207488,8.914784264529814,0.35327311981952786,0.06302093863733926,0.6648859530797175,1.4023923674102237,-0.14159132407384523,0.04582043866508471,0.6000000238418579,6.116863964933416,0.24537503315252054,0.10324078157273164,0.12002294930365297,1.0474813308113495,-0.3383025382670315,18.418347994833155,True,False,True,0.19031017283614204
4.413129216,8.977466170493186,0.35694504458766757,0.04370483439361239,0.6471040521932657,1.2478495594769505,-0.13667111516979769,0.12125944605353581,0.6000000238418579,6.178139177511202,0.2955578605632904,0.10410564549173816,0.1674334819777923,-0.05924991898893914,-1.2904909801340303,18.481131403287183,True,False,True,0.25309358129016957
4.50180352,9.041342771751406,0.35938751243653533,0.023782197695569884,0.6130334336614478,0.9858143881199746,-0.13286146565502058,0.24693795705068255,0.6000000238418579,6.241403321857083,0.34097347090630453,0.10368885113692866,0.20999312909649911,-1.200732918559225,-2.169938808347363,18.545053325348086,True,False,True,0.3170155033510724
4.601492992,9.09994205189232,0.36055792186533203,0.008489817464357063,0.5981932568368055,0.6859173675534431,-0.1132944286309938,0.3322909930716265,0.6000000238418579,6.299959022994235,0.37030665935821,0.10223729420968529,0.23669545588884774,-2.0769217645170137,-2.7462306337386098,18.603646315319168,True,False,True,0.3756084933221544
4.70167424,9.148905381719532,0.3608497895500147,-0.003963176878702068,0.5747873373647922,0.3493878392787333,-0.08706742212614485,0.3804772020478438,0.6000000238418579,6.34904709781941,0.38902052038652457,0.10033903303330176,0.25320963253997886,-2.7904257826745913,-3.1232051236214793,18.652573704979968,True,False,True,0.42453588298295486
4.80644608,9.21808189973644,0.3602455977796409,-0.019249769470387257,0.5763419607874618,-0.12087586330829538,-0.05008400573525238,0.4055079008782597,0.6000000238418579,6.41849318531469,0.4082354934075134,0.09662172038875413,0.26931423317222375,-3.696840633659006,-3.5359197224562573,18.721705518396398,True,False,True,0.4936676963993847
4.902765568,9.26640545947195,0.35923544717400746,-0.028160728648000344,0.5664698651404503,-1.2328441598696924,-0.016168647207797683,0.38674685764055033,0.6000000238418579,6.466467250497335,0.3778372192407939,0.09342563472107765,0.23680849444434454,-4.207400985949603,-2.93451177818547,18.76993384893108,True,False,True,0.5418960269340651
5.001537536,9.334604166009289,0.357115063754984,-0.03692286483131113,0.6000462033959599,-2.1008700225107257,0.02172311817567347,0.2908781580891575,0.6000000238418579,6.534604257591878,0.35783120793692075,0.08822096809269657,0.21378626432695944,-4.709434408772179,-2.5685193383670137,18.837966716315137,True,False,True,0.6099288943181236
5.102505216,9.387836425884377,0.35509519796206873,-0.03964829769481071,0.611540704340463,-2.6742710800705907,0.05973381621437107,0.22088152667537742,0.6000000238418579,6.587905546725709,0.33542105417453427,0.08379404970536254,0.18902333836600077,-4.8655902091969585,-2.1512740812319193,18.891053020978603,True,False,True,0.66301519898159
5.20733568,9.459481529732514,0.3522834173043198,-0.03658520286082689,0.6169194505280158,-3.8680901186217245,0.09156027281757802,0.13168347192341587,0.6000000238418579,6.660820381983572,0.2657052440701154,0.07774272131149075,0.11612778927327559,-4.690087802961361,-0.7819526364451853,18.962497464013364,True,False,True,0.7344596420163505
5.301561856,9.509204987053769,0.3504432888129783,-0.03186390766906566,0.6061605522577368,-4.5007201518572435,0.1103852710087894,0.08256126718293323,0.6000000238418579,6.71225617227085,0.21976303979108114,0.07365415326868298,0.06793930948291835,-4.419577514638033,0.12118768511364465,19.01208669562873,True,False,True,0.7840488736317184
5.405308928,9.581281603887426,0.34832519809333495,-0.021674647335145902,0.5918901689240974,-4.912184830885982,0.12083173694928076,0.02242896302959738,0.6000000238418579,6.787024644402771,0.1690822222991117,0.06827627514786991,0.013977251469644708,-3.835775901144371,1.1164539776360498,19.083993603707164,True,False,True,0.8559557817101506
5.535340288,9.646875515409572,0.3471635159090038,-0.00984094914433653,0.5815739387502754,-5.4389186571952,0.1248300001025199,-0.03521911076511824,0.6000000238418579,6.857004901700934,0.10920982553000255,0.06414721216374687,-0.04895381516196968,-3.157754938779396,2.32297106536017,19.149467732744103,True,False,True,0.92142991074709
5.601094656,9.695832749937804,0.3467905399678317,0.0005243436905630894,0.5846064164346025,-5.374754428447963,0.1235160008072853,-0.1070551084082889,0.6000000238418579,6.90828132072242,0.08305387304555523,0.06159660861306481,-0.07736705429118466,-2.517849559023109,2.852694369469864,19.198308468289653,True,False,True,0.97027064629264
5.703519232,9.754331855963159,0.34696803899343465,0.013332780559191626,0.5974811503033203,-5.251416912360797,0.11545422265549289,-0.0996520824301679,0.6000000238418579,6.969748952397255,0.0535433413817995,0.05917338636349697,-0.10958533830774186,-1.7839801842909342,3.4632262281148742,19.256757633429963,True,False,True,1.0287198114329499
5.801479168,9.802301904644443,0.34749009063921454,0.023078055153179733,0.6082916574636471,-5.0926610473633405,0.10638642476028508,-0.1172804752355597,0.6000000238418579,7.01983318903007,0.0346517192278703,0.05756243960603618,-0.13068836694619534,-1.2256170798593486,3.862833467549014,19.3047034670232,True,False,True,1.0766656450261856
5.90209792,9.87764447368389,0.3495779428907213,0.039619788614901896,0.6097776727007473,-4.272825883874593,0.09513900066415848,-0.19129253213027528,0.6000000238418579,7.095881234122225,0.030527352821704712,0.05629891508318799,-0.13819489988588207,-0.2778455666723396,3.9907698172472594,19.38006436764327,True,False,True,1.1520265456462582
6.003284992,9.935185090928941,0.3498484951214746,0.0481157547928186,0.6047077501754257,-3.5393486352944725,0.08008596866139603,-0.25579492381198304,0.6000000238418579,7.152073927551838,0.04277805973939153,0.05401126314262999,-0.1284584847606776,0.2089374382081805,3.7440755735476725,19.43756012818307,True,False,True,1.2095223061860558
6.10182656,10.005661370572135,0.3521886623745672,0.05891435286354785,0.5901494863603387,-2.9887469933546615,0.06248992917786603,-0.2392769706887324,0.6000000238418579,7.222917214878002,0.041809919626048464,0.05321613242259547,-0.13258016516696147,0.8276515323190797,3.812188025718746,19.50807076668717,True,False,True,1.2800329446901557
6.201481984,10.061675317983395,0.3535958119349603,0.06523725398380753,0.5841430764869258,-1.5197631358375454,0.03202290213736929,-0.22905318246567952,0.6000000238418579,7.273455450997109,0.09702228769097998,0.05213182145881189,-0.0796729198073472,1.1899270807884996,2.705479716671074,19.56409189345387,True,False,True,1.3360540714568572
6.30226944,10.134371960768686,0.35706009026183255,0.07231432642466906,0.5967671335779683,-0.8037744829421579,0.0095800255912899,-0.2104716249172414,0.6000000238418579,7.344802598090304,0.11560042322377742,0.05239421769221319,-0.06428717422803615,1.699623427725224,2.402273056078353,19.636775407045075,True,False,True,1.408737585048062
6.40185344,10.19187822497575,0.3609285381062191,0.07523659588955134,0.6068697010759647,-0.2766748685654616,-0.011284064167247965,-0.18768274927738898,0.6000000238418579,7.400848105931347,0.13698462864004593,0.053807231629609396,-0.04541251544813005,1.8670571346629319,2.042607148639359,19.694394316297075,True,False,True,1.4663564943000615
6.50559872,10.256755659398106,0.3624372379145968,0.07320490427040216,0.6049486014694593,0.30573208969595034,-0.034262060560024364,-0.16622920666829663,0.6000000238418579,7.463201841899316,0.1725502485289695,0.052548356125019374,-0.012650517347154562,1.7506497796135834,1.343792835328617,19.759277079068113,True,False,True,1.5312392570710998
6.601649408,10.321317059804171,0.3670474192091887,0.07074362689796576,0.6016160657371964,0.9073971607485841,-0.04994523435221354,-0.13431734437978624,0.6000000238418579,7.525536621856247,0.2133862894862993,0.05440161652202842,0.02537754581525012,1.609628973961929,0.6011069586243311,19.823976334240502,True,False,True,1.5959385122434888
6.717298432,10.396108113632309,0.3714795956016931,0.06477472325867195,0.5947618869570241,1.3750805706902782,-0.06765888414363243,-0.06880249218997095,0.6000000238418579,7.5984354365754,0.25734111808763216,0.05564086835121152,0.06605227075460354,1.2676359871101162,-0.2085694381691949,19.89888835046755,True,False,True,1.6708505284705382
6.803241728,10.452180309672807,0.3750477884667011,0.0591454869410839,0.5879090329095227,1.6382317305533847,-0.07325594918276285,0.002393194415672679,0.6000000238418579,7.653487083811868,0.2895128393517882,0.05681504525522844,0.09574793484938036,0.9451045042305557,-0.7942520809118562,19.955061693591528,True,False,True,1.7270238715945148
6.900912384,10.502755693356013,0.3800684899797438,0.05385170483138069,0.5857013622259659,2.1430469789780484,-0.0768690034747123,0.07118345678571796,0.6000000238418579,7.7031344582633015,0.3340148254354541,0.05967477955055834,0.13800165699687428,0.6417931316827006,-1.602378701884365,20.005805154235702,True,False,True,1.7777673322386889
7.001050112,10.569648817608552,0.3849095876661866,0.04508922974461216,0.6050225689521325,2.1488304035520094,-0.07069425474089616,0.11874238908556597,0.6000000238418579,7.769729363699498,0.36367161173578644,0.06165932776960011,0.1646723380451421,0.13974029112233402,-2.1102149670186976,20.072843858485125,True,False,True,1.8448060364881123
7.11356416,10.634432664768282,0.39242577594238304,0.03987477353771185,0.6052479837915737,1.9972978892440376,-0.059584619340366386,0.15723217023897168,0.6000000238418579,7.834467879913486,0.378382856978159,0.06608136494303533,0.1764863545756353,-0.5126085485849984,-2.2657622813658076,20.13829806698049,True,False,True,1.9102602449834762
7.200936448,10.697428319390676,0.39692832200979655,0.03281102045513462,0.5996504597426972,1.8645720265581212,-0.05389199145533467,0.15640009784070483,0.6000000238418579,7.897428420018917,0.39617764355567464,0.06750422659303229,0.1914588611483758,-0.9173317877391989,-2.5377596578340875,20.20143839392863,True,False,True,1.9734005719316166
7.300987648,10.750195535079213,0.4046045609368134,0.03111046004840201,0.5977275471316283,1.4310015146753636,-0.030915600970197698,0.13028738260184697,0.6000000238418579,7.950248224512732,0.3874273070372219,0.07259616872534305,0.1803643199181918,-1.014766721852028,-2.201624080064179,20.25451735229168,True,False,True,2.026479530294665
7.402493696,10.820610155730856,0.41060466455205913,0.02547121003088826,0.593224210194851,1.0493316112868938,-0.016162221497819228,0.08028392275677934,0.6000000238418579,8.020681865499519,0.3905654639137182,0.07515274250153492,0.18036185179198566,-1.3378719474746417,-2.1430594022983143,20.32514088927076,True,False,True,2.0971030672737463
7.504795136,10.87894895770689,0.41278733343420027,0.021563458885752063,0.5963605956607992,0.7766851091668535,-0.00586511686990148,0.3355380371219521,0.6000000238418579,8.079038730832323,0.39036588291870183,0.0744857553070522,0.1775629264043761,-1.5617695954783601,-2.094310548182,20.383516697509535,True,False,True,2.1554788755125216
7.600915968,10.931843572315259,0.41864618817990407,0.02247834937101212,0.6000052254341921,0.1797388007648691,0.001297095736613378,0.3491415972988575,0.6000000238418579,8.132367277068647,0.3644938811902071,0.07775626139573823,0.14934105354729246,-1.509350231956283,-1.4449448762579227,20.436634210849515,True,False,True,2.208596388852502
7.721788672,11.00714504383549,0.421728097754475,0.022070338951040824,0.5956212538854444,-0.47334893717835297,0.04594218287840188,0.31583297740304533,0.6000000238418579,8.208432973507975,0.3368119779474782,0.07715962972526817,0.11829823541333631,-1.5327275070179984,-0.8152344133764214,20.51199636189623,True,False,True,2.283958539899217
7.800771584,11.048399248534032,0.42590521815489774,0.02406414306764404,0.5949601894948109,-0.7695144788847282,0.06823759101825026,0.24364080281860923,0.6000000238418579,8.250367211959928,0.32094464315186017,0.07918017040898039,0.10057865538831122,-3.9765160545954643,-0.4050173084406679,20.556944013199494,True,False,True,2.3289061912024813
7.901027584,11.116516078097868,0.4277292077208874,0.028621628386941378,0.5977963995099166,-0.8176910487128826,0.10529728823706097,0.1644923168071062,0.6000000238418579,8.319091419981827,0.30766554892129055,0.07463875873965958,0.0842511606930389,-3.7153913806068948,-0.09571606462396118,20.624933754983203,True,False,True,2.3968959329861903
8.013286912,11.171225426100392,0.4299165541085539,0.037315125865740484,0.5986320941982297,-1.0291001089522496,0.1322082361234038,0.06202993303251931,0.6000000238418579,8.37550199581923,0.27522168872211594,0.0717104570241346,0.0493264847125413,-3.217290665864084,0.6137937103582356,20.679608450155136,True,False,True,2.451570628158123
8.101547008,11.233251569771875,0.43264245186404354,0.05030860515240976,0.5973575745756727,-1.226814111385527,0.13776410084164814,-0.08507558694756183,0.6000000238418579,8.440449855761415,0.23199702774420697,0.06863546910115774,0.0032513849347159695,-2.472819141547279,1.555979237108299,20.7416182676569,True,False,True,2.513580445659887
8.205026048,11.283137680995743,0.433929859199433,0.061164191097083265,0.5992294425085208,-1.434818620991734,0.134705174709423,-0.14117887930221645,0.6000000238418579,8.493535424261992,0.19285051701940084,0.0652613159651468,-0.03822116200574591,-1.8508398827759502,2.3859630054858414,20.791406786426816,True,False,True,2.5633689644298023
8.305783808,11.347873901136815,0.43736899583034,0.07647353369293919,0.598375840822694,-1.236764110692861,0.12380036477842346,-0.225913932947546,0.6000000238418579,8.561324950406753,0.16324321231994393,0.06264351844349554,-0.07081901765092932,-0.9736791649135499,3.065069213049385,20.856181418768923,True,False,True,2.62814359677191
8.403537152,11.405787988433406,0.4417039182213643,0.0899757625888995,0.5945213065296958,-1.0491670614007598,0.10730562205115948,-0.22302994358801512,0.6000000238418579,8.6221885121966,0.13909202834561862,0.061554315937471196,-0.09765762567831049,-0.20005843515543897,3.6510928935153837,20.91424730115638,True,False,True,2.6862094791593663
8.501836544,11.45719647743095,0.4443148228440828,0.09985411282674672,0.5913554064865756,-0.7663113609397799,0.08248903508935161,-0.22841244045004658,0.6000000238418579,8.67512636475674,0.1279512848614231,0.05935579748953107,-0.1111456287186217,0.3659293420252598,3.9342249702350958,20.965675076536943,True,False,True,2.73763725453993
8.602269184,11.52635611287871,0.45144346835297766,0.11324314462023466,0.6010788812161426,-0.23201562697951642,0.06036044031524017,-0.23833894627729327,0.6000000238418579,8.745594610937776,0.12377676372279983,0.06002263475683901,-0.11845909499645448,1.2154811518165967,4.157017398447455,21.03511184154734,True,False,True,2.8070740195503276
8.703400704,11.572266720046809,0.45397814025413924,0.12047694020442101,0.6021735460043672,0.6443904921905976,0.040042322535785616,-0.25724660746857003,0.6000000238418579,8.788953851222724,0.1487413891276701,0.05832743507993642,-0.0954586490968332,1.6299471086508466,3.695077236111579,21.081061103894474,True,False,True,2.8530232818974604
8.803680768,11.642489596786424,0.4600529914118095,0.12685228669783344,0.5952227786064885,1.399327322036801,0.013391190980661426,-0.2744688508093264,0.6000000238418579,8.857165258724503,0.17375187056188895,0.057923156907123574,-0.07352388181002349,1.9952275556569075,3.305420853271429,21.1515450935186,True,False,True,2.9235072715215864
8.903849216,11.692228487340055,0.46222143428550905,0.12799121778190958,0.5978419134617315,1.994239827786008,-0.012540937889938576,-0.25157898236186754,0.6000000238418579,8.9043765583126,0.20168041675102727,0.05551146198760182,-0.04773476045011534,2.06048349993073,2.775764291796044,21.201272783044836,True,False,True,2.9732349610478224
9.01646208,11.768196809440818,0.4693556154747969,0.12564723105741527,0.5983350499052137,3.3515477579547097,-0.04252240696522635,-0.19384456068547318,0.6000000238418579,8.974507526285244,0.28147216973862293,0.05563402957013176,0.028840612726624994,1.9261829533825114,1.2841558150791337,21.277575256669447,True,False,True,3.049537434672434
9.103615744,11.818206494527026,0.4751726035291576,0.12384152566341244,0.6018569297602562,3.7258599847221023,-0.05617245380669551,-0.15217157327712802,0.6000000238418579,9.023047655630721,0.3105911181188531,0.056830554568164764,0.05575951453287861,1.8227236552621424,0.806384290191369,21.32790789300389,True,False,True,3.099870071006876
9.20097408,11.869455700495296,0.4785572748927568,0.11593250122015109,0.5982113688621238,4.070762756416266,-0.07944403454882289,-0.05797685682327554,0.6000000238418579,9.072275666062197,0.35292346189305207,0.055491144749543794,0.0958478253466034,1.369569934597461,0.008327797832523732,21.37925127713423,True,False,True,3.151213455137217
9.302439424,11.937736905297612,0.486249951268078,0.10741472885780778,0.5957806434374171,4.484680107126412,-0.09055458398527923,0.03459171435209776,0.6000000238418579,9.13892580386072,0.4046630744212901,0.05687628367107079,0.14455480429137443,0.8815375273820129,-0.8936219600930633,21.44795048811397,True,False,True,3.219912666116958
9.417663232,11.997637842705446,0.49288564225414805,0.0975074234922837,0.5951709169523014,5.01674104976183,-0.08715589983129719,0.09605347053250259,0.6000000238418579,9.197776410920897,0.4650295333124851,0.0580114299566328,0.20221725442034721,0.3933161720765409,-2.023887298865225,21.508127363197055,True,False,True,3.2800895412000415
9.503094528,12.057528228633938,0.49874199675766395,0.0875363877103501,0.5997163728482019,5.062206695433046,-0.08246339927523101,0.13974237316261787,0.6000000238418579,9.25752916034464,0.5010261988203885,0.0584225433960659,0.23547281850843035,-0.17798209560218045,-2.6406512122151757,21.568301994068165,True,False,True,3.3402641720711514
9.602775296,12.110660015655045,0.5037065024739911,0.08033027095876477,0.6010908813875921,4.854695119343795,-0.06817214768271367,0.23882947989634773,0.6000000238418579,9.310687121373768,0.5160268632696126,0.05855724882682219,0.248052353413801,-0.5908621721465428,-2.8460197126702815,21.621665042739608,True,False,True,3.3936272207425944
9.707535104,12.184718163659122,0.5098670396030978,0.06860238519796713,0.5986660664559734,4.272200881943701,-0.05461356342526855,0.24386481744118235,0.6000000238418579,9.384767920230768,0.5265593829229023,0.05798884887852054,0.2552214207885679,-1.2628205288518222,-2.93548383197547,21.695976807790718,True,False,True,3.4679389857937046
9.801603328,12.232626879064162,0.5130798324849344,0.05937711525434253,0.6014491228040567,3.811538452297165,-0.0319367423702263,0.24301614036030353,0.6000000238418579,9.432698385816014,0.5330906469898752,0.05685181828474687,0.25957681293903845,-1.7913895614904027,-3.0033904349675047,21.743979664073358,True,False,True,3.5159418420763444
9.901467392,12.295796359420576,0.5236324697376157,0.05969604492798242,0.5974891085234696,3.3353269441694304,-0.004110711768297084,0.2206958319806554,0.6000000238418579,9.495799440950293,0.5194783685206577,0.06164311575718487,0.24312272945210514,-1.7731162372293523,-2.5089056025787224,21.807845029256814,True,False,True,3.579807207259801
10.01198592,12.366419658525217,0.5292216254804288,0.05624420377431427,0.5927977378006926,2.813687254838968,0.021023175073087784,0.2113471869940817,0.6000000238418579,9.566490951656341,0.5092407233088919,0.06081659810639207,0.22969630173293498,-1.9708921668841062,-2.18504184290302,21.878684325603647,True,False,True,3.650646503606634
10.10354816,12.418108751598682,0.5375395786537726,0.059708095647795556,0.5927943992885525,2.1658687667633796,0.04215503174036661,0.17852273485406114,0.6000000238418579,9.618780580712821,0.47620613194795514,0.06442157504375211,0.19432909636998186,-1.7724257818439648,-1.3387569697872894,21.930914152609223,True,False,True,3.7028763306122094
10.204532224,12.485258883592238,0.5420613684657468,0.06326041185005193,0.5935276984608631,1.6612292643785616,0.0625070896585125,0.12051735441484131,0.6000000238418579,9.686902592167941,0.4461339675520365,0.0628934161640228,0.1612388117740429,-1.5116262967942484,-0.5845668946179001,21.99813508537469,True,False,True,3.7700972633776786
10.3027008,12.535802563632087,0.547032177094791,0.06821383038289364,0.5960377420987303,1.2604152438970233,0.07797918495138276,0.0510095704104748,0.6000000238418579,9.738792244377338,0.4176750204221004,0.0633194309051236,0.13050127267137282,-1.2278163207005346,0.10005710195735225,22.04892082197305,True,False,True,3.8208829999760354
10.401348608,12.607886484117213,0.5522663034272098,0.07598897553713257,0.6001387297442294,0.5687063192982519,0.0850879758879235,-0.13972739816760754,0.6000000238418579,9.813994343076173,0.36742392671364954,0.062079353618941215,0.07695678836850467,-0.7823333182610499,1.2372490289956024,22.12118388224103,True,False,True,3.8931460602440175
10.504969216,12.662537988139919,0.5569835553043043,0.08347993956947164,0.6042455994402094,0.35852239835489114,0.07847582982678206,-0.1753779005270561,0.6000000238418579,9.870882489823924,0.3409752713842755,0.06188508393216686,0.04800534837213307,-0.3531326947237208,1.8766335734763029,22.176038249583154,True,False,True,3.948000427586141
10.60401536,12.729844469645824,0.5629587583578638,0.09312720942969888,0.5970124958782564,0.26912480624346563,0.060897900162382425,-0.2020039205775013,0.6000000238418579,9.940785171771006,0.31567707092827524,0.0618107996339384,0.019624671870612644,0.19961515209106348,2.518779012402512,22.24360939716908,True,False,True,4.015571575172068
10.701909504,12.780582781497356,0.56695223847475,0.09959267457170995,0.5956826894220107,0.1975344097718951,0.04318245343517017,-0.19377875067850003,0.6000000238418579,9.9935142340571,0.29816066146896747,0.06124598602525161,-0.00021846273796906525,0.5700590173172494,2.9608132741002815,22.2945014904506,True,False,True,4.066463668453586
10.80393728,12.850243481281572,0.57328348650551,0.10588174738714384,0.5922909003564351,0.7173795704424902,0.022607215798108402,-0.16650722131814905,0.6000000238418579,10.062437436342442,0.31225196388640936,0.06131555980488615,0.01079496588207061,0.9303963466920696,2.8013054428045057,22.364449277803327,True,False,True,4.136411455806314
10.90337664,12.906417565381252,0.5788511862595075,0.10859444911605953,0.5930647538018837,1.0395505914486034,0.0038544134305885207,-0.14061618389264177,0.6000000238418579,10.117863661939712,0.32593395157402744,0.0618336569462644,0.0220002551692703,1.1131776429928166,2.738770746710099,22.42086672543706,True,False,True,4.1928289034400485
11.003344384,12.958742811779612,0.5814797473975462,0.10851944464581864,0.6014427514924009,1.264183108205068,-0.008966356166760113,-0.11988582435749758,0.6000000238418579,10.169200618748201,0.3397063963070871,0.05979233143807893,0.033571302492849474,1.1088802034033989,2.5098407903642252,22.473218169872485,True,False,True,4.245180347875472
11.102680576,13.02753561772541,0.5888858727063395,0.10749170633197247,0.6009952015239304,1.5685787999930432,-0.023023532857517015,-0.10801881992337493,0.6000000238418579,10.236516555592003,0.36480420275551106,0.06104319179194105,0.055776110683651216,1.0499951355761217,2.146560030748971,22.542397185407264,True,False,True,4.314359363410251
11.205917184,13.078543532300229,0.5924451872109224,0.1045902948866968,0.6006667068616726,2.2070066016616647,-0.03435001261920022,-0.09069655713885362,0.6000000238418579,10.284652793421852,0.4075816180318208,0.060046227508530114,0.09646222207570908,0.8837565051308733,1.341893598635094,22.593519412776892,True,False,True,4.365481590779879
11.300584704,13.143236120588735,0.5977883734707626,0.09832250451017677,0.5976635074712043,2.5867013656547555,-0.04410383812076327,-0.05958250593709951,0.6000000238418579,10.347193956877598,0.44896559715765816,0.059607459194898585,0.1351419763128181,0.5246385696835624,0.6030808991946937,22.658430799306842,True,False,True,4.430392977309829
11.402165248,13.19095067696889,0.5998461094209426,0.09075449849929207,0.6007276171342045,2.6973973944293492,-0.051188408109755223,-0.02800622192395555,0.6000000238418579,10.393620886624262,0.4775920949654607,0.05740814765332905,0.16176291929114275,0.09102376593023097,0.058770066666785185,22.706139039648935,True,False,True,4.478101217651922
11.502295296,13.259305072418497,0.6037996856435286,0.08428116260215912,0.5960278738716218,3.050848324973632,-0.0558449998497962,0.04449158706622581,0.6000000238418579,10.460653300893547,0.5169189527952552,0.05525921411388712,0.19819592781721945,-0.2798710603460194,-0.6655756901537695,22.774573944681908,True,False,True,4.546536122684895
11.616124672,13.319632186366979,0.6077670816330324,0.07661251175770456,0.5909211476811107,3.0144003453818335,-0.0512459985911846,0.09660334869358062,0.6000000238418579,10.520438635065407,0.5405698915750734,0.05383885662172323,0.2192762692103683,-0.7192523882927004,-1.0685090385086469,22.835014688331245,True,False,True,4.606976866334232
11.707037952,13.370719496087302,0.6076371518418321,0.06827414944988064,0.5939761063904486,2.8558245018147197,-0.046541912792227455,0.15210834600706707,0.6000000238418579,10.571195044914695,0.5560343681309738,0.049168532961845195,0.2325625626431258,-0.9710553691306618,-1.3876861632307993,22.88569359311519,True,False,True,4.657655771118176
11.801183744,13.435595523231612,0.6119488473921277,0.06134103316313144,0.5965561322110472,2.6945675517973733,-0.03096766972752038,0.1681674201022127,0.6000000238418579,10.635882283313903,0.5718767345269476,0.04794238871168733,0.24524775759570583,-1.3682936712348037,-1.9772500219137372,22.950701178725065,True,False,True,4.722663356728052
11.902562816,13.486460144854641,0.6142037128316374,0.054555038555840873,0.597123220599542,2.2777439561878157,-0.016339304977776418,0.16397347659549733,0.6000000238418579,10.68676683284317,0.5727626863211913,0.045859517843016236,0.24364938147803095,-1.7571025220310899,-1.9492352771004668,23.001573133670288,True,False,True,4.773535311673275
12.00570624,13.555992500786584,0.6172746009006014,0.04863080213790205,0.5995565153599296,1.9382740462193415,0.0009284964457044222,0.1442534155073691,0.6000000238418579,10.756299214934177,0.5758318071608648,0.04300072656730678,0.24332151992178572,-2.096536265616685,-1.9491991107175959,23.071114532760472,True,False,True,4.843076710763459
12.102696192,13.605022399650718,0.6214291922366649,0.046973557662477905,0.5992891834459938,1.7085495930594714,0.014767914339373285,0.11968205105869316,0.6000000238418579,10.805434340751678,0.5734010705795864,0.04296685709795643,0.23849578289840168,-2.191489379679861,-1.814427771620899,23.12032012659548,True,False,True,4.892282304598467
12.203650816,13.67022095403287,0.625462387243971,0.04773652493578462,0.5994969505776763,1.0487471332215001,0.02921446642623508,-0.18565446160597385,0.6000000238418579,10.871433641962238,0.5430634686075768,0.04143576980299529,0.20497342542692829,-2.147774575012782,-1.1109105071158494,23.18562536319397,True,False,True,4.957587541196958
12.306602752,13.715690255051657,0.6283279620128321,0.05002830762449273,0.5992750424767341,0.8028150568694935,0.0265666890244182,-0.18468206895158776,0.6000000238418579,10.917506126520646,0.5275034469525249,0.040420636921254735,0.1871835105788988,-2.016465099388663,-0.733668955139736,23.23117356139242,True,False,True,5.0031357393954075
12.403541248,13.789277904990955,0.6326251934693372,0.05301852095284598,0.5942463482537452,0.7072527014353144,0.0025486056292006124,-0.1429428196729196,0.6000000238418579,10.99159378171725,0.5187676228723833,0.03843855522058626,0.17484246323015296,-1.845138495830255,-0.46677999614713894,23.30485992223289,True,False,True,5.076822100235876
12.501837568,13.84518184139224,0.6359276517334507,0.0534556401286479,0.5974789258971895,0.32124625070763313,-0.013681314509465817,-0.10176879884516705,0.6000000238418579,11.048386545349784,0.5020020304551037,0.03749179521458088,0.15494601317450568,1.054127161529883,-2.613753570136406,23.358973994690924,True,False,True,5.130936172693911
12.602471168,13.891400288932312,0.6407242753554138,0.0546003788223115,0.5941347036098983,0.20779465914749576,-0.025512391255431744,-0.08101880327672056,0.6000000238418579,11.09503714352254,0.4980597773401086,0.04066549322660219,0.1466670015371574,1.1197158573221269,-2.434713282784044,23.40533216691669,True,False,True,5.177294344919677
12.701554688,13.954295607175364,0.6441760462109936,0.05122422121588199,0.5992784067916742,0.14753256309631202,-0.0341801798757204,-0.07338347524337864,0.6000000238418579,11.157608408805011,0.5080117540071164,0.04191063267508357,0.15073567443002647,0.926276275502726,-2.5678907685522567,23.468309824912904,True,False,True,5.240272002915891
12.816482304,14.012234668809048,0.647077904666146,0.04637221807641101,0.5942472912839404,0.12181788057028081,-0.04354805085129119,-0.055709367557495816,0.6000000238418579,11.214975025383541,0.5232292580727863,0.04277991674231538,0.1605326484079935,0.6482769734268132,-2.8201753881021294,23.52631499701588,True,False,True,5.2982771750188675
12.901925888,14.07376981473954,0.6496591913354781,0.039689707545888187,0.5992800393466907,0.18163577919033425,-0.04676143416941555,-0.022598751150811308,0.6000000238418579,11.275636757329139,0.5474271365428552,0.043202781557586376,0.17896326057370862,0.2653973234761268,-3.2628729366728786,23.587902807586676,True,False,True,5.359864985589663
13.004141312,14.119956131231273,0.6507756150795836,0.03436314603290258,0.5939714643362151,0.19493831783815885,-0.0519029982388019,0.009098739224371053,0.6000000238418579,11.321298026273642,0.564099138715123,0.04269966722278541,0.19130086050720807,-0.039792170534766656,-3.5813649693315996,23.634099875773057,True,False,True,5.4060620537760435
13.102828032,14.189223002530515,0.6522339472373511,0.026170774977462674,0.597837517227742,0.18963891912193323,-0.0505889989435672,0.09382466880891902,0.6000000238418579,11.389954643006938,0.5882288586101369,0.04172926692769088,0.20891743773906302,-0.509180456216609,-4.045453856297213,23.703375300820724,True,False,True,5.475337478823711
13.201134592,14.246218877673353,0.6532640683285658,0.019800861421082505,0.6093702833922532,0.1850639552283116,-0.0445134772118344,0.1439113094456442,0.6000000238418579,11.446603300847995,0.6068677107472408,0.040761022861641204,0.22218783403963693,-0.8741496188603614,-4.405848055047336,23.760372260706223,True,False,True,5.53233443870921
13.301828608,14.29594396597101,0.6510133634547135,0.012998939257609088,0.5986368409447271,-0.15965153541561755,-0.033410458009962056,0.15560706549052272,0.6000000238418579,11.496292808423618,0.606816123229207,0.03676881324908351,0.2175005942930737,-1.263871051403882,-4.3684372006889145,23.809987906837744,True,False,True,5.581950084840731
13.404751616,14.36295861076142,0.6512657543803677,0.004647540863455646,0.5960448450403535,-0.43678338348070717,-0.015366759584092508,0.16772797542982318,0.6000000238418579,11.563169411346365,0.6169082393538003,0.03476805111505619,0.22140410101739716,-1.6560755970454555,-4.569805233641168,23.876917927198583,True,False,True,5.64888010520157
13.502968064,14.41094793912531,0.6488918013513865,-0.0014966070084461158,0.5845831382201144,-0.6664762672757667,-0.0018158079427995667,0.16077673053815117,0.6000000238418579,11.61109176038648,0.6205126121805212,0.030785621653578406,0.2205891982709128,-2.008109338809713,-4.692146091610357,23.924800612434325,True,False,True,5.696762790437312
13.601620224,14.47828927580495,0.648692763037868,-0.003878236823714687,0.59530057311858,-0.9743897651222734,0.014480876623297582,0.13072402670279934,0.6000000238418579,11.678530557152307,0.6119352151258344,0.028327715525679996,0.20585053009050816,-2.1445666755871238,-4.52068993054127,23.992097372679655,True,False,True,5.764059550682642
13.706116096,14.530345677151862,0.6469090298280202,-0.004794022920989072,0.5960401522825104,-1.3692690946665804,0.03130430085506943,0.09076301972015406,0.6000000238418579,11.73085662191727,0.5934204364483496,0.024798742857429334,0.182605379294795,-2.197037353897703,-4.178281279307525,24.04406464100561,True,False,True,5.816026819008595
13.801552384,14.602316926855003,0.6453577728485653,-0.003307111886591052,0.6007007802308787,-1.738733613012166,0.04056017767689617,0.06714289655619175,0.6000000238418579,11.803340453971623,0.5696563577672386,0.02083406764854959,0.15228066022622624,-2.111843627115265,-3.7236230341795107,24.11594334809287,True,False,True,5.887905526095857
13.904274688,14.645347239584556,0.6445406251612085,-0.0017205308456489377,0.6029074158789655,-2.1034860952902763,0.04885684464315275,0.054107867750439805,0.6000000238418579,11.847061303032962,0.5465823825393453,0.01857391862141446,0.12528641792860423,-2.020939229613809,-3.2679661543999488,24.15892203199921,True,False,True,5.930884210002198
14.001035776,14.718947157639457,0.6436192076039213,0.0021403171059097836,0.6003724664106592,-2.275749763053747,0.05415012064150674,0.04975468870297112,0.6000000238418579,11.921399921104115,0.5264464319541639,0.015184094326337529,0.09840402062448178,-1.7997289366477651,-2.8744921936704384,24.23244961892583,True,False,True,6.004411796928817
14.10169472,14.777890882158895,0.6441092162758931,0.006674443352683301,0.6104553418481149,-2.3352458515735695,0.059826863182614945,0.025593313814166577,0.6000000238418579,11.981040027034972,0.5113489278136352,0.013712741514105493,0.07790133177797122,-1.4751333772424882,-2.475784378944612,24.29136110560734,True,False,True,6.063323283610327
14.201923328,14.830335409193012,0.6465653308040665,0.012659352651963829,0.617389828983204,-2.288247508789666,0.0630720034241676,-0.013969535284364022,0.6000000238418579,12.034207509983181,0.49936216758935015,0.014467591831647104,0.06115112918828336,-1.132223333625115,-2.1798726781111477,24.343857687547555,True,False,True,6.115819865550542
14.319467264,14.9116771050792,0.6479425159225208,0.020115473807871265,0.5553621536202782,-1.9010176020409228,0.0604440011084079,-0.06686324066710816,0.6000000238418579,12.115652587726357,0.4987885740979713,0.013207386692590474,0.05320758865681494,-0.7050190598534141,-2.139898311088194,24.425201279867412,True,False,True,6.197163457870399
14.408508928,14.957436933658581,0.6482488352488888,0.02341471241815629,0.5610389550115938,-1.8709025613662194,0.05624505954124481,-0.1117094922447823,0.6000000238418579,12.161836868870274,0.4913403340272846,0.012030253999229034,0.041609384774325624,-0.515986611877475,-1.9809809037869641,24.47094699116111,True,False,True,6.242909169164097
14.501998848,15.008774621536423,0.6491778675730255,0.026932455842822556,0.600140363405246,-1.8150844846603273,0.04619207349213111,-0.1373933785303343,0.6000000238418579,12.213582701612573,0.4851591771977694,0.011294702443533377,0.030769638080633228,-0.31443476023420164,-1.8352471288495855,24.522287815673486,True,False,True,6.294249993676473
14.608194304,15.078987379567403,0.650962141742983,0.030632275780123397,0.6014530971238726,-1.6566943939297123,0.03291338091676592,-0.1250808091595851,0.6000000238418579,12.283950104121896,0.48432892515591397,0.010802113599088614,0.023573229299840764,-0.10245069286850657,-1.7816531522144903,24.592521514001717,True,False,True,6.364483692004704
14.703416832,15.131253606972157,0.6517530899332014,0.033800226927820365,0.6092920897446362,-1.1212598686576905,0.020020176245363133,-0.09291736485484886,0.6000000238418579,12.335240345761667,0.5023882910846003,0.009898452143027977,0.03691573163381459,0.07905953759815501,-2.1355774470198474,24.644785914143096,True,False,True,6.416748092146083
14.805247744,15.201551303044491,0.6539938023067712,0.036633314803841355,0.6039892896494085,-0.6536637592067195,0.009096308090067467,-0.06968123929660666,0.6000000238418579,12.404781915376294,0.5195282223167541,0.009859308405460426,0.04769048746702077,0.24138351588384035,-2.440849578185147,24.715119301185005,True,False,True,6.487081479187992
14.93539456,15.282712011631427,0.6559318359174927,0.03718150105631057,0.615871221846573,-0.2644764845762004,0.0,-0.04245566665661388,0.6000000238418579,12.485157497401804,0.5389329474037134,0.009192974594608643,0.0597866329720888,0.3011401222659523,-2.741361334997591,24.796295639492758,True,False,True,6.568257817495745
15.001798912,15.319374102359006,0.6572957983077578,0.037148912952651436,0.5996813904013765,-0.21647411896478758,-0.0010903047277703497,-0.05047499454555722,0.6000000238418579,12.521718813457692,0.5427319100946346,0.009385980986664825,0.06029725378767454,0.29927296146394894,-2.7912308614110057,24.832982585924043,True,False,True,6.60494476392703
15.102920192,15.384121821692494,0.6595031306501933,0.036021044737506,0.5899256565310096,0.016883832731826857,-0.006656333241722139,-0.0678199603451394,0.6000000238418579,12.585908554180769,0.5594905838305378,0.009525428927786376,0.07124216242940824,0.23465087288916248,-3.0892109016824096,24.89776776964092,True,False,True,6.6697299476439085
15.202240768,15.437356409650237,0.6602380582843181,0.033775885325838306,0.5878091451189649,0.3493133372138191,-0.012564866246467707,-0.06096044695704917,0.6000000238418579,12.638428935883937,0.5827461451824076,0.008560723823912203,0.0897025509475477,0.10601271426652852,-3.5502785647870363,24.950998689393643,True,False,True,6.72296086739663
15.303909376,15.507024514866078,0.6624861208081163,0.031740770537124874,0.588823029789593,0.5376721996659762,-0.01926006304163554,-0.04485057488536948,0.6000000238418579,12.707724231584343,0.5998927983304326,0.00858382153225036,0.10057681525967872,-0.01059077395140943,-3.8552409154571423,25.020703051782036,True,False,True,6.7926652297850225
15.402917632,15.560435396373217,0.6652475835741438,0.029793067334132672,0.59523685788749,0.6665411800873458,-0.0243090000003576,-0.002667191705818221,0.6000000238418579,12.760897069753106,0.6144031366298973,0.009638991556411148,0.11026868511123246,-0.12218594722697483,-4.095705069154077,25.07417486263783,True,False,True,6.846137040640816
15.50137984,15.630327994901824,0.6683326419580684,0.026238035514300595,0.5978417638150496,0.7160117547244658,-0.0249659996479749,0.05840155150180023,0.6000000238418579,12.830592342355935,0.6298582886373384,0.010491492739741374,0.11942243287856415,-0.32587426653806534,-4.348863963102279,25.144130321009897,True,False,True,6.916092499012883
15.602102784,15.689634724619088,0.6702408444863018,0.022336922768074086,0.6010868866389388,0.6998550858760719,-0.020422867121706902,0.0729169131634711,0.6000000238418579,12.889778164404811,0.641899316209246,0.010505640726674228,0.1261166050567727,-0.5493915623015345,-4.556224590017347,25.20346773944447,True,False,True,6.975429917447457
15.702838272,15.744511692547828,0.674717858008236,0.019871429820803588,0.6035116682968314,0.6512187616874312,-0.01307687645254835,0.08640510422977511,0.6000000238418579,12.944612973314902,0.6509026939773265,0.013211578336189831,0.13019771566664382,-0.7087781795316345,-4.621495669970537,25.25846383224583,True,False,True,7.030426010248817
15.80218368,15.815804233145926,0.6767260053928519,0.016120807170250107,0.6032589182270899,0.606617076512941,-0.005213744858267489,0.06754651632640717,0.6000000238418579,13.015847098057959,0.6612327271734284,0.012920470253162277,0.13414347438201354,-0.9236730279545191,-4.791788833218947,25.329784055583488,True,False,True,7.101746233586475
15.90250496,15.871227491054727,0.680979118772858,0.014662324467869414,0.5969417536210485,0.577891293159434,0.0010070515233935257,0.042825892645929405,0.6000000238418579,13.071256809491977,0.6681657511812532,0.015384729257345488,0.13611484705859797,-1.0072379312937678,-4.84662795320468,25.385315613442142,True,False,True,7.157277791445129
16.00795008,15.943175404684006,0.6821973047641403,0.01207137379126344,0.590278647269726,0.480622159157349,0.0065700002014636,0.02135521760307956,0.6000000238418579,13.143194394273293,0.6718851110400378,0.014282943505871523,0.1334135527429144,-1.155688469989855,-4.897809357898698,25.457265403718928,True,False,True,7.229227581721915
16.101777664,15.992514984379367,0.6858588659176266,0.011542940035245586,0.5899329110184844,0.3087433282216334,0.0091979997232556,0.042554482758215176,0.6000000238418579,13.192568010687092,0.6686267879388307,0.016352073350779768,0.12577156541121723,-1.185965493961924,-4.756207550935044,25.5066973757237,True,False,True,7.278659553726687
16.201840384,16.062034162200643,0.6890940688236662,0.010760238879777173,0.5974716143041395,0.13987988111103508,0.012441518867072432,0.06560698460720019,0.6000000238418579,13.262131046781638,0.6658014891693173,0.01734454981133709,0.11676306020518512,-1.230810966790277,-4.632189576652803,25.576284713747686,True,False,True,7.348246891750673
16.30200704,16.112576728247685,0.6910903477602015,0.010098508739840195,0.5971601699425014,0.05222633186946323,0.018401677433021988,0.07493954444032194,0.6000000238418579,13.312694888446332,0.6653671451876927,0.017710483033107665,0.11182784648635022,-1.2687253109852672,-4.582450371606201,25.626865364248538,True,False,True,7.398827542251524
16.401500928,16.183953875828994,0.6934479980997864,0.011068340583164193,0.6018061680782683,0.015551299563191432,0.025630375127962186,0.0705664705636349,0.6000000238418579,13.384117077093554,0.663217211691122,0.017741458282478955,0.10340648997404064,-1.2584415860909801,-4.264258080388781,25.698295448893617,True,False,True,7.470257626896604
16.504462592,16.24398125278494,0.6943987639203053,0.011885315084616987,0.6047776783008524,-0.2567022283029729,0.032461330962156594,0.030109185214896892,0.6000000238418579,13.444356211073798,0.6485770897488062,0.016709224309490414,0.08369199690446992,-1.2116323951879304,-3.9451953616195423,25.758321480187394,True,False,True,7.530283658190381
16.60072064,16.29538939076946,0.6970865283242638,0.013676544823216563,0.5959563782896887,-0.3569924078713642,0.037055241354089864,0.0019171852157677722,0.6000000238418579,13.49594418980745,0.6413499441918022,0.017697702783534337,0.07209995580450847,-1.109002491027853,-3.742275277891077,25.809790341053294,True,False,True,7.5817525190562804
16.703599104,16.36343404754927,0.6984452515116799,0.016039587503451802,0.600360495042215,-0.41393285105629846,0.0367919988930225,-0.032943400844686166,0.6000000238418579,13.564191717673058,0.6333117069344482,0.016808422678160264,0.05828172012057936,-0.9736101186410918,-3.5499424623193807,25.877842751928117,True,False,True,7.649804929931104
16.809966592,16.414667885173294,0.7016459981936769,0.018587376141093515,0.6003654538337493,-0.4543380265309093,0.0341640003025531,-0.06142194181907977,0.6000000238418579,13.615652244539548,0.627406901434226,0.018315360082979133,0.04801806860826886,-0.8276325826128358,-3.3635597508165174,25.929154349415093,True,False,True,7.70111652741808
16.908440064,16.481806850192058,0.7035326516098475,0.02196477899218241,0.5935184185539516,-0.4489303346820711,0.028431915705927888,-0.053229105965909275,0.6000000238418579,13.683050021818701,0.620104744806955,0.017983633844071704,0.035005572196179086,-0.6341216535299908,-3.1754565135825126,25.996318998171756,True,False,True,7.768281176174742
17.002516736,16.536957452926277,0.7047657084851556,0.023605944136959156,0.5931695218075835,-0.443253443440548,0.023411839605957753,-0.03502047222566653,0.6000000238418579,13.738332605157186,0.6170219825018478,0.01739459865669919,0.027228391899977115,-0.5400898172503066,-3.087101568544351,26.05148023862874,True,False,True,7.823442416631728
17.106435328,16.60611796305282,0.7064219767390516,0.02450220414644244,0.5985578741819809,-0.43626456341086395,0.0190529990941286,-0.011139777289174778,0.6000000238418579,13.807561892483854,0.6165113551108029,0.016765848813727297,0.02082688021014242,-0.4887379013605592,-3.0427385326842864,26.120657720941466,True,False,True,7.892619898944453
17.203737856,16.665878402709353,0.7079146023487017,0.026347745856482252,0.6000079235151667,-0.3372896838929395,0.0177389997988939,0.0006780920720953218,0.6000000238418579,13.86733297047908,0.6176734601624703,0.016298564560731522,0.018472412572000753,-0.3666912703653378,-0.16175108785912626,26.18043022009713,True,False,True,7.952392398100116
17.302099968,16.717689710528024,0.7092977832944116,0.028257349522196495,0.5992902478098229,-0.10986330955303078,0.0177389997988939,-0.029390955503196366,0.6000000238418579,13.918964341982692,0.6248210914747604,0.015984605159847714,0.023805948155236942,-0.25727903977720074,-0.2797652316108874,26.232259036762226,True,False,True,8.004221214765213
17.401846272,16.774128814885962,0.7116714638677437,0.02969517353694595,0.5992888638317447,0.008624838141527987,0.014761659295305717,-0.057075608735311575,0.6000000238418579,13.975350766192355,0.6289585014567567,0.016509091641492578,0.02596444522758798,-0.17489779204950107,-0.31587213157775934,26.288745599537112,True,False,True,8.060707777540099
17.501421056,16.84228323195885,0.7137848715901185,0.031615160341542214,0.6003692332255431,0.1187481218264579,0.00952994267042255,-0.09551121165647843,0.6000000238418579,14.043505015605298,0.6310775825229881,0.01638986365580052,0.025693385759175565,-0.0648906514253261,-0.31598827463852436,26.35693267194408,True,False,True,8.128894849947066
17.60249472,16.89079434585215,0.7156367222707553,0.031878093097117866,0.5974579787933942,0.22709775070867225,0.00277914089529562,-0.08505576419294975,0.6000000238418579,14.091885181239418,0.6374863016266397,0.01665237720593815,0.030402419455875948,-0.04982571423509643,-0.4092729663304961,26.405478409231183,True,False,True,8.17744058723417
17.703757824,16.964877892996345,0.7180748191189498,0.03204445543895895,0.5982039576620013,0.348618217381962,-0.0058832900999740735,-0.04392084889401794,0.6000000238418579,14.165821324415775,0.6453952079066574,0.016663533496731348,0.035714969513614185,-0.040293854177689506,-0.5212615729463845,26.479602063682677,True,False,True,8.251564241685664
17.816890112,17.02013349764828,0.7213106626586201,0.03149195794724635,0.5974861274622021,0.516371412863975,-0.01238377561221364,-0.009417820458663163,0.6000000238418579,14.220840931768432,0.6583731491248852,0.018088470673917934,0.046756473273184454,-0.07194962864438569,-0.7206705428950961,26.534933990116745,True,False,True,8.306896168119732
17.90263808,17.082973022296596,0.7242390727770086,0.03038181425493658,0.5920821796446222,0.6541500166572772,-0.0124829998239874,0.020501149198675194,0.6000000238418579,14.283476533255147,0.6711409763460058,0.018958291167451354,0.05732104797019874,-0.13116801617070808,-0.92205569491082,26.59783425246379,True,False,True,8.369796430466778
18.002030848,17.132386974626076,0.7263680559967516,0.030212049503690608,0.5951284470808665,0.8320835742640595,-0.0111689995974302,0.025961431526984515,0.6000000238418579,14.332731589999696,0.682439394140078,0.019472015873918665,0.06693811838220781,-0.1408948199271905,-1.0234207208983148,26.64729137875815,True,False,True,8.419253556761138
18.103295744,17.1970243789671,0.7289014179136002,0.027232492494873917,0.5924390094282754,0.9240344947820202,-0.0078840004280209,0.0015289789837459578,0.6000000238418579,14.397197028125259,0.6978079221636414,0.01989262460696615,0.08013548982198007,-0.31161086135101074,-1.286087682840098,26.711977042168527,True,False,True,8.483939220171514
18.210304512,17.262080873566656,0.7310585916988379,0.024612136352955893,0.5999976937291616,0.9606692785132968,-0.0078840004280209,-0.0019454826102805749,0.6000000238418579,14.462167041227051,0.7090919926597956,0.019923556246865783,0.08923377638610965,-0.46174620910409686,-1.4728578143244728,26.777069283884074,True,False,True,8.549031461887061
18.302100992,17.30949491781805,0.734143400982715,0.02445381972001348,0.605579674760635,0.9300243921562557,-0.0078840004280209,-0.008480572110910266,0.6000000238418579,14.509589555213866,0.7111225308790758,0.021457924566792956,0.08967237324068582,-0.4708170839984189,-1.4512838028617399,26.82455879171949,True,False,True,8.596520969722476
18.400989952,17.378831669737014,0.7359008621707279,0.022251316683247868,0.5985806483304842,0.7969521252733743,-0.0085410000756382,-0.0030094856859321888,0.6000000238418579,14.57892909087479,0.7125438743370178,0.020949540959244364,0.08876690691383758,-0.5970112123698357,-1.4444056643502927,26.893915949840384,True,False,True,8.66587812784337
18.521430784,17.433470336014217,0.7388455018381679,0.021932358324944445,0.5974869327334758,0.691095176717488,-0.0091979997232556,0.033579387167252624,0.6000000238418579,14.633606731612627,0.7112086288722033,0.02210781990251899,0.08559823953474423,-0.6152861801410433,-1.3568236835656002,26.948621645569553,True,False,True,8.72058382357254
18.614089728,17.510866040104553,0.7417589019948606,0.02097338717743291,0.595637209385652,0.6417728877131992,-0.0065700002014636,0.04032551978593955,0.6000000238418579,14.710999737045658,0.7143967932437224,0.022491510172175114,0.08618844435527538,-0.6702311795682717,-1.3624463939885338,27.026071214282933,True,False,True,8.79803339228592
18.703593728,17.55178254250977,0.7426182600108245,0.019258466831626464,0.5956739339957317,0.6477147925802774,-0.003247199159430443,0.06944136274400163,0.6000000238418579,14.75187110817095,0.7203481037756408,0.022012523934487868,0.09076536643172198,-0.7747454855934373,-1.466645996871459,27.06699635644662,True,False,True,8.838958534449606
18.801885184,17.603496176421984,0.7449637631978538,0.019326475364602302,0.5956805597462943,0.6724020671306529,0.002130215007577478,0.06223507179969907,0.6000000238418579,14.803576845341986,0.7237096002046681,0.022661880832348946,0.09243869313134079,-0.7708488836830455,-1.4226274078257781,27.11875908100036,True,False,True,8.890721259003346
18.90633856,17.667942704635106,0.7462377334969675,0.019137460545013862,0.5992819493358935,0.6919264506416977,0.008646213826723616,0.0296309904736015,0.6000000238418579,14.868012506455404,0.7264669135498899,0.02182296681377149,0.0931058949907795,-0.7816786351108898,-1.452981542764651,27.18321274049551,True,False,True,8.955174918498496
19.004521216,17.72218860580627,0.7484313412678614,0.018942794128165907,0.5942359228651534,0.682432517447154,0.0124829998239874,-0.00228246280005797,0.6000000238418579,14.922257836119144,0.728741624173374,0.022237516215790048,0.09362106425592259,-0.792832199209212,-1.4546411736684293,27.237501393616743,True,False,True,9.00946357161973
19.10088064,17.791243100367282,0.7505694667841762,0.016123335351971857,0.6097239661288504,0.5369068853607122,0.0124829998239874,-0.022662179902667952,0.6000000238418579,14.991306935685621,0.7316624916757212,0.02211126957651501,0.09430219110880117,-0.9543752875962512,-1.4706586299690474,27.306588866154,True,False,True,9.078551044156988
19.208782592,17.852711328965626,0.751828544068602,0.015442330720885522,0.5924629685164385,0.3976321522632038,0.0105119999498128,0.01052719343375837,0.6000000238418579,15.052812534066378,0.7280222776301505,0.0213550826940146,0.08867020454266684,-0.9933939787863618,-1.3704025880616382,27.368065337946266,True,False,True,9.140027515949253
19.307272448,17.905762084721314,0.753910677893644,0.014774503795654592,0.608638219021694,0.2843317743642159,0.0111689995974302,0.025448246884653553,0.6000000238418579,15.105896868521665,0.7264375798650685,0.021697388277868428,0.08536562682653362,-1.0316576430472928,-1.295365874423577,27.42115583421822,True,False,True,9.193118012221206
19.402659328,17.971396334774838,0.7548536966116299,0.013393233695126128,0.6072289728390632,0.19021670793456455,0.014188128103908937,0.05254257329489559,0.6000000238418579,15.171538394224712,0.7266488612387345,0.020488773536957407,0.0834490469027909,-1.110798590175185,-1.2803917551218125,27.48678573071973,True,False,True,9.258747908722718
19.503046912,18.022580161792177,0.7558894125769733,0.011923136079739827,0.5882724930652273,0.11576899266597945,0.018879290968624406,0.06715747025526962,0.6000000238418579,15.222717446363209,0.7281626249750738,0.019847338513821772,0.08330306161588218,-1.192402839516399,-1.290174428687116,27.537975095764164,True,False,True,9.30993727376715
19.60142464,18.088151341959282,0.756983272751326,0.012492532591147132,0.5722557160731038,0.14265277241244004,0.02495463439682566,0.040972371792501766,0.6000000238418579,15.288291418418796,0.7289759781325815,0.018794556744806325,0.08202179930598454,-1.159778822543288,-1.2560863437319256,27.60354694833167,True,False,True,9.375509126334656
19.702628864,18.14557393259654,0.7577634163885169,0.012824771241321642,0.5877152151192536,0.28996525972839404,0.029927088753606133,0.0150130871754432,0.6000000238418579,15.34565832206753,0.7360246511072834,0.017694918805615165,0.0872357178821576,-1.140742950097165,-1.3843629586017636,27.66096430926015,True,False,True,9.432926487263138
19.814176,18.210133319306852,0.7591701753626652,0.013508603468598501,0.6017903016447719,0.15778776868940572,0.03144658173575868,-0.009748490014025326,0.6000000238418579,15.41029524636716,0.7290576311768797,0.016987982838221224,0.07820902520769443,-1.1015622495791701,-1.2130047670447763,27.72553515116856,True,False,True,9.497497329171548
19.905338624,18.267535694530896,0.7599674576398852,0.015113901552882059,0.6046955642818003,0.07968728715696777,0.0302220005542039,-0.032493267935722096,0.6000000238418579,15.467799343103382,0.7215439948163178,0.015906135980550636,0.06886367586811676,-1.009585444489286,-1.0429274804224618,27.782932868438223,True,False,True,9.55489504644121
20.005841408,18.3235946057528,0.7615607984189812,0.017119857151222995,0.6083016048386323,-0.01684683289536631,0.027116602078802746,-0.02331936949120148,0.6000000238418579,15.524019136008405,0.7128043710943422,0.015663890913367052,0.05833395912876189,-0.8946526548137106,-0.831460570694556,27.839013895350636,True,False,True,9.610976073353623
20.10141056,18.393891990292797,0.7634490708215182,0.018206754515329493,0.6245156828433766,-0.2010910097829254,0.0243090000003576,-0.007687809942374112,0.6000000238418579,15.594552210513879,0.702647776860666,0.01525041351635257,0.04593111124875163,-0.8323780230865143,-0.5849417620797916,27.909335420378703,True,False,True,9.68129759838169
20.205792256,18.444487833467925,0.7649015544275815,0.019858794333452057,0.5955023392956933,-0.016829115660577484,0.0243090000003576,0.013730403111173888,0.6000000238418579,15.645056387789396,0.7084783238729173,0.0150461855563564,0.05014658413309449,-0.7377231139205312,-0.6745487470361677,27.959951695885383,True,False,True,9.73191387388837
20.303109632,18.514106090788825,0.7668647758460342,0.020607798005160216,0.5823491741437621,0.17092230735407518,0.0249659996479749,0.0024680718249092304,0.6000000238418579,15.714540958689188,0.7175183359345267,0.014726223699712777,0.05695595899587794,-0.6990400278379221,-0.8375096977543569,28.029597998260375,True,False,True,9.801560176263362
20.404539648,18.57063209344423,0.7680863474932055,0.021699357246568685,0.5808905901214034,0.012030392831410271,0.0262800008058547,-0.009703277286938723,0.6000000238418579,15.77127857983706,0.7079206940421933,0.014092945872051439,0.04553429104860789,-0.6364982902167151,-0.6160760456104951,28.086133652255718,True,False,True,9.858095830258705
20.5060928,18.62600289514616,0.769648536983991,0.023055542773163573,0.5960113692957749,0.23591914879646955,0.0243090000003576,-0.027586286392327814,0.6000000238418579,15.826504985894255,0.7166253713466838,0.013837996022159687,0.05245414616847722,-0.5587945833061009,-0.7622610946649481,28.141525900067965,True,False,True,9.913488078070952
20.602787072,18.694505232353787,0.7712366612770667,0.0229870571370121,0.6101722077457167,0.3477331074346865,0.0216809995472431,-0.054973200896795506,0.6000000238418579,15.894905927565002,0.7238686063649717,0.013178220314758023,0.057488619520749254,-0.5627185212148488,-0.8779989912118958,28.210043467433522,True,False,True,9.982005645436509
20.71374464,18.753195417963354,0.7727695270901016,0.02363750176505297,0.6093926771040756,0.412632949863461,0.0164250005036592,-0.04477117213258797,0.6000000238418579,15.953573594494987,0.7267516440482571,0.012785078600837019,0.058478926965717194,-0.5254507892211503,-0.9056311016469869,28.268752350952788,True,False,True,10.040714528955775
20.805054976,18.8185347162282,0.7745208533863513,0.024335558699878135,0.5993061635821113,0.5753885007577926,0.0136038072048665,-0.014704673637112463,0.6000000238418579,16.01882072254576,0.7345014383640083,0.01239217253698727,0.06412136380454138,-0.48545507299582963,-1.028390936315994,28.334113934978603,True,False,True,10.10607611298159
20.90292352,18.86759008585655,0.7759046384103463,0.0256485697459361,0.5917951386592228,0.7443405649572946,0.0105119999498128,0.004168983970469439,0.6000000238418579,16.067814375700824,0.7404649315547989,0.012166075952658529,0.06850238072328238,-0.4102250816026508,-1.1221130091223046,28.383188297233257,True,False,True,10.155150475236244
21.002041088,18.937819542227743,0.778026889996226,0.02673740705474348,0.5888293835247455,0.8388154191557561,0.0105119999498128,0.019718699752785708,0.6000000238418579,16.138024422811178,0.7441552308815129,0.011977805760602896,0.06992744596993684,-0.3801464739897123,-1.1542020809497264,28.45345633049741,True,False,True,10.225418508500397
21.110974976,18.999209711182004,0.779933915318085,0.02794426968609587,0.5938683871875705,0.8131460613194048,0.0124829998239874,0.006467086054529024,0.6000000238418579,16.19947447897013,0.7414289869123094,0.01183542361087105,0.06518368484442155,-0.3109983387611674,-1.1046681344504101,28.514875947210104,True,False,True,10.286838125213091
21.206161152,19.051605829465508,0.7825674286486176,0.02987337939894097,0.6021592542547813,0.9123792393915393,0.0137970000505447,-0.022740251171226876,0.6000000238418579,16.25187824345835,0.7435104939183632,0.012719220640262683,0.06553335480135335,-0.20046849399744893,-1.0933714677588129,28.56733076115937,True,False,True,10.339292939162355
21.303061504,19.115616795410965,0.7846593167903297,0.031510923971559635,0.5989337768872758,1.0010757285090068,0.0111689995974302,-0.05312482248523636,0.6000000238418579,16.31589271616565,0.7453518099503939,0.012674152812387773,0.06525950627769721,-0.10664410122184526,-1.0882435641006925,28.631375883738365,True,False,True,10.403338061741351
21.412564736,19.176060693276796,0.787776474692468,0.03243849189794945,0.5996483341828382,1.0794312771779804,0.006513094613192895,-0.0637182835428478,0.6000000238418579,16.376319589956108,0.7497008344923247,0.01377280274087316,0.06761048332450988,-0.05349837382800737,-1.1134533853758233,28.69189013355555,True,False,True,10.463852311558536
21.50726656,19.23957928505628,0.7898395765673052,0.032528982413059015,0.5946066159852598,1.1098900703299672,0.002015175582830147,-0.03399161964577318,0.6000000238418579,16.43982165836412,0.7529989498205678,0.013715393240873813,0.06880956219841192,-0.04831364922626451,-1.1387274539260515,28.75544219563967,True,False,True,10.527404373642657
21.601896448,19.288422014833593,0.7926188847033693,0.03399222363256982,0.5935648735393164,1.265198477682503,-0.002517918329257345,-0.008042605280485294,0.6000000238418579,16.48862061131464,0.7592707085417212,0.014863466331053144,0.07346625154485793,0.035523897061280126,-1.2101983149910625,28.804350464204344,True,False,True,10.57631264220733
21.701465088,19.356558800685562,0.7959132261926942,0.0342255786553447,0.5974778235238465,1.425236610373096,-0.0026279999874532,0.013568676158212632,0.6000000238418579,16.556681204572172,0.7697321875903759,0.0158825201321866,0.08167423527479788,0.04889415499446016,-1.3568661897484742,28.872559230513637,True,False,True,10.644521408516624
21.80545536,19.410517973927956,0.7985592228871049,0.03374118896488287,0.6010857167851492,1.4820509123344807,-0.0015704919943214848,0.021846053258044586,0.6000000238418579,16.61060478478971,0.776510792337334,0.016700778155997176,0.0866682467641427,-0.05094043810545248,-1.441433976612957,28.926597672361364,True,False,True,10.69855985036435
21.915495168,19.48482826699569,0.8017043411339878,0.033058252892191664,0.5992914723630284,1.5211331654473237,0.0,0.009536088340210483,0.6000000238418579,16.68488758928024,0.7834779516302763,0.017271139703699378,0.09119900372568678,-0.09006979274789836,-1.5033407042736673,29.000972305888556,True,False,True,10.772934483891543
22.002157568,19.536076876834382,0.8033989519245526,0.032876103901994025,0.5974880001318108,1.5081615906501344,0.0,-0.006822306556042893,0.6000000238418579,16.736137008335675,0.7850486715058889,0.017190336110207087,0.09109087998901472,-0.10050616112879289,-1.500805497857375,29.052248861807506,True,False,True,10.824211039810493
22.102664704,19.59598326192459,0.8053645258328214,0.032568701959684976,0.5938831387762353,1.4907728923939005,0.0,0.06975690424911656,0.6000000238418579,16.79604332166275,0.7870251985133552,0.017080572025614332,0.09110490296101331,-0.11811899503722542,-1.5010296335095794,29.112187383704622,True,False,True,10.88414956170761
22.201911296,19.651925615705963,0.8073524053636925,0.032021740087748274,0.5995204471941313,1.5217991006330056,0.0047047565513322715,0.05667025899025338,0.6000000238418579,16.851967372257636,0.792060742741398,0.017130348217417293,0.09430668973621298,-0.14945760185377346,-1.5633944485652194,29.16816502329366,True,False,True,10.940127201296647
22.302276864,19.706099763851444,0.8114283298519065,0.03282198728006325,0.5942778520940871,1.5299864401148044,0.01131813680382458,0.06482094146189317,0.6000000238418579,16.906152177340303,0.7942961148628668,0.019328138637589372,0.09476675187927729,-0.10360681516693156,-1.52573100136018,29.222447812508946,True,False,True,10.994409990511933
22.402082816,19.774562727393185,0.8137110222598554,0.03181866672438183,0.5931566280125922,1.4808809467286825,0.017124219048812877,0.08677174906616955,0.6000000238418579,16.974612664938473,0.7969883502289815,0.019239045542410977,0.09521601987474061,-0.1610928485061974,-1.5341115413133362,29.290948762312343,True,False,True,11.06291094031533
22.501279488,19.823242234335872,0.8158277247610943,0.03141843935263822,0.6029176326744421,1.37137801542341,0.023721245273276063,0.0849865448156337,0.6000000238418579,17.02332063528839,0.794874462786144,0.0196690315254568,0.09150847611859113,-0.18402418775271978,-1.4475399492545853,29.33967236991396,True,False,True,11.111634547916946
22.601451264,19.891479609679447,0.8186034363960597,0.031914493232039653,0.5974954173816965,1.470386233471501,0.03374954914397133,0.07190528994422096,0.6000000238418579,17.091534321717244,0.8010995962958758,0.020068868008275734,0.0954981402215341,-0.17262146103409484,-1.5137382129057753,29.407970899705,True,False,True,11.179933077707986
22.70508288,19.944319828015175,0.8220449546871309,0.034086479042279905,0.5938838520406322,1.4605403636606207,0.04216225640895683,0.04483235333840792,0.6000000238418579,17.144423256809503,0.7979785766729043,0.021663096067082232,0.09065115235898724,-0.048175840945025944,-1.3794467230058156,29.4608990695091,True,False,True,11.232861247512087
22.803129344,20.010722202187132,0.825506582572266,0.0370124948860191,0.5942369765022963,1.394294205522966,0.04667613480248249,-0.106493531924105,0.6000000238418579,17.21094720472661,0.7900106166754988,0.022803828191526158,0.08051441870618344,0.11947251768964044,-1.1455522062335006,29.52738182587124,True,False,True,11.299344003874229
22.902875392,20.067931871670055,0.8279305805348135,0.04000988631964164,0.597478966809064,1.2958097437022313,0.04031548518156178,-0.14269657347093198,0.6000000238418579,17.268355420049993,0.7792305647810324,0.023228574373424984,0.06786486212670785,0.2912103963848794,-0.8753298657175193,29.58464124989165,True,False,True,11.356603427894637
23.001370112,20.11790533533995,0.8319319307988567,0.043020549342771996,0.6026800471159979,1.2547545752433817,0.027842499935397523,-0.1581015422942989,0.6000000238418579,17.31852984450547,0.772797665645795,0.02548240062668394,0.05979643249712847,0.46370868114634606,-0.6617764124972144,29.634723962900452,True,False,True,11.406686140903439
23.101727744,20.186637092820924,0.8352070711861904,0.04719125644145672,0.5989357625162243,1.229162188565759,0.013568790921090916,-0.12470936668558116,0.6000000238418579,17.38756448784899,0.7631477061068368,0.026355416448418913,0.04789658424850537,0.7026725954862333,-0.39722011147971426,29.703528169707557,True,False,True,11.475490347710544
23.2153664,20.243420953909716,0.8390968696073616,0.04951523754755227,0.5938860838181327,1.210242278777539,-0.002875990723145121,-0.09337987051206945,0.6000000238418579,17.444549467764496,0.7596084802460652,0.028259938419056944,0.042497814726556206,0.8358269045336532,-0.24514589264406844,29.760413231085497,True,False,True,11.532375409088484
23.30124544,20.30543934535719,0.84216843135342,0.04917254631731138,0.593156459804465,1.3806022137436746,-0.010569881184717937,-0.05620977541469438,0.6000000238418579,17.506319661858264,0.7719616122481845,0.029163931880316133,0.052826611516031595,0.8161921433647042,-0.43514058877916045,29.82250105730863,True,False,True,11.594463235311618
23.40593664,20.35727845256083,0.8451264723155362,0.04784883125513417,0.5985566760368014,1.4773597929936788,-0.019774312958420113,-0.030124340937443116,0.6000000238418579,17.55795997543279,0.783352176612925,0.030475530604183204,0.06252209518142438,0.96267581256705,-0.6139980623791449,29.874293909218828,True,False,True,11.646256087221815
23.50974592,20.425778346201596,0.8486766020111087,0.04490152021584226,0.5978467565159246,1.5266580066674267,-0.0223379991948604,-0.02634556824703365,0.6000000238418579,17.62624494331266,0.7975617694368744,0.031897577018484245,0.07448605155253128,0.7938073291033072,-0.8321647595166425,29.942870994558227,True,False,True,11.714833172561214
23.601511168,20.472178184900507,0.8507053163377641,0.04182236309354659,0.600615257953056,1.6384670448242524,-0.0256229992955923,-0.010249860462281778,0.6000000238418579,17.672423068811778,0.8136743841999788,0.03248497075126643,0.0890765472425108,0.6173846215381172,-1.120396505238663,29.9893114476321,True,False,True,11.761273625635088
23.706884352,20.54309432003515,0.8536369222629966,0.03721171581616334,0.5982105490962689,1.891785691207643,-0.0262800008058547,-0.002094322802326704,0.6000000238418579,17.743118943455137,0.8418942417502115,0.03321378655027645,0.11496422549257052,0.3532139917205732,-1.637885781439597,30.06028440983086,True,False,True,11.832246587833847
23.810464,20.601723974740537,0.8557144494826537,0.03249452149390253,0.6007277468590637,2.038547787683557,-0.0269370004534721,-0.04997162205159422,0.6000000238418579,17.801737297543777,0.864352013992217,0.03347033193407209,0.13548874814765793,0.0829386659119541,-2.0549232037241203,30.118950300386512,True,False,True,11.890912478389499
23.902104832,20.649376379197555,0.8572070964785202,0.028633825597899953,0.58827743568112,1.973704939107652,-0.031578748007475496,0.002474519606971303,0.6000000238418579,17.849423699834425,0.8734857121205253,0.03348303455411235,0.14305464351241018,-0.13826291491247122,-2.2112819359726306,30.166626074991996,True,False,True,11.938588252994982
24.002384896,20.717891203845735,0.8590737703169283,0.023848988735128085,0.5978282913564094,1.6996560059939316,-0.031184117467617636,0.07339365838346092,0.6000000238418579,17.91793855347386,0.8753573717460529,0.033221972911584956,0.14267976057263215,-0.41241387280791675,-2.211383960754364,30.235165826338267,True,False,True,12.007128004341254
24.101283328,20.76523535926149,0.8597063123071638,0.019284112066616288,0.599424546530183,1.5291051733650076,-0.025317840789187727,0.08961874449901847,0.6000000238418579,17.965312101829213,0.8804367848011463,0.03238455368737326,0.14620380255228288,-0.6739620399113825,-2.302381295228917,30.28250680108999,True,False,True,12.054468979092977
24.202796288,20.83493025142134,0.8606394836296473,0.013044538698361752,0.6000097763902706,1.4311706977462313,-0.01765216948173325,0.12026944559215597,0.6000000238418579,18.035129640966144,0.8940541764265328,0.03177122977749414,0.15752735649845653,-0.41416080945178857,-2.5593219000806706,30.351858094278807,True,False,True,12.123820272281794
24.302635264,20.884668080675443,0.8608770002083012,0.008277429963135408,0.5935204961258783,1.2312945285951882,-0.008909864523307696,0.10608226666678319,0.6000000238418579,18.08491248324163,0.8978715219383966,0.031000431184415297,0.1597133319456541,-0.687296020460206,-2.6325809419380493,30.401590517732366,True,False,True,12.173552695735353
24.401649664,20.95048322698703,0.8611393711811596,0.003780950336866873,0.5949559529621621,0.9246251807849655,0.004583884014672879,0.10072136385838475,0.6000000238418579,18.15069699109391,0.895737540257429,0.0299285686193952,0.1554274556326725,-0.9449253257119548,-2.583540899379564,30.467397458347964,True,False,True,12.239359636350951
24.520232704,21.018056030105743,0.8613483948845649,-0.00046912943400245766,0.6032445865337408,0.584381502331503,0.015061998366072497,0.07790147583750583,0.6000000238418579,18.218215372564305,0.8912196582983315,0.0287677391967394,0.1487022088224248,-1.1884369591766952,-2.486808854390849,30.534960613153526,True,False,True,12.306922791156513
24.60214912,21.063730546895272,0.8614859499875682,-0.0026371024002251886,0.5981583339842329,0.49951302207963916,0.018581892331912007,-0.27557069310955545,0.6000000238418579,18.263911063316666,0.8932799647328619,0.027979369594547044,0.14926585341794157,-1.312652660239716,-2.526156075202014,30.58062853273318,True,False,True,12.352590710736166
24.70291072,21.13177570135803,0.8612851502803935,-0.003465641141981113,0.5961370606993057,0.30019911462189586,0.02142893982911986,-0.26084155017160393,0.6000000238418579,18.33188179106052,0.8856591339293556,0.02639922564922801,0.13942451541152168,-1.36012443330541,-2.374313940809969,30.648655634034757,True,False,True,12.420617812037744
24.805957376,21.18638384268466,0.8618996711865272,-0.0018480991361045085,0.5914638861329652,0.06264204609600185,-0.011667324852062268,-0.19685342047765922,0.6000000238418579,18.386395955318342,0.8701356047643173,0.025906624798214206,0.12212512782248823,-1.2674461031835553,-2.044078542162204,30.70326501124687,True,False,True,12.475227189249857
24.903039232,21.254248281244877,0.8622242581937931,-0.0029539548897319357,0.5962105076023687,-0.033440061089844514,-0.03745684867717602,-0.12070720957387268,0.6000000238418579,18.454256146996464,0.8688611359996296,0.025622586074994593,0.11863036964182974,2.368619526962661,-2.011357302409479,30.769491906673665,True,False,True,12.541454084676651
25.016979456,21.318080962729656,0.8621927794209617,-0.005308669269247002,0.5979942802927096,-0.1386479084216579,-0.05872102035900567,-0.07227018191218326,0.6000000238418579,18.51809264600788,0.8702814271163132,0.02841762900135626,0.11795645292763697,2.233704331057681,-2.0452963141287044,30.8332633732672,True,False,True,12.605225551270188
25.117614592,21.37477721251323,0.8624704229805592,-0.010644786971969467,0.5974068304404574,-0.22512681998929157,-0.06614452909323686,-0.057467360867392604,0.6000000238418579,18.574840350947877,0.8812739132833328,0.031205492140038885,0.12708155906446392,1.9279673077066393,-2.264554425912127,30.88989171991963,True,False,True,12.661853897922615
25.20108672,21.43368926690764,0.861551598345111,-0.019640314956480776,0.5985695537951986,-0.36836979237618783,-0.07062515202990535,-0.024712199378308455,0.6000000238418579,18.633933607903725,0.8985414601395025,0.03289617573401073,0.14240140911185734,1.4125615197023176,-2.636717241529551,30.9487866770948,True,False,True,12.720748855097789
25.301048064,21.487243158511728,0.859216725216467,-0.028921771897857607,0.59964812159463,-0.5248890294911203,-0.0755549967288971,0.026736386389190223,0.6000000238418579,18.6877898217598,0.9145431686997502,0.03293494198879798,0.1566278899793425,0.8807732092290232,-3.011986314887897,31.00239142908235,True,False,True,12.774353607085338
25.408796672,21.559855817388154,0.856811486356401,-0.04026269197844057,0.5949090904710773,-0.42142116677907654,-0.0729269981384277,-0.039611334684360226,0.6000000238418579,18.761371746027205,0.9489358715052183,0.03374732767885178,0.18858841618058894,0.23098635281645405,-3.765241034012527,31.075039370777688,True,False,True,12.847001548780675
25.503581952,21.61604992957393,0.8541675064990301,-0.049894143018417214,0.594259850606685,-0.3304016119077725,-0.07592217345149939,0.07194770173791998,0.6000000238418579,18.81877562380284,0.9776845428659225,0.03359419851207937,0.21543862801360536,-0.3208551423610953,-4.4081020840613805,31.131295440897205,True,False,True,12.903257618900192
25.606558464,21.666990030980774,0.84985342810707,-0.05924377950332982,0.6010836405420847,-0.617509121133224,-0.07068272091454951,0.11362159128148526,0.6000000238418579,18.870277950514225,0.9855057003787605,0.03153996296156747,0.22156617345622842,-0.8565498529281179,-4.656689285402955,31.182376604940465,True,False,True,12.954338782943452
25.703185664,21.723713349839432,0.8463108716551153,-0.06818520365411995,0.5971286423933889,-0.9001786623073028,-0.0622162693142216,0.17014884797609375,0.6000000238418579,18.927567412252372,0.9931709946136374,0.030851089226030314,0.2273441907742992,-0.027717836123225578,-4.918632785663604,31.2384829406221,True,False,True,13.010445118625086
25.807837696,21.7866980451924,0.8409801202332539,-0.08006104018804816,0.6007282793889147,-1.1755894187156148,-0.04877586415632495,0.18836823770981914,0.6000000238418579,18.991660117653588,1.0076023985142502,0.029793447476699614,0.23962904073423602,-0.7081531477045839,-5.323657340836643,31.301683970307995,True,False,True,13.073646148310981
25.903337216,21.855462535135025,0.8347539681372789,-0.09181519919984993,0.5954546074642676,-1.697955913885385,-0.02942679864577,0.21763171105665044,0.6000000238418579,19.060873733067943,1.0087465753401743,0.028233457840128255,0.23846319756780673,-1.3816168508064877,-5.474754548768767,31.37071212745655,True,False,True,13.142674305459536
26.00319744,21.90947543797023,0.8296062068805679,-0.09984239750071922,0.593634795625544,-2.3235077361520715,-0.011362216262245223,0.19773363914115274,0.6000000238418579,19.114395345419897,0.9955196669398201,0.02675144770905982,0.22345785070165758,-1.8415414347608834,-5.309127310456496,31.42494953857298,True,False,True,13.196911716575968
26.1192192,21.975595558895684,0.8220275565882152,-0.107876934514342,0.597654043165184,-2.9042427218254114,0.013460655256303479,0.18064907611259026,0.6000000238418579,19.180173019343666,0.9820676308338214,0.023663167419787415,0.20781856547891459,-2.301886495983113,-5.188737386005374,31.491430880739827,True,False,True,13.263393058742814
26.202563072,22.029832781988542,0.8161076578417773,-0.11124820692642512,0.5981472963322038,-3.3410219982511338,0.021433731440573887,0.03140884615731632,0.6000000238418579,19.23375502930345,0.9642602850188734,0.02142596386814484,0.1882333163610014,-2.495046176784365,-4.945117790380894,31.545944333118676,True,False,True,13.317906511121663
26.30075648,22.08093019538726,0.8103271866815309,-0.11257156929799317,0.5964046316389596,-3.7883770907186007,0.0387630015611648,0.031575699583329814,0.6000000238418579,19.283950544892996,0.9403457804324975,0.01911546121481661,0.16265730278253224,-2.5708692554416377,-4.5735857765707175,31.5973157364513,True,False,True,13.369277914454287
26.401883136,22.147667156143932,0.8027987900833289,-0.11158392479238888,0.5970297584331672,-4.139524111632867,0.04231365175636232,0.041076996942543284,0.6000000238418579,19.349833081998053,0.9129100681081762,0.01611904854315228,0.13303862859479082,-2.514281393611227,-4.165850893826038,31.664409105702504,True,False,True,13.43637128370549
26.502949376,22.20448459883391,0.7965542222781348,-0.10970179286324377,0.5975458088955913,-4.415764633746626,0.0459900014102458,0.033888033759136654,0.6000000238418579,19.405975267652828,0.8879080579524159,0.01465535592377264,0.10615332622931369,-0.6848613233604737,-3.853853263882234,31.721092310050004,True,False,True,13.49305448805299
26.602844672,22.25590282883576,0.7918225835931006,-0.10733640352674456,0.5960434664542452,-4.646130444974904,0.04965582093910161,0.010313953423060384,0.6000000238418579,19.45686717653568,0.8653033099984672,0.014964369715115909,0.08180008318460656,-0.5493344974738187,-3.4879606267673178,31.772726865259145,True,False,True,13.544689043262132
26.70242944,22.32260226812898,0.7850289286606823,-0.1044539710160004,0.5988874084968047,-4.780303663461177,0.0505889989435672,-0.04163747411592372,0.6000000238418579,19.523220935669592,0.8438860053626671,0.014712551403867197,0.05809823051438017,-0.38418327987688106,-3.188636190684106,31.839770921945092,True,False,True,13.61173309994808
26.80164096,22.370016919682573,0.7821961153620485,-0.10019903967328725,0.5960455267860726,-4.7084448349032,0.0466470010578632,-0.06258666579540999,0.6000000238418579,19.570471575208135,0.8326526732262464,0.016520604630676488,0.04523565828096752,-0.1403936718214849,-3.0167054111866785,31.887235697902245,True,False,True,13.659197875905232
26.903508736,22.437958126661744,0.7755575289419515,-0.09523554312766436,0.5960536454510114,-4.593598423919518,0.04103937687654065,-0.09884727308593115,0.6000000238418579,19.638275735357464,0.8177298874335194,0.01654430257973733,0.027974212813356332,0.14399373187047004,-2.8471644184784117,31.955500460949153,True,False,True,13.72746263895214
27.001805056,22.489405890110252,0.7686168111836127,-0.0934766567756351,0.590276368949954,-4.478152906474994,0.03454762880808432,-0.27678091236608504,0.6000000238418579,19.68973438744308,0.811505937467027,0.014657664823766245,0.01997232381134915,0.2447704964849079,-2.861833171308488,32.00737999954418,True,False,True,13.779342177547164
27.10381568,22.555595614418486,0.7612935391795042,-0.09090428625339886,0.597716078401019,-4.177433696766618,0.02263540435774463,-0.24011258414007383,0.6000000238418579,19.756048915655786,0.8116748992928725,0.01382901294611751,0.01784515347856685,0.3921564707529082,-3.0151664067488593,32.07396846140441,True,False,True,13.845930639407399
27.201353984,22.614452437713677,0.7559029871939981,-0.08810213669218125,0.6001499717135578,-3.9670904366134305,-0.007770180688720727,-0.1886369590084053,0.6000000238418579,19.814950579138525,0.8087172261289348,0.014208214358462474,0.012849880965947915,0.5527078141751124,-3.0649583234798654,32.13307040642654,True,False,True,13.905032584429527
27.302162688,22.66599120375918,0.7509135834282199,-0.0887363976906892,0.5989295752710786,-3.805455396294599,-0.03010113346428313,-0.1260688910116028,0.6000000238418579,19.866688547147312,0.8134006755812552,0.015197432666354448,0.01573498932704244,2.4252917567709344,-3.279952909105108,32.18435910857241,True,False,True,13.956321286575395
27.403047936,22.734509799373342,0.7446248522244155,-0.09118285909352064,0.5983840551609138,-3.6978197359204175,-0.0490495035016102,-0.102132881323805,0.6000000238418579,19.935503584236116,0.8192184687286701,0.017917388895328283,0.019146199013234274,2.2851198436470375,-3.527760482603202,32.25311191159311,True,False,True,14.025074089596096
27.501825536,22.784893585733148,0.739095269910965,-0.09619392114071079,0.5931623678090433,-3.2333885495644297,-0.05892626120163356,-0.06745941252246614,0.6000000238418579,19.98710656660875,0.8503957443889996,0.019019930194231052,0.04850247303773933,1.9980071374648558,-4.279304375141371,32.303786230643254,True,False,True,14.075748408646241
27.617571328,22.861053305510783,0.7314687094736377,-0.10488122348852924,0.5972246781251949,-2.80162803314265,-0.06848990272571948,-0.03313801605367215,0.6000000238418579,20.06543998688931,0.8881408919000044,0.02141215614694781,0.08348918081718541,1.5002613775807676,-5.208810651447223,32.38028946322662,True,False,True,14.152251641229604
27.707867392,22.9103686584941,0.7263350990984587,-0.11205573186656537,0.5978447010973039,-2.6275611359278894,-0.07150940292055236,-0.17273373803747505,0.6000000238418579,20.116501118968678,0.9115489527546279,0.022767638789645783,0.10509989997511805,1.0891923274380477,-5.793946598804711,32.42985276277536,True,False,True,14.201814940778348
27.8010944,22.975969178772477,0.7187587993943435,-0.12210613766408684,0.5972107049750108,-2.2803274945390966,-0.079405907773993,-0.05672654987950895,0.6000000238418579,20.185448025339713,0.9489580440592367,0.023829704165295076,0.1400785354986954,0.5133464928462529,-6.717026074785309,32.495880791635365,True,False,True,14.267842969638352
27.90186752,23.025443182836288,0.7129914197927895,-0.12946972523935596,0.5938814295236963,-2.297464411261148,-0.0939510017633438,0.01657762887024213,0.6000000238418579,20.236617889633685,0.962898370463264,0.024577587545143356,0.15222349759147497,0.09144400270836124,-7.121791648201138,32.545684209349666,True,False,True,14.317646387352653
28.008609792,23.096967478313996,0.7038286856498508,-0.142252631606421,0.5967459084754702,-2.4677236461275425,-0.0932940021157264,0.1259388857497561,0.6000000238418579,20.310728291303143,0.9810852324888553,0.02484100797174664,0.16781377897571143,-0.6409625820353728,-7.461612042535473,32.61779253862053,True,False,True,14.389754716623514
28.1012096,23.14202014779764,0.7002695900319931,-0.14868712265117123,0.5960427752421733,-2.644812777337514,-0.08508297741676292,0.1527004559210655,0.6000000238418579,20.356723598052117,0.9868409249133236,0.028480777156371796,0.1721389121800816,0.8364696624015345,-7.653192091504414,32.66202682359922,True,False,True,14.433989001602207
28.202031104,23.20955073097651,0.6922987888065014,-0.1607153614227701,0.5969524859477107,-3.2342674135599214,-0.07201445831362162,0.14838843812387734,0.6000000238418579,20.424757123156642,0.9837169794631662,0.03159388264768552,0.16690457681172158,0.14730234581329785,-7.7529047718702495,32.72995488783525,True,False,True,14.501917065838235
28.303622144,23.261743303790748,0.6868653737276332,-0.16828326653501113,0.5992858757428691,-3.6033967841512573,-0.055241743064596005,0.16903127283170696,0.6000000238418579,20.47727941620451,0.9814173364237582,0.034717250874028625,0.16297564598098416,-0.28630667687359307,-7.817384423965811,32.78233648028252,True,False,True,14.554298658285504
28.403119616,23.32927444756722,0.677232527646071,-0.17915950115446488,0.6008930717407293,-3.87870250081503,-0.039573312247011175,0.17974528466952253,0.6000000238418579,20.54665016316561,0.9886841159522106,0.03619051051261346,0.16808551809378008,-0.909469017562368,-8.165241047990817,32.85053528239389,True,False,True,14.622497460396879
28.500597504,23.384384475029062,0.6675083327663415,-0.18687838766948772,0.5947781382077372,-4.797325804112081,-0.023256486876653625,0.01976847219864461,0.6000000238418579,20.599266949433943,0.9558143656947434,0.035554439422474146,0.13359827908598573,-1.351728637413621,-7.688877364545017,32.90649303883992,True,False,True,14.678455216842906
28.601117952,23.431834836850523,0.6613905881276624,-0.19053894970385565,0.5938779915983167,-5.250508082232047,-0.013173273993795025,0.011456157594500473,0.6000000238418579,20.64551745465619,0.9378601989020106,0.03723167918583247,0.11421705742484782,-1.561463392628726,-7.445429841640148,32.954306745067605,True,False,True,14.726268923070592
28.704913152,23.49976818043619,0.6485653189146529,-0.1967657487827239,0.597707775989259,-5.610038834646301,-0.01202016428068615,0.0561948531772392,0.6000000238418579,20.713437476662133,0.9249006391434664,0.03562036231875437,0.09915537107285778,-1.9182326997238253,-7.4426683963209905,33.023421362617505,True,False,True,14.795383540620492
28.801700096,23.54424262358111,0.6411131175274487,-0.19948536505000725,0.5949632345692076,-5.908888394355648,-0.007537403598094754,0.09148401518266679,0.6000000238418579,20.757230788203604,0.9104920875041462,0.03549712554091266,0.08339433202784334,-2.074055233734284,-7.2996413706221075,33.06851566615202,True,False,True,14.840477844155004
28.90355968,23.614289174341316,0.6269443176823695,-0.20330879872646035,0.5986293202025639,-6.808066925635973,-0.0004947705928451085,0.10748944563046872,0.6000000238418579,20.82427617860888,0.863222720512848,0.03459549225995961,0.0345699111437043,-0.4158780243994961,-6.002227001827913,33.13882791517511,True,False,True,14.9107900931781
29.002476288,23.661875763887792,0.6168830321721628,-0.206227630935782,0.5978467126795689,-7.116587956852511,0.00761153135853945,0.09673716323682097,0.6000000238418579,20.871288617990103,0.8462808986631083,0.033996663846461,0.01667855237863188,-0.5831147911004725,-5.860942737312371,33.1874628241944,True,False,True,14.959425002197385
29.103084544,23.728638415731837,0.6025978509875027,-0.20842170720737085,0.598886741486646,-7.269114037099068,0.01912879592829086,-0.0018820239762231128,0.6000000238418579,20.93794421586533,0.8306896808092309,0.03299029146427602,-0.00026067856740804045,-0.7088261013923131,-5.8341279673576425,33.25572925296694,True,False,True,15.027691430969924
29.203047424,23.77696792035205,0.5904591091781792,-0.20936394826725913,0.5978470561471878,-7.565609892377045,0.0210239998996257,-0.02992224395660836,0.6000000238418579,20.985333301990902,0.8067370728444252,0.030498520864556757,-0.025169018037919294,-0.7628125374078445,-5.591618548095211,33.305497527488235,True,False,True,15.077459705491222
29.305237248,23.843427065398703,0.5750667052038939,-0.20950404547524126,0.5973078950573291,-7.524655724427639,0.0183959994465112,-0.22001366873244843,0.6000000238418579,21.0519783593103,0.7937311085195058,0.028347013913832368,-0.039523313025637156,-0.7708395161467875,-5.640599694783552,33.37368194710357,True,False,True,15.145644125106557
29.402186496,23.890292778106513,0.5619701111557006,-0.21089902096576862,0.5942419844372033,-7.567745266305669,0.011024060047761,-0.19310626934937833,0.6000000238418579,21.098985232888896,0.7824291504605146,0.024630597975702613,-0.05177585410998042,-0.850765724278197,-5.677436361036942,33.42220105731644,True,False,True,15.19416323531943
29.502285824,23.953879231126365,0.5462474354102037,-0.2116705128970593,0.5943038949586829,-7.646993531376323,-0.013954740497187756,-0.11893022907255825,0.6000000238418579,21.162437364014743,0.7649991269153724,0.021595554629186782,-0.07048857343038416,-0.8949689558695492,-5.642391327557637,33.48763215124073,True,False,True,15.259594329243718
29.602311936,24.0096945575239,0.5341695865309779,-0.21196758335417698,0.5981460927307332,-7.635235706016376,-0.031650840315284395,-0.05924366185764747,0.6000000238418579,21.21836291783644,0.7543233447994299,0.0206217251899916,-0.0822958633398355,-0.9119898392804148,-5.671170036328447,33.54473098442177,True,False,True,15.316693162424755
29.700979712,24.055762535218623,0.5196458943087401,-0.21640283515072634,0.5960437607170342,-7.395334624389403,-0.037877818494862756,-0.013348355002814755,0.6000000238418579,21.266432866375162,0.7638589130231821,0.016776658752131322,-0.07210675024348147,0.8212217178874432,-2.465765829396192,33.59218841248954,True,False,True,15.364150590492528
29.808497664,24.125783609523822,0.5031333197728936,-0.22387055686396673,0.5996601128089766,-7.181373613954691,-0.0407340005040168,0.00819428518804861,0.6000000238418579,21.339364577735182,0.7785765612693272,0.016715089822494332,-0.05417414447968676,0.3933527811405642,-3.1075957765777846,33.6641301401163,True,False,True,15.436092318119286
29.903109376,24.171198170735,0.4896911591957141,-0.229113894294231,0.6014509425482809,-7.092063613316962,-0.040359548036587096,0.17529492120833964,0.6000000238418579,21.386717175876395,0.7840813582024684,0.01401520340636782,-0.04657798881750726,0.09293167582345019,-3.4973268825326267,33.711415282225914,True,False,True,15.483377460228901
30.0043776,24.239250202875475,0.47357478110400064,-0.23579192010086647,0.5959591604252094,-6.705834274747819,-0.03264769436788432,0.18890514806841727,0.6000000238418579,21.458970207724928,0.8053023026720354,0.01388902305565744,-0.022178517145897123,-0.2896910183762087,-4.266178915301416,33.78134954278369,True,False,True,15.553311720786674
30.103634688,24.287144912457293,0.460332198553809,-0.2409656102833253,0.5931592206333512,-6.590056965588863,-0.01084563253808756,-0.0474213724064524,0.6000000238418579,21.509323424563952,0.8120533685138066,0.011950620431505632,-0.013204448507071167,-0.5861216303393687,-4.678386836423536,33.83100346300951,True,False,True,15.602965641012496
30.207438592,24.355192199359152,0.44241846167641025,-0.24687514986461423,0.5955756268475536,-6.631059572187089,-0.00639567064339159,-0.022152033077865223,0.6000000238418579,21.57923497916826,0.8085625749297152,0.010073629021133795,-0.013596156838268002,-0.9247133072127318,-4.97597590669867,33.90134414915104,True,False,True,15.67330632715403
30.302484224,24.402154242129182,0.43034616666524905,-0.24926942136726638,0.596040840101535,-6.71630612539292,-0.0111689995974302,0.0322439898411998,0.6000000238418579,21.62653004940961,0.7990063635808042,0.00906120416164011,-0.02104878454492889,-1.0618949593231455,-5.027911005603249,33.949822482083135,True,False,True,15.721784660086122
30.403637504,24.468647070358685,0.4131589101029267,-0.25212042532994294,0.593977766044331,-6.869092865311991,-0.007226999849081,0.06524054708016222,0.6000000238418579,21.693090895542397,0.7823308489595882,0.0077393942368209874,-0.034760650299368714,0.9958972432094585,-5.038474760120624,34.0181876426726,True,False,True,15.790149820675587
30.505677312,24.52599019595915,0.398584946742869,-0.25524712932509086,0.5931813975083221,-7.059375295935751,-0.0020154152560926553,0.07745475016638585,0.6000000238418579,21.750362324653977,0.7672174467125835,0.008959195028686268,-0.04625834724924405,0.8167503005007898,-3.686201388724025,34.07734122707523,True,False,True,15.849303405078217
30.605277184,24.57657691206136,0.38661591423826686,-0.25707398633206946,0.5905155292139299,-7.226271908375338,0.0043658006973343955,0.0583525409307954,0.6000000238418579,21.800550328685695,0.752233758977336,0.010890993475190219,-0.057812504430355724,0.7120791042270145,-3.6239759725582,34.129288717292404,True,False,True,15.90125089529539
30.703016704,24.64141542566278,0.36989640225642145,-0.2581124127087886,0.6046924039800041,-7.273550625230919,0.010224238673630178,0.08313343140714524,0.6000000238418579,21.865466876013233,0.736106246059889,0.012038350965743351,-0.06951148446615912,0.6525816555059458,-3.636194704423695,34.1962383886713,True,False,True,15.968200566674284
30.806552832,24.69417165403551,0.35808877138287204,-0.25655948215976565,0.5983190142790152,-7.235857168639338,0.01786115051364246,0.05529448357263934,0.6000000238418579,21.917896438189306,0.721813840464055,0.014703361033318593,-0.08022430234023523,0.7415580218418945,-3.584911794679332,34.25023410609686,True,False,True,16.02219628409985
30.91157248,24.76309054173009,0.34001980292615475,-0.25608693907939895,0.5993082355343785,-7.226281073615183,0.024662796572395788,-0.18747600968731526,0.6000000238418579,21.986704370565555,0.7028969564731093,0.01563637853628593,-0.09444301222377881,0.7686327459850179,-3.567413165560371,34.32147615955188,True,False,True,16.093438337554865
31.002416896,24.807308902540694,0.32957244571093264,-0.2539269835175113,0.597848215650372,-7.226323879405622,0.02188522937452551,-0.1785782065569157,0.6000000238418579,22.03014514331962,0.6864498118593918,0.017339340754933874,-0.10791372207193287,0.8923890836169879,-3.443614022137938,34.36688002089914,True,False,True,16.138842198902125
31.102698752,24.872286143473744,0.31332270373077953,-0.2511221358334552,0.5948771946396659,-7.002235692543418,-0.0034473273552661286,-0.14049545643073255,0.6000000238418579,22.0955188715276,0.6732720299542855,0.018976447599137313,-0.11663880037378738,1.053095018090445,-3.506996274526692,34.43383833505708,True,False,True,16.20580051306007
31.203616,24.916990005564674,0.30179290309284784,-0.2504480151107744,0.5964001747397378,-6.938292702928979,-0.019763753557484796,-0.08722344488149614,0.6000000238418579,22.14038206452484,0.6629692336497127,0.020047148030947873,-0.12388301145237957,3.4138766615791893,-3.532314991849208,34.479191479365035,True,False,True,16.25115365736802
31.320077824,24.991960317326882,0.2822707041527454,-0.2524494673635953,0.5945177178872069,-6.8627569569283295,-0.03248153530611174,-0.06730521258439053,0.6000000238418579,22.21656670774839,0.6526628097798455,0.024328272798679815,-0.1273700454972027,3.2992018945956016,-2.000943650609524,34.55654350498752,True,False,True,16.32850568299051
31.40266624,25.038152516322388,0.27029669027022724,-0.2543330805594497,0.5985107883065669,-6.789930921321977,-0.036368086809766796,-0.04599801479556541,0.6000000238418579,22.263941178913143,0.6494423817794543,0.02701784279409352,-0.12595167798327914,3.191278808237996,-2.18169277257349,34.60418657866816,True,False,True,16.37614875667115
31.501868288,25.0851368219714,0.25767683955746223,-0.2560479349468463,0.6039715787108583,-6.418914236776494,-0.044337084556498596,-0.031827133693984766,0.6000000238418579,22.314123821612984,0.6595312309041826,0.029334029547126453,-0.11101350831613557,3.093024889360678,-2.6509633759962985,34.65278103193453,True,False,True,16.424743209937517
31.60523264,25.152673901533955,0.2398668941538077,-0.2603331276112195,0.5949804914675139,-6.132244037173367,-0.0473040007054805,-0.029157242416495872,0.6000000238418579,22.385513020913113,0.6674422217414548,0.03297798045585171,-0.09617318667403084,2.8475014352916728,-3.183157029668413,34.72253182327696,True,False,True,16.494494001279946
31.715687936,25.207790296369154,0.22277548227028968,-0.26701881784132997,0.5988149076419286,-5.917915372802884,-0.0512459985911846,-0.020003784195271705,0.6000000238418579,22.445237827981785,0.6791786586471165,0.03351679947244618,-0.0786640445577579,2.4644396019744956,-3.7805475273560867,34.78023488224154,True,False,True,16.552197060244524
31.803521536,25.266363908737155,0.20560764637102658,-0.2729903591999454,0.5947052007634096,-5.8313948085579215,-0.052297278469827714,0.043876334608919695,0.6000000238418579,22.507303354968496,0.6826661969052154,0.03503759552375783,-0.06913598596716698,2.1222954849380136,-4.209212208637523,34.841253648491524,True,False,True,16.61321582649451
31.90824576,25.320727774743734,0.19006475265931633,-0.27828385595125527,0.5901387723844752,-5.884647616039783,-0.0486180000007152,0.09239526107260777,0.6000000238418579,22.563775399607593,0.6791594277797768,0.03682151762019867,-0.06711473211550258,1.8190004622217464,-4.459254423871942,34.8977676210476,True,False,True,16.669729799050586
32.01004032,25.374381236363725,0.1728872555707604,-0.28427370123156637,0.5951928107059576,-5.915723566183014,-0.040738378552699156,0.1281614634053542,0.6000000238418579,22.62013408150892,0.67699300833917,0.0369700870699335,-0.06377059029856459,1.7994823935740778,-4.771371328226892,34.95389529554991,True,False,True,16.7258574735529
32.10978816,25.43835830921353,0.15409844035656356,-0.289600084151473,0.5979427523853392,-5.970094417989865,-0.031238298180309574,0.12925720948382546,0.6000000238418579,22.686344224520145,0.6702558559278549,0.038972261844740196,-0.06210855516278201,1.4943031321928608,-3.113255316881162,35.0205442019457,True,False,True,16.792506379948684
32.206998784,25.479040501426564,0.14170310549643583,-0.293676159522946,0.5996463626460972,-6.2271225780059485,-0.01712771457067837,0.11425672415309598,0.6000000238418579,22.72681506867812,0.6567323933361129,0.039819774752644616,-0.07022686239067734,1.2607612164302369,-3.0897690726277003,35.06306439493002,True,False,True,16.835026572933003
32.30340224,25.54513980368283,0.12129974136517625,-0.2971018101916889,0.591606417741827,-6.404924136803975,-0.005869451737091797,0.12495366133029373,0.6000000238418579,22.793080573882257,0.6372163971047249,0.040946057842658076,-0.08091518145934995,1.0644858910251007,-3.108242839234827,35.132231919918546,True,False,True,16.904194097921533
32.413395968,25.5983857969349,0.10499357411801939,-0.29912778252964145,0.5931892601893803,-6.527900876759951,0.006821069960117588,-0.3588062423663922,0.6000000238418579,22.846264482740935,0.6205789423736372,0.041976592688376724,-0.09045929206564918,0.948406226650168,-3.1013457636537853,35.18790924820954,True,False,True,16.95987142621253
32.521345792,25.66405737696578,0.08468561266405579,-0.29870642928296043,0.6008971171977939,-6.670263169225509,0.0033302980736077204,-0.35628560159811895,0.6000000238418579,22.9104493720748,0.592271029515572,0.043060772019461326,-0.11013603839622883,0.9725479893691252,-2.934841708469271,35.256640567688706,True,False,True,17.028602745691693
32.60840448,25.717446149453643,0.06823396419870245,-0.29951482405163565,0.6036296506015696,-6.75707444752207,-0.030184310108543066,-0.2921774757510078,0.6000000238418579,22.963480097385936,0.5738731478648843,0.04399734229987021,-0.12144549673141306,0.9262303809435805,-2.8943480385982348,35.31249878643132,True,False,True,17.084460964434307
32.701437184,25.761304004750418,0.05500413666754591,-0.3003685848202604,0.6018174753308115,-6.756641627517604,-0.06802567091109132,-0.17650765681592762,0.6000000238418579,23.007774488726373,0.5630151644852323,0.045037526235615355,-0.12642148365103245,0.8773134921875367,-2.9436977473587578,35.35829679757937,True,False,True,17.130258975582358
32.803487232,25.826447896639646,0.03472886291476878,-0.30736379833509275,0.5987765616219847,-6.976456110183929,-0.10107906036422554,-0.0846758077894254,0.6000000238418579,23.074536782858615,0.5514349900783999,0.049703881296775394,-0.12917711929639686,5.131289213311934,-3.1246794758851886,35.42262712151985,True,False,True,17.19458929952284
32.906760192,25.87415423471376,0.019296179134105373,-0.31727734891885984,0.5963957146673632,-7.128120633920927,-0.1156573606166712,-0.006110368496456388,0.6000000238418579,23.126070388716936,0.5559852654506703,0.05391337863926713,-0.11647715264515307,4.563284604872627,-1.6949181359716925,35.47259053366554,True,False,True,17.244552711668526
33.003365888,25.930052407291065,0.00044389964229243017,-0.33105322825427885,0.5890229344055317,-6.861279481024328,-0.1182600036263465,0.05299158975802465,0.6000000238418579,23.192327723443526,0.5876947450668785,0.058135944578919595,-0.07441855926771736,3.7739848598716317,-2.75105903386929,35.53143086062252,True,False,True,17.303393038625508
33.104906496,25.988105967123396,-0.01996430957425178,-0.3454062448933293,0.5949484765235048,-6.745961805282166,-0.1130039989948272,0.1058125925124381,0.6000000238418579,23.260358241574654,0.6120106470210712,0.0617567781322497,-0.03936694547019459,2.951617583172997,-3.6887439863100733,35.592860498233456,True,False,True,17.364822676236443
33.211519232,26.040207010203947,-0.04139167079207837,-0.3609982953029105,0.6043228077085852,-6.645339651367049,-0.10327121071871179,-0.4361930577469695,0.6000000238418579,23.323832849922525,0.6378074320896866,0.062136562258867954,-0.003594762845116971,2.058258900748766,-4.682724822649422,35.64919438024826,True,False,True,17.421156558251248
33.302663424,26.0961351509558,-0.06273959831928112,-0.375541851816358,0.5978574638837114,-6.640399128795284,-0.10314830538374427,-0.35821339881365283,0.6000000238418579,23.389987861422505,0.6561253732515905,0.06406908850759353,0.02523378726203177,1.2249744934182247,-5.520949752551729,35.70902711610385,True,False,True,17.480989294106834
33.408291072,26.156653930038196,-0.08690136478069344,-0.3904122335136617,0.5978455888696063,-6.8088533070736945,-0.1427898950000851,-0.1534502373934376,0.6000000238418579,23.459275296540074,0.6641968362208868,0.06518119109566164,0.04446136574329259,0.372964382414137,-6.2045056852773985,35.77418137005547,True,False,True,17.54614354805846
33.501987328,26.206832378624423,-0.10770283930133655,-0.4038265876531053,0.5906426494378554,-7.657735198382071,-0.18758791664977376,0.01702368870383075,0.6000000238418579,23.50840378288376,0.6396144384924278,0.06539496372675353,0.02819236069362156,-0.3956214946698258,-6.124209671052996,35.828500172932706,True,False,True,17.600462350935693
33.601609216,26.2519707455678,-0.13038937266620734,-0.4229636734560742,0.5957949017145864,-8.585430387852158,-0.19707646737810638,0.11354365357219504,0.6000000238418579,23.555755264456604,0.6248735480549952,0.06698232481410271,0.02134508224125391,4.789384945617673,-6.292988730272757,35.871826332122794,True,False,True,17.64378851012578
33.706931456,26.31527249177314,-0.16196172422001054,-0.45177988649831535,0.6039662947487332,-9.214196162893892,-0.18764009646161944,0.2887785527368883,0.6000000238418579,23.63296098251219,0.6412847929129581,0.07008670457731173,0.052298465629385324,3.138337556747418,-5.438026521857548,35.942496603677164,True,False,True,17.71445878168015
33.80562688,26.363076169110645,-0.18571611314849812,-0.47206854390359787,0.598216987096367,-10.332736736498603,-0.174820955095928,0.3046860240264231,0.6000000238418579,23.681381089156822,0.6195860029243866,0.07250812627262238,0.04044743190877854,1.9758831154378858,-5.481940389562355,35.99582201298011,True,False,True,17.7677841909831
33.903396608,26.40358350239657,-0.2097217404859061,-0.49215421365642964,0.5976088128038034,-10.912612254035729,-0.14114196384626515,0.35412509714114626,0.6000000238418579,23.730046215943013,0.6222628615005412,0.07116991391245753,0.05255282634005208,0.8250590099070501,-6.052888977556076,36.042889234923614,True,False,True,17.8148514129266
34.001209344,26.464456943575055,-0.24356166692873943,-0.5167254228379474,0.5964043654690293,-11.239980562757955,-0.11075811560468535,-0.19712413136915793,0.6000000238418579,23.80708327277922,0.6386883961265521,0.07111334387523348,0.08367028516801323,-0.5827675737270168,-7.133347252467919,36.11253629704685,True,False,True,17.88449847504984
34.103101696,26.507233707668448,-0.27127982535451434,-0.533419327017985,0.5964024466613665,-12.004844088940462,-0.0900089964270591,-0.1926099202919235,0.6000000238418579,23.852825594394027,0.6198529190685154,0.06762986766184578,0.07410608945552134,-1.5392578268389732,-7.3249739793973605,36.16338915582872,True,False,True,17.935351333831704
34.21801216,26.570104995098376,-0.30931287421509523,-0.5515815941432978,0.6000046646868773,-14.084437789757002,-0.11511061263938102,-0.06690346761004314,0.6000000238418579,23.899974824517457,0.5335423162853313,0.06487603050951904,-0.0013665903806108564,-2.579879079508597,-6.286001531250445,36.23681754250354,True,False,True,18.008779720506524
34.302381824,26.608873003109757,-0.3342620423039247,-0.5629978436525827,0.5966199562928004,-15.115412105167097,-0.13380230660057058,0.08284603414131599,0.6000000238418579,23.933256630727588,0.49101186849204587,0.06186890251931303,-0.03659911610296754,-3.233981994258918,-5.9091301305906585,36.28282163595994,True,False,True,18.054783813962928
34.401884928,26.665442443244444,-0.3704180310984576,-0.5814908033686894,0.5978429876622466,-16.030313795677436,-0.12951326426684823,0.1855809020991132,0.6000000238418579,23.99191834214921,0.4616089401367949,0.06516442127919751,-0.05401167201919517,2.6893385752493573,-6.053796982518685,36.3423326325752,True,False,True,18.114294810578187
34.51760384,26.71585632616981,-0.4051621671595944,-0.598750184563011,0.5920826163380873,-16.933437628464517,-0.115449189406319,0.24585002234120507,0.6000000238418579,24.043580678368105,0.43086585998183213,0.06669509972424922,-0.07243647702313274,1.7004488758072687,-4.152230082985745,36.403540243260025,True,False,True,18.175502421263012
34.603496192,26.764656617978005,-0.4393687820514904,-0.6145820768914683,0.5978354732195944,-18.051080903861422,-0.10281149937634897,0.29533875350434585,0.6000000238418579,24.08932689813471,0.38683391107121295,0.067712018381992,-0.10483962428899686,0.7933482636811211,-3.941687419714991,36.46312654084069,True,False,True,18.235088718843677
34.70090752,26.804812614679722,-0.4710671785168998,-0.6295343918068301,0.5940397299203873,-18.908979214446614,-0.06996345553559868,0.2796643907649531,0.6000000238418579,24.1294656812761,0.3550797732585265,0.06567620704260892,-0.1265727292215568,-0.06335627491962446,-3.9404936477305452,36.51424549898517,True,False,True,18.286207676988155
34.800898304,26.859507179264423,-0.5134345747535871,-0.645588111776493,0.6010801516219769,-19.11784630205404,-0.042296417301568516,-0.40003124060114154,0.6000000238418579,24.1946170168682,0.34584443835206713,0.06355653454172126,-0.12066359695967456,-0.983166674666195,-4.651436959869693,36.58339749568429,True,False,True,18.355359673687275
34.907638528,26.90764098603718,-0.5506829097018399,-0.6548532086757799,0.5992918977156874,-20.175886492600913,-0.0269370004534721,-0.37767929600897426,0.6000000238418579,24.23495735390501,0.28403992006430434,0.06172103738592107,-0.1716046042174039,-1.5140176237750798,-4.124247718431704,36.64423278775267,True,False,True,18.416194965755658
35.004791552,26.946279236764155,-0.5843933069502654,-0.6633083086105209,0.5982686586500041,-20.26621651212547,-0.05099585981173141,-0.31630440553206696,0.6000000238418579,24.279400464713273,0.26869380184013925,0.05716536955273415,-0.17638015512590477,-1.9984591653970785,-4.518359240529141,36.69530676539766,True,False,True,18.467268943400647
35.102644224,27.000943137596916,-0.6274088863581084,-0.6711849732784216,0.598926753727781,-20.397704925594088,-0.10323020360783547,-0.1368629309832857,0.6000000238418579,24.338867611976223,0.2405507301513834,0.05668596572299246,-0.19017761328170216,5.376011630959633,-4.838170469171046,36.75720975977977,True,False,True,18.529171937782756
35.202326016,27.04129870354183,-0.6604265468360316,-0.680543765118502,0.590410147211915,-21.018260304052927,-0.14244981671250026,-0.03287700127526209,0.6000000238418579,24.37794847540303,0.20361370817121993,0.06081606216844968,-0.21719818734502977,4.839792357181554,-4.753834364490299,36.80918744643011,True,False,True,18.581149624433095
35.301219584,27.09501656836932,-0.7045918519153878,-0.6992805845109125,0.5985519175983799,-21.51234722062612,-0.1537380069494247,0.11014915594495225,0.6000000238418579,24.440540758234043,0.18633921915950924,0.0661585752004694,-0.21837626701310467,3.7662516844975595,-3.11214542363204,36.878524599017155,True,False,True,18.65048677702014
35.406839296,27.135864231521637,-0.7413442517653215,-0.7172049407471519,0.5942461120035037,-21.695402408043297,-0.14619579918898112,0.1474121240484146,0.6000000238418579,24.494798810653357,0.1885877041829852,0.0679353334827702,-0.20176265353400702,2.739261721672042,-3.956080199040388,36.933443754234084,True,False,True,18.70540593223707
35.501419776,27.185964160039696,-0.7866583762680239,-0.7392289464766533,0.605042702665616,-21.715651060939372,-0.1387279340416203,0.19848309516994028,0.6000000238418579,24.56566946299914,0.20028422624801367,0.06994352815863915,-0.17161891280249028,1.47737914539967,-5.197714122416675,37.000966638289086,True,False,True,18.772928816292072
35.603215104,27.229660221751764,-0.8271911424713884,-0.7575038916172385,0.5978584650426019,-21.689451523757022,-0.11403005919161815,-0.43631753280420793,0.6000000238418579,24.628311774677503,0.20865935683067016,0.07096588401705076,-0.14686748169059882,0.43030191801102224,-6.270990886987683,37.06055863216192,True,False,True,18.832520810164908
35.702359808,27.2698424031615,-0.8672135599950562,-0.7754506072824907,0.5989027680087744,-21.914867151717367,-0.11024256928326323,-0.4184469273768921,0.6000000238418579,24.68326368828428,0.20498537291996477,0.06992286363343629,-0.13577781559788268,-0.5979691457292478,-7.07384632276761,37.11726236850939,True,False,True,18.889224546512374
35.802526208,27.318490324680862,-0.9154367978790429,-0.7941814328608263,0.5967669217040644,-22.386644152080656,-0.14691155571554623,-0.255832916323973,0.6000000238418579,24.7433085178043,0.1838532737271571,0.06882692028717471,-0.1401600925457999,-1.6711663981635674,-7.675266574838633,37.18575251267883,True,False,True,18.95771469068182
35.902659584,27.353735101955635,-0.9501497235813209,-0.8083186347898286,0.5915597127237032,-22.93389980151827,-0.19966254894304092,-0.05133397606150116,0.6000000238418579,24.783621467019294,0.16093798830929085,0.07120735966832062,-0.1515148328527316,5.698468733714526,-7.938012930057053,37.225249906761825,True,False,True,18.99721208476481
36.002661632,27.40276988120311,-1.0010057304257298,-0.8327253915612145,0.5902700716746817,-23.325717705296373,-0.22276338321142156,0.16691237888143584,0.6000000238418579,24.852571716368008,0.15506058258217137,0.07855157520263203,-0.1388219743060146,4.300064579111769,-8.944599180881703,37.29551231140466,True,False,True,19.067474489407644
36.106636032,27.437754040348583,-1.0385820189979729,-0.8536553743229232,0.6033495918542167,-24.158631229045298,-0.21495909803395402,0.2339108368265448,0.6000000238418579,24.894998552851238,0.13376371959714595,0.0829956536508296,-0.14668041462568004,3.1008649015843215,-6.988727963463448,37.34666032232128,True,False,True,19.118622500324264
36.20483328,27.484045224282756,-1.0917556455790869,-0.8833639352315799,0.5978552840890782,-24.924428591350367,-0.19299602769741445,0.2510497262179891,0.6000000238418579,24.96078794859143,0.12198762244376371,0.08675104551264509,-0.13782348358863036,1.3986897461109504,-7.925105756631744,37.41706064409454,True,False,True,19.189022822097527
36.302871296,27.52030869155852,-1.1361878349690682,-0.9072541600922959,0.6003670354055218,-25.512635629336966,-0.17073198237259235,0.32088006975334665,0.6000000238418579,25.013821208187736,0.1118187738698444,0.08798358425051538,-0.1313276821565335,0.029880689973382477,-8.705707774782677,37.474399456090495,True,False,True,19.246361634093482
36.40221056,27.552377671715153,-1.1748992437326997,-0.9259473536263187,0.5947806646551451,-26.23909039592281,-0.14490556928857906,-0.3014889869872295,0.6000000238418579,25.053441191930602,0.08815913575813039,0.08943143652228279,-0.14177172002096017,-1.041160405147343,-9.050294103317585,37.52464780313346,True,False,True,19.29660998113645
36.51659392,27.597525850715616,-1.2355107284468196,-0.9545115742138135,0.5981994422998378,-27.120847126118395,-0.12757418995389422,-0.20856401163218105,0.6000000238418579,25.115446126576877,0.06035972920678123,0.08770798011993151,-0.1493287666361957,-2.6777696898915146,-9.805146657866151,37.600206653338695,True,False,True,19.372168831341682
36.601180928,27.6242795662923,-1.272040939365991,-0.9696944266863472,0.5962995297575113,-27.787796391284317,-0.1502286742851007,-0.044726744055996276,0.6000000238418579,25.146805886724994,0.03261386825601886,0.08630920575648136,-0.16618431211470716,-3.5476830575374625,-10.008110760346172,37.645464371324,True,False,True,19.41742654932699
36.700788224,27.66376353771471,-1.3302474661105503,-0.9904359888944723,0.6025245624306275,-28.518021666246582,-0.1811921909218449,0.17815697094096802,0.6000000238418579,25.19680192899773,-0.0058229038509594044,0.08619553283225916,-0.18753535260664012,2.7446206753201334,-10.46628946041752,37.704671814929824,True,False,True,19.47663399293281
36.808114176,27.694581583099353,-1.3750144820699348,-1.007640108533011,0.5910123870261328,-29.914356175060046,-0.17218868337920992,0.2378795235781731,0.6000000238418579,25.21819189712877,-0.0683032962226151,0.09002111166534085,-0.2405110949414984,1.7588972297937346,-10.055678397130464,37.75888622801186,True,False,True,19.530848406014847
36.90306432,27.729347133374723,-1.4294738992550093,-1.03000932854721,0.5999948282422837,-31.23811197422936,-0.1517437389558703,0.33498089202625386,0.6000000238418579,25.251998104925992,-0.12458241286845273,0.0923273409826502,-0.28379316117290354,0.47723533198055107,-10.013584495774342,37.82345520595346,True,False,True,19.595417383956445
37.001981184,27.755899517545227,-1.471191440404363,-1.045637448551064,0.5975980979357943,-31.88171571498956,-0.12687905398371147,0.28745763209864617,0.6000000238418579,25.284309547113363,-0.15542435688972733,0.0940258609981818,-0.30308207780182517,-0.41818998596425555,-9.941731287108434,37.872876834563236,True,False,True,19.644839012566223
37.102581504,27.79079670406666,-1.5305365327383302,-1.0674333241108833,0.60071814077181,-32.76647687050903,-0.09227956436034977,-0.2854294859773715,0.6000000238418579,25.327616795030142,-0.19909192791286223,0.09396527884299191,-0.33114650887820307,-1.667001666334243,-10.30578181195895,37.94172195015644,True,False,True,19.71368412815943
37.203668992,27.81818679974883,-1.5812297847753176,-1.0837839303107621,0.5998309034467502,-33.53011701747778,-0.07901710243381123,-0.2779878494475972,0.6000000238418579,25.35904252260131,-0.2423461362932695,0.09182899894495414,-0.36250678196106123,-2.603822394067737,-10.478962392723698,37.99930197665662,True,False,True,19.771264154659605
37.302135808,27.840590505218007,-1.6277230287812368,-1.0970170920863076,0.5974456472591824,-33.981332093524045,-0.10396254475409511,-0.13914960028040582,0.6000000238418579,25.38865519459042,-0.2756826327509967,0.0875287783335829,-0.3850023114769202,-3.3620267134203385,-10.785951636030033,38.050732083205574,True,False,True,19.82269426120856
37.404465408,27.871873937088857,-1.690084965578231,-1.1126500403454886,0.5895605200598816,-35.03911509769354,-0.14267936145227986,0.06843477788315898,0.6000000238418579,25.416123725533062,-0.3449861222051238,0.08282321432588123,-0.4423532133496551,-4.2577286700178,-10.623870588457994,38.12034186655576,True,False,True,19.89230404455875
37.501202176,27.892670159842947,-1.735045131347706,-1.1272664513886754,0.5937366705846645,-35.74606643690999,-0.1454843035957319,0.14695016987346557,0.6000000238418579,25.43999015884757,-0.38435611728217256,0.0807320579604522,-0.47236809536063085,1.6687324896243296,-10.754377913644557,38.160259765743334,True,False,True,19.93222194374632
37.603754496,27.923115715740067,-1.800346147387496,-1.14894328501469,0.5978395040186424,-36.249672336613536,-0.13410939816362574,0.2720275089964052,0.6000000238418579,25.488045572656507,-0.4181618621841767,0.08230743057972344,-0.4895838872716918,0.42674140964642315,-11.492763093918887,38.23229220823159,True,False,True,20.004254386234578
37.711395328,27.944062193612645,-1.8481409947645693,-1.164898759845851,0.5982056921781859,-36.68769604115611,-0.1103846868320767,0.2832869179238582,0.6000000238418579,25.52056267529395,-0.4457679756612203,0.08223654224882589,-0.5057304792445867,-0.4874399583063118,-11.968920757329048,38.284475513472906,True,False,True,20.056437691475892
37.801924608,27.969574268097524,-1.9088121659479504,-1.1839582783313471,0.5920834018228922,-36.86058858205504,-0.09431143527489919,0.35488241614370036,0.6000000238418579,25.56888244793246,-0.46774354003434104,0.08116020834367894,-0.5116186016849928,-1.5794699270767965,-12.888058185200638,38.35028355601035,True,False,True,20.12224573401334
37.901256448,27.98699824266472,-1.9563670321009747,-1.1977349312445398,0.602182978429473,-36.994687924643664,-0.05875194609773736,0.3343413837723959,0.6000000238418579,25.602943367310008,-0.48793850088216195,0.07796160260422895,-0.5187315531556498,-2.3688139948193574,-8.888530978037405,38.40082887335898,True,False,True,20.17279105136197
38.001897984,28.011265752579806,-2.0225132653636972,-1.2124370109998308,0.6007357151221692,-37.09040018993665,-0.022556656867659466,-0.17114479800401208,0.6000000238418579,25.64654871758538,-0.523142282448809,0.07354154061790938,-0.5343414218306335,-3.2111811148622635,-9.635185832787307,38.47114742897812,True,False,True,20.243109606981108
38.106062592,28.031169129222803,-2.076885435180985,-1.2188947266277157,0.5942491592960871,-37.672141463771794,-0.0034432324039853374,-0.1956250375728123,0.6000000238418579,25.66092720179812,-0.5862636838711088,0.06986751487026281,-0.5869970222480887,-3.5811809656357547,-9.423444409725649,38.52893132627866,True,False,True,20.300893504281646
38.212172544,28.049140400450792,-2.132548984682852,-1.2236823282211535,0.5956781558044287,-38.17471783748013,-0.019591876061475163,-0.1370617741180912,0.6000000238418579,25.67297864609622,-0.6513821078109063,0.06390495668530233,-0.6423939772837217,-3.8554903309298374,-9.195177401311398,38.58711934250698,True,False,True,20.359081520509967
38.301358592,28.070086435458194,-2.19060871615014,-1.227090521954562,0.5956807826528223,-38.46213091314689,-0.04555428910919106,-0.054178355333451264,0.6000000238418579,25.69154587415306,-0.7132648840561167,0.0638362838040786,-0.6922879593879505,1.8110433867980853,-9.103039442331877,38.642373580372514,True,False,True,20.4143357583755
38.402812416,28.087757896684145,-2.2407048001736,-1.2332045854024443,0.5981578873968805,-38.57124980280974,-0.058858835160388645,-0.00873225978980831,0.6000000238418579,25.71545738789556,-0.7533614316129209,0.06527180736188744,-0.7200234745843389,1.460733355559229,-9.344230583907894,38.695475722028576,True,False,True,20.467437900031562
38.509129728,28.11191502448617,-2.3098604018757944,-1.2430124435137924,0.597125740365217,-38.73200936520487,-0.0591300018131732,0.02640134311356117,0.6000000238418579,25.75008707516379,-0.8059426056516634,0.06702736335048737,-0.7551295594215477,0.8987844797158322,-9.745419897356184,38.76870810621485,True,False,True,20.54067028421784
38.601861888,28.12918386182492,-2.3604138985171925,-1.2510483169903799,0.602166115348099,-38.71315072072471,-0.0571589991450309,0.06933636105909359,0.6000000238418579,25.780018698851833,-0.8367922141500923,0.0679392621920785,-0.7720097740672365,0.4383628448062475,-10.224700176745902,38.82212193594281,True,False,True,20.594084113945797
38.710867456,28.14703236718119,-2.410983331648362,-1.2579503100227005,0.6015275412585598,-38.25271012655482,-0.05058201270089594,-0.29728397601878664,0.6000000238418579,25.820888622155863,-0.8524406541834326,0.06939793290936233,-0.7706420884493717,0.042907773825560803,-11.080595841896471,38.87572892233823,True,False,True,20.64769110034122
38.803984896,28.16699958167855,-2.473598042309059,-1.26655384037014,0.596411120234671,-37.4142874851153,-0.0574190778728055,-0.24049417097897005,0.6000000238418579,25.877696038357882,-0.8614289176389962,0.06917439725747382,-0.7538401150281914,-0.450038203995429,-6.130483772179647,38.94144986023262,True,False,True,20.71341203823561
38.901227776,28.180496709727215,-2.5199719212648897,-1.2734509202121216,0.5889520728043779,-36.94099486089048,-0.09171074004048436,-0.13964926219643567,0.6000000238418579,25.915891818246347,-0.8732889871573788,0.06778016464787318,-0.7456794803187144,-0.8452117699057454,-6.998949962314771,38.98972785967753,True,False,True,20.761690037680516
39.018098688,28.20122910855573,-2.588623054238647,-1.286154261432424,0.6003517497276235,-36.80701042913773,-0.11676439799553846,-0.01811429866897806,0.6000000238418579,25.96164856150837,-0.9080639290404171,0.06643133411891461,-0.753887771829627,-1.5730596075436145,-7.860782231705427,39.06142856452741,True,False,True,20.833390742530398
39.100829184,28.214438157315602,-2.633662240317833,-1.2979446857162535,0.5934828675708522,-36.717776450456135,-0.11989838023002913,0.07264814602831407,0.6000000238418579,25.99748830161999,-0.9233601215881655,0.06784362405421208,-0.7498748297952885,1.6676288540751962,-8.625557760519007,39.10380021220356,True,False,True,20.875762390206546
39.212153344,28.23411804134309,-2.7051624448697424,-1.3164290008980684,0.6043205382231887,-36.52775184365722,-0.1131918230111956,0.15551603695610383,0.6000000238418579,26.05497811953881,-0.9469391367547504,0.0696859535464259,-0.7426006611643918,0.6085556069676145,-9.874655614425489,39.17793645778116,True,False,True,20.949898635784145
39.306383872,28.24508544135081,-2.7475697327753266,-1.3265029037330176,0.5985372638028295,-36.305071748186506,-0.1090200498780535,0.20599867764422727,0.6000000238418579,26.090702575372646,-0.9590970696407417,0.07009460686936149,-0.7358994896080497,0.03136349130014764,-10.674527825563688,39.22173708486455,True,False,True,20.993699262867537
39.421275904,28.263640306256146,-2.8114482436788992,-1.3401254596970975,0.5985651924349833,-36.01774670142844,-0.0814168462795919,0.22194446888721223,0.6000000238418579,26.142962006681014,-0.9831365772196148,0.07268458855268034,-0.7315655967294559,-0.7491514716223994,-11.742367835244298,39.2882054168866,True,False,True,21.060167594889585
39.504218112,28.279029260050383,-2.8731742637855575,-1.3526696056247576,0.601808910934857,-35.79656128695823,-0.0718746335599204,0.032853930651938555,0.6000000238418579,26.188627604120462,-1.010321366510668,0.07272172245962748,-0.732794037137617,-1.4678780908735527,-5.699390757018992,39.35182082443981,True,False,True,21.1237830024428
39.601014272,28.29019236924037,-2.9206416771850487,-1.3612746022686129,0.5970931044268339,-35.95045612398786,-0.052026238180012466,0.033172585911397726,0.6000000238418579,26.210853540218714,-1.0454483447196048,0.07209909123806617,-0.748144029506613,-1.9609080812906854,-6.038525910406527,39.40057923573456,True,False,True,21.172541413737548
39.704849664,28.305250379449067,-2.989850184031691,-1.3723296479095684,0.5960428159247398,-36.07475944389416,-0.0473040007054805,0.08351685912001054,0.6000000238418579,26.242655527340574,-1.096255064673925,0.07000924359445615,-0.7705486703692102,-2.594315538841921,-6.547630048051482,39.47137608332125,True,False,True,21.24333826132424
39.801591808,28.316135481303284,-3.042753894935104,-1.37962798611115,0.5924402465941387,-36.10960028780682,-0.04151858701197478,0.16497631424019657,0.6000000238418579,26.266255321015574,-1.1354019797241657,0.067804828823425,-0.7883429442482316,-3.0124795152516617,-6.930953180548541,39.52534300490518,True,False,True,21.29730518290817
39.902999552,28.328004484981218,-3.0901143544289544,-1.38355592965573,0.5936601801512412,-36.357904508073716,-0.032440445963390296,0.1577506131319721,0.6000000238418579,26.277350523174537,-1.1835944020218032,0.06985222561324024,-0.820805729970885,-0.670098615080106,-6.907703547551728,39.57108127096142,True,False,True,21.34304344896441
40.000728832,28.340905723552456,-3.1583194329325015,-1.3921351217726785,0.5989188717682583,-36.54857954754575,-0.012982024046688367,0.14457719724577334,0.6000000238418579,26.300291669470077,-1.241057248910328,0.06901990449042833,-0.8538039205965063,-1.161650115013172,-7.208580008012751,39.64049079431302,True,False,True,21.412452972316004
40.121810432,28.353362872529033,-3.2176221553196056,-1.3951340638147967,0.6000084746971323,-36.63116808610039,0.003851240086866852,0.14224016889341853,0.6000000238418579,26.31573742838795,-1.2971840414016238,0.0695115916597248,-0.8901276526485336,-1.3334768370308734,-7.297818191475831,39.701085775019955,True,False,True,21.47304795302294
40.201185536,28.364576645345426,-3.2769563233965,-1.396232902380303,0.6025315804517319,-36.52494051783058,0.008174822434568085,0.09524605439295539,0.6000000238418579,26.332630860084898,-1.350509769307349,0.06877821073343694,-0.9233344074739056,-1.3964356492006131,-7.467004571915362,39.76146585745259,True,False,True,21.53342803545558
40.3034432,28.374636811156435,-3.3338409813166927,-1.3973785201203204,0.5899306460453821,-36.34723988649807,0.02767760773925806,-0.12872156081898284,0.6000000238418579,26.350891097459836,-1.3987819935091759,0.06739806240286689,-0.9499531546900533,-1.462074710638908,0.11542617378105294,39.8192167573021,True,False,True,21.591178935305088
40.407208704,28.38416171106482,-3.386266263909198,-1.396009534543298,0.5996302012575294,-36.24547389436568,0.02254527633651096,-0.12738805397895567,0.6000000238418579,26.361204055427905,-1.450383435972548,0.06637449463016669,-0.9800348121653492,-1.3836376148612384,0.09209727742634126,39.87249044951677,True,False,True,21.644452627519755
40.50345728,28.396095426420256,-3.45368557926915,-1.3948902597558719,0.5978486487464291,-35.953976267241316,0.00851765611233228,-0.09872635562800564,0.6000000238418579,26.380835878686398,-1.509790274663596,0.06474901975209552,-1.0092933150498467,-1.319507893426338,-0.13527062826312442,39.9409384989938,True,False,True,21.71290067699679
40.601993728,28.405043668866195,-3.5007605371966597,-1.3948875033710904,0.5927271378034672,-35.56288293183182,-0.0020167130512352004,-0.0739235987243597,0.6000000238418579,26.403094339564056,-1.5431602503896937,0.06421753230620968,-1.0179504677712532,-1.3193499642116293,-0.526206034457929,39.98885342597739,True,False,True,21.760815603980376
40.70248832,28.417363118155492,-3.5680229199275035,-1.3950909013461223,0.6014381000249326,-35.30704246609741,-0.010480663523942186,-0.06204471184637198,0.6000000238418579,26.42457493643914,-1.6010975876355948,0.06545186470967501,-1.0448685496596422,0.8610040644136091,-0.7937003457231652,40.0547664064719,True,False,True,21.826728584474886
40.800996864,28.42722647211595,-3.6233329654924415,-1.3960443318499973,0.5982123973092621,-34.7103942886996,-0.01662914689965954,-0.05028106674700662,0.6000000238418579,26.456924402913483,-1.633883354143497,0.06633924880678257,-1.0461157726534582,0.8063765204825288,-1.4449760670520655,40.11094201898488,True,False,True,21.882904196987866
40.901928192,28.436807313889155,-3.674578164814566,-1.3974849579607578,0.5995275613555567,-33.85206184085738,-0.022684952950909564,-0.05199643436488187,0.6000000238418579,26.499438882264958,-1.6530432133121185,0.06759808465689339,-1.030493888593903,0.723834724479621,-2.385850310897191,40.16305994598654,True,False,True,21.935022123989526
41.001088256,28.448569315922704,-3.742060300750181,-1.4012274467122596,0.5946073768112091,-32.52789633283169,-0.02787747668590175,-0.22981001634982748,0.6000000238418579,26.56617821150864,-1.6692352405912687,0.06841227712633452,-0.9920924462246496,0.5094059141433804,4.255192507275023,40.23155462061816,True,False,True,22.00351679862115
41.102502912,28.456754212311438,-3.792097924457726,-1.4046141730441275,0.5997670488448712,-31.93165252635671,-0.035837735216745006,-0.19711489494075254,0.6000000238418579,26.603132036054923,-1.6935067714004997,0.06848634582475235,-0.9779069194013766,0.3153607889615287,3.464903575618172,40.282257192831224,True,False,True,22.05421937083421
41.201440256,28.467494302284813,-3.8582773783005955,-1.4091604793126822,0.5964087296551275,-31.501510235696127,-0.06292339606037303,-0.11028163579619854,0.6000000238418579,26.639301969631532,-1.7374962026891763,0.06850020240903222,-0.9764755802343489,0.05487662739946308,2.7742771233955694,40.34930247194595,True,False,True,22.121264649948934
41.302834432,28.47473599707065,-3.9087254467474692,-1.4160356347964322,0.5960575943488303,-30.84501485646883,-0.08022985162310001,-0.04411365026386378,0.6000000238418579,26.68572933350386,-1.7547859959472327,0.06757755279829898,-0.9505263483132361,-0.33904076531562655,1.7238643514531307,40.400259301430204,True,False,True,22.17222147943319
41.402701312,28.484376578155377,-3.9751732508267423,-1.4276056164258029,0.5917196129363916,-30.140662700075854,-0.08609401556058777,0.07751972085806866,0.6000000238418579,26.747274377844484,-1.7791596020360387,0.06679473140061198,-0.9170224080421608,0.9060429662222006,0.35660107865333424,40.465174565153326,True,False,True,22.237136743156313
41.503412736,28.49241665623894,-4.032113211537073,-1.4374821893620002,0.5945931280776504,-29.58823161339956,-0.08005854077230033,0.10492311683367135,0.6000000238418579,26.79850509575678,-1.8026146972373014,0.06753641243136765,-0.8910822223610608,0.34015702092496,-0.7617159533201644,40.52267458159274,True,False,True,22.294636759595726
41.60178688,28.498960758401356,-4.083409645441442,-1.4470825751300247,0.6024880827307052,-29.26761786968539,-0.07158341885075148,0.13454796721606116,0.6000000238418579,26.839123268387652,-1.828428601896949,0.0675111519739586,-0.8749580202604292,-0.20990456528030332,-1.6323912832396044,40.574386753915384,True,False,True,22.34634893191837
41.708189184,28.50780430425262,-4.156995245539286,-1.4599440766093474,0.6025374679613876,-28.55232108871531,-0.05873704436447419,0.15383822623109877,0.6000000238418579,26.905648079323694,-1.8606730924167132,0.06693524415406765,-0.8362397550302328,-0.9468143182467742,4.39610989071504,40.64849962172635,True,False,True,22.42046179972934
41.801913856,28.513250576457015,-4.203489812846935,-1.4672626954104042,0.5976603404649311,-28.338084481647556,-0.045256840086046496,0.1643809437681815,0.6000000238418579,26.936583947127318,-1.8895921617054383,0.06643104387084378,-0.8242674181744889,-1.3661402874123967,3.762547314481634,40.695309369131394,True,False,True,22.46727154713438
41.907067904,28.520504008329294,-4.273313061997507,-1.4775333230440213,0.5920817170898341,-28.438326583697553,-0.028163983149618894,0.05580541771858964,0.6000000238418579,26.963611270472427,-1.9460646861663942,0.0647558475505267,-0.8296501099272549,-1.954603903769104,3.274325800174941,40.76548836964549,True,False,True,22.537450547648476
42.004760832,28.5253459106023,-4.324776321129505,-1.4829507790666259,0.6010755968770656,-28.504967207701625,-0.01786106583881142,0.0529688279633463,0.6000000238418579,26.978368179483294,-1.9909254476969527,0.06302098528742014,-0.8397097865353147,-2.2650012695620756,3.030569058386053,40.81714977991502,True,False,True,22.589111957918007
42.101488128,28.531208969830537,-4.377274506219619,-1.4859042444940653,0.5914471834908078,-28.508613600953986,-0.012145496848457763,0.08936717207975303,0.6000000238418579,26.990982106726978,-2.0389628909351702,0.06216753719238494,-0.8532284246683883,-2.434222373492158,2.8649943477083153,40.8699674524084,True,False,True,22.64192963041139
42.204905216,28.53700989807843,-4.4462401958340365,-1.4913656071362307,0.603235236215071,-28.554927829480736,-0.005276016459751695,0.10783225469603747,0.6000000238418579,27.007679895909423,-2.1007872023878362,0.05961380616856429,-0.870227497877622,-1.1797044548504918,2.598395546448561,40.93748657865151,True,False,True,22.709448756654496
42.315185152,28.543021458187145,-4.503493064837001,-1.4937945295660275,0.5946141823630543,-28.805785621500018,0.004810374184191978,0.11337115771989643,0.6000000238418579,27.009122204297558,-2.1610257589996356,0.0598784069419379,-0.8995480395627662,-1.3188714588425006,9.474006158520966,40.99505358179083,True,False,True,22.767015759793814
42.401513984,28.547925461216302,-4.559184683694992,-1.4951922149744485,0.595318586526834,-28.65748444802313,0.009515596094210547,0.09334712061045623,0.6000000238418579,27.02337551122075,-2.210621835915834,0.05919688276786053,-0.9064708191852399,-1.3989529338320426,9.245623510054543,41.050956543980085,True,False,True,22.822918721983072
42.505083904,28.5531960599982,-4.617344048358255,-1.4963529426663686,0.5996411644785536,-28.419327361555194,0.02525325548265592,0.055364358497398104,0.6000000238418579,27.041155741526435,-2.260707870388521,0.058633708446308455,-0.9103624872661847,-1.465457731743026,8.940961625675625,41.10935152445134,True,False,True,22.881313702454328
42.602849536,28.5586511221772,-4.683882521561299,-1.4957617683127231,0.6003699653975706,-28.293974934004353,0.031158341726978955,-0.10774163343901612,0.6000000238418579,27.050375424815293,-2.3248351670668077,0.05741739009449231,-0.9277437530412923,-1.4315859363227754,8.84948099354507,41.17610215507934,True,False,True,22.94806433308233
42.704060416,28.563049629682773,-4.742234736841283,-1.494830078443796,0.5960491790170231,-27.876599963726747,0.025709823247984636,-0.10367248039366846,0.6000000238418579,27.06979100674348,-2.3736531602394892,0.05596722624143068,-0.9296279211586408,-1.3782040390181425,8.48548792057206,41.23460194072987,True,False,True,23.006564118732854
42.801174016,28.566733484149402,-4.790589517878182,-1.4927781913207436,0.5917215601717585,-27.512219913868638,0.01519168515388432,-0.06969162977192525,0.6000000238418579,27.083691928781974,-2.415597361037794,0.05480426250709643,-0.9337922659745953,-1.260639566829988,8.2386723429021,41.28308289728201,True,False,True,23.055045075284994
42.901496832,28.57188375699325,-4.858001854563246,-1.4900258483161273,0.5989143722326028,-27.23614736670897,0.0063023563304201126,-0.04627594687981144,0.6000000238418579,27.09375217290666,-2.4799507575248154,0.05319741956414084,-0.9504951573372724,-1.1029419288931404,8.1202974336793,41.35067258956909,True,False,True,23.12263476757208
43.002149632,28.57480358602065,-4.9093791274883785,-1.4914842097726702,0.597552335727526,-26.522775781444686,0.001301078437753578,-0.033620614955210605,0.6000000238418579,27.129890332242738,-2.510999322483149,0.051247717190452374,-0.9293181506922343,-0.009051626981612163,13.185176726365718,41.401034274225644,True,False,True,23.17299645222863
43.100589312,28.580168841534107,-4.97732994063554,-1.4915524300027867,0.6003661169021822,-25.956979562418436,-0.0026279999874532,-0.02548651706446073,0.6000000238418579,27.1591742570691,-2.5647018319289536,0.051201663944827655,-0.9179385130435739,-0.012960358244701443,12.615471776076369,41.46919655744139,True,False,True,23.24115873544438
43.202003456,28.582604359900238,-5.021626458870924,-1.493457761529506,0.600101522173067,-25.574942726885997,-0.004922260003601735,-0.02890351071095533,0.6000000238418579,27.182345521952335,-2.5969047868539508,0.05011295115434002,-0.9057746946544193,-0.12212781329890575,12.124267485489751,41.513546619244615,True,False,True,23.2855087972476
43.305125888,28.58682450505804,-5.095708323309473,-1.4966718881631849,0.5989298508269452,-24.457350786752087,-0.0078840004280209,-0.02176455751705038,0.6000000238418579,27.242011467883433,-2.6398015874896426,0.048438679068849064,-0.862162790479059,-0.3062837042293245,10.822519654425435,41.58772969734756,True,False,True,23.35969187535055
43.41441152,28.590748086380156,-5.156669051117032,-1.4982044120376476,0.5899226111976642,-23.762534602059546,-0.01050348114414247,-0.030080127766200396,0.6000000238418579,27.27960555981465,-2.6826227146408077,0.047510419917544275,-0.8395332512248358,-0.3940908542390663,10.03989631972313,41.64880950710632,True,False,True,23.420771685109308
43.507467776,28.59214997560831,-5.205571254747831,-1.5001020432370988,0.5924288719255649,-23.391897683660936,-0.012255946859756601,-0.08030081225688213,0.6000000238418579,27.301752119758316,-2.720642005530113,0.04502571108247047,-0.8301305718803438,-0.5028171130399548,9.560533142523619,41.69766866218867,True,False,True,23.469630840191655
43.602754816,28.596304148786494,-5.268225925675424,-1.5013602011824958,0.6032383749991933,-22.950309528503613,-0.01913406754463843,-0.04479221332707773,0.6000000238418579,27.328236052133004,-2.7718278600116975,0.044192839845737755,-0.8206429120513686,-0.5749042532720647,9.046857847134186,41.760455374710844,True,False,True,23.53241755271383
43.71147392,28.598166244547517,-5.321433626958354,-1.5044527744963831,0.5946148809177301,-22.402204628688136,-0.0256229992955923,-5.1268047870219654e-05,0.6000000238418579,27.361800328564577,-2.8091837743768755,0.04182508680893068,-0.800170393214192,-0.7520956519926093,8.321561548598185,41.81364297309612,True,False,True,23.58560515109911
43.801643008,28.602397385583703,-5.386195774846628,-1.5085724061192693,0.6007213736586516,-21.922840640842384,-0.0256229992955923,0.05082418564191355,0.59829579455766,27.397495261695404,-2.8587047517469486,0.041222383315997826,-0.7792627003522627,-0.2115326852381797,11.522390067363263,41.87798004875242,True,False,True,23.649942226755407
43.899532032,28.60504697055303,-5.434222173897116,-1.5115885130802846,0.596152668815186,-21.235647750656764,-0.0214404836155311,0.04761981218891734,0.0,27.43821650065601,-2.8889310992811112,0.040702804705738,-0.7470399667180265,-0.38434288466435884,10.662386977751432,41.926076673835,False,False,False,23.698038851837985
44.002069504,28.60854707344921,-5.502390505058133,-1.5155549394742271,0.5949604598136045,-20.831681222949953,-0.0236520003527402,0.05662959777395937,0.0,27.46982824828891,-2.9443992155449057,0.03970518538116087,-0.7297492929954079,-0.6116023767865593,10.031160957922404,41.994327511553266,False,False,False,23.766289689556253
44.101912832,28.611573365450973,-5.558152039510841,-1.5193403988519245,0.5733502336630095,-20.559483408173776,-0.0210239998996257,0.051140083419373865,0.0,27.494731306612508,-2.990533723715158,0.03905199674145895,-0.7167164352437794,-0.8284932226468372,9.542072297285953,42.05016728691457,False,False,False,23.82212946491756
44.19952384,28.613201587697805,-5.594283580254427,-1.521214422665298,0.4223556703148176,-20.268771318587014,-0.0210239998996257,0.05513042082342939,0.0,27.514225915256045,-3.018967585782839,0.03829676565634517,-0.7046602903040577,-0.9358668778601469,9.143986552485886,42.086327610063,False,False,False,23.85828978806599
44.301483776,28.614359890832585,-5.615885960685117,-1.523147684174447,0.12282996559286358,-19.947305249142772,-0.019710000604391,0.0326501719125675,0.0,27.534843239260407,-3.0323527600123654,0.03802964472963871,-0.6878827722319784,-1.0466346030294875,8.711752757872313,42.10795937265495,False,False,False,23.87992155065794
44.415878144,28.61485528632456,-5.614223492094546,-1.5196862241795344,-0.026449223667918492,-20.242501589040742,-0.019710000604391,0.03288577788778104,0.0,27.513125414229414,-3.0400845508302616,0.038633468102758146,-0.7108246213864755,-0.8483075543676234,9.205276146432137,42.10633314516713,False,False,False,23.878295323170114
44.499890176,28.614538222146045,-5.607363304147121,-1.5173311470916053,-0.07999911643250836,-20.487029655752888,-0.0190529990941286,-0.0031976450669643714,0.0,27.495784380068613,-3.040577407186297,0.038768960300531806,-0.7277720128447838,-0.7133715768013293,9.584740190710567,42.09946697081516,False,False,False,23.871429148818144
44.601100032,28.614541897103436,-5.603270327769813,-1.5145925821973583,-0.046462143639664825,-19.422791733459757,-0.0190529990941286,-0.014130123617486246,0.0,27.536573972578797,-3.0190905442222284,0.03904222401775935,-0.6830025001785955,-0.5564633664382692,8.677410478780507,42.095383125069866,False,False,False,23.867345303072852
44.702869504,28.614251588056256,-5.5980473750677096,-1.5162119843372033,-0.046170125529410674,-19.32187178719758,-0.0183959994465112,-0.017525711778004105,0.0,27.545026369987124,-3.0102379862129163,0.039096571603530625,-0.6726634766591291,-0.6492482743858558,8.483705624570739,42.090152392749125,False,False,False,23.862114570752112
44.813702912,28.613745650294405,-5.598316661652098,-1.516424785662959,0.0,-19.629946773982375,-0.0170820001512765,-0.012098953906920748,0.0,27.53117098652343,-3.01606336320108,0.038573995162083985,-0.6875151991813191,-0.6614408922264546,8.779587993514939,42.09038776935426,False,False,False,23.862349947357245
44.900800768,28.61355342890368,-5.600906698956399,-1.516968622503213,0.0,-20.04009207013494,-0.0164250005036592,-0.014861882271018876,0.0,27.513922131195507,-3.025870580937732,0.038211590272134756,-0.7066210608734447,-0.6926004479167358,9.158573733977237,42.09295952070236,False,False,False,23.864921698705345
44.999355648,28.61358709393973,-5.602576407763891,-1.5168076345927068,0.0,-19.41522861429507,-0.0157680008560419,-0.016002647114062473,0.0,27.54168734171614,-3.0158736955870538,0.03813520158572781,-0.6772639255554048,-0.6833765200921119,8.54293420596201,42.09462782091667,False,False,False,23.866589998919657
45.100260864,28.613090860220606,-5.604236128517392,-1.5169291352689673,0.0,-19.457038552100084,-0.0151110002771019,-0.016992390972945012,0.0,27.53961802100467,-3.0181858460469053,0.037530722800719986,-0.679830092125406,-0.6903379960498233,8.577782667809295,42.09625125132234,False,False,False,23.86821342932533
45.200077312,28.61306497186304,-5.604190134624466,-1.5169412849104889,0.0,-20.014828599182042,-0.014453999698162,-0.01726251454061645,0.0,27.514498785490154,-3.028699436881969,0.03750792019614063,-0.7067441670492617,-0.6910341192315905,9.134876591709462,42.096203652094744,False,False,False,23.86816583009773
45.303436544,28.613149826945225,-5.604291410493023,-1.516532877981658,0.0,-20.31943303243095,-0.014453999698162,-0.01749802219325556,0.0,27.499857663698062,-3.035131906053399,0.03758592014852351,-0.7225049174312792,-0.6676341258856849,9.462881018304286,42.09631029727257,False,False,False,23.868272475275553
45.400386816,28.613110689444785,-5.604484852663335,-1.516270371226026,0.0,-19.678816851577864,-0.0131400004029273,-0.0222511589748798,0.0,27.527935321370048,-3.023323404686114,0.037534125965646564,-0.6924073559745441,-0.6525935966943057,8.837305366642603,42.09650074143713,False,False,False,23.86846291944012
45.502983168,28.613098128917425,-5.604294016521709,-1.5161863395088238,0.0,-19.351104096050268,-0.01282417629213455,-0.02484748820320148,0.0,27.54248640004308,-3.017057938001488,0.037534162737207756,-0.6767742914166758,-0.6477789339533717,8.51440727385591,42.096309492388905,False,False,False,23.86827167039189
45.5996928,28.612950246892705,-5.603184383828023,-1.5157736085151594,0.0,-19.97839758561944,-0.0124829998239874,-0.02698284824809736,0.0,27.513014479186587,-3.0282783065271914,0.03745969130405336,-0.7080829628942112,-0.6241311899421513,9.165348507436295,42.09519252873069,False,False,False,23.86715470673368
45.71168256,28.612930003516095,-5.603086151414645,-1.5157443019702597,0.0,-20.02454074422527,-0.0111689995974302,-0.02954628422940626,0.0,27.51084545686987,-3.0290990395503323,0.037445962275602526,-0.7103859458619753,-0.6224520486073108,9.21317080737699,42.095093176251545,False,False,False,23.867055354254532
45.805001472,28.612794173422195,-5.602864712611682,-1.5156388809928352,0.0,-19.57749444748543,-0.0111689995974302,-0.030896582989253095,0.0,27.53055407838542,-3.0204711762398926,0.037325012921075915,-0.6891776518318318,-0.6164118715287178,8.772164687715737,42.09486327146363,False,False,False,23.866825449466617
45.905783808,28.61259732185981,-5.602620760876985,-1.5155568110900124,0.0,-19.248911183442814,-0.0098550003021955,-0.03337595416367029,0.0,27.544972168158935,-3.0141508400192634,0.03714465750112987,-0.6736604029252095,-0.6117096124719364,8.448283682729892,42.09460688326388,False,False,False,23.866569061266866
46.0102784,28.61259732185981,-5.602620760876985,-1.5155568110900124,0.0,-19.925781072035495,-0.0091979997232556,-0.034705588682851944,0.0,27.514468208775067,-3.026943674944876,0.03714465750112987,-0.7063501050405897,-0.6117096124719364,9.125153571322565,42.09460688326388,False,False,False,23.866569061266866
46.10035968,28.612640917467772,-5.598940775494553,-1.5150251841045383,0.0,-20.036319498207977,-0.0078840004280209,-0.03725474918924015,0.0,27.50817668699572,-3.0259738570115773,0.03743055222606152,-0.7122215984938505,-0.5812496299289983,9.266151980037984,42.09093776113479,False,False,False,23.862899939137776
46.19970944,28.61265915715264,-5.595196665198024,-1.5146432956158742,0.0,-19.29989820560113,-0.0078840004280209,-0.010772275924982627,0.0,27.540367677606643,-3.0086563150598216,0.037695369881258,-0.6768027415564741,-0.559369031283925,8.551611286076223,42.08720298320188,False,False,False,23.859165161204864
46.302172928,28.612598899594023,-5.59409581320397,-1.514530306350107,0.0,-19.610335063219825,-0.0078840004280209,-0.01208602404338555,0.0,27.52601739280363,-3.0135259867700634,0.0377077542549609,-0.6919040869539508,-0.5528952232251828,8.868521951753648,42.08610055283515,False,False,False,23.858062730838135
46.402065408,28.61210485761599,-5.585558105673687,-1.5137772444063957,0.0,-19.911153052186666,-0.007226999849081,-0.013398042204833701,0.0,27.51005102127157,-3.0115578450290728,0.037777148084088115,-0.7069235135026489,-0.5097479521385957,9.212487211807078,42.07754884471073,False,False,False,23.84951102271372
46.499138304,28.61207797193024,-5.5851188442511415,-1.5137452695278408,0.0,-19.13300277190068,-0.006303923535689253,-0.014993858754477495,0.0,27.545000152959517,-2.9964232406197127,0.037779254117847196,-0.6693548734405042,-0.50791592654697,8.436168957112715,42.077108766306296,False,False,False,23.849070944309283
46.602893056,28.61168712740977,-5.581289615293226,-1.5140565088891424,0.0,-19.693581967633207,-0.005913000088185,-0.01625877980347681,0.0,27.52013557915494,-3.0028181266972243,0.0376414825690375,-0.6950278076781232,-0.5257486283678875,8.978915451024344,42.07326210894546,False,False,False,23.845224286948444
46.699492864,28.611280091577715,-5.577350351648329,-1.514286173736897,0.0,-19.705189477849515,-0.0052559999749064,-0.0119856111705303,0.0,27.519798357325072,-2.998849309609981,0.03749480265088725,-0.6943972287127967,-0.5389074548467442,8.977364134761793,42.069304589364435,False,False,False,23.841266767367422
46.799470592,28.6112517482227,-5.577002718912985,-1.5142908251819862,0.0,-19.210278712839987,-0.0052559999749064,-0.011986665867394301,0.0,27.542095126665956,-2.9891649885710367,0.037489418769759635,-0.6704223255459574,-0.5391739630190119,8.482186861580024,42.06895584464651,False,False,False,23.840918022649497
46.914049536,28.61087715218669,-5.572449696083665,-1.514344749886715,0.0,-19.86509205420723,-0.0039420002140104,-0.01219378291270736,0.0,27.512354390537197,-2.9969404761160927,0.03741553537513606,-0.701160480083792,-0.5422636210114525,9.133910544954796,42.064388035508806,False,False,False,23.836350213511793
47.010829824,28.61087715218669,-5.572449696083665,-1.514344749886715,0.0,-20.17278442116695,-0.0032932083503281985,-0.0126383798196911,0.0,27.498539182200474,-3.002876922152764,0.03741553537513606,-0.7160000203874495,-0.5422636210114525,9.441602911914513,42.064388035508806,False,False,False,23.836350213511793
