t_ns,x,y,yaw,vx,vy,wz
1785942415168551201,9.525653954916342,0.43345660076197967,-3.1189476921439154,0.0,0.0,0.0
1785942415212080855,9.52597800863759,0.4334469525751427,-3.1189949644647665,0.0,0.0,0.0
1785942415245085654,9.52597800863759,0.4334469525751427,-3.1189949644647665,0.0,0.0,0.0
1785942415299572117,9.52597800863759,0.4334469525751427,-3.1189949644647665,0.0,0.0,0.0
1785942415345192316,9.52597800863759,0.4334469525751427,-3.1189949644647665,0.0,0.0,0.0
1785942415414254352,9.526452369842152,0.43347632155893484,-3.118851672681257,0.0,0.0,0.0
1785942415460554129,9.526852470124217,0.43350374765591093,-3.1187643045451274,0.0,0.0,0.0
1785942415497197373,9.526852470124217,0.43350374765591093,-3.1187643045451274,0.0,0.0,0.0
1785942415545600912,9.526852470124217,0.43350374765591093,-3.1187643045451274,0.0,0.0,0.0
1785942415615237306,9.527162066599924,0.4335122636401606,-3.1186906784856756,0.0,0.0,0.0
1785942415661493402,9.527420344406268,0.43351958912316674,-3.118648982247604,0.0,0.0,0.0
1785942415696387554,9.527420344406268,0.43351958912316674,-3.118648982247604,0.0,0.0,0.0
1785942415746457878,9.527420344406268,0.43351958912316674,-3.118648982247604,0.0,0.0,0.0
1785942415796764914,9.527420344406268,0.43351958912316674,-3.118648982247604,0.0,0.0,0.0
1785942415869889251,9.527568942896261,0.43348167201319543,-3.1187727863853896,0.0,0.0,0.0
1785942415913850602,9.527695023782272,0.4334437841821162,-3.1188522047032863,0.0,0.0,0.0
1785942415947255321,9.527695023782272,0.4334437841821162,-3.1188522047032863,0.0,0.0,0.0
1785942415997117316,9.527695023782272,0.4334437841821162,-3.1188522047032863,0.0,0.0,0.0
1785942416061731435,9.52798954115461,0.4334229802804703,-3.118990260852188,0.0,0.0,0.0
1785942416115003227,9.528236078107705,0.433401438502128,-3.1190697094304145,0.0,0.0,0.0
1785942416145730402,9.528236078107705,0.433401438502128,-3.1190697094304145,0.0,0.0,0.0
1785942416196311689,9.528236078107705,0.433401438502128,-3.1190697094304145,0.0,0.0,0.0
1785942416246966036,9.528236078107705,0.433401438502128,-3.1190697094304145,0.0,0.0,0.0
1785942416312004267,9.528215990949741,0.4334285044819096,-3.1189725649943463,0.0,0.0,0.0
1785942416361926521,9.528198841155245,0.4334552847028171,-3.11890984217299,0.0,0.0,0.0
1785942416400985506,9.528198841155245,0.4334552847028171,-3.11890984217299,0.0,0.0,0.0
1785942416445859629,9.528198841155245,0.4334552847028171,-3.11890984217299,0.0,0.0,0.0
1785942416512652681,9.529239753333812,0.4335006455515044,-3.1188406415431125,0.0,0.0,0.0
1785942416560928119,9.530112512704065,0.4335418987880201,-3.1188005922894373,0.0,0.0,0.0
1785942416596025638,9.530112512704065,0.4335418987880201,-3.1188005922894373,0.0,0.0,0.0
1785942416646474857,9.530112512704065,0.4335418987880201,-3.1188005922894373,0.0,0.0,0.0
1785942416725652324,9.529606801626025,0.43352700599065425,-3.1188396956398368,0.0,0.0,0.0
1785942416761411502,9.529191830804798,0.4335142274153739,-3.1188599638452623,0.0,0.0,0.0
1785942416796247763,9.529191830804798,0.4335142274153739,-3.1188599638452623,0.0,0.0,0.0
1785942416846061949,9.529191830804798,0.4335142274153739,-3.1188599638452623,0.0,0.0,0.0
1785942416897757040,9.529191830804798,0.4335142274153739,-3.1188599638452623,0.0,0.0,0.0
1785942416962174511,9.529058756686283,0.43350646168508383,-3.1188210666628837,0.0,0.0,0.0
1785942417014713443,9.528947269676927,0.4334992472776413,-3.118796855803612,0.0,0.0,0.0
1785942417046281546,9.528947269676927,0.4334992472776413,-3.118796855803612,0.0,0.0,0.0
1785942417095781287,9.528947269676927,0.4334992472776413,-3.118796855803612,0.0,0.0,0.0
1785942417160649496,9.529170387256913,0.4335287396155237,-3.1186998144381093,0.0,0.0,0.0
1785942417213528761,9.529355548364064,0.4335570688873022,-3.1186444646569043,0.0,0.0,0.0
1785942417245349354,9.529355548364064,0.4335570688873022,-3.1186444646569043,0.0,0.0,0.0
1785942417308778051,9.529355548364064,0.4335570688873022,-3.1186444646569043,0.0,0.0,0.0
1785942417345690329,9.529355548364064,0.4335570688873022,-3.1186444646569043,0.0,0.0,0.0
1785942417417391443,9.528932269843928,0.4335423005594623,-3.1186773598298787,0.0,0.0,0.0
1785942417462032788,9.52857470413289,0.4335290913255519,-3.1186985267549647,0.0,0.0,0.0
1785942417496882714,9.52857470413289,0.4335290913255519,-3.1186985267549647,0.0,0.0,0.0
1785942417549993316,9.52857470413289,0.4335290913255519,-3.1186985267549647,0.0,0.0,0.0
1785942417596894333,9.52857470413289,0.4335290913255519,-3.1186985267549647,0.0,0.0,0.0
1785942417664693760,9.528492239023022,0.4335510540470417,-3.118613111859053,0.0,0.0,0.0
1785942417712862346,9.528423291376077,0.43357304115009676,-3.1185638071869852,0.0,0.0,0.0
1785942417746942002,9.528423291376077,0.43357304115009676,-3.1185638071869852,0.0,0.0,0.0
1785942417797127146,9.528423291376077,0.43357304115009676,-3.1185638071869852,0.0,0.0,0.0
1785942417846502211,9.528423291376077,0.43357304115009676,-3.1185638071869852,0.0,0.0,0.0
1785942417938053502,9.527999209312549,0.4335477819407598,-3.1188416781125876,0.0,0.0,0.0
1785942417958917734,9.52764804284957,0.4335243695351277,-3.1189959940847896,0.0,0.0,0.0
1785942417996111111,9.52764804284957,0.4335243695351277,-3.1189959940847896,0.0,0.0,0.0
1785942418056403847,9.52764804284957,0.4335243695351277,-3.1189959940847896,0.0,0.0,0.0
1785942418101605790,9.52764804284957,0.4335243695351277,-3.1189959940847896,0.0,0.0,0.0
1785942418170258978,9.527951044691251,0.4335513921333946,-3.1188902747498672,0.0,0.0,0.0
1785942418227690963,9.528206498673637,0.43357709644449655,-3.1188229075944274,0.0,0.0,0.0
1785942418249333177,9.528206498673637,0.43357709644449655,-3.1188229075944274,0.0,0.0,0.0
1785942418296336214,9.528206498673637,0.43357709644449655,-3.1188229075944274,0.0,0.0,0.0
1785942418344997779,9.528206498673637,0.43357709644449655,-3.1188229075944274,0.0,0.0,0.0
1785942418403685077,9.528206498673637,0.43357709644449655,-3.1188229075944274,0.0,0.0,0.0
1785942418463064305,9.526710944756651,0.43354287650808604,-3.1187602126919227,0.0,0.0,0.0
1785942418515008237,9.52546408819932,0.43351431713125205,-3.1187242385891936,0.0,0.0,0.0
1785942418546427151,9.52546408819932,0.43351431713125205,-3.1187242385891936,0.0,0.0,0.0
1785942418595691587,9.52546408819932,0.43351431713125205,-3.1187242385891936,0.0,0.0,0.0
1785942418661502969,9.525479352694697,0.4335071073631526,-3.1187510963584986,0.0,0.0,0.0
1785942418716559278,9.525492169173242,0.43349992776176405,-3.1187672055298807,0.0,0.0,0.0
1785942418747299317,9.525492169173242,0.43349992776176405,-3.1187672055298807,0.0,0.0,0.0
1785942418798228906,9.525492169173242,0.43349992776176405,-3.1187672055298807,0.0,0.0,0.0
1785942418852075504,9.525492169173242,0.43349992776176405,-3.1187672055298807,0.0,0.0,0.0
1785942418914024208,9.52524136482195,0.4334820723441518,-3.1188255262891933,0.0,0.0,0.0
1785942418961567010,9.525030831316078,0.43346526964577015,-3.118860704784873,0.0,0.0,0.0
1785942418996705491,9.525030831316078,0.43346526964577015,-3.118860704784873,0.0,0.0,0.0
1785942419052486436,9.525030831316078,0.43346526964577015,-3.118860704784873,0.0,0.0,0.0
1785942419114973145,9.524969087454068,0.43345899469621796,-3.118871296101923,0.0,0.0,0.0
1785942419160366327,9.524917144653303,0.43345299681884786,-3.1188777349689705,0.0,0.0,0.0
1785942419207320562,9.524917144653303,0.43345299681884786,-3.1188777349689705,0.0,0.0,0.0
1785942419249893284,9.524917144653303,0.43345299681884786,-3.1188777349689705,0.0,0.0,0.0
1785942419296863871,9.524917144653303,0.43345299681884786,-3.1188777349689705,0.0,0.0,0.0
1785942419361635116,9.523925241659173,0.4334158418511448,-3.1188939697132345,0.0,0.0,0.0
1785942419410815006,9.523099309498228,0.4333826263965581,-3.1189031480892013,0.0,0.0,0.0
1785942419445275893,9.523099309498228,0.4333826263965581,-3.1189031480892013,0.0,0.0,0.0
1785942419501931880,9.523099309498228,0.4333826263965581,-3.1189031480892013,0.0,0.0,0.0
1785942419546304287,9.523099309498228,0.4333826263965581,-3.1189031480892013,0.0,0.0,0.0
1785942419619187110,9.52321732933433,0.43338275045754054,-3.118915770906703,0.0,0.0,0.0
1785942419662345358,9.52331488947093,0.4333824358702536,-3.1189227318331594,0.0,0.0,0.0
1785942419697237334,9.52331488947093,0.4333824358702536,-3.1189227318331594,0.0,0.0,0.0
1785942419745967062,9.52331488947093,0.4333824358702536,-3.1189227318331594,0.0,0.0,0.0
1785942419815437305,9.523988642847204,0.43341450735644665,-3.118709468850445,0.0,0.0,0.0
1785942419860710835,9.524539087646952,0.4334435832991918,-3.118596987253713,0.0,0.0,0.0
1785942419901634757,9.524539087646952,0.4334435832991918,-3.118596987253713,0.0,0.0,0.0
1785942419945575083,9.524539087646952,0.4334435832991918,-3.118596987253713,0.0,0.0,0.0
1785942420010454332,9.524416696612361,0.4334584053863461,-3.1185771385425944,0.0,0.0,0.0
1785942420061531351,9.524314607908037,0.4334735033759967,-3.1185648942817012,0.0,0.0,0.0
1785942420103121794,9.524314607908037,0.4334735033759967,-3.1185648942817012,0.0,0.0,0.0
1785942420145361447,9.524828458310697,0.4334853382817156,-3.1185648942817012,0.0,0.0,0.0
1785942420196270331,9.525171346825795,0.43349323563188,-3.1185648942817012,0.0,0.0,0.0
1785942420259876539,9.534547253592384,0.43372783281288846,-3.117851177665735,-0.1238814019713842,0.0,0.010650686670480611
1785942420318382742,9.540955263082678,0.43389791642344927,-3.1173713395916822,-0.12399818301995097,0.0,0.010651665525140606
1785942420345530193,9.5579517051076,0.43431603318951434,-3.112923193398865,-0.26778702195040005,0.0,0.06284100361682304
1785942420396018293,9.571355457632215,0.4347003727062564,-3.109780085677848,-0.2679305686336065,0.0,0.06284580235270869
1785942420446911913,9.591159079512854,0.43532095621273303,-3.107277085286289,-0.35341325924991196,0.0,0.05433005153729574
1785942420513192721,9.608467444706012,0.4359160729267643,-3.104574118171702,-0.3534985461726145,0.0,0.054329269002242025
1785942420561616005,9.6343063518547,0.43687980393731873,-3.0996310031410745,-0.46664909024101725,0.0,0.08415040367649146
1785942420595913525,9.657642942265559,0.4378595773031376,-3.0954212349092254,-0.46676203300435337,0.0,0.08415314526884611
1785942420645561241,9.680669342149384,0.4389276389731807,-3.090733711200614,-0.4629140903901502,0.0,0.0905463042891109
1785942420711823488,9.70373658118117,0.4401559639720866,-3.0859793476409108,-0.46291025020608084,0.0,0.0905468919350959
1785942420763385037,9.723761215972816,0.44130695278663135,-3.0829900490152813,-0.4222173051028344,0.0,0.0681810371759535
1785942420795639855,9.744830384740133,0.4425430858888084,-3.07958131629187,-0.4221766945098151,0.0,0.06817898136812958
1785942420845777285,9.766188483390428,0.4438722734344469,-3.07569381712003,-0.4260969709284099,0.0,0.07456733577841448
1785942420906731423,9.78772301380364,0.4452934315111432,-3.071917070499217,-0.42610088250402983,0.0,0.07456792286302068
1785942420959337621,9.803866498409066,0.4463761644888208,-3.0702803490012274,-0.35228641908083713,0.0,0.047941730981003725
1785942421018918361,9.822632803091413,0.4476891650917157,-3.0678322119993364,-0.35221368533269776,0.0,0.04793931457225172
1785942421047202497,9.840999654414027,0.44904705766913516,-3.06519640704022,-0.37050594933648195,0.0,0.05219719202420172
1785942421095892543,9.859338901640845,0.4504508355330267,-3.062605461776456,-0.3705237555246527,0.0,0.05219757375225667
1785942421167878404,9.87702822716478,0.45192758894342105,-3.057513916122934,-0.3608201312857104,0.0,0.0841497866758945
1785942421238256938,9.894933083362009,0.45348398459367684,-3.0532477050367173,-0.36081007509771196,0.0,0.08415283672944193
1785942421242536496,9.916174966358142,0.45536549515965163,-3.0482739988892877,-0.36081007509771196,0.0,0.08415283672944193
1785942421306432380,9.93607498733285,0.45722084544531816,-3.0437758464157327,-0.40292962370173413,0.0,0.09267643913210696
1785942421362894855,9.956602992364871,0.4592201461786779,-3.0411265311807485,-0.4090422996954622,0.0,0.06711621212425642
1785942421416219929,9.978825057103055,0.46127783500794245,-3.0378888295453117,-0.409049640355391,0.0,0.06711393430000837
1785942421462730787,10.00036854607522,0.46339751668599927,-3.0335765529221823,-0.41941328017542556,0.0,0.08308777893057637
1785942421495802596,10.021162075639756,0.4656523283781724,-3.02943313568112,-0.4194216346325638,0.0,0.08308920219013276
1785942421544995894,10.041125677577716,0.46790483511565456,-3.024879586867891,-0.4073680542323723,0.0,0.0884159384590653
1785942421598098143,10.061341461709484,0.470275059916877,-3.02046146168145,-0.4073556413269863,0.0,0.08841644363888154
1785942421659539435,10.081076925101854,0.47260161413968205,-3.015888038374028,-0.39645621969873945,0.0,0.09161215388366341
1785942421711631309,10.101130094567402,0.4750765058046818,-3.011336966265262,-0.3964426279621261,0.0,0.09161244759039947
1785942421745691573,10.12061813599245,0.4776321104697279,-3.0063859889230145,-0.3957988829808788,0.0,0.09693809091591671
1785942421799055624,10.140232527548749,0.48030038750599896,-3.001537753291755,-0.39579824428596994,0.0,0.0969385776946217
1785942421860319950,10.160948816883531,0.48303875988744127,-2.9967729788301787,-0.39543752439297947,0.0,0.09693906447230793
1785942421912355245,10.181591619037638,0.48590501930598423,-2.99194307125578,-0.3954371623233865,0.0,0.09693906451731016
1785942421945401390,10.199934839920658,0.48867468654173574,-2.9868063735193613,-0.38067333103732365,0.0,0.10119933997050397
1785942421994572831,10.218736019239005,0.4916083256615799,-2.981747198231877,-0.38065868283509113,0.0,0.10119972928013651
1785942422046743940,10.238163156148051,0.4947505135952665,-2.9749330493006383,-0.3892858597335863,0.0,0.1246316005641018
1785942422115071227,10.257544272173208,0.49796524467082515,-2.968752111326773,-0.38929452187929386,0.0,0.12463376749649477
1785942422160335252,10.278103823226573,0.5015022157335937,-2.96551514606881,-0.4062269782234864,0.0,0.08522839949453274
1785942422202248204,10.298122631073376,0.5050639482131449,-2.961250039788646,-0.4062438724197026,0.0,0.08522477831903072
1785942422245676959,10.317842494167268,0.5086493165210553,-2.958502013316005,-0.4022998770941704,0.0,0.06498485478950315
1785942422314749555,10.3395139106868,0.5128488290299462,-2.9545953284823265,-0.40229594012443953,0.0,0.06498299393872461
1785942422361712110,10.36069534621849,0.5168704583322706,-2.9521773358205925,-0.40121176353656424,0.0,0.049005090722098396
1785942422396443215,10.380424554481054,0.5206528131475698,-2.949723838367054,-0.4012106852119256,0.0,0.049003627051224206
1785942422447004502,10.400197676886288,0.5244781020536767,-2.9495893034614635,-0.4026499249494549,0.0,0.018115184714280336
1785942422500774969,10.421019983272805,0.5285259124682833,-2.9486353439818376,-0.402651364056126,0.0,0.018112340029265424
1785942422563020197,10.439270176360075,0.5327146768110802,-2.9490215738881504,-0.3943701017256008,0.0,-0.010647625947548891
1785942422619993924,10.45877635672581,0.5368485331740598,-2.9490919514515865,-0.39436225683061177,0.0,-0.010650135034727181
1785942422646911959,10.477463813234344,0.5404975515203385,-2.9486046961567616,-0.385353308499732,0.0,0.0031931190822233335
1785942422697213012,10.496314648370678,0.5441813865208972,-2.948445364711647,-0.3853438623459913,0.0,0.0031944560959284514
1785942422761648788,10.51578786202973,0.5483747737292521,-2.949297003647846,-0.4101797967942449,0.0,-0.013845293280216331
1785942422810837413,10.53488681167185,0.5523565793405073,-2.9498342923719205,-0.41020467616740564,0.0,-0.013846865458868811
1785942422845977591,10.55328800222583,0.555905936349873,-2.953799587709524,-0.3868243238069619,0.0,-0.05751624879449977
1785942422895865027,10.572305091737906,0.5595197811088733,-2.9566787448700382,-0.38680098703315613,0.0,-0.057520263408122684
1785942422948002279,10.590988691601545,0.5630001011588838,-2.96170954932519,-0.3824566774926682,0.0,-0.0862811315854152
1785942423018846208,10.611687132095456,0.5658805867303379,-2.96659592384307,-0.382452342933387,0.0,-0.08628377461976591
1785942423062133485,10.633816743331824,0.5691487253227473,-2.97404526187773,-0.4062133262969121,0.0,-0.1235638181892683
1785942423099528022,10.654046871787054,0.5725703170931906,-2.9802858747255656,-0.4062370426141191,0.0,-0.12356724536339603
1785942423146037727,10.6736675173264,0.5757619427374318,-2.9864850501866513,-0.40301997352254937,0.0,-0.12463574018687029
1785942423200261588,10.693643954740976,0.5788855276149238,-2.9927380543554083,-0.403016792349755,0.0,-0.12463583749942761
1785942423260082050,10.716275556910468,0.5817447592798458,-3.002124255540625,-0.4055341423613143,0.0,-0.16510849573298042
1785942423310856753,10.7385253306559,0.5844715136435086,-3.0104818515118117,-0.4055366699852288,0.0,-0.16511223866735084
1785942423346541111,10.75808862670944,0.5870486602828294,-3.018895437832344,-0.39833762894296526,0.0,-0.16724612685031393
1785942423397555951,10.777863491820865,0.5894872242088547,-3.0272614110494094,-0.3983304197843668,0.0,-0.1672463236666305
1785942423461787784,10.795531799654876,0.5920136759138189,-3.0384123372530203,-0.3961627333011246,0.0,-0.21091433344017066
1785942423517998857,10.813649961108098,0.5941898294829013,-3.048694670771733,-0.39616057038995817,0.0,-0.21091834656135627
1785942423546655584,10.83306399012648,0.5959842986623349,-3.061229097216603,-0.39219752436548183,0.0,-0.2375490714641316
1785942423597589493,10.85262640498127,0.5975597874448974,-3.0731167737931018,-0.39219356815804834,0.0,-0.2375515200197192
1785942423649062527,10.87208122086485,0.5988941479654644,-3.0849142266703704,-0.39074929397724084,0.0,-0.23648889525732572
1785942423714625099,10.890206204663832,0.6001132454149349,-3.096463657378721,-0.390747852778658,0.0,-0.23648879759415212
1785942423762582061,10.909163805445118,0.6010410445609231,-3.108628523167714,-0.3929068832254227,0.0,-0.23968390507425547
1785942423797092070,10.92836404629394,0.6016741952032504,-3.120347432229166,-0.39290903733885973,0.0,-0.23968419868495655
1785942423848182817,10.948546454600866,0.6021062804028671,-3.1321688904529625,-0.4001128065695339,0.0,-0.23755436051757037
1785942423899952823,10.968790496993515,0.6022970701000055,3.1389971844594586,-0.40011999426192807,0.0,-0.2375541647895798
1785942423960892688,10.987722037379594,0.6025138746906358,3.1277928017759553,-0.4004872698998752,0.0,-0.23542383279887114
1785942424018215996,11.0070251678712,0.6023757405071803,3.1162481365761763,-0.40048763216611216,0.0,-0.23542363926781815
1785942424046711244,11.027016924941913,0.6018667372938535,3.104158209937935,-0.4001279176578706,0.0,-0.23968369973326775
1785942424096675708,11.047011274885818,0.6011179088858498,3.09217276728223,-0.4001275543719421,0.0,-0.23968409600458157
1785942424160128054,11.064914381520344,0.5993446047222585,3.0804417710473695,-0.390405020909484,0.0,-0.22583859872448986
1785942424211009577,11.08324947166351,0.5976602277229126,3.0687100435846433,-0.39039531911763636,0.0,-0.22583732622452687
1785942424245790797,11.102524204996403,0.5962485432281773,3.0568611021891408,-0.38786505610347344,0.0,-0.23329153683573356
1785942424296315122,11.121852756399957,0.5946068701074447,3.045193307743429,-0.387862530641682,0.0,-0.23329222209307862
1785942424345650921,11.141691209276692,0.5926885601612054,3.0332107569864957,-0.3950616182286043,0.0,-0.23755318569217224
1785942424413768376,11.15990469089084,0.5897598725561893,3.020633525497773,-0.3950688022833178,0.0,-0.23755357732289345
1785942424459970134,11.178686304555656,0.5867785893316866,3.0080959532772074,-0.4029978519462792,0.0,-0.2418142513479185
1785942424495779649,11.1986606312656,0.5840961378008585,2.9960035320593446,-0.4030057235706807,0.0,-0.24181464092573396
1785942424548856970,11.218704818960797,0.5811548724023143,2.9835140544101635,-0.4044538973044032,0.0,-0.24714036194238276
1785942424598806553,11.23916831478511,0.5778928153904554,2.9708520700182106,-0.404455350284366,0.0,-0.24714085409341294
1785942424661417650,11.256659775295965,0.5729848091704878,2.9573776803267773,-0.40049571985381716,0.0,-0.246076268184538
1785942424713329102,11.274990037217771,0.5683787564314949,2.9442479048851466,-0.40049186423898425,0.0,-0.2460761727122438
1785942424745813304,11.29452331492994,0.5644750423902399,2.9323044842897117,-0.39652730122341495,0.0,-0.23968569371126167
1785942424796281403,11.313693511229964,0.5604033197616218,2.92045810455549,-0.39652325574094877,0.0,-0.23968509308689956
1785942424859418281,11.331001233370914,0.5544958580916108,2.9096972471551634,-0.3954389698258322,0.0,-0.20560230737472585
1785942424917780254,11.34866885614863,0.548845291408116,2.8985268085260967,-0.395437885760952,0.0,-0.2055991688556273
1785942424947199346,11.368278740741827,0.5439539270858782,2.883848371750493,-0.39147588848443954,0.0,-0.2577844321322662
1785942424996387971,11.386654522903052,0.5391099150743844,2.871333746352863,-0.39147194837046556,0.0,-0.25778921200718213
1785942425061934191,11.409719005502748,0.5320498383324817,2.858013195913229,-0.3939886238074702,0.0,-0.2332973674854973
1785942425114793551,11.43229702810398,0.5254607851219171,2.844860607453895,-0.3939911115337902,0.0,-0.23329513768398666
1785942425144935550,11.451504504493878,0.5195851655027512,2.8325237261958054,-0.4001148435225647,0.0,-0.24287850587641488
1785942425198968300,11.4706183874201,0.5134820859510293,2.8203444301937974,-0.4001210136940242,0.0,-0.2428793952487749
1785942425245817891,11.490042675005732,0.5070147847058468,2.807431754383741,-0.40696870755570436,0.0,-0.2535309864886888
1785942425324274050,11.513927203807553,0.4976117962295198,2.791246822869324,-0.40697554595847224,0.0,-0.2535319662091085
1785942425364929289,11.5362134049702,0.48941228194956254,2.7786008514850375,-0.39690017719856996,0.0,-0.22690622905686736
1785942425396829117,11.554777339609343,0.48236127454330213,2.767247753713691,-0.39689009910504597,0.0,-0.22690377605605971
1785942425445874889,11.57271359490073,0.4753111931263994,2.75574530639964,-0.3893183282141216,0.0,-0.22903145478199202
1785942425497388981,11.590754877571719,0.4679826546724827,2.7442890218575844,-0.3893107723730354,0.0,-0.2290316503366402
1785942425560794125,11.614949113559609,0.45869622518335634,2.729251418243845,-0.39434434205717567,0.0,-0.24394281295219822
1785942425614324007,11.637940349919901,0.4499902419805222,2.7156664531186134,-0.39434936454140274,0.0,-0.24394418329955722
1785942425647804440,11.655858529114413,0.441858332652942,2.703158232046999,-0.39399430749965403,0.0,-0.24820583205734456
1785942425696778945,11.673755702638474,0.43346689482297246,2.69070562322054,-0.3939939532150602,0.0,-0.24820622371667322
1785942425746780722,11.691847753826588,0.42473009750232865,2.6811266959347915,-0.4001150054938138,0.0,-0.2109291954808971
1785942425813012120,11.715656524103407,0.4159606673903776,2.670012720303968,-0.40012109781335153,0.0,-0.21092577826385
1785942425863558494,11.738841456006037,0.4068579510283041,2.6604233330525546,-0.4008473455960422,0.0,-0.19068606637011115
1785942425896830055,11.75624280086782,0.3977727487422423,2.651085341164728,-0.4008480720426101,0.0,-0.1906842017008828
1785942425944628387,11.774323201866855,0.38814343118890776,2.6447754247245614,-0.4069701668005269,0.0,-0.14807957985066872
1785942426026106648,11.797114525379703,0.3786320101899192,2.6378758911655447,-0.39780492740312906,0.0,-0.10866422630363318
1785942426062878568,11.818836748580464,0.36919132405507704,2.6321464611863354,-0.39779347697483985,0.0,-0.10866059980890054
1785942426096168242,11.83624252541079,0.35946790618576246,2.627126287590382,-0.3977820338900209,0.0,-0.0916158694637281
1785942426144985557,11.853527774044027,0.34969764061396624,2.6225533672848584,-0.39778201964759075,0.0,-0.09161430555093543
1785942426200136238,11.870776351943089,0.33984376111252096,2.618823998079464,-0.3968815024826773,0.0,-0.05753055642877594
1785942426264759733,11.890623536939415,0.32994642716849604,2.615806676214139,-0.39688075228168396,0.0,-0.057527417883400496
1785942426315028529,11.910034999100285,0.3200057231821759,2.6141203377972,-0.39832031869569107,0.0,-0.006400989090330704
1785942426347161486,11.927257720852614,0.30997303256704584,2.6138003891439503,-0.39832175599772723,0.0,-0.00639628834533055
1785942426397870970,11.944426131440906,0.29996462290584897,2.6140139585488527,-0.39688287450860643,0.0,0.014909786772019037
1785942426447165840,11.961569011275794,0.289975998050324,2.614759467136281,-0.39688143910252055,0.0,0.014911744397942853
1785942426518044138,11.972257343456842,0.27999017475513377,2.6159677437818827,-0.389678393173501,0.0,0.029824662701149217
1785942426561292597,11.983837330856296,0.27012516342198545,2.6175170550033284,-0.38967120390581067,0.0,0.02982603360817642
1785942426596549419,12.000567647556359,0.26045527991923173,2.6199407444253975,-0.38318256784999083,0.0,0.06710480202244348
1785942426646036040,12.01717579376666,0.2509096280232121,2.6232957680977815,-0.38317609206829395,0.0,0.06710822873108344
1785942426710165725,12.026889728716608,0.24114326099373248,2.6277156041926157,-0.40261392605000224,0.0,0.1054541243908742
1785942426761946515,12.038350603490786,0.23112119204197973,2.633036958974285,-0.40263334067551665,0.0,0.10545765197594802
1785942426797500020,12.055809008528737,0.22138877223785858,2.6394354072068644,-0.3961712811393275,0.0,0.15019408532518685
1785942426846049517,12.073140377557966,0.2118720019748602,2.6469318673664652,-0.39616484855837486,0.0,0.15019818689834966
1785942426927806764,12.090358116173054,0.20258493919297973,2.6547473593106554,-0.3849959205913201,0.0,0.16191803493591525
1785942426962942429,12.102919431039368,0.19283770190770422,2.6621651003822446,-0.3849847731762267,0.0,0.16191911229765216
1785942427016655678,12.116887156717054,0.18308039028292203,2.6714622322545485,-0.40441834724578446,0.0,0.2247593557017497
1785942427045322997,12.134712818573906,0.17402263521287203,2.6825742345185977,-0.4044375577056253,0.0,0.2247650769695431
1785942427107970224,12.153018280850606,0.16497557704797197,2.694049724177796,-0.41237836545427325,0.0,0.2343563932308403
1785942427144816195,12.171605267481768,0.1560532964716024,2.7057664892999655,-0.41238637981625753,0.0,0.2343572848270369
1785942427220064839,12.184981257667374,0.14673116648025822,2.7181695965429253,-0.40483241061368475,0.0,0.28654670831274687
1785942427272855588,12.198559320487169,0.13824967184424267,2.7317217436145516,-0.4048250120893004,0.0,0.2865514160752674
1785942427302334394,12.217392144841643,0.1300672349339515,2.746141655079788,-0.3994163778496209,0.0,0.27803556333175516
1785942427352418158,12.235704337603408,0.12242297066556432,2.75995514378317,-0.3994109936103269,0.0,0.2780347825318847
1785942427404026909,12.253911111673874,0.11511636573408614,2.7737877629381247,-0.39688515409230457,0.0,0.2833593325939329
1785942427461023197,12.267583581175355,0.1071325823609278,2.786694649471073,-0.3968825800867665,0.0,0.28335983237534834
1785942427514851683,12.28222814359324,0.09973965005027445,2.7992552595951694,-0.39435943837938425,0.0,0.24821307750872468
1785942427547873474,12.300799038644994,0.09312155919407686,2.8116638564953496,-0.39435692023460406,0.0,0.24820984677536168
1785942427596690597,12.319500532533102,0.08671731640625194,2.8239383685071413,-0.3965148828356701,0.0,0.2428812648410245
1785942427645274111,12.338337798955184,0.08052384634273022,2.836084482315182,-0.3965170372814896,0.0,0.24288077485868423
1785942427699179528,12.356979585181524,0.07464457584000851,2.8477497274864847,-0.38535669551170976,0.0,0.22370905419022816
1785942427759230142,12.377898835961869,0.06709790066569857,2.8579341080931586,-0.3853455600389955,0.0,0.22370729234035308
1785942427820757230,12.399713518689186,0.0597836931034266,2.8697006539122287,-0.3892957502666627,0.0,0.24820236390794845
1785942427848890160,12.417387300304547,0.054856311179105284,2.881398596982972,-0.38929947234138945,0.0,0.24820448949350732
1785942427895411482,12.436391053450404,0.0497969470980585,2.894232721462532,-0.3979441030989856,0.0,0.266312589329269
1785942427947129870,12.456095112115205,0.04482104743657706,2.907832732531395,-0.39795324054938785,0.0,0.26631435242104
1785942428012972324,12.473260173618327,0.04188513570569825,2.9228720530147148,-0.4076845684833651,0.0,0.28442228872162717
1785942428063157981,12.491270575659563,0.0384115705311844,2.937950896103092,-0.4076942753820416,0.0,0.2844239523401306
1785942428096061495,12.51115013422273,0.03430636061740141,2.9519089464114687,-0.40410318388906186,0.0,0.2737749132549768
1785942428149296710,12.530993993454072,0.030496501835448393,2.965598560701739,-0.404099599199958,0.0,0.2737739341879096
1785942428233089524,12.550382033941677,0.03031934650728041,2.9832017369362998,-0.3983342531465932,0.0,0.2673824979833501
1785942428265329461,12.569794270824111,0.029013407571524905,2.999255465349746,-0.39832872995593377,0.0,0.26738193407523053
1785942428298884809,12.587544531624761,0.026469683595079025,3.010956258308228,-0.39688299320890613,0.0,0.2535355834126707
1785942428347096661,12.60721962541126,0.023884678164947805,3.023633030694074,-0.3968814985661038,0.0,0.2535342648867905
1785942428397288525,12.626874994307615,0.021555327083810867,3.0363116951217095,-0.3947195267364491,0.0,0.25353294635215345
1785942428459135017,12.646187982567088,0.02120683639759527,3.0510272490555583,-0.39471736943060975,0.0,0.2535329462309737
1785942428513222873,12.665416136426224,0.02042282574611769,3.065308343550244,-0.3965156060811996,0.0,0.26737882226264964
1785942428545070954,12.685191346029029,0.01891135447369484,3.0786820823571053,-0.3965174022416904,0.0,0.2673800960479273
1785942428596426000,12.705034776874701,0.017661340161450014,3.0919523866386327,-0.3983196047007876,0.0,0.26312110572879654
1785942428659931276,12.724414956019029,0.020461327347873686,3.1091709079707535,-0.39832140162353646,0.0,0.2631207146101049
1785942428711583421,12.74348499182905,0.021970777506200564,3.124546626569665,-0.3972429547771024,0.0,0.25992511861582956
1785942428746723311,12.763350700101238,0.021632113575183996,3.1375471318089403,-0.3972418782968676,0.0,0.2599248248264126
1785942428796921479,12.78309743466306,0.021552235511707717,-3.1323265691951496,-0.39291983723571183,0.0,0.272705350926347
1785942428845506689,12.802743862574497,0.021734288206386197,-3.1186901006035423,-0.39291552378476907,0.0,0.2727065257198609
1785942428912173720,12.823022098011238,0.027406991026982224,-3.0997716415403147,-0.3939914486923581,0.0,0.2684474072838072
1785942428963073676,12.842808637056855,0.031273450811491924,-3.0833578943681346,-0.39399252238501,0.0,0.2684470158173987
1785942428995912484,12.862504906546745,0.032421753265582484,-3.07007290643607,-0.39543391910732684,0.0,0.26312130275858975
1785942429046225281,12.882228418382242,0.03383478319285953,-3.0569153748169215,-0.395435357879184,0.0,0.2631208131340986
1785942429100007557,12.90196377471666,0.03550992299669844,-3.043787076554148,-0.3968771202730684,0.0,0.26205523531328984
1785942429163531810,12.920943370885752,0.043437978643604325,-3.024828474337225,-0.39687855911402264,0.0,0.2620551373685599
1785942429215750633,12.93968400501964,0.04924149186541907,-3.0084592747777315,-0.3979602361792617,0.0,0.2652502444107642
1785942429245745203,12.959403359854937,0.051882417395916425,-2.9951985269901558,-0.39796131567970633,0.0,0.2652505380995955
1785942429297769523,12.97924140861737,0.05480751295228582,-2.98166563295276,-0.402283378554508,0.0,0.27483645055154876
1785942429345126237,12.999060206776791,0.058004374858247804,-2.96795074092505,-0.40228768263028863,0.0,0.2748373297712358
1785942429418960874,13.028096253179548,0.059950811101401595,-2.9522203863806253,-0.39833112396624065,0.0,0.2705779472674404
1785942429468431078,13.055252180620737,0.0620545466422699,-2.9375213046574213,-0.3983271670110232,0.0,0.27057755492196184
1785942429499446232,13.074848397953549,0.06611002541989659,-2.9242145280607805,-0.3979631211498245,0.0,0.2588613905351125
1785942429545478639,13.094182937256855,0.07038040690433026,-2.911335030357813,-0.3979627596028144,0.0,0.2588603188502044
1785942429605985463,13.1135131977181,0.07491171595172566,-2.898232290901955,-0.39616201851987126,0.0,0.2652496514103729
1785942429662821265,13.139212923448932,0.07805657306356004,-2.8840741366205114,-0.3961602126518571,0.0,0.2652502415718814
1785942429713928941,13.163733107511723,0.08159677505543467,-2.8705543862876377,-0.3939979229358881,0.0,0.25247001100456656
1785942429746496795,13.182710301466603,0.08687008672878556,-2.8579332155020416,-0.393995765713858,0.0,0.252468836658213
1785942429799245078,13.20159711639264,0.09237598767718173,-2.8451775582909993,-0.38967260972478,0.0,0.25566286961491363
1785942429846712421,13.220152010656559,0.09804288857675712,-2.83244841117905,-0.3896683122551843,0.0,0.2556631620469922
1785942429910279812,13.238624256667078,0.10626110816706133,-2.8173660427143825,-0.39056376063043335,0.0,0.2535333393193024
1785942429959685630,13.257017910203885,0.11383199996796886,-2.8033522067063905,-0.39056488206043044,0.0,0.25353314273268407
1785942430005867003,13.277205521197468,0.12093315981173376,-2.7887592392067453,-0.3947689361735547,0.0,0.28442042741751805
1785942430050644162,13.294052619874147,0.1271369822995465,-2.7758245251412794,-0.39477213116697984,0.0,0.2844230216230265
1785942430122357916,13.312623138810324,0.13776421047125592,-2.75794219778177,-0.40659933639096274,0.0,0.28123037686831165
1785942430160616454,13.326667034260131,0.14595065040169572,-2.7448710620104575,-0.40661046030212006,0.0,0.2812301003719754
1785942430199194172,13.346193450632613,0.1541309486427098,-2.730987610084367,-0.3996329849457736,0.0,0.26206455632976255
1785942430247521645,13.363449711283314,0.16164348811637916,-2.7186446609071706,-0.39960956737971504,0.0,0.26205979904894044
1785942430302277878,13.381679110460805,0.16985486326836627,-2.7047285519915225,-0.3997660804441794,0.0,0.27270575320921026
1785942430362735516,13.397976199445282,0.1797941295071735,-2.6902522694635036,-0.39976623582554444,0.0,0.27270672688023084
1785942430413368806,13.414085708944672,0.18944955072269898,-2.676688807286284,-0.3940051257785435,0.0,0.2641871454942563
1785942430446677040,13.431692098791503,0.19828041746629974,-2.6634812935102876,-0.39399937073560115,0.0,0.26418636163475356
1785942430496386230,13.449187966394126,0.2073493669579618,-2.649947564765625,-0.3939936156749355,0.0,0.2684458416151656
1785942430547361997,13.466551215015295,0.21664744175194012,-2.6365276588308464,-0.3939936099347972,0.0,0.26844623291114433
1785942430596345654,13.484003237034418,0.22629776722493197,-2.622786141305791,-0.39723432585783325,0.0,0.27270691751391507
1785942430664590666,13.504117910065013,0.23710006158517824,-2.608104472810787,-0.39723755953177203,0.0,0.2727073090856525
1785942430714533913,13.523909747726773,0.24803185352372614,-2.594225024175163,-0.4012016864093493,0.0,0.26738234884845935
1785942430746435341,13.541022803314632,0.25846206784348263,-2.5808689436628036,-0.40120564162448125,0.0,0.2673818595030012
1785942430796914897,13.557761117236367,0.26896969046351304,-2.568121272559322,-0.3968886463542523,0.0,0.2588608161998803
1785942430850628178,13.57451237683875,0.2797889495269197,-2.5551147056927817,-0.39688433089045627,0.0,0.25886003165679217
1785942430918063110,13.593048609810555,0.29325630380465345,-2.53952824837209,-0.39477881482782406,0.0,0.2631195451725269
1785942430960376685,13.607030678711121,0.3037623349389926,-2.5278622138383477,-0.3947770743639839,0.0,0.2631199342605042
1785942431000465790,13.624103662132933,0.31579078036690844,-2.5138375655532417,-0.3928258132724389,0.0,0.26312032334891344
1785942431045086271,13.639004945424961,0.32660437798592956,-2.5015050970487116,-0.3928234091151955,0.0,0.26312032338423896
1785942431097664372,13.654797446252239,0.33836012646415803,-2.488865590358404,-0.393991282881409,0.0,0.2567299046469012
1785942431163530348,13.668805584672446,0.351525564894322,-2.475579514412977,-0.3939924394056505,0.0,0.2567293216498279
1785942431214398654,13.683173654222223,0.3649086576948906,-2.461467533650597,-0.39975489009483667,0.0,0.27057461960420504
1785942431247942642,13.69871385675444,0.3774786284299252,-2.4479392628329992,-0.3997606350720117,0.0,0.2705758909374507
1785942431297148356,13.714090003614677,0.3902590086103984,-2.4349652628304796,-0.39976638594664815,0.0,0.2631216986118735
1785942431361990548,13.72929470673067,0.4032389780647453,-2.42180712909872,-0.3997663917056493,0.0,0.2631210110791422
1785942431416935653,13.743859000929445,0.41718331555220245,-2.4072446244441017,-0.39976639746469483,0.0,0.27377099773886293
1785942431463580052,13.758363123916553,0.4311132668431658,-2.393193413444035,-0.39976639747043985,0.0,0.27377197624991645
1785942431496773882,13.772817396734172,0.4445192359088341,-2.3815043356407406,-0.39616559058426404,0.0,0.24714624094691615
1785942431546151571,13.78717228375383,0.4581652719153525,-2.369148479929023,-0.39616199747999314,0.0,0.24714379386608717
1785942431599472772,13.801004720854404,0.4716526129475252,-2.3561534304776335,-0.3896769551480335,0.0,0.2556618879769143
1785942431660439390,13.81360540800627,0.4849174224255657,-2.3436734459239927,-0.38967048119949194,0.0,0.25566267118274943
1785942431709892026,13.826314715895018,0.49856847378443725,-2.3315608341086183,-0.3918244901084969,0.0,0.2492730442876973
1785942431745364568,13.839823301835093,0.5127595360376604,-2.3190965810152746,-0.39182663955085906,0.0,0.24927245702753964
1785942431811016712,13.853319374728144,0.5273006767925748,-2.305991185295308,-0.3950695198368496,0.0,0.2577924259255346
1785942431845181299,13.866567400173883,0.5419504373644777,-2.2931029550848048,-0.39507275702891204,0.0,0.25779320926963695
1785942431915307376,13.879190962180264,0.5579751590829832,-2.2783808429697006,-0.40227760734596935,0.0,0.27377001778719523
1785942431966445645,13.891633899170783,0.5738159593300748,-2.2643284659167273,-0.4022847971148019,0.0,0.2737714862290174
1785942431997561059,13.904323986410336,0.5890737572230539,-2.251555570222729,-0.4026520827472525,0.0,0.2641873144093009
1785942432046803446,13.916996416968438,0.604720315907621,-2.238344980846311,-0.4026524440396917,0.0,0.26418644609882347
1785942432127876827,13.928142316811542,0.619499115722578,-2.2250008062834405,-0.395811467841994,0.0,0.2695109149313272
1785942432163203188,13.939640527546768,0.6350765388397807,-2.2113524394228103,-0.39580454012465155,0.0,0.2695114115657214
1785942432207362851,13.953643112514056,0.6538266888783506,-2.1984096950375376,-0.39471732157496875,0.0,0.23329940410249173
1785942432246115360,13.962782809396504,0.6664250671319681,-2.1892105624252203,-0.3947162627470212,0.0,0.2332961560808146
1785942432295768259,13.97416019859337,0.6824050915329152,-2.1784567550477156,-0.39327483033775334,0.0,0.22157712833679674
1785942432382714540,13.983447487959781,0.6978265624870508,-2.167572299139397,-0.3932734138575854,0.0,0.22157606768570975
1785942432405530624,13.993616434891406,0.7145981083039677,-2.155866559693961,-0.3932734138575854,0.0,0.22157606768570975
1785942432445787607,14.003997354109162,0.7302232498047354,-2.14688221065353,-0.3968728093258828,0.0,0.2109243187876504
1785942432511141467,14.015022221035931,0.747159329226317,-2.139021617394155,-0.4015610842570923,0.0,0.17577506284027403
1785942432551176426,14.025823955918254,0.7640775299535684,-2.1302359848659624,-0.4015657392863305,0.0,0.17577184607279667
1785942432599493594,14.03645026007075,0.781006262602595,-2.124779986552539,-0.39940990616555483,0.0,0.13103574504428067
1785942432661109741,14.048267436969791,0.7987967001276427,-2.1186975153237086,-0.39940775455254485,0.0,0.13103163275164653
1785942432712976262,14.059631528231748,0.81667880534395,-2.111897436209649,-0.3979652793220188,0.0,0.13741793044765463
1785942432746788548,14.06987865592193,0.8337309995390179,-2.1050277920714517,-0.39796383976756405,0.0,0.13741851745792147
1785942432797870431,14.080333555507648,0.8513397918767603,-2.1027878695588016,-0.4055240923585694,0.0,0.0756451328682148
1785942432845161095,14.090616429864658,0.8688099563353037,-2.0990073287594604,-0.40553163998180203,0.0,0.07563945281520959
1785942432912143210,14.097731779626454,0.885304833342064,-2.0967452574053627,-0.3947367563751562,0.0,0.05433240236028221
1785942432968861920,14.105373165442233,0.9021610483459052,-2.0939711484762604,-0.39472598688957566,0.0,0.05433044452173564
1785942432999218456,14.114691166922075,0.918280301785822,-2.0941311529623796,-0.37995191732668987,0.0,0.015986015016791637
1785942433047773905,14.124306869520662,0.9349453321696587,-2.0933220100587087,-0.37993717434253466,0.0,0.015982490786481507
1785942433103606692,14.130449124869186,0.9455679426620719,-2.0961769378350845,-0.29278078746340624,0.0,-0.03301430023421517
1785942433173936616,14.135789132508132,0.9584748189305231,-2.0972337314273526,-0.29269487875935135,0.0,-0.0330187483151976
1785942433212550880,14.13559057586284,0.9610196012160891,-2.0996452094580915,-0.13381739751272168,0.0,-0.04793412120545604
1785942433254063433,14.138957661695159,0.9667814231353277,-2.102043049699354,-0.13365686172011207,0.0,-0.04793550933596015
1785942433301064581,14.13477054600092,0.9596554584043789,-2.0990841710914943,0.06526818685310601,0.0,0.023422699650124335
1785942433361659025,14.131035575599332,0.9572028864337682,-2.097406130321349,0.06546669536026294,0.0,0.023429258237917038
1785942433417558535,14.127594021471804,0.9546103021959792,-2.0954880822402338,0.06710552799087718,0.0,0.028761159710288607
1785942433448536983,14.125912384414109,0.951704959747081,-2.0940493458468,0.06710716249473095,0.0,0.02876164950013704
1785942433496248175,14.126614296085316,0.9529188664583835,-2.0934098353037305,0.0,0.0,0.0
1785942433547771323,14.126524654886369,0.9527632389688366,-2.0925005445738067,0.0,0.0,0.0
1785942433610459768,14.126263256562101,0.9531325422542158,-2.0930205771443,0.0,0.0,0.0
1785942433660173022,14.125962349840885,0.9534399907214666,-2.093043081523473,0.0,0.0,0.0
1785942433696715269,14.12596685674616,0.9534478324235444,-2.093920630721194,0.0,0.0,0.0
1785942433745785394,14.125966861253627,0.9534478402886571,-2.0945065750442766,0.0,0.0,0.0
1785942433803363561,14.126242778130216,0.9539258320700152,-2.0942137169746204,0.0,0.0,0.0
1785942433884907552,14.123695683549215,0.9551348090308197,-2.092847012658687,0.0,0.0,0.0
1785942433905262261,14.121720499765566,0.9562223593991648,-2.0920418866644073,0.0,0.0,0.0
1785942433947569596,14.122719518153502,0.9579594713958188,-2.092041800038077,0.0,0.0,0.0
1785942434008329902,14.12197644564614,0.9566655899134064,-2.091796134521714,0.0,0.0,0.0
1785942434047858953,14.121670684452596,0.9561328041821928,-2.0916363218438185,0.0,0.0,0.0
1785942434148509444,14.127966625964124,0.9634791225741609,-2.092250436113189,0.0,0.0,0.0
1785942434182058328,14.132774739169376,0.9695884301018203,-2.0924421209640003,0.0,0.0,0.0
1785942434199257426,14.132817574614865,0.969662992389366,-2.092442127947139,0.0,0.0,0.0
1785942434249007354,14.132817588250248,0.9696630161364477,-2.0924421279473435,0.0,0.0,0.0
1785942434298178282,14.132817608408054,0.96966305120883,-2.0924421279476473,0.0,0.0,0.0
1785942434349817755,14.132817608437751,0.9696630512605005,-2.0924421279476473,0.0,0.0,0.0
1785942434398638846,14.132817608483526,0.9696630513401456,-2.0924421279476473,0.0,0.0,0.0
1785942434447636009,14.132817608483572,0.9696630513402256,-2.0924421279476473,0.0,0.0,0.0
1785942434499316827,14.132817608483617,0.9696630513403052,-2.0924421279476473,0.0,0.0,0.0
1785942434559064741,14.132926428803078,0.9698523866421376,-2.0924421279476473,0.0,0.0,0.0
1785942434622620228,14.132153136499674,0.9710794132218443,-2.0925547474183657,0.0,0.0,0.0
1785942434661190970,14.13295837476193,0.9749747269713879,-2.092156587533555,-0.1274866656867705,0.0,0.01597604127806531
1785942434702512219,14.136134171448719,0.9805039131910913,-2.091358554114824,-0.12760481640315718,0.0,0.015977503459341114
1785942434746863921,14.141502136670573,0.9898670197428749,-2.091059039176202,-0.30164413787993477,0.0,-0.004257361870498258
1785942434797374742,14.14895019021671,1.002867389592193,-2.091270459634761,-0.3018166947341077,0.0,-0.004259209678443749
1785942434845714502,14.158421139911328,1.0193905547318272,-2.0933868813634136,-0.46078228398758037,0.0,-0.0809458842967454
1785942434897269972,14.169929263122468,1.039369709715164,-2.097435661925471,-0.4609421821008578,0.0,-0.0809529889544695
1785942434946265310,14.181382103912785,1.059068012384291,-2.103216293803865,-0.4502996488541548,0.0,-0.15018956583741883
1785942434996497656,14.192810378543857,1.0784651687943105,-2.1107260019020537,-0.4502890327345991,0.0,-0.1501959269460645
1785942435045697354,14.203885404231261,1.0969439929872298,-2.118844349328184,-0.41210992704047156,0.0,-0.17469885189217974
1785942435103527274,14.214627902614751,1.1145424340635086,-2.127586021865314,-0.4120718014380153,0.0,-0.17470110554073312
1785942435147394286,14.22543031642109,1.1318960690411015,-2.1370185999109323,-0.4051921322501747,0.0,-0.2023951519669834
1785942435200884006,14.236292799031819,1.1489847991531128,-2.147133460795227,-0.40518527489420725,0.0,-0.20239769441098876
1785942435247001473,14.24726844492205,1.1658718205671366,-2.1563164669394173,-0.4008574556746485,0.0,-0.16512284245111952
1785942435303996353,14.25834822201657,1.1825812135156353,-2.1645750389946277,-0.4008531321328741,0.0,-0.16511941268821215
1785942435351244775,14.269277562815006,1.1987717768643809,-2.1734658347294515,-0.381044391342025,0.0,-0.1906776365647563
1785942435399833698,14.28008117016365,1.214473248295969,-2.1830041429030227,-0.38102461761590317,0.0,-0.19067998641033226
1785942435448091887,14.290501579950659,1.2293126412090456,-2.1919404569333345,-0.3453569245523336,0.0,-0.16725083139185537
1785942435495761158,14.30055939548063,1.2433669694999374,-2.2003112158077367,-0.34532130108317627,0.0,-0.16724867615383365
1785942435546024961,14.311117047833386,1.2578618518938005,-2.2105078107612184,-0.37229173377628555,0.0,-0.2407362548701889
1785942435614818794,14.320554321677069,1.2623172562367904,-2.232582331422854,-0.37231864127280656,0.0,-0.2407430075456489
1785942435660920548,14.330075201325673,1.2715469813353568,-2.2485318502015983,-0.4425612755468939,0.0,-0.2535305954383701
1785942435699397879,14.343963592802972,1.2888013375762941,-2.2612177298977603,-0.44263136577626183,0.0,-0.2535317706660531
1785942435745326602,14.357653061363278,1.305373595582478,-2.273379049568033,-0.4160553844905437,0.0,-0.23223154619971098
1785942435796732466,14.371072426367531,1.3212223600353963,-2.284971548240936,-0.41602891799367253,0.0,-0.23222959246099548
1785942435865838087,14.381649791197574,1.3307029814330602,-2.299484035203366,-0.39727829830325884,0.0,-0.2588543472752426
1785942435916783133,14.393220936010863,1.3419466637251327,-2.3142852498666775,-0.3972595677136452,0.0,-0.2588567968968336
1785942435944923295,14.406002532263505,1.355847160100268,-2.325975625294922,-0.40372231530827385,0.0,-0.2396880081055767
1785942435996765335,14.419843269144005,1.370550740648355,-2.3379637462904226,-0.40372874953712884,0.0,-0.23968625038879246
1785942436049209095,14.433767222278926,1.3849918681632318,-2.349191484161547,-0.3994142238296914,0.0,-0.209862577613571
1785942436117265299,14.445436601084031,1.3948076304311279,-2.3609277772877433,-0.39940991554142663,0.0,-0.20985983471289493
1785942436170278169,14.457349627008565,1.405307810162964,-2.372646583788186,-0.37780022693100285,0.0,-0.23009344206568905
1785942436218344575,14.473549904932774,1.4209836023028535,-2.386377208418996,-0.3777789329538785,0.0,-0.2300952783860851
1785942436245623456,14.48465753857047,1.43144018702677,-2.3958928159585513,-0.3871202353527478,0.0,-0.24394307572524102
1785942436305753850,14.500291140094257,1.4458793259287572,-2.409302883017516,-0.38712931008303886,0.0,-0.24394431470116387
1785942436365559655,14.51193261134916,1.4551082191806046,-2.420705876271398,-0.40658312869309676,0.0,-0.2450106289430764
1785942436418797045,14.525759687032785,1.4662956903420188,-2.433203658681854,-0.40660234791923483,0.0,-0.2450107259684081
1785942436449680961,14.542029085049661,1.4802341983966274,-2.4457295074152947,-0.407341801649772,0.0,-0.23009971491603984
1785942436496211436,14.556860447199371,1.4926219635125517,-2.456645280709182,-0.4073425015764263,0.0,-0.23009841509125104
1785942436559387900,14.572388042137858,1.5048741130602774,-2.46871497243546,-0.39474173424353814,0.0,-0.26311392604575085
1785942436613193568,14.588044681005384,1.5168829778464417,-2.481884911552851,-0.3947284820011948,0.0,-0.2631171244227882
1785942436645441217,14.603692258471797,1.5290198318254937,-2.4945510546617347,-0.4040773377782571,0.0,-0.2482093549484703
1785942436696409784,14.61980886117429,1.5411966835423478,-2.5069583177630532,-0.4040866632512452,0.0,-0.2482079853240775
1785942436745689229,14.636028778291982,1.5531383755448187,-2.520018038911657,-0.40265566371643163,0.0,-0.27483330621330876
1785942436811508995,14.655488265417555,1.5659867864958683,-2.53683649376934,-0.4026542333309982,0.0,-0.27483575745707217
1785942436864032822,14.67385152032796,1.5786689480982272,-2.551858407850954,-0.39401085047668544,0.0,-0.2577971201273152
1785942436897803410,14.69020992650239,1.58961551318854,-2.5647371623895796,-0.3940022388986206,0.0,-0.2577955565860469
1785942436947049286,14.706476578702098,1.6001999424743265,-2.5768466650053052,-0.38283115800700895,0.0,-0.22690701023417562
1785942437013796480,14.723255279296172,1.6092986520814323,-2.5902559935034506,-0.3828199924307565,0.0,-0.2269041666804981
1785942437061142570,14.74005804099835,1.618832583065116,-2.603024991387101,-0.3896505295957848,0.0,-0.22690132311925595
1785942437097279938,14.756601659638033,1.628717137870128,-2.6142469562952084,-0.38965725829934367,0.0,-0.22690132286126424
1785942437149787348,14.774185174186508,1.6389570357218142,-2.626292866404254,-0.403347489127981,0.0,-0.24287739525432858
1785942437196123031,14.791234697041196,1.6486128231126091,-2.6380909210085646,-0.40336093023184566,0.0,-0.2428788398896336
1785942437263188509,14.81228987452479,1.661535131746639,-2.6517669078567865,-0.4037344344890122,0.0,-0.25885622353214294
1785942437313689506,14.832749286927376,1.6738359664377114,-2.6653724042014213,-0.4037348181255014,0.0,-0.2588577351076635
1785942437345169317,14.850762843481645,1.683127654397147,-2.678155946151418,-0.4069759287758666,0.0,-0.2524688366407681
1785942437400048627,14.86898012271636,1.6922314934545004,-2.6907894876053335,-0.4069791631538531,0.0,-0.2524682494223734
1785942437459528308,14.888164488648869,1.6999821727741828,-2.7057984742548076,-0.4030215114544775,0.0,-0.26950877560656195
1785942437511650199,14.906921185511711,1.7079228248985248,-2.720438320298613,-0.403017562111916,0.0,-0.26951034180570316
1785942437548927579,14.925157952943554,1.7160921195072834,-2.7334902735275164,-0.39617207183843556,0.0,-0.25247079431742553
1785942437598057483,14.943600669375662,1.7240663238141494,-2.7462951537472198,-0.39616524134042547,0.0,-0.2524692283506531
1785942437645800324,14.961528315942415,1.731546833432231,-2.75815446548351,-0.39327777550667475,0.0,-0.23010123167494492
1785942437715888895,14.981494851104076,1.7368528582566098,-2.7726979167492694,-0.3932748909135543,0.0,-0.23009917354677548
1785942437760542241,15.000696189615853,1.7427505545889808,-2.7861277766513126,-0.3900312785911682,0.0,-0.23968273069342838
1785942437798886191,15.018995460168505,1.7495438640783365,-2.798123174179141,-0.3900280420824829,0.0,-0.23968361144057673
1785942437846005104,15.0373220720249,1.7560982890727705,-2.810079668989811,-0.3885844855580492,0.0,-0.23861943362880553
1785942437913985722,15.057312110845201,1.7640689503245222,-2.8225271534081235,-0.3885830460985752,0.0,-0.23861933589247933
1785942437961841080,15.0772445529447,1.7716981273549275,-2.8355260056126634,-0.3979436866699815,0.0,-0.26950622526732765
1785942437996249645,15.09627670440396,1.777712212585046,-2.849043433000937,-0.39795303563705975,0.0,-0.26950906651866136
1785942438045156691,15.115447004001368,1.7834861497371506,-2.8621794660605273,-0.4055240717587525,0.0,-0.2577961468223689
1785942438098946007,15.134961634083929,1.7890852729865465,-2.8750852263607736,-0.40553162967208595,0.0,-0.2577950698891098
1785942438160875415,15.15339962285633,1.7918492118993434,-2.889301344836648,-0.4040988609609147,0.0,-0.2705748154118521
1785942438211860238,15.171974472575414,1.7949520217190615,-2.9034717704595976,-0.4040974325991679,0.0,-0.2705759888502689
1785942438235162708,15.191550001966894,1.7997035109938055,-2.9169597659606885,-0.4040974325991679,0.0,-0.2705759888502689
1785942438297107540,15.210769458828599,1.8041104035602709,-2.927930067056889,-0.3976145519436663,0.0,-0.23649496623803304
1785942438362225455,15.230611358419111,1.808415579276589,-2.940614009896593,-0.3943607343763111,0.0,-0.2588552385771407
1785942438412594958,15.251257409661642,1.8130695603381721,-2.95429618050645,-0.39435757475512256,0.0,-0.258857242593583
1785942438462079339,15.272434496020427,1.817678285734008,-2.967812050911598,-0.39903536616611307,0.0,-0.24714352013804536
1785942438496184629,15.29178036009416,1.8210744808000154,-2.9799768937287836,-0.39904007823401855,0.0,-0.24714243333757105
1785942438544758446,15.311487473670454,1.8242874819165034,-2.9927256656007635,-0.3997649322966547,0.0,-0.2631173398849692
1785942438614599424,15.33177476731999,1.824325719528202,-3.008216218271108,-0.39976566712097006,0.0,-0.263118831512979
1785942438660838336,15.352259314549688,1.8250432161912957,-3.0230013398563274,-0.4022870588704707,0.0,-0.2641853852536538
1785942438695237876,15.37184980925984,1.827377432571492,-3.0359574748608997,-0.402289527639325,0.0,-0.2641854814336511
1785942438749004279,15.39303018790545,1.8296231515731771,-3.0518308254147946,-0.3945283367576515,0.0,-0.2940015983046623
1785942438798563127,15.41111288164566,1.83125063185788,-3.065363039592687,-0.39450159351037184,0.0,-0.29400729485083543
1785942438858811029,15.431349540091418,1.8317252222200493,-3.077882830144545,-0.3947748743358303,0.0,-0.25460539682939987
1785942438910445638,15.451487099000257,1.8321975626008775,-3.0911661043185266,-0.3947751000080543,0.0,-0.2546017989038679
1785942438944667539,15.471606508355645,1.8332068664208405,-3.1050974653803407,-0.40011652248401625,0.0,-0.2705742242613636
1785942438996434377,15.491598522120858,1.8339368072575288,-3.1186255769167937,-0.40012185704518083,0.0,-0.27057569324766456
1785942439064623610,15.5111721384768,1.8337108376637021,-3.1302530929967523,-0.4001271916159458,0.0,-0.24182031643841134
1785942439113254454,15.530807769801447,1.8334081361889207,3.1406895643398767,-0.4001271969388639,0.0,-0.2418176737494968
1785942439145097384,15.550324470769704,1.8333900030476664,3.1288239143527736,-0.3932856721721687,0.0,-0.23861982617977626
1785942439195751955,15.569967225456748,1.8331391685884857,3.1169045321423936,-0.3932788431849796,0.0,-0.23861953218601833
1785942439244770814,15.590163808907679,1.8326315966773314,3.103296195697585,-0.4004736355108221,0.0,-0.2609856740790274
1785942439313076788,15.611580290449819,1.8312649718613683,3.088943132083682,-0.40048081412011194,0.0,-0.26098772944781373
1785942439361864822,15.632573669239951,1.829990210686342,3.0749204912843067,-0.3990476575127679,0.0,-0.26418498974890636
1785942439397286962,15.652476543016501,1.8286612707348966,3.0617145232213785,-0.39904622710758086,0.0,-0.2641852836629305
1785942439448826623,15.672342443226027,1.8270741163326814,3.048981978551711,-0.39868471742629047,0.0,-0.25779516781882234
1785942439514499087,15.692418959020339,1.8263323550002264,3.036278631136178,-0.39868435657792767,0.0,-0.2577945803423245
1785942439561205088,15.71202235099461,1.825242384575812,3.024244662537827,-0.39364286907915297,0.0,-0.24820837737170823
1785942439595779420,15.731569377363408,1.8229379885498713,3.0118338015253996,-0.3936378392562624,0.0,-0.24820749649080515
1785942439645249592,15.751426128633456,1.820345113216794,2.9989446716056887,-0.3982215478825439,0.0,-0.2545970254868613
1785942439701939661,15.771139734037682,1.8175137828694323,2.9862121273534776,-0.3982272650333881,0.0,-0.2545976128500306
1785942439763964144,15.7916942106344,1.81563409686852,2.974334727078465,-0.3986832410891798,0.0,-0.25353314178733694
1785942439817127419,15.812110228536827,1.8131299387370592,2.962093364599714,-0.3986836202168577,0.0,-0.25353304395754617
1785942439845001619,15.831145791011037,1.8096746041006655,2.9495892725929065,-0.3911223074560295,0.0,-0.2514027995908807
1785942439895959145,15.850361523485644,1.805939092625197,2.937006119595557,-0.3911147590788927,0.0,-0.2514026037557442
1785942439947581369,15.869609074901197,1.801944828153207,2.9242799405844293,-0.39254754023711375,0.0,-0.2535325545122554
1785942440012723317,15.889120702792221,1.798011840505317,2.9116841356289065,-0.3925489701299784,0.0,-0.25353275029301614
1785942440063049778,15.909462536033638,1.7935357818723339,2.8964714602427275,-0.3990318393076,0.0,-0.283354848521645
1785942440095522204,15.92843824683196,1.7887889846448748,2.8825817300794774,-0.39903831011069885,0.0,-0.2833575901340543
1785942440145656339,15.947741525393644,1.7836888734404936,2.870487847473796,-0.4004851253786058,0.0,-0.2567336080986264
1785942440206745937,15.967036911423971,1.7783257678467665,2.8576499233928785,-0.40048656181583675,0.0,-0.25673117354514
1785942440260591767,15.986198488332771,1.773440562425942,2.8438568288286388,-0.40372868857736727,0.0,-0.2780300673527219
1785942440328978225,16.005139781466916,1.768133547158541,2.8304359443425096,-0.4037319393212402,0.0,-0.27803203428910983
1785942440347170833,16.024667890763357,1.7618709818320017,2.818801789297858,-0.40337511668093695,0.0,-0.245016893345224
1785942440395449920,16.043468667289677,1.7555823229685519,2.8067603177946383,-0.4033747605538233,0.0,-0.2450138584573162
1785942440445539636,16.061743814737323,1.7492202669536696,2.7945111589523437,-0.39257197045446374,0.0,-0.2450108235691116
1785942440512037829,16.079490491266807,1.7422300796438037,2.782174073766898,-0.3925611944468819,0.0,-0.2450108232902806
1785942440560310515,16.096956306647083,1.7352135812329197,2.7702809933100006,-0.3882294542457699,0.0,-0.23968547150130387
1785942440607239501,16.115044489338885,1.7281705282632498,2.758296738497814,-0.3882251309267444,0.0,-0.2396849819704683
1785942440646164529,16.133325831464433,1.7207925529298027,2.745235380739946,-0.3914615380747627,0.0,-0.2535303997712681
1785942440711542229,16.149703746675666,1.7120659742984778,2.7318205586040136,-0.39146476899494154,0.0,-0.2535316728234551
1785942440759720352,16.166878781772827,1.7032100022018393,2.718684548008565,-0.39974984270153946,0.0,-0.2535329458756961
1785942440795349124,16.185118623086773,1.6950008972710744,2.7059993368642905,-0.3997581118274136,0.0,-0.25353294599272314
1785942440861137433,16.20417530025513,1.6861256528860038,2.691843889477506,-0.40948858507313324,0.0,-0.2705740324240588
1785942440935753636,16.227267095378487,1.6749782093822525,2.6749015321646215,-0.4094982867363823,0.0,-0.27057559732040865
1785942440940736901,16.24331456891427,1.6668933285228114,2.663028500703517,-0.4094982867363823,0.0,-0.27057559732040865
1785942441014762552,16.25911043485609,1.6604376985750477,2.6537879138114837,-0.40266331489293655,0.0,-0.25247022460067736
1785942441074085651,16.276754084796096,1.6525329929629509,2.641752931538227,-0.3886189756484967,0.0,-0.2471426516482465
1785942441096707711,16.29380513897062,1.6432214864020327,2.6293963804650784,-0.38860031157249836,0.0,-0.24714199907179216
1785942441145594885,16.3104963067404,1.633851567358085,2.6191903082839127,-0.38462075944546337,0.0,-0.21838450408048943
1785942441212911637,16.32806986497866,1.6247596615668292,2.6081792092974165,-0.384616786019636,0.0,-0.21838185948647573
1785942441261361098,16.346158809273387,1.6149999537459048,2.5941564175395095,-0.396135385310573,0.0,-0.25885180512064376
1785942441295534230,16.363055437190383,1.6047000615102849,2.581226255176968,-0.3961468827466021,0.0,-0.25885552570285225
1785942441344864493,16.380129387013902,1.5939842776725146,2.567724914397446,-0.4008394233295054,0.0,-0.26631474516965203
1785942441417155166,16.397370031653235,1.5828392600519157,2.554085720601283,-0.4008441039830242,0.0,-0.2663154304499487
1785942441460556207,16.416741499717986,1.572897864403997,2.5424278143296415,-0.40336947849146343,0.0,-0.25247014680611224
1785942441512123997,16.435811887688132,1.5623114852567068,2.529980683802319,-0.403371938704229,0.0,-0.252468904562536
1785942441545304546,16.452061339535867,1.5509098079063899,2.516862167802816,-0.39869357086565194,0.0,-0.25885804354603875
1785942441601905683,16.46837802790225,1.5391442474668555,2.503800926762763,-0.3986887878321057,0.0,-0.2588586452009687
1785942441648910512,16.484186212236565,1.5274356871781058,2.491895748369076,-0.3968844594662575,0.0,-0.24607840207062484
1785942441712186947,16.49977540179212,1.5158501498853978,2.4797299790476006,-0.39688223289898805,0.0,-0.24607723975244283
1785942441761369109,16.515032898325963,1.5041999819065808,2.4681271928482995,-0.39237757783039134,0.0,-0.23755555231096104
1785942441795947152,16.53036464382604,1.491966619914802,2.456252049243852,-0.39237379233981406,0.0,-0.2375547607418212
1785942441850111203,16.546145898131215,1.479056787334892,2.44295691489103,-0.39471053718929283,0.0,-0.25139986181127283
1785942441913091210,16.560227562998847,1.4668095330515036,2.430658257929965,-0.3947128701706798,0.0,-0.2514011347308922
1785942441964316523,16.575282380037887,1.453549572361736,2.4181135502475946,-0.39939623523113815,0.0,-0.2471421293876633
1785942442003531738,16.590171393877977,1.440398976644749,2.405821673785617,-0.3994009092861342,0.0,-0.2471417378975265
1785942442045579095,16.60472546638313,1.4272174480783755,2.3931431612843515,-0.3983253158458714,0.0,-0.25353178732522286
1785942442097275946,16.61931996982659,1.4136634638685666,2.3804655785096407,-0.39832425705257535,0.0,-0.253532366664968
1785942442159893764,16.63343309161628,1.4003961124148037,2.3680441324510633,-0.39472248352498107,0.0,-0.2503377484814777
1785942442213995220,16.647456230356497,1.3868799170684376,2.3555455067601967,-0.3947188433922335,0.0,-0.2503374511050092
1785942442244961059,16.66146103323041,1.372855171829059,2.342787008470581,-0.39579545272586975,0.0,-0.2535323585606506
1785942442295321730,16.675275534670973,1.3586651792598696,2.3301013600023346,-0.39579652745023686,0.0,-0.2535326523082008
1785942442363999399,16.6896993252647,1.3444746334346733,2.3184459123695285,-0.402999220352955,0.0,-0.24714252018723287
1785942442424218020,16.70362841696874,1.3301091147151534,2.3064301624608285,-0.40300640246719227,0.0,-0.24714193331522546
1785942442446184471,16.716747526295887,1.3156128876819968,2.294252431027692,-0.3954519092151034,0.0,-0.2450112150133499
1785942442496988647,16.729858754398723,1.3007677544160583,2.28198054059007,-0.3954443648925883,0.0,-0.24501101903040223
1785942442546444419,16.742534912199964,1.286053823100459,2.2698092623664268,-0.3907557631374721,0.0,-0.24394574972457958
1785942442621914095,16.755049956016876,1.2710130237716362,2.257438098576355,-0.3907510846318374,0.0,-0.24394565182069416
1785942442664045135,16.767579927496698,1.2556775949957784,2.245281571538559,-0.3936270520795426,0.0,-0.24181542230769382
1785942442696883655,16.779844641003553,1.2403386706496808,2.233216821755199,-0.3936299228647847,0.0,-0.2418152264592537
1785942442745605287,16.792072445322212,1.2246587863171525,2.2207182608420446,-0.3961533545320659,0.0,-0.24714036710953852
1785942442812658924,16.803648312725226,1.2097423513395145,2.208682402191547,-0.39615587334817354,0.0,-0.24714085667746213
1785942442861042015,16.815171431982826,1.1944193291724907,2.196584732244146,-0.3979588006748428,0.0,-0.2460762729736059
1785942442897296283,16.826845958041968,1.178264932046426,2.1842604051249213,-0.39796060018823315,0.0,-0.2460761751072126
1785942442947127430,16.838293146482783,1.1619885469129847,2.170376635986594,-0.398322480236512,0.0,-0.26737745987022743
1785942443009844676,16.849533266311333,1.145544097895977,2.157005725698233,-0.3983228408251851,0.0,-0.2673794147894833
1785942443061930469,16.860144234032308,1.1292339648025507,2.147300892146301,-0.40048259618950427,0.0,-0.22051836375760173
1785942443113216008,16.87060714841353,1.1127872392339058,2.136378678763094,-0.4004852930419355,0.0,-0.22051405114074013
1785942443147231726,16.881189431064755,1.0961474444687813,2.128060878694918,-0.39616702398781095,0.0,-0.18429740666987743
1785942443196245369,16.891649035466052,1.0793622746782026,2.1188605757089314,-0.39616271787128376,0.0,-0.18429407954804128
1785942443259788887,16.9013108555353,1.0627990933832976,2.111495905121936,-0.39579833274974185,0.0,-0.15340376405293762
1785942443312378828,16.911047041985388,1.0461888414591416,2.1035362461177396,-0.39579796889976643,0.0,-0.15340092311790463
1785942443345190083,16.92109208790384,1.0291807756640474,2.0981056358927264,-0.3954375257356754,0.0,-0.12357615727649525
1785942443398637978,16.9311423324301,1.0119214671337071,2.09186453720398,-0.3954371659706242,0.0,-0.12357341547417852
1785942443446568859,16.940955163785578,0.994838414806541,2.0866945868024773,-0.3968771513057004,0.0,-0.11078983122427756
1785942443510622060,16.949362151129876,0.9782641775324895,2.0808461959577906,-0.39687857465939236,0.0,-0.11078866742875168
1785942443560717185,16.958133569535562,0.961372859977015,2.078896723627772,-0.40156097551742925,0.0,-0.060729346428906726
1785942443601389353,16.967978135126998,0.9436944085009711,2.0758372344254568,-0.4015656848055651,0.0,-0.06072470924233155
1785942443646315925,16.977577393409415,0.9263675652466797,2.0754428327876533,-0.399409881192854,0.0,-0.025572772689843745
1785942443695946136,16.98725734115903,0.9088425884120108,2.074161367072386,-0.39940774204138424,0.0,-0.025569560110239614
1785942443759731231,16.996308372056912,0.8909924583146478,2.0739993820375013,-0.3943645084954872,0.0,0.0031904903681735375
1785942443811929253,17.005685807924472,0.8731966885493077,2.0735438533894275,-0.3943594608144135,0.0,0.003193141623618467
1785942443847176635,17.01514749957905,0.8560189550037004,2.0758552522930103,-0.3932741708208541,0.0,0.031952625115566693
1785942443900972703,17.024950326417187,0.8382887925436385,2.077501650106676,-0.39327308379566145,0.0,0.031955278221296714
1785942443961917720,17.03328579725044,0.8218858447176682,2.080071348141947,-0.395072502343151,0.0,0.05325941618758216
1785942444013818002,17.042158168922374,0.8051325769639667,2.082404728161412,-0.39507424684367354,0.0,0.05326131839196182
1785942444044871941,17.051574945004937,0.7884014164134565,2.0880643457587595,-0.3882348691044069,0.0,0.09373560988614477
1785942444097770247,17.061187292746798,0.7715062476852658,2.0927582030358187,-0.3882278412657586,0.0,0.09373944064333012
1785942444150309210,17.071331100884507,0.7539045664006795,2.100314950061055,-0.3972228047885059,0.0,0.13102065883342112
1785942444214813821,17.081159801335733,0.737048822927222,2.106196167346871,-0.3972317902617777,0.0,0.13102408895254353
1785942444261159617,17.09110380051919,0.7207262837515306,2.1147251199299246,-0.39363991126466347,0.0,0.16297963675288993
1785942444296079881,17.101338579751644,0.7038032323022195,2.122914096327519,-0.39363635884269743,0.0,0.16298254759630587
1785942444346045017,17.11204738253331,0.6864497582438674,2.1338022282621285,-0.40443513488232957,0.0,0.20026283135987008
1785942444397207031,17.122870092328196,0.6693020079266342,2.1438427249630143,-0.4044459566965826,0.0,0.20026627236121886
1785942444460072795,17.13320496871552,0.6528922387389046,2.155660528324147,-0.4004959104888042,0.0,0.2354169689357431
1785942444519359315,17.144087383947227,0.6366168266057423,2.166998457044243,-0.4004919597538667,0.0,0.23542020702035105
1785942444545606668,17.1554122271635,0.6199556510907227,2.1811914841537523,-0.40156824156580784,0.0,0.2673754794692258
1785942444598698421,17.166929281395497,0.6034911335033155,2.194570154181041,-0.40156931851193006,0.0,0.2673784244969696
1785942444645788821,17.178565355212598,0.5873286646113827,2.2084611901716866,-0.40013007605099665,0.0,0.2748368415923637
1785942444723627709,17.19061977992129,0.5713684760013245,2.221899384515311,-0.40012864356911165,0.0,0.2748375253096102
1785942444761966890,17.20264659437992,0.5560195164438834,2.2348095319687658,-0.3936457896391316,0.0,0.2663176868227774
1785942444796550758,17.214907398697353,0.5403518804715592,2.2482696252170453,-0.3936393010139631,0.0,0.2663169014118847
1785942444845621427,17.22722180513381,0.525040324154033,2.2611371181416455,-0.3957933379333365,0.0,0.2620558149376707
1785942444911877018,17.24061496518986,0.5098454631284651,2.2740234430945856,-0.39579546604307886,0.0,0.26205542720703084
1785942444962661001,17.254104990379176,0.4950515460174922,2.28727166713727,-0.3954375185209786,0.0,0.2663153284639665
1785942444997309640,17.267078046695964,0.4801545622039887,2.300575470437091,-0.3954371593842883,0.0,0.2663157221236869
1785942445046744291,17.280254690303558,0.46542415364661704,2.313885895800127,-0.3954368002468346,0.0,0.2663161157834845
1785942445100889812,17.293633169606533,0.4508628767030461,2.327203214535694,-0.3954367998868857,0.0,0.26631611581982423
1785942445162489127,17.307389277438585,0.4376255252612722,2.3406737249884744,-0.396156963849159,0.0,0.26312091105040913
1785942445213359066,17.32130041735497,0.42440307012589973,2.3540952687254997,-0.39615768278524593,0.0,0.26312061726200536
1785942445245374706,17.33541658201133,0.41023154305308795,2.3678140403383114,-0.3986789588869064,0.0,0.2705757922011208
1785942445303714630,17.349666169823145,0.3963093109082099,2.3813344776703893,-0.39868147443534707,0.0,0.2705764772896969
1785942445360482909,17.366270878357426,0.383444652026666,2.3977466838503454,-0.39724367343315453,0.0,0.28229292311489
1785942445422620869,17.382499935488266,0.3703692915800385,2.413088833537402,-0.39724223798383645,0.0,0.2822940004779537
1785942445445981422,17.397515973331522,0.3569663375941301,2.426824785662485,-0.401921887758436,0.0,0.27803478171509444
1785942445495773207,17.412712604625387,0.34377788332960996,2.4407436171820023,-0.4019265404545423,0.0,0.27803439168767696
1785942445546929460,17.428264473878233,0.3306468195700123,2.453759436494458,-0.40553197715874795,0.0,0.26631827648343215
1785942445614880413,17.446156351099173,0.31912418413181526,2.469447200275753,-0.4055355863079505,0.0,0.26631719626940525
1785942445662523507,17.46274794930587,0.3080586058257289,2.4841926316876313,-0.3968970883625776,0.0,0.2695113268955167
1785942445697712326,17.478508927132605,0.29589197921503446,2.497713656347198,-0.39688855303786175,0.0,0.2695116175676894
1785942445744949484,17.494088028270852,0.28419360790603043,2.5103503705149155,-0.3929191915118778,0.0,0.25886121969595477
1785942445796797892,17.50995757519186,0.2725926692065124,2.5233013566041045,-0.39291520063023033,0.0,0.25886023342393033
1785942445860696336,17.52701723041979,0.26247899978141054,2.537326771807035,-0.3910217390541382,0.0,0.2545989858906164
1785942445912850964,17.54396016627953,0.25223814475449136,2.551000415759806,-0.391019371190376,0.0,0.2545985931421089
1785942445946415785,17.560331233451958,0.24126357487164848,2.5639481898401333,-0.3935684293310482,0.0,0.2577934059562371
1785942445999992036,17.576934200303253,0.23044164238388196,2.576929473097762,-0.39357054702199257,0.0,0.25779369933007473
1785942446047466612,17.593837312591756,0.21974219097323947,2.591081496404121,-0.3997541074858174,0.0,0.2759001821886089
1785942446121794483,17.613926661382934,0.21286711024611613,2.608835910033367,-0.399760246380399,0.0,0.2759018375259407
1785942446160669749,17.632980632327136,0.20526900287597954,2.6244384475294287,-0.3983260803316125,0.0,0.26951309057485906
1785942446197486983,17.650308036546022,0.1954133630343993,2.6379262628328966,-0.3983246397007433,0.0,0.26951249948850703
1785942446245776918,17.66773431999684,0.18581882640754882,2.652522520032513,-0.3979631200698627,0.0,0.28442287331489857
1785942446312323848,17.687344394527102,0.18040327880096715,2.6706715065779334,-0.39796275906426387,0.0,0.2844242446634826
1785942446362302329,17.70634774189432,0.1739263722306872,2.6860229424924658,-0.401563209395243,0.0,0.27057970596964226
1785942446402697398,17.726144536849336,0.16422706108118862,2.7008768540124453,-0.4015667999211347,0.0,0.2705784343537274
1785942446446682462,17.742451522110375,0.15653849974331432,2.7133906966234536,-0.4001298036951275,0.0,0.27483749808559765
1785942446498038083,17.760693583881284,0.14821197549468518,2.727164342846314,-0.40012850118522014,0.0,0.27483785358923335
1785942446560202379,17.779940475748912,0.1430553760192678,2.74197060054497,-0.3940070438632271,0.0,0.2599275435926244
1785942446615524139,17.799036246130722,0.13743987143277223,2.756362724549418,-0.39400033139183877,0.0,0.2599260374399559
1785942446646589406,17.817217368655317,0.13007270410333396,2.770015060553316,-0.39255330124774745,0.0,0.2684450540989407
1785942446696261570,17.835480874487224,0.12295579962353133,2.783419418548609,-0.39255185351362026,0.0,0.26844583911663633
1785942446745545784,17.854248988828857,0.11593250889352298,2.797405335510486,-0.3979516082384417,0.0,0.27590212223169774
1785942446820700759,17.873526029684545,0.1107620665802942,2.8124170693388275,-0.39795699740373075,0.0,0.2759028076358236
1785942446860933262,17.89249413877695,0.1054726764010539,2.82592548463314,-0.3947216713722797,0.0,0.26205758469164636
1785942446900090459,17.911303604791044,0.09932973989202054,2.839062382728352,-0.39471844281873847,0.0,0.26205631216570424
1785942446951024848,17.930362224511764,0.09338520389665236,2.8528806479005273,-0.3993963031028727,0.0,0.27270575466911867
1785942447013987831,17.95274750325832,0.08673653371389217,2.868824829561798,-0.39940094328404924,0.0,0.27270672761034764
1785942447061989883,17.96894818188183,0.08426421755104026,2.880835476164475,-0.3965240842560851,0.0,0.26738220146231845
1785942447120368049,17.98836565418942,0.08061928747972733,2.8947961476393655,-0.3965216451946558,0.0,0.2673817857974093
1785942447146249499,18.007482407356648,0.07579558120043889,2.906809817810757,-0.39507941600681823,0.0,0.24821078642834965
1785942447210702332,18.028072194257973,0.07087062677276328,2.9209249237580677,-0.3973257558620882,0.0,0.2822892264875193
1785942447246042485,18.04613505840884,0.06681875384420621,2.9340770956414324,-0.3973283745642049,0.0,0.2822921520121912
1785942447310801314,18.066404928709115,0.06408685721576679,2.9487635544933317,-0.3976010155283599,0.0,0.27164451245515675
1785942447360799731,18.086599971023183,0.061362535795554396,2.9628824831536176,-0.397601306703481,0.0,0.2716434646885036
1785942447410130186,18.106778413519482,0.057717554136406744,2.9768873583013398,-0.39940209744570165,0.0,0.2727075106892604
1785942447445662795,18.12590038430776,0.054539271633850195,2.990122674540256,-0.39940384336847023,0.0,0.2727076057008307
1785942447516840752,18.14716841621992,0.05336694016162524,3.0057134597537547,-0.40048587628789356,0.0,0.2705775474056737
1785942447563051087,18.166521423759207,0.052202840645772935,3.0194452302299983,-0.4004869376559116,0.0,0.27057735497232127
1785942447596926543,18.186379806033496,0.04976505811791696,3.0330738377942232,-0.3983277126281768,0.0,0.27377234157217556
1785942447650082458,18.206139936234365,0.04761225572504716,3.046735559372888,-0.39832546270778074,0.0,0.27377264822705016
1785942447696855342,18.22588129886412,0.045734010696778855,3.0597626888557063,-0.39472241328930535,0.0,0.2471462503035597
1785942447749844051,18.24554963023791,0.044120949768939,3.072118888573844,-0.3947188111767853,0.0,0.24714379854526403
1785942447814948557,18.265034673033473,0.043968983742800144,3.085421018646745,-0.38823375859902914,0.0,0.26737764922915125
1785942447861580220,18.284379961065138,0.04384148124927914,3.099062278248886,-0.3882272852522675,0.0,0.2673795094773317
1785942447896203001,18.30395335364537,0.043008502408603135,3.112004534627186,-0.3954224169016658,0.0,0.2503402866147082
1785942447948103924,18.323717605943667,0.042423541530063356,3.124522220787362,-0.3954295980593367,0.0,0.2503387202879376
1785942448000492481,18.344616628595837,0.042066753457839556,3.137973241650072,-0.3950766663777463,0.0,0.2588577684337545
1785942448068774743,18.364571534316614,0.04330591809832489,-3.1315850711565596,-0.39507633384770646,0.0,0.25885850763734203
1785942448119334429,18.38483184600923,0.044376641983667524,-3.1177658964820822,-0.39795630365755547,0.0,0.27590017165999814
1785942448147469023,18.40479488018936,0.04485238616001963,-3.1039217761669406,-0.39795935025121926,0.0,0.2759018322511552
1785942448205190716,18.424656578475105,0.045600946199565624,-3.0900665824629554,-0.3997627947853331,0.0,0.28016375636101876
1785942448263015676,18.44499751781811,0.0479584010344142,-3.075309158343043,-0.3997645943333113,0.0,0.2801641480515056
1785942448315455723,18.46519338390027,0.05029725942648128,-3.0608133239663644,-0.39688574791898645,0.0,0.28122962789453365
1785942448346538624,18.48497093020842,0.05189836153132885,-3.0467531263500884,-0.3968828742654455,0.0,0.2812297258521318
1785942448396817211,18.50498606789575,0.0538022828043326,-3.0330053116054247,-0.40696226601265445,0.0,0.26844897332999107
1785942448456819952,18.525206224315966,0.056006602439123046,-3.019588830840476,-0.40697232198028105,0.0,0.26844779891243326
1785942448530843332,18.544999461041,0.058947308266746365,-3.0061780121161257,-0.40050092979795854,0.0,0.26844662449492707
1785942448570100565,18.567047595410166,0.06241292204721519,-2.991137501383679,-0.4004944719039255,0.0,0.2684466243869846
1785942448606183978,18.584330320106496,0.06503300672680361,-2.9794113406091456,-0.39364624749717947,0.0,0.2641863474656488
1785942448645573152,18.603682174832414,0.06819932771586582,-2.966250787351806,-0.39363953003773994,0.0,0.264185962583097
1785942448697349526,18.62296612830303,0.07161570190805328,-2.9529608818465816,-0.3896719502186386,0.0,0.26738078055288705
1785942448761928284,18.641831632695677,0.07643990090821536,-2.939141386760172,-0.38966797624982136,0.0,0.2673810752830496
1785942448814016862,18.66085324193948,0.0813219170198954,-2.9255673057913456,-0.3957853768423271,0.0,0.2641861649851284
1785942448845342844,18.6803099989308,0.0855916941859395,-2.9122712318674067,-0.3957914815041132,0.0,0.26418587133505494
1785942448897240630,18.699435564848944,0.09005613195506523,-2.899149933325007,-0.3950774333889993,0.0,0.2641855776849888
1785942448961366538,18.718271402764657,0.09450773163490951,-2.8865386579694325,-0.3950767207319413,0.0,0.2641855776579952
1785942449013560785,18.737222315283585,0.09945198498708115,-2.873231930090656,-0.3990368820839719,0.0,0.2801616027592306
1785942449046806872,18.756798703967505,0.10483537572718293,-2.8589773341455635,-0.39904083401643736,0.0,0.2801630711516373
1785942449096635811,18.775719003581795,0.1103295983451333,-2.845242914056486,-0.4030056853845889,0.0,0.27909948109404603
1785942449147599193,18.79499183586656,0.1162143864390397,-2.8312874868603926,-0.40300964118127974,0.0,0.27909938335728995
1785942449215548290,18.813606385751548,0.12339560149760867,-2.816943694252349,-0.395811985202556,0.0,0.26099311413816
1785942449265395181,18.83235224151015,0.13053171003278213,-2.803185337512192,-0.39580480193855727,0.0,0.2609914498192759
1785942449296028272,18.850653067701835,0.13697261548727338,-2.790118218750125,-0.3939972088819449,0.0,0.2705754008793442
1785942449346030785,18.869166979241278,0.14376167338545945,-2.7765758439918313,-0.3939954053536087,0.0,0.2705762816108266
1785942449411316258,18.887330793808886,0.1513849304747108,-2.7628602119517343,-0.39507385200466355,0.0,0.26525181073910803
1785942449461072169,18.905662647295692,0.15921300268141755,-2.749250038916575,-0.3950749282526673,0.0,0.2652513213357533
1785942449499638720,18.923825247917307,0.166728610490166,-2.736143566850065,-0.3972364959727454,0.0,0.2631207143136554
1785942449545892351,18.94205825917418,0.17455478777888567,-2.723001005244217,-0.3972386486533633,0.0,0.26312051888454047
1785942449605095861,18.963541317154455,0.184112263770476,-2.707278267438321,-0.39940198560580614,0.0,0.2705760168776089
1785942449662147575,18.979140315398016,0.19071319271027504,-2.696145447065798,-0.39940379061583137,0.0,0.2705765896468961
1785942449715632303,18.9976521509767,0.19900007478036066,-2.682901441626126,-0.3943664721228084,0.0,0.25673179001682983
1785942449747304794,19.015328703976735,0.20772910723193752,-2.6700672550417135,-0.39436044776454304,0.0,0.25673026444972236
1785942449798292146,19.032864499161214,0.2166703725006742,-2.6572028301337784,-0.3929140858122383,0.0,0.25779379720529594
1785942449854420688,19.0504687287647,0.22593377649841279,-2.64415100481324,-0.3929126422258772,0.0,0.25779389497255834
1785942449914965818,19.069642506662806,0.23529690702262768,-2.631239726430599,-0.394351522571618,0.0,0.2641844028576779
1785942449965235541,19.088678208934343,0.24513110720581258,-2.6179459489503945,-0.39435295838087664,0.0,0.26418499019035235
1785942449997221164,19.105763151560375,0.25499619230442705,-2.604664992152271,-0.3968749688935666,0.0,0.26844584199004484
1785942450045954124,19.122790850686382,0.26513211690405897,-2.5912614710400192,-0.39687748235419296,0.0,0.2684462330986299
1785942450112167441,19.14086624366676,0.27633168341879577,-2.5773424518649084,-0.39615983904631935,0.0,0.2609911578059993
1785942450164427738,19.158959417621098,0.2877341836715561,-2.563645066010846,-0.39615912181978075,0.0,0.26099047156337285
1785942450198471905,19.1753747573299,0.2984409082732158,-2.550335538487819,-0.3983189107357578,0.0,0.2780308902704991
1785942450246312734,19.191798232348376,0.3094672659505014,-2.5365277747684787,-0.39832105133055995,0.0,0.2780324457876535
1785942450315316976,19.208395579287565,0.3209911710622103,-2.52245422941571,-0.39976349082047785,0.0,0.281229232260942
1785942450363971053,19.224824579537277,0.33272578894766286,-2.5083473471441957,-0.39976493971127053,0.0,0.28122952801697787
1785942450397929552,19.24093545774707,0.34455273571010797,-2.494547419771025,-0.39940632119256364,0.0,0.27057912084552094
1785942450446539691,19.256882864899126,0.35660183823782704,-2.4810068690169875,-0.3994059632543511,0.0,0.27057814176487266
1785942450498028406,19.272668136369777,0.3688676842042097,-2.4676486668029516,-0.4008459171523996,0.0,0.26418675264788294
1785942450559885426,19.28875548853412,0.3814763781687993,-2.4544934576848334,-0.4008473541324846,0.0,0.26418616519343974
1785942450616681867,19.304704011558155,0.39438473662133694,-2.441219458636499,-0.3950873683118094,0.0,0.26099036526128094
1785942450647205097,19.319613492210795,0.40695233584425905,-2.4283379332484536,-0.3950816930786096,0.0,0.2609900752541584
1785942450697486021,19.334634953212408,0.4199489641553863,-2.415405543252208,-0.39219538570072743,0.0,0.25140417666770176
1785942450746310761,19.34916104655425,0.43284921500709206,-2.402952164468091,-0.39219249479053514,0.0,0.2514032923577359
1785942450816500392,19.363533648763678,0.44664206547085666,-2.389911333473362,-0.3954302767521297,0.0,0.2535325510192876
1785942450863335326,19.377850990240482,0.4605250586204489,-2.3769951420787208,-0.3954335378315484,0.0,0.25353274854620383
1785942450906148409,19.392554658281455,0.4746294202277389,-2.3639272153510795,-0.3918357489929461,0.0,0.2514027861548703
1785942450946891107,19.406042888752328,0.4879106472023155,-2.3517818962539985,-0.3918322804477475,0.0,0.25140259703652723
1785942451012853215,19.420145572119903,0.5023535182301545,-2.3386991000084287,-0.3882282644238082,0.0,0.25672772347387174
1785942451064783835,19.434040024355312,0.5168523712039006,-2.325553979778569,-0.3882245355585738,0.0,0.25672823096175307
1785942451104227603,19.44748691857421,0.5311496116781739,-2.3123891818177484,-0.3979430070938146,0.0,0.270574620335513
1785942451147496639,19.461163122395686,0.546079722431978,-2.298622884174172,-0.3979526925531985,0.0,0.27057589130318105
1785942451208323379,19.47463625849306,0.5612008883980572,-2.284733874940313,-0.40516435835172937,0.0,0.28016282241988794
1785942451262125624,19.486539096082456,0.5766493114414881,-2.270432563874683,-0.40517137129647973,0.0,0.2801636810400354
1785942451314416898,19.498747158421757,0.5924138119564556,-2.2563010009686675,-0.4015777771790371,0.0,0.26951391916450934
1785942451348466633,19.511689104906093,0.6082390063703781,-2.2425805876371365,-0.40157409415601714,0.0,0.26951291382355336
1785942451398304659,19.523821208722666,0.6234964113452252,-2.2297621755810035,-0.39690248946550927,0.0,0.2609928070981024
1785942451463875712,19.535156499028755,0.6393275446835466,-2.216462560269952,-0.39689127214712505,0.0,0.2609912964141537
1785942451511993480,19.546230347665855,0.6550170069768819,-2.20350070430617,-0.3947196045836125,0.0,0.258859644210247
1785942451547525672,19.55792004998656,0.6709590004476501,-2.1905361959654672,-0.3947174084225704,0.0,0.2588594456082401
1785942451596602710,19.569271011861243,0.6868650927702346,-2.1779335860765143,-0.3925547291396119,0.0,0.2545989856635605
1785942451646817967,19.580494951992595,0.703022410412516,-2.165174008516581,-0.3925525651968069,0.0,0.25459859302856674
1785942451714329511,19.58925310204472,0.7187944431313829,-2.15239558472351,-0.39219032136647874,0.0,0.25353314186962844
1785942451763955753,19.5982818369285,0.7348806365381698,-2.1395552206341524,-0.3921899600856675,0.0,0.2535330439986912
1785942451797593760,19.608633925912887,0.7510748123639213,-2.127194746683076,-0.3885887710238298,0.0,0.2503377388687692
1785942451848414801,19.61889419033358,0.7675719181353262,-2.1146788612572327,-0.3885851909572684,0.0,0.25033744629776167
1785942451898274397,19.629273722695526,0.7847522219711494,-2.1004647009377733,-0.39362267189807015,0.0,0.2705734188304132
1785942451960444229,19.637344754404,0.8015629102971065,-2.0866988126479526,-0.3936277305574908,0.0,0.2705752904941749
1785942452013882811,19.646021124601106,0.8193349551396695,-2.072599972547973,-0.40371505699656307,0.0,0.27483742564702063
1785942452046096059,19.655732850811074,0.8370361646227354,-2.0588557784370685,-0.4037251226997988,0.0,0.2748378173636167
1785942452096411577,19.665087316072093,0.8546471599184196,-2.0459143232979664,-0.40049444942644064,0.0,0.26418753556858954
1785942452168551651,19.67252679332731,0.8725328649694168,-2.0320497220745732,-0.4004912255074653,0.0,0.2641865566897712
1785942452214178859,19.680104434911552,0.8904226667878209,-2.018718000256555,-0.39724728160846456,0.0,0.25886022633091216
1785942452246423628,19.688592700742824,0.9080883682044358,-2.0059462895193922,-0.39724404387172785,0.0,0.25885973669508267
1785942452295827110,19.696963233823634,0.9261024983452152,-1.9925027104073998,-0.39688072760180415,0.0,0.26524965561221964
1785942452346525490,19.70508554935301,0.9442075828635644,-1.979240454959721,-0.39688036457884307,0.0,0.2652502436731971
1785942452413191337,19.71378678681787,0.9626381043086318,-1.96633803076155,-0.3943594325937809,0.0,0.2620556259106422
1785942452464042043,19.722099133801343,0.9811931382623941,-1.95329690719439,-0.39435692031252395,0.0,0.26205533268514936
1785942452505219062,19.729335873271015,0.9991860913007884,-1.940113887530946,-0.39003344216349906,0.0,0.26312012767782633
1785942452547283476,19.736379426205968,1.0173828227399833,-1.9269502863145949,-0.390029127925552,0.0,0.26312022553970366
1785942452612056321,19.743492352543953,1.0356253269880438,-1.9134803768569866,-0.39758650795646777,0.0,0.2737709979101519
1785942452663979101,19.750214557222435,1.0539551094280317,-1.9000561536808742,-0.39759404570316614,0.0,0.2737719763355833
1785942452697906175,19.756714143010974,1.0729633374216028,-1.8868699847414603,-0.4008423210109395,0.0,0.2673825438702584
1785942452747265367,19.762953930520453,1.0920430497993032,-1.8734798515261273,-0.40084556022426293,0.0,0.2673819570228323
1785942452797298602,19.768846177915385,1.110913680458521,-1.860200129036997,-0.3958076716508937,0.0,0.2652512236546244
1785942452867370340,19.77456114605672,1.12926193656613,-1.8473065964889825,-0.3958026430110868,0.0,0.265251027766534
1785942452915380232,19.77992852519855,1.1475763857001373,-1.8344765577312425,-0.3918367272348169,0.0,0.2620556272037658
1785942452946707494,19.785031146283988,1.166477373332349,-1.8213829745846921,-0.39183276719939536,0.0,0.26205533333182335
1785942452997070821,19.78991941816939,1.185583270629348,-1.807866066206164,-0.39326912556434745,0.0,0.26738038926627294
1785942453061882612,19.794608935087517,1.2047648757238063,-1.7942029785996636,-0.39327056162059454,0.0,0.26738087962177637
1785942453112569952,19.799174504299454,1.2243108243692087,-1.7801812732442712,-0.3983131305351748,0.0,0.2737717810321552
1785942453147767699,19.803316113186213,1.2438007631438135,-1.7664865347115632,-0.3983181583358654,0.0,0.27377236793257337
1785942453196582646,19.807262994674847,1.2637020754182746,-1.7528215238203628,-0.39904335710896366,0.0,0.27057774973692494
1785942453245817002,19.810815851672,1.2830045092045252,-1.7395134336258737,-0.39904408071432124,0.0,0.27057745614754425
1785942453312955379,19.81464447857694,1.3021577807035458,-1.7261737774176413,-0.39652423711113055,0.0,0.26951210418276267
1785942453361521452,19.818157067812123,1.321417898172851,-1.712782850781162,-0.39652172206530156,0.0,0.26951200624677046
1785942453398929621,19.820966539423203,1.341081993561341,-1.6990601281637485,-0.39687929192423477,0.0,0.2727071129255485
1785942453445566180,19.823505302895903,1.3607666279220691,-1.6854222178638647,-0.3968796490002586,0.0,0.2727074068004272
1785942453513274307,19.827734379790023,1.3804576560637247,-1.673015853469415,-0.40012073130328224,0.0,0.26525220153055346
1785942453560884344,19.831350503036035,1.4001162451034177,-1.660175775345966,-0.4001239635611733,0.0,0.2652515167493928
1785942453596755845,19.833075752621937,1.4193475033515817,-1.6476289090768126,-0.3907651055775351,0.0,0.25566521739661063
1785942453645347424,19.834575291930438,1.4388261865988425,-1.6348462612872052,-0.39075576349366453,0.0,0.2556643360456546
1785942453696812202,19.83570289996613,1.4564672395685623,-1.6226982475634832,-0.3659008487951192,0.0,0.24714291270722347
1785942453761833665,19.837792547718006,1.4740980678703601,-1.6107407050464482,-0.3658760489805721,0.0,0.2471421295932916
1785942453813061249,19.83900421409643,1.4799802651477147,-1.6023363649624667,-0.20849596234692516,0.0,0.1981481960864007
1785942453847431381,19.839332202060408,1.4903803815754342,-1.5924293941113787,-0.2083389388789745,0.0,0.19814369379389013
1785942453898340713,19.839333491863524,1.4896726692452926,-1.597939696757287,0.0,0.0,0.0
1785942453962176114,19.841101954340093,1.4925667940140979,-1.5987901298467915,0.0,0.0,0.0
1785942454014891692,19.8427250954604,1.5003151053821515,-1.5964184872134586,-0.12542964197983525,0.0,0.033015867028334006
1785942454048842607,19.8428837944503,1.5065072518094744,-1.5947896916101985,-0.1254939584877978,0.0,0.03301953178407994
1785942454096315391,19.843287464789583,1.524162023199464,-1.5806006227704947,-0.27714774332911823,0.0,0.20023851737245466
1785942454149946268,19.843423668632127,1.5380384148565005,-1.5705864107718184,-0.2773013168618476,0.0,0.20025411423026115
1785942454233858735,19.844777655942725,1.5637334413975892,-1.5598734613260763,-0.43481009741370447,0.0,0.2119854577318554
1785942454263565038,19.845690580256193,1.586396744750142,-1.5489210673423763,-0.43496729296189435,0.0,0.21198653608262247
1785942454296737395,19.845271565788632,1.604381674570443,-1.5366979266023786,-0.3965925590211466,0.0,0.24074470294052566
1785942454345536790,19.844595654608785,1.6241949645619103,-1.5246605694563178,-0.39655591553133746,0.0,0.24074723197894146
1785942454397107108,19.843799484935175,1.6424088410214899,-1.5205687666954324,-0.3749163905953443,0.0,0.13317872996573954
1785942454445516503,19.842858702499953,1.6611236063717183,-1.5139127532318963,-0.37489381902756297,0.0,0.13316839493998214
1785942454530041634,19.84293922450133,1.6771792537737713,-1.523679077052272,-0.34750512362331043,0.0,-0.08198580541558126
1785942454564963882,19.84292145430653,1.6945033039068058,-1.5281013158007597,-0.3474777888193302,0.0,-0.08200558291029254
1785942454597865733,19.84244235097385,1.7088146994097317,-1.5544384979358934,-0.31252051056763297,0.0,-0.38557161358170206
1785942454645265457,19.842187846774078,1.7243787066551297,-1.5736516234622981,-0.3124866875819106,0.0,-0.3855986643921892
1785942454697750435,19.842224434310967,1.7244917618775986,-1.580828527616351,-0.10397938498726628,0.0,-0.22267116539969778
1785942454746352766,19.842276507508046,1.7296618655229292,-1.5919561000139277,-0.10376471393471928,0.0,-0.2226557146922257
1785942454811840391,19.842291225352113,1.7265272351465513,-1.583032357229611,-0.004527863538807894,0.0,0.04575702430006204
1785942454861215967,19.842384674728095,1.7259838861089893,-1.5807967857968426,-0.004428830882720127,0.0,0.045781695219998655
1785942454896098087,19.84236847490005,1.7244670497199293,-1.5822610702571056,0.0,0.0,0.0
1785942454947269189,19.84235771565863,1.7235285457123735,-1.5824742172725277,0.0,0.0,0.0
1785942455015729025,19.843007485206485,1.7215497700469318,-1.5825559468336834,0.0,0.0,0.0
1785942455064525796,19.843598818501132,1.719886907021983,-1.5826782899977183,0.0,0.0,0.0
1785942455102983926,19.843607375008222,1.720654725644324,-1.5836954561408536,0.0,0.0,0.0
1785942455145772943,19.843607615072127,1.7206735212372843,-1.5843882812262768,0.0,0.0,0.0
1785942455196111662,19.843610391745504,1.720881493028645,-1.5840421301784733,0.0,0.0,0.0
1785942455262628671,19.843444374100457,1.719785704791496,-1.5843698208478012,0.0,0.0,0.0
1785942455317789464,19.843271138888863,1.71913976033423,-1.5845543330771503,0.0,0.0,0.0
1785942455347207307,19.84327535840318,1.719446441317262,-1.584554333074284,0.0,0.0,0.0
1785942455396981011,19.84327772361412,1.7196183428214804,-1.5845543330713978,0.0,0.0,0.0
1785942455460241222,19.843279208818725,1.7197262880232427,-1.5845543330713974,0.0,0.0,0.0
1785942455515451489,19.843494850036123,1.718304143417876,-1.5852416002940717,0.0,0.0,0.0
1785942455560461745,19.843613593872696,1.717112273146973,-1.5856252057481126,0.0,0.0,0.0
1785942455596420802,19.843613326333415,1.717094232456634,-1.5856252057481126,0.0,0.0,0.0
1785942455645205572,19.8436129251417,1.7170671794472878,-1.5856252057481126,0.0,0.0,0.0
1785942455716133472,19.844939056360626,1.7150266864791694,-1.5892939457971849,0.0,0.0,0.0
1785942455760967401,19.845671193657402,1.713352079489827,-1.591453750776767,0.0,0.0,0.0
1785942455802907905,19.845671193264998,1.7133520624803398,-1.591453750776767,0.0,0.0,0.0
1785942455847432382,19.845671192895736,1.7133520446092654,-1.591453750776767,0.0,0.0,0.0
1785942455913330679,19.846016521068098,1.711165662872883,-1.5924269617133966,0.0,0.0,0.0
1785942455960992782,19.84628085715078,1.7093229329224628,-1.5930194246226275,0.0,0.0,0.0
1785942456000578251,19.84628085715078,1.7093229329224442,-1.5930194246226275,0.0,0.0,0.0
1785942456045813124,19.84628085715078,1.7093229329224275,-1.5930194246226275,0.0,0.0,0.0
1785942456103110031,19.84628085715078,1.7093229329224275,-1.5930194246226275,0.0,0.0,0.0
1785942456159915912,19.84660970375886,1.710222101577668,-1.5920268486968907,0.0,0.0,0.0
1785942456214035033,19.84700729596569,1.7109676059097985,-1.5914292686047304,0.0,0.0,0.0
1785942456246894514,19.84700729596569,1.7109676059097985,-1.5914292686047304,0.0,0.0,0.0
1785942456296430609,19.84700729596569,1.7109676059097985,-1.5914292686047304,0.0,0.0,0.0
1785942456360815663,19.851352845196278,1.716153466269186,-1.596350552922788,0.0,0.0,0.0
1785942456413293504,19.854979333128327,1.720480465529291,-1.5993510486562181,0.0,0.0,0.0
1785942456446174138,19.854979333128327,1.720480465529291,-1.5993510486562181,0.0,0.0,0.0
1785942456497647140,19.854979333128327,1.720480465529291,-1.5993510486562181,0.0,0.0,0.0
1785942456545120979,19.854979333128327,1.720480465529291,-1.5993510486562181,0.0,0.0,0.0
1785942456621193334,19.8573542849204,1.7210773338935346,-1.607748411576998,0.0,0.0,0.0
1785942456661079136,19.859087822118514,1.7215649636635826,-1.612822478956736,0.0,0.0,0.0
1785942456697847152,19.859087822118514,1.7215649636635826,-1.612822478956736,0.0,0.0,0.0
1785942456746909021,19.859087822118514,1.7215649636635826,-1.612822478956736,0.0,0.0,0.0
1785942456815456924,19.858591281310176,1.7160094188398534,-1.6116178217205233,0.0,0.0,0.0
1785942456861145158,19.858219318578325,1.711317713218772,-1.6108908931218096,0.0,0.0,0.0
1785942456899335950,19.858219318578325,1.711317713218772,-1.6108908931218096,0.0,0.0,0.0
1785942456947049990,19.858219318578325,1.711317713218772,-1.6108908931218096,0.0,0.0,0.0
1785942457004101641,19.858219318578325,1.711317713218772,-1.6108908931218096,0.0,0.0,0.0
1785942457061350227,19.857996508446195,1.7063283039273023,-1.6098018851686005,0.0,0.0,0.0
1785942457113496375,19.85784692642227,1.7021596409462998,-1.6091906718055975,0.0,0.0,0.0
1785942457145192227,19.85784692642227,1.7021596409462998,-1.6091906718055975,0.0,0.0,0.0
1785942457195809516,19.85784692642227,1.7021596409462998,-1.6091906718055975,0.0,0.0,0.0
1785942457260221995,19.857830165110933,1.6982867792586596,-1.6084046110647499,0.0,0.0,0.0
1785942457310849556,19.857849748838348,1.6950771613568443,-1.6079765976965597,0.0,0.0,0.0
1785942457345303147,19.857849748838348,1.6950771613568443,-1.6079765976965597,0.0,0.0,0.0
1785942457397304522,19.857849748838348,1.6950771613568443,-1.6079765976965597,0.0,0.0,0.0
1785942457461054607,19.857700126019548,1.692064117976521,-1.6075994461485035,0.0,0.0,0.0
1785942457511909506,19.85757645428144,1.6895230549350047,-1.6073611078098322,0.0,0.0,0.0
1785942457545199915,19.85757645428144,1.6895230549350047,-1.6073611078098322,0.0,0.0,0.0
1785942457595860598,19.85757645428144,1.6895230549350047,-1.6073611078098322,0.0,0.0,0.0
1785942457640090631,19.85757645428144,1.6895230549350047,-1.6073611078098322,0.0,0.0,0.0
1785942457712912813,19.857533600963876,1.6873286332972917,-1.6070165840691197,0.0,0.0,0.0
1785942457772403629,19.857504984271063,1.6854954484195035,-1.606818639445102,0.0,0.0,0.0
1785942457797936522,19.857504984271063,1.6854954484195035,-1.606818639445102,0.0,0.0,0.0
1785942457845343831,19.857504984271063,1.6854954484195035,-1.606818639445102,0.0,0.0,0.0
1785942457914703030,19.857477322968613,1.683444360922661,-1.6066544867719106,0.0,0.0,0.0
1785942457963545338,19.857460175584407,1.6817042026260647,-1.6065496794060081,0.0,0.0,0.0
1785942457995995747,19.857460175584407,1.6817042026260647,-1.6065496794060081,0.0,0.0,0.0
1785942458045309306,19.857460175584407,1.6817042026260647,-1.6065496794060081,0.0,0.0,0.0
1785942458111199507,19.85753972257939,1.6798836004415636,-1.6065058069203875,0.0,0.0,0.0
1785942458159311194,19.857623972650543,1.6783390905522493,-1.606481047796178,0.0,0.0,0.0
1785942458199029117,19.857623972650543,1.6783390905522493,-1.606481047796178,0.0,0.0,0.0
1785942458246302373,19.857623972650543,1.6783390905522493,-1.606481047796178,0.0,0.0,0.0
1785942458297614376,19.857623972650543,1.6783390905522493,-1.606481047796178,0.0,0.0,0.0
1785942458365460653,19.857721030415494,1.6768580907791564,-1.6064276513163949,0.0,0.0,0.0
1785942458418703868,19.857820485649473,1.6756026249078875,-1.606397435410495,0.0,0.0,0.0
1785942458446207237,19.857820485649473,1.6756026249078875,-1.606397435410495,0.0,0.0,0.0
1785942458502638095,19.857820485649473,1.6756026249078875,-1.606397435410495,0.0,0.0,0.0
1785942458562645316,19.857716954212528,1.6740963221769039,-1.606402121252904,0.0,0.0,0.0
1785942458614143727,19.857622932847732,1.672835958290894,-1.6064041709435215,0.0,0.0,0.0
1785942458645067581,19.857622932847732,1.672835958290894,-1.6064041709435215,0.0,0.0,0.0
1785942458695068942,19.857622932847732,1.672835958290894,-1.6064041709435215,0.0,0.0,0.0
1785942458762356957,19.857499989397002,1.6717665381286921,-1.6063640822970522,0.0,0.0,0.0
1785942458815215005,19.857385498350837,1.6708692091533028,-1.6063390132717894,0.0,0.0,0.0
1785942458846385364,19.857385498350837,1.6708692091533028,-1.6063390132717894,0.0,0.0,0.0
1785942458900700620,19.857385498350837,1.6708692091533028,-1.6063390132717894,0.0,0.0,0.0
1785942458948276032,19.857385498350837,1.6708692091533028,-1.6063390132717894,0.0,0.0,0.0
1785942459013759528,19.857508118865027,1.6695223915531834,-1.6062796513025717,0.0,0.0,0.0
1785942459061985173,19.85763318498619,1.668400503419504,-1.6062492894012845,0.0,0.0,0.0
1785942459100059128,19.85763318498619,1.668400503419504,-1.6062492894012845,0.0,0.0,0.0
1785942459145297776,19.85763318498619,1.668400503419504,-1.6062492894012845,0.0,0.0,0.0
1785942459211226282,19.857763271766032,1.667955202770074,-1.6062926749740778,0.0,0.0,0.0
1785942459261559784,19.85789128741049,1.6675777268196486,-1.6063226577051495,0.0,0.0,0.0
1785942459296472689,19.85789128741049,1.6675777268196486,-1.6063226577051495,0.0,0.0,0.0
1785942459345715973,19.85789128741049,1.6675777268196486,-1.6063226577051495,0.0,0.0,0.0
1785942459397301427,19.85789128741049,1.6675777268196486,-1.6063226577051495,0.0,0.0,0.0
1785942459459547839,19.857985861322682,1.6667579918278905,-1.606354875066898,0.0,0.0,0.0
1785942459520793059,19.85808153116183,1.666072009338213,-1.6063756886412264,0.0,0.0,0.0
1785942459546510632,19.85808153116183,1.666072009338213,-1.6063756886412264,0.0,0.0,0.0
1785942459596850278,19.85808153116183,1.666072009338213,-1.6063756886412264,0.0,0.0,0.0
1785942459663439002,19.858073449673164,1.66562282479717,-1.6064097758778761,0.0,0.0,0.0
1785942459716609189,19.858067786795008,1.6652477985430243,-1.606429703447556,0.0,0.0,0.0
1785942459745282812,19.858067786795008,1.6652477985430243,-1.606429703447556,0.0,0.0,0.0
1785942459794613171,19.858067786795008,1.6652477985430243,-1.606429703447556,0.0,0.0,0.0
1785942459860034874,19.85816953459397,1.6649501268351918,-1.6064197921959786,0.0,0.0,0.0
1785942459915795082,19.85826984355664,1.664699757248166,-1.6064156416570796,0.0,0.0,0.0
1785942459945101273,19.85826984355664,1.664699757248166,-1.6064156416570796,0.0,0.0,0.0
1785942459998041916,19.85826984355664,1.664699757248166,-1.6064156416570796,0.0,0.0,0.0
1785942460045888250,19.85826984355664,1.664699757248166,-1.6064156416570796,0.0,0.0,0.0
1785942460124170771,19.858307856485638,1.6645720479379682,-1.6063965739040036,0.0,0.0,0.0
1785942460162289527,19.85834547996177,1.664465706541124,-1.6063866067781423,0.0,0.0,0.0
1785942460202572912,19.85834547996177,1.664465706541124,-1.6063866067781423,0.0,0.0,0.0
1785942460245424364,19.85834547996177,1.664465706541124,-1.6063866067781423,0.0,0.0,0.0
1785942460295361659,19.85834547996177,1.664465706541124,-1.6063866067781423,0.0,0.0,0.0
1785942460360153257,19.8584280989505,1.6642060356661852,-1.6063892805329776,0.0,0.0,0.0
1785942460413097868,19.858509806403674,1.6639886889749602,-1.6063924203076363,0.0,0.0,0.0
1785942460446042376,19.858509806403674,1.6639886889749602,-1.6077350826674868,0.0,0.0,0.0
1785942460497823742,19.858509806403674,1.6639886889749602,-1.60864087428998,0.0,0.0,0.0
1785942460561050448,19.858605007939307,1.6635219533232053,-1.6082174886871603,0.0,0.0,0.0
1785942460626550105,19.858699494541618,1.6631176005093968,-1.6082316832194625,0.0,0.0,0.0
1785942460646875629,19.85869814887323,1.6630816575843472,-1.6082316409350184,0.0,0.0,0.0
1785942460703623043,19.858698147438922,1.66308161927475,-1.6082316409308675,0.0,0.0,0.0
1785942460767157185,19.858654153769496,1.6629388200662694,-1.6092669322446436,0.0,0.0,0.0
1785942460838890972,19.858611598637967,1.6628087725078402,-1.60995304221257,0.0,0.0,0.0
1785942460843144288,19.85861326353612,1.6628512696158613,-1.6107699808465081,0.0,0.0,0.0
1785942460897973260,19.858610860775435,1.66279087343363,-1.6096070582268944,0.0,0.0,0.0
1785942460958614682,19.858610856449545,1.6627907638413724,-1.6096068639495484,0.0,0.0,0.0
1785942461012895985,19.858610856448777,1.662790763822193,-1.6096068639464152,0.0,0.0,0.0
1785942461066216386,19.858537009045076,1.6625064962858487,-1.6095825559380224,0.0,0.0,0.0
1785942461116282038,19.858466413722336,1.6622696604978988,-1.6095674448841844,0.0,0.0,0.0
1785942461146882359,19.858451736823046,1.6618913473709573,-1.6095674448841841,0.0,0.0,0.0
1785942461195923651,19.85844194330544,1.6616388757251443,-1.6095674448841841,0.0,0.0,0.0
1785942461245879379,19.858289523186777,1.6577109540919404,-1.6102066423138994,0.0,0.0,0.0
1785942461314449715,19.858246959594297,1.6548091029657825,-1.610628612494461,0.0,0.0,0.0
1785942461369513512,19.858143465284158,1.6505225299873154,-1.6143294623594204,0.07301468517545977,0.0,-0.052189926467139144
1785942461400264880,19.857984215615797,1.6468665906313347,-1.6169435452053589,0.07303831254859774,0.0,-0.052193940638920404
1785942461445973466,19.857533869570204,1.6371245080855712,-1.624337727037436,0.15440743552644381,0.0,-0.11610208786723972
1785942461497024628,19.8571202969577,1.6294068282772125,-1.6301435141179335,0.15447499520790295,0.0,-0.1161079529862634
1785942461561280462,19.85637326802465,1.6160445666298644,-1.6389379303031804,0.2293189956791226,0.0,-0.15552134695578942
1785942461611188283,19.855632212374996,1.6045569971468807,-1.6467358777949204,0.229393822274196,0.0,-0.15552497563592332
1785942461646032737,19.85475622968966,1.5930077837412753,-1.6538725969402912,0.23090897561557872,0.0,-0.1470080626905245
1785942461697579854,19.85379803515862,1.5815003924348092,-1.6612239067130865,0.23091048775769704,0.0,-0.14700727981076725
1785942461746723486,19.85286349683725,1.5711855267869537,-1.6676163589361992,0.21506845161783897,0.0,-0.13422566202618016
1785942461815856884,19.851856058837573,1.5604336405928267,-1.6741283845325594,0.21505264185410308,0.0,-0.13422448719084173
1785942461862086355,19.85084741929701,1.5504058923194475,-1.6799235904824317,0.20567474364052143,0.0,-0.12357263185575242
1785942461919094324,19.849724593648332,1.5401576709473774,-1.686118311075708,0.20566538314872668,0.0,-0.12357165260176273
1785942461947015853,19.848470674397184,1.5293181176903865,-1.692184878842659,0.21105724778099139,0.0,-0.120375467476943
1785942462012472405,19.84726884067166,1.5187848520201146,-1.6979674261957285,0.21106262071595122,0.0,-0.12037517413095018
1785942462060977004,19.845837360795414,1.5070734426596082,-1.7071382994006918,0.22439094797285253,0.0,-0.16297761974482536
1785942462099317434,19.844257026477322,1.495554344642143,-1.7155823831584878,0.22440426069383215,0.0,-0.16298153899685916
1785942462146201778,19.842437687322246,1.4830234493022196,-1.7228134523594503,0.24962499073489894,0.0,-0.15446484636673208
1785942462208568706,19.84054693855443,1.4706815457256868,-1.7305376225074791,0.24964927295876685,0.0,-0.15446409118618254
1785942462261733326,19.83833303535415,1.4566885752638885,-1.7399270525564536,0.27307707672294446,0.0,-0.1789597522747106
1785942462316712288,19.83607648675546,1.4432640834504344,-1.748776989578807,0.273101313668881,0.0,-0.17896208649143847
1785942462345668929,19.833297859055143,1.4278095203157173,-1.7587576489822683,0.3004916714265417,0.0,-0.19281031372404103
1785942462395815352,19.83048734213751,1.413033259407122,-1.7684067741175997,0.30051900927014064,0.0,-0.19281158675101134
1785942462447493578,19.82722074850574,1.3967081748095038,-1.7786698433231172,0.31566973059936715,0.0,-0.1970731382339415
1785942462513938808,19.824097009429977,1.3817239279750868,-1.7884681940823572,0.31568484748352477,0.0,-0.19707352986159826
1785942462561801655,19.82059251262685,1.365605139049938,-1.7985479198057197,0.32506207244104923,0.0,-0.19813899492826506
1785942462595776699,19.81692183136259,1.3497676950488322,-1.8084566987908228,0.3250714239333813,0.0,-0.1981390927920569
1785942462645108786,19.813041741757022,1.3337337244330298,-1.8178039681526337,0.3283215075870878,0.0,-0.19068370745958702
1785942462713982270,19.808978458796723,1.3176610010697114,-1.8277029206526758,0.3283247513025379,0.0,-0.1906830221368172
1785942462760577899,19.80423986683697,1.299508835055465,-1.8391985157153439,0.3578545920582783,0.0,-0.21411384431468752
1785942462797294618,19.799492542643318,1.282248157556176,-1.8499075917158372,0.35788406727827726,0.0,-0.2141159983877079
1785942462849468031,19.794164395967314,1.263665182731665,-1.861851889114472,0.37267683580114763,0.0,-0.22796404586512004
1785942462925732746,19.788998198816266,1.2460277251329663,-1.8732029362407931,0.37269159786802186,0.0,-0.22796531867346864
1785942462962835655,19.783524773486644,1.2280626840033095,-1.8849447204385956,0.372076527364186,0.0,-0.23009672322863212
1785942462998684916,19.777818199970714,1.2104990110481193,-1.896365318601765,0.3720757603720329,0.0,-0.23009691911622399
1785942463063827759,19.771311851797336,1.1912446470440754,-1.909872303012952,0.38183042765947106,0.0,-0.24820328725043045
1785942463111021396,19.765411783579637,1.1741532132041184,-1.9216920655180987,0.3818385377658222,0.0,-0.24820495119628627
1785942463160027614,19.75876601031219,1.1556328580710853,-1.9346306912206963,0.38964841928098715,0.0,-0.2545970274867844
1785942463202943837,19.751828091328797,1.137412877010701,-1.9473689882619294,0.3896561990391582,0.0,-0.25459761385019725
1785942463245268037,19.744421926019697,1.1186663914683257,-1.9595376696754223,0.39866602547863955,0.0,-0.247142715427615
1785942463315210618,19.736653474296325,1.099845355004828,-1.9724980943180008,0.39867500724129745,0.0,-0.2471420309443657
1785942463359246852,19.729018024313632,1.0817825120433875,-1.984289288092326,0.3896864547530559,0.0,-0.23436052775745103
1785942463399646401,19.721189832930307,1.0639421484848217,-1.9960067815436755,0.3896752385461039,0.0,-0.2343593522813465
1785942463446090185,19.713183403791547,1.0462712059675103,-2.008287460556952,0.3833605055378517,0.0,-0.23861845512676205
1785942463498631580,19.704756991954987,1.0282552607609852,-2.0206677142369887,0.3833552545481829,0.0,-0.23861884659649574
1785942463562676781,19.695628923786163,1.0104579219775998,-2.0335389755625104,0.38964914732229944,0.0,-0.23435891620210936
1785942463624614477,19.686334893326357,0.9920110605049915,-2.046379856374893,0.3896565620717744,0.0,-0.23435854642766105
1785942463646572255,19.67748973644736,0.974840471770515,-2.058286489683888,0.3866626131416072,0.0,-0.23648828497718066
1785942463694685799,19.668459219446508,0.9578071850769252,-2.0700780735282134,0.3866599750876247,0.0,-0.2364884924248943
1785942463761202552,19.658854561687452,0.9402144436782592,-2.0833478960754532,0.38533705206877633,0.0,-0.245009256328498
1785942463813408031,19.64932677117668,0.9230546684079342,-2.0959546164479246,0.3853357314955498,0.0,-0.24501003959793966
1785942463845272337,19.64017173438337,0.9072422930987449,-2.106591576749921,0.3723715045521255,0.0,-0.22370944634205084
1785942463898932688,19.63065858960825,0.8912195921544828,-2.1177870592138435,0.3723585664571571,0.0,-0.2237074884343219
1785942463948304489,19.62140520325743,0.8760228850392846,-2.128337046161284,0.36127867914786566,0.0,-0.21518497416153262
1785942464019325576,19.611135709006298,0.8600219824875965,-2.140277142644566,0.3612648588540719,0.0,-0.21518419068692402
1785942464060444865,19.60048714187132,0.8433505286091322,-2.1538760607886664,0.3744839884781906,0.0,-0.24394026774445934
1785942464100287913,19.59017351789352,0.8277138299298717,-2.1660772261263905,0.37449717585347164,0.0,-0.2439429105787227
1785942464145624261,19.579096437051643,0.8113534575709874,-2.1785968654928345,0.3881934239709866,0.0,-0.24820583157020717
1785942464211465340,19.567332559439986,0.7943230949767934,-2.192073640308165,0.38820709483074317,0.0,-0.2482062234730705
1785942464261613363,19.555828590647465,0.7777322683063476,-2.2047553717782766,0.3853401286722992,0.0,-0.24394633685291506
1785942464295814208,19.544414908619032,0.7622075945480202,-2.216954017737776,0.38533726835406984,0.0,-0.24394594541183603
1785942464350552840,19.533109614532567,0.7472172939083563,-2.2288690545364243,0.37633239333284335,0.0,-0.238620217305174
1785942464399697560,19.520871759481132,0.7313861113399752,-2.2415572827614056,0.37632340645758655,0.0,-0.23861972776668872
1785942464460221441,19.50961550171992,0.7168475070141291,-2.2540072118404044,0.37559415303515126,0.0,-0.24713988961171343
1785942464521241437,19.49735876370265,0.701207225382165,-2.267038114875774,0.37559347614375527,0.0,-0.2471406179113022
1785942464545560107,19.485094144111212,0.6865365336208155,-2.279867187932495,0.38495382253889965,0.0,-0.25672687539526295
1785942464599773183,19.47248151074927,0.6718350115717946,-2.2927846885771253,0.3849636966254702,0.0,-0.2567278068802971
1785942464662690437,19.458232558424942,0.6554068795404031,-2.3062480976400774,0.40333727389917734,0.0,-0.2535335401116799
1785942464713639835,19.444298641258754,0.6395176962751623,-2.3194849065709313,0.40335582006785886,0.0,-0.2535332431383382
1785942464746249930,19.430696837482422,0.6248783677408607,-2.3320037638386086,0.40085381910231094,0.0,-0.25140280162831646
1785942464794579898,19.416869180878024,0.6103649911458411,-2.3445761525176336,0.40085130906351635,0.0,-0.25140260477464815
1785942464846271949,19.40280361306074,0.5959781748541346,-2.358182672700073,0.4019290497656321,0.0,-0.2652482870305939
1785942464914518945,19.387612459492026,0.5813891140169763,-2.372857991884204,0.40193012501480707,0.0,-0.26524955931958594
1785942464961369784,19.373349892595257,0.567711964167489,-2.3860707591035104,0.3997706079082638,0.0,-0.2599254861682377
1785942464998308239,19.358810904791465,0.5540167623482617,-2.3990573713642926,0.3997685047425117,0.0,-0.25992500861844275
1785942465048010196,19.34352913603358,0.5399868524290242,-2.411978199203125,0.40984816209588953,0.0,-0.2588594477998486
1785942465114878099,19.327641437741118,0.5254449981942079,-2.425838724137549,0.4098584737883581,0.0,-0.25885934739399774
1785942465160501338,19.311956026660816,0.5112389542173251,-2.439675162079633,0.4109490359351638,0.0,-0.2652496632948702
1785942465196511949,19.296224728741965,0.4979370159779587,-2.4529724147113687,0.4109501184459124,0.0,-0.2652502475152304
1785942465246106415,19.28012343607003,0.48469035927371057,-2.4670002779809628,0.41563221865623967,0.0,-0.27590152932863204
1785942465303298998,19.26375220130002,0.4715973541348194,-2.4809154443141526,0.4156369045804552,0.0,-0.2759025111567883
1785942465361061876,19.247590960397805,0.4585339899532915,-2.4928749182418075,0.4120407450162406,0.0,-0.24714659964473648
1785942465417120400,19.230854276559928,0.4452953943745059,-2.5057570667267868,0.4120371788358626,0.0,-0.2471439732299787
1785942465447790484,19.21495338602339,0.43356470653874707,-2.5182571782476404,0.4062721878213664,0.0,-0.2524666946191737
1785942465497793061,19.198416316494054,0.42167528284681755,-2.530914469592242,0.40626649970930107,0.0,-0.25246717831363963
1785942465548686809,19.180960709361376,0.4094566577034538,-2.544038046719134,0.415622583295432,0.0,-0.25672794137394905
1785942465612026831,19.163645375638144,0.3973892551354019,-2.557315380430849,0.4156320849155033,0.0,-0.25672833992287675
1785942465659213363,19.14537589338125,0.38485956748308103,-2.5716437860976735,0.427524177234934,0.0,-0.27163966897861413
1785942465697234228,19.127372294933338,0.3733211092249564,-2.5852297973858844,0.42753607234531843,0.0,-0.2716410427205471
1785942465744630880,19.10873322608178,0.3617258572285442,-2.5987357794596333,0.43510966682402064,0.0,-0.27057735811751155
1785942465823466318,19.089944460527757,0.3495296632781943,-2.6124286198954394,0.4351172271520923,0.0,-0.2705772603198464
1785942465860265504,19.07209977983663,0.33829433394797415,-2.625074970891035,0.4200013914836053,0.0,-0.25779634200313667
1785942465895529014,19.05382506918706,0.32791528466058556,-2.6379758321083533,0.41998630972636297,0.0,-0.25779516748841
1785942465945536359,19.03587785020319,0.3180376993985825,-2.651984391983548,0.4131297041880926,0.0,-0.2727049589476052
1785942465998920987,19.01764710571525,0.308322821875947,-2.665621151335884,0.41312285997412973,0.0,-0.2727063297124518
1785942466060603729,18.99671734040951,0.29676041631136824,-2.6820846759699815,0.4383216528078036,0.0,-0.30146454610740736
1785942466111334750,18.977072810401744,0.2862626922176452,-2.697116173401404,0.43834679734404697,0.0,-0.30146718914015647
1785942466147415700,18.955832605963383,0.2761398895188518,-2.712459964627998,0.46069711572653,0.0,-0.30573009860492656
1785942466195437337,18.934893074287604,0.26655851558452304,-2.727739802185397,0.4607193344603696,0.0,-0.30573048892011906
1785942466251640986,18.910622255518014,0.2558773410873607,-2.742808602055458,0.4888276278149249,0.0,-0.291885010626874
1785942466321536142,18.887839019759355,0.24293130462600854,-2.7570732719479394,0.4888557866548421,0.0,-0.2918837331058089
1785942466363102328,18.863561416279197,0.2300756439692385,-2.7682240575157615,0.4960856048604687,0.0,-0.24288925935630243
1785942466398367310,18.84045811246279,0.22102505072274442,-2.7803716892845856,0.49609279355869423,0.0,-0.2428847724822053
1785942466445490160,18.817539058207302,0.2123379263304068,-2.7891620723992063,0.49213910091989993,0.0,-0.19814742007707783
1785942466510793970,18.795139826853045,0.20342097223815375,-2.7983686060044013,0.49213515313205436,0.0,-0.19814330575386635
1785942466562997432,18.773580707696787,0.19524776384204479,-2.801492760289051,0.4762876642591238,0.0,-0.11293369306250696
1785942466596448264,18.751048791686564,0.1872748495012294,-2.8071594559776156,0.4762718484273862,0.0,-0.11292586062393443
1785942466645684764,18.729112633088118,0.17961981154623818,-2.8087939345492052,0.4701345989106912,0.0,-0.059664553796998886
1785942466706768666,18.706895837135278,0.1719404556361486,-2.8117766297885085,0.4701285039872287,0.0,-0.059659682111416604
1785942466761347644,18.685324949033827,0.16316987567303182,-2.811605808562694,0.46112048513195153,0.0,-0.024507577150133956
1785942466818800078,18.66343439683939,0.1546217355410605,-2.812522422274008,0.46111144976276336,0.0,-0.024504329653152798
1785942466845896808,18.641595876347484,0.1471518513473536,-2.812228715693454,0.46254275164029135,0.0,-0.0042647687483307675
1785942466904570089,18.619682820832136,0.13966165031710084,-2.81244200376449,0.4625441761578267,0.0,-0.004262913456197537
1785942466945627680,18.59785612451431,0.1322068231094186,-2.8127347058044054,0.4618254391325034,0.0,-0.005326126363522206
1785942467012166129,18.576433706657834,0.12391011400898198,-2.8124258030484492,0.46182472022691806,0.0,-0.005326224312671901
1785942467063873476,18.554049753325486,0.11554360691443953,-2.8130827462883135,0.46542479670068515,0.0,-0.01491193887440908
1785942467095973024,18.532560411870556,0.1082187347926744,-2.813810246707121,0.4654283918563884,0.0,-0.014912820547921351
1785942467146169177,18.510783390138833,0.1008249316103026,-2.815921760032204,0.4625513388304178,0.0,-0.033019879117635306
1785942467212437696,18.489646650749346,0.09229784828644748,-2.8167415408837537,0.4625484770018191,0.0,-0.03302153800876052
1785942467261786392,18.46969826133435,0.08462672562483749,-2.8239072675815833,0.44310135256922956,0.0,-0.11290330350724441
1785942467297326841,18.448658794790294,0.0777085030015555,-2.8295520969645795,0.4430818961787058,0.0,-0.11291066444792382
1785942467350102101,18.427716008845866,0.0709949229649385,-2.8404851691213855,0.42001728741539335,0.0,-0.1746919991148449
1785942467399310984,18.40915637234436,0.06523126239409191,-2.8485699878574704,0.41999426563147035,0.0,-0.1746976788371634
1785942467466845568,18.390439274472765,0.05870242773102278,-2.861229206278041,0.3980060790216011,0.0,-0.2236965740901679
1785942467512654671,18.371752379367273,0.052479709854168444,-2.8722298857592965,0.3979842628265591,0.0,-0.22370105171918375
1785942467545781618,18.352673004980055,0.047222347770363306,-2.8847812413134895,0.3965221289422962,0.0,-0.24181170122290666
1785942467606345884,18.333500987710288,0.042187586009837054,-2.896869694580848,0.3965206699057516,0.0,-0.2418133657458547
1785942467648481373,18.313368211998256,0.0371614653438324,-2.9097626923716198,0.40876193732023924,0.0,-0.2524657033719089
1785942467713751453,18.29195142096355,0.031147241498101077,-2.923133819692636,0.40877415553891117,0.0,-0.25246668264393324
1785942467761806883,18.27037625975083,0.02535413419612019,-2.9366268020919155,0.4152680962712086,0.0,-0.25779303342872245
1785942467796570182,18.250779656880923,0.021280282808806363,-2.9490517791575734,0.41527444543106234,0.0,-0.25779351305006754
1785942467856818660,18.23015873361131,0.01725963154790232,-2.9620220836492743,0.41852137841562603,0.0,-0.25885904711193297
1785942467911822647,18.20878666765543,0.012913757437588564,-2.975862770334978,0.4185246841089009,0.0,-0.2588591470312073
1785942467962477857,18.187065693630515,0.00861727998584599,-2.989678843121385,0.4160074202317424,0.0,-0.25672912954080324
1785942468007586933,18.167295975271028,0.005590669461754756,-3.0017968812290765,0.41627232996304775,0.0,-0.24820818208136927
1785942468046129322,18.146555625122293,0.0026722192269858017,-3.0142853618838963,0.4162726634930879,0.0,-0.24820739883668771
1785942468101662161,18.12625389370072,7.361718369805401e-05,-3.026189319926427,0.4077210760958005,0.0,-0.23116551714877473
1785942468155304463,18.106003979493025,-0.002273718455065687,-3.0377475337598847,0.40771254442053567,0.0,-0.23116395079457364
1785942468214393825,18.083743080071486,-0.005665599604208549,-3.0507000648117297,0.4091443373774722,0.0,-0.25565895269159017
1785942468262529481,18.061859572828155,-0.008836447665148794,-3.0639194608310794,0.40914576576638656,0.0,-0.25566120340528176
1785942468295948376,18.041534570950983,-0.010418337466415458,-3.076325114977951,0.4066266371923744,0.0,-0.24075250512416888
1785942468345314737,18.021239230246263,-0.011744848425670517,-3.0883670792217948,0.4066241207112313,0.0,-0.24075113341940832
1785942468399921108,18.000840869799134,-0.012831590686394646,-3.100807690886866,0.41022242069168774,0.0,-0.2567258034070893
1785942468460276790,17.979053448141133,-0.01556933248344846,-3.1134988206784406,0.410226009481129,0.0,-0.25672727084191926
1785942468512706373,17.957185131792905,-0.017798857424065676,-3.126161432427864,0.4213920943825671,0.0,-0.25353353347900015
1785942468546529668,17.93611303830641,-0.01812405508198032,-3.1388405904652386,0.42140324158579073,0.0,-0.25353323982138964
1785942468596535125,17.915181798537777,-0.01818165330847001,3.1317767511480925,0.41601316779386943,0.0,-0.2492726529732373
1785942468649709665,17.89438245927568,-0.01797748096573855,3.119313095778628,0.4160077886352252,0.0,-0.24927226135233055
1785942468720097096,17.876592766342206,-0.02368527859885573,3.113715838726918,0.4145620917668191,0.0,-0.24394653302634386
1785942468760643147,17.857788854438322,-0.026199038593738105,3.104897577342993,0.41456064901780837,0.0,-0.24394604350757626
1785942468806673506,17.83534775727615,-0.025375194087505878,3.091699191626973,0.4192409674754226,0.0,-0.24607571578242834
1785942468845566917,17.816091313737296,-0.02441362677175777,3.08038260399436,0.4192452798467178,0.0,-0.24607589648729192
1785942468920200496,17.79677012453247,-0.025018531758230576,3.0699850521227217,0.4430109334795516,0.0,-0.27270239479541025
1785942468963334231,17.776371666907757,-0.024541393450699407,3.057905936383681,0.44303663634040724,0.0,-0.2727050474980846
1785942469000097895,17.75252579274748,-0.022541156361224862,3.0431253681203936,0.4621487803868616,0.0,-0.2865537231842352
1785942469046641619,17.7308661915087,-0.020401480492551912,3.029630756126534,0.4621667725983152,0.0,-0.28655492383161274
1785942469100431126,17.70628403567987,-0.017637660724185617,3.014082414490038,0.4665058341547116,0.0,-0.29827191109239903
1785942469163034416,17.68592753175123,-0.014416977219628828,2.9999716611794724,0.4665101141653964,0.0,-0.2982729755605696
1785942469212918652,17.664460710480824,-0.0108789873380015,2.9858677863631367,0.45535330663722917,0.0,-0.26632236430734857
1785942469245863385,17.64208580202678,-0.007366214177233013,2.9726208067254127,0.45534146439990164,0.0,-0.26631924038722576
1785942469296179734,17.6200705241759,-0.003610422599293768,2.9600957045131993,0.43768584810083355,0.0,-0.23436408038280296
1785942469363280829,17.599375036483963,0.0014233921509477652,2.9474469763283113,0.43766814202500254,0.0,-0.23436112875856743
1785942469414123855,17.57844592114942,0.006385548585398983,2.935775922352432,0.4459322865792591,0.0,-0.20879652216029573
1785942469446975336,17.556604188921025,0.010945508759766836,2.9253290528222577,0.445940533783295,0.0,-0.20879417239367268
1785942469497184865,17.53377412649231,0.015961238639113338,2.9162008944815367,0.4531509678285764,0.0,-0.1395618620076128
1785942469562887570,17.513224424226916,0.02251144861489307,2.9075888058463404,0.45315787629944493,0.0,-0.13955575294356062
1785942469617394322,17.490047965227784,0.029079689496349457,2.900621202182563,0.46612834659621555,0.0,-0.07351508191523111
1785942469647095793,17.46886262854773,0.0342859080950496,2.897181119850621,0.4661409629104264,0.0,-0.07350916568443434
1785942469697634519,17.446464129894856,0.039872034714203634,2.8944851815094106,0.45247218237649,0.0,-0.030900982085399584
1785942469747334492,17.42462212067287,0.04538196565163782,2.892947011857299,0.45245770670958607,0.0,-0.0308968255941744
1785942469815439946,17.40308557625825,0.05134455370614297,2.8913456041816574,0.44704205659833385,0.0,-5.7016765913353584e-06
1785942469862570284,17.381682385222668,0.056986751756460986,2.8908563942601746,0.4470366307265485,0.0,-2.8511013657008968e-06
1785942469900392742,17.36014248004044,0.06250368857988302,2.890909588116697,0.44235016173913305,0.0,0.0021301367072123507
1785942469946560162,17.338720892023037,0.0679891069920358,2.8910160884946046,0.44234548413593416,0.0,0.0021303327915526997
1785942470020295019,17.317422086316505,0.07298561308117768,2.8909995599274514,0.45566378916435185,0.0,-0.01171536314267024
1785942470062028796,17.295749199029906,0.07814985728828142,2.890548567394067,0.4556770821973742,0.0,-0.011716635962173035
1785942470095746646,17.274063124061446,0.08371134510904849,2.8901491237417725,0.43984682664966274,0.0,-0.004262428258819606
1785942470146296316,17.25275210645389,0.08918572199640386,2.8899359397711133,0.43983102879367936,0.0,-0.00426174310433986
1785942470201813923,17.232361871415414,0.09442820831381148,2.8891355685171733,0.39840554343650075,0.0,-0.027692590180711303
1785942470264523712,17.214038289433148,0.0991533361038311,2.8876682223695336,0.3983644136616,0.0,-0.02769473282206653
1785942470317074132,17.197665919542278,0.10331341863086861,2.8856801950785207,0.3072234922084167,0.0,-0.050063302469355045
1785942470346684047,17.182849789222917,0.10719005671124766,2.8831833040821877,0.30713223689767466,0.0,-0.05006536529415682
1785942470406973743,17.167477506661573,0.11125325216206754,2.8805315128606024,0.26634421372787304,0.0,-0.0458070797479624
1785942470462869668,17.156132708373686,0.11453439189626416,2.877955904415474,0.2663073397763935,0.0,-0.045806725241278615
1785942470511745258,17.143664029440927,0.11793172327275733,2.875473633942777,0.2695105083257219,0.0,-0.0436762736452426
1785942470546010969,17.13066116588135,0.12147610015427024,2.873289593494276,0.2695140475359706,0.0,-0.043676056795181065
1785942470595816451,17.117467440209204,0.12510348241837033,2.8699337316535707,0.2777994447081916,0.0,-0.0905388643596563
1785942470650510090,17.104087869819594,0.12883029494616233,2.8654070114056553,0.277807712895119,0.0,-0.09054317162846137
1785942470714121514,17.090163880881626,0.13312822547741407,2.8598446920105167,0.32138576739568203,0.0,-0.1065235050218257
1785942470762647394,17.075135136394874,0.1375666081722061,2.854161019627097,0.32142924017576713,0.0,-0.10652497331205232
1785942470797114937,17.05924972422194,0.14226261337006296,2.848660846198694,0.33299557919082096,0.0,-0.11078672932277756
1785942470845746165,17.043503605224572,0.14701177485566183,2.843189318651424,0.33300698344279683,0.0,-0.11078711633689377
1785942470896317309,17.02835288600396,0.15167196493844376,2.838072511861335,0.30097201361379944,0.0,-0.09374644470768548
1785942470965606617,17.012894420303038,0.15683572485476463,2.8316225696390207,0.30093963984358646,0.0,-0.09374485856435497
1785942471012725018,16.99801682722401,0.16136505734274934,2.826031581886178,0.28254315310621636,0.0,-0.08841792837208139
1785942471046733664,16.98445817722926,0.16579155508933696,2.8215678033989713,0.2825247920901762,0.0,-0.08841743868832348
1785942471096914072,16.97098743091874,0.17025598582202775,2.8170817027796446,0.2904282051702486,0.0,-0.09267722000283336
1785942471159630806,16.956184808715452,0.1735743537671247,2.8127278992465876,0.29043609101632056,0.0,-0.09267761147200479
1785942471211810587,16.94097539457654,0.1773045566038944,2.8078676518202172,0.3163697731230767,0.0,-0.10865403473679905
1785942471246641696,16.926027072101515,0.18248702119652724,2.802434577297504,0.31639565979398954,0.0,-0.10865550355670525
1785942471296168575,16.91069785121726,0.1878950059045791,2.7969481749757543,0.33370541466883785,0.0,-0.11078711155254341
1785942471361395518,16.894105113680354,0.19186178222480352,2.792461216082036,0.33372268805831085,0.0,-0.11078730746891666
1785942471410525549,16.877968650603513,0.19614903433894795,2.787845821957875,0.32329763289348745,0.0,-0.10120188131690501
1785942471444937507,16.86280162991203,0.20174991888839983,2.7827845325256044,0.3232872268028934,0.0,-0.1012010000699418
1785942471497062758,16.848085721860794,0.20726902204537603,2.77777913941495,0.3056328773868275,0.0,-0.09906998714464271
1785942471547378211,16.833761719893143,0.21272307345653368,2.7728104512048017,0.3056152579560999,0.0,-0.09906979125878616
1785942471610429390,16.820697694691706,0.21341752658772345,2.7735086075315087,0.29623553650909606,0.0,-0.08948397280140417
1785942471661031030,16.807947539715737,0.2158820740537172,2.772097978547715,0.2962261765185164,0.0,-0.08948309176995216
1785942471697380374,16.79390898778007,0.22131895202691892,2.7673842705283853,0.30593899544755354,0.0,-0.09906783307636803
1785942471745387034,16.779668943407323,0.22691119584888045,2.7624304623814764,0.3059486891179669,0.0,-0.09906871412564573
1785942471797274100,16.76509536399288,0.23271791029472075,2.7570503165366964,0.3214418554766849,0.0,-0.11611068642254982
1785942471865221469,16.751057285602737,0.2359146284066967,2.7542540880686817,0.32145731516587434,0.0,-0.11611225265827695
1785942471915337330,16.73693153577033,0.24016225374928438,2.75049528559739,0.32507358936805647,0.0,-0.10546313415065073
1785942471946409862,16.72193291994336,0.24634675641303977,2.745232034819698,0.3250771911213898,0.0,-0.105462157270003
1785942471995434321,16.707253737465958,0.2524901434533695,2.7404074385922645,0.3110376943725545,0.0,-0.08735501292523878
1785942472062848037,16.695606679766406,0.2572498319871502,2.7372619561455083,0.31102366606704507,0.0,-0.08735334651696423
1785942472111902033,16.68418927643218,0.262224197810677,2.733538227155709,0.3035596392932021,0.0,-0.09054632473765915
1785942472146651283,16.670259416314945,0.2682463598778512,2.729010935926499,0.3035413628106297,0.0,-0.09054690210896797
1785942472199675578,16.656464329485303,0.27429127575131335,2.7232888217634073,0.3019927190006482,0.0,-0.10652347738889427
1785942472248607169,16.6426653922866,0.2804254538871256,2.7179619293768487,0.3019911596131815,0.0,-0.1065249594930035
1785942472311476229,16.63319416151605,0.2861081485536726,2.714863966821848,0.3171129918831456,0.0,-0.07989972792037733
1785942472363857138,16.623131591247557,0.2919314404945746,2.710981745126368,0.3171280817824992,0.0,-0.07989728081848789
1785942472399169930,16.608264044596062,0.29875370983978666,2.7081188443780695,0.32470491651612127,0.0,-0.06498386383609248
1785942472451778688,16.591720828811553,0.3064104378300527,2.704470974731191,0.3247124483935429,0.0,-0.06498249841594217
1785942472496413890,16.57925961508213,0.3122251976445386,2.7031545642664945,0.3175167685302591,0.0,-0.04261423013062826
1785942472565026980,16.566739309170597,0.3185067667419732,2.7006340498933192,0.31751039025574784,0.0,-0.04261240433383793
1785942472613837799,16.554178307438583,0.32464702529279993,2.7013174091302696,0.3131841720044354,0.0,-8.859311248318735e-06
1785942472649198049,16.53986448169996,0.33139050212013643,2.7013175032677994,0.31317928989452776,0.0,-4.430116144731831e-06
1785942472696893112,16.526427583620055,0.3377144544321229,2.7024284780808285,0.30453228842123087,0.0,0.01491099013842364
1785942472747957747,16.512643203271352,0.3441897999083096,2.7031743923127194,0.304523753070755,0.0,0.01491234613774193
1785942472811665559,16.502629879850495,0.3509666855792858,2.7005833003282476,0.30667565643334016,0.0,-0.00851776385687916
1785942472860483034,16.491918842239265,0.3574106127691579,2.699251205248353,0.30667782594137527,0.0,-0.008519939550284808
1785942472895675597,16.47832761845888,0.3638409329460442,2.7001031050575857,0.3027191114948371,0.0,0.008518982430975701
1785942472945247758,16.464642871465266,0.3703083619900602,2.7005292664868614,0.30271516005259846,0.0,0.008520548895358934
1785942472998641314,16.452918589270062,0.37584233981039666,2.701041723905402,0.2713842017336795,0.0,0.009587183990497346
1785942473060837100,16.443760402115334,0.3810135019042975,2.70070561483195,0.2713529324435519,0.0,0.009587282038118535
1785942473110431277,16.435751144753784,0.38525749373436896,2.7003451524313262,0.2435954508650956,0.0,0.004262036788768911
1785942473145479483,16.42474208104815,0.39045713590004916,2.7005581739009195,0.2435677520680413,0.0,0.004261547351320454
1785942473196239241,16.414415345841906,0.39532773181350095,2.701663090652093,0.2309372309303729,0.0,0.015976812391998305
1785942473249209582,16.404140448929944,0.4001640664550928,2.7024489856022216,0.23092462802353586,0.0,0.015977889051187136
1785942473318060761,16.394971106832855,0.40492527448977583,2.7021151044229725,0.24279468491834105,0.0,0.006393348616174674
1785942473360365952,16.385666027824286,0.4095394218879148,2.7022168016453545,0.24280652927043972,0.0,0.006392467756971715
1785942473395724762,16.373062324047467,0.4154620303980918,2.702855914521897,0.26658369446309854,0.0,0.010651861497844778
1785942473445059633,16.360993934340634,0.421124980632006,2.703388509677827,0.26660742249358943,0.0,0.010652252992805995
1785942473511566561,16.34982046864808,0.4264303843341924,2.7031989738627913,0.2727525169261788,0.0,0.0010670269319675556
1785942473564303100,16.338570120243606,0.43173119995424064,2.703254250164452,0.27275865034450897,0.0,0.0010661457749818568
1785942473596371511,16.32617081782415,0.4375381845513402,2.7043460571566724,0.27348494867715256,0.0,0.014911157190247114
1785942473646043515,16.31378267308383,0.4433286644388697,2.7050917905660334,0.2734856734399103,0.0,0.014912429669979313
1785942473700365204,16.30283393621648,0.4484395695194249,2.705118595494904,0.25224164382659764,0.0,0.005328084482244446
1785942473765343625,16.292083299729416,0.45349256810633476,2.704939185611479,0.25222044150288414,0.0,0.005327203462050799
1785942473813823167,16.281318329736337,0.4584028250429357,2.705117965798788,0.2500387568990092,0.0,0.007456459709842952
1785942473846270408,16.269992412367827,0.46368615004291985,2.705490691916958,0.2500365795449575,0.0,0.00745665543283816
1785942473897546251,16.25838789758815,0.4690945785506306,2.7057837499670403,0.2539952867598111,0.0,0.006391782610581907
1785942473964520589,16.24803960172089,0.4738336999223623,2.7063671244554963,0.2539992393968646,0.0,0.006391684682219824
1785942474015542534,16.236388315214814,0.47921836787230576,2.7070054951064413,0.2705669110409923,0.0,0.008521724218432943
1785942474049439911,16.224116904621376,0.4849145704788886,2.7074315617474634,0.27058343754041053,0.0,0.008521919915131656
1785942474097382056,16.211657936950193,0.4906910098117084,2.707938970965521,0.2727604507348645,0.0,0.00958718417734777
1785942474148795312,16.199313775949378,0.4964069814243218,2.7084171135355746,0.2727626241849035,0.0,0.009587282131549336
1785942474213614815,16.188622272235147,0.5012674709041365,2.708242285179519,0.26412286151916803,0.0,1.7616631721208142e-06
1785942474263060411,16.177567641729233,0.5062924129889356,2.7082887729161325,0.2641142424062339,0.0,8.80912519902149e-07
1785942474296790838,16.166344858469966,0.5114808601823144,2.7090076808897234,0.25294312203050895,0.0,0.009585617756098863
1785942474347188758,16.15486036179615,0.5167838639070813,2.7094872220970205,0.25293197237832965,0.0,0.009586498848929524
1785942474396256771,16.143372710067155,0.5220857263246548,2.709087888454558,0.25301079883712074,0.0,-0.0021283752787976794
1785942474464721823,16.1336296104248,0.5263422482013629,2.70967688579981,0.2530108971388458,0.0,-0.0021294519964024064
1785942474514623981,16.124931475080857,0.530289136908569,2.710440831545017,0.2342505676799217,0.0,0.004259882934989537
1785942474547990105,16.114166953488475,0.5352409854343584,2.7106564145180454,0.23423496433816965,0.0,0.0042604703254374675
1785942474604359233,16.114348789635304,0.535157113607337,2.7107086254288357,0.0,0.0,0.0
1785942474646945107,16.11091192206352,0.5367370106785541,2.7108150917401885,0.0,0.0,0.0
1785942474738230755,16.11221368204463,0.5358155530511731,2.7112088103840537,0.0,0.0,0.0
1785942474777760287,16.111917142822996,0.5357882378354404,2.711436270800176,0.0,0.0,0.0
1785942474802221778,16.1123084149996,0.5356085711601335,2.7114881324678173,0.0,0.0,0.0
1785942474846357888,16.112308552862746,0.5356085078023021,2.7114881344850046,0.0,0.0,0.0
1785942474899270274,16.1143708148233,0.5346624497661512,2.7119983252867654,0.0,0.0,0.0
1785942474961625010,16.117090781384604,0.5332930759623831,2.7129472447127987,0.0,0.0,0.0
1785942475028612181,16.1194390053483,0.532225567952025,2.713346104798198,0.0,0.0,0.0
1785942475049391034,16.120799119345612,0.5316046754006213,2.713505659614558,0.0,0.0,0.0
1785942475100619771,16.11987289994784,0.5320268508860776,2.712546141862683,0.0,0.0,0.0
1785942475147640408,16.119708138658698,0.5321022212772271,2.7119603989002155,0.0,0.0,0.0
1785942475223133925,16.1190152339411,0.5322681266390321,2.712516839749998,0.0,0.0,0.0
1785942475260228034,16.118624477989233,0.5323704264389828,2.7126577915059826,0.0,0.0,0.0
1785942475296368698,16.11877865058827,0.5322998242829823,2.712684412884812,0.0,0.0,0.0
1785942475344770765,16.11856572543498,0.5323971949141464,2.712684415335216,0.0,0.0,0.0
1785942475395804710,16.118746362157996,0.5323145896522989,2.7126844177874885,0.0,0.0,0.0
1785942475461777474,16.119504014834117,0.5319548617877501,2.7128734300651662,0.0,0.0,0.0
1785942475512361866,16.120102060670124,0.5317021397757749,2.7129769643453776,0.0,0.0,0.0
1785942475545844987,16.120118457185118,0.5316946474536949,2.7129769643453776,0.0,0.0,0.0
1785942475598960197,16.120110233238858,0.5316984053629927,2.7129769643453776,0.0,0.0,0.0
1785942475646081542,16.120110225084485,0.5316984090891105,2.7129769643453776,0.0,0.0,0.0
1785942475712757949,16.120480523203383,0.5316844893745984,2.7130178918023837,0.0,0.0,0.0
1785942475766129425,16.120796171267184,0.5316976790707175,2.7130360893816956,0.0,0.0,0.0
1785942475797029598,16.120796171259023,0.5316976790744474,2.7130360893816956,0.0,0.0,0.0
1785942475846905482,16.120796171259016,0.5316976790744509,2.7130360893816956,0.0,0.0,0.0
1785942475896336421,16.120796171259006,0.5316976790744544,2.7130360893816956,0.0,0.0,0.0
1785942475961443296,16.120392620924928,0.5317990275335238,2.713015664032799,0.0,0.0,0.0
1785942476011511379,16.12004910164575,0.5318734544847759,2.7130044165663803,0.0,0.0,0.0
1785942476046429852,16.12004910164575,0.5318734544847759,2.7130044165663803,0.0,0.0,0.0
1785942476097381682,16.12004910164575,0.5318734544847759,2.7130044165663803,0.0,0.0,0.0
1785942476146099057,16.12004910164575,0.5318734544847759,2.7130044165663803,0.0,0.0,0.0
1785942476213056467,16.120676693860297,0.5317614871733649,2.712925032422088,0.0,0.0,0.0
1785942476272782429,16.121204502012095,0.5316819705994681,2.712875702351996,0.0,0.0,0.0
1785942476297597183,16.121204502012095,0.5316819705994681,2.712875702351996,0.0,0.0,0.0
1785942476345588322,16.121204502012095,0.5316819705994681,2.712875702351996,0.0,0.0,0.0
1785942476412802606,16.12284717820795,0.5310133137220634,2.7129039459021187,0.0,0.0,0.0
1785942476463171661,16.12420839964392,0.5304714183977874,2.712917814794999,0.0,0.0,0.0
1785942476496625757,16.12420839964392,0.5304714183977874,2.712917814794999,0.0,0.0,0.0
1785942476545508995,16.12420839964392,0.5304714183977874,2.712917814794999,0.0,0.0,0.0
1785942476598030934,16.12420839964392,0.5304714183977874,2.712917814794999,0.0,0.0,0.0
1785942476663455868,16.126725523132492,0.5294793913342201,2.712867324373441,0.0,0.0,0.0
1785942476714295950,16.128825262070745,0.5286698106192892,2.712834310596253,0.0,0.0,0.0
1785942476746312518,16.128825262070745,0.5286698106192892,2.712834310596253,0.0,0.0,0.0
1785942476795769250,16.128825262070745,0.5286698106192892,2.712834310596253,0.0,0.0,0.0
1785942476863227448,16.13241342851551,0.5271037946563645,2.712830130249653,0.0,0.0,0.0
1785942476918580216,16.135393047178127,0.5258118157569431,2.712826535639782,0.0,0.0,0.0
1785942476945675954,16.135393047178127,0.5258118157569431,2.712826535639782,0.0,0.0,0.0
1785942476995937453,16.135393047178127,0.5258118157569431,2.712826535639782,0.0,0.0,0.0
1785942477045868635,16.135393047178127,0.5258118157569431,2.712826535639782,0.0,0.0,0.0
1785942477109609697,16.137518361043206,0.52489685025358,2.712657760714946,0.0,0.0,0.0
1785942477162864848,16.139313988304924,0.52412773641162,2.7125481801882936,0.0,0.0,0.0
1785942477197205282,16.139313988304924,0.52412773641162,2.7125481801882936,0.0,0.0,0.0
1785942477245730042,16.139313988304924,0.52412773641162,2.7125481801882936,0.0,0.0,0.0
1785942477312278828,16.141452942258624,0.5232392016617361,2.7128122206289627,0.0,0.0,0.0
1785942477361786058,16.143243425500813,0.5225089954992946,2.7129624903942,0.0,0.0,0.0
1785942477397354380,16.143243425500813,0.5225089954992946,2.7129624903942,0.0,0.0,0.0
1785942477445711965,16.14327630775848,0.5224939694818678,2.7129624903942,0.0,0.0,0.0
1785942477496734198,16.143341929395685,0.522463982749189,2.7129624903942,0.0,0.0,0.0
1785942477562999069,16.1449981030067,0.5217789153824979,2.7129888694241635,0.0,0.0,0.0
1785942477614658383,16.146789118110956,0.5210308269850578,2.712811955652762,0.0,0.0,0.0
1785942477646676135,16.147177085567524,0.5208534689915792,2.712677613186847,0.0,0.0,0.0
1785942477697411125,16.147177477439094,0.5208532897225742,2.7126776006871847,0.0,0.0,0.0
1785942477760762763,16.148390460406276,0.5203992121406044,2.712230655187751,-0.0014403544017773733,0.0,-0.022366437701567397
1785942477809546989,16.149432763237012,0.5200204196838998,2.7111700491646045,-0.0014417758030333932,0.0,-0.022368494983598518
1785942477848496338,16.14823319071654,0.5205711771598682,2.712623963383504,0.05401061728898569,0.0,0.08094134295473554
1785942477900829661,16.14580267670661,0.521682831079237,2.716623875388584,0.05406525461053975,0.0,0.0809507180908887
1785942477946720367,16.141567859724898,0.5235993062121721,2.7211027896793705,0.13081764062529166,0.0,0.09587106283716318
1785942478022632076,16.136139296055692,0.5261236735801088,2.726473552261405,0.13089394466475524,0.0,0.09587242901834264
1785942478059720617,16.1312196474569,0.528380851621908,2.7310404403289215,0.16553808559457184,0.0,0.11291489802518993
1785942478095718427,16.12362514509502,0.5316866508562222,2.736688508433798,0.1655726093856431,0.0,0.1129164622416723
1785942478145518309,16.11596480992089,0.5349697654121137,2.742228116719718,0.1677676173615053,0.0,0.10865775528681314
1785942478213160321,16.1095174511344,0.5377506733233437,2.7476509905484967,0.16776980700830327,0.0,0.10865736400271714
1785942478261775164,16.103344926914477,0.5403740416102816,2.7527445843568574,0.14508682846533227,0.0,0.09481107434353235
1785942478295922087,16.096647344813675,0.5431180982821874,2.7574754174408485,0.14506423669090002,0.0,0.09480980418215623
1785942478345149690,16.090487538061872,0.545607848072795,2.761761115431479,0.12091637507882758,0.0,0.07670237878432568
1785942478395192557,16.08487045194862,0.5478502840407758,2.7655987418768047,0.12089221193613792,0.0,0.0767007099610474
1785942478462908429,16.080703275054134,0.549482702972659,2.769256072360127,0.11366642680622377,0.0,0.07030863023337552
1785942478510583395,16.07650203049636,0.5511163094471428,2.772757852899824,0.11365922125631353,0.0,0.07030804314908176
1785942478547546395,16.07058563191567,0.5534031431762686,2.7771790875408,0.1399378949993105,0.0,0.10651978392666589
1785942478601915830,16.064046243972047,0.5558975961600664,2.7825054236638387,0.13996412193221414,0.0,0.10652311259338605
1785942478663679311,16.057891460671605,0.5582899938604765,2.788031935851902,0.15367337742927561,0.0,0.10226617138885367
1785942478712441552,16.051278210507697,0.5608275367405393,2.7933270764318627,0.15368707587837402,0.0,0.10226577961724229
1785942478745696504,16.044108458898272,0.5634306159185437,2.798432519383895,0.15190037202971166,0.0,0.10226538784555571
1785942478798354064,16.03694795129218,0.5659890394795575,2.803551818749797,0.1518985885922713,0.0,0.10226538780953806
1785942478846684736,16.029887159367384,0.5684711464098939,2.808583777161142,0.1475758266081672,0.0,0.09907018225440357
1785942478911551153,16.02326376608156,0.5707848759509229,2.813722838546321,0.14757151644620828,0.0,0.09906988882260861
1785942478964825569,16.016624767269857,0.5730784344029309,2.8188435358329946,0.14216586287088942,0.0,0.09906959539020399
1785942478996541902,16.00996262432328,0.5753065422033903,2.823739148950785,0.1421605338353981,0.0,0.09906959536356144
1785942479047061875,16.00313707541556,0.5775522102081025,2.8286380266546054,0.14539585900535013,0.0,0.09693946096142782
1785942479118146933,15.996358100779336,0.5797437622711906,2.8338968422765176,0.14539912704111752,0.0,0.09693926278031413
1785942479159660029,15.990434957948956,0.5816371714488489,2.838546709886276,0.1446822250753812,0.0,0.10013427177172259
1785942479198399130,15.983524283579552,0.583797978943658,2.843557985042965,0.14468151227399098,0.0,0.10013456435852507
1785942479245318004,15.976478562891355,0.5859623156178114,2.8485653407182707,0.15008201933793314,0.0,0.10013485694518182
1785942479294883796,15.969292550246053,0.5881304274144116,2.8535730562775465,0.15008740353140576,0.0,0.10013485697204866
1785942479363328752,15.962237312940868,0.5903074716843765,2.8589301046362907,0.15441375135160754,0.0,0.1033300615016398
1785942479413761521,15.955031133765583,0.5925128004158311,2.8642495889286503,0.15441807254638915,0.0,0.10333035544153676
1785942479445496447,15.947823502584086,0.5945646637455911,2.8691756245676583,0.1454203677300832,0.0,0.09374503362464047
1785942479499536620,15.940818119719802,0.5965217008323037,2.873864914733925,0.14541139218017274,0.0,0.09374415295610115
1785942479561754455,15.93451976199882,0.5981986568089773,2.8783614007426856,0.14108144379716442,0.0,0.09480833818112339
1785942479619084516,15.928206764573185,0.5998425910650209,2.88298199199755,0.14107712361085165,0.0,0.09480843597543764
1785942479645714091,15.92135477340903,0.6016551791668963,2.8877270022207253,0.14215305242642579,0.0,0.09480853376976306
1785942479697801261,15.914477856717209,0.6034394895495337,2.8924653582915094,0.14215412526388826,0.0,0.09480853377874439
1785942479751820186,15.907488171251039,0.605217754969252,2.89728312782156,0.14647615437989214,0.0,0.09800373819387817
1785942479816548454,15.899765194173856,0.6071477031130501,2.9033432830509374,0.1464804719689684,0.0,0.09800403218205053
1785942479863574595,15.892080143820747,0.6091116561058422,2.9091571284319113,0.15008558875613864,0.0,0.10545980871138443
1785942479905846473,15.884772013090895,0.6108415925073328,2.914434063273289,0.15008918852565575,0.0,0.10546049439768258
1785942479945610510,15.877584823540655,0.612502896067183,2.919489770971092,0.14523412675321193,0.0,0.09694063105244655
1785942480015620006,15.869394873110648,0.614128494090714,2.9264647927613368,0.14522807132746562,0.0,0.09693984787938202
1785942480066316146,15.86148147937638,0.615860408657864,2.932573900264061,0.14360164574374717,0.0,0.09800413064636065
1785942480098117762,15.854457891787675,0.6173502295475014,2.9374740436672537,0.14360002377413716,0.0,0.0980042284263596
1785942480146591064,15.847177443806672,0.618857295563001,2.9425417317743685,0.14863970887745942,0.0,0.10119954157795898
1785942480221975168,15.83845943212937,0.6210618567970847,2.9479465502776305,0.14864464966424754,0.0,0.10119983009338952
1785942480260384048,15.830063425861757,0.623150283756228,2.953028612180368,0.14523962556940753,0.0,0.09694068906937504
1785942480296392323,15.8229238481046,0.6245127357966467,2.957880446839245,0.14523083592167227,0.0,0.09693987697072183
1785942480345144036,15.81545375545843,0.6258995212685355,2.9634454744155545,0.14972302526545003,0.0,0.10652468058184689
1785942480397095040,15.808083307427582,0.6272266164432487,2.96877342597507,0.14972750499857018,0.0,0.10652556114607777
1785942480464307916,15.799932859762885,0.6287244674441064,2.974354670608692,0.14793158718958752,0.0,0.0990709657009615
1785942480518474655,15.791898828255452,0.6302153205029808,2.979821916588524,0.14792979513301352,0.0,0.09907028058190984
1785942480546369207,15.784732718741298,0.6313849548420948,2.984615454852056,0.14612760092863977,0.0,0.09693945641358051
1785942480596822170,15.777512436808301,0.632527776250792,2.9894650633890656,0.14612580194051378,0.0,0.09693926050596398
1785942480646909230,15.770133276200813,0.6336577829230295,2.994948832304204,0.148284487514255,0.0,0.1054596145018857
1785942480717759175,15.761634471093151,0.6350892479884834,3.0010156198559885,0.14828664077324405,0.0,0.10546039728407722
1785942480762573615,15.753614462356998,0.636463927513071,3.005623568996029,0.14468799109871058,0.0,0.09055022214226528
1785942480795716051,15.746448647472686,0.637444305073058,3.0101500438783253,0.14468439816703388,0.0,0.09054885104178766
1785942480849693887,15.739331137504672,0.6383840247482483,3.015156344983673,0.14396064655909355,0.0,0.09693788979859681
1785942480915996871,15.731370759307943,0.6395426015335962,3.0204966406509137,0.14395992419236792,0.0,0.09693847712646227
1785942480959880363,15.723610273550355,0.6406535113866866,3.0254758172592644,0.1486405212214685,0.0,0.09800413608130246
1785942481009573328,15.716218640957745,0.6415156850020867,3.0303820747213397,0.14864505479928472,0.0,0.09800423114433383
1785942481046731952,15.708923216661947,0.6423312837592522,3.0348510313096244,0.14648923521668497,0.0,0.09161395165429134
1785942481104937503,15.701710798360685,0.6431040856952047,3.039387573405349,0.1464870189855117,0.0,0.09161334656001116
1785942481165444871,15.693619963781448,0.644106842352304,3.0426531924360285,0.14864528733581708,0.0,0.07031137299788048
1785942481212557032,15.685889880882828,0.6450483539240198,3.046259145027963,0.14864744158961393,0.0,0.07030941465745956
1785942481247512178,15.67843652724023,0.6457633556962135,3.0488917906791313,0.14936975807212344,0.0,0.0585916978356007
1785942481298295298,15.670999223747016,0.6464547828852804,3.051821552868458,0.14937047871633888,0.0,0.058590621090378464
1785942481360085852,15.6636052187749,0.6471438648486088,3.0540828623638836,0.14757079274283094,0.0,0.04580872024436881
1785942481419028135,15.656159949312546,0.6478507981681677,3.056556150545096,0.14756899700523965,0.0,0.04580754556793081
1785942481446737721,15.648886745261935,0.6484713259336491,3.0585996637127155,0.14684704105136898,0.0,0.04261116411733289
1785942481496367003,15.641568979419366,0.6490800474939897,3.0607304110640032,0.14684632273568843,0.0,0.04261087120499306
1785942481546413614,15.634520741475555,0.6496522096186982,3.062381947031292,0.14324481594603417,0.0,0.03622016843358001
1785942481599787810,15.627380788152925,0.6502189559655049,3.0641930389165264,0.14324120996223175,0.0,0.03621957909138054
1785942481661294225,15.620384535320655,0.6508393592218203,3.0648331565525186,0.14395776570070287,0.0,0.01811282391516868
1785942481712708504,15.613385774515274,0.651482573546614,3.0658468989157996,0.14395848083691912,0.0,0.0181111595207101
1785942481747734565,15.605694492253514,0.6520649087937633,3.067391706811084,0.15080072805955638,0.0,0.026630044188061277
1785942481829275100,15.596942260872122,0.6527155274521548,3.0689414798102432,0.1508075567693664,0.0,0.026630827256058285
1785942481850281674,15.590543168745281,0.6531812486836204,3.0700744724039866,0.1508075567693664,0.0,0.026630827256058285
1785942481915630958,15.582820079409885,0.6538182148285919,3.0697982018185708,0.149013443787111,0.0,0.00959004096882874
1785942481972282017,15.575225560993898,0.6544745338949162,3.0701202582014613,0.14577082089973703,0.0,0.004262210423916572
1785942481996763701,15.567956154809547,0.6549949825961731,3.0703332970702033,0.14576701518454302,0.0,0.00426163418625245
1785942482046484443,15.560470935853422,0.6555273527459864,3.0713445428184545,0.1486438345475117,0.0,0.014911739270383813
1785942482115329222,15.55261199396196,0.6562608630928953,3.0725523751825907,0.14864671297481954,0.0,0.014912720736554742
1785942482162129659,15.545140904752792,0.6569998251724058,3.0744430949798893,0.1446887090301156,0.0,0.026629456298128913
1785942482196396971,15.537921882591846,0.6574853077677889,3.075774957652965,0.14468475897809882,0.0,0.026630533284075303
1785942482246335674,15.530026994359492,0.6580106208834707,3.0751895604394206,0.15368281458843977,0.0,0.0010699655101337156
1785942482298065486,15.52235903273594,0.6585205486486514,3.075242762353467,0.15369179769204308,0.0,0.0010676151991864133
1785942482364883626,15.515189463252508,0.6589192608694897,3.075691418175663,0.15118021771261156,0.0,0.0010652648879761893
1785942482420659323,15.507920237050486,0.6593865408609872,3.075977882138137,0.15117771182859302,0.0,0.001065264671994995
1785942482445398233,15.501240093425377,0.6598241920554606,3.076510579017757,0.13965262740972473,0.0,0.007455676231347203
1785942482497424825,15.494274753186696,0.6602781510075773,3.076883378894879,0.1396411249222754,0.0,0.007456263657579973
1785942482546771121,15.48789044590001,0.6606928983833713,3.0767769631328123,0.13170785172121358,0.0,0.0010664392521272086
1785942482630514653,15.481860400226779,0.6610239151831235,3.0771453347361883,0.1316999343817201,0.0,0.0010658519080434983
1785942482653779522,15.475692251895698,0.6614266424235808,3.077370759529743,0.1316999343817201,0.0,0.0010658519080434983
1785942482697000877,15.467769513632621,0.6619315688653191,3.0783529324303744,0.1435748470079556,0.0,0.008520755107397067
1785942482759839311,15.459851113522072,0.6624346055624599,3.0782174898156676,0.15368051271546676,0.0,0.0010666433246295211
1785942482811138131,15.454069676924993,0.6626767830923251,3.078732781630836,0.15369064703768073,0.0,0.0010659539540562046
1785942482865297189,15.447780618118585,0.6630628168946746,3.081422663487354,0.15622133868407678,0.0,0.03301731400501865
1785942482897696716,15.439980812930347,0.6635326965413827,3.0830744384593163,0.15622386807199093,0.0,0.03302025533365344
1785942482946505647,15.43329106577738,0.6639265015205499,3.0837667041778176,0.1414630682972815,0.0,0.02024237140119399
1785942482997639948,15.426229356725809,0.664335306785392,3.08477899374652,0.1414483471504095,0.0,0.020241197674513545
1785942483060915743,15.420947395118489,0.664643758977218,3.0867281767455568,0.13531531433235866,0.0,0.031955778324132655
1785942483114356885,15.415295533365754,0.6650016227144986,3.0883595700180724,0.13530766634866867,0.0,0.0319568549713952
1785942483148001869,15.408303584959885,0.6653755746048096,3.0893964082925196,0.1386018565813439,0.0,0.024502449738175006
1785942483198805469,15.401386364873527,0.6657369565659063,3.090620776921498,0.13860459132861713,0.0,0.02450176570990169
1785942483261312147,15.393530230627372,0.6664852851131318,3.091594850859211,0.15511094495313135,0.0,0.028761354566198428
1785942483311859001,15.386017149295638,0.6671280044235245,3.0927219595656275,0.15512745597104813,0.0,0.028761746936941862
1785942483345215109,15.37805548430044,0.6675150091356151,3.095117687190417,0.15802461226058082,0.0,0.041542963390548394
1785942483398016643,15.370161971617007,0.667882123901847,3.097195101212861,0.1580275030829758,0.0,0.04154413801314751
1785942483445078786,15.36315932570187,0.6681959771024312,3.097994369557163,0.14614774223831037,0.0,0.024504215394216197
1785942483517309392,15.355047716088512,0.6690734857235249,3.0986340888585207,0.14613588264905003,0.0,0.024502648619222973
1785942483566387517,15.3475706139533,0.6698168029367274,3.099748806023349,0.13964256525250163,0.0,0.027696288904835904
1785942483597799550,15.340587997510887,0.6701091522659166,3.10113512802123,0.13963608733115954,0.0,0.027696582353115246
1785942483646690244,15.333264814505268,0.6704048253223218,3.102918478033575,0.1443106605107366,0.0,0.033022218166385585
1785942483696149185,15.32605252261388,0.6706838943496156,3.104570009955254,0.14431532520487622,0.0,0.03302270764013892
1785942483759287599,15.31820987783709,0.6712699736336885,3.1055836608389678,0.14864095211757752,0.0,0.027697855140702846
1785942483816088903,15.31052596223354,0.6718042227878971,3.1068093163752923,0.14864527032765945,0.0,0.027697365543035323
1785942483847770002,15.303077541737066,0.6720632098072784,3.108277966809996,0.14864958853598859,0.0,0.028761943555205706
1785942483898719048,15.295643078923955,0.6723109782051142,3.109717258531955,0.1486495928476692,0.0,0.02876204145858748
1785942483960559812,15.288681062916782,0.672837259413025,3.111022567821473,0.15117018264811258,0.0,0.030892278023680435
1785942484015476596,15.281594476737618,0.673324883742833,3.112407865103334,0.15117268929837624,0.0,0.030892473139930352
1785942484049076297,15.274374522251517,0.6735355311693105,3.1139387543810453,0.14757435943135358,0.0,0.030892668256221188
1785942484096453973,15.266991788812257,0.6737397440623811,3.1154849127508624,0.14757078509018842,0.0,0.030892668274072152
1785942484151993372,15.259775785874018,0.6739282917961121,3.1169502970435805,0.1454067596968292,0.0,0.02982760214074963
1785942484211097134,15.252796186934685,0.6744456907002856,3.117735548471724,0.14540458288315433,0.0,0.029827503463155495
1785942484262478165,15.245845522718877,0.6748555650542619,3.1189923882422588,0.14432215884214075,0.0,0.031957540210130905
1785942484296799206,15.238624459690442,0.6750187905209263,3.120591825329878,0.1443210786190513,0.0,0.03195773599535689
1785942484345414370,15.23118065714261,0.6751754583877024,3.1221083673434666,0.1474691459194123,0.0,0.030892863894311826
1785942484416150806,15.223940762476005,0.6754507944613937,3.1233596646988557,0.1474730685417417,0.0,0.03089276610210065
1785942484460215137,15.216439946615154,0.6756865572408518,3.124954028609822,0.15080773586440283,0.0,0.0340878749512272
1785942484496099087,15.208852427162439,0.6758128150653141,3.126669255911893,0.15081106416852533,0.0,0.03408816874418224
1785942484548226419,15.201572750419245,0.6759225337925572,3.127886251151406,0.14793371730237725,0.0,0.027698044351983968
1785942484598883741,15.194177468163629,0.6760239029042798,3.1292710145236735,0.14793086123717633,0.0,0.027697460157068185
1785942484663922421,15.18784014958401,0.6762808013657352,3.1309328318293455,0.14504739568401537,0.0,0.033022212321039045
1785942484717049471,15.181219505659419,0.6765241090039857,3.1325232286397813,0.14504450068636873,0.0,0.033022704716919274
1785942484745747223,15.17409781080792,0.6765888625967247,3.13407769740148,0.1443214262410795,0.0,0.03195812555291776
1785942484799146892,15.166858120700367,0.6766432695331007,3.135680886683769,0.14432071194573773,0.0,0.031958028693561256
1785942484847305621,15.159751693000278,0.6766856043831694,3.1371192235545617,0.1428797007492957,0.0,0.029827799243822724
1785942484912670170,15.153075166318997,0.6766740842539847,3.138881090332686,0.14287825227944856,0.0,0.02982760202380942
1785942484963077658,15.146390869252517,0.6766898053795557,3.1406270869406905,0.14179656373902264,0.0,0.0308924718670412
1785942485005501382,15.139163496657524,0.6766967836308072,-3.1409835877143326,0.1417954806784213,0.0,0.03089257007042654
1785942485046867977,15.132025528195086,0.6766923509067873,-3.139390290445699,0.14431505963123623,0.0,0.031957739775197044
1785942485118737481,15.126795778633818,0.6767562125888168,-3.1376436910689884,0.14431752551879098,0.0,0.03195783578723239
1785942485159763678,15.121470050039836,0.6768568591940909,-3.1359732941608507,0.14143945924552304,0.0,0.03195793179858069
1785942485196659220,15.114385678836028,0.6768170486559264,-3.134372488471227,0.14143653091078878,0.0,0.03195793180757846
1785942485248332261,15.10775144746802,0.6767691033653385,-3.132855520730447,0.13567230631247362,0.0,0.030892863975822353
1785942485296848477,15.100969753921122,0.6767098484809626,-3.1313111047382747,0.1356665575740339,0.0,0.030892766142861745
1785942485363247497,15.104063800149968,0.6763447894199272,-3.1293525476860546,0.13926161171494103,0.0,0.037283079148724384
1785942485415715834,15.105490325643817,0.6760970845069145,-3.1275371993794248,0.13926520257534505,0.0,0.037283667034159404
1785942485446471361,15.09813157006347,0.6759957567915457,-3.126478600320383,0.14503013720434332,0.0,0.026633559591805557
1785942485498085169,15.090877417358364,0.6758861102051268,-3.125146537198673,0.14503586433192547,0.0,0.026632585119089072
1785942485561059097,15.083127764004647,0.6759198375223255,-3.123894028699129,0.1432412022914808,0.0,0.02450147521443172
1785942485611154125,15.075438212393088,0.6759459087698969,-3.122627920834862,0.1432394028170968,0.0,0.024501278403434197
1785942485645355514,15.06905758964833,0.6758245652729534,-3.12140702052549,0.13315527893681514,0.0,0.024501081592137944
1785942485710325519,15.062402692552356,0.6756902124755558,-3.1201820138577268,0.13314525071448854,0.0,0.02450108157411151
1785942485745148084,15.058150786961656,0.6755999444480849,-3.1197549053105535,0.101088268393247,0.0,0.013850402844951372
1785942485818385802,15.05229131832361,0.6756644127054987,-3.1189641058263327,0.10105616580538031,0.0,0.01384942047692467
1785942485860805717,15.047915826363587,0.675758405403433,-3.1190927660535315,0.0,0.0,0.0
1785942485897191831,15.043755075574373,0.675664773465721,-3.1189859312721433,0.0,0.0,0.0
1785942485946397737,15.040320053987195,0.6755866394455526,-3.1185607754764924,0.0,0.0,0.0
1785942486002156665,15.036608016858162,0.6755011286664174,-3.1182383131450404,0.0,0.0,0.0
1785942486060154272,15.030756688568545,0.6756375777810095,-3.1179979735242447,0.0,0.0,0.0
1785942486110214771,15.0252827278562,0.6757750701957695,-3.1177510720676134,0.0,0.0,0.0
1785942486146084673,15.023485649202147,0.6757320458742613,-3.117591618677198,0.0,0.0,0.0
1785942486198001564,15.020990379381411,0.6756721448098623,-3.1174313699689007,0.0,0.0,0.0
1785942486263998361,15.020980224439418,0.675851412595503,-3.1174626015760465,0.0,0.0,0.0
1785942486313398643,15.020000248602612,0.6760011533261818,-3.117435288794819,0.0,0.0,0.0
1785942486348096595,15.020549202252631,0.6760144095018406,-3.117435296108999,0.0,0.0,0.0
1785942486400800717,15.02082039580297,0.6760209620884212,-3.1174352961096656,0.0,0.0,0.0
1785942486461055403,15.021357156408374,0.6761811431810532,-3.1172320414356904,0.0,0.0,0.0
1785942486517590778,15.021787393049909,0.676341006539193,-3.117105262666142,0.0,0.0,0.0
1785942486546078281,15.021518135858908,0.6763344176754501,-3.1171583934405316,0.0,0.0,0.0
1785942486596904666,15.021517874256482,0.6763344112710978,-3.1171583981951136,0.0,0.0,0.0
1785942486647074290,15.021490710472209,0.6763337474117989,-3.117158403040769,0.0,0.0,0.0
1785942486714152088,15.023029335792046,0.676383573769022,-3.1171563464162455,0.0,0.0,0.0
1785942486761128308,15.024328728536336,0.6764439755970402,-3.1171600294231774,0.0,0.0,0.0
1785942486811127781,15.024328737420607,0.6764439758142303,-3.1171600294231774,0.0,0.0,0.0
1785942486848136351,15.024328746421007,0.6764439760341776,-3.1171600294231774,0.0,0.0,0.0
1785942486899202169,15.024328746429848,0.6764439760343937,-3.1171600294231774,0.0,0.0,0.0
1785942486962234083,15.026191450366023,0.6765327192247822,-3.1171512074099046,0.0,0.0,0.0
1785942487011636541,15.027744038280945,0.6766312012753769,-3.1171521134208486,0.0,0.0,0.0
1785942487046037810,15.027744038280954,0.6766312012753771,-3.1171521134208486,0.0,0.0,0.0
1785942487095677973,15.027744038280954,0.6766312012753771,-3.1171521134208486,0.0,0.0,0.0
1785942487161440777,15.027928138092948,0.6767179654867538,-3.1170462500557043,0.0,0.0,0.0
1785942487212864465,15.028080789079718,0.6768117480030003,-3.1169915178201824,0.0,0.0,0.0
1785942487245534563,15.028080789079718,0.6768117480030003,-3.1169915178201824,0.0,0.0,0.0
1785942487296610397,15.028080789079718,0.6768117480030003,-3.1169915178201824,0.0,0.0,0.0
1785942487347751355,15.028080789079718,0.6768117480030003,-3.1169915178201824,0.0,0.0,0.0
1785942487411540578,15.027940827025942,0.6769259399089758,-3.116887329169308,0.0,0.0,0.0
1785942487463091087,15.027823273235713,0.6770434102068199,-3.116825129784303,0.0,0.0,0.0
1785942487496841579,15.027823273235713,0.6770434102068199,-3.116825129784303,0.0,0.0,0.0
1785942487545232573,15.027823273235713,0.6770434102068199,-3.116825129784303,0.0,0.0,0.0
1785942487597346624,15.027823273235713,0.6770434102068199,-3.116825129784303,0.0,0.0,0.0
1785942487663196535,15.026730925980079,0.6771882655238978,-3.116789697058826,0.0,0.0,0.0
1785942487714322388,15.025810040671324,0.6773301195423437,-3.116772393392286,0.0,0.0,0.0
1785942487748722985,15.025810040671324,0.6773301195423437,-3.116772393392286,0.0,0.0,0.0
1785942487798044351,15.025810040671324,0.6773301195423437,-3.116772393392286,0.0,0.0,0.0
1785942487874361484,15.024934933540438,0.6774261120903191,-3.1173058420157296,0.0,0.0,0.0
1785942487926866942,15.024205339812504,0.6775037094076366,-3.1176115107900664,0.0,0.0,0.0
1785942487957416542,15.024205339812504,0.6775037094076366,-3.1176115107900664,0.0,0.0,0.0
1785942487997088927,15.024205339812504,0.6775037094076366,-3.1176115107900664,0.0,0.0,0.0
1785942488045140580,15.024205339812504,0.6775037094076366,-3.1176115107900664,0.0,0.0,0.0
1785942488112897445,15.024280899981164,0.6776100120080424,-3.1181258196091965,0.0,0.0,0.0
1785942488174773378,15.024343518047305,0.6777052972737703,-3.1184135943569773,0.0,0.0,0.0
1785942488196813880,15.024343518047305,0.6777052972737703,-3.1184135943569773,0.0,0.0,0.0
1785942488245977225,15.024343518047305,0.6777052972737703,-3.1184135943569773,0.0,0.0,0.0
1785942488313883343,15.02394742437277,0.6778129281902632,-3.1187235922089194,0.0,0.0,0.0
1785942488363653720,15.023617583474671,0.677915832722253,-3.118910046504282,0.0,0.0,0.0
1785942488428185372,15.023617583474671,0.677915832722253,-3.118910046504282,0.0,0.0,0.0
1785942488445760484,15.023617583474671,0.677915832722253,-3.118910046504282,0.0,0.0,0.0
1785942488499509895,15.023644686117757,0.6779164475863394,-3.118910046504282,0.0,0.0,0.0
1785942488560202230,15.022756101772732,0.6779661199101131,-3.1191043292335903,0.0,0.0,0.0
1785942488618210909,15.022256843288917,0.6780200601607761,-3.1193028660580793,0.0,0.0,0.0
1785942488645893710,15.022779610250534,0.6780317144983166,-3.1194626393391434,0.0,0.0,0.0
1785942488721692582,15.023040907603948,0.6780374977951107,-3.1195426761865668,0.0,0.0,0.0
1785942488757243080,15.023041185344237,0.678037503899202,-3.1195426840212206,0.0,0.0,0.0
1785942488804746200,15.023041467369225,0.6780375101188333,-3.1195426919724483,0.0,0.0,0.0
1785942488860909592,15.023643190055543,0.6780875370380852,-3.1197343487894904,0.0,0.0,0.0
1785942488915792454,15.024147902955658,0.6781352948422037,-3.1198521194502966,0.0,0.0,0.0
1785942488945175672,15.02414790295601,0.6781352948422114,-3.119852119450297,0.0,0.0,0.0
1785942488997472482,15.024147902956335,0.6781352948422185,-3.119852119450297,0.0,0.0,0.0
1785942489063638726,15.024439789460278,0.6781635819999616,-3.1199645987026923,0.0,0.0,0.0
1785942489113126531,15.024468247681023,0.6781860197599205,-3.1200338919501895,0.0,0.0,0.0
1785942489144898354,15.024035841857433,0.6781766961662491,-3.1200338919501895,0.0,0.0,0.0
1785942489198532271,15.021553133766949,0.6781231635372534,-3.119528077026936,0.09039739540236592,0.0,0.020236301466863924
1785942489245320260,15.017027685567744,0.678023296057104,-3.11851599899792,0.09047901604364487,0.0,0.020238162428372012
1785942489321457642,15.011560457236419,0.6779063151473036,-3.1171646815213543,0.1593443351480358,0.0,0.037281311336236994
1785942489363841812,15.004977236004711,0.6777545376327416,-3.11550311621395,0.15940890746207076,0.0,0.03728278305490642
1785942489395398330,14.995722172779583,0.6775130308966074,-3.1134642923076785,0.214198646523182,0.0,0.04473964546152251
1785942489445399691,14.985009613328316,0.6772116272730789,-3.1112267159221743,0.214256862754893,0.0,0.0447403753034544
1785942489498818593,14.974177664601001,0.676882604354219,-3.1088553946938866,0.21899613733598305,0.0,0.05006644996965188
1785942489560530648,14.963300269080534,0.6765531263358292,-3.106380706121625,0.21900086375865943,0.0,0.05006693918961523
1785942489618567360,14.952947600021002,0.6762143979366502,-3.104160344297917,0.19740075922956898,0.0,0.03941674024231231
1785942489646155661,14.943088994003109,0.6758451941259288,-3.10219016027977,0.19737920161516315,0.0,0.03941576124969288
1785942489698339922,14.933701106103506,0.6754750932410759,-3.1004064766172403,0.1786334798006374,0.0,0.031959303612232585
1785942489761584293,14.92434120299195,0.6751727529714744,-3.098773004484424,0.17861475954556952,0.0,0.03195861777749319
1785942489811769085,14.915409267182355,0.6748725402449467,-3.097047859942583,0.1641928068599883,0.0,0.03621820673157655
1785942489846107311,14.907211723439925,0.6745071399318915,-3.095237554757778,0.16417841817461962,0.0,0.03621859815005424
1785942489896171267,14.899289333022141,0.6741396313873498,-3.093399451796702,0.15300153077424347,0.0,0.03728405912500622
1785942489960537888,14.892217077675044,0.6738293807230696,-3.0915371060577224,0.15299037558087755,0.0,0.03728415706738444
1785942490011165610,14.885269210748937,0.6735134527268907,-3.0898674436853666,0.14505745343671014,0.0,0.029828775539022252
1785942490045499388,14.878026240723019,0.6731384738946841,-3.0883759756560556,0.145049536053105,0.0,0.02982809021615145
1785942490096963749,14.87082078879679,0.6727546611387292,-3.086911320248112,0.14360129218904047,0.0,0.02876233532790021
1785942490147494411,14.863651346182325,0.6723622352193465,-3.0854731670827595,0.14359984682158108,0.0,0.02876223736294503
1785942490223461866,14.855660355198033,0.6719905349871734,-3.083800838874016,0.1453989173531402,0.0,0.029827215297981702
1785942490261608944,14.848197703169085,0.6716442957786788,-3.0822758791973452,0.14540065485952405,0.0,0.02982731002420195
1785942490295509233,14.840508175890205,0.6711876449302586,-3.080783471448369,0.1630451781529119,0.0,0.029827404749282308
1785942490346442246,14.832371191071067,0.6706922314099768,-3.0792923860917805,0.1630633694430299,0.0,0.029827404758277727
1785942490401235409,14.823675280279101,0.6701497744183263,-3.0775615242986545,0.1854065446333103,0.0,0.039413019135911186
1785942490460516746,14.814903365172766,0.6695810309539864,-3.0756251661687544,0.18542885032834366,0.0,0.03941390052544211
1785942490520852331,14.805678004464198,0.66896527893335,-3.0734612220440813,0.20021446604822532,0.0,0.047935331227456586
1785942490546605617,14.795628871372172,0.6682795563720443,-3.071049871856985,0.2002292200541019,0.0,0.04793611440417591
1785942490597423010,14.7859033924001,0.6675923527629213,-3.068909072699037,0.1923221992430489,0.0,0.0383512828334914
1785942490659378818,14.777951407473967,0.6668663225951676,-3.0669287552121234,0.19231430717922865,0.0,0.038350401705288605
1785942490713824991,14.770093980338011,0.6661490432617471,-3.065074137804363,0.1768229461785892,0.0,0.0340892459225806
1785942490746008094,14.7612807937819,0.6654733514121156,-3.063369885372548,0.17680748790197065,0.0,0.03408885429287272
1785942490795875882,14.752682797498842,0.6647994164919538,-3.0619049106981246,0.16815009671250897,0.0,0.024502843941655236
1785942490845248579,14.744304011365383,0.6641303129031696,-3.0606800380299877,0.16814145691900703,0.0,0.024501962829864592
1785942490911398245,14.736042298740635,0.6633927142791245,-3.059581962920006,0.17281386277769542,0.0,0.009590122147250208
1785942490961849768,14.727624790954627,0.6626624894376131,-3.0589557253002706,0.17281852654394572,0.0,0.009588751251551205
1785942490994766595,14.718680563621524,0.6619216796416376,-3.0583964374844554,0.18614617407975656,0.0,0.012782586297195137
1785942491044883065,14.709396232036262,0.6611474714234432,-3.057756719777859,0.18615947438169672,0.0,0.012782879857457208
1785942491096379268,14.699910484149004,0.6603503572859448,-3.0572450805177,0.19121400055907825,0.0,0.007457820568934664
1785942491161553952,14.688851014977814,0.6592300288852975,-3.055935407714827,0.19121899526800878,0.0,0.007457335924489178
1785942491215250881,14.67764193358949,0.6581994206866763,-3.0548229270876757,0.20418664692179886,0.0,0.01597738471537332
1785942491246358294,14.66747678344091,0.6573151732748139,-3.05402452872053,0.20419971012233223,0.0,0.015978175238476538
1785942491298212399,14.657071463350345,0.65640166394618,-3.0533320598246116,0.21357485557070383,0.0,0.011718692654423143
1785942491345803906,14.64643234398129,0.6554602033131787,-3.052746086126138,0.2135842180263468,0.0,0.011718300871108318
1785942491412095019,14.632502435554036,0.653928804332504,-3.050497097750917,0.20963269530937334,0.0,0.01491311499080695
1785942491459920615,14.619263711895544,0.6526560512745413,-3.048889748938957,0.20962875163746603,0.0,0.01491340866022542
1785942491497126889,14.60883283248098,0.6516862993507717,-3.048276981358889,0.20926472842773128,0.0,0.009588358958017306
1785942491547585484,14.598413882453706,0.6507112162222058,-3.04779754196696,0.20926436520179156,0.0,0.009587869575871391
1785942491612072590,14.586946204309577,0.6495909172680381,-3.047084886441036,0.2038627957417785,0.0,0.006392174262493194
1785942491662366634,14.575801160802595,0.6485247439686596,-3.0465669428970554,0.20385740516227016,0.0,0.0063918805261705255
1785942491697629729,14.565441106657767,0.6475372984876027,-3.0461142537705475,0.21249393680362896,0.0,0.011716929736676152
1785942491745441725,14.554864552336618,0.6465243861563783,-3.0455283924826544,0.212502558153281,0.0,0.011717419331177308
1785942491799208416,14.544331258004062,0.6455093893767906,-3.04510221600853,0.21071077606583985,0.0,0.005327496940677743
1785942491860394754,14.53455984067276,0.644434526451891,-3.0444535334152554,0.21070898811547115,0.0,0.005326909664253703
1785942491911709222,14.524393057971016,0.643388657252978,-3.043704483897788,0.22078949459918792,0.0,0.01597701129297845
1785942491946904218,14.513425409154042,0.6423116117878819,-3.0429069945070517,0.22079953716344933,0.0,0.015977988510959194
1785942491996413752,14.502538360257216,0.6412337158560335,-3.042453774628893,0.2168487061201016,0.0,0.0021330791297722966
1785942492059239994,14.492251621519571,0.6402146014638607,-3.0422728822720226,0.21684475584509047,0.0,0.0021318041382862997
1785942492115302261,14.481867674746947,0.6392005885983665,-3.0418012919153865,0.21576056206645783,0.0,0.014911358544419518
1785942492147414418,14.47116036003654,0.6381285297567382,-3.04105750895534,0.21575948268662296,0.0,0.014912530356570138
1785942492197047348,14.460660736556475,0.6370693786406355,-3.0406838710404114,0.20639635729782707,0.0,2.7483197406249354e-06
1785942492247009156,14.450391699730835,0.6360296113325754,-3.040683836587022,0.20638698884385523,0.0,1.3742865080678165e-06
1785942492312437227,14.440520585493232,0.634898346531661,-3.0404447273193993,0.20493729663287108,0.0,0.005325343492682238
1785942492362152977,14.430459671831928,0.6337685220171106,-3.0401105542284985,0.20493584992164068,0.0,0.005325832841294131
1785942492406003411,14.41976218023812,0.6326791767270286,-3.0400221705664787,0.20745525348125068,0.0,-0.002129236230568628
1785942492445582033,14.41005417059343,0.6316897247404359,-3.040122370860734,0.2074576250616067,0.0,-0.002129882515226732
1785942492510544005,14.396634778940221,0.6302737360537003,-3.0394745455940004,0.20926017991159565,0.0,0.0021296979119203355
1785942492560744414,14.383656106282793,0.6289840955909729,-3.038980369834034,0.20926208855780745,0.0,0.002130113371408348
1785942492598515894,14.372769649806177,0.62786307585385,-3.0391422519393894,0.2159953993270633,0.0,-0.0031938360320048287
1785942492648867732,14.36178518101456,0.6267337591242573,-3.039305605300864,0.21601215576559135,0.0,-0.0031948145200942886
1785942492705014195,14.352046952542361,0.6257344946028819,-3.0395381134086192,0.207476460946399,0.0,-0.004260868616054642
1785942492762277950,14.339844946370564,0.6247171147547839,-3.039925695924281,0.20746823895616584,0.0,-0.0042609632115809155
1785942492815716244,14.328044542749556,0.6236925147211618,-3.0400812179131385,0.20637985746044077,0.0,-0.002130934640098236
1785942492851070734,14.316612150194084,0.6225279932237835,-3.04019984683113,0.20637873219670397,0.0,-0.002130731795342169
1785942492896126495,14.30838085757304,0.6216915394100605,-3.040589007116662,0.19377209617616387,0.0,-0.006390887367739384
1785942492966287773,14.298607365208905,0.620843609797151,-3.0411871439138474,0.19376085992640157,0.0,-0.0063912370230914265
1785942493018339614,14.289364040369954,0.6200051945067951,-3.0413015756705652,0.18654974735939234,0.0,-0.0010663617851221626
1785942493047120569,14.28008549867298,0.6190715067072445,-3.041354820520468,0.18654168275487512,0.0,-0.0010658131770756162
1785942493104478055,14.27233163886024,0.6182922772447373,-3.0415895962358883,0.15232594438020858,0.0,-0.0031954019390369945
1785942493150750120,14.265784447275077,0.617635347569818,-3.041727742987341,0.15229180649766175,0.0,-0.003195597635494665
1785942493213122232,14.265293535638625,0.6175946470470008,-3.0418010773035924,0.0,0.0,0.0
1785942493265061172,14.26268665004972,0.6173243721483107,-3.0418944401378876,0.0,0.0,0.0
1785942493298620296,14.262766117565487,0.6173321120308041,-3.041654745327512,0.0,0.0,0.0
1785942493347264005,14.261385075067011,0.6171936312130417,-3.041494907559199,0.0,0.0,0.0
1785942493413859545,14.26002724995895,0.6171030010605927,-3.0415785377869518,0.0,0.0,0.0
1785942493468901101,14.25847862462801,0.6169861615839577,-3.0415809363430424,0.0,0.0,0.0
1785942493497660359,14.258890970545501,0.6170275399663823,-3.0415809436827224,0.0,0.0,0.0
1785942493545699532,14.258945180574324,0.6170329797539421,-3.0415809436833907,0.0,0.0,0.0
1785942493597748173,14.258538168551318,0.6169921375216332,-3.0415809436840613,0.0,0.0,0.0
1785942493662605117,14.257236494047977,0.6169626266211413,-3.0417364225311214,0.0,0.0,0.0
1785942493723168872,14.253892272723467,0.616695689488124,-3.042225734099645,0.0,0.0,0.0
1785942493747483574,14.252137947643273,0.6165207904518099,-3.042496746078116,0.0,0.0,0.0
1785942493797270270,14.24930083620436,0.6162383862159034,-3.042363635303437,0.0,0.0,0.0
1785942493846160612,14.24680504265409,0.615989914956903,-3.0423636237084444,0.0,0.0,0.0
1785942493914263987,14.241477076712414,0.6154650363736255,-3.042290589742623,0.0,0.0,0.0
1785942493962550593,14.23674991043781,0.615014894170468,-3.042260282472155,0.0,0.0,0.0
1785942493997416424,14.233665825122694,0.6147074541489109,-3.0422336615741505,0.0,0.0,0.0
1785942494048625256,14.230614287657916,0.6144032547369418,-3.0422336591357637,0.0,0.0,0.0
1785942494117067332,14.227494508019998,0.614182333120668,-3.042507883325732,0.0,0.0,0.0
1785942494164283753,14.224356215359935,0.6139021189884283,-3.0426543160026824,0.0,0.0,0.0
1785942494196857559,14.221611145846344,0.6136299546050278,-3.042869387455172,0.0,0.0,0.0
1785942494246717890,14.218906869855518,0.6133621090602036,-3.0429742815904612,0.0,0.0,0.0
1785942494295489924,14.216241454711648,0.6130982475571409,-3.0429202218734868,0.0,0.0,0.0
1785942494363963776,14.210458185586567,0.6126215872898814,-3.0432695537472014,0.0,0.0,0.0
1785942494414367233,14.204949883366332,0.6121231991382965,-3.0434610726523217,0.0,0.0,0.0
1785942494447562791,14.20204977208901,0.6118376894939366,-3.0434610726518807,0.0,0.0,0.0
1785942494496565970,14.198910658505726,0.61152865059196,-3.0434610726514313,0.0,0.0,0.0
1785942494562971262,14.196930849557258,0.6113792365705469,-3.0437772915554295,0.0,0.0,0.0
1785942494611321327,14.194644161641886,0.6111735798769573,-3.0439764438960313,0.0,0.0,0.0
1785942494645462234,14.191484413688036,0.6108641537590348,-3.0439764438960313,0.0,0.0,0.0
1785942494695264835,14.188323304136409,0.6105545943448601,-3.0439764438960313,0.0,0.0,0.0
1785942494745823306,14.185164387658059,0.610245249692812,-3.0439764438960313,0.0,0.0,0.0
1785942494812053904,14.182663210925373,0.6100131819486874,-3.0441464866755865,0.0,0.0,0.0
1785942494861537677,14.18003620275831,0.609756875856052,-3.04425983927201,0.0,0.0,0.0
1785942494896371538,14.17714610283911,0.609474688809292,-3.04425983927201,0.0,0.0,0.0
1785942494947715832,14.174200929525707,0.6091871181168974,-3.04425983927201,0.0,0.0,0.0
1785942495019760383,14.179389265277162,0.6097802585353075,-3.04465657957271,0.0,0.0,0.0
1785942495063196241,14.184064069886468,0.6103022592011578,-3.0448892480488414,0.0,0.0,0.0
1785942495099187492,14.180911318807585,0.6099964095182119,-3.0448892480488414,0.0,0.0,0.0
1785942495151673813,14.177824149819562,0.6096969356526397,-3.0448892480488414,0.0,0.0,0.0
1785942495221657164,14.175006721402111,0.609327604248862,-3.044710897133845,0.0,0.0,0.0
1785942495267093484,14.172341481581942,0.6089841564641467,-3.0445905328776153,0.0,0.0,0.0
1785942495305125518,14.167592084159953,0.6085220521097395,-3.0445905328776153,0.0,0.0,0.0
1785942495347091624,14.163746812358715,0.6081478783079102,-3.0445905328776153,0.0,0.0,0.0
1785942495396014095,14.158318425433386,0.6076196555151299,-3.0445905328776153,0.10026649255191736,0.0,-1.497009207736367e-51
1785942495445188256,14.153327475481,0.6071339985804075,-3.0445905328776153,0.10028442917130583,0.0,-7.485725438137358e-52
1785942495506547913,14.148254935676087,0.6066404023398858,-3.0445905328776153,0.10138258589198716,0.0,-1.388078379232014e-55
1785942495567509475,14.1435593062257,0.606161767901113,-3.0445717352346704,0.10138369142312445,0.0,-6.941035434407502e-56
1785942495610474691,14.139683000446771,0.6057643351535698,-3.0445591713785114,0.0,0.0,0.0
1785942495646088871,14.135068709029351,0.6053151838310497,-3.0445591713785114,0.0,0.0,0.0
1785942495697903998,14.131040343087477,0.6049230660101882,-3.0445591713785114,0.0,0.0,0.0
1785942495747443998,14.12682148328362,0.6045124056857333,-3.0445591713785114,0.0,0.0,0.0
1785942495813032235,14.122978458136002,0.6041757288374604,-3.0443953033906612,0.0,0.0,0.0
1785942495866698698,14.119037804962456,0.6038409161693606,-3.0443118000640794,0.0,0.0,0.0
1785942495898164077,14.114223862542987,0.6033711418346871,-3.0443118000640794,0.0,0.0,0.0
1785942495946972624,14.109596913445957,0.60291960300158,-3.0443118000640794,0.0,0.0,0.0
1785942496014286815,14.105013541115717,0.6025105886014762,-3.044316554219989,0.0,0.0,0.0
1785942496062767542,14.100444510339125,0.6021025784082247,-3.0443213314200475,0.0,0.0,0.0
1785942496102565243,14.094498615529972,0.601523157678758,-3.0448008881346373,0.11181776227962092,0.0,-0.006390411203862776
1785942496148567346,14.088911040140536,0.6009806308581295,-3.045121686510421,0.11183286588940221,0.0,-0.0063909989157981606
1785942496198258391,14.081493381093628,0.6002617134028047,-3.044961842496488,0.13633366237240369,0.0,-1.1696707658999383e-06
1785942496273677664,14.074657771032026,0.5996254556684943,-3.0449853502415984,0.13635800746652627,0.0,-5.84888905682899e-07
1785942496311531419,14.067535308711218,0.5989601420891113,-3.0450767474787543,0.15481499404924723,0.0,-0.001065083988092544
1785942496345156274,14.059848278367431,0.5982159089938942,-3.045129878506659,0.15482915258854202,0.0,-0.0010651742143851495
1785942496398003953,14.052870983667079,0.5975394503657788,-3.0446398985496836,0.14479828185509772,0.0,0.006390094107029265
1785942496447677333,14.045668551637203,0.596838957523898,-3.0443203826298184,0.1447846587084756,0.0,0.0063908403467341345
1785942496513561358,14.039935251999172,0.5963186473867185,-3.0447462099758753,0.13135802652857873,0.0,-0.002128962147372432
1785942496574777969,14.034137213939669,0.5957843461296146,-3.04486122343558,0.11774499109563508,0.0,-3.9177201259076727e-07
1785942496596945100,14.02827785700542,0.5952157877391281,-3.044861228332455,0.11772801776180693,0.0,-1.959040248134932e-07
1785942496634768645,14.022411532365728,0.5946465532507896,-3.044861238140098,0.11772801776180693,0.0,-1.959040248134932e-07
1785942496722887227,14.015863061131146,0.5940471879794923,-3.0465650574805547,0.128366985274543,0.0,-0.022366446307209183
1785942496776637213,14.009454228251967,0.5934673721666215,-3.0469780984654125,0.1334832502979578,0.0,0.006386302829227777
1785942496795761186,14.002822515400492,0.5928380360542223,-3.046659213630732,0.1334896178818149,0.0,0.006388944539819308
1785942496846018941,13.996009209884967,0.5921892753158222,-3.0462600474623582,0.14033749026508516,0.0,0.009586790816946503
1785942496897690863,13.989016171882705,0.5915205838092572,-3.0457801702532126,0.1403443383293111,0.0,0.009587085433211334
1785942496962588321,13.981808753818234,0.5908624443445419,-3.045497085692749,0.13675036078504751,0.0,1.7574576524730101e-06
1785942497011485480,13.974763640013732,0.5902221799650803,-3.0454747154286705,0.13674678386865,0.0,8.788093757567225e-07
1785942497045947391,13.968167355544354,0.5895861988171305,-3.0454481067744466,0.12846139201757048,0.0,0.0010650683481691122
1785942497099539387,13.961771432538853,0.5889693638770693,-3.0453948198788274,0.12845310419775752,0.0,0.001065166393037801
1785942497146613019,13.955127921381127,0.5883282938922252,-3.045368219145081,0.13852707803329026,0.0,1.9574445551994238e-07
1785942497216340104,13.948536655062805,0.5877904738050829,-3.04550248944563,0.13853712896095757,0.0,9.788122152214747e-08
1785942497261761416,13.941208287283228,0.5871672882370486,-3.045391303452177,0.1659133320758023,0.0,0.0074554811958006
1785942497295980597,13.932950915945922,0.586370458240769,-3.0450185673642833,0.16594063921686347,0.0,0.007456166130878062
1785942497346234672,13.924195314310467,0.5855222573058168,-3.0450701092743033,0.18433221095373187,0.0,-0.009584260697110363
1785942497394645092,13.915060869264138,0.5846378294362431,-3.045547316673362,0.18435048636716947,0.0,-0.009585820257692695
1785942497460662081,13.905937958410592,0.5838328882254709,-3.0460486884682996,0.16636489833600135,0.0,-0.009587379815727255
1785942497512137547,13.897324094228388,0.5830790829886104,-3.046545302507041,0.16634686712538005,0.0,-0.009587379959733787
1785942497546018124,13.889600021492017,0.5823427114127963,-3.0466247107250948,0.14436395029983187,0.0,0.006388647486596006
1785942497598769192,13.882410157860019,0.5816578444762743,-3.0463049087147875,0.1443419967051381,0.0,0.0063901169760429075
1785942497661734095,13.87607862683614,0.581184642721152,-3.046758566553807,0.13891884178636468,0.0,-0.014909784618720837
1785942497710151843,13.869746473296345,0.5806853018528736,-3.0476454838501197,0.13891342719488178,0.0,-0.01491174332104367
1785942497745739525,13.862210292987669,0.5799752057039483,-3.047990130414677,0.16411363879061883,0.0,0.0010623268251750261
1785942497796896515,13.853997029635034,0.5792041698976566,-3.0479366329377484,0.16413879463345882,0.0,0.001063795505529437
1785942497845915598,13.844757801934723,0.5783363213951604,-3.0478568676776225,0.2080938419723533,0.0,0.002130332968384066
1785942497918612783,13.8341918498313,0.5774122751428661,-3.0478977709265282,0.20813767661923177,0.0,0.002130430931167306
1785942497960720750,13.823533184555545,0.5764605135527726,-3.0477675895945913,0.21358275079919714,0.0,0.006390805447946827
1785942497996291984,13.812921717628447,0.5754619600451406,-3.0474486543385515,0.2135881710888447,0.0,0.006391196056079924
1785942498044900779,13.8028112205865,0.5745072958148513,-3.047395218322194,0.19306911677175143,0.0,-0.00425909397807399
1785942498098238333,13.793193445135088,0.5735986370952301,-3.047608438369109,0.19304857896162428,0.0,-0.004260075810463371
1785942498162403283,13.784338162527389,0.5727988458877108,-3.0479841923858597,0.16962276316784788,0.0,-0.008521332955350201
1785942498212945689,13.776040597869367,0.5720479136822829,-3.048446567818803,0.16959940696772086,0.0,-0.008521724265634273
1785942498245297055,13.76780147330389,0.5712782446923655,-3.0488990127847804,0.16165428556038497,0.0,-0.009587184036490145
1785942498298112061,13.759742114490413,0.5705290465304883,-3.049379090369965,0.1616463492049076,0.0,-0.009587282061109223
1785942498360778712,13.750378372231092,0.5696620331569757,-3.049460311801205,0.18504369430797227,0.0,0.009583858419721545
1785942498414803109,13.740555124515462,0.5687414361007912,-3.049026238307467,0.18506702475137496,0.0,0.009585619100028246
1785942498446280905,13.730509845189657,0.5678089154636848,-3.0482005239859933,0.21821777689205615,0.0,0.023433272557773603
1785942498498021437,13.71950040974286,0.5667777213760399,-3.0470132761229647,0.2182508548907658,0.0,0.023434545177635525
1785942498548361564,13.707735971030973,0.5656617244257685,-3.0462322781663733,0.2586131330635676,0.0,0.008524850759471472
1785942498613622012,13.694693988617637,0.5642917772569279,-3.0455430641090926,0.2586533248302634,0.0,0.008523483329056409
1785942498660029922,13.681402778355142,0.5629312077828404,-3.045766685193833,0.2687757243059095,0.0,-0.023429929225606213
1785942498697713366,13.668028010542372,0.5616456212107487,-3.046938129017406,0.26878585046507725,0.0,-0.02343287335722609
1785942498746677886,13.654317621337945,0.5603439794551698,-3.0479100507646457,0.27599774644534897,0.0,-0.014915251177146344
1785942498811249796,13.642441696410648,0.5592296293109874,-3.0486202614574425,0.27600486492012816,0.0,-0.014914476850791324
1785942498860380467,13.630018928798513,0.5580769186529522,-3.049061091493396,0.27961272486448696,0.0,-0.003197966776461234
1785942498897825630,13.616126889990156,0.556787784857345,-3.049220574972368,0.27961635764058823,0.0,-0.003196880172974054
1785942498945607289,13.601825338186337,0.555462949363929,-3.04922073542623,0.2954634375141316,0.0,0.003194614529811982
1785942499006080576,13.587098676334008,0.5540987368530594,-3.0490607945159183,0.2954793029359455,0.0,0.0031952038945163544
1785942499062278945,13.572620865009696,0.5528232141676362,-3.049033173433718,0.3088181608119774,0.0,0.009586205653377568
1785942499113953587,13.5577075706901,0.5514523714615391,-3.0487176647052485,0.3088314665217565,0.0,0.009586792824621116
1785942499145532346,13.54346696577281,0.5501259592814174,-3.04839849163743,0.2638347175377523,0.0,0.0031969683833452346
1785942499196756411,13.530325078991202,0.5488976539223102,-3.0482385564068895,0.2637898027978775,0.0,0.0031963809296467693
1785942499247501673,13.518075886625486,0.5477508072755296,-3.048052193149256,0.2288170628413582,0.0,0.004260862150576411
1785942499315687834,13.506658972898986,0.5467012356749347,-3.0479639753965353,0.22878216675799254,0.0,0.004260959978245051
1785942499361205982,13.495778088725245,0.5456790850709915,-3.0479860945653496,0.20066007096621874,0.0,-0.0021293731873683885
1785942499397053323,13.48595125655544,0.5447565331838946,-3.0480908985625357,0.20063246230925708,0.0,-0.0021299509974083393
1785942499447216162,13.47629838382192,0.5438513323017339,-3.0479353737613786,0.1869222312151466,0.0,0.00852012635015257
1785942499511653250,13.467529991885728,0.5429932012057413,-3.047593182971208,0.18690833066933968,0.0,0.008521120906087557
1785942499563152877,13.458124594832471,0.5420529800109843,-3.047528972960365,0.20777914579018625,0.0,-0.004258710750160601
1785942499600875715,13.447792227030545,0.5410782031734945,-3.0477417449046715,0.20779995210577168,0.0,-0.004259884179275729
1785942499646050265,13.4360899116371,0.5399766931157952,-3.0478481711973955,0.2625527822082498,0.0,-7.846418562454383e-07
1785942499696146734,13.423004889616895,0.5387464382722144,-3.0478481810325078,0.2626075357027339,0.0,-3.923570628813329e-07
1785942499761119363,13.412646514337704,0.5379084026450296,-3.0483607654219447,0.29218895816923074,0.0,-0.010650688331394
1785942499810356022,13.400965586322233,0.5368976001741065,-3.04903024774589,0.29221845198625146,0.0,-0.01065166635574658
1785942499845069847,13.386262415297328,0.5355327356554794,-3.049002822707714,0.29908945135066956,0.0,0.011713792527107988
1785942499896640069,13.371356993711727,0.5341486870690925,-3.048416408622508,0.2990963160476624,0.0,0.01171585058201326
1785942499945323971,13.356891145763107,0.5327969019158489,-3.048417527431708,0.282539464888065,0.0,-0.011713602677078338
1785942500015012367,13.342280612421472,0.5314306663452678,-3.0490438809049483,0.28252294613438134,0.0,-0.011715755648538417
1785942500062052173,13.327891287265743,0.5300848422265617,-3.049678592700046,0.2778253840927694,0.0,-0.012782977364970093
1785942500100994322,13.314061718409564,0.528810118774494,-3.05031762356092,0.27782069850520463,0.0,-0.012783075409321616
1785942500151743200,13.300188650298885,0.5275403226004379,-3.0503444441547956,0.27925633076762607,0.0,0.011713405586257091
1785942500212573012,13.285711281609617,0.5259396708804431,-3.0492156060575106,0.27925776340475544,0.0,0.011715657094027679
1785942500261359094,13.271496655818662,0.5244793343558406,-3.0485411206731197,0.27277775231533874,0.0,0.003197360628731766
1785942500308956234,13.25790890808818,0.5232113118826845,-3.048381213158289,0.27277128063678785,0.0,0.0031965770704095384
1785942500345310859,13.244114560714673,0.5219217836666478,-3.048088044759782,0.28104668468477967,0.0,0.008521137872808658
1785942500402817695,13.230099403726552,0.5206074691492191,-3.0476612327496375,0.28105493363324485,0.0,0.008521626715416465
1785942500464813952,13.214437620616422,0.5190392818253552,-3.047331589392139,0.28466398021869976,0.0,0.0010666366684894627
1785942500514357376,13.198894327135626,0.517496647003151,-3.0472180516494674,0.28466758616377374,0.0,0.001065950625370495
1785942500545859396,13.184316570604922,0.5161167782539317,-3.0471648294955456,0.3015949629261347,0.0,0.0010652645821835674
1785942500598112045,13.169286705521348,0.5146933074569401,-3.047111509390306,0.3016118666694751,0.0,0.0010652645190846388
1785942500647950711,13.153868220577001,0.5132322004766059,-3.046924511098119,0.31315154268752365,0.0,0.0063906162307862035
1785942500717920142,13.135759491227468,0.5117303094525922,-3.0469579567964375,0.313162958416122,0.0,0.006391101439102635
1785942500760771338,13.118021002483179,0.5101732877787419,-3.047131271027019,0.3117340792841319,0.0,-0.005324151008092454
1785942500795830968,13.102500213657862,0.508702796723513,-3.0473976229453976,0.31173264179482046,0.0,-0.0053252365433864605
1785942500846108532,13.086915903464824,0.5072304740917299,-3.0475039660992045,0.3146118507877529,0.0,0.0010640896214289394
1785942500901391762,13.071190918668233,0.5057465491799619,-3.0474505008473414,0.31461472453135103,0.0,0.0010646769847009385
1785942500961828087,13.052688253045877,0.5034164317887065,-3.0461992474733033,0.31704098830131416,0.0,0.0063896446948298454
1785942501015226028,13.034604608193897,0.5013679739490622,-3.0453638752948256,0.3170469781509498,0.0,0.0063906155383016165
1785942501046873238,13.017798738411495,0.49974689094319535,-3.045203903112551,0.33082598004335567,0.0,0.004261450646143401
1785942501099059868,13.001328483362112,0.49815440955466217,-3.044990803083852,0.3308397758501629,0.0,0.004261254253136759
1785942501162710302,12.98142993432606,0.49611645383495834,-3.045241607214937,0.3531785649563707,0.0,-0.005324560071368622
1785942501215209071,12.962355550000527,0.49422007436996707,-3.045348552563586,0.35320085655735456,0.0,-0.0053254410946380944
1785942501246295492,12.944331747056204,0.4924771234306061,-3.0451346495720735,0.3550235566896184,0.0,0.0010640895882631724
1785942501300043654,12.926972792703095,0.4907974999352766,-3.045082304952526,0.35502537592297384,0.0,0.0010646769681167349
1785942501362136811,12.909375540876846,0.4891620334404104,-3.044990448217557,0.34530502218806025,0.0,0.0021303330394951405
1785942501414411989,12.891431257369627,0.48748111850721476,-3.044908949919762,0.34529532397196144,0.0,0.0021304309667219364
1785942501445579820,12.875444849606156,0.4859329141697102,-3.045199899401451,0.33196232712162965,0.0,-0.0031948260552351333
1785942501509915113,12.858925883831581,0.4843356565516756,-3.0453596963162615,0.33194918040570365,0.0,-0.003195309667655541
1785942501547544090,12.842725083965872,0.48277267053036105,-3.0456786687821547,0.3276151635923196,0.0,-0.00532592573676609
1785942501617869663,12.825571334914901,0.48129814694931783,-3.046185489511655,0.32761078515754233,0.0,-0.0053261239898692
1785942501662961298,12.807679475641054,0.47968605044939655,-3.045077553906702,0.3394890861312377,0.0,0.014909983705884672
1785942501706272032,12.790602249836391,0.47803270104407275,-3.044323866225959,0.33950093480011356,0.0,0.014911842873936527
1785942501745632884,12.772954015763544,0.4763158278334078,-3.0444585783289098,0.3521158594853805,0.0,0.00319792464197495
1785942501828444253,12.753702646225019,0.4745221649907861,-3.0442803358437147,0.3521283184979999,0.0,0.0031968591018828015
1785942501855080613,12.73281730693613,0.4725733851131502,-3.044098266970893,0.3521283184979999,0.0,0.0031968591018828015
1785942501896956667,12.716379101510212,0.47096951342147747,-3.0442218967586925,0.3589821647012618,0.0,0.0010656604482812025
1785942501962724047,12.69994755435451,0.46936454933727817,-3.044168650652236,0.34027135748955056,0.0,0.0010652644919457053
1785942502006608083,12.683021265427287,0.46771028540592874,-3.044115400843735,0.34025289639167455,0.0,0.0010652644739615376
1785942502077351399,12.664632528821134,0.4656079706480961,-3.043378731169754,0.32439088905853275,0.0,0.0021303330902143324
1785942502114975129,12.648624321861512,0.46392105049012666,-3.042960780194074,0.3243750585563515,0.0,0.0021304309920812314
1785942502146856524,12.633097783956368,0.4623841013333022,-3.042772683783139,0.31643735437938086,0.0,0.003195598807414999
1785942502196780410,12.617346687413947,0.4608224915324839,-3.042612816305053,0.3164294840988796,0.0,0.0031956960787849972
1785942502247804147,12.600587701331838,0.4591595767193882,-3.042692658214887,0.3301046790057268,0.0,5.874322035106377e-07
1785942502307722692,12.583214708156042,0.4574357642575677,-3.0426926647010046,0.3301183266882378,0.0,2.937430996538929e-07
1785942502363984392,12.566363248298224,0.45592911759006016,-3.0424744499437333,0.3441766814281645,0.0,0.005325397652654291
1785942502412368154,12.548952086756225,0.45431538378451436,-3.042308059912785,0.34418993314943314,0.0,0.005325859926128852
1785942502445328439,12.531797083875725,0.4526074065759765,-3.0421983515743563,0.3445630037219912,0.0,0.003196208206747899
1785942502496397938,12.514653600975358,0.45089780886618613,-3.042038563968621,0.3445634966245964,0.0,0.003196000807534942
1785942502546744272,12.49876844282424,0.44930921752069813,-3.0415592249889327,0.32775464183924696,0.0,0.0074560680932953816
1785942502612513796,12.481324330797992,0.4476935432430206,-3.0412810427128893,0.3277406661124248,0.0,0.007456459606572467
1785942502663076651,12.465509525344107,0.44620985675527575,-3.0412079701825934,0.30852240767473305,0.0,0.004261645260395308
1785942502698488295,12.450157091419243,0.4446635100419605,-3.040994836323588,0.30850322299145766,0.0,0.004261351569146638
1785942502746841816,12.435267875060385,0.4431622331175614,-3.0411013075175006,0.3023626646418428,0.0,7.833253106194482e-07
1785942502816164406,12.419235890803494,0.4418457925781673,-3.041360529128548,0.3023565364019236,0.0,3.916986565016262e-07
1785942502861094786,12.402962192151028,0.4404311488980285,-3.041442594406178,0.30739152785037605,0.0,0.0010650685187727363
1785942502900331506,12.387669664081685,0.4388944599730079,-3.041389331029118,0.3073965576454832,0.0,0.0010651664783594503
1785942502945726769,12.371648454586559,0.4372841118160985,-3.0414159817262982,0.31712377927372803,0.0,1.9561614299614186e-07
1785942502997396003,12.355871840030213,0.4356983551226047,-3.041415984174519,0.3171334778908852,0.0,9.781705347185866e-08
1785942503062837546,12.339625549605623,0.43442276135052865,-3.0417585430928975,0.31642301174424753,0.0,1.7980944691955815e-11
1785942503121163166,12.323458167180243,0.4330491846685737,-3.0419575058460033,0.316422302698242,0.0,8.991298746079926e-12
1785942503146416880,12.30860325676139,0.4315638325175222,-3.041877610529987,0.3045389485264253,0.0,0.001065068646507831
1785942503201828307,12.293449133060808,0.43004770994262836,-3.041824329774412,0.3045270895166563,0.0,0.0010651665422420574
1785942503248930771,12.278569631988944,0.42856233425094403,-3.0425699192830513,0.30091441649934797,0.0,-0.009585422521883664
1785942503312795230,12.262897349559458,0.4272277725676506,-3.043229933849479,0.30091081213677406,0.0,-0.009586401222882504
1785942503366050509,12.24693998185781,0.4258200268201795,-3.0437488499802927,0.30270760423255993,0.0,-0.008522311316393957
1785942503395721354,12.231928311674803,0.42434652250318455,-3.0441734951312296,0.3027093977011635,0.0,-0.008522213491087617
1785942503445747932,12.216490736065243,0.42283896343718935,-3.0448322519438134,0.3106331860690538,0.0,-0.011717329922677936
1785942503510744466,12.201109784948153,0.42144232837526824,-3.045331191674492,0.3106409818481864,0.0,-0.011717619442959742
1785942503560534395,12.184865445724729,0.41999772634635446,-3.0451584355214876,0.32217104282723735,0.0,-0.002132316002572871
1785942503597575510,12.168831586189611,0.418446701294352,-3.045264931345593,0.32218271129809295,0.0,-0.0021314225405493774
1785942503646362552,12.152607336853729,0.41687985941855715,-3.045531199944804,0.3247149393920643,0.0,-0.004260666160253472
1785942503696299367,12.136444353108187,0.4153224264540211,-3.0457442811217885,0.32471746777930827,0.0,-0.004260861974065457
1785942503763212903,12.122120531978558,0.4141908291486887,-3.045391419401243,0.30815628588921806,0.0,0.006389628841278965
1785942503815606325,12.107285011214218,0.412935197907752,-3.045207457681375,0.3081397600176279,0.0,0.006390607698589437
1785942503845876458,12.092742089069594,0.41153154200833925,-3.0453671692597606,0.2976808998644672,0.0,1.1749587743676779e-06
1785942503898411997,12.077915724986534,0.4101004491815687,-3.0453671838965946,0.29767045992976787,0.0,5.87533398285275e-07
1785942503960567301,12.062988522219188,0.4087699496718971,-3.04540463863079,0.3016209060218553,0.0,1.079913786042296e-10
1785942504017147093,12.048102307959892,0.40743486222979247,-3.045431005931839,0.30162484819626983,0.0,5.4000652087958e-11
1785942504047627474,12.032043693045443,0.40589916173816115,-3.048066249932752,0.31567194159374884,0.0,-0.035147267581264664
1785942504097677477,12.016324016913847,0.4044246574602127,-3.049824387637916,0.3156859570612557,0.0,-0.035150497483023194
1785942504147639700,12.000071098494285,0.40293834321849353,-3.0534184674062512,0.3229015835869894,0.0,-0.05965030487948897
1785942504213990911,11.983791073444875,0.4015692583272357,-3.0564031622119114,0.32290878513954135,0.0,-0.05965255699997637
1785942504261401707,11.968142643075577,0.40030465572264445,-3.0593087572674342,0.31499420628582986,0.0,-0.058589739504305856
1785942504295543126,11.952450303359809,0.3990105089796093,-3.062237653697265,0.31498630947613837,0.0,-0.05858964183475579
1785942504347027233,11.93761209815718,0.39782045526489856,-3.0630904780031263,0.3034558490520247,0.0,-0.030897762452043398
1785942504398946748,11.92241668903131,0.39662512380280346,-3.064642276550212,0.30344433522752706,0.0,-0.03089521560624202
1785942504461184135,11.90826153179759,0.3957111139935319,-3.065996382429985,0.2967745735845679,0.0,-0.02556732178830906
1785942504516499878,11.893804847033818,0.39472788138205883,-3.0673982798912243,0.2967662951213789,0.0,-0.02556683441043153
1785942504546932609,11.878468524921095,0.3935781771914538,-3.0667622730567965,0.302461139621929,0.0,-4.722095869616472e-06
1785942504596101522,11.863501645641826,0.3924561012620694,-3.066762212532253,0.3024658979235118,0.0,-2.3612659931761434e-06
1785942504660228518,11.848693286195939,0.39175435834170125,-3.0669643560394633,0.31639377155457854,0.0,0.0042602741090104505
1785942504712860765,11.834018961827546,0.3909012164710142,-3.0670414026283845,0.3164076739646777,0.0,0.004260665930433895
1785942504744774994,11.817700425288526,0.38968829541607125,-3.0679468871395095,0.3236231875547394,0.0,-0.01064990305016882
1785942504796807249,11.801562098898046,0.38849762431131774,-3.0684795579139945,0.3236303889396254,0.0,-0.010651273678950609
1785942504845321993,11.785289950154246,0.38730706589285385,-3.069251831106026,0.325437993560981,0.0,-0.0138478502660645
1785942504912151270,11.770157994911214,0.3864600063641288,-3.0703134036653763,0.32543979740493945,0.0,-0.013848144069857333
1785942504960386355,11.756459979525703,0.385635953942732,-3.0723555496320802,0.30419682608231147,0.0,-0.028759398719771442
1785942504995739404,11.741281469805,0.38458336132643517,-3.073794425780119,0.30417563223567273,0.0,-0.028760768923954353
1785942505047266200,11.72715892023023,0.3836200814159436,-3.074287675491263,0.2868791975658966,0.0,-0.015981315163654797
1785942505100446565,11.712810090137168,0.38265287266171794,-3.075088829978449,0.2868576285871118,0.0,-0.01598014064392824
1785942505163562578,11.70186662746082,0.38218165681163546,-3.0773810652283227,0.26126931254140323,0.0,-0.03195505246596422
1785942505212625535,11.689812203753693,0.38155599229432374,-3.0791626354509423,0.2612442825146618,0.0,-0.03195649201153775
1785942505247136536,11.673617234998044,0.38054243609742083,-3.080918946114209,0.30370703204030913,0.0,-0.03408806274212302
1785942505300348101,11.65844298625656,0.3796206194501003,-3.0826246630137732,0.30375026758333945,0.0,-0.034088262647897556
1785942505359710625,11.64085739914878,0.3785954574650161,-3.085072113449983,0.3455629057280125,0.0,-0.04473914818452311
1785942505412245364,11.624189184064004,0.37767464324607936,-3.0872756381906847,0.3456046108543665,0.0,-0.04474012664649877
1785942505445556607,11.606524443904876,0.3767079102266527,-3.08847464970793,0.3510475155018544,0.0,-0.030895215933963112
1785942505496513845,11.5889988431384,0.37577610574403575,-3.090019013570185,0.3510529521537296,0.0,-0.030893942230133708
1785942505546127767,11.573676008770972,0.3749840470869731,-3.0911843233853284,0.3182910582328366,0.0,-0.025567326299899946
1785942505610992456,11.55782214271339,0.3742823760009832,-3.0925100102528487,0.3182583609494526,0.0,-0.025566836666651407
1785942505662354925,11.543205360602188,0.373639331014489,-3.0925439226434346,0.2995013716903936,0.0,-0.008525240645326403
1785942505698424739,11.528237407165829,0.3729045808681631,-3.0929703659322745,0.29948270110376035,0.0,-0.008523678289807846
1785942505746360324,11.513857466764948,0.372204522504635,-3.0933156663642976,0.29226242761010846,0.0,-0.007457047255538947
1785942505810082921,11.49923669225995,0.3716037451195472,-3.0938297310835265,0.2922552233379957,0.0,-0.007456949232687909
1785942505862960777,11.483716350870878,0.3709183411292545,-3.093162205445897,0.3034104599858743,0.0,0.007454102781822225
1785942505903200352,11.468332117506828,0.37017269106758716,-3.0927836677617346,0.3034216209880251,0.0,0.007455476860185183
1785942505945225308,11.452225574700648,0.3693892714115419,-3.0930497903607455,0.3203572272882046,0.0,-0.0010637285111106658
1785942505998751830,11.435590994722597,0.3685811474806471,-3.093105179597022,0.32037380202225235,0.0,-0.0010644964143189679
1785942506060221315,11.418546367435416,0.3679626030828674,-3.093297015281588,0.3261518971786004,0.0,0.0031950260698085002
1785942506112590384,11.401203579749069,0.36722316591087467,-3.093420110455015,0.3261575473012327,0.0,0.003195409684313797
1785942506145826488,11.3856559687268,0.3664732302946267,-3.093181432477938,0.3160817343923425,0.0,0.004260854050774953
1785942506195020265,11.369877185313687,0.365708762501571,-3.0929684512473,0.31607127476542146,0.0,0.004260955927593381
1785942506262544449,11.355598187266956,0.36555824578207563,-3.093792507231232,0.2973366347630544,0.0,0.00106585193776593
1785942506318105578,11.340817476834244,0.3651520417812612,-3.094195072384714,0.2973179362109072,0.0,0.001065558223872512
1785942506346409298,11.32573145218263,0.3644368281868717,-3.0942216803583538,0.300539964491081,0.0,1.9586251537675493e-07
1785942506401405029,11.310714419640368,0.36372492426203373,-3.0942216828003235,0.30054317990308604,0.0,9.794025899168692e-08
1785942506447609379,11.294891800381032,0.3629720246540753,-3.093662468907044,0.31134880932891845,0.0,0.007455480622639795
1785942506510871670,11.279182202151032,0.3621188335075865,-3.0931959567231284,0.3113595922005865,0.0,0.007456165844244988
1785942506561904271,11.262406882984285,0.36124097906710656,-3.0936531336329014,0.32145265976206155,0.0,-0.004258906068930241
1785942506598306961,11.246633665401092,0.3604842402764473,-3.093862470364138,0.3214627227073295,0.0,-0.004259981847616998
1785942506646315125,11.22945580437671,0.35966450113052384,-3.0942350277598343,0.337316472380526,0.0,-0.006391196632116806
1785942506717800262,11.21268940588335,0.35889110506438276,-3.0945811825103795,0.3373322246012658,0.0,-0.006391391666130913
1785942506761925652,11.195422091164996,0.3580910846083933,-3.094680372939452,0.3409487400692738,0.0,-0.0031963837690105914
1785942506798303605,11.178582284250218,0.3573005102596601,-3.09483837834534,0.34095236762926084,0.0,-0.0031960885957387788
1785942506847376610,11.161657868106595,0.3565166161063284,-3.096379152861736,0.3359148526806868,0.0,-0.02130196459805154
1785942506913858418,11.147667610757626,0.35602550960417373,-3.097325342077026,0.3359098317955845,0.0,-0.021303626706172293
1785942506961605099,11.132879684960676,0.35553367176438083,-3.099064097043752,0.3366249667354987,0.0,-0.03089090192085652
1785942506999344994,11.115990901151855,0.35481498421605545,-3.100615427307077,0.3366256819334648,0.0,-0.030891785025039368
1785942507045832907,11.098866403468737,0.3541144692185689,-3.1024724054640775,0.34166757826360944,0.0,-0.03515294857085735
1785942507098461537,11.0812754832502,0.3534259565716772,-3.1042836418938173,0.34167258422924396,0.0,-0.035153338239025625
1785942507160168280,11.066227929565786,0.35312472472017614,-3.1061924060097637,0.34707907967303653,0.0,-0.03621879885430425
1785942507217544647,11.050469522604338,0.35278436580241745,-3.1080907605720216,0.3470843350046782,0.0,-0.03621889423884929
1785942507246571915,11.03317871936617,0.352203547904621,-3.109661920614208,0.346729531492966,0.0,-0.03302380195075851
1785942507301391159,11.015165617832777,0.3516281803416431,-3.1113783961989685,0.34672916698499345,0.0,-0.03302349960592951
1785942507347558260,10.998818552648986,0.3511334293349682,-3.112812940583159,0.3420474162587347,0.0,-0.030893045371709858
1785942507417248864,10.98082073231506,0.3510428394370612,-3.1150823413362385,0.3420429179066735,0.0,-0.030892856848501956
1785942507459520517,10.963578026753197,0.35079389964717006,-3.1174978700665497,0.3362775110418807,0.0,-0.037283040738873625
1785942507499147332,10.946751021194393,0.3503883805006272,-3.119364176290407,0.33627156450467854,0.0,-0.03728364782564175
1785942507545270367,10.930156893664018,0.35002359702198943,-3.121945798478355,0.3333849994877673,0.0,-0.04686986286782498
1785942507596554498,10.913164926261558,0.3496897175341285,-3.124335285703639,0.3333821012171653,0.0,-0.046870749383351826
1785942507660363754,10.897440034047731,0.34940623107041396,-3.1274718866017133,0.3351796754301264,0.0,-0.059652505189536215
1785942507712505006,10.881304516612012,0.3491919658041881,-3.130395901207953,0.3351814346216997,0.0,-0.059653657258193236
1785942507745954238,10.864013890884763,0.349001777800757,-3.1340919727703516,0.34238452038627376,0.0,-0.06924038924473036
1785942507801329023,10.846782940331298,0.34887253048862793,-3.1375766112816246,0.34239185163227254,0.0,-0.06924128796028095
1785942507848392382,10.82998481855235,0.3488152911506225,3.140417990805734,0.33951850655017657,0.0,-0.09267372152419749
1785942507912513938,10.814095102709352,0.34870299528434845,3.136009296862081,0.339515656689637,0.0,-0.0926758620731091
1785942507960446579,10.798569961001832,0.34873869118787343,3.1320526646249114,0.3366321368117762,0.0,-0.08628758675047145
1785942508000307036,10.781693732415983,0.3488996952892579,3.127726632022573,0.3366292735138567,0.0,-0.08628700249864174
1785942508045557749,10.764586149650956,0.3491307081351378,3.124456684788784,0.3409473032206586,0.0,-0.07244054625435045
1785942508121887170,10.7475643826274,0.3492522511897159,3.1209915116953697,0.34095164847019926,0.0,-0.07243926288661034
1785942508161123538,10.730923325974091,0.3494717097235597,3.117004919646599,0.33663503511349624,0.0,-0.07882838784309867
1785942508197513172,10.713868960248524,0.3498911251186176,3.1130099635386497,0.33663072115406073,0.0,-0.07882897594448529
1785942508246143760,10.696797417763896,0.35037903650927044,3.109038071720718,0.3427479097557811,0.0,-0.07989463950776976
1785942508296789050,10.679660705201693,0.3509371099567791,3.105041544371379,0.3427539472394878,0.0,-0.07989473637844591
1785942508360721958,10.664307534084324,0.3515592449212747,3.1037651401108852,0.3438402087276185,0.0,-0.04368257757567475
1785942508417610754,10.648607670816146,0.35220269582831243,3.1015867020765175,0.34384130579510574,0.0,-0.043679209051698274
1785942508446936050,10.63140299911806,0.35287804797538763,3.1017213162660493,0.344922652308459,0.0,-0.012788838942605477
1785942508497574588,10.614076198796521,0.35356925205056994,3.10107873174611,0.3449237288556537,0.0,-0.01278600646689349
1785942508562637077,10.600474029335425,0.3546142112416779,3.1014343930994137,0.33952357214482964,0.0,0.005323000391139808
1785942508610623544,10.586091676973096,0.3555181751823826,3.101505360897272,0.33951819499739455,0.0,0.0053246611831785735
1785942508649775621,10.568119448337287,0.356244396461272,3.100866377706792,0.33339151013634855,0.0,-0.006389422465151375
1785942508697698021,10.552589113935882,0.35687724120033926,3.100568341973713,0.3333853657572825,0.0,-0.006390504500540645
1785942508745311962,10.53627707142081,0.3575360398179028,3.102113696310775,0.3333792091004052,0.0,0.018105108871713148
1785942508814971844,10.52095328961508,0.35857432081819357,3.102646764832221,0.33337920311635777,0.0,0.018107301649666306
1785942508903800182,10.505531591177204,0.35947856426465336,3.1037872237654818,0.3326590654899707,0.0,0.02449988399560821
1785942508924842213,10.480039707578342,0.36044275382863766,3.1056661071033873,0.33265833321493915,0.0,0.024500482719763714
1785942508946004025,10.472809189241755,0.36070386734077087,3.105793733479993,0.32202986580219656,0.0,0.01491475512521754
1785942508999435151,10.456688408030084,0.36128122065459733,3.106540827947071,0.3220219408107245,0.0,0.014914228783329932
1785942509062035176,10.441486615569136,0.36223390793568216,3.10771869996418,0.3136182580049067,0.0,0.028757965355306933
1785942509129226675,10.426245318076573,0.3630422574872792,3.1089252522243807,0.30129834737529293,0.0,0.0276970687815928
1785942509178314305,10.403268895176065,0.3637931042221615,3.1110386354900856,0.30128319059009673,0.0,0.027696972327212726
1785942509202901753,10.396307091137247,0.36400588191216204,3.1116521199271103,0.3023485739985795,0.0,0.0266317786543824
1785942509246596694,10.381206249840657,0.36445814435128526,3.1129828321809705,0.3023494871551163,0.0,0.026631694567844515
1785942509298469200,10.365579715903015,0.3649042680568391,3.1148340648377757,0.3163963024926092,0.0,0.0426079310334775
1785942509362439774,10.358750476982097,0.3661581460117307,3.1164497248835437,0.31640893896634925,0.0,0.042609254526571744
1785942509411978749,10.350259998767704,0.36713827194448895,3.1182475233483173,0.3185820389598172,0.0,0.04048044033625538
1785942509446569113,10.334334640527544,0.3675101192372273,3.120271585742864,0.31858421588248,0.0,0.04048024391843747
1785942509498947718,10.318397151053398,0.36784997775025385,3.121843117177932,0.3189464783126274,0.0,0.022373880942750474
1785942509546410517,10.302450720527657,0.36816495399155397,3.1229618400165697,0.31894683977890126,0.0,0.02237221694637933
1785942509598252845,10.286600957832142,0.3684602812236054,3.124160017969164,0.31534639045638513,0.0,0.025565759706151207
1785942509646599006,10.270831879078505,0.36873520545327243,3.125438686771542,0.31534279668303733,0.0,0.025566053297771618
1785942509698978764,10.255285853295554,0.3689863574304668,3.126503680951483,0.30669726504460904,0.0,0.017045797562953734
1785942509750963210,10.239948511159977,0.3692177998001194,3.127356182915547,0.306688638073291,0.0,0.017045014501244283
1785942509810541486,10.233630251990531,0.37145319950048816,3.1260217333541154,0.3034392912152835,0.0,0.007458613884713045
1785942509865250901,10.22570736095105,0.3728859625550351,3.1253956498138757,0.30343604804069996,0.0,0.00745773261928692
1785942509910337448,10.209923236127684,0.3731416389719368,3.1259109456447085,0.3127953542445134,0.0,0.012782218435576635
1785942509951282938,10.19466942383719,0.37338086434638035,3.1265343690701646,0.3128044671992994,0.0,0.01278269591081132
1785942509996927842,10.17877971068226,0.37362015338900995,3.1274088773134956,0.32145513746940096,0.0,0.022368750970857887
1785942510065739436,10.169254849524924,0.37496686911780336,3.1274393335611417,0.32146396259163873,0.0,0.02236965172284877
1785942510113283774,10.158588422583357,0.3758867586925592,3.1274165021812292,0.31643167867671146,0.0,4.122677802705088e-06
1785942510146608329,10.142769448774798,0.37611102670023244,3.1274165538446272,0.31642664347952876,0.0,2.0615288689795836e-06
1785942510196618107,10.126985558940863,0.37633479305720813,3.127869407473952,0.31498128476553444,0.0,0.01810616621259779
1785942510246219516,10.111237415451468,0.3765509216018792,3.1287748791610634,0.31497984227011705,0.0,0.01810783036343269
1785942510312195032,10.100651072793639,0.37723631366621924,3.1292034490395126,0.3056163088590016,0.0,0.01597935730766627
1785942510361251941,10.089466672138185,0.37776414628924876,3.129736994042115,0.3056069624484469,0.0,0.015979161625969313
1785942510396598846,10.074197789338335,0.37794517847602715,3.130349429411938,0.3052375366781597,0.0,0.008523486496360169
1785942510446547245,10.058933168641131,0.37811680951661975,3.1307756566556226,0.305237167969868,0.0,0.008522801135083967
1785942510497211736,10.0433924757236,0.3782849187349115,3.131468196044329,0.3163993068929518,0.0,0.01917280254949921
1785942510563248022,10.031872745122584,0.37727117491234435,3.134033746486329,0.31641044440069255,0.0,0.019173781288561776
1785942510615370841,10.019968347728113,0.3767684353006786,3.135787935109923,0.30633932349778514,0.0,0.017044622762758588
1785942510645392740,10.004654919450187,0.376857326067732,3.136640011114919,0.30632927228654716,0.0,0.01704442704716425
1785942510701472417,9.990120825978813,0.3769293069343386,3.137226142195507,0.2749922055280146,0.0,0.006393544752440304
1785942510748320472,9.976371780824888,0.3769893425515978,3.1375457905143236,0.27496093447737935,0.0,0.006392565834122717
1785942510813472436,9.968209003386312,0.37601397877343845,3.139602000799195,0.22667886732277048,0.0,0.012781998724958336
1785942510863633067,9.960367972325937,0.3755925251404987,3.140981933249238,0.22663068130491645,0.0,0.012782586044332172
1785942510895601922,9.94937182338757,0.3755992384188695,-3.1415109429858314,0.2132595121608544,0.0,0.014913310648455282
1785942510947173680,9.938710685668198,0.3755983670046311,-3.1407653212088626,0.21324616810286334,0.0,0.014913506498042814
1785942511014872686,9.929019289550325,0.3751009052248728,-3.1394473323491936,0.22115459233619938,0.0,0.0074582223466870745
1785942511061932462,9.918924943570989,0.3747883393821916,-3.13859443800335,0.22116248757462276,0.0,0.0074575368322918325
1785942511096651183,9.90766264733864,0.3747545732932973,-3.1382217103994074,0.22945223525684036,0.0,0.0074568513178584215
1785942511146824998,9.896112447611328,0.3747156381569499,-3.137846364498707,0.2294605086817319,0.0,0.0074568512548443605
1785942511204821549,9.884137776231825,0.3746707776455038,-3.137341487767481,0.2517938338206736,0.0,0.012782195643348815
1785942511262099992,9.871551198849934,0.37418218557451227,-3.1360309324471642,0.2518160936914113,0.0,0.012782684512636453
1785942511317084394,9.859170963038434,0.3738697905192669,-3.134978015452844,0.24319643573838057,0.0,0.013848241852397249
1785942511347995992,9.847007146701719,0.3737893298442667,-3.134285316577731,0.2431878260273347,0.0,0.01384833988101107
1785942511397775264,9.83509869682075,0.3737023091901732,-3.1337531383986885,0.23345704209226598,0.0,0.0074580262265848225
1785942511462538989,9.82528318240856,0.37381966228883773,-3.133617314750136,0.23344732962581077,0.0,0.00745743876321241
1785942511513601960,9.815425007720009,0.373879761057891,-3.133255615614046,0.22155496163128033,0.0,0.012782194470462714
1785942511547722161,9.804312631117451,0.3737871143618015,-3.1326143974891596,0.22154309287712862,0.0,0.012782683926080698
1785942511596570710,9.793067564285522,0.3736861513401636,-3.1320813040505393,0.22765264692431328,0.0,0.008522895284700745
1785942511646271899,9.781723721232478,0.3735782530228527,-3.1316566385231033,0.2276587166750299,0.0,0.008522505501916279
1785942511714996706,9.77132096424354,0.3736101831987232,-3.1313535015868115,0.2348663338720361,0.0,0.009587183480295162
1785942511761158878,9.760515825676338,0.3735990729296774,-3.1309607903878556,0.2348735592131909,0.0,0.00958728178295383
1785942511798040563,9.748530808476321,0.3734716469312943,-3.1308284299244025,0.2449630363270818,0.0,-0.0042585116643081185
1785942511846787667,9.736282049016275,0.3733397938765138,-3.131041460766567,0.2449731077195439,0.0,-0.004259784627057101
1785942511914401295,9.723498688537475,0.3732934658077583,-3.131838177523236,0.23778156902494793,0.0,-0.023432293371247328
1785942511966440175,9.711002184691521,0.3732306153210487,-3.1330730713466743,0.23777439251217772,0.0,-0.02343405553936093
1785942511996679042,9.699318037315381,0.3731310705255385,-3.1344301231026415,0.23020552145703183,0.0,-0.030891297270430593
1785942512045438467,9.687809496626812,0.3730486392984249,-3.1359746222900906,0.23019796791884833,0.0,-0.030891982718168357
1785942512097246170,9.676543866011354,0.3729853487495621,-3.1373594459854486,0.2204682422440491,0.0,-0.024502256428202734
1785942512160806617,9.663868633337138,0.37297571614072433,-3.1385645279183816,0.22045853128465712,0.0,-0.02450166904614291
1785942512212234721,9.65123133953969,0.3729797565613446,-3.139779472229963,0.2305310737968851,0.0,-0.0245010816640884
1785942512247497271,9.63970440732967,0.3729588558119458,-3.141004488307939,0.23054112740626376,0.0,-0.02450108161009005
1785942512297814581,9.629440885013967,0.37295282408932856,3.1412485984419987,0.18013989510898298,0.0,-0.012785327279191164
1785942512350462380,9.620435480768272,0.3729559233853849,3.1406092575827382,0.18008959937855715,0.0,-0.012784250474419319
1785942512417305482,9.61462422855032,0.37302505818335685,3.14023113845779,0.0,0.0,0.0
1785942512462654855,9.612052101807569,0.3730907518994458,3.1401188959225883,0.0,0.0,0.0
1785942512499169805,9.611021983305868,0.37309227107185955,3.1400655567381204,0.0,0.0,0.0
1785942512547308758,9.611490274077314,0.37309155602929917,3.1400655518202756,0.0,0.0,0.0
1785942512614282937,9.61119581551469,0.37316282627960495,3.1400020201199674,0.0,0.0,0.0
1785942512661897102,9.610932964530608,0.37321873096525954,3.139964035268625,0.0,0.0,0.0
1785942512699951664,9.611499311672743,0.37321780863380927,3.1398861112907674,0.0,0.0,0.0
1785942512746082795,9.612310748591684,0.3732164238936048,3.1397263516030525,0.0,0.0,0.0
1785942512800892758,9.613014008745981,0.3732151113525292,3.1396198069287826,0.0,0.0,0.0
1785942512860695491,9.613777704730994,0.3732360055672285,3.1395953386771547,0.0,0.0,0.0
1785942512910287972,9.614352866262765,0.3732622915244339,3.1395858559526393,0.0,0.0,0.0
1785942512945186700,9.61462364742213,0.3732617481198085,3.1395858535039176,0.0,0.0,0.0
1785942512996843518,9.614758804950576,0.373261476883995,3.1395858510562165,0.0,0.0,0.0
1785942513064755365,9.615293362664145,0.37342158382715757,3.1394559185836215,0.0,0.0,0.0
1785942513113652907,9.615729287522647,0.3735601969350899,3.139375664602119,0.0,0.0,0.0
1785942513146590119,9.615706886342783,0.3735602465971993,3.139375664602119,0.0,0.0,0.0
1785942513197921004,9.615670843969475,0.37356032650149723,3.139375664602119,0.0,0.0,0.0
1785942513252109919,9.615634758309657,0.37356040650313593,3.139375664602119,0.0,0.0,0.0
1785942513314869406,9.614892243790885,0.3737173037872438,3.1393850045134513,0.0,0.0,0.0
1785942513366268997,9.614261772058743,0.37387385045811333,3.1393827293399945,0.0,0.0,0.0
1785942513407702763,9.614261790013016,0.3738738504184762,3.1393827293399945,0.0,0.0,0.0
1785942513446182013,9.614261790042834,0.3738738504184103,3.1393827293399945,0.0,0.0,0.0
1785942513513302822,9.614384912729248,0.3739848169923757,3.139335954795599,0.0,0.0,0.0
1785942513561414766,9.614488891023472,0.374089750852706,3.1393023668735633,0.0,0.0,0.0
1785942513601183282,9.614488891023488,0.37408975085270596,3.1393023668735633,0.0,0.0,0.0
1785942513645750545,9.614488891023488,0.37408975085270596,3.1393023668735633,0.0,0.0,0.0
1785942513697119287,9.614488891023488,0.37408975085270596,3.1393023668735633,0.0,0.0,0.0
1785942513767615778,9.614949793425977,0.3744107793699703,3.1386431219839084,0.0,0.0,0.0
1785942513812176384,9.615334660168937,0.37466603133329507,3.1382561388890156,0.0,0.0,0.0
1785942513847159660,9.615334660168937,0.37466603133329507,3.1382561388890156,0.0,0.0,0.0
1785942513897036184,9.615334660168937,0.37466603133329507,3.1382561388890156,0.0,0.0,0.0
1785942513948251544,9.615334660168937,0.37466603133329507,3.1382561388890156,0.0,0.0,0.0
1785942514030268289,9.616569970976974,0.37504168166075824,3.1371388061759258,0.0,0.0,0.0
1785942514062217911,9.61759297956787,0.3753339380003054,3.136509087549642,0.0,0.0,0.0
1785942514096038357,9.61759297956787,0.3753339380003054,3.136509087549642,0.0,0.0,0.0
1785942514147124912,9.61759297956787,0.3753339380003054,3.136509087549642,0.0,0.0,0.0
1785942514197956098,9.61759297956787,0.3753339380003054,3.136509087549642,0.0,0.0,0.0
1785942514265102475,9.617931500884444,0.375714343026639,3.1360843535259084,0.0,0.0,0.0
1785942514316910114,9.618216895108256,0.3760685319163438,3.1358013900160575,0.0,0.0,0.0
1785942514346715429,9.618216895108256,0.3760685319163438,3.1358013900160575,0.0,0.0,0.0
1785942514397282252,9.618216895108256,0.3760685319163438,3.1358013900160575,0.0,0.0,0.0
1785942514461615720,9.620120302071701,0.37637560987035995,3.1367355690459195,0.0,0.0,0.0
1785942514515615284,9.621707345250677,0.3767026690559461,3.1372558347119734,0.0,0.0,0.0
1785942514547263198,9.621707345250677,0.3767026690559461,3.1372558347119734,0.0,0.0,0.0
1785942514596837375,9.621707345250677,0.3767026690559461,3.1372558347119734,0.0,0.0,0.0
1785942514644882020,9.621707345250677,0.3767026690559461,3.1372558347119734,0.0,0.0,0.0
1785942514715252682,9.625235291359607,0.3769877050850064,3.1375769137960994,0.0,0.0,0.0
1785942514760037809,9.628152823075462,0.37727164499164245,3.137740268572818,0.0,0.0,0.0
1785942514795853629,9.628152823075462,0.37727164499164245,3.137740268572818,0.0,0.0,0.0
1785942514848623513,9.628152823075462,0.37727164499164245,3.137740268572818,0.0,0.0,0.0
1785942514902520705,9.628152823075462,0.37727164499164245,3.137740268572818,0.0,0.0,0.0
1785942514965805589,9.630424786823928,0.3775213441640872,3.1380018565042334,0.0,0.0,0.0
1785942515014491379,9.632316172831214,0.37776829847198123,3.1381446385308447,0.0,0.0,0.0
1785942515047276361,9.632316172831214,0.37776829847198123,3.1381446385308447,0.0,0.0,0.0
1785942515095656571,9.632316172831214,0.37776829847198123,3.1381446385308447,0.0,0.0,0.0
1785942515163651014,9.634534291720884,0.378057733770792,3.1382892790062646,0.0,0.0,0.0
1785942515215866252,9.636410717920056,0.3783423294995096,3.138372282629386,0.0,0.0,0.0
1785942515246440045,9.636410717920056,0.3783423294995096,3.138372282629386,0.0,0.0,0.0
1785942515299905060,9.636410717920056,0.3783423294995096,3.138372282629386,0.0,0.0,0.0
1785942515345284098,9.636410717920056,0.3783423294995096,3.138372282629386,0.0,0.0,0.0
1785942515413658747,9.6380851191019,0.3784998824674924,3.138374118397287,0.0,0.0,0.0
1785942515467584356,9.639501403071565,0.37865451672115863,3.1383688538230157,0.0,0.0,0.0
1785942515495835115,9.639501403071565,0.37865451672115863,3.1383688538230157,0.0,0.0,0.0
1785942515546632699,9.639501403071565,0.37865451672115863,3.1383688538230157,0.0,0.0,0.0
1785942515597477260,9.639501403071565,0.37865451672115863,3.1383688538230157,0.0,0.0,0.0
1785942515660779809,9.640715770520725,0.37880417799863864,3.1383433974213295,0.0,0.0,0.0
1785942515745944132,9.641734912730309,0.37895108413121703,3.138321722088444,0.0,0.0,0.0
1785942515760633981,9.641734912730309,0.37895108413121703,3.138321722088444,0.0,0.0,0.0
1785942515795305436,9.641734912730309,0.37895108413121703,3.138321722088444,0.0,0.0,0.0
1785942515844939711,9.641734912730309,0.37895108413121703,3.138321722088444,0.0,0.0,0.0
1785942515895113847,9.641734912730309,0.37895108413121703,3.138321722088444,0.0,0.0,0.0
1785942515964117384,9.642601415027109,0.37909866907790996,3.138252022798439,0.0,0.0,0.0
1785942516018082387,9.643321595919112,0.3792435757085311,3.138205974466663,0.0,0.0,0.0
1785942516050074954,9.643321595919112,0.3792435757085311,3.138205974466663,0.0,0.0,0.0
1785942516098291126,9.643321595919112,0.3792435757085311,3.138205974466663,0.0,0.0,0.0
1785942516146019791,9.643321595919112,0.3792435757085311,3.138205974466663,0.0,0.0,0.0
1785942516211369747,9.644195164753826,0.3793417107208758,3.1380344993422717,0.0,0.0,0.0
1785942516260996022,9.64491619426741,0.3794382241915385,3.1379354554624017,0.0,0.0,0.0
1785942516295904286,9.64491619426741,0.3794382241915385,3.1379354554624017,0.0,0.0,0.0
1785942516347245187,9.64491619426741,0.3794382241915385,3.1379354554624017,0.0,0.0,0.0
1785942516396032613,9.64491619426741,0.3794382241915385,3.1379354554624017,0.0,0.0,0.0
1785942516460680366,9.646330320720304,0.3796011820261863,3.1380054291555934,0.0,0.0,0.0
1785942516518479149,9.647492188702735,0.3797618231138073,3.138035427774389,0.0,0.0,0.0
1785942516547625974,9.647492188702735,0.3797618231138073,3.138035427774389,0.0,0.0,0.0
1785942516597570981,9.647492188702735,0.3797618231138073,3.138035427774389,0.0,0.0,0.0
1785942516667003015,9.648315959188457,0.37991329872092844,3.1380976536232823,0.0,0.0,0.0
1785942516729097964,9.649007036601002,0.3800624097120898,3.1381310905953965,0.0,0.0,0.0
1785942516745886775,9.649007036601002,0.3800624097120898,3.1381310905953965,0.0,0.0,0.0
1785942516797936791,9.649007036601002,0.3800624097120898,3.1381310905953965,0.0,0.0,0.0
1785942516846400973,9.649007036601002,0.3800624097120898,3.1381310905953965,0.0,0.0,0.0
1785942516912238019,9.650072735764542,0.3802256630455031,3.138109509041153,0.0,0.0,0.0
1785942516964931069,9.650969121911558,0.3803864973475301,3.138089267498397,0.0,0.0,0.0
1785942516996882322,9.650969121911558,0.3803864973475301,3.138089267498397,0.0,0.0,0.0
1785942517045671285,9.650969121911558,0.3803864973475301,3.138089267498397,0.0,0.0,0.0
1785942517098704123,9.650969121911558,0.3803864973475301,3.138089267498397,0.0,0.0,0.0
1785942517159067102,9.651807179295924,0.38054230441017384,3.138072210241487,0.0,0.0,0.0
1785942517210282878,9.652504908843639,0.38069580800909075,3.1380550515969654,0.0,0.0,0.0
1785942517258308930,9.652504908843639,0.38069580800909075,3.1380550515969654,0.0,0.0,0.0
1785942517295542149,9.652504908843639,0.38069580800909075,3.1380550515969654,0.0,0.0,0.0
1785942517363939262,9.65295246164437,0.38081788833358404,3.1380019190098696,0.0,0.0,0.0
1785942517412019941,9.65332722869533,0.3809380902744688,3.1379646964052053,0.0,0.0,0.0
1785942517447141654,9.65332722869533,0.3809380902744688,3.1379646964052053,0.0,0.0,0.0
1785942517500442823,9.65332722869533,0.3809380902744688,3.1379646964052053,0.0,0.0,0.0
1785942517548127102,9.65332722869533,0.3809380902744688,3.1379646964052053,0.0,0.0,0.0
1785942517611161768,9.653792315035123,0.38105225427421907,3.1379290376072215,0.0,0.0,0.0
1785942517661773041,9.65418244899894,0.3811647153318324,3.137902576743029,0.0,0.0,0.0
1785942517696067233,9.65418244899894,0.3811647153318324,3.137902576743029,0.0,0.0,0.0
1785942517747298722,9.65418244899894,0.3811647153318324,3.137902576743029,0.0,0.0,0.0
1785942517814474349,9.654600463289272,0.3812753375260148,3.1378791655428526,0.0,0.0,0.0
1785942517859981008,9.654944570974994,0.3813843474445187,3.1378609551681085,0.0,0.0,0.0
1785942517895626805,9.654944570974994,0.3813843474445187,3.1378609551681085,0.0,0.0,0.0
1785942517946337633,9.654944570974994,0.3813843474445187,3.1378609551681085,0.0,0.0,0.0
1785942517996160683,9.654944570974994,0.3813843474445187,3.1378609551681085,0.0,0.0,0.0
1785942518065079289,9.655320800890946,0.38148671081951024,3.137671939965018,0.0,0.0,0.0
1785942518117424901,9.655633089866802,0.38158759602576015,3.137557083530034,0.0,0.0,0.0
1785942518146357958,9.655633089866802,0.38158759602576015,3.137557083530034,0.0,0.0,0.0
1785942518198331780,9.655633089866802,0.38158759602576015,3.137557083530034,0.0,0.0,0.0
1785942518246023099,9.655633089866802,0.38158759602576015,3.137557083530034,0.0,0.0,0.0
1785942518312363013,9.655605931308576,0.381700805710755,3.1376784362957153,0.0,0.0,0.0
1785942518364488777,9.655583572885615,0.381812189258292,3.137740967013392,0.0,0.0,0.0
1785942518400314933,9.655583572885615,0.381812189258292,3.137740967013392,0.0,0.0,0.0
1785942518445258722,9.655583572885615,0.381812189258292,3.137740967013392,0.0,0.0,0.0
1785942518514316437,9.655666084086866,0.3818993411899803,3.1378141239114923,0.0,0.0,0.0
1785942518559841977,9.655735556326595,0.3819851594888465,3.137857508901839,0.0,0.0,0.0
1785942518596068820,9.655735556326595,0.3819851594888465,3.137857508901839,0.0,0.0,0.0
1785942518649971228,9.655735556326595,0.3819851594888465,3.137857508901839,0.0,0.0,0.0
1785942518707237575,9.655735556326595,0.3819851594888465,3.137857508901839,0.0,0.0,0.0
1785942518762712748,9.655870324801887,0.3820881225029748,3.1378401983112467,0.0,0.0,0.0
1785942518812123878,9.655982609628692,0.3821895575307828,3.1378254225257542,0.0,0.0,0.0
1785942518848748785,9.655982609628692,0.3821895575307828,3.1378254225257542,0.0,0.0,0.0
1785942518895584456,9.655982609628692,0.3821895575307828,3.1378254225257542,0.0,0.0,0.0
1785942518959944293,9.65611002158875,0.3823024891845988,3.1377471094765697,0.0,0.0,0.0
1785942519016269067,9.656218008403467,0.3824137551875281,3.137691975939766,0.0,0.0,0.0
1785942519046941199,9.656218008403467,0.3824137551875281,3.137691975939766,0.0,0.0,0.0
1785942519096919744,9.656218008403467,0.3824137551875281,3.137691975939766,0.0,0.0,0.0
1785942519146783723,9.656218008403467,0.3824137551875281,3.137691975939766,0.0,0.0,0.0
1785942519213119093,9.655878239358437,0.3825233673519951,3.1377252591514124,0.0,0.0,0.0
1785942519262568913,9.655593945427691,0.38263115854836854,3.137739558272282,0.0,0.0,0.0
1785942519303321628,9.655593945427691,0.38263115854836854,3.137739558272282,0.0,0.0,0.0
1785942519348949347,9.655593945427691,0.38263115854836854,3.137739558272282,0.0,0.0,0.0
1785942519399337379,9.655593945427691,0.38263115854836854,3.137739558272282,0.0,0.0,0.0
1785942519466401386,9.655853667639924,0.3827291889315296,3.1377593798838865,0.0,0.0,0.0
1785942519516393402,9.656074335740326,0.382825887051324,3.1377684019919445,0.0,0.0,0.0
1785942519546671311,9.656074335740326,0.382825887051324,3.1377684019919445,0.0,0.0,0.0
1785942519602337052,9.656074335740326,0.382825887051324,3.1377684019919445,0.0,0.0,0.0
1785942519662512919,9.656681664807044,0.3829533041426918,3.137797952102487,0.0,0.0,0.0
1785942519715090188,9.657191675301839,0.38307916689064747,3.137809304937665,0.0,0.0,0.0
1785942519745324255,9.657191675301839,0.38307916689064747,3.137809304937665,0.0,0.0,0.0
1785942519795677054,9.657191675301839,0.38307916689064747,3.137809304937665,0.0,0.0,0.0
1785942519860227331,9.657770820832383,0.38318020407242676,3.1378004810290987,0.0,0.0,0.0
1785942519911078453,9.65825254305115,0.38328010007052865,3.137790547719427,0.0,0.0,0.0
1785942519945780245,9.65825254305115,0.38328010007052865,3.137790547719427,0.0,0.0,0.0
1785942519999786689,9.65825254305115,0.38328010007052865,3.137790547719427,0.0,0.0,0.0
1785942520047471609,9.65825254305115,0.38328010007052865,3.137790547719427,0.0,0.0,0.0
1785942520114107086,9.658642143259533,0.3833678034321021,3.137681850950015,0.0,0.0,0.0
1785942520161954380,9.65896401148934,0.3834544852121249,3.1376176217447624,0.0,0.0,0.0
1785942520197192001,9.65896401148934,0.3834544852121249,3.1376176217447624,0.0,0.0,0.0
1785942520246428500,9.65896401148934,0.3834544852121249,3.1376176217447624,0.0,0.0,0.0
1785942520302439086,9.65896401148934,0.3834544852121249,3.1376176217447624,0.0,0.0,0.0
1785942520359368044,9.659195015427393,0.38353831737456384,3.1376266908940167,0.0,0.0,0.0
1785942520409626087,9.659385288496136,0.3836211136771127,3.1376275347397513,0.0,0.0,0.0
1785942520445572183,9.659385288496136,0.3836211136771127,3.1376275347397513,0.0,0.0,0.0
1785942520496245571,9.659385288496136,0.3836211136771127,3.1376275347397513,0.0,0.0,0.0
1785942520560402168,9.659271334515457,0.38369523832478997,3.1375214449959796,0.0,0.0,0.0
1785942520620292488,9.659175661489511,0.38376827894191806,3.13745102269411,0.0,0.0,0.0
1785942520649285676,9.659175661489511,0.38376827894191806,3.13745102269411,0.0,0.0,0.0
1785942520696837918,9.659175661489511,0.38376827894191806,3.13745102269411,0.0,0.0,0.0
1785942520746991765,9.659175661489511,0.38376827894191806,3.13745102269411,0.0,0.0,0.0
1785942520812526912,9.659290948978521,0.38384409301174643,3.137357847867645,0.0,0.0,0.0
1785942520860104019,9.659388010548156,0.383918936450636,3.1372969544699503,0.0,0.0,0.0
1785942520900483279,9.659388010548156,0.383918936450636,3.1372969544699503,0.0,0.0,0.0
1785942520947831513,9.659388010548156,0.383918936450636,3.1372969544699503,0.0,0.0,0.0
1785942521022567465,9.659480357911908,0.38400836572812197,3.1372460661170387,0.0,0.0,0.0
1785942521061107358,9.659558228102872,0.38409664303499125,3.137211056502963,0.0,0.0,0.0
1785942521096389045,9.659558228102872,0.38409664303499125,3.137211056502963,0.0,0.0,0.0
1785942521150630282,9.659558228102872,0.38409664303499125,3.137211056502963,0.0,0.0,0.0
1785942521204980260,9.659558228102872,0.38409664303499125,3.137211056502963,0.0,0.0,0.0
1785942521259917044,9.659574897938057,0.3841710222662814,3.1372538936655707,0.0,0.0,0.0
1785942521312349411,9.659589164646821,0.3842444240834413,3.1372794473056973,0.0,0.0,0.0
1785942521345223517,9.659589164646821,0.3842444240834413,3.1372794473056973,0.0,0.0,0.0
1785942521398037627,9.659589164646821,0.3842444240834413,3.1372794473056973,0.0,0.0,0.0
1785942521462333142,9.659366905786037,0.38429787926725273,3.137321879367957,0.0,0.0,0.0
1785942521510942673,9.659179948112172,0.3843505139808239,3.1373442083217857,0.0,0.0,0.0
1785942521547772452,9.659179948112172,0.3843505139808239,3.1373442083217857,0.0,0.0,0.0
1785942521597103227,9.659179948112172,0.3843505139808239,3.1373442083217857,0.0,0.0,0.0
1785942521646450194,9.659179948112172,0.3843505139808239,3.1373442083217857,0.0,0.0,0.0
1785942521714739496,9.658642011167299,0.3843960832164397,3.1373234387045454,0.0,0.0,0.0
1785942521762489858,9.658194042527747,0.38444075139380274,3.137309717151573,0.0,0.0,0.0
1785942521796991099,9.658194042527747,0.38444075139380274,3.137309717151573,0.0,0.0,0.0
1785942521845407790,9.658194042527747,0.38444075139380274,3.137309717151573,0.0,0.0,0.0
1785942521913048587,9.658145634802892,0.38449106408602074,3.137303258183583,0.0,0.0,0.0
1785942521965577502,9.658105641010723,0.3845407062125586,3.137297212623916,0.0,0.0,0.0
1785942522007137960,9.658105641010723,0.3845407062125586,3.137297212623916,0.0,0.0,0.0
1785942522047563398,9.658105641010723,0.3845407062125586,3.137297212623916,0.0,0.0,0.0
1785942522096260229,9.658105641010723,0.3845407062125586,3.137297212623916,0.0,0.0,0.0
1785942522161397568,9.658132626011575,0.3845956921528534,3.137298455613772,0.0,0.0,0.0
1785942522225770782,9.658154860569242,0.38465000296470236,3.137296381267745,0.0,0.0,0.0
1785942522247514408,9.658154860569242,0.38465000296470236,3.137296381267745,0.0,0.0,0.0
1785942522297706785,9.658154860569242,0.38465000296470236,3.137296381267745,0.0,0.0,0.0
1785942522347554572,9.658154860569242,0.38465000296470236,3.137296381267745,0.0,0.0,0.0
1785942522417587397,9.658138667515512,0.3847131189583141,3.137220695100381,0.0,0.0,0.0
1785942522464357401,9.65812506993678,0.38477544151684434,3.1371692809853737,0.0,0.0,0.0
1785942522500916129,9.65812506993678,0.38477544151684434,3.1371692809853737,0.0,0.0,0.0
1785942522545623493,9.65812506993678,0.38477544151684434,3.1371692809853737,0.0,0.0,0.0
1785942522609255206,9.65812506993678,0.38477544151684434,3.1371692809853737,0.0,0.0,0.0
1785942522646028247,9.65812506993678,0.38477544151684434,3.1371692809853737,0.0,0.0,0.0
1785942522712143128,9.6581888788524,0.38488545017286435,3.137332917412638,0.0,0.0,0.0
1785942522765218561,9.658242101677162,0.38499414639426033,3.137422470164629,0.0,0.0,0.0
1785942522825867886,9.658242101677162,0.38499414639426033,3.137422470164629,0.0,0.0,0.0
1785942522846772024,9.658242101677162,0.38499414639426033,3.137422470164629,0.0,0.0,0.0
1785942522908254246,9.658242101677162,0.38499414639426033,3.137422470164629,0.0,0.0,0.0
1785942522973615850,9.657371872398105,0.38509562937989955,3.137620141041146,0.0,0.0,0.0
1785942523016821844,9.656652279923412,0.3851953304352615,3.1377253003916596,0.0,0.0,0.0
1785942523046722426,9.656652279923412,0.3851953304352615,3.1377253003916596,0.0,0.0,0.0
1785942523103884961,9.656652279923412,0.3851953304352615,3.1377253003916596,0.0,0.0,0.0
1785942523144937591,9.656652279923412,0.3851953304352615,3.1377253003916596,0.0,0.0,0.0
1785942523215384640,9.656062699970883,0.3853127508609105,3.1378770226217703,0.0,0.0,0.0
1785942523259778040,9.655572024725736,0.3854283971908875,3.137961283576962,0.0,0.0,0.0
1785942523297163680,9.655572024725736,0.3854283971908875,3.137961283576962,0.0,0.0,0.0
1785942523348310654,9.655572024725736,0.3854283971908875,3.137961283576962,0.0,0.0,0.0
1785942523405519078,9.655572024725736,0.3854283971908875,3.137961283576962,0.0,0.0,0.0
1785942523461591779,9.655627579177745,0.38554573458485447,3.1379199556818027,0.0,0.0,0.0
1785942523513460668,9.655673084310049,0.3856617212116323,3.137892051994508,0.0,0.0,0.0
1785942523545154344,9.655673084310049,0.3856617212116323,3.137892051994508,0.0,0.0,0.0
1785942523595959192,9.655673084310049,0.3856617212116323,3.137892051994508,0.0,0.0,0.0
1785942523661883698,9.654896325519198,0.38574319854257044,3.137791249146884,0.0,0.0,0.0
1785942523712364054,9.654255159912537,0.38582320336754145,3.1377294040477484,0.0,0.0,0.0
1785942523745852391,9.654255159912537,0.38582320336754145,3.1377294040477484,0.0,0.0,0.0
1785942523796304266,9.654255159912537,0.38582320336754145,3.1377294040477484,0.0,0.0,0.0
1785942523846240408,9.654255159912537,0.38582320336754145,3.1377294040477484,0.0,0.0,0.0
1785942523911574619,9.654684638471556,0.385859434046251,3.137561691760116,0.0,0.0,0.0
1785942523963985130,9.655041832227067,0.38589552387496595,3.137459651260401,0.0,0.0,0.0
1785942523995792986,9.655041832227067,0.38589552387496595,3.137459651260401,0.0,0.0,0.0
1785942524046246973,9.655041832227067,0.38589552387496595,3.137459651260401,0.0,0.0,0.0
1785942524113432743,9.655020971261715,0.38593588153186725,3.1372947245600487,0.0,0.0,0.0
1785942524163132461,9.655003546002524,0.385975764527746,3.1371925150986306,0.0,0.0,0.0
1785942524198770545,9.655003546002524,0.385975764527746,3.1371925150986306,0.0,0.0,0.0
1785942524246989246,9.655003546002524,0.385975764527746,3.1371925150986306,0.0,0.0,0.0
1785942524299437741,9.655003546002524,0.385975764527746,3.1371925150986306,0.0,0.0,0.0
1785942524367420183,9.654660016987199,0.3860386675771305,3.1372750652416843,0.0,0.0,0.0
1785942524420193428,9.654371776827883,0.3861006448805731,3.137322698672297,0.0,0.0,0.0
1785942524445549674,9.654371776827883,0.3861006448805731,3.137322698672297,0.0,0.0,0.0
1785942524504234123,9.654371776827883,0.3861006448805731,3.137322698672297,0.0,0.0,0.0
1785942524560231909,9.654309969289642,0.3861282778342411,3.1372715917666434,0.0,0.0,0.0
1785942524615310331,9.65425828582246,0.38615556210069224,3.1372402699241655,0.0,0.0,0.0
1785942524648848206,9.65425828582246,0.38615556210069224,3.1372402699241655,0.0,0.0,0.0
1785942524697523116,9.65425828582246,0.38615556210069224,3.1372402699241655,0.0,0.0,0.0
1785942524745215203,9.65425828582246,0.38615556210069224,3.1372402699241655,0.0,0.0,0.0
1785942524811166398,9.654694971826157,0.38620221471339766,3.1371894850554893,0.0,0.0,0.0
1785942524860902373,9.655062059779233,0.38624862585688474,3.1371564973206367,0.0,0.0,0.0
1785942524896113113,9.655062059779233,0.38624862585688474,3.1371564973206367,0.0,0.0,0.0
1785942524945495058,9.655062059779233,0.38624862585688474,3.1371564973206367,0.0,0.0,0.0
1785942524998273903,9.655062059779233,0.38624862585688474,3.1371564973206367,0.0,0.0,0.0
1785942525065469434,9.654748386711328,0.386265363179054,3.137139355830618,0.0,0.0,0.0
1785942525113637444,9.654487529314705,0.3862817110034293,3.137128945441533,0.0,0.0,0.0
1785942525145458069,9.654487529314705,0.3862817110034293,3.137128945441533,0.0,0.0,0.0
1785942525196496142,9.654487529314705,0.3862817110034293,3.137128945441533,0.0,0.0,0.0
1785942525260309718,9.654635417341325,0.3863125537390446,3.137127403674879,0.0,0.0,0.0
1785942525315119298,9.654759032463026,0.38634315626721594,3.1371250718786454,0.0,0.0,0.0
1785942525347576907,9.654759032463026,0.38634315626721594,3.1371250718786454,0.0,0.0,0.0
1785942525397646367,9.654759032463026,0.38634315626721594,3.1371250718786454,0.0,0.0,0.0
1785942525453311723,9.654759032463026,0.38634315626721594,3.1371250718786454,0.0,0.0,0.0
1785942525512422397,9.654431082734334,0.38637397844958515,3.1369714754103324,0.0,0.0,0.0
1785942525559572352,9.654159314789718,0.386404259185787,3.1368839332917453,0.0,0.0,0.0
1785942525595027966,9.654159314789718,0.386404259185787,3.1368839332917453,0.0,0.0,0.0
1785942525644936427,9.654159314789718,0.386404259185787,3.1368839332917453,0.0,0.0,0.0
1785942525712058676,9.654474690787643,0.3864331296045486,3.13688275338558,0.0,0.0,0.0
1785942525764593639,9.65473762753452,0.38646189039409234,3.1368806922920154,0.0,0.0,0.0
1785942525798656206,9.65473762753452,0.38646189039409234,3.1368806922920154,0.0,0.0,0.0
1785942525845689068,9.65473762753452,0.38646189039409234,3.1368806922920154,0.0,0.0,0.0
1785942525899276360,9.65473762753452,0.38646189039409234,3.1368806922920154,0.0,0.0,0.0
1785942525960520013,9.654455413632897,0.3865042058000629,3.136823269784501,0.0,0.0,0.0
1785942526013980996,9.654221658115972,0.38654589591916977,3.1367888624468554,0.0,0.0,0.0
1785942526045887928,9.654221658115972,0.38654589591916977,3.1367888624468554,0.0,0.0,0.0
1785942526095792646,9.654221658115972,0.38654589591916977,3.1367888624468554,0.0,0.0,0.0
1785942526164358182,9.653645161249978,0.38660114426514636,3.1370198866179684,0.0,0.0,0.0
1785942526218877062,9.65315899559841,0.3866554796973118,3.1371657861250326,0.0,0.0,0.0
1785942526245972608,9.65315899559841,0.3866554796973118,3.1371657861250326,0.0,0.0,0.0
1785942526299723522,9.65315899559841,0.3866554796973118,3.1371657861250326,0.0,0.0,0.0
1785942526345489007,9.65315899559841,0.3866554796973118,3.1371657861250326,0.0,0.0,0.0
1785942526412927652,9.6532018473178,0.38673149692533176,3.137273864750359,0.0,0.0,0.0
1785942526462285244,9.65323756618515,0.3868067617298601,3.137331734740112,0.0,0.0,0.0
1785942526496174397,9.65323756618515,0.3868067617298601,3.137331734740112,0.0,0.0,0.0
1785942526546937131,9.65323756618515,0.3868067617298601,3.137331734740112,0.0,0.0,0.0
1785942526609306620,9.653473286069493,0.3868880914669833,3.1373095027486824,0.0,0.0,0.0
1785942526661323227,9.653672812549873,0.38696873456782493,3.1372919660021674,0.0,0.0,0.0
1785942526702230124,9.653672812549873,0.38696873456782493,3.1372919660021674,0.0,0.0,0.0
1785942526744861919,9.653672812549873,0.38696873456782493,3.1372919660021674,0.0,0.0,0.0
1785942526797471285,9.653672812549873,0.38696873456782493,3.1372919660021674,0.0,0.0,0.0
1785942526860736456,9.653402826017418,0.38704832314607573,3.137412479795529,0.0,0.0,0.0
1785942526914851545,9.653177140033735,0.3871269377980894,3.1374783319292385,0.0,0.0,0.0
1785942526945506620,9.653177140033735,0.3871269377980894,3.1374783319292385,0.0,0.0,0.0
1785942526996584983,9.653177140033735,0.3871269377980894,3.1374783319292385,0.0,0.0,0.0
1785942527046706989,9.653177140033735,0.3871269377980894,3.1374783319292385,0.0,0.0,0.0
1785942527118985405,9.65311217702213,0.38720999643910464,3.1375917701592706,0.0,0.0,0.0
1785942527161433802,9.653058378413055,0.38729218382132596,3.1376507210730575,0.0,0.0,0.0
1785942527197656165,9.653058378413055,0.38729218382132596,3.1376507210730575,0.0,0.0,0.0
1785942527246741970,9.653058378413055,0.38729218382132596,3.1376507210730575,0.0,0.0,0.0
1785942527295425808,9.653058378413055,0.38729218382132596,3.1376507210730575,0.0,0.0,0.0
1785942527362796418,9.652352135660504,0.38734693251780195,3.1376430967606708,0.0,0.0,0.0
1785942527414952935,9.651770317921569,0.3874006381762699,3.1376363175853075,0.0,0.0,0.0
1785942527445594378,9.651770317921569,0.3874006381762699,3.1376363175853075,0.0,0.0,0.0
1785942527498154558,9.651770317921569,0.3874006381762699,3.1376363175853075,0.0,0.0,0.0
1785942527560785625,9.652427340908165,0.38745539493081116,3.1374063376147867,0.0,0.0,0.0
1785942527612256035,9.652972776757366,0.3875100746453134,3.13726882836881,0.0,0.0,0.0
1785942527645033049,9.652972776757366,0.3875100746453134,3.13726882836881,0.0,0.0,0.0
1785942527694579992,9.652972776757366,0.3875100746453134,3.13726882836881,0.0,0.0,0.0
1785942527746529877,9.652972776757366,0.3875100746453134,3.13726882836881,0.0,0.0,0.0
1785942527822854753,9.65326789209321,0.38757524533737325,3.1372477321421726,0.0,0.0,0.0
1785942527860820864,9.653517083126806,0.38763997478603107,3.1372314755222197,0.0,0.0,0.0
1785942527895563426,9.653517083126806,0.38763997478603107,3.1372314755222197,0.0,0.0,0.0
1785942527946730369,9.653517083126806,0.38763997478603107,3.1372314755222197,0.0,0.0,0.0
1785942528011254660,9.653506837352689,0.38771911293042866,3.137361066026654,0.0,0.0,0.0
1785942528060274447,9.65349834023961,0.38779748620193527,3.1374323607166343,0.0,0.0,0.0
1785942528096156445,9.65349834023961,0.38779748620193527,3.1374323607166343,0.0,0.0,0.0
1785942528146951309,9.65349834023961,0.38779748620193527,3.1374323607166343,0.0,0.0,0.0
1785942528198669921,9.65349834023961,0.38779748620193527,3.1374323607166343,0.0,0.0,0.0
1785942528260095533,9.653688899462875,0.3878751878398298,3.137490672199676,0.0,0.0,0.0
1785942528312297907,9.653850451541434,0.3879522744701212,3.137525172069296,0.0,0.0,0.0
1785942528348467212,9.653850451541434,0.3879522744701212,3.137525172069296,0.0,0.0,0.0
1785942528400656562,9.653850451541434,0.3879522744701212,3.137525172069296,0.0,0.0,0.0
1785942528463788064,9.653806343420003,0.38801924283877604,3.1374197871830365,0.0,0.0,0.0
1785942528518885686,9.65376946686408,0.3880855518910272,3.137355733902696,0.0,0.0,0.0
1785942528546286300,9.65376946686408,0.3880855518910272,3.137355733902696,0.0,0.0,0.0
1785942528596595353,9.65376946686408,0.3880855518910272,3.137355733902696,0.0,0.0,0.0
1785942528660904948,9.653823608105938,0.3881622641529413,3.1373339415609913,0.0,0.0,0.0
1785942528711779943,9.653868581147607,0.38823830088476846,3.137318022016632,0.0,0.0,0.0
1785942528746810356,9.653868581147607,0.38823830088476846,3.137318022016632,0.0,0.0,0.0
1785942528795258057,9.653868581147607,0.38823830088476846,3.137318022016632,0.0,0.0,0.0
1785942528849000043,9.653868581147607,0.38823830088476846,3.137318022016632,0.0,0.0,0.0
1785942528941437736,9.652901840572094,0.3883069367231556,3.1374415602753385,0.0,0.0,0.0
1785942528960855929,9.652085666334761,0.3883743170270949,3.1375176988739004,0.0,0.0,0.0
1785942528995477782,9.652085666334761,0.3883743170270949,3.1375176988739004,0.0,0.0,0.0
1785942529070754234,9.652085666334761,0.3883743170270949,3.1375176988739004,0.0,0.0,0.0
1785942529113213191,9.652499788900275,0.3884239029348476,3.1374485160231083,0.0,0.0,0.0
1785942529160303879,9.652845345085622,0.38847331574881905,3.137406397907183,0.0,0.0,0.0
1785942529220434529,9.652845345085622,0.38847331574881905,3.137406397907183,0.0,0.0,0.0
1785942529245895355,9.652845345085622,0.38847331574881905,3.137406397907183,0.0,0.0,0.0
1785942529284467570,9.652845345085622,0.38847331574881905,3.137406397907183,0.0,0.0,0.0
1785942529363432965,9.653260292390797,0.38852638707111287,3.1374164807851272,0.0,0.0,0.0
1785942529434863444,9.65360377489464,0.3885792651229329,3.1374193444893983,0.0,0.0,0.0
1785942529440266981,9.65360377489464,0.3885792651229329,3.1374193444893983,0.0,0.0,0.0
1785942529505589928,9.65360377489464,0.3885792651229329,3.1374193444893983,0.0,0.0,0.0
1785942529558458056,9.65360377489464,0.3885792651229329,3.1374193444893983,0.0,0.0,0.0
1785942529599494558,9.65360377489464,0.3885792651229329,3.1374193444893983,0.0,0.0,0.0
1785942529673688056,9.653219594329059,0.38864982682209315,3.137491573066691,0.0,0.0,0.0
1785942529734180256,9.65289582337003,0.38871951421152173,3.1375347611065596,0.0,0.0,0.0
1785942529756723145,9.65289582337003,0.38871951421152173,3.1375347611065596,0.0,0.0,0.0
1785942529800073369,9.65289582337003,0.38871951421152173,3.1375347611065596,0.0,0.0,0.0
1785942529844795645,9.65289582337003,0.38871951421152173,3.1375347611065596,0.0,0.0,0.0
1785942529912418777,9.652965234744238,0.3887756066898936,3.137324012611321,0.0,0.0,0.0
1785942529961574313,9.653023142478515,0.38883124680457465,3.1372001945934502,0.0,0.0,0.0
1785942529998759242,9.653023142478515,0.38883124680457465,3.1372001945934502,0.0,0.0,0.0
1785942530045327190,9.653023142478515,0.38883124680457465,3.1372001945934502,0.0,0.0,0.0
1785942530099008534,9.653023142478515,0.38883124680457465,3.1372001945934502,0.0,0.0,0.0
1785942530163004773,9.653669004359845,0.3888697254091662,3.1372137286616675,0.0,0.0,0.0
1785942530210315630,9.654203280291878,0.3889083151455327,3.137219181700062,0.0,0.0,0.0
1785942530246770770,9.654203280291878,0.3889083151455327,3.137219181700062,0.0,0.0,0.0
1785942530302042287,9.654203280291878,0.3889083151455327,3.137219181700062,0.0,0.0,0.0
1785942530346954459,9.654203280291878,0.3889083151455327,3.137219181700062,0.0,0.0,0.0
1785942530420951310,9.653898346152104,0.3889363134432116,3.137112631874473,0.0,0.0,0.0
1785942530465399144,9.653641446120504,0.38896387478856137,3.137043730171777,0.0,0.0,0.0
1785942530502320446,9.653641446120504,0.38896387478856137,3.137043730171777,0.0,0.0,0.0
1785942530545728560,9.653641446120504,0.38896387478856137,3.137043730171777,0.0,0.0,0.0
1785942530620895984,9.654193611514836,0.3889990224749837,3.1369455803582267,0.0,0.0,0.0
1785942530661232011,9.65465463336856,0.3890342304593239,3.136886806964441,0.0,0.0,0.0
1785942530702670416,9.65465463336856,0.3890342304593239,3.136886806964441,0.0,0.0,0.0
1785942530745017400,9.65465463336856,0.3890342304593239,3.136886806964441,0.0,0.0,0.0
1785942530795717125,9.65465463336856,0.3890342304593239,3.136886806964441,0.0,0.0,0.0
1785942530861535835,9.65507769493083,0.38908108121093987,3.137012163658198,0.0,0.0,0.0
1785942530912258696,9.655432243273504,0.38912780412165976,3.1370850563021726,0.0,0.0,0.0
1785942530944913369,9.655432243273504,0.38912780412165976,3.1370850563021726,0.0,0.0,0.0
1785942530997214915,9.655432243273504,0.38912780412165976,3.1370850563021726,0.0,0.0,0.0
1785942531046163723,9.655432243273504,0.38912780412165976,3.1370850563021726,0.0,0.0,0.0
1785942531112390001,9.655570534786827,0.38917234211667684,3.1370416236647696,0.0,0.0,0.0
1785942531160285552,9.655686060090433,0.3892165919989131,3.1370141981249984,0.0,0.0,0.0
1785942531196799351,9.655686060090433,0.3892165919989131,3.1370141981249984,0.0,0.0,0.0
1785942531245157384,9.655686060090433,0.3892165919989131,3.1370141981249984,0.0,0.0,0.0
1785942531318342620,9.655264757269714,0.3892377025138089,3.1370615364971934,0.0,0.0,0.0
1785942531364364402,9.654916147864096,0.389258343844219,3.1370868064845214,0.0,0.0,0.0
1785942531398507325,9.654916147864096,0.389258343844219,3.1370868064845214,0.0,0.0,0.0
1785942531447194587,9.654916147864096,0.389258343844219,3.1370868064845214,0.0,0.0,0.0
1785942531515021951,9.654925771371927,0.3892683597359573,3.137026875455813,0.0,0.0,0.0
1785942531563056356,9.654933915518317,0.3892782976777877,3.13698743573539,0.0,0.0,0.0
1785942531597383414,9.654933915518317,0.3892782976777877,3.13698743573539,0.0,0.0,0.0
1785942531647316004,9.654933915518317,0.3892782976777877,3.13698743573539,0.0,0.0,0.0
1785942531696436371,9.654933915518317,0.3892782976777877,3.13698743573539,0.0,0.0,0.0
1785942531768069194,9.654529031627177,0.3893025620704878,3.1369780307180712,0.0,0.0,0.0
1785942531813096667,9.654186639283212,0.3893263769593062,3.1369712064229085,0.0,0.0,0.0
1785942531845943955,9.654186639283212,0.3893263769593062,3.1369712064229085,0.0,0.0,0.0
1785942531900303149,9.654186639283212,0.3893263769593062,3.1369712064229085,0.0,0.0,0.0
1785942531960513322,9.65446850811843,0.3893403822799209,3.1369251149048654,0.0,0.0,0.0
1785942532012459206,9.654705017285723,0.38935445277517944,3.1368974095389746,0.0,0.0,0.0
1785942532045583305,9.654705017285723,0.38935445277517944,3.1368974095389746,0.0,0.0,0.0
1785942532096536927,9.654705017285723,0.38935445277517944,3.1368974095389746,0.0,0.0,0.0
1785942532146804827,9.654705017285723,0.38935445277517944,3.1368974095389746,0.0,0.0,0.0
1785942532217678549,9.65444130085635,0.38936347159039625,3.1367134920813835,0.0,0.0,0.0
1785942532263064019,9.6542168762092,0.38937226041167483,3.1365937137976534,0.0,0.0,0.0
1785942532296341724,9.6542168762092,0.38937226041167483,3.1365937137976534,0.0,0.0,0.0
1785942532344987769,9.6542168762092,0.38937226041167483,3.1365937137976534,0.0,0.0,0.0
1785942532396326686,9.6542168762092,0.38937226041167483,3.1365937137976534,0.0,0.0,0.0
1785942532460679547,9.65399297029795,0.38940120282430407,3.1366506005550647,0.0,0.0,0.0
1785942532511034041,9.653805605344374,0.3894297632165872,3.1366815948918507,0.0,0.0,0.0
1785942532545621045,9.653805605344374,0.3894297632165872,3.1366815948918507,0.0,0.0,0.0
1785942532596151611,9.653805605344374,0.3894297632165872,3.1366815948918507,0.0,0.0,0.0
1785942532658778421,9.653943461650835,0.3894594286248973,3.136733587381232,0.0,0.0,0.0
1785942532710137371,9.654057791089373,0.3894889526834882,3.136760752890599,0.0,0.0,0.0
1785942532745211946,9.654057791089373,0.3894889526834882,3.136760752890599,0.0,0.0,0.0
1785942532796218626,9.654057791089373,0.3894889526834882,3.136760752890599,0.0,0.0,0.0
1785942532845092103,9.654057791089373,0.3894889526834882,3.136760752890599,0.0,0.0,0.0
1785942532910430442,9.654201018615316,0.38951388305391244,3.136803138077159,0.0,0.0,0.0
1785942532959673566,9.654320498291911,0.3895387135786233,3.136826929442991,0.0,0.0,0.0
1785942532997160618,9.654320498291911,0.3895387135786233,3.136826929442991,0.0,0.0,0.0
1785942533050647266,9.654320498291911,0.3895387135786233,3.136826929442991,0.0,0.0,0.0
1785942533097231279,9.654320498291911,0.3895387135786233,3.136826929442991,0.0,0.0,0.0
1785942533162290824,9.654018286290484,0.3895649989970585,3.136866725163238,0.0,0.0,0.0
1785942533215986088,9.653768166294638,0.3895908575884589,3.136887773076286,0.0,0.0,0.0
1785942533245275767,9.653768166294638,0.3895908575884589,3.136887773076286,0.0,0.0,0.0
1785942533296949160,9.653768166294638,0.3895908575884589,3.136887773076286,0.0,0.0,0.0
1785942533359186708,9.653147467238526,0.38961300041461566,3.136936728720347,0.0,0.0,0.0
1785942533413567406,9.652630958073265,0.38963452982575786,3.1369646083942517,0.0,0.0,0.0
1785942533445961589,9.652630958073265,0.38963452982575786,3.1369646083942517,0.0,0.0,0.0
1785942533498817077,9.652630958073265,0.38963452982575786,3.1369646083942517,0.0,0.0,0.0
1785942533546356967,9.652630958073265,0.38963452982575786,3.1369646083942517,0.0,0.0,0.0
1785942533614809187,9.652855012079485,0.3896546213488964,3.136925048501542,0.0,0.0,0.0
1785942533659685421,9.65304237665201,0.3896747118636804,3.1369003073561843,0.0,0.0,0.0
1785942533696641381,9.65304237665201,0.3896747118636804,3.1369003073561843,0.0,0.0,0.0
1785942533745895257,9.65304237665201,0.3896747118636804,3.1369003073561843,0.0,0.0,0.0
1785942533818172681,9.6534304181219,0.38970497713429847,3.137022456459557,0.0,0.0,0.0
1785942533863556455,9.653752058833652,0.3897352928449346,3.1370895963200915,0.0,0.0,0.0
1785942533901423202,9.653752058833652,0.3897352928449346,3.1370895963200915,0.0,0.0,0.0
1785942533947428665,9.653752058833652,0.3897352928449346,3.1370895963200915,0.0,0.0,0.0
1785942533996845939,9.653752058833652,0.3897352928449346,3.1370895963200915,0.0,0.0,0.0
1785942534061850633,9.654664167786708,0.38977787402531633,3.137140445420317,0.0,0.0,0.0
1785942534116772985,9.65541511243659,0.38982082652325223,3.1371659605936895,0.0,0.0,0.0
1785942534144640433,9.65541511243659,0.38982082652325223,3.1371659605936895,0.0,0.0,0.0
1785942534194450714,9.65541511243659,0.38982082652325223,3.1371659605936895,0.0,0.0,0.0
1785942534267360707,9.655124755183666,0.38986923270564583,3.137198502272409,0.0,0.0,0.0
1785942534312168971,9.654883673949339,0.38991705459348436,3.1372155315334505,0.0,0.0,0.0
1785942534347240730,9.654883673949339,0.38991705459348436,3.1372155315334505,0.0,0.0,0.0
1785942534394819373,9.654883673949339,0.38991705459348436,3.1372155315334505,0.0,0.0,0.0
1785942534464392756,9.654821952217699,0.3899592442496995,3.1372170591610824,0.0,0.0,0.0
1785942534512046762,9.654770454945972,0.390001070133776,3.137216117289372,0.0,0.0,0.0
1785942534548065982,9.654770454945972,0.390001070133776,3.137216117289372,0.0,0.0,0.0
1785942534596736955,9.654770454945972,0.390001070133776,3.137216117289372,0.0,0.0,0.0
1785942534648256839,9.654770454945972,0.390001070133776,3.137216117289372,0.0,0.0,0.0
1785942534713903574,9.655171649381117,0.3900427721960281,3.137246576135298,0.0,0.0,0.0
1785942534760430721,9.655507871264797,0.3900844513436362,3.1372631370453843,0.0,0.0,0.0
1785942534798275675,9.655507871264797,0.3900844513436362,3.1372631370453843,0.0,0.0,0.0
1785942534846894199,9.655507871264797,0.3900844513436362,3.1372631370453843,0.0,0.0,0.0
1785942534914480017,9.655359662008117,0.3901192527827253,3.137270797474739,0.0,0.0,0.0
1785942534965117755,9.655233670459792,0.3901536964808497,3.1372745445535917,0.0,0.0,0.0
1785942534995999527,9.655233670459792,0.3901536964808497,3.1372745445535917,0.0,0.0,0.0
1785942535046237377,9.655233670459792,0.3901536964808497,3.1372745445535917,0.0,0.0,0.0
1785942535097736236,9.655233670459792,0.3901536964808497,3.1372745445535917,0.0,0.0,0.0
1785942535159332191,9.655443816074857,0.39019304710530606,3.1371670316961437,0.0,0.0,0.0
1785942535211767118,9.655620131228266,0.39023225900368885,3.137102558735301,0.0,0.0,0.0
1785942535246305960,9.655620131228266,0.39023225900368885,3.137102558735301,0.0,0.0,0.0
1785942535298175714,9.655620131228266,0.39023225900368885,3.137102558735301,0.0,0.0,0.0
1785942535346322315,9.655620131228266,0.39023225900368885,3.137102558735301,0.0,0.0,0.0
1785942535410952499,9.656360876516269,0.39028374190398313,3.1370628016443742,0.0,0.0,0.0
1785942535462429213,9.656983598477842,0.39033537652386674,3.137036545148312,0.0,0.0,0.0
1785942535504465817,9.656983598477842,0.39033537652386674,3.137036545148312,0.0,0.0,0.0
1785942535547561823,9.656983598477842,0.39033537652386674,3.137036545148312,0.0,0.0,0.0
1785942535615855893,9.657664027604442,0.3903825903608537,3.137170693796188,0.0,0.0,0.0
1785942535667588297,9.658230261928352,0.3904299728246398,3.137243670207086,0.0,0.0,0.0
1785942535703164587,9.658230261928352,0.3904299728246398,3.137243670207086,0.0,0.0,0.0
1785942535749704566,9.658230261928352,0.3904299728246398,3.137243670207086,0.0,0.0,0.0
1785942535798717089,9.658230261928352,0.3904299728246398,3.137243670207086,0.0,0.0,0.0
1785942535862108153,9.658334261444791,0.3904632724344098,3.137199756617988,0.0,0.0,0.0
1785942535913202836,9.658421179767947,0.3904964078998534,3.1371723049827014,0.0,0.0,0.0
1785942535947844626,9.658421179767947,0.3904964078998534,3.1371723049827014,0.0,0.0,0.0
1785942535995877879,9.658421179767947,0.3904964078998534,3.1371723049827014,0.0,0.0,0.0
1785942536066936280,9.658849994003898,0.39053063359126566,3.1370526883413543,0.0,0.0,0.0
1785942536113516869,9.659213801529422,0.3905649025028525,3.136973395552447,0.0,0.0,0.0
1785942536146712843,9.659213801529422,0.3905649025028525,3.136973395552447,0.0,0.0,0.0
1785942536225351281,9.659213801529422,0.3905649025028525,3.136973395552447,0.0,0.0,0.0
1785942536251019604,9.659213801529422,0.3905649025028525,3.136973395552447,0.0,0.0,0.0
1785942536311043433,9.659334331820927,0.3905992565875902,3.1369866955365135,0.0,0.0,0.0
1785942536361846777,9.659435451877284,0.3906334515464182,3.1369928576894797,0.0,0.0,0.0
1785942536397130512,9.659435451877284,0.3906334515464182,3.1369928576894797,0.0,0.0,0.0
1785942536464448128,9.659435451877284,0.3906334515464182,3.1369928576894797,0.0,0.0,0.0
1785942536498938200,9.659435451877284,0.3906334515464182,3.1369928576894797,0.0,0.0,0.0
1785942536547089570,9.659435451877284,0.3906334515464182,3.1369928576894797,0.0,0.0,0.0
1785942536611174036,9.658954489511421,0.3906658915939043,3.1370113969240245,0.0,0.0,0.0
1785942536666215017,9.65855015072765,0.39069776771395975,3.137021176804411,0.0,0.0,0.0
1785942536696596514,9.65855015072765,0.39069776771395975,3.137021176804411,0.0,0.0,0.0
1785942536746749689,9.65855015072765,0.39069776771395975,3.137021176804411,0.0,0.0,0.0
1785942536811632842,9.658656143094046,0.39073684885625193,3.1370394019973937,0.0,0.0,0.0
1785942536860905599,9.658744319674751,0.39077573287845413,3.1370476764422888,0.0,0.0,0.0
1785942536897459783,9.658744319674751,0.39077573287845413,3.1370476764422888,0.0,0.0,0.0
1785942536945530413,9.658744319674751,0.39077573287845413,3.1370476764422888,0.0,0.0,0.0
1785942537004300626,9.658744319674751,0.39077573287845413,3.1370476764422888,0.0,0.0,0.0
1785942537061895722,9.657775444170252,0.39081108338995657,3.1371288596024236,0.0,0.0,0.0
1785942537112197574,9.656955917348153,0.39084554503031066,3.1371795757584287,0.0,0.0,0.0
1785942537150208615,9.656955917348153,0.39084554503031066,3.1371795757584287,0.0,0.0,0.0
1785942537196480744,9.656955917348153,0.39084554503031066,3.1371795757584287,0.0,0.0,0.0
1785942537247257367,9.656955917348153,0.39084554503031066,3.1371795757584287,0.0,0.0,0.0
1785942537312312559,9.657016411037027,0.39087172333410547,3.1370782637866537,0.0,0.0,0.0
1785942537361200981,9.657066995314295,0.3908977629242809,3.1370186216818645,0.0,0.0,0.0
1785942537400764306,9.657066995314295,0.3908977629242809,3.1370186216818645,0.0,0.0,0.0
1785942537446428891,9.657066995314295,0.3908977629242809,3.1370186216818645,0.0,0.0,0.0
1785942537497018467,9.657066995314295,0.3908977629242809,3.1370186216818645,0.0,0.0,0.0
1785942537563204871,9.657130542837054,0.39092720037382733,3.1370391583268478,0.0,0.0,0.0
1785942537612476476,9.65718324138794,0.3909564821837854,3.1370490943717937,0.0,0.0,0.0
1785942537645818663,9.65718324138794,0.3909564821837854,3.1370490943717937,0.0,0.0,0.0
1785942537699901462,9.65718324138794,0.3909564821837854,3.1370490943717937,0.0,0.0,0.0
1785942537762077279,9.657588104664717,0.3909975529553349,3.1370815386042454,0.0,0.0,0.0
1785942537810823136,9.65792170261358,0.3910386490824018,3.137097161503636,0.0,0.0,0.0
1785942537853615257,9.65792170261358,0.3910386490824018,3.137097161503636,0.0,0.0,0.0
1785942537901426006,9.65792170261358,0.3910386490824018,3.137097161503636,0.0,0.0,0.0
1785942537961074172,9.658246536757904,0.39108044859364427,3.137108047991098,0.0,0.0,0.0
1785942538011241396,9.658519080900458,0.3911221880433906,3.137113083960328,0.0,0.0,0.0
1785942538059698761,9.658519080900458,0.3911221880433906,3.137113083960328,0.0,0.0,0.0
1785942538096106476,9.658519080900458,0.3911221880433906,3.137113083960328,0.0,0.0,0.0
1785942538134341333,9.658519080900458,0.3911221880433906,3.137113083960328,0.0,0.0,0.0
1785942538211978261,9.657647928029698,0.3911624497379299,3.1371398779681092,0.0,0.0,0.0
