t_ns,x,y,yaw,vx,vy,wz
1785943346890151242,9.658011208046196,0.395350117144027,3.1379775603889946,0.0,0.0,0.0
1785943346940190686,9.658011208046196,0.395350117144027,3.1379775603889946,0.0,0.0,0.0
1785943346986274304,9.658011208046196,0.395350117144027,3.1379775603889946,0.0,0.0,0.0
1785943347052690959,9.657918899163914,0.39534106143035225,3.137965652208733,0.0,0.0,0.0
1785943347102518811,9.657844159415223,0.39533206980110014,3.137958866712713,0.0,0.0,0.0
1785943347136437469,9.657844159415223,0.39533206980110014,3.137958866712713,0.0,0.0,0.0
1785943347186628087,9.657844159415223,0.39533206980110014,3.137958866712713,0.0,0.0,0.0
1785943347251841562,9.65758184481885,0.39534263643242484,3.1379168105349944,0.0,0.0,0.0
1785943347302721805,9.657366567948518,0.39535289945594804,3.137891770648581,0.0,0.0,0.0
1785943347338347086,9.657366567948518,0.39535289945594804,3.137891770648581,0.0,0.0,0.0
1785943347386081165,9.657366567948518,0.39535289945594804,3.137891770648581,0.0,0.0,0.0
1785943347436676213,9.657366567948518,0.39535289945594804,3.137891770648581,0.0,0.0,0.0
1785943347500988311,9.657139667927595,0.39534459623308543,3.137762464621512,0.0,0.0,0.0
1785943347551445402,9.65695174978727,0.39533627097393687,3.137684344628748,0.0,0.0,0.0
1785943347588005885,9.65695174978727,0.39533627097393687,3.137684344628748,0.0,0.0,0.0
1785943347637715461,9.65695174978727,0.39533627097393687,3.137684344628748,0.0,0.0,0.0
1785943347702924776,9.656865446952063,0.39532544441034284,3.1376995549375133,0.0,0.0,0.0
1785943347753614356,9.656793526070782,0.3953147118093733,3.1377087919345925,0.0,0.0,0.0
1785943347787141575,9.656793526070782,0.3953147118093733,3.1377087919345925,0.0,0.0,0.0
1785943347838257379,9.656793526070782,0.3953147118093733,3.1377087919345925,0.0,0.0,0.0
1785943347885946560,9.656793526070782,0.3953147118093733,3.1377087919345925,0.0,0.0,0.0
1785943347938073313,9.656793526070782,0.3953147118093733,3.1377087919345925,0.0,0.0,0.0
1785943347988925907,9.656793526070782,0.3953147118093733,3.1377087919345925,0.0,0.0,0.0
1785943348039308308,9.656793526070782,0.3953147118093733,3.1377087919345925,0.0,0.0,0.0
1785943348088694160,9.656793526070782,0.3953147118093733,3.1377087919345925,0.0,0.0,0.0
1785943348151463161,9.657209622581563,0.3952926612006901,3.1374832606662113,0.0,0.0,0.0
1785943348209221865,9.657553746049954,0.3952711389622482,3.1373557577102984,0.0,0.0,0.0
1785943348238526049,9.657553746049954,0.3952711389622482,3.1373557577102984,0.0,0.0,0.0
1785943348287927357,9.657553746049954,0.3952711389622482,3.1373557577102984,0.0,0.0,0.0
1785943348352375780,9.657808765287578,0.3952935548089221,3.137561789565269,0.0,0.0,0.0
1785943348401590746,9.658021455918108,0.39531582555673844,3.1376853854708324,0.0,0.0,0.0
1785943348437161112,9.658021455918108,0.39531582555673844,3.1376853854708324,0.0,0.0,0.0
1785943348487197260,9.658021455918108,0.39531582555673844,3.1376853854708324,0.0,0.0,0.0
1785943348538734679,9.658021455918108,0.39531582555673844,3.1376853854708324,0.0,0.0,0.0
1785943348602104278,9.65849978703678,0.39531455008722416,3.1377276707346224,0.0,0.0,0.0
1785943348652590395,9.658891060199586,0.3953135829985178,3.1377499090594965,0.0,0.0,0.0
1785943348686823176,9.658891060199586,0.3953135829985178,3.1377499090594965,0.0,0.0,0.0
1785943348738161388,9.658891060199586,0.3953135829985178,3.1377499090594965,0.0,0.0,0.0
1785943348801241440,9.659174993801756,0.3953179718480089,3.1377517318114214,0.0,0.0,0.0
1785943348851652482,9.659409608872553,0.3953224697028696,3.137752788618314,0.0,0.0,0.0
1785943348888348266,9.659409608872553,0.3953224697028696,3.137752788618314,0.0,0.0,0.0
1785943348936741730,9.659409608872553,0.3953224697028696,3.137752788618314,0.0,0.0,0.0
1785943348987369579,9.659409608872553,0.3953224697028696,3.137752788618314,0.0,0.0,0.0
1785943349051690669,9.658959324214779,0.39531841025957964,3.137825485137149,0.0,0.0,0.0
1785943349105870202,9.658584711151331,0.39531414955229016,3.137868974255759,0.0,0.0,0.0
1785943349138574831,9.658584711151331,0.39531414955229016,3.137868974255759,0.0,0.0,0.0
1785943349186752350,9.658584711151331,0.39531414955229016,3.137868974255759,0.0,0.0,0.0
1785943349252778591,9.658183525113245,0.3953143190042402,3.1377036053617275,0.0,0.0,0.0
1785943349302075160,9.657848130977325,0.3953142675981882,3.1376034689233787,0.0,0.0,0.0
1785943349337436911,9.657848130977325,0.3953142675981882,3.1376034689233787,0.0,0.0,0.0
1785943349390399023,9.657848130977325,0.3953142675981882,3.1376034689233787,0.0,0.0,0.0
1785943349442471245,9.657848130977325,0.3953142675981882,3.1376034689233787,0.0,0.0,0.0
1785943349506080629,9.657390322452422,0.39531052529905686,3.1376432523409568,0.0,0.0,0.0
1785943349552552518,9.657006319172128,0.39530658157240295,3.137667435103613,0.0,0.0,0.0
1785943349585844753,9.657006319172128,0.39530658157240295,3.137667435103613,0.0,0.0,0.0
1785943349641468658,9.657006319172128,0.39530658157240295,3.137667435103613,0.0,0.0,0.0
1785943349701127849,9.656606115007964,0.3952908808646786,3.137689780513106,0.0,0.0,0.0
1785943349784690288,9.656273574840524,0.3952751362556187,3.1377024182314672,0.0,0.0,0.0
1785943349802866254,9.656273574840524,0.3952751362556187,3.1377024182314672,0.0,0.0,0.0
1785943349839192200,9.656273574840524,0.3952751362556187,3.1377024182314672,0.0,0.0,0.0
1785943349914930671,9.656273574840524,0.3952751362556187,3.1377024182314672,0.0,0.0,0.0
1785943349955020373,9.656667610789144,0.3952769066528793,3.1378291571377446,0.0,0.0,0.0
1785943350027563110,9.65700064498695,0.39527886401991147,3.1379104203095842,0.0,0.0,0.0
1785943350043855070,9.65700064498695,0.39527886401991147,3.1379104203095842,0.0,0.0,0.0
1785943350087454949,9.65700064498695,0.39527886401991147,3.1379104203095842,0.0,0.0,0.0
1785943350149680474,9.65700064498695,0.39527886401991147,3.1379104203095842,0.0,0.0,0.0
1785943350200691217,9.656917924642991,0.39525172592179336,3.137925808412534,0.0,0.0,0.0
1785943350257683750,9.656848805066085,0.39522485613727304,3.1379346831247683,0.0,0.0,0.0
1785943350288862050,9.656848805066085,0.39522485613727304,3.1379346831247683,0.0,0.0,0.0
1785943350336660132,9.656848805066085,0.39522485613727304,3.1379346831247683,0.0,0.0,0.0
1785943350403258810,9.656673669433072,0.39521817220861555,3.137962783159869,0.0,0.0,0.0
1785943350452802812,9.65652855748465,0.3952114581634528,3.1379784002149247,0.0,0.0,0.0
1785943350487698081,9.65652855748465,0.3952114581634528,3.1379784002149247,0.0,0.0,0.0
1785943350536947288,9.65652855748465,0.3952114581634528,3.1379784002149247,0.0,0.0,0.0
1785943350588455650,9.65652855748465,0.3952114581634528,3.1379784002149247,0.0,0.0,0.0
1785943350656944606,9.656289879605538,0.3952175293378265,3.1379672457449588,0.0,0.0,0.0
1785943350703315563,9.656088555280938,0.3952233990519084,3.137960136589275,0.0,0.0,0.0
1785943350738267219,9.656088555280938,0.3952233990519084,3.137960136589275,0.0,0.0,0.0
1785943350788817786,9.656088555280938,0.3952233990519084,3.137960136589275,0.0,0.0,0.0
1785943350862416850,9.656230800528439,0.3952350735676278,3.1380596044330535,0.0,0.0,0.0
1785943350900814873,9.656349462379843,0.39524670114918553,3.1381168119651286,0.0,0.0,0.0
1785943350936855497,9.656349462379843,0.39524670114918553,3.1381168119651286,0.0,0.0,0.0
1785943350989212242,9.656349462379843,0.39524670114918553,3.1381168119651286,0.0,0.0,0.0
1785943351037070806,9.656349462379843,0.39524670114918553,3.1381168119651286,0.0,0.0,0.0
1785943351103633610,9.656808302344068,0.395239102113941,3.138109668677423,0.0,0.0,0.0
1785943351153314865,9.657197166038147,0.3952318360407576,3.1381050607260446,0.0,0.0,0.0
1785943351187595904,9.657197166038147,0.3952318360407576,3.1381050607260446,0.0,0.0,0.0
1785943351238482515,9.657197166038147,0.3952318360407576,3.1381050607260446,0.0,0.0,0.0
1785943351303082240,9.657879182606232,0.39522043957877573,3.1380368578324553,0.0,0.0,0.0
1785943351352690116,9.658443419709037,0.3952095904713665,3.1380000753277892,0.0,0.0,0.0
1785943351387432420,9.658443419709037,0.3952095904713665,3.1380000753277892,0.0,0.0,0.0
1785943351437048105,9.658443419709037,0.3952095904713665,3.1380000753277892,0.0,0.0,0.0
1785943351488897791,9.658443419709037,0.3952095904713665,3.1380000753277892,0.0,0.0,0.0
1785943351551538627,9.658140143976173,0.3952097436957388,3.137862633996987,0.0,0.0,0.0
1785943351602227631,9.657884305624469,0.395209725771443,3.1377752967554886,0.0,0.0,0.0
1785943351643397820,9.657884305624469,0.395209725771443,3.1377752967554886,0.0,0.0,0.0
1785943351686045344,9.657884305624469,0.395209725771443,3.1377752967554886,0.0,0.0,0.0
1785943351750077752,9.657908934083425,0.395204341846893,3.137734986614156,0.0,0.0,0.0
1785943351814402106,9.657929480610502,0.3951990305300042,3.1377117941784403,0.0,0.0,0.0
1785943351838701273,9.657929480610502,0.3951990305300042,3.1377117941784403,0.0,0.0,0.0
1785943351888675467,9.657929480610502,0.3951990305300042,3.1377117941784403,0.0,0.0,0.0
1785943351937294794,9.658608897029202,0.39519639379724153,3.1377117941784403,0.0,0.0,0.0
1785943352001579755,9.660274587572514,0.39519062375635755,3.1377352119106345,0.0,0.0,0.0
1785943352051503003,9.664616183697294,0.39517455955264136,3.1358037862749075,-0.13572041115057834,0.0,-0.07775001072549077
1785943352086639946,9.67140854725421,0.39513524219217216,3.1319159398380334,-0.13581079877801117,0.0,-0.07775715595210951
1785943352136923687,9.681421084920181,0.3950383824171523,3.1266484586978707,-0.26097212983152973,0.0,-0.1310178465056147
1785943352208142471,9.693834148375782,0.3948347650221738,3.120000167349094,-0.2610955448386711,0.0,-0.13102268266509182
1785943352255773570,9.70677109235453,0.39453567326252703,3.1133592233270795,-0.2731013163067808,0.0,-0.12996246283513144
1785943352286812794,9.720424642214777,0.39415008629386483,3.1068596703018327,-0.2731134462929193,0.0,-0.1299623641724908
1785943352337190682,9.73501801408682,0.39364303164244624,3.099563703873143,-0.31093402635151435,0.0,-0.161914315293152
1785943352388327895,9.750673126902916,0.39298468179234275,3.0914055914026224,-0.31097177137743043,0.0,-0.1619172523053235
1785943352455363805,9.76477825588254,0.3922788130115122,3.084968393413167,-0.2617030533396114,0.0,-0.1033414195757969
1785943352503619759,9.77781661771076,0.3915384314048125,3.079860133537669,-0.26164160232981576,0.0,-0.10333603500068035
1785943352539227407,9.790683953181137,0.3907430767224354,3.0733421711525724,-0.2550986724315712,0.0,-0.15764914438753197
1785943352586572832,9.80340832361963,0.3898732786641902,3.06545957337598,-0.25509214542486924,0.0,-0.15765413588914126
1785943352653654760,9.815753029656664,0.38888330176145314,3.0583337529700243,-0.24235853595909349,0.0,-0.11931666793481342
1785943352704732098,9.82809528945415,0.3878177345816959,3.0521016376232866,-0.24234794362767753,0.0,-0.11931314382593414
1785943352735698263,9.839632512463245,0.38678248854374325,3.046645686051245,-0.2338154412557815,0.0,-0.1054637251556398
1785943352786282527,9.851285416820415,0.38567274303056415,3.0413656045871686,-0.23380692891240543,0.0,-0.10546245279977963
1785943352835984231,9.862407103700518,0.38455428885217907,3.035645676190512,-0.21399398422696997,0.0,-0.12356734472563402
1785943352902924777,9.87255919195663,0.38345542602003735,3.029579333981369,-0.2139742123721624,0.0,-0.12356900879370686
1785943352953702200,9.883410678769332,0.3822128843352808,3.0228884190601204,-0.23941745018717842,0.0,-0.14700218819804087
1785943352987102375,9.895311392629358,0.3807935511863869,3.0155309054540536,-0.23944918464641546,0.0,-0.1470043422945224
1785943353036810479,9.907721850055507,0.37922074435729236,3.0076806971056627,-0.26124305972464074,0.0,-0.16724279984460072
1785943353086572089,9.920669988983063,0.3774763974662864,2.999317397680184,-0.2612611820927016,0.0,-0.1672446600109405
1785943353151521298,9.933247061905067,0.37574132176272745,2.9917142795851683,-0.2548310816527239,0.0,-0.14914035027731848
1785943353200500671,9.945699154902655,0.3738978011099714,2.9844242834936403,-0.254823056961881,0.0,-0.14913868534732758
1785943353236183874,9.95836969682454,0.37188983546541554,2.9769979378553533,-0.2585671033436969,0.0,-0.14807194705559712
1785943353285338069,9.971129044319751,0.36977054203210363,2.9695911607586085,-0.2585702157934678,0.0,-0.14807184903605464
1785943353351289459,9.983870385236658,0.36765478797227463,2.962253957026489,-0.2540123235966238,0.0,-0.15339710187543434
1785943353404159856,9.996486238896152,0.3654389412157616,2.9546916915824024,-0.2540077707884171,0.0,-0.1533975917227894
1785943353439496934,10.008575648774181,0.3631527260526094,2.9474476092014754,-0.23816752668015104,0.0,-0.13635698045113118
1785943353488053475,10.020257818995118,0.3608557552879869,2.940630477284907,-0.23814778933049657,0.0,-0.13635541555163155
1785943353539273154,10.031869403355715,0.3584903348363226,2.933837374543233,-0.23572669776028163,0.0,-0.1352887773202508
1785943353604317439,10.044308461161672,0.35600648286281283,2.9268615483591605,-0.2357246847896558,0.0,-0.13528867929518387
1785943353650790864,10.055149524187959,0.35373507459121895,2.9204551575668254,-0.24262086671252267,0.0,-0.14806941393429035
1785943353685963200,10.066990932705874,0.3510729600718357,2.913048386609761,-0.24262942240641824,0.0,-0.14807058235956552
1785943353735784972,10.079058900949548,0.34826586033764645,2.905679519373461,-0.25344399310739657,0.0,-0.14700669251795673
1785943353800713444,10.091439063677118,0.3453891827979879,2.898501448255415,-0.2534529923829628,0.0,-0.14700659466151564
1785943353855142938,10.103874663302902,0.34237385172330737,2.8909154162710844,-0.25760290881501297,0.0,-0.1608523913889176
1785943353888681006,10.116355919305136,0.33917785878180673,2.882870520890219,-0.25760704888972563,0.0,-0.16085366340061708
1785943353939871596,10.128390146977184,0.3359929445866017,2.8754139905092484,-0.2490091752531493,0.0,-0.14914132416573897
1785943353990306383,10.140457856668487,0.3327026927947933,2.867920836031047,-0.2489806830266321,0.0,-0.14913917253375272
1785943354052790669,10.15339080004372,0.32805689850194436,2.8579835337581314,-0.24444703311623614,0.0,-0.14381135744769596
1785943354102479412,10.166189289948017,0.32385057196239364,2.849216875604611,-0.24444451844627157,0.0,-0.14381103091909708
1785943354136168206,10.177819325361416,0.32034990260283885,2.8417873746305076,-0.2414403375209151,0.0,-0.1533963191176929
1785943354187679704,10.18935384172041,0.31678431858475115,2.834116718993511,-0.24143783788522624,0.0,-0.15339720030796516
1785943354238768978,10.201286164226143,0.31299525931811434,2.827034351199108,-0.24667088468491358,0.0,-0.13955473136839375
1785943354302986225,10.215173932221044,0.30788881217958386,2.8176447080858265,-0.24668391041840326,0.0,-0.1395521875523996
1785943354350929335,10.229277442133688,0.3030208114001105,2.8107058288149456,-0.2525453710510032,0.0,-0.11931333774679914
1785943354385876287,10.241224900908225,0.2989166760654157,2.8047382508239207,-0.25255267498343864,0.0,-0.11931147857875066
1785943354437680724,10.253091853100731,0.2947685750093591,2.8005312805271028,-0.2518398280090081,0.0,-0.09587810429462676
1785943354502450727,10.266078339631997,0.2897963635806726,2.7943436572146365,-0.2518391166851175,0.0,-0.09587595007023578
1785943354552900810,10.278588780829681,0.28516892902746055,2.79102481479463,-0.2475174349779561,0.0,-0.06498681402106916
1785943354586821996,10.290214265136687,0.28091781532776033,2.7877750335674927,-0.24751312032567846,0.0,-0.06498397364461368
1785943354636047714,10.301371230279457,0.27679947658853693,2.7852461464700116,-0.24114526704974973,0.0,-0.05539551397461031
1785943354699169176,10.312676051684988,0.27259139835983437,2.782475097193935,-0.24113997212629024,0.0,-0.05539463292359603
1785943354753160573,10.320850806678175,0.2684994829086704,2.781297267535165,-0.24353402072596558,0.0,-0.037287583741365385
1785943354804705641,10.32948001418087,0.26434714350107635,2.7795750013666423,-0.24353700671926615,0.0,-0.03728591953753784
1785943354840954177,10.341249786425141,0.2598970238363969,2.7793084529034204,-0.24894300117162568,0.0,-0.015982884308568087
1785943354892390504,10.352890324323498,0.2554851124244282,2.7785094980500857,-0.2489474987492689,0.0,-0.015980925288595908
1785943354952282695,10.359789065116116,0.2501741979951125,2.7778346956575555,-0.25255098911096324,0.0,0.007452543103662522
1785943355004074043,10.36759446910136,0.24519324049967176,2.777281203466438,-0.2525554837876065,0.0,0.0074546969497554395
1785943355036057270,10.379365989720924,0.2407129505224597,2.7795578350875516,-0.25346050702549794,0.0,0.03301853408886897
1785943355087466300,10.39121845942711,0.23622409440739142,2.7812091701427857,-0.2534612537368119,0.0,0.03302086543374076
1785943355135551336,10.402715526879273,0.23189677485728244,2.7839763299270213,-0.24824091782992708,0.0,0.04793413420383273
1785943355202597423,10.409719892884253,0.2272361128048092,2.7855726553503084,-0.2482356660345925,0.0,0.04793551583633727
1785943355257580569,10.417356987458573,0.22281920704267064,2.788558015299708,-0.2453497666355128,0.0,0.0617827908719069
1785943355287450694,10.428906869232001,0.21856340945838088,2.7916578593153267,-0.2453468867219493,0.0,0.06178406361088834
1785943355335720056,10.440203858971959,0.214451841301126,2.797286795635785,-0.24264472543792445,0.0,0.09586754995731556
1785943355393766163,10.453052366417765,0.20984451472642204,2.8026802586127553,-0.24264136657721116,0.0,0.09587067241744328
1785943355452422341,10.459700316920781,0.2063100118118482,2.806839683173198,-0.24317824943882768,0.0,0.09800397894732633
1785943355507143909,10.46836896378859,0.20230533403488096,2.811638577758383,-0.24317872384960545,0.0,0.09800415257169472
1785943355537598088,10.47974036198199,0.1984181472710989,2.818340523637878,-0.24203880322282376,0.0,0.12356537309896132
1785943355587434836,10.491230566669268,0.19456890278251684,2.824527285983748,-0.24203773411295862,0.0,0.1235680228586222
1785943355654445881,10.49940064014259,0.1905884462167893,2.8307890245816854,-0.24857808258141814,0.0,0.1310261435301573
1785943355705726875,10.50810141225476,0.18676875725810774,2.8370649080645602,-0.24858463447928478,0.0,0.13102683155305733
1785943355738053090,10.520097745898287,0.1830094297497374,2.8462605799799965,-0.2503007093970798,0.0,0.16617478670762909
1785943355786977165,10.532063785591465,0.17936901587711773,2.8545645735715723,-0.25030285050744244,0.0,0.1661780187599166
1785943355836393930,10.544248276612102,0.175769750887785,2.862390091725925,-0.25291557794976316,0.0,0.1597908403178805
1785943355903446481,10.552145155414692,0.17212165720894373,2.8694546328398767,-0.25291818361716073,0.0,0.15979025347959755
1785943355951399096,10.561080247349441,0.1686174385559397,2.878203051869756,-0.25616152499032985,0.0,0.17683076353413316
1785943355989385232,10.573447395204171,0.16528258314917174,2.887045066535315,-0.2561647631842027,0.0,0.17683233053748346
1785943356035922115,10.585209973599932,0.16221595102338868,2.8940500316245954,-0.2474631581587554,0.0,0.15233731676518578
1785943356087333545,10.597235949123766,0.1591766775050621,2.9016862109672616,-0.24745591904874784,0.0,0.152335064863478
1785943356154051236,10.606710247633911,0.15624958248641277,2.9084842515857208,-0.23500202458498,0.0,0.14807253261957964
1785943356205125438,10.61685024693083,0.15338529620453134,2.915622689065561,-0.23498653060217087,0.0,0.14807214184486653
1785943356236354460,10.628353551823546,0.1507425149258508,2.923504222277429,-0.235721436936069,0.0,0.15446215790037782
1785943356289507459,10.63986547308,0.14819132237878863,2.9312307282559624,-0.23572204970762287,0.0,0.1544627468317537
1785943356352256395,10.650639749868327,0.14605134041740822,2.941228449753745,-0.24964578013301272,0.0,0.17576471339072627
1785943356401978964,10.661382363427748,0.1438829141026382,2.950395101265324,-0.2496596742004466,0.0,0.17576667087370373
1785943356436576270,10.67405244042193,0.14142301548226408,2.957739284201449,-0.2554348787318768,0.0,0.15659739622360921
1785943356488527945,10.68660971210259,0.13908794241825925,2.9655689770070355,-0.2554406387049903,0.0,0.1565956353220122
1785943356537033540,10.699274113165941,0.13684278081197093,2.9751615708561094,-0.25652663516399415,0.0,0.18002537917792616
1785943356604244977,10.710445253927123,0.135120872295712,2.984650708951341,-0.25652771984075595,0.0,0.18002753452349837
1785943356653970297,10.721576175922829,0.13339334927375057,2.9929757926637564,-0.2525698900698035,0.0,0.16724887014744688
1785943356687607025,10.734062972038108,0.13152381922507717,3.001336829248288,-0.252564953495917,0.0,0.16724769544134904
1785943356736931274,10.74595521313199,0.12984252587251385,3.008743440665886,-0.24427815696524088,0.0,0.1544656858572917
1785943356806504494,10.757284140353116,0.12863779278615933,3.0172938098075006,-0.24426988901375865,0.0,0.15446451097249597
1785943356851892887,10.768708462988545,0.1273289493231072,3.0266197905031307,-0.24414154896840273,0.0,0.16937430266657386
1785943356887814882,10.781030763103866,0.1259059453467217,3.0352254376601517,-0.24414144221741066,0.0,0.16937567312894133
1785943356936483012,10.793141523085591,0.12461077203236932,3.0431627734928184,-0.24642191608665817,0.0,0.16405169130596475
1785943356988742633,10.805403309234267,0.12339993058076566,3.0513653326985293,-0.24642415611200105,0.0,0.16405120973787385
1785943357052755680,10.818146188781089,0.12236764173573667,3.0599279102667474,-0.2543439132797522,0.0,0.16085553272950182
1785943357104530036,10.830813331621165,0.12132960326307221,3.0684233722462,-0.25435395073824807,0.0,0.16085523421566678
1785943357135909304,10.843164962224245,0.12042854666534981,3.0772641827119176,-0.25148327427660966,0.0,0.17257070228213128
1785943357185785190,10.855713315874171,0.11962021878103449,3.0858932293200523,-0.25148043653801794,0.0,0.17257176918383096
1785943357252359004,10.871912662510804,0.11847481355583905,3.094713325530944,-0.24895623842644213,0.0,0.15872696668171712
1785943357302374607,10.887575124996163,0.11732501214150405,3.103394536434771,-0.24895411917707283,0.0,0.15872568217048727
1785943357336425333,10.899728765961203,0.11686157835995889,3.1113833819115433,-0.245711260884781,0.0,0.1597894716224006
1785943357386386022,10.912009873608906,0.11649046489697838,3.119373877844974,-0.2457080350897823,0.0,0.15978956906900812
1785943357436621026,10.923994495111138,0.1162259121926626,3.1276024248509486,-0.24174394107308558,0.0,0.16298486956375982
1785943357501566939,10.936338197887768,0.11606473688739023,3.1361910844357967,-0.24173997192265256,0.0,0.16298516423973683
1785943357551203552,10.948553920708367,0.11592153565947866,-3.1393252732411994,-0.2413759280038395,0.0,0.15339984083864644
1785943357586288077,10.960646150189985,0.1159489526149082,-3.1316404503070623,-0.24137556533384955,0.0,0.15339896133016592
1785943357636140282,10.97317723467558,0.1160775413915334,-3.1227092836942485,-0.24785665259982584,0.0,0.17043917999564345
1785943357689713328,10.985566386783878,0.11631151448793892,-3.114188696656478,-0.24786312076107372,0.0,0.1704407463317591
1785943357751008227,10.999003323759148,0.11730240420847295,-3.103608392441568,-0.2534480244012341,0.0,0.17470257441015613
1785943357807504740,11.012137588222005,0.11802252388569916,-3.093889114555927,-0.25345500430701223,0.0,0.17470296697085655
1785943357836306218,11.024859864373402,0.1186272936416981,-3.085715978323934,-0.25436218998373217,0.0,0.16724789092606449
1785943357897143468,11.037738170867948,0.11934763877721505,-3.0772351761087404,-0.25436309496365805,0.0,0.16724720578563249
1785943357936809441,11.049681939894468,0.12011822519922243,-3.069176599781929,-0.2456589621638702,0.0,0.164051307595017
1785943358005146487,11.059022557115206,0.1224769031859023,-3.059672563971821,-0.24565182131410496,0.0,0.1640510178651053
1785943358052614253,11.06858223084674,0.12443725671626216,-3.050815581266965,-0.2417439132321241,0.0,0.16298565758226533
1785943358088690814,11.080616805609191,0.1255327343666419,-3.0426679090180047,-0.24173995803109719,0.0,0.16298555828542344
1785943358138560012,11.09274699485711,0.12673636218630094,-3.0345174984687135,-0.24308564021716295,0.0,0.16298545898832936
1785943358198349095,11.105005412655744,0.1280539653702681,-3.0262393035748762,-0.2502870095425085,0.0,0.16831079525484186
1785943358251406186,11.117768829516919,0.12946436822444862,-3.0173155468227657,-0.25029599017615894,0.0,0.16831128494772812
1785943358301566370,11.130572343608522,0.13088976307315342,-3.008610392940497,-0.25165574802295665,0.0,0.16618163969009844
1785943358336414278,11.1429460787359,0.13254501889447393,-3.000366643468859,-0.25165686938664733,0.0,0.16618144556608067
1785943358386332374,11.155387343913683,0.13431382542811035,-2.9920418422801522,-0.2500376528811943,0.0,0.1661812514425736
1785943358451220685,11.1665939816093,0.13701687163257217,-2.9826094524023343,-0.2500360269950712,0.0,0.16618125142462326
1785943358500681164,11.177852945714095,0.1394756416982527,-2.9738299282867047,-0.24427314923139162,0.0,0.15979084486492395
1785943358536173191,11.189908074864592,0.14151723322640355,-2.965831560551702,-0.24426738117834718,0.0,0.15979025575351039
1785943358586012308,11.201946240796634,0.1436551343902427,-2.9576911093108236,-0.24534131586262228,0.0,0.16618007657134265
1785943358636030343,11.214018407618255,0.14590059533809457,-2.949373895290497,-0.24534265529592214,0.0,0.16618066393500966
1785943358701700091,11.224388895141056,0.14881274538481845,-2.9406511897296674,-0.2471450069744997,0.0,0.16618125129876812
1785943358750641734,11.235081208571522,0.15165830995850527,-2.9321236768363126,-0.24714650457730186,0.0,0.16618125135271392
1785943358791282560,11.24736629764142,0.15426996398994783,-2.9238117733699407,-0.24714800347093252,0.0,0.16085589889317486
1785943358838958621,11.259237591005087,0.15689696810682194,-2.915898477902728,-0.24714800531043832,0.0,0.16085541731316996
1785943358888477566,11.271310030768467,0.15966887314944217,-2.9075920661073225,-0.2482282114208893,0.0,0.17150557769843636
1785943358956500616,11.293555876513613,0.16059182750294096,-2.8988024847656337,-0.24822930643016694,0.0,0.17150657233995883
1785943359006352885,11.314086937548685,0.1619749525676532,-2.8901915823395874,-0.2516523143209107,0.0,0.168312360350334
1785943359036051004,11.326228355643023,0.165093291453138,-2.88180765944513,-0.25165515358765084,0.0,0.1683120675673473
1785943359098366036,11.338448862762101,0.1683413955659891,-2.8734863012217846,-0.2518380328252689,0.0,0.16298643731924958
1785943359154133787,11.361804706974333,0.17011058281495284,-2.8648333153890495,-0.25183821522040867,0.0,0.16298594818958773
1785943359201132319,11.382577509639164,0.1720919311278391,-2.8567287014156477,-0.24805947747601936,0.0,0.16085532886268958
1785943359239095158,11.39454376259677,0.17559598461467116,-2.8486430676061505,-0.24805474678981054,0.0,0.16085513227251422
1785943359286362307,11.406192524662176,0.17910958249909625,-2.8407519728899886,-0.24144633632344215,0.0,0.15659465755289753
1785943359336615871,11.41772952356796,0.18268902528009281,-2.8329173306179354,-0.24144083978048345,0.0,0.15659426586089797
1785943359391390882,11.435165829033474,0.18556347227650197,-2.8249469458045082,-0.24144083978048345,0.0,0.15659426586089797
1785943359451405733,11.451321087019071,0.1885684927919203,-2.817460298863859,-0.23813458179697045,0.0,0.15126851835353475
1785943359497926680,11.462752802714757,0.19240934075665864,-2.809554538541791,-0.2444262111030302,0.0,0.16511342626022624
1785943359540352307,11.474317612011662,0.19639692849087745,-2.8012912917988793,-0.24443409429685095,0.0,0.16511470415919635
1785943359600540509,11.492637000024995,0.1999334520703143,-2.792662053442029,-0.25398413303321044,0.0,0.16831118704883255
1785943359659636478,11.510172090503213,0.20377727777711205,-2.7839853601654503,-0.25399366143811847,0.0,0.16831148086274822
1785943359693650436,11.52206687534397,0.20822204170414796,-2.7755299526745696,-0.2579640781263244,0.0,0.17257205383502192
1785943359737555382,11.53410184372301,0.2128355308498496,-2.7669077179857555,-0.2579680361283084,0.0,0.17257244502152522
1785943359788113437,11.546018783992253,0.21752202701413947,-2.7583234004702,-0.24896684599884594,0.0,0.16724749024074415
1785943359852598725,11.563589280747008,0.2217097293215383,-2.749938595801255,-0.2489594297814142,0.0,0.16724700542414506
1785943359904511678,11.580282775087921,0.2261288961693649,-2.741455879007443,-0.24625280822863946,0.0,0.16724652060898273
1785943359937518814,11.591582642080734,0.23090822599681152,-2.733123002416674,-0.24624940969425954,0.0,0.1672465205641238
1785943359989439287,11.602867483336938,0.2357924500877061,-2.7251645179269968,-0.24594584435654754,0.0,0.15127049311379315
1785943360053727224,11.619723346786472,0.24015333430837532,-2.7180733349359505,-0.24594559084917275,0.0,0.15126901841058332
1785943360101857926,11.635403936881602,0.24467506585025767,-2.7104336802431135,-0.23706335359543262,0.0,0.1651134364903856
1785943360136950835,11.646253467849178,0.2496661183574265,-2.7021152378693722,-0.23705448616437386,0.0,0.16511470927521005
1785943360189636169,11.656908361322916,0.254675434470482,-2.6938370192149073,-0.23722557488490298,0.0,0.16831118739678466
1785943360236319073,11.66760113896099,0.25981106856067093,-2.6854208421101045,-0.23722578813547524,0.0,0.16831148103675622
1785943360291454129,11.669867118983792,0.265897375117019,-2.676193668999669,-0.23722578813547524,0.0,0.16831148103675622
1785943360349979965,11.673655173175902,0.27194761302672593,-2.6692484359509856,-0.24923335521399115,0.0,0.14807534652948318
1785943360399946158,11.684979620437607,0.2777334629429683,-2.6621346037057965,-0.2601986592469491,0.0,0.13635608105236713
1785943360437818466,11.696533582234874,0.28374062103131936,-2.6553109585412242,-0.2602128087019679,0.0,0.13635496581468157
1785943360486666954,11.707880086456205,0.2897386313292032,-2.6486858565055895,-0.2536554965310101,0.0,0.12889836733908205
1785943360554144193,11.712510467709938,0.29582056569502846,-2.6423177220158633,-0.2536489538595748,0.0,0.12889768192200027
1785943360607058718,11.718335200964107,0.3020704683532997,-2.636806108150509,-0.24788087666916003,0.0,0.08735915124314307
1785943360636283539,11.728974484791028,0.3079490329856103,-2.6325224109170096,-0.24787524476177725,0.0,0.08735541585847957
1785943360689011082,11.739623386600577,0.31389259926169194,-2.6284275069442202,-0.24114612051735154,0.0,0.0767010431275833
1785943360756545859,11.745623405344599,0.3203826171191235,-2.6239734381141018,-0.2411403993220331,0.0,0.07670004207292443
1785943360795440316,11.753282263622893,0.32734940638341403,-2.619409814289214,-0.2411403993220331,0.0,0.07670004207292443
1785943360843724847,11.76318629073809,0.3330402680308221,-2.617639676281009,-0.24713429514150426,0.0,0.05220207916025269
1785943360897577584,11.77399309319634,0.3392846709291446,-2.615951194090541,-0.2529082242907521,0.0,0.01172603752939929
1785943360936204927,11.784937284807537,0.3456331438697516,-2.615364893817511,-0.25291450849417746,0.0,0.011721973680634818
1785943361006043629,11.791141043991468,0.35189150986744194,-2.614987170044183,-0.2492587527107325,0.0,2.154354479115203e-06
1785943361051187372,11.798027579007949,0.3581591380209028,-2.6149193825786745,-0.24925571240079444,0.0,1.0772762346133482e-06
1785943361086560420,11.808813033571989,0.36443041243157603,-2.6153990183116447,-0.25003284774825235,0.0,-0.019171235034027026
1785943361136503220,11.81962948730293,0.3707127734169563,-2.6163582372177916,-0.25003362350932923,0.0,-0.01917299745875373
1785943361203643038,11.82737404653424,0.37686205510878795,-2.617650940151594,-0.2521038756286071,0.0,-0.02876039288024211
1785943361255314542,11.835483616847815,0.3829901594597982,-2.6191167946629794,-0.25210643394727805,0.0,-0.02876126605057907
1785943361287265320,11.846520115801875,0.38934556756816946,-2.621457564532834,-0.2555608837105279,0.0,-0.06497443982777446
1785943361338814035,11.857571593178196,0.395675203169591,-2.6246957294763695,-0.2555637714592738,0.0,-0.06497778597754096
1785943361389082480,11.868478633657444,0.401875295071514,-2.6278109183779326,-0.24644469306958625,0.0,-0.05965579159565066
1785943361455261334,11.876138461058416,0.4075691336957194,-2.630834656240948,-0.2464355574573928,0.0,-0.05965530061040064
1785943361505267305,11.88389417893628,0.4130892162785934,-2.6337884989439146,-0.22960102785877273,0.0,-0.05752467033165552
1785943361536818164,11.89392408577377,0.4186706507061206,-2.6366646746882756,-0.22958004041763277,0.0,-0.05752447456379525
1785943361588883250,11.903984208749343,0.42423106653221154,-2.639578166953371,-0.22850844661463757,0.0,-0.05858934908271627
1785943361652641600,11.910652967255194,0.42944386260905215,-2.6421917308777623,-0.22850755874463555,0.0,-0.058589446606052455
1785943361702279333,11.917510204094874,0.43446065340639634,-2.6465446264305905,-0.2066127523669924,0.0,-0.12249364926327794
1785943361736177126,11.926574933999653,0.4393546045571231,-2.6526536632245064,-0.2065854105183841,0.0,-0.12249952984329716
1785943361789876193,11.93670673456054,0.44474502281058903,-2.6588567436818336,-0.2524833759115797,0.0,-0.12570061368572627
1785943361836735263,11.947892051635957,0.4506071786556165,-2.6651424665935646,-0.2525216558153103,0.0,-0.12570090878680534
1785943361905946358,11.95649350773671,0.45591153637561654,-2.672652541812502,-0.26785578409487787,0.0,-0.16936903356377886
1785943361952599693,11.965882924135892,0.46140076685786324,-2.681177890902134,-0.2678748681742577,0.0,-0.16937303833621561
1785943361986491566,11.978070414966787,0.46744535146376665,-2.6895654766217456,-0.2763558164190757,0.0,-0.16618183948678492
1785943362036939761,11.990503987012444,0.47348257049568226,-2.6978765651653904,-0.27636429786763467,0.0,-0.1661815454738179
1785943362090282846,12.002346797846938,0.47911174638431964,-2.7062991868074544,-0.2504984068601284,0.0,-0.1608568924616267
1785943362166322992,12.010793174336554,0.4840707941316897,-2.713461711716619,-0.2504469060048021,0.0,-0.16085591423359183
1785943362203793877,12.020752872991928,0.48943886879919657,-2.722261448218718,-0.2624686612431558,0.0,-0.18215760400340014
1785943362236375814,12.03275857795398,0.494790662200919,-2.731383634188386,-0.262475328111057,0.0,-0.18215890871661655
1785943362287880560,12.044524295840914,0.4999073270370225,-2.7391020451692434,-0.2550148351069578,0.0,-0.15340861973549502
1785943362337048836,12.056353234337509,0.5049432794663804,-2.7468369467333384,-0.25499016695476684,0.0,-0.15340335166335733
1785943362414522122,12.066720729079696,0.5092703166349041,-2.7519152533550058,-0.23564047033391222,0.0,-0.11931579456855142
1785943362458489055,12.075655643136177,0.513878433394874,-2.757535773358533,-0.23562145372801105,0.0,-0.11931270709849741
1785943362507351367,12.084799989966033,0.5183572854520955,-2.7635790625269903,-0.2366827049022391,0.0,-0.12463496697194792
1785943362537462781,12.095569848128255,0.5226341172754052,-2.7696811760307343,-0.23668375250325538,0.0,-0.12463545085683246
1785943362587739001,12.106545426378203,0.5269158582558839,-2.775751629839429,-0.23602446065799992,0.0,-0.1225058133251963
1785943362637187896,12.11767708986646,0.5311802447687958,-2.7819388544722337,-0.23602389789248895,0.0,-0.12250561243439974
1785943362702690085,12.126948863426161,0.5334773856653514,-2.7910922499359128,-0.24532559456315778,0.0,-0.13848146511102705
1785943362752501329,12.13640296850725,0.5362748696106302,-2.7990218410979995,-0.24533478871212439,0.0,-0.13848291926748993
1785943362786015332,12.148239443057284,0.5404897524650559,-2.8076187134432278,-0.24930478906295564,0.0,-0.16085078215326337
1785943362836583755,12.160018913486107,0.544576889347105,-2.815663218446782,-0.24930879057862282,0.0,-0.16085285870686242
1785943362885598361,12.172443130940692,0.5487814206729253,-2.822908049724988,-0.2579547319111748,0.0,-0.1502042465310606
1785943362958351890,12.184314562815821,0.5505526146088267,-2.833712386033958,-0.257963358354711,0.0,-0.15020326796730005
1785943363006610981,12.195677507153205,0.5529918266824152,-2.8434117191388584,-0.25004495322048015,0.0,-0.16085362998684144
1785943363036510930,12.207627088536718,0.556664457417879,-2.851454149681838,-0.25003968053390807,0.0,-0.1608542827764356
1785943363091912620,12.219492037859057,0.5602069008645039,-2.8584329920951177,-0.24761112149919132,0.0,-0.13955747381913772
1785943363140692593,12.231375917676182,0.5636648531936609,-2.8654086725605783,-0.24760507681926985,0.0,-0.1395535590299619
1785943363202175403,12.243238403752754,0.5662120451237059,-2.8737328660065513,-0.245347006438494,0.0,-0.13848450473244725
1785943363255494328,12.255042416266612,0.5689678806092641,-2.881515266996758,-0.24534550325783552,0.0,-0.13848443921458808
1785943363292458794,12.267040629696817,0.5721606578970506,-2.8895035415172785,-0.2483407129628346,0.0,-0.15978184348902758
1785943363337123768,12.27907457380007,0.5752602215856165,-2.8974989285784316,-0.2483456819526623,0.0,-0.15978575429298308
1785943363388156560,12.291105364302625,0.578260331112905,-2.9046041644683953,-0.2482306334325223,0.0,-0.14807390303569992
1785943363460483130,12.302768336947048,0.5807169370286898,-2.9129750343754472,-0.24823051866173318,0.0,-0.14807282711594788
1785943363505266316,12.314601481182967,0.5833492853804546,-2.9209522952774836,-0.2502998314620335,0.0,-0.14807175119649732
1785943363551210761,12.326814163513218,0.5860884932205565,-2.9283563499913092,-0.2503024147111071,0.0,-0.14807175109750628
1785943363610522482,12.340687526552808,0.589090527852164,-2.937199345520193,-0.24835391273891105,0.0,-0.15233202942544347
1785943363653670664,12.34945417063273,0.5901473016638147,-2.94551441888422,-0.24835229268769873,0.0,-0.1523324209505786
1785943363703530134,12.359846446428842,0.5919727462490416,-2.9530293892372037,-0.24462967916339995,0.0,-0.13848686440280822
1785943363737186894,12.371869968030646,0.5942671979767995,-2.9599589342771666,-0.24462604333774415,0.0,-0.13848561915775826
1785943363787663954,12.383732252768121,0.5964476222697037,-2.966346304045667,-0.2413795299600892,0.0,-0.12783303367511592
1785943363838675946,12.395615817607444,0.5985517576728171,-2.972737704551011,-0.24137736739180357,0.0,-0.12783238051076506
1785943363893233188,12.40865886941076,0.6007753008465608,-2.981045633903653,-0.2392190166674649,0.0,-0.15019406680973074
1785943363952428650,12.420141298911656,0.6010812918842324,-2.990876260819856,-0.23921471690925047,0.0,-0.15019817726099238
1785943364011385574,12.433634449424645,0.6023104343943009,-2.9993931048392595,-0.24173102601242377,0.0,-0.13316115549159702
1785943364039315915,12.444717244285867,0.6038971161998375,-3.005560107580674,-0.24173350945082275,0.0,-0.13315960685062322
1785943364090419430,12.457344344355171,0.6056185760418762,-3.014188573839455,-0.25001791549302765,0.0,-0.15871971704807947
1785943364137153185,12.469742769864268,0.607206792378289,-3.022123457014226,-0.2500261499638996,0.0,-0.1587220570202424
1785943364189733362,12.482524920447856,0.6087429911428957,-3.0298648767442984,-0.25688049647016764,0.0,-0.15446385644808136
1785943364253190420,12.496100575445436,0.6081216444125065,-3.0410913978162957,-0.2568850479718132,0.0,-0.1544635961757984
1785943364315070205,12.509159856567189,0.6082905940775928,-3.0505122097291304,-0.2522179355234918,0.0,-0.1533984753588471
1785943364338956077,12.521744922057536,0.6094400232751853,-3.0581988316169797,-0.25220858939349533,0.0,-0.1533982785459327
1785943364389042306,12.534150956859149,0.6104759913404132,-3.0660127592135056,-0.25039880783424107,0.0,-0.15552821422430063
1785943364450481242,12.547774525774368,0.6111427714083794,-3.0747644611201674,-0.2503970055419869,0.0,-0.15552840958637137
1785943364500490637,12.560857810315126,0.6118495956074137,-3.0816581000255865,-0.24571418398465333,0.0,-0.1363573855675052
1785943364535730560,12.573096947731756,0.6125840211642932,-3.0884624462975503,-0.2457094966341707,0.0,-0.136355618129056
1785943364586945919,12.585448095142388,0.6132364409069403,-3.0964008555949367,-0.2467850523139775,0.0,-0.15126480470770667
1785943364635570111,12.59777406016246,0.613793852080128,-3.1039637617251947,-0.2467861247755518,0.0,-0.15126617394564135
1785943364701162128,12.611140522834845,0.6142002118489341,-3.1125323991968985,-0.24399796148051991,0.0,-0.15659289484017386
1785943364753571099,12.624368711079512,0.6145512829944889,-3.120754787414159,-0.2439944844393769,0.0,-0.15659338442352
1785943364787803593,12.636704779868712,0.6148142005260309,-3.1272478923448666,-0.24534130748647126,0.0,-0.1384877029119415
1785943364837594387,12.648931746961832,0.614989608456385,-3.1341500504426634,-0.24534265143807557,0.0,-0.13848603845334773
1785943364890802364,12.661541791966004,0.6150767700251121,3.1402899072839743,-0.24864583293542422,0.0,-0.16191588180269306
1785943364951771939,12.675064655591614,0.6156235257208,3.13217273036102,-0.24864858075659993,0.0,-0.16191803563207524
1785943365002643637,12.688451735967943,0.6159980653686337,3.1252185702052087,-0.2482312375326405,0.0,-0.14594416415091443
1785943365036686716,12.70090899573302,0.6157940724642618,3.117893666237289,-0.2482308210132966,0.0,-0.14594269604764004
1785943365089644059,12.713110147698963,0.6155042671636597,3.1105753708357047,-0.2467900551018407,0.0,-0.147006302795066
1785943365155876452,12.726045088546392,0.6151484857943688,3.1030622084193857,-0.24678862865359963,0.0,-0.14700639978222382
1785943365229397817,12.740318943296046,0.6146354523429686,3.0939759016111092,-0.2502961664449311,0.0,-0.15872222605393427
1785943365248218383,12.753801316470291,0.613992982370767,3.0854167478502665,-0.2503005761552145,0.0,-0.1587233116368098
1785943365287357041,12.76328389642114,0.6134652490999448,3.080900147622919,-0.23784490319251725,0.0,-0.12890164250455244
1785943365345178340,12.776625252877752,0.6126545310400582,3.0736560676703646,-0.23783612320348463,0.0,-0.1288993196226745
1785943365407575807,12.787924895191598,0.6119585438515838,3.0655629659306656,-0.2435283223271261,0.0,-0.15765370038323578
1785943365453192048,12.800479930940165,0.6112108611164095,3.057383798655536,-0.24353415563727498,0.0,-0.15765641408963468
1785943365488190585,12.813828000783273,0.6100855162813538,3.0490404189883,-0.26045932156841145,0.0,-0.16404939765782986
1785943365537311980,12.82679812709655,0.6088816769163217,3.0408375029605614,-0.26047843611251614,0.0,-0.16405006280103288
1785943365587341087,12.839270932327143,0.6076200600482553,3.0327955003137235,-0.2507689430115743,0.0,-0.16085532718599246
1785943365655955648,12.85178745683386,0.6066976111263009,3.0250715257743743,-0.2507624795277795,0.0,-0.16085513142802063
1785943365706598794,12.864252299289204,0.6055956900076184,3.0174404634155594,-0.2498562654890539,0.0,-0.15233437919203296
1785943365738561476,12.876639521747453,0.6040498385981565,3.0098295477102224,-0.24985513522993916,0.0,-0.15233359594186338
1785943365808929061,12.8905282011309,0.6022091545206765,3.001606885492448,-0.24685731686176657,0.0,-0.14487870371214995
1785943365836055948,12.901105418959592,0.600718744938453,2.995337716337829,-0.24685233373160512,0.0,-0.144877331389692
1785943365891425028,12.913192074494216,0.5989416040921107,2.9889041454023335,-0.24489779198926848,0.0,-0.134225234537489
1785943365970473669,12.925553403586253,0.5971171790309866,2.9818997930051063,-0.24489539869368682,0.0,-0.13422427342522666
1785943365998680149,12.938120572808707,0.5952365725572004,2.9749024475109573,-0.24489539869368682,0.0,-0.13422427342522666
1785943366042010705,12.949142154330568,0.5933590340492141,2.9664713514402488,-0.23850157393686455,0.0,-0.14913427946450053
1785943366103920507,12.96117188374494,0.5912333239440923,2.9594849266284218,-0.24208961816806202,0.0,-0.14274660938085415
1785943366137252999,12.973057485484699,0.5890446189352985,2.9523591603774575,-0.24209320381946378,0.0,-0.14274602236330877
1785943366204801728,12.985475489597977,0.585980710486084,2.943282008207723,-0.2525460748958008,0.0,-0.1597875778422265
1785943366254411204,12.99786450228891,0.5831407763069604,2.934799487735578,-0.2525530336180839,0.0,-0.15978862212385236
1785943366285938702,13.010258487715038,0.5805406169792695,2.926859689096982,-0.25315931670652303,0.0,-0.1587247890302621
1785943366338710311,13.022627191308631,0.5778430594256324,2.9189226027527972,-0.25316032466714433,0.0,-0.158724593261605
1785943366389194347,13.034667317445548,0.5751180955053933,2.911464704454483,-0.24896248135150081,0.0,-0.1523339868456761
1785943366453643634,13.04813399278197,0.5722365826540331,2.9034058373546334,-0.2489572478751195,0.0,-0.15233339975062038
1785943366502941643,13.061162089887409,0.5693476570117192,2.89497724376794,-0.24679152859731351,0.0,-0.15978829583703125
1785943366539161313,13.073124043787352,0.5663363549077196,2.8869904248859237,-0.2467893676361468,0.0,-0.15978898112225062
1785943366588271379,13.084785143620405,0.5633041284041636,2.8797954976978546,-0.24282631825129003,0.0,-0.14913897887323516
1785943366638411755,13.096509472236178,0.5601626302641144,2.8723404581740812,-0.24282236172139066,0.0,-0.1491379995822158
1785943366701847916,13.11206502767492,0.5577669345643346,2.8631937309246522,-0.24983648656167637,0.0,-0.1736336032429382
1785943366753402840,13.126769906790656,0.5551571965792952,2.854611143732843,-0.24984523157550137,0.0,-0.17363585411084892
1785943366790569041,13.138622042137712,0.5516704555167565,2.8485844941263445,-0.24655215290897642,0.0,-0.1374257626440622
1785943366844955270,13.150318972722722,0.5481415901271959,2.841774718043389,-0.2465494141314058,0.0,-0.13742243391611858
1785943366907283166,13.163082300576232,0.5453064098124296,2.836536472929936,-0.23994520013200057,0.0,-0.1182478750804346
1785943366958495901,13.175733993667814,0.5422709463221996,2.8307568753429373,-0.23993860846036993,0.0,-0.11824611268047669
1785943366995282537,13.187664329807308,0.538441246058612,2.8252781181082636,-0.2456933092570548,0.0,-0.11185393988703174
1785943367040035162,13.199241494679166,0.5346519957624126,2.819732784250094,-0.24569905033070422,0.0,-0.11185335253914606
1785943367088992518,13.211165480089761,0.530682001947703,2.8154201878543526,-0.249393774380692,0.0,-0.09481166756989683
1785943367156797993,13.224262501996359,0.5267936062197133,2.8102751350250816,-0.24939838323561977,0.0,-0.09481010082286603
1785943367203871983,13.237612974741893,0.5227465258137801,2.8072230403084544,-0.25675710979154026,0.0,-0.06924687730036766
1785943367239757882,13.249770655448913,0.5185227768867228,2.8037523970045064,-0.25676321696134363,0.0,-0.06924453228749508
1785943367289521924,13.261561890145032,0.5143847194553613,2.8013341329775456,-0.25257046757710355,0.0,-0.055396297140355
1785943367338632053,13.273464280466207,0.5101709429251914,2.7985648269838466,-0.25256523888796195,0.0,-0.055395024542461604
1785943367404389004,13.287574133437417,0.5061154841441663,2.796779792252539,-0.2462565280696387,0.0,-0.037287591832977016
1785943367452333971,13.301373468176012,0.5020309230308507,2.7947070727040204,-0.2462512697285774,0.0,-0.03728592358408496
1785943367487901682,13.313136081505457,0.49778268740141934,2.793722623712934,-0.24894661693932535,0.0,-0.02556849935064135
1785943367536423374,13.324836195088277,0.4935400339304769,2.7924445463134626,-0.24894930496276924,0.0,-0.025567423245846287
1785943367586525572,13.336230325395906,0.48940263422264507,2.7936422314615337,-0.244631035778378,0.0,0.007450775323816869
1785943367654428874,13.342014845864751,0.48475882448900626,2.794130355992804,-0.24462672240349442,0.0,0.007453812978329681
1785943367703337524,13.348279434145233,0.48040951243556623,2.796155487611557,-0.2471419739256236,0.0,0.029823459759277356
1785943367736527964,13.35990123616048,0.4762272201793435,2.797646174404245,-0.24714498321008832,0.0,0.029825432089360577
1785943367787772572,13.371085116282742,0.4722286245300662,2.800791673120785,-0.24066709248522816,0.0,0.052193667484122144
1785943367851875862,13.382168490066444,0.4681170426159416,2.8035011677242667,-0.24066035390407384,0.0,0.05219581131095336
1785943367904703409,13.393871342271748,0.4638213696927849,2.807836710300965,-0.24863805186541074,0.0,0.0745643979388626
1785943367937310530,13.405617850647063,0.45974853922176434,2.811565133726515,-0.24864468698624795,0.0,0.0745664538082325
1785943367987264563,13.417402179238097,0.4557138224744946,2.8157731425867127,-0.24895138837968592,0.0,0.08095891951388176
1785943368038388239,13.429195043045594,0.4517294795255142,2.8198212101956326,-0.24895169455051472,0.0,0.08095950716728421
1785943368106654946,13.438100057588866,0.44761674063857954,2.825813931749911,-0.2503923184845167,0.0,0.11291215240646199
1785943368156083008,13.447645187300566,0.4436609034065914,2.8312554023436354,-0.2503937561442507,0.0,0.11291508930592331
1785943368189701175,13.459189922326145,0.43996155386833824,2.837419191839394,-0.2462562649645985,0.0,0.12037351888659868
1785943368239871055,13.470936924177343,0.43627399783980136,2.843437962696503,-0.24625114014517407,0.0,0.12037419974669267
1785943368290940361,13.48277997602026,0.43264245585779915,2.85136077178693,-0.2456456811262326,0.0,0.14487142312294446
1785943368354900126,13.490309618267123,0.42945565446210876,2.858471874508788,-0.24564517411530293,0.0,0.14487369063251646
1785943368408679292,13.49828310712855,0.42640753451070157,2.8656233284556625,-0.2392232370551357,0.0,0.14381089976541792
1785943368436937933,13.509760937959802,0.4231570703733728,2.872795137746856,-0.23921682641609607,0.0,0.1438108020669266
1785943368487009922,13.522014094568279,0.4197856636599893,2.881373952001224,-0.2485725083458069,0.0,0.16191686120787868
1785943368558463339,13.532052879096454,0.4167309679635058,2.8894585359600966,-0.2485818446053442,0.0,0.16191852537970866
1785943368603051094,13.542144017535094,0.4138193960095728,2.8976750454757787,-0.24355005132561744,0.0,0.1629852629044045
1785943368637094333,13.553913251215121,0.4108903567536321,2.905791772562551,-0.2435450311341908,0.0,0.16298536092822882
1785943368694154900,13.566647609106697,0.4078324343952014,2.9149801719074855,-0.25578274423922037,0.0,0.17683135164703292
1785943368737138755,13.579115088844029,0.40495776125815436,2.923824618246228,-0.25579495995077456,0.0,0.1768326246209988
1785943368804499958,13.590791194202696,0.40231007802982716,2.9320565978427657,-0.2554470961165986,0.0,0.16192293049205894
1785943368859725161,13.602093043689507,0.3997936448900444,2.940150496819374,-0.2554467490241886,0.0,0.1619215603007022
1785943368890980648,13.613956471306373,0.39737320259691594,2.9483240901539274,-0.2467187905842779,0.0,0.1629852635126398
1785943368936652315,13.626060851345906,0.39500424624687286,2.9564729982277895,-0.24670791131215722,0.0,0.16298536123237675
1785943369002757471,13.637910370385342,0.39345725224888756,2.964344964088067,-0.24534627050718233,0.0,0.13742380609494004
1785943369051408672,13.649698332901922,0.3916208583504292,2.9720873941740815,-0.24534513771756997,0.0,0.13742145555169233
1785943369086449067,13.661202615222432,0.3896592360568668,2.980334479919905,-0.2370621533339525,0.0,0.15552527644800068
1785943369136485727,13.672877324031782,0.38776011227510065,2.9880952673335597,-0.2370538854332281,0.0,0.15552694056316144
1785943369188021354,13.685386059411004,0.3858244406558912,2.996302610780629,-0.2471278762149134,0.0,0.16085395637949845
1785943369251149664,13.69826703730989,0.38422059495784516,3.005246373175215,-0.24713792866348488,0.0,0.16085444596777723
1785943369306169868,13.712537189062594,0.3823483532439797,3.0156767641932456,-0.256870154889834,0.0,0.17789601889039827
1785943369336986876,13.724527977558203,0.38083048396833064,3.02404663589948,-0.25687986752299985,0.0,0.17789758532144312
1785943369387148308,13.736920391471092,0.37936413657944124,3.0320466566260333,-0.2521208426108106,0.0,0.16618339758018302
1785943369457172968,13.74991820266095,0.37904185637096505,3.0427266830177846,-0.25211492796377266,0.0,0.16618232459171822
1785943369501975003,13.762485615994462,0.37832540528737973,3.0511441379806823,-0.24775659363705205,0.0,0.14914015568657477
1785943369536863521,13.774771320529442,0.3772111426483491,3.058570102059131,-0.24775296662960447,0.0,0.14913858804304414
1785943369591404347,13.78711484682078,0.37618685857962486,3.06672766607559,-0.23815196934188437,0.0,0.1523322256746912
1785943369638272570,13.798273015829736,0.37534994849961184,3.0738859531119624,-0.23813999911752612,0.0,0.15233251908422854
1785943369703647075,13.809660782167837,0.3759234472724093,3.0845348566185864,-0.2417288571956325,0.0,0.16404858247899773
1785943369753183428,13.821014132987482,0.3760936911288027,3.094000009438909,-0.24173242394753722,0.0,0.1640496551826033
1785943369788306194,13.833630643063145,0.375492824819473,3.1026347448838694,-0.24833966724173034,0.0,0.16937606462445984
1785943369838109726,13.84598873201851,0.37501113152127014,3.1110693728160954,-0.2483451627745784,0.0,0.1693765541888633
1785943369901072046,13.855544228984146,0.3783106643460225,3.121642167549797,-0.24940036736600854,0.0,0.16937704375324528
1785943369951822780,13.865429693479616,0.38117417756765076,3.131502298381986,-0.2494016838401284,0.0,0.16937704379825316
1785943369988949620,13.877958210572185,0.381043898523472,3.1390928835872387,-0.2501534202700173,0.0,0.1576612822740559
1785943370037262408,13.89046394807103,0.38101263512887057,-3.1362107375190726,-0.25015404539956293,0.0,0.15766020539016967
1785943370088345539,13.90225738517082,0.3810743217741908,-3.1292079666011037,-0.24067254463479,0.0,0.14594338178868987
1785943370150461812,13.914646508944928,0.3824927588300622,-3.1194785998767864,-0.24066308092706232,0.0,0.14594230483058535
1785943370202305962,13.927260521794103,0.3834558389445577,-3.109511406413597,-0.2457822322936603,0.0,0.1629823293168155
1785943370241568209,13.940820241668538,0.3838909966970625,-3.1005154463883917,-0.24578861022557819,0.0,0.16298389399975408
1785943370286400837,13.951764994992708,0.3843415955925927,-3.0930660792078286,-0.24498465120651375,0.0,0.16511562869907476
1785943370336878281,13.963998480732593,0.38493571190800163,-3.08481111375639,-0.24498392736505678,0.0,0.16511580548191704
1785943370402751876,13.976086940057511,0.38735329926548856,-3.074323123798955,-0.2540465940845661,0.0,0.1597907528817805
1785943370463006385,13.988035991624244,0.38917689983462295,-3.0646436541190973,-0.25436297789338574,0.0,0.1693752816280577
1785943370486119428,14.000713830501411,0.3901543770319197,-3.0561766364469176,-0.2543634899628686,0.0,0.16937616265467517
1785943370536890323,14.01332246651736,0.39123398541460297,-3.0480540037657446,-0.251843430799173,0.0,0.15553115102628917
1785943370587006058,14.02587117836363,0.3924112104670186,-3.0402702373819235,-0.2518409168997136,0.0,0.15552987812232727
1785943370650456396,14.036653375806445,0.3952024812888334,-3.030936133741815,-0.24775613595393345,0.0,0.14381285819606665
1785943370702799669,14.047580083164089,0.3975306955891041,-3.0227262129819468,-0.24775273883646975,0.0,0.14381178137224102
1785943370737481075,14.059685720489249,0.3989764705606389,-3.0155890895845268,-0.23995148338669386,0.0,0.1416805579561824
1785943370786625094,14.071587503632779,0.4004841267757243,-3.0085050464864915,-0.23994175230269107,0.0,0.1416803620587481
1785943370854140478,14.083523235549073,0.4025451576330637,-3.0006889097901244,-0.23993201685162918,0.0,0.14913564863995973
1785943370900627183,14.095450122170476,0.4045705891491906,-2.9928954052504735,-0.2399320087510876,0.0,0.14913633431245385
1785943370939796658,14.10751816818313,0.4063784147403488,-2.985013228755128,-0.24821386097808198,0.0,0.1661781195321318
1785943370988075525,14.119779574641429,0.4083141429614087,-2.976702899300628,-0.24822212406730232,0.0,0.16617968532552294
1785943371037114004,14.13207935082297,0.41036083016438646,-2.968477607911577,-0.2507509414038887,0.0,0.16298604631891156
1785943371104392515,14.145794702774536,0.4129433885760883,-2.9595105294094015,-0.25075346593517767,0.0,0.16298575267149337
1785943371153808448,14.159370029528695,0.4155205272822228,-2.9509418447564095,-0.25039590414541024,0.0,0.15659503764710622
1785943371187343828,14.171560008776215,0.4178731298117485,-2.9431777052768355,-0.25039555076043474,0.0,0.15659445592494506
1785943371237695572,14.18363220223155,0.42030037670370207,-2.9351978906891896,-0.24265750479391715,0.0,0.1629842730030798
1785943371286718690,14.195508859339308,0.42278706939422733,-2.927047257911098,-0.24264776249335523,0.0,0.1629848659315503
1785943371352099531,14.207834601933932,0.4259096215761504,-2.9185924802061334,-0.24443901887284342,0.0,0.15339984417181307
1785943371408699953,14.22018508753491,0.4290366976908691,-2.9105524156146627,-0.24444050868885972,0.0,0.1533989629970579
1785943371436262633,14.23216662984354,0.43185524302798184,-2.9027615369918682,-0.2503833261676485,0.0,0.1597884919992818
1785943371487180477,14.244332514481453,0.4348173693791276,-2.8947709916091355,-0.25038925698730863,0.0,0.1597890792124047
1785943371550436216,14.256996546091907,0.43855126955086743,-2.8858531293283454,-0.24787462241788993,0.0,0.16085473974445583
1785943371601189286,14.269483684813498,0.442174448032462,-2.8772895380021675,-0.24787211314811697,0.0,0.1608548376862541
1785943371636175471,14.28152654584479,0.44543365731168566,-2.869464956270264,-0.25147039901694784,0.0,0.15233438013272488
1785943371686176098,14.293645135293279,0.4488153506132667,-2.86184357934406,-0.25147399250794267,0.0,0.15233359641229835
1785943371738036921,14.305686575214114,0.4522746495860624,-2.85412035781388,-0.24967718683325762,0.0,0.15659309143973976
1785943371809465153,14.324722215666911,0.4552265270523055,-2.8461966553859823,-0.24967539470824268,0.0,0.15659348273235624
1785943371853813539,14.34255061110835,0.4584326197305011,-2.8380891270076845,-0.2464328793941123,0.0,0.16404935720807154
1785943371887631425,14.354308500901483,0.4621149472278993,-2.829886862013407,-0.2464296432012952,0.0,0.16405004258235603
1785943371936135389,14.36595686354193,0.4658681599398438,-2.822005280650506,-0.24318568178193992,0.0,0.15126989359905632
1785943372002622415,14.385244331972089,0.4687175039532759,-2.81470877612053,-0.24318244367623054,0.0,0.15126871862511054
1785943372054203323,14.403271964097698,0.4719175932176938,-2.8071065327238007,-0.24443886373147103,0.0,0.15765795385253226
1785943372100313855,14.41619058578337,0.47640739629497725,-2.798285452524251,-0.24444043040233668,0.0,0.1576585410264477
1785943372137211086,14.426315346687343,0.4800266177268213,-2.7912767211148592,-0.2435414734809629,0.0,0.15978928050719096
1785943372188966913,14.43774647085766,0.4842033971438987,-2.7832916522183333,-0.2435407368090131,0.0,0.15978947350284803
1785943372256629631,14.453429688779854,0.4885488006161961,-2.774553755219028,-0.2502897058047859,0.0,0.15765948357744433
1785943372301968294,14.466509875754603,0.4922527071822748,-2.7674334149267104,-0.2502973445929732,0.0,0.1576593059576832
1785943372337824175,14.478205585409777,0.49684509513940467,-2.759312009730349,-0.25255502752616527,0.0,0.16830961472150555
1785943372392852411,14.489993498437046,0.501584538731559,-2.7508450853785,-0.25255751183224867,0.0,0.16831069461658618
1785943372438029563,14.501513723648477,0.5063300560583646,-2.7427760290740313,-0.248957994584974,0.0,0.15659602793225658
1785943372514296694,14.511808775849145,0.5124160770354795,-2.733039265555327,-0.24895500045174435,0.0,0.15659495111355437
1785943372573306004,14.518866380647358,0.5168336442330437,-2.7267489560280826,-0.2478717024200657,0.0,0.13316223235742575
1785943372604188838,14.53427408421906,0.5236192282502008,-2.717704575455271,-0.24787065463743235,0.0,0.13316014532865275
1785943372636198210,14.541284300496974,0.5267825582674567,-2.7125578354216677,-0.24084959665373906,0.0,0.16830602837593156
1785943372685750372,14.552238303617061,0.5317935058260728,-2.7041396246907246,-0.24084180770315894,0.0,0.1683089013184438
1785943372758845865,14.563465885684922,0.5379228776305315,-2.6936902374327936,-0.24713860004642427,0.0,0.18854846090076519
1785943372819760462,14.572575532013945,0.5429364701400182,-2.684950226046303,-0.24714329760980236,0.0,0.1885501295442344
1785943372839109271,14.583712888235036,0.5484079592561624,-2.675701805748365,-0.2502962056967829,0.0,0.18109648987076093
1785943372898318781,14.595169064937854,0.5541682061509964,-2.6664244248961375,-0.2503005970698556,0.0,0.18109572470305954
1785943372940879837,14.606117715025057,0.5598011119650665,-2.6585594341685903,-0.2536357562499556,0.0,0.14275246988712334
1785943372989767783,14.617424873863541,0.5657314013234882,-2.6513737338937005,-0.25363907685528647,0.0,0.1427489528851275
1785943373052100383,14.629352908957285,0.5718773433566604,-2.6439992327087762,-0.2489597916940447,0.0,0.13102967418685355
1785943373103543079,14.64114022466102,0.5779775777543049,-2.6370940320202187,-0.24895589975341137,0.0,0.13102859704389397
1785943373136896532,14.651963731165015,0.5839538633155393,-2.6309558645229174,-0.24850213618162176,0.0,0.11611656068520364
1785943373187017483,14.662839542096608,0.590046438292421,-2.625130982231836,-0.24850157019193628,0.0,0.1161151900595527
1785943373251798622,14.671702793497035,0.5961462740446034,-2.619864842743216,-0.24787086479538997,0.0,0.08203163118655804
1785943373304013826,14.680873114603083,0.6022540216069321,-2.61555919963533,-0.24787023543931866,0.0,0.082028497902011
1785943373337009890,14.691589984886738,0.6084762467392469,-2.6116995312722633,-0.24804970037102086,0.0,0.07243974280511187
1785943373387156506,14.70233492173289,0.6147703451619091,-2.6080629537146165,-0.2480498496995527,0.0,0.07243886112410781
1785943373437496409,14.712978035633272,0.621056892974926,-2.6048556003751173,-0.24823003775356786,0.0,0.056461949784959095
1785943373505474114,14.721691388704958,0.6274640265670101,-2.6014976434583157,-0.2482302175478351,0.0,0.05646048171371852
1785943373553357863,14.730777825298945,0.6338258476616856,-2.599164979165572,-0.25299909391648534,0.0,0.025572025481171864
1785943373587907904,14.741611036356671,0.6403553953310703,-2.5978867477132224,-0.2530050411006677,0.0,0.02556918647323695
1785943373640010560,14.752352231239998,0.6468482118903762,-2.5973804752738885,-0.24896007463906406,0.0,-0.005320643385483249
1785943373693202504,14.763714728954016,0.6537244516749836,-2.5976645423012688,-0.24895603903620003,0.0,-0.005323482571693916
1785943373752330507,14.771441792585822,0.6597646053877766,-2.598379383341818,-0.24319066856560936,0.0,-0.04579896116744345
1785943373801694342,14.780146475064209,0.6660584077142165,-2.600313604917185,-0.24318493953116513,0.0,-0.04580266558243546
1785943373836253759,14.79054005470918,0.6723067114973342,-2.6026032073147958,-0.24203857157982292,0.0,-0.045806369994526565
1785943373885293486,14.800929213337017,0.6785200183196864,-2.6048941892537263,-0.24203761808155708,0.0,-0.04580637033501389
1785943373955027544,14.810381494464607,0.684506990288987,-2.606875659021154,-0.23543849220721375,0.0,-0.04048102702976244
1785943374003732955,14.81986857846586,0.6903840323273801,-2.6088034164956966,-0.23543025653899444,0.0,-0.04048053729210876
1785943374037359410,14.829782389320606,0.6962299034532717,-2.611278761131541,-0.22551649339236918,0.0,-0.05858621710702805
1785943374090018790,14.839508295565738,0.7019325779390275,-2.6142080066467446,-0.22550825356035845,0.0,-0.05858788047431309
1785943374137167568,14.849845825211805,0.7079532538565748,-2.6179097150822055,-0.25294246332638626,0.0,-0.08947653085929504
1785943374208602936,14.860100384837553,0.7145995524768972,-2.6217943685831173,-0.25297668861808964,0.0,-0.08947937045684609
1785943374252340516,14.870701849078062,0.7211750976679124,-2.6266198550421516,-0.2645673796324634,0.0,-0.11823906125477918
1785943374288646078,14.882299461037892,0.7277382524763653,-2.632575269921552,-0.26457702036767944,0.0,-0.11824170536252955
1785943374337048501,14.893663795630776,0.7340803316599356,-2.6392895085968546,-0.2587053118603389,0.0,-0.1512614867390953
1785943374392052768,14.90534802505791,0.7404984388830599,-2.6470844091421757,-0.2586994645896047,0.0,-0.1512645148093822
1785943374438430157,14.916286967450148,0.7463966393543467,-2.653989190964372,-0.2554528980555906,0.0,-0.13529152124938523
1785943374489165147,14.927576521643319,0.7523836446297203,-2.660757056916389,-0.2554496543811582,0.0,-0.13529005138601355
1785943374537136610,14.938874613754809,0.7582775529201132,-2.6684236826016057,-0.25496853793488267,0.0,-0.15339143283809237
1785943374587820206,14.950223103076278,0.7640875110573427,-2.6760941883681495,-0.25496694431247974,0.0,-0.15339475663874858
1785943374639000460,14.96184979075017,0.7699245675792479,-2.684593347940673,-0.25112448104337526,0.0,-0.15978849060475714
1785943374704501658,14.97215323403858,0.7755442834749761,-2.6915027013073245,-0.25112064748452834,0.0,-0.15978907851504973
1785943374751097615,14.982602352791758,0.7808828205866656,-2.6965870446012987,-0.24385269992809772,0.0,-0.12677251030793435
1785943374786023606,14.993567219027351,0.7861120758499595,-2.702902468632813,-0.24384668725495315,0.0,-0.12676949195737075
1785943374836483993,15.003922354302523,0.7909727005434461,-2.708361862730296,-0.23381851643252638,0.0,-0.11505072040191865
1785943374904822575,15.014869727807373,0.7967151924712353,-2.713463418302883,-0.23380846807874156,0.0,-0.11504963906070487
1785943374951635884,15.025062424635111,0.8018392899587503,-2.718069324672893,-0.22695667984278184,0.0,-0.1065279844788578
1785943374987020292,15.035468065077168,0.8065302042570335,-2.723427132551949,-0.22694994695726717,0.0,-0.10652721324529396
1785943375038655891,15.04528208479651,0.8108914972823398,-2.7284156758821463,-0.21938166450008925,0.0,-0.10226617869100518
1785943375086838626,15.055291781873917,0.8152798805077383,-2.733510882434706,-0.21937403916746223,0.0,-0.10226578326895788
1785943375154394684,15.069527804214877,0.8210900687794754,-2.7454514638410887,-0.2479780295240076,0.0,-0.17895021704000968
1785943375208784400,15.08272195293866,0.8266449568687585,-2.7550210136227364,-0.24801396980630125,0.0,-0.17895731843884977
1785943375237068130,15.095718633505943,0.8319462339895888,-2.762800884113217,-0.27086292666607986,0.0,-0.1640534466908124
1785943375288515722,15.108299280895226,0.8369535065162642,-2.7710003660423173,-0.27088177863934176,0.0,-0.16405208751069833
1785943375352112786,15.119428605946732,0.8407123075230356,-2.7815040716637096,-0.2629529337350816,0.0,-0.17470138907515972
1785943375404275220,15.130866430168592,0.8448246908638121,-2.791137486899616,-0.2629429798404975,0.0,-0.1747023742483734
1785943375438019887,15.143085445590597,0.8492870920104356,-2.800645685322968,-0.2570797299846937,0.0,-0.18215884687011738
1785943375486638479,15.154879092157755,0.8534715036949226,-2.809513216857344,-0.25707486901220705,0.0,-0.18215953016727102
1785943375535690270,15.16696366258007,0.8576442031333399,-2.817413621481492,-0.2561702652577762,0.0,-0.16618419538195034
1785943375586858204,15.179143526212238,0.8617370504308186,-2.8257490960848806,-0.2561691342447807,0.0,-0.1661827235299283
1785943375637689325,15.190917845222398,0.8655885898316925,-2.832914739472216,-0.25112684381984424,0.0,-0.15127027661044745
1785943375690161627,15.20293358227356,0.869420050306944,-2.840511879058135,-0.2511218285475176,0.0,-0.15126891014799573
1785943375738112482,15.214095451607788,0.8728852623755745,-2.8477234657874786,-0.24025074530077448,0.0,-0.14700727938825828
1785943375800519581,15.225012479713621,0.8730473583537695,-2.8595679306811896,-0.24024171332737915,0.0,-0.14700688812359045
1785943375852243439,15.235894435262363,0.8744908732007074,-2.8690719808739527,-0.2426320016295639,0.0,-0.1459414244528551
1785943375886806473,15.247580513045529,0.8777568287922415,-2.876370181945306,-0.24263499673500988,0.0,-0.14594132607275448
1785943375938355444,15.259566215818749,0.8810097753853593,-2.8844682504660923,-0.24641884736397202,0.0,-0.156591916460929
1785943376006024722,15.27113354730715,0.882548787584903,-2.8942778314997137,-0.24642262167467785,0.0,-0.15659289518895195
1785943376053092888,15.282323722234054,0.8843420090442945,-2.902857450267783,-0.24684664097386422,0.0,-0.15339865815176332
1785943376090896105,15.294315730381387,0.887260583604253,-2.910527148915632,-0.24684698720769419,0.0,-0.15339836993202574
1785943376138090421,15.306460876622609,0.8901200082407563,-2.917787607521242,-0.24714723558978938,0.0,-0.1470076938894857
1785943376192359172,15.318401715601452,0.8928379611141675,-2.9250718044943933,-0.24714761716129846,0.0,-0.14700709539433357
1785943376253762203,15.33694286428252,0.8950356177538877,-2.9391573968275515,-0.25146896586475936,0.0,-0.18002362109838105
1785943376307132906,15.354816604925773,0.8977673850465291,-2.9511000921830095,-0.25147327670959385,0.0,-0.18002665540313215
1785943376335967920,15.367116055747426,0.900147426391458,-2.958278747084493,-0.26084072759105387,0.0,-0.16192333331623274
1785943376387476634,15.379942163573117,0.9025253351512704,-2.966375688670012,-0.2608495577821195,0.0,-0.16192176172330344
1785943376451527859,15.395219835045562,0.9039106864038711,-2.9764173542088215,-0.25221746862786937,0.0,-0.15020457052682684
1785943376504711354,15.410080788781721,0.9056673117306031,-2.9855198054532703,-0.25220834684148935,0.0,-0.15020342998627886
1785943376539299189,15.421469848443456,0.9074594647994869,-2.992231717736864,-0.23779600047755858,0.0,-0.1395516016107607
1785943376586229206,15.433226243459844,0.909228576693432,-2.999209620170804,-0.23778161395478975,0.0,-0.13955062229606788
1785943376638206578,15.444977013762932,0.9109127207265679,-3.0062674895642894,-0.23752709134559663,0.0,-0.1406147162962453
1785943376703479351,15.460459330079567,0.9136026196704625,-3.013853799103006,-0.23752687965639802,0.0,-0.14061481409606902
1785943376751183733,15.476140144509117,0.9161395729958373,-3.0223474497290432,-0.24847365829741835,0.0,-0.15552586345663627
1785943376787028478,15.488474128701776,0.9176173621929421,-3.0301219163555806,-0.24848731348799846,0.0,-0.15552723409445796
1785943376838446244,15.501075697580768,0.9190249097928989,-3.038780081675457,-0.25183172586033814,0.0,-0.1672443660602489
1785943376887368623,15.513597148843546,0.9203168291347901,-3.0471397242730474,-0.2518350630570628,0.0,-0.16724544319072537
1785943376951645648,15.524586765094561,0.9190907638694703,-3.0555063018826787,-0.2496779148778132,0.0,-0.15020542208889376
1785943377004866457,15.536183950158156,0.9182270548313012,-3.0640133011019786,-0.2496757620721298,0.0,-0.15020385580026607
1785943377036772496,15.54814303618583,0.9191520635957063,-3.0723342441617456,-0.24775244871384255,0.0,-0.16404825206199253
1785943377099833156,15.561411981562886,0.9200725189625939,-3.0811416240424396,-0.2477508924074404,0.0,-0.16404948996162774
1785943377152585180,15.570799128061223,0.9184666146194914,-3.088042270034548,-0.241747437409054,0.0,-0.12783807382547846
1785943377202334821,15.581562617998088,0.9174318126096775,-3.0955496398423037,-0.24174172453421,0.0,-0.1278349008239516
1785943377238273682,15.593612705220945,0.9179830841931245,-3.102970404552746,-0.24281611109472861,0.0,-0.1427425121986403
1785943377289076962,15.60574337469981,0.9184518301499169,-3.110106990277928,-0.24281725446118604,0.0,-0.14274397357499127
1785943377356724223,15.618559778531242,0.918160020656324,-3.1191061759424006,-0.24938645192213138,0.0,-0.1565913062174988
1785943377413967676,15.63128495898228,0.9179215068124777,-3.127539701473736,-0.24939471549197162,0.0,-0.15659259003814738
1785943377437573602,15.643642617635074,0.9180911726756341,-3.136256534732673,-0.24775204958247213,0.0,-0.16830963691404013
1785943377487736026,15.655926772386087,0.9181567205119829,3.1385832006285193,-0.24775069394285704,0.0,-0.1683107057248571
1785943377536576994,15.66860411359465,0.9181203786832014,3.1304092148772846,-0.25164819677610134,0.0,-0.16511657386374884
1785943377604700176,15.680299489282817,0.9177774305722786,3.1224444919982637,-0.25165309411527537,0.0,-0.16511627810630364
1785943377651122143,15.692604914859727,0.9173170534807282,3.11447773131372,-0.2603629352550809,0.0,-0.16511598234806193
1785943377688386556,15.705634769703195,0.91696366909576,3.106212037624439,-0.26037012548744354,0.0,-0.16511598232107474
1785943377738557589,15.717886844232096,0.916531370152339,3.098757284969498,-0.2503302538520796,0.0,-0.15446530798527483
1785943377801252283,15.729708361889111,0.9158657774997975,3.09111707117731,-0.2503176412741647,0.0,-0.15446432201976795
1785943377853883279,15.741029493460536,0.915161110688639,3.084399357629312,-0.24211320281891646,0.0,-0.1416825182687677
1785943377887154329,15.753113087516896,0.9144692512974257,3.0773161105157194,-0.24210500940606253,0.0,-0.1416813423052347
1785943377938474300,15.76478971694374,0.9137141276253398,3.069591602164233,-0.2366956035314585,0.0,-0.15020072341181775
1785943377987382438,15.776600273364362,0.9128622775640017,3.0620769422448766,-0.2366902067524558,0.0,-0.15020150624580422
1785943378052420643,15.788633380459276,0.9116815513031864,3.0544057463505423,-0.24460659570877555,0.0,-0.1470070836465775
1785943378102522521,15.8005109652714,0.9105374048711763,3.0468410138204147,-0.24461449017543543,0.0,-0.14700679024377544
1785943378137517698,15.81344259357434,0.9093061089796443,3.0384511986093763,-0.2547046250085339,0.0,-0.1608523880877053
1785943378186879229,15.826138103740828,0.9079920191208349,3.0303914661787332,-0.25471470272224633,0.0,-0.16085366174970578
1785943378238473418,15.838936164995626,0.9065665735474483,3.023102024515383,-0.2555652634457154,0.0,-0.1502042427978628
1785943378302889040,15.849967658505305,0.9050472507484347,3.0161521145865042,-0.2555659693653572,0.0,-0.15020326610035162
1785943378351318345,15.860452273641675,0.9035073683864978,3.00934350801639,-0.24357002874462344,0.0,-0.14487694004688126
1785943378387866476,15.872526295752786,0.9019012047542564,3.002097485096917,-0.24355503136815607,0.0,-0.14487644934959978
1785943378439638527,15.883906076182797,0.9003033220496078,2.995244906448615,-0.23423484517242246,0.0,-0.1395506218867914
1785943378515499723,15.893867473623327,0.8981680030603644,2.9883084877562434,-0.24261702110302497,0.0,-0.14380992037873078
1785943378552618179,15.904339061771672,0.8959745188119811,2.981203003203606,-0.2426274971322259,0.0,-0.1438103123285339
1785943378588638674,15.9165199943761,0.8940039015935556,2.97400308832784,-0.2484864428191016,0.0,-0.14274563006075572
1785943378636466644,15.928723088855552,0.891939427579636,2.966893603259515,-0.24849371376936327,0.0,-0.1427455326582318
1785943378678813293,15.941949054608417,0.88960506742729,2.9591786059076104,-0.24849371376936327,0.0,-0.1427455326582318
1785943378750795689,15.951423178349827,0.886994321579193,2.9524040930547137,-0.2457099504447946,0.0,-0.13955018660504823
1785943378815638431,15.96223058484941,0.8842603399317469,2.944824262328769,-0.2483459047824888,0.0,-0.15446036367336513
1785943378837584039,15.97440824159582,0.8818327505224788,2.9371012615378205,-0.24834828397235745,0.0,-0.15446184962442858
1785943378886904353,15.986598796165747,0.8793045470722153,2.928978986109743,-0.24967095271044992,0.0,-0.1704393751836548
1785943378953166187,15.99949726812437,0.8772290419847472,2.9205863935769543,-0.24967227304815381,0.0,-0.17044084393472664
1785943379008210743,16.012234110564403,0.8749953671017312,2.9121026360332984,-0.2489537952291397,0.0,-0.17257244448145162
1785943379037549488,16.02435438396871,0.872164004492241,2.9034747137384995,-0.24895289939954218,0.0,-0.1725726403626584
1785943379085887045,16.03650896985847,0.8692138139406013,2.895379074629633,-0.25135334061743136,0.0,-0.1512714602655495
1785943379136302727,16.048700075893002,0.8661500376129733,2.8878142176397246,-0.2513553370664053,0.0,-0.15126950203036185
1785943379207390147,16.06064218872567,0.8627056895364827,2.8803998830004964,-0.2521071216102694,0.0,-0.12464082831201385
1785943379256164552,16.072614566136657,0.8592994145135544,2.8738856858654036,-0.25210805893335786,0.0,-0.12463838179565787
1785943379302557525,16.085689719712374,0.8557130202787285,2.867624469191447,-0.25345886410675894,0.0,-0.10759461836335052
1785943379336718528,16.097001218583248,0.8525340940858206,2.862636808929467,-0.2534604310742113,0.0,-0.10759316107335147
1785943379403836938,16.108949985467333,0.849111671871073,2.8574071997136103,-0.24320124706354895,0.0,-0.10120138312597828
1785943379442651488,16.12074583880016,0.8456662039160365,2.85229328880026,-0.24319023491462352,0.0,-0.10120075095598263
1785943379502015659,16.131978622476943,0.8421059728936744,2.8475878250396898,-0.2426389168169019,0.0,-0.07563846902672232
1785943379557626445,16.144471106229076,0.8381974085440097,2.843226112536082,-0.24263845846772214,0.0,-0.07563612058790918
1785943379574989196,16.154948628301856,0.8349750739868397,2.8398090492938977,-0.24263845846772214,0.0,-0.07563612058790918
1785943379640835335,16.166827445193448,0.831280241971287,2.8366018646182476,-0.24668698494667163,0.0,-0.06817828323712068
1785943379712483191,16.17913978379551,0.8279871058339021,2.8333098037655895,-0.24669198686546023,0.0,-0.06817760427155063
1785943379758422964,16.191746783432063,0.824486435728684,2.8302677689750673,-0.24669698875287316,0.0,-0.0628515746971993
1785943379798553243,16.20308242616808,0.8208387586414672,2.8281881344172426,-0.2532683936542752,0.0,-0.027703379979779903
1785943379837492501,16.215157212453693,0.8169254973097705,2.826800024104886,-0.2532749928152767,0.0,-0.027700128218424394
1785943379886966517,16.227155864073026,0.8130184962108887,2.8256029625575856,-0.2518412580219792,0.0,-0.020241392883019446
1785943379953739569,16.237162251500386,0.8092045555877957,2.8245954218628606,-0.2518398294257536,0.0,-0.020240708370428136
1785943380003536124,16.2474760970816,0.8054094318098431,2.8246609579253303,-0.24931782598906763,0.0,0.02236274481494331
1785943380037807787,16.259281232281374,0.8015374952320273,2.825775637075826,-0.2493153170675384,0.0,0.022366648371840842
1785943380087964547,16.271008764814056,0.797705486007586,2.8273182517589195,-0.24445013038441674,0.0,0.03941163611001293
1785943380156337051,16.282969207729426,0.794300713945182,2.829324850558065,-0.2444460678381752,0.0,0.03941320894839531
1785943380200920710,16.294880095830873,0.790903788578994,2.832103873524538,-0.2439018840296818,0.0,0.07030177795027011
1785943380236005970,16.306500770151967,0.7871879171395002,2.835620692983797,-0.24390134094289906,0.0,0.07030461669269096
1785943380290126365,16.31815043714455,0.7835078816652333,2.839081233245391,-0.2449810420240352,0.0,0.06817731629490388
1785943380336120924,16.32984744335392,0.7798573613125416,2.842491276876877,-0.24498211955496677,0.0,0.06817712075659844
1785943380402572716,16.342232576685976,0.7766045271209693,2.846970273350018,-0.24849224397180616,0.0,0.1043892591342088
1785943380451113193,16.354627376163425,0.7733351044641709,2.8523047164463633,-0.24849661792301267,0.0,0.1043925848104138
1785943380487012980,16.3666155352824,0.7697669771239045,2.8574554855100036,-0.2507515065086823,0.0,0.10120070353341583
1785943380539859471,16.378604252438972,0.7662658043945858,2.8624960272790005,-0.25075374877840456,0.0,0.10120041112396153
1785943380587758868,16.390640049314506,0.7628166326112478,2.8684849411349043,-0.25003583769291793,0.0,0.1384774939198535
1785943380650666370,16.402501906277354,0.7595687698437901,2.8752043390406037,-0.25003511848793264,0.0,0.13848093348687654
1785943380702989355,16.414208101735227,0.7565108688945209,2.8816892116880517,-0.24235013664921373,0.0,0.1257035545216279
1785943380736126224,16.425923463763045,0.7533955421746327,2.8879771395906957,-0.24234374048220048,0.0,0.125702379340059
1785943380787421746,16.437608138309,0.7503669173432091,2.895086227797419,-0.2406569686524256,0.0,0.1587183279261804
1785943380851704947,16.448206573468727,0.7471042095551081,2.902262647841568,-0.24065528516238768,0.0,0.15872136239461068
1785943380901542079,16.45909634946248,0.7440510342871609,2.9097220331008793,-0.24353281336208757,0.0,0.15872439686296283
1785943380941044975,16.47207511636247,0.7409865208599878,2.918413461265682,-0.24353640228449824,0.0,0.15872439714189737
1785943380987002796,16.48311093527504,0.738481826436325,2.925651951409485,-0.24804266386088647,0.0,0.15659425720831652
1785943381036156416,16.4950552103165,0.7358617177765621,2.933371711879675,-0.24804632982581593,0.0,0.15659406566981782
1785943381106611876,16.507460951940395,0.7329475158851383,2.9408779909155687,-0.24570953831453016,0.0,0.17150478535242394
1785943381158284116,16.51983188633698,0.7302956393785823,2.9490774399690864,-0.24570717150217353,0.0,0.17150617613011798
1785943381186535045,16.532127148206374,0.7278989237465073,2.957691426270571,-0.25614194783445143,0.0,0.17363771362054978
1785943381238037231,16.54472352603005,0.7255559591227411,2.966376274851487,-0.25615495787613624,0.0,0.17363790948850286
1785943381304573283,16.556296271826128,0.7239011500009587,2.975434411883477,-0.2546671538547126,0.0,0.1608572881769598
1785943381351190936,16.568025861801623,0.7221651072056895,2.9838781382523134,-0.25466591516015186,0.0,0.1608561120197562
1785943381385908184,16.580385173799197,0.7201995459895063,2.991838937592128,-0.2460827420533388,0.0,0.15765971548323748
1785943381436281432,16.592557456230388,0.7183629532757698,2.999726106903541,-0.2460741819157246,0.0,0.15765942192273025
1785943381489611557,16.60463153444832,0.7166384639243298,3.0075301608292797,-0.24174463950831973,0.0,0.15446392299466674
1785943381551035645,16.615980965186843,0.7154369909219284,3.0158586791573825,-0.24174032147293142,0.0,0.1544636294601478
1785943381600477307,16.62741065117619,0.7141959174217418,3.023964731028372,-0.24128613163864407,0.0,0.1544633359257136
1785943381636232640,16.63940107701109,0.7127789674920066,3.031694039902721,-0.24128556466354079,0.0,0.15446333589870753
1785943381686754182,16.65148447570805,0.7114456436622962,3.0396511179667844,-0.24533591358321546,0.0,0.16404896573212127
1785943381750126181,16.66372417654596,0.7112354750331863,3.049530934887772,-0.2453399547730274,0.0,0.16404984682639298
1785943381807063831,16.67608241825704,0.710744351452851,3.0590308252510714,-0.25104719035806966,0.0,0.17576647891393385
1785943381840497191,16.6891204946273,0.7096654507055029,3.0681902427789742,-0.2510519280559559,0.0,0.17576755371659733
1785943381885415838,16.701239988526705,0.7087742438866931,3.076395293476826,-0.25705500585629504,0.0,0.16831314562796237
1785943381936834757,16.71407759571208,0.7079360760159168,3.0848185070880874,-0.2570624960408053,0.0,0.16831246024234503
1785943382002456631,16.727545307155857,0.708148757828076,3.094416809448596,-0.25508954401571726,0.0,0.1651165695290419
1785943382052747732,16.740842906414066,0.7082414446029422,3.103502640350818,-0.25508757666304566,0.0,0.16511627593853545
1785943382096400957,16.753503408893756,0.7077589816308505,3.1112809652422238,-0.24176211199132194,0.0,0.13955425189430182
1785943382136668969,16.765353238126064,0.7073996851274201,3.1181246667348588,-0.2417490691625018,0.0,0.13955194755554118
1785943382202204408,16.77772964110749,0.7089954535432973,3.128286645091606,-0.23483241344985814,0.0,0.1523304165226268
1785943382251928256,16.78978099490508,0.7099937396646075,3.1374708196772074,-0.23482654615431336,0.0,0.1523316144228492
1785943382287274007,16.801679171911502,0.709944691945391,-3.138127583946622,-0.2412689046018139,0.0,0.15126773902564608
1785943382336390985,16.81374753044489,0.7099865082498508,-3.130561456857144,-0.241276940400598,0.0,0.1512676412393603
1785943382390212808,16.826229370478448,0.7101241964262013,-3.1229289953747172,-0.24848336231789192,0.0,0.14807232681446011
1785943382451623935,16.840228738357098,0.711585540932334,-3.113531947300676,-0.24849216991287246,0.0,0.14807203893241766
1785943382503761088,16.85416493993448,0.7127343091587528,-3.1041099190275,-0.24835090893019235,0.0,0.17789357930853714
1785943382540725682,16.86654084747369,0.7131984102576944,-3.095238620627594,-0.24835078953624978,0.0,0.17789636541419046
1785943382586805364,16.87892231413983,0.7137727514907471,-3.0866468781573784,-0.24805050376412843,0.0,0.16618341328891517
1785943382658454500,16.892578354718996,0.7154706517828806,-3.076683068592674,-0.24805025297185757,0.0,0.16618233244753888
1785943382702416600,16.9062265916776,0.7169812284524315,-3.066247852671464,-0.2525376142036612,0.0,0.18854358003950367
1785943382735956908,16.918815674304547,0.7179315460561738,-3.0568225761872134,-0.2525487815372258,0.0,0.18854768849619571
1785943382800272302,16.933734956407292,0.719194432930629,-3.0467742836719616,-0.2565208608765957,0.0,0.17790110939235068
1785943382838707287,16.944468330305092,0.7202152093966213,-3.039297405094037,-0.2565248238631706,0.0,0.17790013080637165
1785943382913762948,16.957346686951194,0.7226381099262685,-3.029794145390294,-0.2558085924280842,0.0,0.16618335182767782
1785943382951907586,16.970183952675317,0.7248488357636647,-3.0205596444837592,-0.2558078954399464,0.0,0.16618230171129883
1785943382987148117,16.98230688331952,0.7263228310236161,-3.012783686723633,-0.24427696517552586,0.0,0.15552991063763702
1785943383036642644,16.994418215309114,0.7278915684837808,-3.005007621973849,-0.24426928848554033,0.0,0.15552925785096594
1785943383085683492,17.006140249204435,0.7295026749163884,-2.9972209011744706,-0.23636345141674184,0.0,0.1555286052242635
1785943383152473569,17.017972006899587,0.7323529344602355,-2.988057546991215,-0.23634377349881863,0.0,0.15552860510429553
1785943383205276987,17.030060942182352,0.7350434636988471,-2.979352788480308,-0.2420303582207986,0.0,0.15659374355738714
1785943383238218200,17.042001710842715,0.7369979089007725,-2.9715245000468613,-0.24203351258289396,0.0,0.15659380882312943
1785943383287322826,17.054267722423553,0.7391043025236164,-2.9631099044643707,-0.24891762939706472,0.0,0.16830746631168386
1785943383353445934,17.06666669533932,0.7418999933569008,-2.9540206768091397,-0.24893477442117587,0.0,0.16830962012508435
1785943383402478685,17.07939640305068,0.7447158535523799,-2.9452655427518675,-0.2534544780601595,0.0,0.16724671594554164
1785943383436866608,17.091782035278705,0.7471792166534142,-2.9369328934169157,-0.2534582367423416,0.0,0.1672466182413811
1785943383489358431,17.103875950748723,0.7496880422642578,-2.929119805167037,-0.24896099378076425,0.0,0.15979103766805086
1785943383543370565,17.11635298216053,0.7523797025707472,-2.920927146950696,-0.24895650353485707,0.0,0.15979035216379509
1785943383602300449,17.126829377789246,0.755724775776733,-2.912168554598825,-0.24355313959730837,0.0,0.16511502912887258
1785943383658625628,17.137901141206644,0.7591058973001065,-2.903539120159849,-0.24354657786201522,0.0,0.16511550566882513
1785943383688958874,17.14968451633175,0.7619646263763868,-2.8954536907560384,-0.24444099037359954,0.0,0.16298572467072475
1785943383736562100,17.16153889646477,0.7649428395636484,-2.8873039714614475,-0.24444149539405705,0.0,0.16298559182868366
1785943383810084873,17.172616601889146,0.7688215066034922,-2.878523849950879,-0.24822284881928755,0.0,0.1587251805630627
1785943383852280540,17.183896558526946,0.7726348225014503,-2.8701376573638115,-0.24822662247078042,0.0,0.15872478902795864
1785943383887357257,17.195784571987783,0.7759435593735601,-2.862094629067377,-0.2467929281826638,0.0,0.1608541523823786
1785943383937170996,17.207645011924015,0.7793476366254015,-2.8540519360115835,-0.24679007097594732,0.0,0.1608545439422023
1785943383993510320,17.219252214786145,0.7827785919897433,-2.8465636440684476,-0.24354809307027403,0.0,0.15339945228833415
1785943384055385785,17.23004000058803,0.7867199090853196,-2.8385710596029425,-0.2435440498066181,0.0,0.15339876703729455
1785943384104766644,17.240729356699685,0.7906138375049908,-2.8300369655811792,-0.24570057696064967,0.0,0.16511386932477254
1785943384137392326,17.252368749038148,0.7943622297136028,-2.8218195886897752,-0.24570268784746319,0.0,0.1651149257141609
1785943384195429025,17.264124352181017,0.7982551764759415,-2.8134452988528023,-0.24624508125637526,0.0,0.1661810514228719
1785943384256783030,17.27608840488789,0.8021946026944753,-2.805284299370899,-0.24624554154449335,0.0,0.1661811514053934
1785943384301858803,17.288336602743477,0.8063930676481709,-2.7971096229999084,-0.2507447597617264,0.0,0.16511617804535056
1785943384338163789,17.300140583304813,0.8106281999970728,-2.788851979192026,-0.25075037063094757,0.0,0.16511608017871096
1785943384387538920,17.311935312647247,0.8149713795625966,-2.780329054116137,-0.2513566591336498,0.0,0.17044166051832915
1785943384436201961,17.323688538577702,0.8194122909836753,-2.7718094006662937,-0.2513569953163038,0.0,0.17044198671711142
1785943384505858448,17.335098501894898,0.8246584178619467,-2.7626620022599098,-0.24672016384521214,0.0,0.16192332380636032
1785943384555430131,17.346498222507776,0.8297634342254111,-2.7539420423075525,-0.2467086132100515,0.0,0.16192175712010737
1785943384587246087,17.357882075147103,0.8344114722597802,-2.7458999927124244,-0.2459461833194307,0.0,0.16085506638947647
1785943384638102489,17.369230375794707,0.8391519427406265,-2.737856362675983,-0.2459457603535084,0.0,0.16085500102177283
1785943384692034749,17.380493808581743,0.8439637311147219,-2.7300273075796873,-0.2449870269556139,0.0,0.1565954399067169
1785943384752594708,17.391598836306304,0.8491598106982363,-2.7221043151404394,-0.24498511691009772,0.0,0.1565946571456647
1785943384815613863,17.40283890801729,0.8544900779664586,-2.7135750685464517,-0.24570336474187268,0.0,0.1640493574046351
1785943384840616768,17.413912131243674,0.8595419463947165,-2.7054486810013363,-0.2457040816000095,0.0,0.16405004268064594
1785943384886943915,17.425045831130962,0.8647333096646593,-2.696765859766151,-0.24570479845818982,0.0,0.1704411378749959
1785943384943343849,17.436135816070365,0.8700198018187489,-2.688243513521576,-0.24570479917363924,0.0,0.17044172536141783
1785943385002671540,17.44668565411359,0.8760810228200199,-2.6784341456673664,-0.2547923078863463,0.0,0.18215805938895474
1785943385051388919,17.45719534072519,0.8820415236555855,-2.6691144259521686,-0.2548036421719622,0.0,0.18215913639030115
1785943385088397290,17.468745102170463,0.887937896994268,-2.6612111851243827,-0.2546649003838184,0.0,0.16405405684589588
1785943385140822454,17.479932524593664,0.8937676135394689,-2.653084706872192,-0.25466478500505374,0.0,0.16405239261726723
1785943385204637414,17.48999443102813,0.9002133913015825,-2.645097539797784,-0.24491711971069513,0.0,0.14807466054862098
1785943385250578659,17.499036870999156,0.905955976075862,-2.6379497125240756,-0.24490507638096284,0.0,0.14807320590600442
1785943385286766936,17.509358653050437,0.9116411015944709,-2.6313587520673023,-0.2388617321558723,0.0,0.13742107268841777
1785943385337204347,17.51978063969843,0.9174739349428561,-2.624487323350826,-0.23885567273435507,0.0,0.13742008872316414
1785943385392104578,17.530446203301786,0.9235313277498448,-2.619254006127721,-0.242031378557978,0.0,0.11505266942201958
1785943385456314880,17.54043851745308,0.9298633186153773,-2.613084012769112,-0.24203401982007086,0.0,0.1150506136599261
1785943385504329609,17.550888237856874,0.936385148699853,-2.6080299149187507,-0.24966343126541957,0.0,0.09587614595093012
1785943385539582236,17.561637269701826,0.9427347368693979,-2.6032359688221587,-0.24966851174969426,0.0,0.09587497077236153
1785943385586273717,17.572208863123826,0.9490480735777959,-2.598974631445193,-0.24626299442197966,0.0,0.08522507180961829
1785943385638347348,17.582820372982766,0.9554467504746016,-2.5946861933159853,-0.2462545196606234,0.0,0.08522311450356548
1785943385689763738,17.59404002033453,0.9622668570020775,-2.592423793186023,-0.2525475065770837,0.0,0.05752933750754387
1785943385750333586,17.601406126233325,0.9683260498222297,-2.5895796578235486,-0.2525537449238468,0.0,0.05752680836474596
1785943385803064586,17.609454665037937,0.974556915554131,-2.5870821446556023,-0.24745433409382203,0.0,0.04900320816576355
1785943385838231513,17.619920400925977,0.9810386437710154,-2.5846443331608064,-0.2474515038023608,0.0,0.04900268567099432
1785943385893013372,17.630475166496428,0.9876111583459449,-2.5828449593377183,-0.24750868871750847,0.0,0.022375449004101454
1785943385962423930,17.64117923269747,0.9942388637717613,-2.5816931000723162,-0.2475087458066971,0.0,0.02237300104918909
1785943386004365763,17.651966388257673,1.0009481627054426,-2.582470797577674,-0.24939350514046046,0.0,-0.01596473517023166
1785943386037181405,17.662528234757513,1.0075569891088996,-2.5832690385136847,-0.24939824058147347,0.0,-0.015971849218914178
1785943386087059531,17.673148144278926,1.0141901152613428,-2.584121159921992,-0.2504541573615831,0.0,-0.017044099843543124
1785943386138581525,17.683782842060292,1.0208201338748149,-2.584974007780282,-0.25045474326328226,0.0,-0.0170441655655358
1785943386219860808,17.694674329111237,1.0275973416283966,-2.5868052310325935,-0.2462668722928847,0.0,-0.03514708183193785
1785943386283305386,17.711584214387198,1.03710773022692,-2.588987823732394,-0.24625646153596353,0.0,-0.035150404295312805
1785943386314086488,17.72369214660806,1.043757859190778,-2.5905423801951897,-0.24625646153596353,0.0,-0.035150404295312805
1785943386339992595,17.730170258076246,1.047713924588781,-2.594162060889013,-0.24210238635855166,0.0,-0.05858664413816998
1785943386400477832,17.740945499198084,1.0542744826779697,-2.5989827610759137,-0.24425518213224998,0.0,-0.08308390987362857
1785943386442492724,17.75083779234158,1.0602393630827192,-2.6029123037864235,-0.2442583870775242,0.0,-0.08308726732823792
1785943386521069540,17.763579176751588,1.067436850496183,-2.6071717377290344,-0.2503826693399942,0.0,-0.08628581606746794
1785943386567449841,17.77605671059834,1.074416424797244,-2.61155508545958,-0.2503889266084432,0.0,-0.08628611707537143
1785943386597174168,17.78571065876048,1.0800641434809253,-2.617310474065978,-0.24745314485102765,0.0,-0.11184846566596926
1785943386644526057,17.796408730996966,1.0862504260630241,-2.62289663199844,-0.2474509105527015,0.0,-0.11185061519387296
1785943386686001057,17.806922501395878,1.0922505875691138,-2.6286898658965225,-0.24174407283822744,0.0,-0.11611326457467057
1785943386752777694,17.81699953075396,1.0984484703235289,-2.6339369530550893,-0.24174003965963284,0.0,-0.11611354186025621
1785943386805756862,17.82761245029956,1.1046609956743345,-2.6407114298881753,-0.24591747162424923,0.0,-0.13847613102714207
1785943386837691767,17.838238142773072,1.1104780045386264,-2.6475323110849254,-0.2459313567236711,0.0,-0.13848025159851604
1785943386888321185,17.84909268455893,1.1163256187312685,-2.654220786884681,-0.24624547806514938,0.0,-0.1352891672780449
1785943386939354233,17.859967080607948,1.1220892343282711,-2.6609825051575893,-0.24624573888132367,0.0,-0.13528887429197417
1785943387006656905,17.87115909940525,1.1285714784729968,-2.667233799082072,-0.24399661490519242,0.0,-0.13848378648588938
1785943387052605958,17.882520508484383,1.1348637339603154,-2.6738093504949907,-0.24399381031179168,0.0,-0.13848408006031512
1785943387089889892,17.89357062904785,1.1404424008847736,-2.681629439941348,-0.24774316522920703,0.0,-0.1512652219077687
1785943387136208047,17.904627401958887,1.1459199598377754,-2.689163329794528,-0.24774624563012596,0.0,-0.1512663825660235
1785943387192707633,17.91578883314125,1.1513443618677646,-2.6968859142428365,-0.24804923436391974,0.0,-0.15339768498063672
1785943387251727216,17.927655726107247,1.156539968662238,-2.705119224720136,-0.24804961695751604,0.0,-0.15339788330199786
1785943387325160002,17.941018828377008,1.1624927221220205,-2.7144920185988926,-0.24931027855881374,0.0,-0.1576583448536079
1785943387344679505,17.952573875624847,1.167751615253452,-2.722520304198821,-0.2493115366170719,0.0,-0.15765873654493806
1785943387387362870,17.962191170335206,1.172033216693345,-2.7297196434735427,-0.2489526178494835,0.0,-0.1651148039122717
1785943387441515554,17.973597283447653,1.1770160885669436,-2.7379750774059572,-0.24895230985588104,0.0,-0.165115393056622
1785943387503732374,17.98568496165913,1.1820532553559684,-2.7453907157052257,-0.2539914740103071,0.0,-0.1470103751287492
1785943387552646433,17.997635870062048,1.1870304403667806,-2.7530232432567088,-0.2539973316457806,0.0,-0.1470084361655864
1785943387586935216,18.009240067598963,1.1917780033921477,-2.760932488302669,-0.2518427094093565,0.0,-0.1544619653232792
1785943387640885076,18.020928049092436,1.196455278435061,-2.7686539845586076,-0.2518405588234804,0.0,-0.15446265053448982
1785943387703895558,18.032391376785693,1.1999919159903734,-2.778441149908802,-0.2450546361610492,0.0,-0.15765854058114745
1785943387753063674,18.043832925150422,1.203953716724145,-2.787225236809642,-0.24504899021271392,0.0,-0.15765883441770343
1785943387787317192,18.055088658530654,1.2081248062791874,-2.793406643757427,-0.24039462928028105,0.0,-0.1342276215624687
1785943387839272931,18.066299308880673,1.2121939811501383,-2.800065997905802,-0.24038882148713464,0.0,-0.13422546704911686
1785943387890119284,18.07793220298665,1.21632665610829,-2.8074970970084596,-0.24473543668715927,0.0,-0.14380894366392147
1785943387950862643,18.090478269250305,1.2183985259054617,-2.818394848143166,-0.24473904868035734,0.0,-0.1438098239263351
1785943388001088238,18.102689522830488,1.2213909119718926,-2.827599432545243,-0.24606295281821086,0.0,-0.1470059090981373
1785943388039534774,18.11434154503177,1.2251747455561175,-2.8349185117129054,-0.24606427445155685,0.0,-0.14700620291559102
1785943388086446423,18.126282675483875,1.228953526108803,-2.8429919492296136,-0.24894480689938625,0.0,-0.15659211159231645
1785943388154941907,18.138322558639956,1.2302700124085717,-2.8545066394270995,-0.24894839962969986,0.0,-0.15659299276358554
1785943388203481808,18.150471085057344,1.2326898145666552,-2.8639199501420136,-0.25399312048482664,0.0,-0.15659387393467564
1785943388237697148,18.162686208690562,1.2361715730926484,-2.871750483661836,-0.2539981596416095,0.0,-0.15659387401576558
1785943388288555791,18.174669365329724,1.2394883997036807,-2.8788632307523776,-0.2504023726808891,0.0,-0.1470082571064537
1785943388339890066,18.186754518132187,1.2427386546555963,-2.886210553712977,-0.2503987882552373,0.0,-0.14700737702757208
1785943388403768612,18.199179070606572,1.2445068701830493,-2.8955628067240125,-0.24823472190328918,0.0,-0.14168114547678665
1785943388451892657,18.211462579750325,1.2467479581201242,-2.903940627763957,-0.24823256196025775,0.0,-0.1416806558460571
1785943388487267785,18.2231798518477,1.2495828295829416,-2.911581045551153,-0.24354779660347,0.0,-0.14913564989581898
1785943388537056020,18.235038440973693,1.2523595807152246,-2.919039410248894,-0.2435439010081484,0.0,-0.14913633494049647
1785943388587664157,18.247235156423706,1.255122497775951,-2.926031339811188,-0.24758889618836732,0.0,-0.1427466102306119
1785943388654447257,18.260420488839713,1.2571463398423417,-2.9351378390081804,-0.24759394277706254,0.0,-0.14274602278825996
1785943388702134615,18.273010880329387,1.2593796121766083,-2.9433957191840254,-0.24750897045022302,0.0,-0.14594064826340128
1785943388736456935,18.285145169590113,1.2618165842927167,-2.9506934627447765,-0.24750888681251013,0.0,-0.14594093794267313
1785943388786585471,18.297348785914675,1.2641724469044398,-2.9586264485038907,-0.24822894493844525,0.0,-0.15446174741707222
1785943388857137991,18.311026873865334,1.265710711935824,-2.9683802183721815,-0.24822967356204878,0.0,-0.15446254157036107
1785943388902671572,18.322100756506536,1.2669358878331005,-2.975203295699708,-0.2474498454245514,0.0,-0.1416822879371147
1785943388936524564,18.334300982217748,1.2689848198515954,-2.982286514841917,-0.2474492595781874,0.0,-0.14168122711926603
1785943388993277311,18.34686704738349,1.271001094983964,-2.9902614462635726,-0.24786867655260808,0.0,-0.15126559161962527
1785943389036277936,18.358802145718922,1.2728211621501613,-2.9976293087294548,-0.247869140176234,0.0,-0.15126656742800138
1785943389101323597,18.370892987096067,1.2732735254107446,-3.0060705305201374,-0.24570911446468324,0.0,-0.1427470001110789
1785943389150912624,18.382924966074267,1.2740031940632583,-3.014042527002714,-0.2457069608171481,0.0,-0.14274621774633406
1785943389189497662,18.39550187769966,1.275615349955974,-3.021621022274173,-0.2500257686587204,0.0,-0.14807077202235144
1785943389239030239,18.407844157945583,1.2771032214477915,-3.0289830544939917,-0.25003007894353396,0.0,-0.14807126146542957
1785943389288590401,18.420345187262026,1.2785133587803794,-3.0372825607351515,-0.250754187036966,0.0,-0.1597875124085827
1785943389353567132,18.433334765629716,1.2790757507008133,-3.0461830290216527,-0.25075509014671965,0.0,-0.1597885893720223
1785943389403557166,18.446303786268842,1.2797302459773492,-3.0536379595415637,-0.25075599370695845,0.0,-0.144878700123219
1785943389438354384,18.458744309215586,1.280827280446958,-3.060853411959932,-0.25075599460858294,0.0,-0.14487732946857296
1785943389487038418,18.470866586005283,1.2818055385919631,-3.0685017748244054,-0.24565316289023398,0.0,-0.1502013103275484
1785943389552513983,18.48256448771968,1.2819853530710428,-3.0763769504344562,-0.24564891810633485,0.0,-0.15020179973061754
1785943389602534418,18.494273069698355,1.282201906346306,-3.084115684790029,-0.24444500722314413,0.0,-0.1502022891337219
1785943389640609037,18.50674579734375,1.2829195902413277,-3.0917925014131846,-0.244443505978494,0.0,-0.1502022891786923
1785943389689401267,18.51886173016688,1.283526373863108,-3.09853339327173,-0.24624307254294733,0.0,-0.141681698417536
1785943389738031411,18.531116829881423,1.2840543977109773,-3.1055909935037045,-0.24624453638700028,0.0,-0.14168093234030016
1785943389801247468,18.54336988539831,1.2844160257936645,-3.113344955838108,-0.2417451873992778,0.0,-0.1480705498937092
1785943389852036220,18.55567987862622,1.2847180441026365,-3.1208577545823775,-0.2417405957980837,0.0,-0.14807115038966323
1785943389887163562,18.567793352579123,1.284974095276408,-3.1270790732277867,-0.24173600994085453,0.0,-0.13209572664663705
1785943389937927929,18.579849003583885,1.285149079995644,-3.1336673486506235,-0.24173600536314685,0.0,-0.1320942578661198
1785943390006373459,18.591691118219074,1.2847081774725853,-3.1411071266164887,-0.24749728866525533,0.0,-0.14061334558201816
1785943390051736859,18.60354096541467,1.2842827211928454,3.134920470875003,-0.24750303860315712,0.0,-0.14061412867595457
1785943390087178933,18.61602374904369,1.2841960706246252,3.127011698217783,-0.248949105989522,0.0,-0.15233065828460687
1785943390143635061,18.628472025906618,1.2840145497695215,3.119393828654644,-0.24895054923927043,0.0,-0.15233173531713085
1785943390186780779,18.64098465746626,1.2837342570402182,3.1111376884066195,-0.2498517553498764,0.0,-0.1608533690562181
1785943390252062993,18.653335889114782,1.2831265991927912,3.102873955469719,-0.24985287920827065,0.0,-0.160854152279145
1785943390303021959,18.666597710248112,1.2824463312457346,3.0949035685376285,-0.2609601784644107,0.0,-0.15765971567077824
1785943390337257908,18.679573815953887,1.2818400560018866,3.0870562060992377,-0.26096941600735035,0.0,-0.1576594220165344
1785943390386153342,18.69191906103632,1.2811671096442014,3.0798131298370723,-0.25185660851589053,0.0,-0.14913858673095232
1785943390453732600,18.704338699636047,1.280014569184445,3.071879680747325,-0.2518475123364672,0.0,-0.14913780349302025
1785943390503278394,18.71607455464504,1.2789388062993892,3.0653228018611327,-0.24176120277911828,0.0,-0.13316099652703728
1785943390537717359,18.72807610469144,1.2780216638585138,3.058692444243415,-0.24174861824391108,0.0,-0.1331595273626723
1785943390587272017,18.739421215799993,1.2770744878612368,3.051313041051653,-0.2323739196716165,0.0,-0.14274367356283338
1785943390639746911,18.751022573250047,1.2760242591761028,3.0441565361760836,-0.2323645683052756,0.0,-0.1427445543194124
1785943390703718452,18.762983289759585,1.2747009009176162,3.0371176410628653,-0.24322130653937377,0.0,-0.1406153022575454
1785943390753470397,18.774753149179492,1.2733491433705166,3.030038144689678,-0.24323031116936317,0.0,-0.14061510710359681
1785943390787936147,18.787396393626665,1.2719306179741507,3.0221306460208104,-0.25073720255155535,0.0,-0.15233065295679193
1785943390848373062,18.79992490656058,1.2704267837420933,3.0142961490963267,-0.25363663085456095,0.0,-0.1608533696000874
1785943390901909371,18.812607143518655,1.268874843421587,3.0062380506543622,-0.25363951309954225,0.0,-0.16085415255112967
1785943390951761896,18.82541439496775,1.2671942962870386,2.998369622875154,-0.26335971675691977,0.0,-0.15552958450296078
1785943390985815695,18.838450356643925,1.2653143771609736,2.9905920477061496,-0.26337184668124985,0.0,-0.15552909478866656
1785943391036198672,18.851130488851542,1.2633849711151388,2.9831106522121975,-0.24987646766914215,0.0,-0.1438128586999112
1785943391104822864,18.864173486454003,1.2615786859465243,2.975647073915623,-0.24986524363039264,0.0,-0.1438117816242162
1785943391152930173,18.87661781970453,1.2597793611283592,2.968476438234295,-0.23491069687653707,0.0,-0.13848535353226607
1785943391186737051,18.888261423522014,1.2577432812632368,2.961507475909,-0.23489576140703103,0.0,-0.13848486365554052
1785943391236851154,18.89984872621672,1.2556337273471099,2.954381305998964,-0.2388417205689424,0.0,-0.14806999014999572
1785943391292088997,18.911620579329703,1.2534037905615842,2.9469536756911348,-0.238845655441401,0.0,-0.14807087049338405
1785943391355895316,18.922370446707262,1.2508758772799056,2.939482992482766,-0.2444280579538146,0.0,-0.1523320290515272
1785943391402635887,18.933451113687028,1.24826231174344,2.9318779099587364,-0.2444350207740465,0.0,-0.15233242076359355
1785943391439377881,18.946064677079583,1.2455775904226623,2.9234998866193345,-0.2498453793380558,0.0,-0.16937404539147144
1785943391488521996,18.958060567716146,1.2429190895815079,2.915170482243181,-0.24984968545036823,0.0,-0.16937554448548856
1785943391551256019,18.970670426105055,1.2403420905278255,2.9076689838797645,-0.2579550537984845,0.0,-0.14275055755980753
1785943391608787675,18.983909289648786,1.2374637230142513,2.9004674302719184,-0.2579635190635663,0.0,-0.14274799664519036
1785943391637513534,18.996133483928052,1.2344576700522276,2.893319042730025,-0.2507738551571198,0.0,-0.14594064408860422
1785943391685853715,19.00822866550223,1.2313914940161927,2.886057050401917,-0.25076494012802375,0.0,-0.14594093585487816
1785943391738312960,19.020258057050658,1.228248852235661,2.879294429875115,-0.24685387947052542,0.0,-0.12463987234624993
1785943391808667361,19.03179444611988,1.2250605358472522,2.873160352983293,-0.24685060947526902,0.0,-0.12463790376992728
1785943391850691821,19.0432301841854,1.2218253499087433,2.866108806712869,-0.2412988587201042,0.0,-0.15978320907990443
1785943391887137452,19.05483858421223,1.2185439889750642,2.8581201732540746,-0.24129193799629575,0.0,-0.15978643751009805
1785943391937881114,19.066462304227397,1.215157794648809,2.8500235670262675,-0.24293592844992168,0.0,-0.16404994419844568
1785943392003805464,19.07785944270718,1.2114022768335326,2.8414774770140814,-0.24293729561319177,0.0,-0.16405033610452355
1785943392053166258,19.08940930817304,1.2075783528038049,2.833692287094786,-0.24893701453523526,0.0,-0.13848907329159657
1785943392086879277,19.101271576358897,1.2038059879765939,2.826767874232223,-0.24894449858696713,0.0,-0.1384867237061404
1785943392136714649,19.113035937071178,1.199974855920391,2.820007356079017,-0.24625048701141017,0.0,-0.13209396481246166
1785943392188145472,19.124774401493802,1.1960641895181852,2.813370306963892,-0.24624824543786283,0.0,-0.13209337686805844
1785943392252698923,19.135258722540986,1.1917592892597748,2.806661484555406,-0.2484953932632059,0.0,-0.1235722388108163
1785943392322845700,19.146015317331354,1.1874440502998957,2.8002829425048166,-0.24849819452949284,0.0,-0.12357145606117072
1785943392326506923,19.15792878163146,1.1832122548637793,2.793996051535519,-0.24849819452949284,0.0,-0.12357145606117072
1785943392386509422,19.1695380626904,1.1790061022835812,2.7878468479864575,-0.2503914807573062,0.0,-0.12463574256876711
1785943392467612059,19.181101376307694,1.1747586309037228,2.7817346659438815,-0.24835412360722023,0.0,-0.11718048360139269
1785943392506855009,19.192613123560008,1.1704718001037726,2.77584079559472,-0.24835239699517292,0.0,-0.11717978601322793
1785943392537023416,19.204226757632185,1.1660239678249957,2.770566092977159,-0.24895080578446005,0.0,-0.09374757930916114
1785943392586254862,19.215825918842846,1.161511377286803,2.765879455816839,-0.24895140296230361,0.0,-0.09374542591535374
1785943392636558188,19.22743362367238,1.1569327155278923,2.7617261669205515,-0.2503016234588218,0.0,-0.07244189761895467
1785943392711933606,19.23950308866241,1.1516140159132506,2.7571391973962673,-0.25030330810853096,0.0,-0.07243993863010914
1785943392760034002,19.251127312826778,1.1466200997103309,2.753707376347695,-0.2492543375742726,0.0,-0.046876132526870715
1785943392799499744,19.262153022589995,1.1421151605466784,2.751467571073654,-0.2492535029665655,0.0,-0.04687388449257101
1785943392839725195,19.27367456470104,1.1373774907216354,2.7494032711080876,-0.24895262966982767,0.0,-0.03515597954148368
1785943392887635472,19.285178322912923,1.1326193464146264,2.7476453656323487,-0.24895231582924077,0.0,-0.03515485386812332
1785943392953016633,19.29639328993372,1.1277601593369206,2.746646141496018,-0.24445323509048877,0.0,0.0021236764524464116
1785943393003429883,19.307528425498187,1.1229753069472972,2.7466490143866156,-0.24444762504190096,0.0,0.0021271023673251426
1785943393036615970,19.31879141849813,1.1182803786650726,2.7471016172011535,-0.24354181059405394,0.0,0.015976419183943942
1785943393095826792,19.330266914327897,1.1135029634568707,2.747917145739624,-0.2435409066577538,0.0,0.01597769242904915
1785943393137215709,19.341250126488255,1.1089409991131702,2.748780739718805,-0.24245975820922572,0.0,0.01917417261603395
1785943393186672892,19.352451790965958,1.1042996370599292,2.749739648834464,-0.2424586794060509,0.0,0.01917446638478294
1785943393253517627,19.362512491746916,1.0995172151533459,2.7512856895595124,-0.24653987541238367,0.0,0.05219188491677351
1785943393303028379,19.373372720145497,1.094562028751012,2.7538646296109466,-0.2465432702771311,0.0,0.05219491995375517
1785943393350065536,19.384337876445382,1.0900838431313578,2.756639734855052,-0.2482270458276155,0.0,0.06284864724071818
1785943393387231194,19.395840613192597,1.0854233115525678,2.7597821259600837,-0.2482287230722667,0.0,0.06284962451627926
1785943393448405768,19.40753483538965,1.0807279242463883,2.763830336593913,-0.2557920972583651,0.0,0.0990629372306064
1785943393487444359,19.419422399589916,1.0760106969125653,2.768783398889739,-0.25579964559577245,0.0,0.09906626597775188
1785943393542314989,19.432142997694335,1.0710356904296108,2.7740745814933603,-0.2529261356211978,0.0,0.09800450761576825
1785943393602750208,19.443130346734534,1.0666481373502317,2.7782132625698126,-0.2529234705084548,0.0,0.09800441692779426
1785943393652563115,19.454840251833122,1.0621456048388378,2.7832837437239766,-0.24491453712657116,0.0,0.1150451843371699
1785943393686355881,19.46632225089619,1.057845903526524,2.789043510045183,-0.24490378464611645,0.0,0.11504687076162928
1785943393736074705,19.477614853871078,1.0536911356372203,2.7949768734557625,-0.23693858865665357,0.0,0.1225040408543387
1785943393800116841,19.489668552466007,1.049023883681049,2.800274133031078,-0.2369319667072981,0.0,0.1225047261170422
1785943393853310289,19.50174726323767,1.0446136798665069,2.806421119171354,-0.24208650436019047,0.0,0.1406115835799386
1785943393887151472,19.513174389641065,1.0406334577509175,2.813449359904751,-0.24209164833766703,0.0,0.14061324759396882
1785943393937364938,19.524713935583822,1.0367048002910757,2.821009653319899,-0.24569759263079766,0.0,0.1619162701348113
1785943393990763834,19.536381706246654,1.0328306738272983,2.829111534181732,-0.24570119415007807,0.0,0.161918229815858
1785943394052483580,19.547009716697946,1.0292105788005315,2.8372450882638955,-0.24858543552845136,0.0,0.15659485305005064
1785943394103698299,19.557937899497414,1.0255947091210862,2.8451951283932324,-0.24858831464597617,0.0,0.15659436361846304
1785943394136714012,19.569859413032905,1.0219539577597023,2.8534469345667355,-0.2503007234880061,0.0,0.17363497475986872
1785943394187403176,19.581860670780195,1.0183968510667463,2.8621302709407894,-0.250302857564765,0.0,0.17363653993238878
1785943394238178679,19.59396163718553,1.0149242045430886,2.8707052539513946,-0.2532756618745,0.0,0.16937782673240423
1785943394305873621,19.60824068740276,1.011333595592348,2.879600729520593,-0.2532786276172067,0.0,0.16937743532381355
1785943394353323178,19.622135609089334,1.007819170157215,2.8882257495131927,-0.2519608588432711,0.0,0.16618183933747452
1785943394387640731,19.63433772492462,1.004659658819158,2.8965391514539904,-0.251959761967861,0.0,0.1661815453991117
1785943394439944066,19.646621388392475,1.001587770227143,2.9049137798187203,-0.24571705526555052,0.0,0.1629860359933466
1785943394485963266,19.658425054702903,0.9987407326714589,2.9129680531395947,-0.24571093507411912,0.0,0.16298574750775463
1785943394558298251,19.674977113889874,0.996140100338861,2.922356614136863,-0.2408463599074665,0.0,0.1480745406052089
1785943394602110650,19.690612927684004,0.993412064371237,2.9306928118814306,-0.24084018666088527,0.0,0.1480731459323115
1785943394636488140,19.70242762425058,0.9908827327232614,2.9383198111703996,-0.24353551472311027,0.0,0.157657366154998
1785943394687363903,19.71435277946317,0.9884247238839362,2.9462020322068536,-0.2435377562020694,0.0,0.15765824715065724
1785943394751716259,19.73054968087451,0.9866399753182026,2.956267858266589,-0.2485811165395725,0.0,0.16830981604396067
1785943394804063819,19.746127669552664,0.984664924585997,2.9658189616517903,-0.24858615150668406,0.0,0.16831079529728546
1785943394838878958,19.758413101293375,0.9824829461618436,2.973697712525463,-0.2507505878241754,0.0,0.1470104144530721
1785943394887636979,19.770782160264847,0.9803865068184926,2.9810526194785796,-0.25075328829462684,0.0,0.14700845580019398
1785943394939285954,19.783156992372696,0.9783826110743202,2.9895734255114217,-0.2507559820930784,0.0,0.17043371057939355
1785943395004671660,19.797659166428197,0.9773076124293368,2.9999524003094042,-0.25075598878587374,0.0,0.1704380109780146
1785943395054261615,19.81146960035673,0.9760612584286467,3.008400621652754,-0.24679511225627004,0.0,0.1544662727508237
1785943395088068941,19.823699851907378,0.9744225865410661,3.016123927531066,-0.24679115976520488,0.0,0.15446480444625582
1785943395138001853,19.835512932571714,0.9729330557788128,3.023687292864987,-0.24102591928122927,0.0,0.1523332044628572
1785943395202012084,19.849095578987463,0.9724694290434581,3.0330838680509076,-0.24102016545106877,0.0,0.15233300852328313
1785943395251893730,19.862642841685354,0.9717574386050432,3.0427497246511823,-0.24461521743878453,0.0,0.16511363247896427
1785943395289870617,19.87484940202966,0.9705469597411444,3.0510293283435166,-0.24461880533656863,0.0,0.16511480727852554
1785943395337603672,19.88729523358697,0.9694165412538692,3.0594205796252525,-0.24864464894337884,0.0,0.16724612976331596
1785943395403015875,19.901240866121878,0.9696689545767494,3.070045066755217,-0.24864798827612408,0.0,0.16724632512337764
1785943395451218547,19.91530368131612,0.9695799780785632,3.079000987152889,-0.25434973388021864,0.0,0.15659583739061533
1785943395488186085,19.92799879896298,0.9687843222524091,3.0868316714506343,-0.2543568648464383,0.0,0.15659485583421215
1785943395537564417,19.940188440166978,0.9681191884545005,3.0950629251638637,-0.247522453474395,0.0,0.1619192108196054
1785943395586786934,19.952551649768015,0.96754352234662,3.1031598204538406,-0.24751563356431217,0.0,0.16191970029354213
1785943395654862915,19.962474831714285,0.9694097417032187,3.113386295317229,-0.2435479254368032,0.0,0.1565948527379809
1785943395701533563,19.972770911558456,0.9706376040535555,3.1226368956783355,-0.24354396712903845,0.0,0.15659436346238706
1785943395736115349,19.984889246016394,0.9704070598352841,3.130225479297177,-0.24281984785179778,0.0,0.1533986695330733
1785943395790166205,19.99703630680661,0.9702689763539822,3.137899762617218,-0.2428191247805385,0.0,0.15339837562370545
1785943395836960505,20.009362166901127,0.9702268507788748,-3.1366599086875566,-0.24533897129732105,0.0,0.16617890252078196
1785943395908394849,20.020430297678544,0.9724677617388551,-3.125789399486118,-0.2453414851557695,0.0,0.16618007685581243
1785943395961902741,20.03178385707961,0.9741570557146239,-3.1166784836817967,-0.24744516419219842,0.0,0.15659563679368185
1785943395989972128,20.04415245180809,0.9744652699942788,-3.1088488390916265,-0.247446914580394,0.0,0.1565947555263141
1785943396036592918,20.056730677427055,0.9748810012154704,-3.0999814916481774,-0.2502978754272229,0.0,0.17043976743349817
1785943396095391884,20.070860758021656,0.9754693085503275,-3.090351460727402,-0.2503014317555151,0.0,0.17044104007768407
1785943396151500192,20.0817715042394,0.9775298084163376,-3.08064507470785,-0.24535268614202027,0.0,0.1683121185807008
1785943396201599862,20.094372611065843,0.9791642577197733,-3.070875038916328,-0.24534834740565015,0.0,0.16831194666957458
1785943396236575487,20.107144181624808,0.9800653482517047,-3.0629855669538797,-0.25434375847673557,0.0,0.16192151413455302
1785943396287236074,20.11982441461948,0.981064153893035,-3.0548888740327094,-0.25435387468484416,0.0,0.1619208520646177
1785943396357053526,20.13146617899994,0.9828780783121274,-3.0459334192896264,-0.24968301338998342,0.0,0.16405033324580165
1785943396402256824,20.143345625340803,0.9846218103282643,-3.0372739575534196,-0.24967831242351282,0.0,0.1640505306459288
1785943396436398818,20.15523327638403,0.9858632982690225,-3.030191826575124,-0.24264970371999858,0.0,0.14913976195608467
1785943396493557564,20.167294919242394,0.9872125641229145,-3.022731861905081,-0.24264385640650418,0.0,0.14913839115961777
1785943396537138370,20.179272145284994,0.9886440760728478,-3.015036495942738,-0.24173825672555802,0.0,0.1523322253933653
1785943396601157593,20.19083262454215,0.9909230229197644,-3.006516740561631,-0.24173712718131943,0.0,0.15233251894354138
1785943396652353112,20.202710782773288,0.9931006541388252,-2.997615224688566,-0.24605699359164013,0.0,0.1629835054509231
1785943396688423241,20.214895936398452,0.9948672624921523,-2.98945985855891,-0.24606129336503452,0.0,0.16298448212092997
1785943396739036658,20.227420598917906,0.9967861346580285,-2.9813973821571143,-0.25110669591846585,0.0,0.16192038584243593
1785943396789696477,20.23986936817303,0.9987976003419592,-2.9732663857484463,-0.25111174008513665,0.0,0.16192028785898271
1785943396852233469,20.251675404563827,1.0013691822026083,-2.9640875905265984,-0.24835524119431907,0.0,0.17150581089347966
1785943396905350403,20.263633771259055,1.0039666715599638,-2.955251014692235,-0.2483529562212302,0.0,0.17150668894994148
1785943396940480625,20.276122065434787,1.006317862899665,-2.9472325711923775,-0.2521914982040193,0.0,0.16405210471506515
1785943396992167074,20.2884978889718,1.008753977890367,-2.9390279332024516,-0.25219534662778414,0.0,0.16405141646241056
1785943397051919420,20.299516034221043,1.0116898545825765,-2.931307373927689,-0.24581093847317764,0.0,0.15233496575413974
1785943397103506217,20.310819432667866,1.0146210973261538,-2.9234574750937807,-0.24580297934348935,0.0,0.15233388924982974
1785943397136514697,20.32246018343269,1.0172007053950223,-2.9162451562435656,-0.2410239480498669,0.0,0.14700747626664484
1785943397188070549,20.33421452694537,1.0198952870413323,-2.9088895719552523,-0.2410191788513487,0.0,0.14700698657188327
1785943397252185391,20.345660614092623,1.0230450232457342,-2.900542338667988,-0.2442551364456357,0.0,0.15659211189864602
1785943397308712370,20.357100568450274,1.0261868359593853,-2.8925536949328565,-0.244258365780507,0.0,0.15659299291677187
1785943397339106034,20.369186219182687,1.029258709665033,-2.8849665543473204,-0.24774353464912166,0.0,0.15339866881602682
1785943397388571057,20.381172503767512,1.0324040531429453,-2.877293832152128,-0.24774643294423962,0.0,0.15339837526512787
1785943397438038736,20.393112198515304,1.0356428375278173,-2.867870226106429,-0.2475993730471753,0.0,0.17682958979472363
1785943397502509880,20.40435579985008,1.0392576650731526,-2.8588522495586264,-0.24759918960228444,0.0,0.17683174361389042
1785943397550717640,20.41571523256558,1.0429312054439797,-2.850301440792813,-0.24822914512161426,0.0,0.17150854602857935
1785943397586667765,20.42760312418802,1.046495426258316,-2.841726647663979,-0.24822977376371302,0.0,0.1715080566429263
1785943397637689485,20.43964396073249,1.0502167172416519,-2.8333896063723034,-0.25075095609894443,0.0,0.1683123625233632
1785943397689455969,20.451784001634636,1.0540814639327327,-2.824838101373284,-0.2507534732897592,0.0,0.16831206865404888
1785943397753530746,20.462633986969717,1.0580300016314839,-2.816300571855929,-0.24805442060176433,0.0,0.17150698925871583
1785943397804956161,20.473955258709722,1.0621832154310586,-2.8076123519064224,-0.24805221174844472,0.0,0.17150727818686778
1785943397839087818,20.485345036635557,1.066130396402412,-2.8004004564928224,-0.24535077454016846,0.0,0.15446648217446574
1785943397888232029,20.496918600961003,1.0702399246487373,-2.7926682639004077,-0.24534739055166147,0.0,0.15446490916829597
1785943397953165142,20.508992582254358,1.074581683419586,-2.7843582387048875,-0.24750444475675176,0.0,0.16085374831175578
1785943398001917211,20.52092664263864,1.0789846219970454,-2.7762453215172056,-0.24750662019705516,0.0,0.1608543419237465
1785943398037018824,20.532292973209493,1.0833341348022723,-2.7679616432809926,-0.24474726801909852,0.0,0.16405013993476766
1785943398086319489,20.543686093230203,1.08780076804007,-2.7597588813420937,-0.24474497050668254,0.0,0.1640504339816544
1785943398140916189,20.555240641911915,1.0924372952005688,-2.7521161755971293,-0.2475918956314521,0.0,0.15659524452802837
1785943398203528512,20.56606019502239,1.0973049566512212,-2.744187746024306,-0.2475954462315727,0.0,0.1565945593754226
1785943398252478636,20.576886760775928,1.102205706017449,-2.736141868737049,-0.24678881082662205,0.0,0.1587240058618177
1785943398287699358,20.588229527882877,1.1070743998762282,-2.728202953918709,-0.24678800590632896,0.0,0.1587242016233523
1785943398337597580,20.59960567859387,1.1120649467080497,-2.720167973595418,-0.24750736857885414,0.0,0.15978947065999943
1785943398404494893,20.61074592140739,1.1172525059848826,-2.7120614947314463,-0.24750808656720402,0.0,0.1597895685877317
1785943398451069954,20.621895991176103,1.122508286284574,-2.704234796401238,-0.24750880158163657,0.0,0.15659446143525876
1785943398491753885,20.63315960719192,1.1277746661120462,-2.696368074437851,-0.24750880229509908,0.0,0.15659416779305388
1785943398536256005,20.644147080950198,1.1330209735913745,-2.6879395682491367,-0.24564775030915234,0.0,0.16511442317723005
1785943398587306110,20.655192140535462,1.1384061998148682,-2.6796798737583356,-0.24564620955846897,0.0,0.16511520266433738
1785943398651379895,20.666553857292108,1.1440489385080033,-2.6717492231147593,-0.2448948882820486,0.0,0.15553037500564565
1785943398702656441,20.677834653509457,1.1497050348543374,-2.663740044826582,-0.24489394694946656,0.0,0.15552949007667405
1785943398736679774,20.688687598175697,1.155328973546043,-2.6552452335593606,-0.2446229419361864,0.0,0.16511421942897103
1785943398787433453,20.699500945311335,1.1610460511175908,-2.6469890448739632,-0.2446226714398629,0.0,0.16511510078047584
1785943398852569677,20.710626209709176,1.1670447276938256,-2.638670389137132,-0.2475030478890784,0.0,0.16405092374272398
1785943398905616495,20.721880032709755,1.173214963366903,-2.630181821607017,-0.2475059225776545,0.0,0.16405082592168313
1785943398936985459,20.732536171037097,1.179193316479264,-2.622503106175865,-0.2496693813771133,0.0,0.1597904307968035
1785943398986843841,20.743386663776747,1.18539278144346,-2.6145053554266853,-0.24967148813738202,0.0,0.15979004869940866
1785943399036702158,20.75415802551275,1.1916637681729398,-2.606119743477778,-0.24940368529001766,0.0,0.1651149789881975
1785943399113614976,20.76434025915286,1.197855844974946,-2.5978489703522203,-0.24895274923379107,0.0,0.16511598220181795
1785943399151668954,20.77455539687261,1.2041360872321412,-2.5895878777423196,-0.24895237435389847,0.0,0.16511598224794605
1785943399186620354,20.78513445216888,1.210651378706216,-2.581286728243472,-0.24850212865798998,0.0,0.16724612846233297
1785943399236128291,20.7956744824675,1.217263938761953,-2.572912608057321,-0.2485015664262159,0.0,0.16724632447275675
1785943399303227563,20.806675317588255,1.224653537047995,-2.563685392115014,-0.2485015664262159,0.0,0.16724632447275675
1785943399352115989,20.816247209595232,1.2311736810055176,-2.55624297513967,-0.2489513032645733,0.0,0.15979094458422627
1785943399400466058,20.826901496842336,1.2382357854896286,-2.5479850138690314,-0.24535328468017575,0.0,0.15978966665484703
1785943399438497124,20.836729996926174,1.2448679923936294,-2.540262843792502,-0.24534864736131073,0.0,0.15978966659416435
1785943399495829637,20.846882379535394,1.2518334462375063,-2.5323498434432388,-0.2471449108481755,0.0,0.15659448147926647
1785943399570534981,20.85818106983819,1.2593520798624547,-2.524084698250392,-0.24714645518890105,0.0,0.1565941778169305
1785943399604209406,20.869913071227256,1.2673247895254776,-2.5154430602551945,-0.24714645518890105,0.0,0.1565941778169305
1785943399641886731,20.878823614097936,1.273771549228777,-2.508018901239575,-0.2453480585939939,0.0,0.16191930495361478
1785943399700172590,20.888641092432398,1.2809834986227129,-2.5000955992799754,-0.243543992808168,0.0,0.15552990800409225
1785943399750090974,20.89927650697066,1.2882701982334046,-2.4924751595058265,-0.24354199907012214,0.0,0.15552925656060923
1785943399807161493,20.90976661354052,1.295692923242702,-2.484357771292863,-0.24678073339360518,0.0,0.17256970426807158
1785943399838793763,20.91953473373513,1.3032308224850664,-2.4757297840151797,-0.2467839646489124,0.0,0.17257127013006865
1785943399888353477,20.92932313450833,1.3109200193034516,-2.467238857288821,-0.2513497203998071,0.0,0.16724749991085774
1785943399939652711,20.939146567900863,1.3187725296226172,-2.4588708854724204,-0.2513535204869156,0.0,0.16724701026009667
1785943399999604392,20.95022678874871,1.3273574826281633,-2.449824590378364,-0.2513535204869156,0.0,0.16724701026009667
1785943400051926288,20.95897060388378,1.3342419020204574,-2.4431085961913155,-0.24751572075402226,0.0,0.15766071731239784
1785943400099759699,20.968408859994465,1.34216721143708,-2.435281206553125,-0.2457997488973938,0.0,0.15552903965588855
1785943400138455301,20.97776923559538,1.3501528786471495,-2.427495818511023,-0.24579737976564509,0.0,0.15552882234225054
1785943400188345075,20.98697655939968,1.358132666238653,-2.4195331347259983,-0.23994170400161408,0.0,0.16191902027767643
1785943400253526357,20.99594810290863,1.366034070307689,-2.411465330038109,-0.2399368563358364,0.0,0.16191960501406835
1785943400317418056,21.005593289578822,1.3741976868642691,-2.403502342824914,-0.24443091914449439,0.0,0.15552976472138705
1785943400363162013,21.014877227585984,1.3822470665087823,-2.3959196244713747,-0.24443645324159732,0.0,0.15552918490545267
1785943400411629783,21.023993018658693,1.390665921493488,-2.387795803124153,-0.2482227691014443,0.0,0.1672443471085925
1785943400440416444,21.032973817525306,1.3990963198176058,-2.3794966345264923,-0.24822658104984788,0.0,0.16724543371313047
1785943400489342599,21.042036089270198,1.4077457908107334,-2.3712162576885984,-0.2514710802828672,0.0,0.1629862457232998
1785943400539959984,21.051109420953615,1.4165505407785002,-2.363022033112868,-0.2514743334680241,0.0,0.16298585238301358
1785943400605028942,21.060082614443907,1.4252082425048023,-2.3550570582245123,-0.250037280534393,0.0,0.1576601103748757
1785943400654431466,21.06907414097401,1.4340319127385848,-2.3471196950900617,-0.2500358421187847,0.0,0.15765961938685505
1785943400677315030,21.078190743151822,1.4433154974258424,-2.3389153612483113,-0.2500358421187847,0.0,0.15765961938685505
1785943400739593901,21.086229706527007,1.4516446805856322,-2.3303746566454864,-0.24499281941825637,0.0,0.1715051368289946
1785943400815682176,21.095282059628556,1.4604694308389619,-2.322105987386849,-0.24606335961045714,0.0,0.15766178466120742
1785943400851818868,21.104139560783228,1.4693005720694523,-2.314262099277028,-0.24606447949100538,0.0,0.157660456612158
1785943400889045584,21.112493070715892,1.4783857552326645,-2.3064039427177923,-0.24750591068962427,0.0,0.15659407099950565
1785943400936792303,21.12080157802028,1.4875657441758905,-2.2985703398343706,-0.2475073554003551,0.0,0.15659397255727647
1785943400989005523,21.129101245599635,1.4968816152410869,-2.2903663415399866,-0.2514696816014764,0.0,0.17150482749571874
1785943401051395470,21.13879705765367,1.506828608688655,-2.2815313479560735,-0.25147363344716916,0.0,0.17150619720566743
1785943401111588664,21.148143581526448,1.5166398164898365,-2.273262062268075,-0.24463600181349135,0.0,0.15127124735638936
1785943401136335432,21.156011790532137,1.5259346736786916,-2.2657316065530315,-0.24462920786551456,0.0,0.15126939556522428
1785943401185844041,21.163843504038745,1.535328967478226,-2.257982945254564,-0.24462241403708607,0.0,0.15872302096232382
1785943401236806431,21.171603507679155,1.5447852687112826,-2.2500457085778565,-0.24462240722688788,0.0,0.15872370912806183
1785943401301584434,21.180245619604282,1.5543549509295558,-2.2422151879385934,-0.24318207822566226,0.0,0.15765932409402478
1785943401351984243,21.188643035640887,1.563923401258778,-2.234378894964067,-0.24318064009996243,0.0,0.15765922621016298
1785943401386928731,21.196172026800724,1.573552969822889,-2.226525706831927,-0.24594074113604988,0.0,0.15659406994171113
1785943401436804744,21.203674092696176,1.583304973551572,-2.218691838390318,-0.24594303711555116,0.0,0.1565939720282922
1785943401492090686,21.21114588104707,1.593176681787212,-2.210495419448953,-0.24966615686092516,0.0,0.17150482493302105
1785943401536551748,21.21860409310652,1.6032001330245,-2.2019130744642164,-0.2496698742175234,0.0,0.17150619592408303
1785943401591700916,21.22593810688121,1.6132353629595575,-2.1938565047297676,-0.24823327574998433,0.0,0.15127126604418317
1785943401641538849,21.233190004180816,1.6233279217732208,-2.186283193342889,-0.24823184113991262,0.0,0.1512694049108358
1785943401688238938,21.24038829667416,1.6335076909762003,-2.1785296733979354,-0.24850033203206173,0.0,0.15765795991180492
1785943401752351700,21.247901964009326,1.6440087652970399,-2.1702169055770675,-0.2485006651338832,0.0,0.15765854405663374
1785943401801716303,21.25525926453684,1.6543285953038096,-2.1620326636586245,-0.24210962374460793,0.0,0.1608543454045551
1785943401836303754,21.26200870985633,1.6643821737794569,-2.153987224020294,-0.2421032181050391,0.0,0.16085464049805528
1785943401887817492,21.268702762306763,1.6745286942903488,-2.145763307179795,-0.24443811210471908,0.0,0.16831040348903958
1785943401938139346,21.27537672979792,1.684828048594182,-2.137312878686549,-0.24444005492699944,0.0,0.1683110890468181
1785943402005695596,21.284929661804515,1.6963183792088798,-2.129318742178523,-0.25029038864266046,0.0,0.16618164277641512
1785943402052051768,21.293933755735676,1.7078123812985107,-2.1211859002984466,-0.2502976836970868,0.0,0.16618144710952312
1785943402086984831,21.300459667429717,1.718447115990542,-2.1129326206764216,-0.24895468304680904,0.0,0.1640511196204395
1785943402136894030,21.30688365347335,1.7291122148326001,-2.1047282703921533,-0.24895334352740398,0.0,0.16405092386953693
1785943402175307990,21.313271806307363,1.7399174141853424,-2.0964567594869945,-0.24895334352740398,0.0,0.16405092386953693
1785943402251750807,21.320209790968395,1.750873950639967,-2.0885697077511107,-0.24967217510026446,0.0,0.16085551809713602
1785943402317897212,21.326989319366582,1.7618863528338282,-2.0803993943216614,-0.2457127242609951,0.0,0.16405014000990747
1785943402338421264,21.332932472842565,1.7725212016320355,-2.0722653145527796,-0.2457087675231432,0.0,0.1640504340192237
1785943402388216539,21.33884836034056,1.7833124532748705,-2.0640018454626263,-0.2460648849407127,0.0,0.1661808568259462
1785943402439490397,21.344674121449458,1.7941508222558595,-2.0556917105136985,-0.24606524296330856,0.0,0.1661810540980393
1785943402502128353,21.350742060730802,1.805003832642723,-2.0473417566029277,-0.24564536591626884,0.0,0.15659563786560596
1785943402550740800,21.356729116357904,1.8158452293164284,-2.0393490208449094,-0.24564501637662217,0.0,0.15659475606236647
1785943402588101185,21.36237139079735,1.826992740452056,-2.0313088190044164,-0.24759420150523279,0.0,0.1608541635414862
1785943402637227763,21.367801449655012,1.8379385140525029,-2.023370831312199,-0.24759659878752716,0.0,0.16085454955878492
1785943402686431304,21.373193958419385,1.8490288686109349,-2.015334633848412,-0.24606869322986308,0.0,0.1608549355740961
1785943402754547639,21.37744664201166,1.8590512831947608,-2.0071189787454924,-0.24606714754332576,0.0,0.16085493561007327
1785943402803543684,21.381948298585215,1.8694685808493585,-1.9988378797391786,-0.24318480339661547,0.0,0.15872477874170018
1785943402838909435,21.386863649487214,1.8802418884597578,-1.9911088041832377,-0.24318200248239422,0.0,0.15872458809835527
1785943402878320423,21.392188580104115,1.8921558870802964,-1.982591191849325,-0.24318200248239422,0.0,0.15872458809835527
1785943402952257740,21.396549108722112,1.9030696482163685,-1.9734876378258372,-0.25362253962951953,0.0,0.17683072794130084
1785943403016850872,21.40120648921482,1.914612876886163,-1.9647486308551465,-0.25076112744770446,0.0,0.15872796556131694
1785943403036569935,21.40599910079856,1.9261423755250104,-1.9568452391136377,-0.2507585674895316,0.0,0.1587261816668917
1785943403086857836,21.410636725087027,1.9375526386534438,-1.9490979997853584,-0.24211415304152395,0.0,0.15126892077599308
1785943403139647429,21.415112883172828,1.948814981896875,-1.941525734201393,-0.24210548502718743,0.0,0.15126823216913704
1785943403202079618,21.418976445273113,1.9595051459975645,-1.9337177004232806,-0.23777584735617646,0.0,0.15872302759010185
1785943403261212773,21.42281406654006,1.9702057105869903,-1.9257422820213443,-0.23777152882088212,0.0,0.15872371244257114
1785943403291453023,21.426351965995238,1.9797511510379773,-1.918286594134179,-0.2022838845607072,0.0,0.14807566222123952
1785943403336634048,21.42976815726097,1.989183400054644,-1.9109346783230226,-0.20216633478472776,0.0,0.14807370696896816
1785943403396478941,21.429869599552234,1.9895067933960464,-1.9070162775796837,-0.07205895721760855,0.0,0.10120873423551338
1785943403453396975,21.430235870973142,1.992458841379724,-1.9016379922275113,-0.0719292081438158,0.0,0.10120442684415175
1785943403502249271,21.42939420411455,1.9914837590931302,-1.903199884022599,0.012834702604781131,0.0,-0.03513704354439644
1785943403538409195,21.42918376253658,1.9908741602894309,-1.9049533691486953,0.012881658607800023,0.0,-0.03514538525103482
1785943403589745871,21.428644427133563,1.9893206517513002,-1.905592521075361,0.0,0.0,0.0
1785943403638031970,21.42810319868929,1.9877649116462808,-1.9062320883693908,0.0,0.0,0.0
1785943403702921466,21.42787493597029,1.9871917811317523,-1.9064872880794876,0.0,0.0,0.0
1785943403752288117,21.427527648434285,1.986167319952764,-1.9068719183660694,0.0,0.0,0.0
1785943403788147454,21.427522976633774,1.986153947562867,-1.906871452537152,0.0,0.0,0.0
1785943403839000656,21.427518018972872,1.9861397556215308,-1.9068714525066757,0.0,0.0,0.0
1785943403888547570,21.42751801053139,1.9861397314664684,-1.9068714525067028,0.0,0.0,0.0
1785943403965324351,21.425915297576953,1.9848734313545304,-1.906620911192692,0.0,0.0,0.0
1785943404006364615,21.424588495648322,1.983831413718702,-1.9064767856015166,0.0,0.0,0.0
1785943404036935822,21.42458849565571,1.9838314137398356,-1.9064767856015163,0.0,0.0,0.0
1785943404089297047,21.424588495661315,1.9838314137559119,-1.9064767856015163,0.0,0.0,0.0
1785943404153066533,21.424504159108146,1.9840208790583058,-1.906458999057757,0.0,0.0,0.0
1785943404206630107,21.42446788686365,1.9843420225163984,-1.9064453501213008,0.0,0.0,0.0
1785943404238140036,21.424502479083948,1.9844411835340774,-1.9064453501213008,0.0,0.0,0.0
1785943404287261910,21.424485164443887,1.98439154991185,-1.9064453501213008,0.0,0.0,0.0
1785943404340110418,21.42448514715619,1.9843915003554653,-1.9064453501213008,0.0,0.0,0.0
1785943404403344012,21.424738723333352,1.9844105826332008,-1.9065636296099837,0.0,0.0,0.0
1785943404455511950,21.424959356612774,1.9844187477673287,-1.9066411173025921,0.0,0.0,0.0
1785943404496630073,21.4249593566128,1.9844187477673954,-1.9066411173025921,0.0,0.0,0.0
1785943404537573790,21.4249593566128,1.9844187477673945,-1.9066411173025921,0.0,0.0,0.0
1785943404601796637,21.42477777848769,1.9839215387313225,-1.9066963519506015,0.0,0.0,0.0
1785943404656303765,21.424637104483075,1.9834990167597109,-1.9067308385541635,0.0,0.0,0.0
1785943404687348429,21.424637104483075,1.9834990167597109,-1.9067308385541635,0.0,0.0,0.0
1785943404736719208,21.424637104483075,1.9834990167597109,-1.9067308385541635,0.0,0.0,0.0
1785943404788612481,21.424637104483075,1.9834990167597109,-1.9067308385541635,0.0,0.0,0.0
1785943404851607794,21.425677629178857,1.98473756912324,-1.9067048089939898,0.0,0.0,0.0
1785943404902374561,21.426563817242908,1.9857437250480734,-1.9066939809076713,0.0,0.0,0.0
1785943404936699986,21.426563817242908,1.9857437250480734,-1.9066939809076713,0.0,0.0,0.0
1785943404990045663,21.426563817242908,1.9857437250480734,-1.9066939809076713,0.0,0.0,0.0
1785943405054318304,21.427312920522525,1.9866561696574023,-1.906680557634186,0.0,0.0,0.0
1785943405104179917,21.427961219989143,1.9874137518576067,-1.906674130420985,0.0,0.0,0.0
1785943405137248880,21.427961219989143,1.9874137518576067,-1.906674130420985,0.0,0.0,0.0
1785943405187637233,21.427961219989143,1.9874137518576067,-1.906674130420985,0.0,0.0,0.0
1785943405236841990,21.427961219989143,1.9874137518576067,-1.906674130420985,0.0,0.0,0.0
1785943405305106169,21.4279802164776,1.9870834598363343,-1.9083285211362222,0.0,0.0,0.0
1785943405352744981,21.427956579168715,1.986821071401358,-1.9093525404546965,0.0,0.0,0.0
1785943405387072422,21.427956579168715,1.986821071401358,-1.9093525404546965,0.0,0.0,0.0
1785943405436001585,21.427956579168715,1.986821071401358,-1.9093525404546965,0.0,0.0,0.0
1785943405490656623,21.427956579168715,1.986821071401358,-1.9093525404546965,0.0,0.0,0.0
1785943405552469780,21.427530154809713,1.985609745072247,-1.9122823490849414,0.0,0.0,0.0
1785943405604767996,21.427146410415517,1.9846237958372095,-1.9138389723710147,0.0,0.0,0.0
1785943405639873385,21.427146410415517,1.9846237958372095,-1.9138389723710147,0.0,0.0,0.0
1785943405687965717,21.427146410415517,1.9846237958372095,-1.9138389723710147,0.0,0.0,0.0
1785943405752131346,21.42691183788234,1.9835751618488102,-1.914822777096027,0.0,0.0,0.0
1785943405803861220,21.42674666665723,1.9827218573528729,-1.9152974442655029,0.0,0.0,0.0
1785943405838366876,21.42674666665723,1.9827218573528729,-1.9152974442655029,0.0,0.0,0.0
1785943405888180615,21.42674666665723,1.9827218573528729,-1.9152974442655029,0.0,0.0,0.0
1785943405937018703,21.42674666665723,1.9827218573528729,-1.9152974442655029,0.0,0.0,0.0
1785943406001134185,21.427005884743465,1.9833827300214915,-1.9156444319373227,0.0,0.0,0.0
1785943406052080191,21.427342827352152,1.9842318820057108,-1.9158570924214868,0.0,0.0,0.0
1785943406089703049,21.427787271576,1.9854683662844301,-1.9159369956906007,0.0,0.0,0.0
1785943406138290184,21.428030744508003,1.9861455613031453,-1.916096182849481,0.0,0.0,0.0
1785943406190704051,21.428170324100552,1.9865335931313888,-1.9161792566135447,0.0,0.0,0.0
1785943406251395695,21.42817487462144,1.9862216331238314,-1.9163331162420871,0.0,0.0,0.0
1785943406308927703,21.428174134133844,1.9859004180277096,-1.916423978639806,0.0,0.0,0.0
1785943406336646357,21.42817412011758,1.9859003790443222,-1.916423978639212,0.0,0.0,0.0
1785943406397993322,21.42817408435876,1.9859002797366525,-1.9164239786377202,0.0,0.0,0.0
1785943406454461130,21.427878774105988,1.9848430752570658,-1.916561344710775,0.0,0.0,0.0
1785943406503305746,21.427655158965923,1.9839779775431092,-1.9166354900094218,0.0,0.0,0.0
1785943406537106992,21.427655158965923,1.983977977543109,-1.9166354900094218,0.0,0.0,0.0
1785943406586149471,21.42765515896594,1.9839779775431592,-1.9166354900094218,0.0,0.0,0.0
1785943406656620804,21.42748571075418,1.98344267475207,-1.916721684960456,0.0,0.0,0.0
1785943406702109264,21.427356016458656,1.9830151225988089,-1.9167635417766908,0.0,0.0,0.0
1785943406737995354,21.427356016458656,1.9830151225988089,-1.9167635417766908,0.0,0.0,0.0
1785943406793571258,21.427356016458656,1.9830151225988089,-1.9167635417766908,0.0,0.0,0.0
1785943406847670916,21.427356016458656,1.9830151225988089,-1.9167635417766908,0.0,0.0,0.0
1785943406892555674,21.427356016458656,1.9830151225988089,-1.9167635417766908,0.0,0.0,0.0
1785943406968331330,21.427389620386954,1.9827004305884837,-1.9168645900628312,0.0,0.0,0.0
1785943407003799741,21.427437798915253,1.9824372888152062,-1.9169243372235436,0.0,0.0,0.0
1785943407039251896,21.427437798915253,1.9824372888152062,-1.9169243372235436,0.0,0.0,0.0
1785943407089837216,21.427437798915253,1.9824372888152062,-1.9169243372235436,0.0,0.0,0.0
1785943407139507014,21.427437798915253,1.9824372888152062,-1.9169243372235436,0.0,0.0,0.0
1785943407185915796,21.427437798915253,1.9824372888152062,-1.9169243372235436,0.0,0.0,0.0
1785943407253457581,21.42732980506248,1.98185764032927,-1.916950603400217,0.0,0.0,0.0
1785943407302036171,21.427258541737753,1.981385905395586,-1.9169664613519855,0.0,0.0,0.0
1785943407339435725,21.427258541737753,1.981385905395586,-1.9169664613519855,0.0,0.0,0.0
1785943407387042727,21.427258541737753,1.981385905395586,-1.9169664613519855,0.0,0.0,0.0
1785943407437219008,21.427258541737753,1.981385905395586,-1.9169664613519855,0.0,0.0,0.0
1785943407504189540,21.427732771988932,1.9817249384719433,-1.9170603986249068,0.0,0.0,0.0
1785943407552761762,21.428161938760105,1.9819683326522697,-1.917110498080424,0.0,0.0,0.0
1785943407586974895,21.428161938760105,1.9819683326522697,-1.917110498080424,0.0,0.0,0.0
1785943407640195576,21.428161938760105,1.9819683326522697,-1.917110498080424,0.0,0.0,0.0
1785943407704304370,21.428067254093836,1.9816204748303734,-1.9170255344378824,0.0,0.0,0.0
1785943407756961767,21.427999427996856,1.981348495380194,-1.9169872206162795,0.0,0.0,0.0
1785943407788141860,21.427999427996856,1.981348495380194,-1.9169872206162795,0.0,0.0,0.0
1785943407836809637,21.427999427996856,1.981348495380194,-1.9169872206162795,0.0,0.0,0.0
1785943407891838449,21.427999427996856,1.981348495380194,-1.9169872206162795,0.0,0.0,0.0
1785943407955378806,21.42740610059971,1.979717046462812,-1.9169797724008595,0.0,0.0,0.0
1785943408008350774,21.426941934879743,1.978442730545056,-1.916976210762029,0.0,0.0,0.0
1785943408039305515,21.426941934879743,1.978442730545056,-1.916976210762029,0.0,0.0,0.0
1785943408088367515,21.426941934879743,1.978442730545056,-1.916976210762029,0.0,0.0,0.0
1785943408158473298,21.42620077200489,1.9759653529549002,-1.916978040746052,0.0,0.0,0.0
1785943408202351843,21.425621798582483,1.9739482145321754,-1.9169817935589584,0.0,0.0,0.0
1785943408238498583,21.425621798582483,1.9739482145321754,-1.9169817935589584,0.0,0.0,0.0
1785943408290621656,21.425621798582483,1.9739482145321754,-1.9169817935589584,0.0,0.0,0.0
1785943408338475835,21.425621798582483,1.9739482145321754,-1.9169817935589584,0.0,0.0,0.0
1785943408404268244,21.425091997795512,1.9722501592143356,-1.9169609165216068,0.0,0.0,0.0
1785943408454387499,21.424667054669957,1.9708484098320151,-1.916949428520532,0.0,0.0,0.0
1785943408488291884,21.424667054669957,1.9708484098320151,-1.916949428520532,0.0,0.0,0.0
1785943408536528637,21.424667054669957,1.9708484098320151,-1.916949428520532,0.0,0.0,0.0
1785943408589413690,21.424667054669957,1.9708484098320151,-1.916949428520532,0.0,0.0,0.0
1785943408659384557,21.4241724463825,1.9692916000575875,-1.9168202664250853,0.0,0.0,0.0
1785943408702113907,21.423791288349683,1.9680537544677645,-1.9167614700878997,0.0,0.0,0.0
1785943408740928905,21.423791288349683,1.9680537544677645,-1.9167614700878997,0.0,0.0,0.0
1785943408788047698,21.423791288349683,1.9680537544677645,-1.9167614700878997,0.0,0.0,0.0
1785943408852838597,21.42346163613386,1.9671619129172786,-1.9166990899403786,0.0,0.0,0.0
1785943408901486822,21.423190647722937,1.9664321154520619,-1.916661349010502,0.0,0.0,0.0
1785943408944248174,21.423190647722937,1.9664321154520619,-1.916661349010502,0.0,0.0,0.0
1785943408988742517,21.423190647722937,1.9664321154520619,-1.916661349010502,0.0,0.0,0.0
1785943409038138993,21.423190647722937,1.9664321154520619,-1.916661349010502,0.0,0.0,0.0
1785943409102651899,21.422953538507077,1.9658435947817183,-1.9166211543658365,0.0,0.0,0.0
1785943409158360352,21.422754328231946,1.965358487524944,-1.9165964589888702,0.0,0.0,0.0
1785943409187695161,21.422754328231946,1.965358487524944,-1.9165964589888702,0.0,0.0,0.0
1785943409241356978,21.422754328231946,1.965358487524944,-1.9165964589888702,0.0,0.0,0.0
1785943409289680999,21.422754328231946,1.965358487524944,-1.9165964589888702,0.0,0.0,0.0
1785943409352956706,21.422459564234945,1.9644833668788504,-1.916647910197395,0.0,0.0,0.0
1785943409402928404,21.422219950983347,1.963762517368625,-1.9166774124944181,0.0,0.0,0.0
1785943409437801273,21.422219950983347,1.963762517368625,-1.9166774124944181,0.0,0.0,0.0
1785943409487084721,21.422219950983347,1.963762517368625,-1.9166774124944181,0.0,0.0,0.0
1785943409538541401,21.422219950983347,1.963762517368625,-1.9166774124944181,0.0,0.0,0.0
1785943409600696971,21.421966307532998,1.9628635315727867,-1.9167009161247042,0.0,0.0,0.0
1785943409651074924,21.4217651428443,1.9621145018879564,-1.9167160998344712,0.0,0.0,0.0
1785943409687415559,21.4217651428443,1.9621145018879564,-1.9167160998344712,0.0,0.0,0.0
1785943409737490844,21.4217651428443,1.9621145018879564,-1.9167160998344712,0.0,0.0,0.0
1785943409800921086,21.421412419708385,1.9611416054617572,-1.9166723621182105,0.0,0.0,0.0
1785943409853877213,21.421121355270984,1.9603395324938477,-1.916647810974065,0.0,0.0,0.0
1785943409888728513,21.421121355270984,1.9603395324938477,-1.916647810974065,0.0,0.0,0.0
1785943409936626022,21.421121355270984,1.9603395324938477,-1.916647810974065,0.0,0.0,0.0
1785943409991292261,21.421121355270984,1.9603395324938477,-1.916647810974065,0.0,0.0,0.0
1785943410054759687,21.420914663482684,1.9597441433065712,-1.916671414534844,0.0,0.0,0.0
1785943410101728906,21.420745557003823,1.9592534410244828,-1.9166848080273586,0.0,0.0,0.0
1785943410137372364,21.420745557003823,1.9592534410244828,-1.9166848080273586,0.0,0.0,0.0
1785943410187528836,21.420745557003823,1.9592534410244828,-1.9166848080273586,0.0,0.0,0.0
1785943410252463229,21.420557349333038,1.9586586760952287,-1.9166738241085404,0.0,0.0,0.0
1785943410301526861,21.42040250811214,1.9581579687436683,-1.9166672107821006,0.0,0.0,0.0
1785943410336685468,21.42040250811214,1.9581579687436683,-1.9166672107821006,0.0,0.0,0.0
1785943410386703631,21.42040250811214,1.9581579687436683,-1.9166672107821006,0.0,0.0,0.0
1785943410437720519,21.42040250811214,1.9581579687436683,-1.9166672107821006,0.0,0.0,0.0
1785943410499743637,21.420340082590993,1.957767547474485,-1.9166937366330272,0.0,0.0,0.0
1785943410554958983,21.420298332666977,1.9574389817119802,-1.9167104688561998,0.0,0.0,0.0
1785943410596612326,21.420298332666977,1.9574389817119802,-1.9167104688561998,0.0,0.0,0.0
1785943410640858757,21.420298332666977,1.9574389817119802,-1.9167104688561998,0.0,0.0,0.0
1785943410707274868,21.42017746757969,1.957106513226047,-1.9166951445376816,0.0,0.0,0.0
1785943410753855753,21.420075062901102,1.956825170257882,-1.9166852085911121,0.0,0.0,0.0
1785943410786425593,21.420075062901102,1.956825170257882,-1.9166852085911121,0.0,0.0,0.0
1785943410838328881,21.420075062901102,1.956825170257882,-1.9166852085911121,0.0,0.0,0.0
1785943410889649909,21.420075062901102,1.956825170257882,-1.9166852085911121,0.0,0.0,0.0
1785943410954486954,21.419902324626168,1.9563460866602467,-1.916702665513189,0.0,0.0,0.0
1785943411005452192,21.419758178404873,1.9559462883394838,-1.9167126482831256,0.0,0.0,0.0
1785943411037255316,21.419758178404873,1.9559462883394838,-1.9167126482831256,0.0,0.0,0.0
1785943411086570605,21.419758178404873,1.9559462883394838,-1.9167126482831256,0.0,0.0,0.0
1785943411154955365,21.419766822844963,1.9558100833231034,-1.9167261271606317,0.0,0.0,0.0
1785943411201796803,21.419781336641396,1.955693300970305,-1.915936290510266,0.0,0.0,0.0
1785943411236923377,21.419781336641396,1.955693300970305,-1.9154037658688103,0.0,0.0,0.0
1785943411286581047,21.419781336641396,1.955693300970305,-1.9156700107865292,0.0,0.0,0.0
1785943411354653188,21.419781336641396,1.955693300970305,-1.9156700598003147,0.0,0.0,0.0
1785943411406677665,21.419726454709696,1.955635513622286,-1.9156300523568555,0.0,0.0,0.0
1785943411454124021,21.419676106270305,1.9555884820032796,-1.9156052850698095,0.0,0.0,0.0
1785943411487305052,21.419676106270305,1.9555884820032796,-1.915605285069809,0.0,0.0,0.0
1785943411536950689,21.419676106270305,1.9555884820032796,-1.9161646100464587,4.127419478461655e-72,0.0,-0.022366441179788272
1785943411591509532,21.419676106270305,1.9555884820032796,-1.9172871790501036,2.065768441676472e-72,0.0,-0.022368496723032948
1785943411651356601,21.419679365311683,1.9556418012692924,-1.9177922551403568,0.0,0.0,0.0
1785943411717206836,21.419683937908257,1.9556978853443412,-1.9177656351074088,0.0,0.0,0.0
1785943411735926533,21.419689665121613,1.955713723974933,-1.917765676855402,0.0,0.0,0.0
1785943411786507981,21.4196958060027,1.9557307066030019,-1.917765676859855,0.0,0.0,0.0
1785943411850874289,21.41971181866924,1.9557090493835319,-1.9180898882528867,0.0,0.0,0.0
1785943411901511259,21.419715021132877,1.955653239319498,-1.9187328520231357,0.0,0.0,0.0
1785943411939653209,21.41917210394504,1.9541563187636526,-1.9195318589099748,0.0,0.0,0.0
1785943411987512476,21.41810532778508,1.9512223568238862,-1.920491346546683,0.0,0.0,0.0
1785943412037210852,21.416708654072533,1.947392519819314,-1.9225425375550644,0.10058683683559994,0.0,-0.06284257547157523
1785943412104325997,21.4149159216551,1.9425566581369178,-1.9256976836446664,0.10062497958901814,0.0,-0.06284658835256722
1785943412152807911,21.412497738627952,1.9360784185324604,-1.9297898796467234,0.17267918218865216,0.0,-0.1011930659593771
1785943412186642758,21.409455238796834,1.9279705637040272,-1.934861833573541,0.17275111753065445,0.0,-0.10119659198589777
1785943412238482588,21.40621072358449,1.9194559038452055,-1.9403150266764064,0.1920938210061169,0.0,-0.11717615314991253
1785943412301106272,21.40267781990897,1.9102575980971779,-1.9462169640414952,0.1921098951110418,0.0,-0.11717762058743898
1785943412352039605,21.398680111395407,1.9000373780575848,-1.953112155949594,0.23846312564349148,0.0,-0.15765168115917083
1785943412387752089,21.39420115886539,1.888898465565329,-1.9610466947365863,0.2385209911333712,0.0,-0.15765540439119977
1785943412436402362,21.38917597577975,1.8766819451684953,-1.969439499177572,0.2924588654753617,0.0,-0.18002557682814443
1785943412486833084,21.38349664438101,1.863198062229997,-1.978443891364205,0.29250372611095043,0.0,-0.18002763335782218
1785943412552362347,21.377594796636764,1.849443660491341,-1.9876525166744217,0.3008904377738053,0.0,-0.18961530509441335
1785943412604694451,21.37148755007502,1.835570479268064,-1.9971163738390538,0.30089880783232426,0.0,-0.1896161862539432
1785943412638471664,21.365415352932366,1.8222007621434173,-2.00611928805459,0.28642114815972175,0.0,-0.1704458366145053
1785943412687586882,21.35937619184048,1.8092155446320903,-2.0146421434924213,0.2864030964919512,0.0,-0.17044407494708486
1785943412737032672,21.35345400341471,1.7967606061865913,-2.022926489152892,0.26522324348967213,0.0,-0.1608566978057957
1785943412801113529,21.347665958864773,1.7847559091384069,-2.0309745272974973,0.2652056357015424,0.0,-0.1608558168068902
1785943412852525504,21.341668981158097,1.772573874211318,-2.0389632673559768,0.275985066461881,0.0,-0.15872478927338418
1785943412888577104,21.335441595713956,1.7602585557083181,-2.046899494980446,0.2759985144184901,0.0,-0.15872459336514544
1785943412936899589,21.329076472764136,1.7479150976265232,-2.0552388818250398,0.27925269565471755,0.0,-0.17470042367884292
1785943413003546653,21.32243956857239,1.7350212603044701,-2.063251276161424,0.2792559410592626,0.0,-0.17470189150648888
1785943413056151599,21.31556001486564,1.7220764381213434,-2.071687263591964,0.2886212660747221,0.0,-0.17896363699722953
1785943413088210508,21.30862559323111,1.7094098959680972,-2.0806408788384436,0.28863061992338923,0.0,-0.17896402903908143
1785943413137270300,21.301577160437397,1.6968043813500757,-2.089848110852108,0.2895404792585375,0.0,-0.18961510884430516
1785943413202011630,21.294353469116725,1.6841601532103248,-2.099384695426379,0.28954123626488687,0.0,-0.18961608811983566
1785943413253154154,21.28689201279725,1.67143316610146,-2.108547446591444,0.29584027094264415,0.0,-0.18322665696115928
1785943413303589197,21.279195356355604,1.6586063755764369,-2.1176489253186985,0.2958481251621875,0.0,-0.18322606988565407
1785943413342072823,21.27143131621887,1.645852996942424,-2.1272360209172723,0.2979571733618433,0.0,-0.1981364651081883
1785943413394316220,21.263580524199337,1.6332311616263957,-2.13712050410516,0.2979589171555368,0.0,-0.19813782776646374
1785943413438474007,21.255565167304226,1.6206243220230128,-2.1468254683997774,0.30215944677673945,0.0,-0.1917487733067588
1785943413516104836,21.246713566591033,1.6073780156325363,-2.1576132755010473,0.30216472096823344,0.0,-0.19174818215781442
1785943413564136974,21.23923199308805,1.5964058036376003,-2.166781514967643,0.30727289812217773,0.0,-0.2034633705009127
1785943413610336404,21.228465534967267,1.5805321349404793,-2.179481864936799,0.30727711069814967,0.0,-0.20346443837032877
1785943413643221968,21.2205096240493,1.5691170005318682,-2.188052585462001,0.32918251653047237,0.0,-0.19600984177671993
1785943413686400263,21.212038628083924,1.557182226732147,-2.1967660991931988,0.3292062340872372,0.0,-0.1960092471601205
1785943413750647335,21.202565518452896,1.544445391561198,-2.2069485549174135,0.3279699611307614,0.0,-0.20452902557152375
1785943413801094474,21.192945626307754,1.531687163265277,-2.217319103432828,0.3279685834341029,0.0,-0.204529900469423
1785943413850692013,21.182887890440412,1.5183609253409371,-2.227611333170617,0.33048785841054035,0.0,-0.20133556042662748
1785943413891420362,21.17279874837746,1.5052753750234025,-2.2376773653183473,0.33049032999540706,0.0,-0.20133527179461005
1785943413936599115,21.162993611424554,1.4928195328055764,-2.2477841893682236,0.3150098647159548,0.0,-0.20985549754457253
1785943413987709894,21.153126379713886,1.480542153922011,-2.2582781964760885,0.3149941467795219,0.0,-0.20985629435158237
1785943414051244620,21.142384530700504,1.4680885019582572,-2.2698100001649313,0.3174989949181277,0.0,-0.20346668145402377
1785943414100434336,21.13170919450441,1.455660975432466,-2.2807071472711726,0.3175014952925399,0.0,-0.20346609399824736
1785943414139610660,21.121325226970892,1.4435777902722027,-2.2909087906378933,0.3196644857978102,0.0,-0.20453057991857237
1785943414189833151,21.110759866417602,1.4315342932608548,-2.301159397572627,0.3196666435438477,0.0,-0.20453067772381278
1785943414254262149,21.098008251786027,1.4200453755711806,-2.3149139541379062,0.3279506506439905,0.0,-0.2013355705714698
1785943414302507959,21.085712358942775,1.4080982421207804,-2.3270697739424753,0.3279589183939378,0.0,-0.2013352768679494
1785943414337427773,21.07458245899261,1.3963003959801272,-2.3369865682070987,0.3236462228658038,0.0,-0.19707470502052474
1785943414386869115,21.063316247450995,1.3845928533876388,-2.346880406645079,0.3236419180907842,0.0,-0.19707431332689643
1785943414443462113,21.05185073169426,1.3729117324426106,-2.3572809432505535,0.3337198636178618,0.0,-0.22050542922200533
1785943414510957752,21.037370291542643,1.3595303068764881,-2.3712760040859044,0.333729922717054,0.0,-0.22050758327797215
1785943414552570805,21.02318265857227,1.3459084461488644,-2.384227160290709,0.3580534995901943,0.0,-0.23222548376920377
1785943414590620783,21.01016778144463,1.3336035278125542,-2.395842822393324,0.3580737338535101,0.0,-0.23222656096748764
1785943414637515215,20.996696290540385,1.3211600410753535,-2.407931646711086,0.3755578652634917,0.0,-0.25139888357486057
1785943414687682376,20.98274240479873,1.3085801569608906,-2.4205071741920254,0.3755753141978484,0.0,-0.25140064556778197
1785943414740045746,20.968666885911432,1.2962079132819306,-2.432782179531162,0.3741524388089779,0.0,-0.23968664544582344
1785943414791002599,20.954461156114448,1.2840270334405537,-2.4447699484339305,0.3741510191678835,0.0,-0.2396855689966526
1785943414836506484,20.940061687878625,1.2719765217567223,-2.4564740778656993,0.37775039930177545,0.0,-0.22903380598567621
1785943414888342154,20.925422753363375,1.2600141326437915,-2.4679360991565975,0.37775399454099634,0.0,-0.2290328260466179
1785943414950510397,20.909059041125232,1.2468419935993207,-2.4811528499125357,0.3644412216687043,0.0,-0.23861747743985495
1785943415006124606,20.893372904242444,1.234168638459616,-2.4939235736518413,0.36442463218468313,0.0,-0.23861835770817436
1785943415037798478,20.878540925308926,1.2229477292626871,-2.5060145633848556,0.37941638401245964,0.0,-0.2450096483201579
1785943415087411602,20.863276659704052,1.21168738060306,-2.518262804892335,0.3794288470518835,0.0,-0.2450102356118073
1785943415157396261,20.846159075841282,1.1994397185658383,-2.531636227276489,0.3853226148809593,0.0,-0.2354252094272406
1785943415207843496,20.828158623385935,1.1866014344944933,-2.5450060570813804,0.385328502714078,0.0,-0.2354243276455475
1785943415236543689,20.81354478268322,1.1766766475824215,-2.5560406296464424,0.3739073928854538,0.0,-0.23755357936081797
1785943415288097301,20.797961065262996,1.166342579986386,-2.5679211938711552,0.3738932143386006,0.0,-0.23755377417538887
1785943415337298570,20.78217619698161,1.1561430166834654,-2.5800095601326962,0.37630957992118796,0.0,-0.24500945535078444
1785943415401863861,20.76471764976174,1.144405368836832,-2.5931543237561376,0.37631198539663463,0.0,-0.24501013911837666
1785943415451268850,20.747512492539865,1.1330454060241992,-2.6057340166063163,0.377754702765861,0.0,-0.23862041525209185
1785943415487302050,20.731209101359568,1.1233642214308652,-2.617711310776283,0.37775614544341873,0.0,-0.23861982674935228
1785943415537260851,20.714737960159265,1.113848384833722,-2.629541072494321,0.381976101223442,0.0,-0.23755435775334777
1785943415602533752,20.697811416081827,1.1036865266454448,-2.641308816818881,0.38198652315954224,0.0,-0.2375541634249294
1785943415651034035,20.680239793701986,1.0935556058393938,-2.6531971535721195,0.39072887172725274,0.0,-0.2386190415889306
1785943415688609308,20.662911351426917,1.0843484917342978,-2.665180055527968,0.3907376284539428,0.0,-0.23861913985449607
1785943415736475520,20.645620717741977,1.0754260744422162,-2.67714151245223,0.39074637936836,0.0,-0.23968429732840044
1785943415795019469,20.62815104872379,1.0666736862770136,-2.6891271013734235,0.39074638806553463,0.0,-0.23968439483008666
1785943415854173329,20.60921089086007,1.0577903887177276,-2.7023688072660104,0.3993882628794656,0.0,-0.24394476745588117
1785943415903655984,20.590611582809842,1.0491014822676,-2.715111441469983,0.39939692207470073,0.0,-0.24394516064105629
1785943415936424168,20.57100088199898,1.0401947204657713,-2.7288260590238176,0.42029719765499296,0.0,-0.2641818566603958
1785943415988892149,20.55166361482616,1.0317264381444737,-2.742093959739008,0.4203145841817153,0.0,-0.26418371697466597
1785943416037198953,20.531306951321394,1.0231248832442927,-2.7550834756134686,0.43607779098835037,0.0,-0.2620554289873937
1785943416104991595,20.510385596869117,1.0137123240202974,-2.768460615792649,0.43609736786437575,0.0,-0.2620552342144348
1785943416151391705,20.489644679546924,1.0047705027165132,-2.7833054382874924,0.43476666706142153,0.0,-0.28335639938968066
1785943416189937381,20.469282446202303,0.9971458983660574,-2.797476610259831,0.43476533376454746,0.0,-0.2833583656386224
1785943416236926153,20.449398669849742,0.9900096000111618,-2.8098848354108497,0.42665949137102305,0.0,-0.2599288389555039
1785943416292023863,20.428381590563877,0.9827706038786107,-2.823427295025508,0.4266527483926398,0.0,-0.2599266851672454
1785943416353791099,20.40858458042248,0.9769043981237986,-2.837832748612326,0.4239464861460269,0.0,-0.2695102184947491
1785943416404022902,20.38806197559732,0.9706810541544711,-2.8520154907640283,0.42394324841035835,0.0,-0.2695110633192787
1785943416436426432,20.366927225973008,0.9643819093184596,-2.86579146123421,0.43582168407839034,0.0,-0.2737721388214949
1785943416487365941,20.345911949592796,0.9584342798337757,-2.8795103232253583,0.43583402932590465,0.0,-0.27377254684207153
1785943416552437971,20.32341875945905,0.9530196389147224,-2.89572048657018,0.456731093421121,0.0,-0.2972044828021493
1785943416607195637,20.301358206465565,0.9478293534662544,-2.9111154380568136,0.45675192507328816,0.0,-0.29720663420889587
1785943416638003492,20.278906589012973,0.9425528675939603,-2.925069218182557,0.460373560664924,0.0,-0.2854930246587032
1785943416692883979,20.256419418565816,0.9376063157249861,-2.9393472484975427,0.4603771760089234,0.0,-0.2854919476662679
1785943416753700460,20.234640801022614,0.9318372675617483,-2.9528424086444627,0.44471212369482027,0.0,-0.278035374936658
1785943416803527768,20.212493642049893,0.9265096658111948,-2.966607765511617,0.44469907052264235,0.0,-0.2780346883259695
1785943416839006611,20.19156949480598,0.9227969715176966,-2.9781108922813133,0.43163962335756495,0.0,-0.24608195353712214
1785943416887906397,20.170272219472253,0.9192839159362332,-2.9904175488589138,0.4316233285754114,0.0,-0.24607901565012133
1785943416953582961,20.148813622260615,0.9150202704360236,-3.0016039429119634,0.4325972475929462,0.0,-0.23436033098745035
1785943417007738813,20.127275691678264,0.9111672208968354,-3.013234974420567,0.4325982192549659,0.0,-0.23435925388723994
1785943417038230304,20.10417279851625,0.908136643611241,-3.0191579043141425,0.45348400081066853,0.0,-0.15660812532034774
1785943417086645337,20.08183872202151,0.9053883991452392,-3.026927239160514,0.45350478111814446,0.0,-0.15660100036158597
1785943417142379486,20.059019142082377,0.9027038636734377,-3.02747625592979,0.4574864217816275,0.0,-0.05967268609634607
1785943417200324918,20.03631442667887,0.899331055156315,-3.030007795951228,0.45749040786217077,0.0,-0.05966374863961881
1785943417258717565,20.01420085607382,0.8962756709313001,-3.0297015079124896,0.4492125346820388,0.0,-0.019182201457768965
1785943417287188918,19.99176497740763,0.8937547575627673,-3.0306651680952563,0.4492042750442381,0.0,-0.019178481174579515
1785943417335359814,19.97055237390803,0.891382138014188,-3.030265447492119,0.4358728997954333,0.0,-0.0010685769913909605
1785943417390005635,19.948895817316632,0.8889611604342211,-3.030318668437558,0.43585966318376307,0.0,-0.0010669208751450587
1785943417453130393,19.92817173533003,0.8865145007351564,-3.0301310148531746,0.42468404725059844,0.0,0.0010648704433373585
1785943417502399569,19.90702991583658,0.8840451241882018,-3.03002513623968,0.42467283518011595,0.0,0.0010650674314513673
1785943417536244432,19.886238046656032,0.8817168791623241,-3.0301313326076293,0.4221410318998239,0.0,-0.0010648751322985723
1785943417588065190,19.865260383124674,0.8793689501712084,-3.0301846054654775,0.42213851983437245,0.0,-0.0010650697763472338
1785943417640960611,19.843692467060126,0.8769538440705604,-3.029917671567576,0.42783912142800457,0.0,0.003195005667839556
1785943417704659694,19.82154023649966,0.8735153276482854,-3.0300054354454526,0.42784389017462243,0.0,0.0031953994814723
1785943417754209456,19.799039571568375,0.8701050102565009,-3.030477512771097,0.4329472466870857,0.0,-0.00319461836357316
1785943417789495940,19.777370287685766,0.867687267287258,-3.030638465465804,0.4329536134725443,0.0,-0.0031952058117373874
1785943417837153120,19.756247180957057,0.8653414095521796,-3.0318307800611435,0.4297192113515968,0.0,-0.017041703512189955
1785943417911314221,19.73271817786167,0.8622061483194842,-3.0335707386065973,0.4297160069592291,0.0,-0.017042967288531805
1785943417954516645,19.71021589842297,0.8590694029939877,-3.0340490054286233,0.42287134139442645,0.0,-0.005328485415791602
1785943417990215689,19.68910651644156,0.8567904285833221,-3.0343164203146142,0.42286448078619093,0.0,-0.005327403947680223
1785943418035980063,19.668624675785214,0.8545954793406273,-3.03609399786948,0.4167341942416489,0.0,-0.025562631695677344
1785943418092409566,19.647826459968755,0.8523931233449195,-3.0373771719974267,0.41672910203819047,0.0,-0.02556448914901093
1785943418150835111,19.624865928916755,0.8488121473618265,-3.041679586194337,0.41537439305325646,0.0,-0.05964854132041426
1785943418201855903,19.60210815070536,0.8453626229596107,-3.044944541032285,0.4153727027469703,0.0,-0.05965167513932012
1785943418236256595,19.581258234605,0.8433463750661628,-3.048702002379338,0.4196019801896737,0.0,-0.07030550257165555
1785943418288163788,19.560178549143853,0.8413826184179336,-3.0522492904071066,0.4196061883875738,0.0,-0.07030647917476535
1785943418343577286,19.53797384330678,0.8393945368325254,-3.0561322326442024,0.42717211365438035,0.0,-0.07350266223096494
1785943418402769099,19.515001472483743,0.8367386176465287,-3.060808287429863,0.4271796455417324,0.0,-0.07350295528537798
1785943418451434252,19.491705051765443,0.8338978076660996,-3.064552192105734,0.42610695509654084,0.0,-0.06604777528584085
1785943418486638366,19.47046314858117,0.8322580752339193,-3.0678544762512945,0.42610587660008054,0.0,-0.06604708491073202
1785943418536920250,19.4496745317891,0.8307223178805134,-3.071076853385385,0.41998343591633214,0.0,-0.06498132868336698
1785943418607366174,19.427337571752684,0.8282358413816495,-3.0746199422217715,0.4199773259637552,0.0,-0.06498123072355977
1785943418653392094,19.405378242385428,0.8258606449268122,-3.075959972007148,0.42033130380240297,0.0,-0.03728932870707673
1785943418688612048,19.384387266002136,0.8244809638397557,-3.0778258658760125,0.42033165585084087,0.0,-0.037286792099801035
1785943418736330383,19.363981094118145,0.8231609956148601,-3.0772170362852562,0.41277036255077537,0.0,-0.004267149544762865
1785943418786385731,19.3433610737358,0.8218317260010368,-3.0774302742240454,0.4127627904893689,0.0,-0.00426410396526575
1785943418853160480,19.31807277319468,0.8182326785794353,-3.077416512073212,0.43112545687903897,0.0,-0.0010658517783345804
1785943418903236373,19.29366220420175,0.8149242673000009,-3.0774748429033054,0.4311407130210588,0.0,-0.0010655581441156208
1785943418936103568,19.27090334647175,0.8134624173606334,-3.077448243154668,0.4491511518855964,0.0,-1.9524408798390902e-07
1785943418987792545,19.24843845372707,0.812019440266355,-3.0774482407509187,0.44917354602673426,0.0,-9.763098854061558e-08
1785943419051831737,19.22508535136284,0.805803390917145,-3.07298976764571,0.47188093410102094,0.0,-1.7988332033782005e-11
1785943419102705547,19.201910867709547,0.8012990021378148,-3.070448534392679,0.47190364286024067,0.0,-8.99499467259013e-12
1785943419137853434,19.178027827874192,0.7995860933737442,-3.0690154614283673,0.4776876548459693,0.0,0.019171240021665217
1785943419185666716,19.15412195364152,0.797848016128147,-3.068053313535944,0.47769341984053887,0.0,0.019172999953021935
1785943419235684847,19.133334300103357,0.7963396624212036,-3.0701230781955515,0.4381371931272923,0.0,-0.021297848114489037
1785943419301680623,19.11161972781228,0.7916348824166225,-3.0684812169034923,0.43810428915107424,0.0,-0.02130156827498958
1785943419352603268,19.090149551414836,0.7879863883047916,-3.06721260568835,0.4356720790726539,0.0,-0.011719671081092543
1785943419390952617,19.068428118544183,0.7863677586930574,-3.067798437170886,0.43566904449377103,0.0,-0.011718790129405248
1785943419440722739,19.045662818485106,0.7846891949061693,-3.0690228939235884,0.4495290259976328,0.0,-0.020238452106659838
1785943419501058722,19.022585036043044,0.78101006722367,-3.0684536409374163,0.4495429009466189,0.0,-0.020239237846949684
1785943419552715122,18.99826305511219,0.777868627969707,-3.069069544367947,0.46720071904894905,0.0,-0.027695505169026795
1785943419598838549,18.974882450846764,0.7761700162922965,-3.070512950268116,0.4668758830520083,0.0,-0.02982701451406997
1785943419637878036,18.95168950952007,0.7745186870755709,-3.071998430720656,0.466875542596657,0.0,-0.02982720962280566
1785943419695862317,18.928557008111852,0.7729061936667384,-3.0732305307293086,0.45688794207037314,0.0,-0.019176718135965734
1785943419752255147,18.907439312411174,0.7707087096375173,-3.0734412857076547,0.45687548708099474,0.0,-0.019175739261725243
1785943419804138531,18.8863069629192,0.7687682522272545,-3.0740843224880585,0.4380487350914353,0.0,-0.024500104478329034
1785943419837332970,18.86455629742711,0.7672976669863122,-3.0753037313710903,0.4380299858543308,0.0,-0.02450059297238347
1785943419887916498,18.8426086373888,0.7658406434272484,-3.076341440995286,0.4430522997174196,0.0,-0.017045610220510102
1785943419961681808,18.819306625311313,0.7644887079190087,-3.077633814442967,0.44305734221955334,0.0,-0.017044920821805833
1785943419992035887,18.79934911820768,0.763220163835595,-3.0786295280809206,0.44305734221955334,0.0,-0.017044920821805833
1785943420036754494,18.775832742800876,0.7617463450024893,-3.080689716781214,0.46479509124146334,0.0,-0.03302031061248112
1785943420107867163,18.752238791397833,0.7603076205540868,-3.0820584861659763,0.47667716529604753,0.0,-0.021307457608282128
1785943420141229256,18.728577147200053,0.7588972764931156,-3.0831179078716855,0.4766920659158382,0.0,-0.0213063734642276
1785943420203375322,18.70475775830027,0.757696665506328,-3.085214925046268,0.47625686611390083,0.0,-0.038346402631159106
1785943420250867824,18.681394577993103,0.7563408027040068,-3.087463087598643,0.476256433984276,0.0,-0.03834796138051259
1785943420286850750,18.657851380544642,0.7550651759327799,-3.0893347697105047,0.4632932409871163,0.0,-0.036219383100432566
1785943420339444528,18.634805857173426,0.7538597686679559,-3.0911389489581005,0.46328023414990743,0.0,-0.036219186388634174
1785943420396899286,18.612006329382908,0.752708472801948,-3.0928952693131233,0.45066452865671475,0.0,-0.034088856074792506
1785943420463664882,18.587858006853715,0.7515321097554714,-3.0951372503045746,0.45065188010807977,0.0,-0.03408865935114985
1785943420515210109,18.56602943148421,0.7503583078677204,-3.097029332052505,0.45065188010807977,0.0,-0.03408865935114985
1785943420540040048,18.54369947474375,0.7493688442209749,-3.0995326940669377,0.449919062237529,0.0,-0.04473916109042835
1785943420599672134,18.517921424065484,0.7482839833056166,-3.102098426255402,0.449918336088782,0.0,-0.04474013310062985
1785943420638703076,18.49769968953497,0.7474769145240012,-3.1030070675702754,0.46468478640943756,0.0,-0.02982978409587789
1785943420707833335,18.474376310247063,0.7465765204298672,-3.104879891671344,0.47053210083487196,0.0,-0.04793304959001545
1785943420762284366,18.450747553492782,0.7443168506149884,-3.1061834466770457,0.4705377099769825,0.0,-0.047934973452980874
1785943420802235758,18.427188137916986,0.7425496469743426,-3.108365087954579,0.4685938554995978,0.0,-0.06604306545547445
1785943420837485377,18.403775612382272,0.7417714204275581,-3.111666794600184,0.46859143097955785,0.0,-0.06604472977862903
1785943420886679862,18.38087021039769,0.741085762206671,-3.115311389033537,0.4492347163779068,0.0,-0.07989228385256021
1785943420938503819,18.358384824477323,0.7404946842329665,-3.119311944877945,0.449215376983911,0.0,-0.079893558442318
1785943421001924140,18.3350983369071,0.7380243878311172,-3.121876482284171,0.4527968521297541,0.0,-0.08095989911470051
1785943421052694011,18.31182173463448,0.7363426064817409,-3.125153182517009,0.452800422095614,0.0,-0.08095999701273239
1785943421076999835,18.2890692065462,0.7359685332552564,-3.129221848216483,0.452800422095614,0.0,-0.08095999701273239
1785943421139743907,18.26388703832709,0.7356420697954682,-3.1317783206536802,0.46691196587302974,0.0,-0.058593634446871184
1785943421214041525,18.243873832120737,0.7352425661582851,-3.133962745514197,0.45328895361052446,0.0,-0.045808713815887026
1785943421251375733,18.22249880332424,0.7349426326863727,-3.1361087269467305,0.4532719967850621,0.0,-0.04580754235309178
1785943421291054219,18.199111245277233,0.7348143696178894,-3.137950650812475,0.46000683826240457,0.0,-0.025569987064539085
1785943421337019849,18.17670769138113,0.7347327741295075,-3.1391958243438953,0.46001341257856854,0.0,-0.02556816716763084
1785943421393662384,18.152399565720067,0.7346745124669296,-3.1404146651960683,0.4432092698348258,0.0,-0.019175877614582386
1785943421453899451,18.13332663815808,0.7343655185320315,-3.141098839368325,0.44319597898605173,0.0,-0.019175318959886053
1785943421515939914,18.112288968686876,0.7341384431739351,3.14153935406227,0.443332633503866,0.0,-0.006394109498374833
1785943421536704775,18.090217397710713,0.7341396189333438,3.1412211117169195,0.44333281647895145,0.0,-0.006392848241583521
1785943421586692377,18.067819431745274,0.7341479403555861,3.140901055022117,0.4513447477579303,0.0,-0.006391586968408916
1785943421639506099,18.045260097327027,0.7341635422968331,3.140581596035986,0.4513527647898341,0.0,-0.006391586852137483
1785943421701918767,18.024692429611317,0.7341806082239591,3.1403732712611414,0.4538813425610179,0.0,-1.1751581943204512e-06
1785943421751982596,18.003730405785518,0.7341514976055674,3.1403490153668945,0.453883866604886,0.0,-5.876331183205988e-07
1785943421788147096,17.981063514999985,0.7341796865923833,3.14040227255996,0.4531662324732254,0.0,0.0021301369954849314
1785943421835909496,17.95839808649226,0.7342066669891967,3.1405088278918964,0.4531655159633733,0.0,0.0021303329356963615
1785943421893697162,17.933361566477082,0.7342338013092801,3.1407332751380714,0.4466819759364848,0.0,0.006390886517044012
1785943421951054923,17.917923907665937,0.7353883938398248,3.1401183428281914,0.44667619070293024,0.0,0.006391236597676567
1785943422013021207,17.89821456989977,0.7360848312816592,3.1398781427423224,0.44775052170632007,0.0,0.003196417827996815
1785943422036354739,17.8768542867844,0.736121453894811,3.1400306082341642,0.4477516614248261,0.0,0.003196105628470859
1785943422089703297,17.854582777242097,0.7361562427965126,3.140215794458726,0.4428904697462976,0.0,0.00426085287771206
1785943422151761103,17.834641177942476,0.7367378131261234,3.1399220313305256,0.44288623677876165,0.0,0.004260955340942998
1785943422207199594,17.814078166573083,0.7371029093422925,3.139657348586934,0.4388329459528081,0.0,-0.0021293755937618767
1785943422239658774,17.79195999709015,0.7371457151520404,3.1395499777490126,0.4388279825852257,0.0,-0.0021299522008224134
1785943422288047821,17.770690525460864,0.7371891614793079,3.139499986177506,0.43549238252193406,0.0,-3.988382035174237e-07
1785943422337976061,17.74883011769466,0.7372349080035238,3.1394999811901405,0.43548899244227457,0.0,-1.9943777433813864e-07
1785943422403119870,17.72822856260421,0.7378847707936323,3.13871711630554,0.43332512105717685,0.0,-0.0031952057890649826
1785943422453934158,17.707409152367827,0.738225915198003,3.1381576880962547,0.43332296093198647,0.0,-0.0031954995514813997
1785943422486974768,17.686048814285602,0.738299288668916,3.1379446445898607,0.4214381287374917,0.0,-0.005325930757383706
1785943422537345424,17.66497021692089,0.7383761840904053,3.137678235775077,0.42142627280095174,0.0,-0.0053261265006406345
1785943422603833058,17.642513487709778,0.7387508618486974,3.1372329243411614,0.4462600144123997,0.0,0.00958464032212828
1785943422650836902,17.619582628022208,0.7388965031423815,3.1374155604507203,0.44628478360701407,0.0,0.009586010087103738
1785943422687609873,17.597200877198738,0.738989997192473,3.1375485758061368,0.4491901914148026,0.0,-0.004258511329271424
1785943422737154675,17.574739053814532,0.7390808357736084,3.137335533130953,0.449193092261758,0.0,-0.004259784459497194
1785943422803475327,17.552919406672515,0.7397704327274602,3.1361784466729095,0.4448750277548,0.0,-0.010651469502759565
1785943422854254350,17.531129067416188,0.7401845233366895,3.1351543894048106,0.4448707186603922,0.0,-0.010652056977249197
1785943422889819564,17.509512501762345,0.7403236968419856,3.135179033403399,0.4164704472850631,0.0,0.01171381255929038
1785943422938018780,17.488762344290432,0.7404567812202522,3.1357628754090077,0.4164469134791667,0.0,0.011715860599946677
1785943422986377938,17.4680256947659,0.7405776756118942,3.1359501577437965,0.41357421160900104,0.0,-0.004258108925785507
1785943423052603451,17.447491965438132,0.7407673959101202,3.1354219486075756,0.41357061361055997,0.0,-0.004259583238757103
1785943423103941055,17.42625727409555,0.7408361711165266,3.135164480584316,0.42932614118098084,0.0,0.0010642995340012854
1785943423136302791,17.4050891745305,0.740972244857321,3.1352169908583987,0.42933905768708186,0.0,0.0010647819512700687
1785943423187433315,17.38249467586627,0.7411163022996036,3.135193159912415,0.44824758300182865,0.0,-0.0021299516030257337
1785943423237644766,17.360770588932596,0.7412553274952707,3.135089917759747,0.44827076618583056,0.0,-0.002130240231408465
1785943423310636095,17.34054253575753,0.7399417334373206,3.1364584402539815,0.43208581465310475,0.0,0.004259844900465028
1785943423353205888,17.32013148095736,0.7391759438151041,3.1374040333939948,0.43207192004416867,0.0,0.004260451304628917
1785943423385874708,17.299333935878163,0.7392630541828437,3.137776394455887,0.4100140330268715,0.0,0.010651470844622118
1785943423437448064,17.278832679379832,0.7393412921032152,3.1383090843160213,0.40998654874112506,0.0,0.010652057648298121
1785943423502520254,17.260685930102124,0.7386140761198291,3.1392091035206153,0.37818193609603884,0.0,-0.005323384883240351
1785943423551628208,17.243083050571773,0.738142007897062,3.1394331907029875,0.378150200629032,0.0,-0.005324853446543431
1785943423575029390,17.22417263695187,0.7381828442969255,3.139166906523428,0.378150200629032,0.0,-0.005324853446543431
1785943423636688366,17.206996620297705,0.738223655310189,3.1390603210549712,0.3550732973059637,0.0,-0.0031961846595167896
1785943423699101962,17.189009547062994,0.7382692055660574,3.1387406900018573,0.364389336620444,0.0,-0.009586205455861812
1785943423754368671,17.171606693589855,0.7373737740329785,3.139098468126107,0.36439865518431586,0.0,-0.009586792725838459
1785943423801150298,17.152984511620044,0.7368219786140553,3.1397428349368983,0.3859483984715319,0.0,0.0031910923040774676
1785943423837257133,17.133683040268597,0.7368576823439708,3.1399026139143715,0.38600206450789204,0.0,0.003193442403691711
1785943423897414390,17.113996138462497,0.7368899452841898,3.1402222498584424,0.3935642743713958,0.0,0.006391194847082659
1785943423954097470,17.095741125832127,0.7366675524634914,3.1407275451093146,0.3935684689749992,0.0,0.00639139077945775
1785943424004364123,17.07772315543343,0.7365088192337312,3.1408314297872666,0.3838495360297272,0.0,2.3499150656625806e-06
1785943424036819175,17.05853819884709,0.736523424281245,3.1408314297782036,0.3838253313367319,0.0,1.1751735701673109e-06
1785943424085748050,17.04011676044249,0.7365394922854455,3.140511902394391,0.36833386451461786,0.0,-0.00639080320432492
1785943424154655261,17.02255687680483,0.7365809343657528,3.140011653138604,0.3683252696743633,0.0,-0.006391194946074828
1785943424204513834,17.00419631414349,0.736567468799297,3.1396261086406336,0.3684662989081955,0.0,-0.0053267137933428015
1785943424237003447,16.986423119949926,0.7366024204422734,3.1393691909771224,0.3684666501307564,0.0,-0.005326518072599453
1785943424293327795,16.967805850234107,0.7366441361017099,3.139049034017692,0.3723404403706617,0.0,-0.006391456317155174
1785943424340005387,16.949189110926266,0.736691490135133,3.138729462914174,0.3723430167466449,0.0,-0.0063915215225071745
1785943424403234277,16.931158018737552,0.7367291163790207,3.1388030767134634,0.3813297202831714,0.0,0.0010625236138200453
1785943424452975822,16.91295620424358,0.7367706856642905,3.138868494467888,0.381347623029706,0.0,0.001063893782992413
1785943424487065494,16.893697150661644,0.7368275573805143,3.1382293098675262,0.3851497873222836,0.0,-0.012781476487574401
1785943424539453568,16.874441351602716,0.7368923225172019,3.1375902106810565,0.3851518969226754,0.0,-0.012782324927636477
1785943424601407499,16.854893688918043,0.7367792054639265,3.1363614780871716,0.3811151460953617,0.0,-0.02769139307471085
1785943424655210154,16.835425376268184,0.7367426574090109,3.1350781892512627,0.3811050942206395,0.0,-0.02769413396104096
1785943424689631550,16.81655877494464,0.7368670009414541,3.1334802501397996,0.3773408495570312,0.0,-0.03195740929841493
1785943424737449953,16.79769477719455,0.7370200372006519,3.131882541139227,0.37733876141502604,0.0,-0.031957670541487106
1785943424786821532,16.778749736607573,0.7372039964912757,3.130657229402343,0.37883402692171186,0.0,-0.02450382282730407
1785943424862709384,16.75855561435661,0.7370591007286531,3.1297232002463486,0.37883700722742775,0.0,-0.024502452443683122
1785943424906535383,16.738767825492005,0.7370634562513546,3.1284384122517803,0.3963870511013097,0.0,-0.02876138996379286
1785943424936974649,16.71899159346905,0.7373236108398558,3.127003488137467,0.39640800165332024,0.0,-0.028761764638921005
1785943424988746733,16.697732235749083,0.7376382239505649,3.1247708832861165,0.4148878607235055,0.0,-0.03941273585954325
1785943425036371528,16.677062175761634,0.7379859625889559,3.122807092437824,0.4149039175092257,0.0,-0.039413758870040526
1785943425108273857,16.656901291339782,0.738345022878243,3.1213844471024492,0.42789148561824825,0.0,-0.030893712475223947
1785943425152245846,16.63653919719362,0.7387849899747723,3.1199055270118254,0.42790013210465316,0.0,-0.03089319041556595
1785943425190691486,16.61520082991107,0.7392478324175671,3.118301723859329,0.4253059494723683,0.0,-0.03195754029876924
1785943425237246258,16.594020789345578,0.7397412252073798,3.1167097530913987,0.42529949013579604,0.0,-0.031957736021675544
1785943425304851597,16.575326143346317,0.7404321416460653,3.1154389825433872,0.41102711428919575,0.0,-0.020241454048861095
1785943425358381666,16.55653775356485,0.7410493900739257,3.1142973556764835,0.4110192281379192,0.0,-0.020240738934173615
1785943425393455246,16.535256845076105,0.7416303964155138,3.1135929169193957,0.4184902502801368,0.0,-0.013850816534526529
1785943425439465133,16.514696968840546,0.7422062160931239,3.1129123590499126,0.41850908030120404,0.0,-0.013849627452408952
1785943425487416756,16.492946244221127,0.7428273651331656,3.112594887652395,0.4350463110462452,0.0,-0.006392500443759217
1785943425558525809,16.47290768097134,0.7434656555919289,3.112212967084513,0.4350554821790503,0.0,-0.006392043617788933
1785943425601958129,16.451397247359335,0.7441266341438467,3.112334634091811,0.458842575025572,0.0,0.0031922682191310482
1785943425637506543,16.42846195685903,0.7447978651235022,3.1124944114690707,0.45888999144304515,0.0,0.0031940304694452683
1785943425689141374,16.405271887117415,0.7454771398987592,3.112094981770582,0.4622665662263205,0.0,-0.004259687541379037
1785943425738991403,16.381677216761428,0.7461733311720758,3.1118773858263995,0.4622707770685856,0.0,-0.00426037261966574
1785943425801566797,16.360404192696013,0.7467392945575242,3.112514077738967,0.4630254279955084,0.0,0.005324597206527557
1785943425851950765,16.338452733437,0.7473520956172175,3.1128712279755133,0.4630260423474797,0.0,0.005325459665587671
1785943425886077623,16.316165382495175,0.7479995414809445,3.112185710867128,0.4514804673400215,0.0,-0.007454450045800115
1785943425936144716,16.293605066109418,0.7486631660393281,3.1118128738673865,0.4514657505035632,0.0,-0.007455650506035523
1785943425986739956,16.271771641633258,0.7493118395867505,3.1116796557310975,0.4416955990361821,0.0,-0.004261644959801704
1785943426050598341,16.25108017129297,0.7499132449092571,3.1114951602829533,0.4416874755850768,0.0,-0.004261351418829041
1785943426104453350,16.229801532503572,0.7505424731253743,3.1112150460771835,0.4446785247462518,0.0,-0.005326126528764732
1785943426137887158,16.207654794801954,0.7512154451710145,3.110949654965641,0.4446822555032974,0.0,-0.005326224395321596
1785943426188413948,16.18489765297061,0.751907014771474,3.1114831919277024,0.4517075683842184,0.0,0.005324363931924522
1785943426251264776,16.164388538252215,0.752687909276648,3.1116541509511877,0.45171457852926183,0.0,0.005325343015884317
1785943426302606540,16.14287635661226,0.7534222239663867,3.113965227694049,0.4567627139246236,0.0,0.03301810662310119
1785943426336460139,16.120244456924762,0.7540476393303578,3.115602121934753,0.45676775108098505,0.0,0.033020651679567296
1785943426387022738,16.097709940757376,0.7546118046106767,3.120057411306971,0.4528105889196021,0.0,0.07030060069958022
1785943426438344246,16.075076006322373,0.7550992981826041,3.123572725611055,0.45280729679371745,0.0,0.07030402801314072
1785943426503886821,16.053669819517307,0.7561250423968295,3.126114735669108,0.44681063740390287,0.0,0.06604717704971837
1785943426557706404,16.03176802482929,0.7567911363601771,3.1291199514579744,0.4468006679976766,0.0,0.06604678576470356
1785943426587467981,16.01008953771557,0.7570734642730093,3.130725483221606,0.4405491683824667,0.0,0.04367991560857963
1785943426637994387,15.98806395964113,0.7573128326709258,3.132909244083581,0.4405429888290434,0.0,0.043677877940427746
1785943426705482921,15.96695379295321,0.7579716636229926,3.1331082865607507,0.44917860192001874,0.0,0.023439571133026027
1785943426753811678,15.945901027104147,0.7583874870700693,3.13403831754985,0.4491872946347753,0.0,0.02343769475621089
1785943426790578153,15.923017572862078,0.7585599163322997,3.13528619501748,0.45579968990952485,0.0,0.024500886676192612
1785943426837320260,15.900228761778333,0.758703635352166,3.1365111759445012,0.45580517344573857,0.0,0.024500984107207784
1785943426887439962,15.877484049376461,0.7588234295348137,3.137177996481275,0.45506085721339995,0.0,0.01704560648912062
1785943426957306057,15.8545466120875,0.7588949686939107,3.138041327461452,0.4550599257283942,0.0,0.017044918955763155
1785943427004189929,15.83207469434462,0.7589467010030471,3.13921690339927,0.4504063991090699,0.0,0.0213045075592465
1785943427037381264,15.809551323871112,0.7590002096993261,3.1402823477246167,0.4504025370857476,0.0,0.02130489830351689
1785943427095464460,15.787347934350072,0.7590285872999584,3.1414279444569924,0.44604988692323094,0.0,0.02237035633535099
1785943427142218407,15.765052407249184,0.7590322587442951,-3.1406391479293942,0.44604444587814773,0.0,0.022370454480700724
1785943427221061920,15.742853399461533,0.7589250046616486,-3.1393763678632474,0.43898066722109436,0.0,0.02556598036233362
1785943427256658656,15.723751591194718,0.7587274240742086,-3.1382199917331426,0.43897699925506595,0.0,0.02556616364234337
1785943427290799434,15.702693933157425,0.7586564048808981,-3.1371409635008805,0.43658158879815906,0.0,0.022371888441423026
1785943427336977648,15.680869864097987,0.7585592505942753,-3.1360226461643204,0.43657480962503187,0.0,0.02237122068240163
1785943427386719673,15.659895778889299,0.7584409898744123,-3.1347462121513163,0.42504625898670206,0.0,0.0245006758936334
1785943427479914147,15.638919413768198,0.7582789444332635,-3.1335432815034783,0.42503434153831754,0.0,0.024500878705539693
1785943427517130878,15.607409539323525,0.7579960835378933,-3.1317235808131763,0.42503434153831754,0.0,0.024500878705539693
1785943427537250276,15.597797016698895,0.7579132024489413,-3.132035883806632,0.4160204003302701,0.0,0.017045601366737925
1785943427599932393,15.581812094003514,0.7577634283833711,-3.1315678810519505,0.3486411702040762,0.0,0.01171869730131133
1785943427638149962,15.564457359122576,0.7575894444970313,-3.1309843407917177,0.348587026603787,0.0,0.011718303187677826
1785943427707491109,15.552695118118583,0.7573123223730048,-3.1301989630117677,0.27363599670441213,0.0,0.012782977927386753
1785943427758720165,15.540081250727097,0.7570579686855096,-3.1295291055365544,0.273561272749407,0.0,0.012783075690560114
1785943427788405803,15.52878122375812,0.7569198680113541,-3.12862816544302,0.23855863504989483,0.0,0.015978379268535084
1785943427838316218,15.51712725138673,0.7567687683496039,-3.127847198726972,0.2385237519903033,0.0,0.015978672561488553
1785943427887880668,15.505618317379698,0.7566120788081444,-3.127451266126304,0.23318032388272095,0.0,0.010653621755887476
1785943427951877874,15.495056344123846,0.7565735204823398,-3.1271241126718268,0.2331736721521472,0.0,0.01065313320264127
1785943428009317015,15.482482800141092,0.7564257875033084,-3.1281444058853607,0.2564821958971793,0.0,-0.008518587544848251
1785943428036886703,15.46971498209644,0.7562540729849171,-3.1285686277002096,0.2565054735513772,0.0,-0.008520351434019437
1785943428087473879,15.452846119310063,0.7560179895527818,-3.1253137732650074,0.310180701568358,0.0,0.04047103592868108
1785943428153729409,15.437374743129183,0.7550486985202797,-3.1225612245001244,0.3102342942935219,0.0,0.04047554128216579
1785943428220091694,15.41690706943076,0.7542493677641001,-3.1245710570466523,0.3367026027500304,0.0,-0.017033658984441306
1785943428238056004,15.402961736425947,0.7540119794193539,-3.1252771713132237,0.3367246169612239,0.0,-0.01703894465416299
1785943428288942359,15.388268932282829,0.7537648477050257,-3.124804978079092,0.3103515135562982,0.0,-3.0198121968305625e-06
1785943428344367729,15.3727650183071,0.7535045455240894,-3.1248049366319033,0.3103197935383521,0.0,-1.510039910604087e-06
1785943428402722776,15.364221949372858,0.7517671346907271,-3.1220790012396855,0.2706796807873278,0.0,0.013845876013062728
1785943428454671698,15.354108020816135,0.7506246346389699,-3.1203764816389725,0.2706398818941692,0.0,0.013847156851878584
1785943428488223430,15.34134368609468,0.7503528383293032,-3.1195901186726784,0.25727710702651624,0.0,0.014913506300285595
1785943428537743431,15.328723724702142,0.7500751208697051,-3.1188582949120094,0.25726376901880155,0.0,0.01491360433294825
1785943428603236053,15.316097356401457,0.7492831407312238,-3.1184848896232653,0.26817650333559756,0.0,0.0010678090376102546
1785943428653599381,15.303574409217857,0.7487290707894689,-3.1180290756126654,0.26818557687293265,0.0,0.001066536863692303
1785943428685850009,15.28640588050076,0.7483146243372584,-3.1156552736292875,0.3178310012537416,0.0,0.031952253700033385
1785943428737405637,15.270548661580923,0.7479032447987483,-3.1140609997746265,0.31789292438753447,0.0,0.03195509249735943
1785943428787044522,15.254282695720919,0.7474601754257338,-3.1133424629042965,0.3229059873894491,0.0,0.020242177244630316
1785943428852374833,15.238855687830945,0.74685653511848,-3.112098069221244,0.3229109892398106,0.0,0.02024110058738383
1785943428904542260,15.22486186325399,0.7463636650476192,-3.11166110750621,0.30040348201502703,0.0,0.010654407261456554
1785943428936820409,15.209988266448097,0.7459183424480572,-3.111133376502757,0.3003847587497903,0.0,0.010653525991618165
1785943428990082628,15.19585550788162,0.745484749980504,-3.1100396796010976,0.2886692501759168,0.0,0.018108124556581603
1785943429052736520,15.181674287919767,0.7448417847294139,-3.108820863856829,0.2886546395695965,0.0,0.01810880962544657
1785943429100792755,15.1690440603891,0.7443398036791149,-3.1086136207216732,0.27027558842898947,0.0,0.006393721717112472
1785943429138155060,15.155554083633957,0.7438947565511252,-3.1082944034471183,0.27025741131361813,0.0,0.006392654323740503
1785943429187124129,15.140645557090561,0.7433957775207682,-3.1074143614792944,0.2882429427228378,0.0,0.013847055104969197
1785943429239857592,15.126297528359608,0.7429051957280628,-3.106724708535077,0.2882610529074464,0.0,0.013847746452192352
1785943429300536532,15.115333674368422,0.7424608078319851,-3.1056672134381222,0.2958408535327291,0.0,0.018108711362133996
1785943429351275233,15.103788128227293,0.7420365764736234,-3.1047482003651603,0.2958484187047094,0.0,0.018109103055175532
1785943429397146844,15.087739994137099,0.7414477081572913,-3.1043036914848523,0.3062983218629055,0.0,0.01171908387376485
1785943429438051455,15.072911749031354,0.7408945233579809,-3.1037360862095382,0.30630875100891664,0.0,0.011718496498736873
1785943429488195159,15.05810184123,0.7403293029110709,-3.1023434197981694,0.2997755372842114,0.0,0.022368596975751415
1785943429556675186,15.047406777355697,0.7400480450929487,-3.101422492965129,0.2997701096126333,0.0,0.022369574720171325
1785943429602577102,15.036757512891375,0.7397280058477884,-3.100740883616328,0.2886677296412063,0.0,0.018110278042177717
1785943429639916910,15.021708632209736,0.7391128897743189,-3.099795906025667,0.28865387836074097,0.0,0.018109886467209874
1785943429687070711,15.008132392594081,0.7385490889936804,-3.099780639365557,0.28431868500409213,0.0,0.006393648928352327
1785943429753153754,15.00010684416278,0.7386584295021613,-3.1003391556347553,0.2843145437246321,0.0,0.006392617922832882
1785943429803695713,14.990418449327729,0.738478751026019,-3.09940353623716,0.29007116913641523,0.0,0.021302423112743267
1785943429838145078,14.97592673979029,0.7378669938919441,-3.0983382143058433,0.29007717518488035,0.0,0.02130385597839782
1785943429886307269,14.961173909493878,0.737230889370323,-3.0977528909179015,0.2936840034329506,0.0,0.014914875429813703
1785943429939089566,14.946508452239133,0.7365875481144007,-3.097007478868568,0.2936875981392406,0.0,0.01491428896056479
1785943430003778766,14.93193617780414,0.7357383018075737,-3.0964296904335344,0.30881454752624005,0.0,0.006393154833938111
1785943430051270404,14.917518430842925,0.7350363450002751,-3.095858265928164,0.30882965805556484,0.0,0.006392370857026871
1785943430090604877,14.902212209450388,0.7343287682272516,-3.094175333029619,0.30638341153805915,0.0,0.024497752413605033
1785943430138538068,14.886971598858034,0.7336055543582598,-3.0929551271896476,0.30638137651612485,0.0,0.024499416831820244
1785943430201249755,14.873496068515655,0.7328415961061903,-3.092376073759674,0.3143271560649072,0.0,0.008525051892833146
1785943430251950727,14.859719983019001,0.7321975337655916,-3.0915968667992995,0.31433706512457615,0.0,0.008523583905228246
1785943430286748265,14.845295120233011,0.7314650167976046,-3.089183197367578,0.29841323463233127,0.0,0.03514885895514416
1785943430335959679,14.830397339820843,0.7306835097268257,-3.087425500776479,0.29839743141709196,0.0,0.03515129324422412
1785943430389261643,14.81862676277785,0.7300549470890256,-3.0879805411098307,0.2566127202147893,0.0,0.004266765863466273
1785943430451768042,14.808705536964446,0.7293751385908679,-3.087787989911818,0.2565708010764765,0.0,0.0042639121073951465
1785943430515464853,14.8005805085189,0.7288088831631374,-3.0879076791748896,0.22795273513665082,0.0,7.797374195527354e-07
1785943430537638950,14.78896274469052,0.7281845844967111,-3.087907688412738,0.22792905370200203,0.0,3.8990436049026024e-07
1785943430589317879,14.775349257030722,0.727450081579964,-3.087121586459762,0.2614974917004466,0.0,0.010650717773786076
1785943430654170028,14.763156708464734,0.7266409327636401,-3.0863746505982257,0.261538695992399,0.0,0.010651681079626128
1785943430701011563,14.747154954690973,0.7256731875107733,-3.0854701175967616,0.3099050344924161,0.0,0.013847837198924793
1785943430738003614,14.731733803571592,0.7248068066851873,-3.084780141792741,0.3099461504625852,0.0,0.013848137535069445
1785943430788124117,14.712891421018336,0.7237372007777414,-3.084327684007955,0.3548249756320309,0.0,0.010653231559309452
1785943430837240166,14.695170361120061,0.7227212974895669,-3.0837950020166933,0.3548809190245238,0.0,0.010652938086485094
1785943430903063584,14.680115061055558,0.7218521990697747,-3.0825823161843804,0.32657111562121804,0.0,0.02023826170297967
1785943430952393178,14.664268005966175,0.7209156950111069,-3.0815942255455164,0.3265475770848618,0.0,0.020239142636613378
1785943430987289728,14.65049449884666,0.7200861350506369,-3.0803366149560385,0.2918835817502227,0.0,0.023435230431903237
1785943431039378623,14.63600771651495,0.7191976149253396,-3.0791708196691747,0.2918403434706792,0.0,0.023435524204661735
1785943431108699162,14.625126662497957,0.7184875772568238,-3.0793460922537568,0.27208266618127475,0.0,0.0042645826864413615
1785943431151122901,14.61350122147796,0.7177715519055976,-3.0790869842811794,0.2720629519547018,0.0,0.004262820417178584
1785943431188470933,14.601154447610757,0.7169935571902158,-3.0777488721720334,0.2547594236136953,0.0,0.019172015043936872
1785943431237269211,14.588495239791959,0.716184241951031,-3.0767939190675944,0.25474212940239005,0.0,0.0191733874993833
1785943431286961314,14.573460432763007,0.7152117836215099,-3.076395355759449,0.28569184923219465,0.0,0.01171927748365595
1785943431353093191,14.559103150778574,0.714193405946488,-3.075596196290803,0.28572269176422704,0.0,0.011718593312487554
1785943431402782734,14.543925923126174,0.7131664001333211,-3.074643503555354,0.29619587374936474,0.0,0.014913115088181318
1785943431437291910,14.529205252368206,0.7121793891700222,-3.0739007000236955,0.29620632534853975,0.0,0.014913408708919084
1785943431487038319,14.515547608729635,0.7112543660303582,-3.0733935681144535,0.2808482431522404,0.0,0.011718496591736523
1785943431550039489,14.500577738158206,0.7104823580569974,-3.0729705052090037,0.2808354644671147,0.0,0.011718202830738603
1785943431602697237,14.487499126702188,0.7097868026274778,-3.073121726731305,0.2535302181882754,0.0,0.00319736021596664
1785943431638472219,14.475133205713643,0.7089387719279606,-3.0729654536096396,0.2534961524878529,0.0,0.0031965768639674883
1785943431698333625,14.463238569033177,0.7081187330546308,-3.072242531464275,0.24355983191237385,0.0,0.010651274923520273
1785943431736501688,14.451089470512562,0.7072748368309202,-3.0717098106549905,0.24354992481166,0.0,0.010651959678726319
1785943431800475405,14.437852301546386,0.7065458571806162,-3.0713319780932697,0.2496613926387172,0.0,0.010652644433858556
1785943431863156243,14.424353918781081,0.7057443228266623,-3.0707533645838465,0.26829866701466554,0.0,0.01597799102210362
1785943431888209262,14.411031816089654,0.7047990129360647,-3.069958065271744,0.26832180391915744,0.0,0.015978478420583413
1785943431936685704,14.3974544174541,0.7038247352100494,-3.0691588753028882,0.2759966080054595,0.0,0.015978965818297542
1785943432001269108,14.383268581167371,0.702767276546229,-3.0682419887410486,0.27600429800067683,0.0,0.015978965863289094
1785943432051286183,14.369282646531332,0.7017372680198378,-3.067609507325233,0.2713309373351237,0.0,0.006393348977099814
1785943432085916132,14.355756109814319,0.7007347026500351,-3.0672899662084565,0.2713262736640039,0.0,0.0063924679374583624
1785943432136278851,14.342754828154288,0.6997668892504108,-3.0668371084764843,0.25007684913867456,0.0,0.01171693019621295
1785943432188200925,14.33029094615516,0.6988334050221562,-3.066251387407775,0.2500556446703304,0.0,0.011717419560982989
1785943432253583270,14.32091551407121,0.6981676651767614,-3.0658709178915644,0.24463323925383965,0.0,0.0031973605416384856
1785943432308069118,14.311171206630299,0.6974925499890084,-3.0657132749514666,0.2446278252394702,0.0,0.003196577026839979
1785943432337498682,14.298885705866523,0.6965585393319994,-3.065260355193181,0.24894480872325953,0.0,0.014911547807575412
1785943432393701009,14.285552004471963,0.695538765557137,-3.0644592793450274,0.2489484007951076,0.0,0.014912624996550024
1785943432451351902,14.274270593165655,0.6946413183608334,-3.0638923374618714,0.25030164084352585,0.0,0.009588353084227556
1785943432506817978,14.262003665416334,0.693666870187081,-3.063402286742386,0.25030331868517797,0.0,0.009587866638444839
1785943432536745416,14.249713044117732,0.6927038977563001,-3.062816449707901,0.24295090933810537,0.0,0.013847654540682569
1785943432585962814,14.237601795525018,0.6917478408752448,-3.0621239327601146,0.24294479352837217,0.0,0.013848046198159492
1785943432641384120,14.22581588708961,0.6908092539935214,-3.061777866436138,0.23004222099453875,0.0,2.5452717600238373e-06
1785943432704125664,14.216472979565573,0.6899580611084735,-3.0615067747924805,0.23002612829436628,0.0,1.2727528460382933e-06
1785943432758321901,14.20676367670563,0.6891579974783446,-3.060896325583241,0.2315108608529788,0.0,0.018106164098056193
1785943432791481971,14.195219340241385,0.6882243840402884,-3.0599903926099694,0.231512096306268,0.0,0.01810782930597412
1785943432837879041,14.18361585118798,0.6872754067495707,-3.0592714926119844,0.23415392220562786,0.0,0.0106540141990771
1785943432902760056,14.172434815838573,0.6863214120184977,-3.0587045000844975,0.23415655767274413,0.0,0.010653329442321124
1785943432954081787,14.161416340749575,0.6853858113698539,-3.0581097651457667,0.23541884839129243,0.0,0.012782782042051601
1785943432987706418,14.149687486333567,0.6844043716175017,-3.0574706773397615,0.23542042237503552,0.0,0.012782977738884208
1785943433037411034,14.137900833063116,0.6834105106753161,-3.0570441775418438,0.2374024458883125,0.0,0.0042626234899448955
1785943433087485807,14.12606814486078,0.6824076844856554,-3.0568310182573994,0.2374044223843594,0.0,0.004261840728839169
1785943433153703127,14.114145186114465,0.6814226071020085,-3.05605322612587,0.23032245791739528,0.0,0.020237086486840257
1785943433205209857,14.102343361067808,0.6804780947403608,-3.054939445393825,0.2303165668953431,0.0,0.020238554974513052
1785943433237133241,14.091238654501476,0.6795134208952192,-3.0542316078413156,0.2196636180779775,0.0,0.0085242704113401
1785943433286938405,14.080298561455363,0.6785552441579815,-3.053805483362518,0.2196503233240932,0.0,0.008523193128645896
1785943433338225830,14.06959929678418,0.6776135648817548,-3.0533260612606923,0.2100048653635164,0.0,0.010652253126355576
1785943433409198494,14.057400832386255,0.6764972520213586,-3.052549766388207,0.2099952417540462,0.0,0.010652448825058433
1785943433453723942,14.047644050167529,0.6756313433272758,-3.0520758230074505,0.2038641319268361,0.0,0.006392362182265118
1785943433487946932,14.037483099535494,0.6747193298894312,-3.0517559507192247,0.20385807386162427,0.0,0.0063919744943395015
1785943433538964428,14.027423555072545,0.6738131731453973,-3.051116736386374,0.20055017068824343,0.0,0.01917241033421639
1785943433609076643,14.020589620964854,0.6732156350784239,-3.050138111087758,0.20054741902179504,0.0,0.01917358516287025
1785943433653033463,14.013365654687368,0.6725956471902613,-3.0491529532741777,0.19934500129407806,0.0,0.020239827923540933
1785943433686347011,14.003440954167132,0.6716755886287853,-3.048140942500123,0.1993435031307802,0.0,0.020239925818874224
1785943433735946278,13.993380643682178,0.6707326905560403,-3.0473692875503,0.20504517153237165,0.0,0.010654407967039438
1785943433802114733,13.983168812364655,0.6697676401438117,-3.0468363883041762,0.20504991585954646,0.0,0.01065352634448442
1785943433854712575,13.971665964148471,0.6686191219218196,-3.0465906855197424,0.21060372719071502,0.0,1.8738915873520168e-06
1785943433901878217,13.961055861004322,0.6675367648740137,-3.0466092353996403,0.21061035672216777,0.0,9.37028202505339e-07
1785943433944586030,13.950688796016468,0.6665490935805912,-3.046609210963487,0.20602637007770191,0.0,1.8003796742070194e-10
1785943433988160340,13.940431476695693,0.6655718775433876,-3.046609210961135,0.2060215899325264,0.0,9.002763253860196e-11
1785943434037866300,13.93036381165986,0.6646127287039638,-3.046289487469789,0.19809501448905675,0.0,0.012780826815075828
1785943434101756430,13.920364358263889,0.6635701238791575,-3.045615652727021,0.1980871144254548,0.0,0.01278200003567643
1785943434152366039,13.909764587580128,0.6624698054519246,-3.0449785517456274,0.2227528849981447,0.0,0.011718104847428993
1785943434199313369,13.89866657354689,0.6613942324985903,-3.044392084396276,0.22277342602932748,0.0,0.01171800694058294
1785943434244575965,13.885902902730518,0.6601496746470927,-3.0436062804810176,0.23899390275737842,0.0,0.017043359082845582
1785943434286543463,13.875388818715546,0.6591161280015155,-3.042852935024197,0.23901193122958833,0.0,0.017043795153504692
1785943434350977518,13.865543612192,0.6580671834629896,-3.041933168258471,0.2258902159945343,0.0,0.013849097186185814
1785943434410919375,13.855786554452843,0.6570562723440666,-3.041158725053693,0.22587552513292974,0.0,0.013848767590932242
1785943434437834350,13.844958184477251,0.6559650645709822,-3.04062714615707,0.21019215301766841,0.0,0.00745802798790888
1785943434486646197,13.834478646461655,0.654903382615967,-3.040253417687618,0.21017908731773133,0.0,0.0074574396440328615
1785943434545869467,13.824234435297392,0.6538616757133241,-3.0404941116323236,0.20116842343583424,0.0,-0.01703974406878223
1785943434602544132,13.814888790766195,0.6528546485763509,-3.041250605362256,0.2011572252188782,0.0,-0.017041987476717858
1785943434655120885,13.805272518696254,0.6518537827686935,-3.0414702783228025,0.2135687449158539,0.0,0.005322200146813151
1785943434688110773,13.794640110782762,0.6507856687211033,-3.0412038500715153,0.21358115962771293,0.0,0.00532426102341301
1785943434736285572,13.783542185794374,0.6496678037063833,-3.0409110471779397,0.23267785180306505,0.0,0.006391390572905978
1785943434787290236,13.771959630694061,0.648497697183683,-3.0405913004056866,0.23269690690898548,0.0,0.006391488645361309
1785943434856720890,13.759683092374088,0.6472264664932318,-3.040062190215815,0.2330760414449815,0.0,0.002131312131055234
1785943434903914789,13.747454761923542,0.6460238452835857,-3.039780189782565,0.23307641980246308,0.0,0.0021309205574964593
1785943434938352250,13.73617297765369,0.6448712341454265,-3.039861322260573,0.22263446719327495,0.0,-0.0053249511894681665
1785943434985886066,13.725086386287789,0.6437394736667613,-3.0401279387361315,0.22262404395979715,0.0,-0.005325636671641294
1785943435060422124,13.713890016947408,0.6425427894754152,-3.0401172259971183,0.21253135496277248,0.0,0.002129158976975877
1785943435107500339,13.702537312990186,0.641349011955763,-3.039955205715258,0.21252128739030884,0.0,0.002129843881531093
1785943435137450819,13.692393168810803,0.6403144218874556,-3.0397979762426677,0.21395154577760866,0.0,0.004260666799293197
1785943435190493254,13.681591356585313,0.6392110410775663,-3.039581734996412,0.21395297048621045,0.0,0.004260862293657341
1785943435238142785,13.670438804883954,0.6380693969711644,-3.03942435326046,0.22761186720583002,0.0,0.0031961733586249918
1785943435301878862,13.660652756086366,0.6371361834101541,-3.0398257718012327,0.22763828167099948,0.0,0.0031959833971725573
1785943435351678041,13.64983433473012,0.6359814135135676,-3.0400724940342148,0.2435186184575617,0.0,0.0010655283470476142
1785943435387330555,13.637712301916673,0.6347465374414555,-3.040019196733564,0.243529302493657,0.0,0.001065396409682139
1785943435436456045,13.625455992189082,0.6334973205669534,-3.039699405736643,0.24954331931251073,0.0,0.011715950828420084
1785943435488992797,13.613034637702006,0.6322272697824266,-3.0391131321962974,0.24954832185468787,0.0,0.011716929832068883
1785943435550492375,13.60158508922616,0.6312591483288215,-3.0395206816719096,0.24490459205308163,0.0,-0.0010629162436282223
1785943435602424913,13.59006713883608,0.6301421814831629,-3.039943865816182,0.2448988030172823,0.0,-0.001064090241943942
1785943435636811428,13.578023086525862,0.6289136842112552,-3.0399702328557607,0.24066205321665163,0.0,-1.9541846925331605e-07
1785943435686428328,13.566058581639659,0.6276936194239123,-3.0399702352871847,0.2406578299765814,0.0,-9.771820752287341e-08
1785943435752565646,13.555118489531697,0.6266657119828885,-3.0401773483277688,0.2414340380274277,0.0,0.007455479174498318
1785943435801406741,13.543990156510493,0.6255511242956618,-3.040051909339538,0.241434684276662,0.0,0.007456165120042732
1785943435835594433,13.531877245284115,0.624316925985741,-3.039759652893498,0.24641643200166222,0.0,0.004261646120842224
1785943435886885795,13.519591758841278,0.6230615156425182,-3.0395461038260927,0.2464214127772893,0.0,0.004261351999451752
1785943435938396909,13.507237229895303,0.621796384452019,-3.039436487027374,0.2426472580602373,0.0,7.694237901317499e-07
1785943436002277567,13.497828878497312,0.6210080776537903,-3.0397622018582924,0.24264263437939027,0.0,3.8474662972407706e-07
1785943436054321661,13.487790331153477,0.620095245324067,-3.040163460804779,0.24308670955294293,0.0,-0.004259439471540585
1785943436088981914,13.475563413520012,0.6188508089457305,-3.040378890726752,0.24308785078629053,0.0,-0.004260248494040386
1785943436136640599,13.463437631161444,0.6176186491690743,-3.0404310295546404,0.24533955507939054,0.0,-0.0021309161475888704
1785943436191624385,13.450232058497386,0.6162781759432775,-3.0405462896368296,0.24534177736178164,0.0,-0.0021307225473723894
1785943436251282903,13.440511948195672,0.6153689724558213,-3.0414561065160353,0.24570412601772768,0.0,-0.010651186516640043
1785943436302643644,13.429545313696224,0.6143051894412974,-3.0421248455300223,0.24570446264110765,0.0,-0.010651915475819873
1785943436337770698,13.416948863622947,0.6130474152902581,-3.042501584824883,0.25110510422555526,0.0,-0.00852253981975585
1785943436387596470,13.404406909095986,0.6118005353779524,-3.0429293083677624,0.2511109429674464,0.0,-0.00852232775489601
1785943436450532485,13.39454399224833,0.6111958968548306,-3.0444492167182893,0.25075670767892144,0.0,-0.011717322887996375
1785943436511635985,13.384157401963984,0.6103636465540299,-3.0455202067767573,0.25075635492732157,0.0,-0.011717615924976662
1785943436535532417,13.371922302313028,0.6091836221677156,-3.045863805535477,0.2485955121112573,0.0,-0.008522701997530828
1785943436596890102,13.359507649971583,0.6079915378974926,-3.0462913524507917,0.24859335945101696,0.0,-0.008522408849561958
1785943436636421319,13.346946353976952,0.6067910913374389,-3.046796137235157,0.2514718288309184,0.0,-0.009587183686367195
1785943436700612037,13.338366345011014,0.606034384997269,-3.0472417665079368,0.2514747110984866,0.0,-0.009587281886009687
1785943436750995493,13.329455451512969,0.605261108891319,-3.047306468269771,0.24679656717127252,0.0,-0.004262038778315092
1785943436788346214,13.317210897759407,0.6041031827820343,-3.0475188171007526,0.24679188944674593,0.0,-0.004261548346276596
1785943436837251952,13.30482128378814,0.6029295492095139,-3.0466123853353024,0.24822753163986272,0.0,0.010649902393844468
1785943436901249382,13.292081392305365,0.6016982331866477,-3.0462562772351833,0.24822896472870973,0.0,0.010651273350735553
1785943436950852458,13.279544695955368,0.6004457077817397,-3.046624530711426,0.2464299981081329,0.0,1.958080519337546e-06
1785943436987248487,13.267241270233846,0.5992737503895971,-3.0466245550248345,0.24642820260914058,0.0,9.791302590434782e-07
1785943437038161979,13.254770574009704,0.598083228709874,-3.045986754674146,0.24966714672588852,0.0,0.008520553904918498
1785943437088342004,13.242342698346805,0.5968914162046693,-3.0455605908802443,0.24967036965512915,0.0,0.008521334704790546
1785943437150965016,13.229467723539763,0.5955423854990299,-3.045361998229723,0.24643288776675173,0.0,0.002131707091212625
1785943437203823636,13.21663169551937,0.5942536394350348,-3.0451140695925067,0.24642964740100703,0.0,0.0021311180558863346
1785943437235891505,13.204072091782235,0.5930374981237178,-3.0448477709439654,0.25038728846088626,0.0,0.004260666250927156
1785943437290289318,13.191610948482117,0.5918281708517915,-3.044634716076303,0.2503912386219359,0.0,0.004260862019413211
1785943437351705629,13.176885319918703,0.590406222591791,-3.044102309318891,0.25687664113122793,0.0,0.00852133229728326
1785943437402539214,13.162655972277415,0.5890267757825103,-3.0436765239890353,0.25688311387988616,0.0,0.008521723936533701
1785943437441229568,13.149412333823461,0.5877290113757997,-3.04396942802145,0.2630109661731887,0.0,-0.001063503017271471
1785943437488294246,13.136331340488537,0.5864479314193212,-3.044022681952927,0.26301707878877617,0.0,-0.0010643836557070903
1785943437536017317,13.123060944398649,0.5851461948259407,-3.0434368623629893,0.26548455438656793,0.0,0.00745528419561495
1785943437600607121,13.10971025020386,0.5838751209394215,-3.043096891326237,0.2654866076378885,0.0,0.007456067621670264
1785943437649884489,13.09577298950781,0.5825385167051778,-3.043703565517092,0.2737363877171788,0.0,-0.005323972493947008
1785943437686160257,13.082146841373506,0.581200389875821,-3.0439699807736487,0.27374667890339577,0.0,-0.0053251472789085826
1785943437753201800,13.066513018805693,0.5796630523167547,-3.042930927871234,0.2916169108945449,0.0,0.011714775911721608
1785943437801905099,13.052011970636759,0.5782102245094143,-3.042301680125651,0.29163177276415353,0.0,0.011716342319711873
1785943437854681155,13.036090604632445,0.5766286320347477,-3.042486817586836,0.3030435567324017,0.0,0.0010672179424141663
1785943437888143348,13.020830368916636,0.5751112841273262,-3.0424329411728164,0.303057759697214,0.0,0.0010662412887733133
1785943437936906841,13.004810136428103,0.5735163138907796,-3.0421426022043927,0.3181957211969659,0.0,0.004260477446254737
1785943438001720238,12.986160299628255,0.5716554475936534,-3.041891638471474,0.31821064801320453,0.0,0.004260767608714997
1785943438052963054,12.971620383910794,0.5701652099724203,-3.0414182168451327,0.3289142530599512,0.0,0.006391255294652799
1785943438104846630,12.954558906314414,0.5684502410096831,-3.0409993247349005,0.32892178866045113,0.0,0.006391421002359084
1785943438138862827,12.93804615878488,0.566786759669833,-3.0413524125558435,0.33102772770276756,0.0,-0.003193690240381782
1785943438188139587,12.921577276497182,0.5651303648649799,-3.0415122254329976,0.3310308615251622,0.0,-0.0031947416887996988
1785943438253324805,12.90457198072196,0.5629836784837404,-3.040880895642854,0.32977371953701334,0.0,-0.00106565584401694
1785943438304590406,12.887589376979099,0.5609934471824438,-3.040574069794971,0.32977246540245164,0.0,-0.001065460167981001
1785943438337049138,12.87121448645899,0.5593296583847754,-3.039908749627739,0.3294111319073982,0.0,0.008520353148080575
1785943438390830320,12.854763888791647,0.5576511067278445,-3.0394809274771535,0.3294107712776701,0.0,0.00852123431692845
1785943438443384641,12.838335686432861,0.5559712701750837,-3.0396938881792295,0.3308507392175494,0.0,1.5603999974200117e-06
1785943438505535635,12.821364360073858,0.5531956915354559,-3.0381517769851554,0.33085217081926704,0.0,7.802714399772518e-07
1785943438553314612,12.804785480191086,0.550858672954512,-3.0368994957954962,0.32689273724207235,0.0,0.005325340093342034
1785943438587917199,12.788520075320804,0.5491495460728704,-3.0366329913252277,0.3268887726925341,0.0,0.005325831141316077
1785943438635796339,12.772535997275805,0.5474647749593925,-3.036206973628439,0.3232840059572772,0.0,0.007456459260051066
1785943438710798751,12.755554854931729,0.5450741358074995,-3.034758681316016,0.32328040653492734,0.0,0.00745665520791246
1785943438751795174,12.739117710825557,0.5429722383898873,-3.0342727360155153,0.32975864490019374,0.0,1.3304678429266331e-06
1785943438787619406,12.722682049379875,0.5412015629007274,-3.034272751551868,0.32976492074598623,0.0,6.652932745702894e-07
1785943438837138350,12.706486338553933,0.5394593012559824,-3.034746459003945,0.3276108213204812,0.0,-0.006390379028827595
1785943438890877963,12.690199559572156,0.5377124695480711,-3.0350660513873815,0.32760861186240825,0.0,-0.006390982825286802
1785943438952685104,12.672389543584648,0.5352573716509507,-3.0339853636701437,0.3312071969789954,0.0,0.0021289587261227594
1785943439003950609,12.654870334780785,0.5330303027925095,-3.0334396662299907,0.3312107969376288,0.0,0.002129743746697651
1785943439037005491,12.638378884485801,0.5312392769936682,-3.0332532235286345,0.3315744763058861,0.0,0.0031955974027303756
1785943439088608865,12.62182139204229,0.5294383961206612,-3.0330926953429076,0.33157483926129555,0.0,0.003195695376319751
1785943439154956622,12.604950070637567,0.527226935718178,-3.032037020464173,0.3243735181416736,0.0,0.008521141061812567
1785943439202936694,12.587971907995222,0.5251324668835059,-3.031331803158676,0.32436636439662875,0.0,0.008521628310218117
1785943439236624367,12.572391984611789,0.5234109463220841,-3.0315436669504066,0.31715767086458213,0.0,1.5736579730661615e-06
1785943439291813697,12.55662620045478,0.5216689007990326,-3.0315436864946275,0.31715044359944894,0.0,7.869016436590098e-07
1785943439343466160,12.540975720743077,0.5199366205633401,-3.0309845790792522,0.3157028983953268,0.0,0.007455480734340106
1785943439407799475,12.524502292088343,0.5180415850834295,-3.030564491045222,0.31570145388308163,0.0,0.00745616590009959
1785943439462855328,12.507631653950359,0.5161078134136659,-3.0305549005221484,0.3135988357403819,0.0,0.002131507937861931
1785943439490248337,12.492666818334275,0.5144392895112603,-3.0304526151644198,0.3135970866707826,0.0,0.0021310184699034336
1785943439537953967,12.477057293493788,0.512693352290906,-3.0296198827657634,0.31479502210275256,0.0,0.011716156728408441
1785943439590470718,12.461414167576141,0.5109343894451233,-3.029033898876857,0.3147965079434832,0.0,0.011717032791983903
1785943439653334155,12.446101239608675,0.5091774653427872,-3.0287974829578657,0.31497803285781467,0.0,0.007457637418622238
1785943439705963358,12.43073396355643,0.5074010188380964,-3.028441646583228,0.3149782146928528,0.0,0.007457244341498837
1785943439736066163,12.414966092954268,0.5056104965224457,-3.0283084937834457,0.3165993031225361,0.0,0.004261645214012564
1785943439786386226,12.399241105552571,0.5038214453277918,-3.0280954980640034,0.3166006512330101,0.0,0.004261351545944374
1785943439836368067,12.382804721699625,0.5019475373639796,-3.0278025093426018,0.32604938848687903,0.0,0.005326126450231668
1785943439901716299,12.366280997808326,0.5000330805914325,-3.0275078067369185,0.32606117868561774,0.0,0.005326224356047843
1785943439950799132,12.346738436964785,0.49777830374387866,-3.0276243034131776,0.36721220822790124,0.0,9.790017091752465e-07
1785943439999052174,12.327548786263018,0.4955817721220402,-3.0274378705996554,0.40490399374325337,0.0,0.00745548086551468
1785943440036624631,12.307438937808733,0.49327611263870724,-3.027065176500316,0.4049509404788563,0.0,0.007456165965701446
1785943440090621309,12.286288841160257,0.4908401222034345,-3.026668145590356,0.4049509404788563,0.0,0.007456165965701446
1785943440151065648,12.263186853212044,0.48817345405770585,-3.0259612458284906,0.43321361244120965,0.0,0.011717125341096844
1785943440208753086,12.241376085197015,0.4856401444488636,-3.0254667664373045,0.4226128428217026,0.0,0.007457613859595176
1785943440236856905,12.22095106998059,0.48325755190198577,-3.025103904885834,0.42259993702397025,0.0,0.007457232559839767
1785943440292290628,12.200305446933712,0.4808416308103639,-3.0247553693363116,0.40485386089303843,0.0,0.006391787062422976
1785943440352089376,12.180991145562832,0.47855149670702607,-3.024551018993185,0.4048357544290984,0.0,0.006391686908549331
1785943440410563466,12.16183612529987,0.4762377648930246,-3.024290548039555,0.3907746139930675,0.0,0.006391586754339326
1785943440445793788,12.141942746097206,0.47389346731470544,-3.0239628989343785,0.39076051952858387,0.0,0.006391586745092823
1785943440488131893,12.122870117969377,0.47163955601120816,-3.0239784762163344,0.3965077337649148,0.0,-0.006389239911880039
1785943440538798464,12.103119411765714,0.46930582269064774,-3.02429903072994,0.39651346216408623,0.0,-0.0063904132161408675
1785943440623675767,12.083057040951758,0.4667761945916801,-3.0248361287849783,0.40552121046747674,0.0,-0.01917241084360111
1785943440658966732,12.06068203563589,0.4640177862912275,-3.0258295530650803,0.4055301976032752,0.0,-0.019173585417622614
1785943440686381566,12.042371369216427,0.4618885654799696,-3.0266024483914995,0.4152615383134206,0.0,-0.01597954769657576
1785943440738017453,12.021734042280597,0.4595049594417149,-3.0274018153112094,0.4152711601626126,0.0,-0.01597925682892287
1785943440792115126,12.001395896261938,0.4571723830454768,-3.0282006576454883,0.403758190957242,0.0,-0.015978965961746843
1785943440851271258,11.981159993013014,0.4546391052621741,-3.028756006606055,0.4037467052437978,0.0,-0.015978965935020354
1785943440892405702,11.960555582753729,0.45216234001194444,-3.0294337571762173,0.4037467052437978,0.0,-0.015978965935020354
1785943440941443029,11.941685622656285,0.4500461933794779,-3.0315572606772467,0.39293238401941444,0.0,-0.034085199137872293
1785943440998401064,11.922171563391087,0.44789025748857814,-3.033861167479092,0.3929112232879529,0.0,-0.058584947504418235
1785943441036693995,11.902621362998586,0.44577590032682146,-3.03679336576354,0.3929112125126965,0.0,-0.05858724561023597
1785943441102612232,11.882726175113703,0.4436133272768785,-3.0396906113755504,0.39903257422922306,0.0,-0.059654613466718014
1785943441152592186,11.862706230962617,0.44151566761335415,-3.042637893784699,0.39903867794452863,0.0,-0.059654711491630624
1785943441186836263,11.842801660362767,0.43953955903752234,-3.0454056132783442,0.40156534590703297,0.0,-0.05113426148946527
1785943441236736470,11.822804188169737,0.4376101067326807,-3.0479637804526942,0.40156786923871385,0.0,-0.05113347776020681
1785943441304186028,11.802576037813438,0.43571061146635437,-3.0505440851901637,0.41201272458363813,0.0,-0.05219775975955646
1785943441357567547,11.782439493039995,0.4340809536775058,-3.053326564014843,0.4120231546538828,0.0,-0.05219785764515617
1785943441403590779,11.76227947011558,0.4324452075677876,-3.056300179588285,0.41176365792456654,0.0,-0.06284865155090541
1785943441436709663,11.741823532913742,0.43069622738089197,-3.0594338953008786,0.4117633355678303,0.0,-0.06284962667174322
1785943441487546672,11.721817053683806,0.4290488175639168,-3.062336352906522,0.39150858539760175,0.0,-0.05326498863012184
1785943441537356028,11.702292132395991,0.42749809724071897,-3.0650012365126167,0.3914883132147525,0.0,-0.053264104864587304
1785943441605355590,11.684386380174434,0.4264513917907365,-3.0681378838520463,0.36014106209704566,0.0,-0.05752349526967513
1785943441654106890,11.667084218441314,0.42537051713099205,-3.0712368083334507,0.36010976251846644,0.0,-0.05752388697878943
1785943441690227581,11.648241995309268,0.42404265855693263,-3.0743902225149298,0.38600500042074065,0.0,-0.06710991861391828
1785943441736166682,11.629246999750924,0.42276422193919777,-3.0776998536791784,0.38603047809620833,0.0,-0.06711078726311615
1785943441791002079,11.609325546623973,0.42148964479945533,-3.081630537763159,0.4133704816474793,0.0,-0.09054310841747003
1785943441862361124,11.589626254798047,0.4205801705136313,-3.0866180176411495,0.4133935557198738,0.0,-0.09054529384945077
1785943441902344966,11.569385900132197,0.41955503963462487,-3.091770321243349,0.4288624209798397,0.0,-0.10545844305783891
1785943441937225003,11.547988044064972,0.41848806378731873,-3.0970383970559983,0.42888168365330614,0.0,-0.10545981150839384
1785943441986131125,11.526939942786727,0.41754967258119496,-3.1021389801672115,0.40738584693590973,0.0,-0.09694062035481876
1785943442037561436,11.506739611130977,0.41675228386251145,-3.10694987000865,0.4073645430370239,0.0,-0.09693984252959377
1785943442103940266,11.486681036778569,0.4157289674851274,-3.111505761555658,0.38609882794214107,0.0,-0.09161372827465597
1785943442180680566,11.466895165634561,0.4148638699958611,-3.1160564291361683,0.3860774384840238,0.0,-0.09161323485860655
1785943442188176106,11.442646621163226,0.4142445190897286,-3.1218123006003635,0.3860774384840238,0.0,-0.09161323485860655
1785943442236469054,11.428941295841296,0.41397273067974355,-3.1248883375125107,0.3802920565267822,0.0,-0.08735228026373623
1785943442313693212,11.410217594543184,0.4137533064642721,-3.129055081928482,0.38927972716431086,0.0,-0.07244156210053294
1785943442351094814,11.391122605072104,0.41357839310773514,-3.1327091783687537,0.38929144900046597,0.0,-0.07243977090594358
1785943442386600890,11.371237558660413,0.4134017332435449,-3.1360658171040026,0.40586688732880594,0.0,-0.061787294899541795
1785943442438564469,11.350937845539963,0.41328953701077176,-3.1391559360424255,0.4058834279050674,0.0,-0.061786315831691564
1785943442487445630,11.330569262952372,0.4132398974764427,-3.141323978652109,0.40589997408400313,0.0,-0.024507908655684675
1785943442551594810,11.310651926463686,0.4135473756007507,3.140311016010988,0.40589998779357234,0.0,-0.02450449541843025
1785943442604475319,11.290951233394374,0.4137578432593276,3.139156836284824,0.39240383206350044,0.0,-0.013850403688613977
1785943442637019206,11.271340835428793,0.4138056107098085,3.138464688627282,0.3923869374479003,0.0,-0.013849420898804749
1785943442687171806,11.251926009814266,0.4138663384813377,3.1380653997154635,0.38456569264981466,0.0,-0.002132684921979898
1785943442754003165,11.231840494561506,0.4140709071215348,3.137655571350932,0.3845591830330058,0.0,-0.0021316070161373963
1785943442802997034,11.211821004211975,0.4141919320174072,3.1377910849678345,0.38560241173775966,0.0,0.01491058137234341
1785943442837227832,11.192608243802649,0.41426497025020004,3.1385341277426915,0.3856037079613283,0.0,0.014912141735112353
1785943442894055078,11.173137155440582,0.4143245238730391,3.139279166031816,0.3938595321044037,0.0,0.014913702095515851
1785943442938047195,11.15342496457351,0.41437012799177386,3.140025561099266,0.3938664272541395,0.0,0.01491370223956334
1785943443006834369,11.133062812615208,0.41513824054499976,3.139848673254205,0.396422624624301,0.0,0.011718495783795935
1785943443054427739,11.112751137781549,0.41561872408563394,3.1399211673086067,0.39642580948157513,0.0,0.011718202426691596
1785943443087591297,11.093110513099475,0.4156515558589261,3.1401347009414473,0.3885972256930351,0.0,-0.003193053546145014
1785943443137395181,11.073695838336029,0.41567986217882913,3.139975065375533,0.3885894195405838,0.0,-0.00319442333119024
1785943443203315658,11.053426122418289,0.4162894199688819,3.1393412761396293,0.3867812212436592,0.0,0.006389822250136606
1785943443253637576,11.033339934182631,0.4166533995280576,3.139256123484338,0.38677941424256634,0.0,0.006390704411786428
1785943443288013723,11.013460354949341,0.4166998459140096,3.1400121187197936,0.38353667372413575,0.0,0.023432785151964237
1785943443335978658,10.99489731371008,0.4167291847088689,3.141146384140993,0.38353354098323356,0.0,0.02343430145677329
1785943443388845918,10.975879425409484,0.4167376656503462,-3.140166197770249,0.373448700754942,0.0,0.0521925215593452
1785943443454813565,10.95701050617598,0.4170922449715446,-3.13806999073375,0.373438357526179,0.0,0.052195238297384566
1785943443503615460,10.93823870823033,0.41724474960049984,-3.136389068780397,0.3680250586778417,0.0,0.027701399692933556
1785943443537367391,10.919836917831553,0.4171489943048852,-3.1350040834535124,0.3680205354028544,0.0,0.02769913798299097
1785943443586022336,10.901579846179914,0.4170287060685173,-3.1339394445835604,0.36261749364725815,0.0,0.014916053520567877
1785943443651865818,10.88359193670428,0.4169502060531465,-3.1333574199946326,0.3626107513595021,0.0,0.0149148780602013
1785943443703361028,10.865543105957645,0.4167952115117014,-3.1328347891722035,0.36404433040384493,0.0,0.009588359262532396
1785943443736854166,10.847336487358294,0.41663575657963337,-3.1323552764306193,0.3640457605374123,0.0,0.009587869728144512
1785943443794358013,10.829012694012045,0.41646648608383996,-3.131556283191847,0.3690883263782425,0.0,0.022368202981858445
1785943443837956484,10.810542192778295,0.4162811026256852,-3.1304367765975987,0.36909335869683274,0.0,0.02236937770500967
1785943443892809577,10.791063429265122,0.41691892172356154,-3.130230790527606,0.36909335869683274,0.0,0.02236937770500967
1785943443954901625,10.771744665703753,0.4172408833245203,-3.1307850119420992,0.3719790701630223,0.0,0.007459574323476175
1785943444000160157,10.752827898558692,0.4170364363010747,-3.1310149465347874,0.37306505025886794,0.0,-0.017039769074154013
1785943444039106968,10.73429346513189,0.4168403782030993,-3.131861717893006,0.37306612118122506,0.0,-0.017041999981693833
1785943444087939616,10.715931890691214,0.4166617032922409,-3.1335036582309717,0.365145601719271,0.0,-0.04899622104570482
1785943444153708183,10.700734200150212,0.41677964413647256,-3.13595213312679,0.3651376069350092,0.0,-0.04899919180271973
1785943444203179510,10.685185898499643,0.41689910576688927,-3.138461175415705,0.3599242475699358,0.0,-0.050067032371553466
1785943444240501685,10.66719197714822,0.4168427598419248,-3.140964422772329,0.35991115721440176,0.0,-0.05006723039877659
1785943444286745373,10.648758602451341,0.41681211435251864,-3.1403527332342276,0.36547927694906523,0.0,-0.008529753602184283
1785943444352986310,10.632715311732047,0.417342433923258,-3.141039920823511,0.3654848333199315,0.0,-0.008525934976075018
1785943444403067804,10.615896020305222,0.4177699331407908,-3.1406272879393864,0.37221787840831794,0.0,0.011715434687440705
1785943444437527026,10.597341096681012,0.4177520193571784,-3.140043165743676,0.3722216042647218,0.0,0.011716671775966353
1785943444487979797,10.57852024057907,0.41772286332989683,-3.140043162671261,0.3716269865354852,0.0,4.332572528057202e-06
1785943444539300216,10.560197051383689,0.4176944737036386,-3.1400431655719405,0.3716254971927269,0.0,2.166686861064857e-06
1785943444603172330,10.552946033190144,0.4165926343232878,-3.137920227425959,0.3673030480017485,0.0,0.005325342786376064
1785943444652875121,10.54374743812309,0.4159910678986953,-3.136656218859349,0.36729873176065886,0.0,0.005325832488069393
1785943444685726668,10.52589562122206,0.4159032137656451,-3.1364697688428955,0.36045287595207104,0.0,0.0042612535351856315
1785943444737207893,10.50787492714809,0.4158108948829585,-3.136256728548559,0.3604460444047208,0.0,0.004261155688535042
1785943444801888068,10.499578648658192,0.41487502153529127,-3.1341721231370654,0.35719848626304784,0.0,0.010651469682641319
1785943444854443157,10.489572902747712,0.41435747897710407,-3.132864078309578,0.35719524525247864,0.0,0.010652057067195023
1785943444886639255,10.471831863317307,0.4142073320583759,-3.1331304630646395,0.3557516804522129,0.0,1.9579160539309748e-06
1785943444936588552,10.454037496714161,0.41405675086856275,-3.133130487501002,0.3557502398966015,0.0,9.790480046006206e-07
1785943445005189256,10.44422643594697,0.41374727604436784,-3.1326966587079332,0.356468963915813,0.0,-0.002130137046722429
1785943445053519037,10.433079729671881,0.41358444874916883,-3.132454426116224,0.3564696812886599,0.0,-0.0021303329613231304
1785943445087892527,10.415190032423235,0.4134166743802898,-3.1318405931201148,0.35647039866170316,0.0,0.007455088886396137
1785943445137226377,10.397423041890812,0.41324340254996017,-3.1314688930769408,0.35647039937762937,0.0,0.0074559699581137305
1785943445191321843,10.379510259004949,0.41306061938861,-3.1308541762356263,0.35683048589927563,0.0,0.010652057315666156
1785943445253429955,10.368692136641254,0.4120913913448961,-3.129048955093938,0.3568308450366918,0.0,0.01065235091073124
1785943445302742588,10.357759535919996,0.41149907299177235,-3.12775764187366,0.342067922003614,0.0,0.01065264450572373
1785943445337308278,10.340660469900213,0.4112624900152964,-3.127225036042248,0.34205317821199177,0.0,0.01065264453272989
1785943445386462025,10.325346973671683,0.41103529790093307,-3.1254941090079305,0.31827310499688766,0.0,0.02662867354055991
1785943445456527743,10.31430539655545,0.41041057307447676,-3.123539743175252,0.3182493753690191,0.0,0.02663014186933102
1785943445503186775,10.304662225439513,0.40995768009976585,-3.122120496768945,0.2897792869757151,0.0,0.022371335691676604
1785943445536583461,10.29017820295587,0.40967560544546844,-3.121001873981788,0.2897508723273571,0.0,0.022370944203895637
1785943445600330930,10.277156051063901,0.409403776054389,-3.119241147231736,0.269918020014295,0.0,0.030891102020507252
1785943445637164800,10.263695127439364,0.4091028497634926,-3.117699829033272,0.2698982294612678,0.0,0.030891885084241018
1785943445702182396,10.25335581078139,0.4086558056794275,-3.116157711792561,0.26729555871425853,0.0,0.023436731960052894
1785943445755426950,10.242526496177447,0.4083048693799727,-3.1147744411465057,0.2672941143701402,0.0,0.023436275023749523
1785943445787773358,10.228590590283124,0.4079310490981897,-3.1137084968005326,0.28993646485889357,0.0,0.019175543182567395
1785943445836838270,10.21410246282657,0.40752695604730277,-3.1127500916638415,0.2899646949687575,0.0,0.019175151731018237
1785943445890601755,10.198885948956423,0.4070879540858211,-3.1117346680777844,0.3033792356827901,0.0,0.02023963206461999
1785943445954481005,10.188437559544475,0.40760618580003566,-3.1117479765790006,0.3034059636733244,0.0,0.02023982786238152
1785943446002383250,10.17671987047312,0.4077378781475655,-3.112103509222711,0.308833952302746,0.0,0.009589338510998066
1785943446039420967,10.161273069054612,0.40728223446937467,-3.111623818841558,0.30883937013993007,0.0,0.009588359397401977
1785943446087292779,10.147343374905999,0.4068602768751157,-3.1103430674846426,0.28837334674929876,0.0,0.020238069219600446
1785943446151574027,10.136382439458966,0.4069688950474905,-3.109770338973342,0.28835635336939486,0.0,0.020239046386224525
1785943446201782982,10.125488131166604,0.4069531643568744,-3.1095104315294635,0.27288065424690594,0.0,0.010653814200277485
1785943446236289213,10.111967618613647,0.406519247635234,-3.1089822998794094,0.2728678333823182,0.0,0.010653229415688501
1785943446286836228,10.098072489283927,0.40606596350607954,-3.1085541719216474,0.27671797663552083,0.0,0.008522912325189893
1785943446354853582,10.088372539070605,0.40578538910347967,-3.1080749627180486,0.27672577304490825,0.0,0.008522514060961045
1785943446405208462,10.077646786439585,0.4054977025267405,-3.1069891104069245,0.2799743201601502,0.0,0.017042666799130538
1785943446437582423,10.063656291455,0.405013387716656,-3.1061368942141137,0.2799775581174584,0.0,0.017043448975545276
1785943446490549878,10.049328123897737,0.40450823200590363,-3.105921462864012,0.28358158619241314,0.0,0.008523684197175528
1785943446539958675,10.035224621190709,0.40400493102436136,-3.105497391984835,0.2835851879201865,0.0,0.008522899994672805
1785943446603057992,10.02255211703659,0.40354917821323466,-3.104601263906119,0.2778274947881223,0.0,0.013847459035344397
1785943446652646988,10.009559879110888,0.4030960962871572,-3.1038682858440367,0.2778217489538344,0.0,0.01384794843651694
1785943446686856088,9.996402699246907,0.4026007731123391,-3.103484320760877,0.2588947886695073,0.0,0.007457626041272951
1785943446739168192,9.983677186654331,0.40211559016265735,-3.103117496812379,0.2588843995998819,0.0,0.007457238640032726
1785943446787001891,9.971978465935099,0.4016652536253835,-3.102584784090265,0.23419630229333172,0.0,0.01065143127467623
1785943446853833153,9.96094993762522,0.4014333317291667,-3.1022407767548303,0.23413281344013037,0.0,0.010652037802016675
1785943446902491138,9.950774944045106,0.401175038324246,-3.1017647702489275,0.21470188363443796,0.0,0.011717778389969765
1785943446938438639,9.940050929509535,0.4007476971113021,-3.101178944331631,0.21468894977602196,0.0,0.011717843698840054
1785943446987063983,9.929957447087823,0.4003395590203778,-3.1008061264570923,0.20209827484404025,0.0,0.007458417667596049
1785943447052575485,9.92009936662814,0.4001591217030813,-3.100556012230529,0.20207318785444275,0.0,0.007457634573705376
1785943447102973598,9.91302246566523,0.40005357336965014,-3.0999341614116993,0.16392685184589403,0.0,0.011717125840193975
1785943447136575316,9.904873582019736,0.3997139046249602,-3.0993508589423513,0.16389511974371943,0.0,0.011717517391958025
1785943447187053464,9.906090044809034,0.39976347266565115,-3.0987631182585025,0.0,0.0,0.0
1785943447236789505,9.904185360526663,0.39968183677635355,-3.0981791638901477,0.0,0.0,0.0
1785943447303450521,9.905296327905846,0.39978354821253825,-3.0979478606541364,0.0,0.0,0.0
1785943447352737714,9.90557847191328,0.3998846034673782,-3.097610049110657,0.0,0.0,0.0
1785943447390338683,9.906371185585892,0.3999194181520968,-3.0977441608845466,0.0,0.0,0.0
1785943447437071509,9.906681321435837,0.3999330258926239,-3.0977441754426933,0.0,0.0,0.0
1785943447512203206,9.906255429284856,0.400080961734859,-3.09785412451335,0.0,0.0,0.0
1785943447562257658,9.906028217863941,0.4002087700913279,-3.097920566044769,0.0,0.0,0.0
1785943447586881318,9.906649811842598,0.40023594663439244,-3.097920566045906,0.0,0.0,0.0
1785943447644428046,9.907120364006836,0.4002565097205346,-3.097920566045906,0.0,0.0,0.0
1785943447697268841,9.907724491436586,0.4002828995647389,-3.0979960428718534,0.0,0.0,0.0
1785943447751777346,9.90599344254428,0.4006038664087103,-3.0989012774207922,0.0,0.0,0.0
1785943447801738227,9.903878668428883,0.400691828543403,-3.099289818049755,0.0,0.0,0.0
1785943447837159788,9.903878377320062,0.40069181559685063,-3.0992898155673396,0.0,0.0,0.0
1785943447886301183,9.903806258003492,0.40068876287630956,-3.0992898155678508,0.0,0.0,0.0
1785943447936712961,9.903734165838163,0.40068571135260356,-3.0992898155678508,0.0,0.0,0.0
1785943448007830781,9.903423615749425,0.400870287483421,-3.099708056236777,0.0,0.0,0.0
1785943448057210649,9.903164399728078,0.4009843890875481,-3.0999637557997897,0.0,0.0,0.0
1785943448100733885,9.903173439265323,0.40098476794333876,-3.0999637557997897,0.0,0.0,0.0
1785943448151925211,9.903173445951213,0.40098476822415346,-3.0999637557997897,0.0,0.0,0.0
1785943448199464499,9.90317345492452,0.4009847685979203,-3.0999637557997897,0.0,0.0,0.0
1785943448243367557,9.903173454930341,0.4009847685981628,-3.0999637557997897,0.0,0.0,0.0
1785943448293332118,9.903173454937155,0.40098476859844656,-3.0999637557997897,0.0,0.0,0.0
1785943448351576344,9.902993491813998,0.4010497018631817,-3.0999697046441788,0.0,0.0,0.0
1785943448404047558,9.90284832921983,0.4011137997804169,-3.0999754506382966,0.0,0.0,0.0
1785943448436413742,9.90284832921983,0.4011137997804169,-3.0999754506382966,0.0,0.0,0.0
1785943448486944885,9.90284832921983,0.4011137997804169,-3.0999754506382966,0.0,0.0,0.0
1785943448552433794,9.903042284585045,0.4011152486107511,-3.1005365711470607,0.0,0.0,0.0
1785943448602531256,9.903202945159967,0.4010490129564575,-3.100850364754786,0.0,0.0,0.0
1785943448638170137,9.903202945159967,0.4010490129564575,-3.100850364754786,0.0,0.0,0.0
1785943448693226214,9.903202945159967,0.4010490129564575,-3.100850364754786,0.0,0.0,0.0
1785943448739137282,9.903202945159967,0.4010490129564575,-3.100850364754786,0.0,0.0,0.0
1785943448810178844,9.903331931772748,0.40098737415234653,-3.1010366900919726,0.0,0.0,0.0
1785943448857803414,9.903435710390884,0.4009083489923199,-3.1011223444346157,0.0,0.0,0.0
1785943448892182729,9.903435710390884,0.4009083489923199,-3.1011223444346157,0.0,0.0,0.0
1785943448937902686,9.903435710390884,0.4009083489923199,-3.1011223444346157,0.0,0.0,0.0
1785943448990279112,9.903435710390884,0.4009083489923199,-3.1011223444346157,0.0,0.0,0.0
1785943449056243623,9.906424207824333,0.4009800106926944,-3.1009855192423794,0.0,0.0,0.0
1785943449102728760,9.908772063828259,0.40104061582967754,-3.100921585917794,0.0,0.0,0.0
1785943449138147857,9.908772063828259,0.40104061582967754,-3.100921585917794,0.0,0.0,0.0
1785943449185838414,9.908772063828259,0.40104061582967754,-3.100921585917794,0.0,0.0,0.0
1785943449236618334,9.908772063828259,0.40104061582967754,-3.100921585917794,0.0,0.0,0.0
1785943449305207165,9.910037359282757,0.40116091416369126,-3.1010136027707875,0.0,0.0,0.0
1785943449354508470,9.911067175853123,0.4012689056416019,-3.101071436404918,0.0,0.0,0.0
1785943449388653472,9.911067175853123,0.4012689056416019,-3.101071436404918,0.0,0.0,0.0
1785943449439428047,9.911067175853123,0.4012689056416019,-3.101071436404918,0.0,0.0,0.0
1785943449502582790,9.914529067179208,0.40150385278446876,-3.1015753544294298,0.0,0.0,0.0
1785943449556062137,9.917351199320581,0.4017046430039447,-3.10186530951455,0.0,0.0,0.0
1785943449588907443,9.917351199320581,0.4017046430039447,-3.10186530951455,0.0,0.0,0.0
1785943449637876768,9.917351199320581,0.4017046430039447,-3.10186530951455,0.0,0.0,0.0
1785943449687370560,9.917351199320581,0.4017046430039447,-3.10186530951455,0.0,0.0,0.0
1785943449736577621,9.917351199320581,0.4017046430039447,-3.10186530951455,0.0,0.0,0.0
1785943449788381738,9.917351199320581,0.4017046430039447,-3.10186530951455,0.0,0.0,0.0
1785943449837944588,9.917351199320581,0.4017046430039447,-3.10186530951455,0.0,0.0,0.0
1785943449888932995,9.917351199320581,0.4017046430039447,-3.10186530951455,0.0,0.0,0.0
1785943449954756829,9.922472996315294,0.4017873346638051,-3.1027954978044274,0.0,0.0,0.0
1785943450003737033,9.926458710542907,0.40182214538446853,-3.1031892175503217,0.0,0.0,0.0
1785943450039322441,9.926458710542907,0.40182214538446853,-3.1031892175503217,0.0,0.0,0.0
1785943450085844667,9.926458710542907,0.40182214538446853,-3.1031892175503217,0.0,0.0,0.0
1785943450136009044,9.926458710542907,0.40182214538446853,-3.1031892175503217,0.0,0.0,0.0
1785943450212720734,9.929901315683757,0.4019053290625676,-3.103305259215144,0.0,0.0,0.0
1785943450251393263,9.932686699037635,0.40196416541676294,-3.1033721093537365,0.0,0.0,0.0
1785943450287796237,9.932686699037635,0.40196416541676294,-3.1033721093537365,0.0,0.0,0.0
1785943450341501352,9.932686699037635,0.40196416541676294,-3.1033721093537365,0.0,0.0,0.0
1785943450402713976,9.934729943019395,0.40203784122137076,-3.103382427459753,0.0,0.0,0.0
1785943450459159928,9.936384952602536,0.4020966591984828,-3.1033880163186724,0.0,0.0,0.0
1785943450489951110,9.936384952602536,0.4020966591984828,-3.1033880163186724,0.0,0.0,0.0
1785943450538081972,9.936384952602536,0.4020966591984828,-3.1033880163186724,0.0,0.0,0.0
1785943450587836605,9.936384952602536,0.4020966591984828,-3.1033880163186724,0.0,0.0,0.0
1785943450654351472,9.937480635242075,0.4021682833229342,-3.103338863725878,0.0,0.0,0.0
1785943450703465986,9.938380083674963,0.4022317750214387,-3.103310811365247,0.0,0.0,0.0
1785943450738252004,9.938380083674963,0.4022317750214387,-3.103310811365247,0.0,0.0,0.0
1785943450789991639,9.938380083674963,0.4022317750214387,-3.103310811365247,0.0,0.0,0.0
1785943450837294086,9.938380083674963,0.4022317750214387,-3.103310811365247,0.0,0.0,0.0
1785943450908759951,9.939581627667335,0.40233451878097803,-3.1032955784725806,0.0,0.0,0.0
1785943450953548898,9.94056512546099,0.4024276320259815,-3.10328910526852,0.0,0.0,0.0
1785943450988945082,9.94056512546099,0.4024276320259815,-3.10328910526852,0.0,0.0,0.0
1785943451038976461,9.94056512546099,0.4024276320259815,-3.10328910526852,0.0,0.0,0.0
1785943451104028427,9.941946988688748,0.40250683448992997,-3.103231648381485,0.0,0.0,0.0
1785943451153327203,9.943076278020946,0.4025756059052431,-3.1032009484730474,0.0,0.0,0.0
1785943451188624920,9.943076278020946,0.4025756059052431,-3.1032009484730474,0.0,0.0,0.0
1785943451237508577,9.943076278020946,0.4025756059052431,-3.1032009484730474,0.0,0.0,0.0
1785943451290443456,9.943076278020946,0.4025756059052431,-3.1032009484730474,0.0,0.0,0.0
1785943451356573861,9.94386787926251,0.40262955216011076,-3.1031014583420604,0.0,0.0,0.0
1785943451400772737,9.944529205732666,0.40267793971242694,-3.103038965297708,0.0,0.0,0.0
1785943451437695698,9.944529205732666,0.40267793971242694,-3.103038965297708,0.0,0.0,0.0
1785943451488510019,9.944529205732666,0.40267793971242694,-3.103038965297708,0.0,0.0,0.0
1785943451552632829,9.94452793870462,0.4027326238103891,-3.1029084232612805,0.0,0.0,0.0
1785943451607840496,9.94452655573685,0.4027863173882509,-3.1028351076423784,0.0,0.0,0.0
1785943451638511578,9.94452655573685,0.4027863173882509,-3.1028351076423784,0.0,0.0,0.0
1785943451686063570,9.94452655573685,0.4027863173882509,-3.1028351076423784,0.0,0.0,0.0
1785943451737663296,9.94452655573685,0.4027863173882509,-3.1028351076423784,0.0,0.0,0.0
1785943451801630197,9.94450409467974,0.40283070043976565,-3.1028392912522436,0.0,0.0,0.0
1785943451851676841,9.94448529525589,0.40287441106085875,-3.1028433061218306,0.0,0.0,0.0
1785943451886226850,9.94448529525589,0.40287441106085875,-3.1028433061218306,0.0,0.0,0.0
1785943451937950004,9.94448529525589,0.40287441106085875,-3.1028433061218306,0.0,0.0,0.0
1785943451988380631,9.94448529525589,0.40287441106085875,-3.1028433061218306,0.0,0.0,0.0
1785943452052977091,9.94531248415253,0.40291353460912577,-3.1028347963163183,0.0,0.0,0.0
1785943452103142971,9.946007717717702,0.4029472980715356,-3.102829566125698,0.0,0.0,0.0
1785943452140772134,9.946007717717702,0.4029472980715356,-3.102829566125698,0.0,0.0,0.0
1785943452188668811,9.946007717717702,0.4029472980715356,-3.102829566125698,0.0,0.0,0.0
1785943452237435984,9.946007717717702,0.4029472980715356,-3.102829566125698,0.0,0.0,0.0
1785943452307120824,9.946388207904981,0.4029640214965217,-3.102964701438301,0.0,0.0,0.0
1785943452351661569,9.94670510608103,0.4029782009111296,-3.1030429617931525,0.0,0.0,0.0
1785943452385971026,9.94670510608103,0.4029782009111296,-3.1030429617931525,0.0,0.0,0.0
1785943452451887630,9.94670510608103,0.4029782009111296,-3.1030429617931525,0.0,0.0,0.0
1785943452504458336,9.946582133942494,0.40301308884910325,-3.102963619435494,0.0,0.0,0.0
1785943452550710920,9.946480201436609,0.40304812230829473,-3.1029209151058366,0.0,0.0,0.0
1785943452597631657,9.946480201436609,0.40304812230829473,-3.1029209151058366,0.0,0.0,0.0
1785943452636755531,9.946480201436609,0.40304812230829473,-3.1029209151058366,0.0,0.0,0.0
1785943452707250960,9.94642614356154,0.4030561080039619,-3.102992380510814,0.0,0.0,0.0
1785943452750735891,9.946380620279081,0.4030642565527641,-3.103037795549849,0.0,0.0,0.0
1785943452786817604,9.946380620279081,0.4030642565527641,-3.103037795549849,0.0,0.0,0.0
1785943452835921014,9.946380620279081,0.4030642565527641,-3.103037795549849,0.0,0.0,0.0
1785943452886008716,9.946380620279081,0.4030642565527641,-3.103037795549849,0.0,0.0,0.0
1785943452951503161,9.946397027744602,0.4030756872857652,-3.1031267264919324,0.0,0.0,0.0
1785943453003666811,9.946410632170599,0.40308682953908564,-3.10317827619286,0.0,0.0,0.0
1785943453037040489,9.946410632170599,0.40308682953908564,-3.10317827619286,0.0,0.0,0.0
1785943453087922364,9.946410632170599,0.40308682953908564,-3.10317827619286,0.0,0.0,0.0
1785943453138340574,9.946410632170599,0.40308682953908564,-3.10317827619286,0.0,0.0,0.0
1785943453202796293,9.946470118240406,0.4030758872213393,-3.103237927418774,0.0,0.0,0.0
1785943453252429482,9.946520556912004,0.40306480903277875,-3.103276028775569,0.0,0.0,0.0
1785943453287124201,9.946520556912004,0.40306480903277875,-3.103276028775569,0.0,0.0,0.0
1785943453336587879,9.946520556912004,0.40306480903277875,-3.103276028775569,0.0,0.0,0.0
1785943453390573645,9.946520556912004,0.40306480903277875,-3.103276028775569,0.0,0.0,0.0
1785943453454285176,9.947900615228251,0.40305239728953723,-3.103515579980927,0.0,0.0,0.0
1785943453503358505,9.949041830932414,0.40303178686021596,-3.1036420912631795,0.0,0.0,0.0
1785943453538184908,9.949041830932414,0.40303178686021596,-3.1036420912631795,0.0,0.0,0.0
1785943453588199231,9.949041830932414,0.40303178686021596,-3.1036420912631795,0.0,0.0,0.0
1785943453653112311,9.948986641436504,0.4030138521442367,-3.1036695419018154,0.0,0.0,0.0
1785943453702563605,9.94894080204322,0.4029965289921753,-3.103685025626323,0.0,0.0,0.0
1785943453736695199,9.94894080204322,0.4029965289921753,-3.103685025626323,0.0,0.0,0.0
1785943453787083584,9.94894080204322,0.4029965289921753,-3.103685025626323,0.0,0.0,0.0
1785943453837705001,9.94894080204322,0.4029965289921753,-3.103685025626323,0.0,0.0,0.0
1785943453903229016,9.94912027082852,0.40296478842675876,-3.103657428076668,0.0,0.0,0.0
1785943453954249488,9.949268835743034,0.4029324518608097,-3.103640574138833,0.0,0.0,0.0
1785943453986863394,9.949268835743034,0.4029324518608097,-3.103640574138833,0.0,0.0,0.0
1785943454039633818,9.949268835743034,0.4029324518608097,-3.103640574138833,0.0,0.0,0.0
1785943454089463206,9.949268835743034,0.4029324518608097,-3.103640574138833,0.0,0.0,0.0
1785943454151511189,9.949430450297243,0.4029197764728399,-3.103744567565726,0.0,0.0,0.0
1785943454201291647,9.949565046742377,0.40290634391195507,-3.1038053619109918,0.0,0.0,0.0
1785943454246204918,9.949565046742377,0.40290634391195507,-3.1038053619109918,0.0,0.0,0.0
1785943454286521348,9.949565046742377,0.40290634391195507,-3.1038053619109918,0.0,0.0,0.0
1785943454351352089,9.949565046742377,0.40290634391195507,-3.1038053619109918,0.0,0.0,0.0
1785943454391854861,9.949565046742377,0.40290634391195507,-3.1038053619109918,0.0,0.0,0.0
1785943454451632264,9.949645365480928,0.40292162243381524,-3.103812355802147,0.0,0.0,0.0
1785943454504771694,9.949712527319514,0.40293620780386236,-3.103817004490324,0.0,0.0,0.0
1785943454537980534,9.949712527319514,0.40293620780386236,-3.103817004490324,0.0,0.0,0.0
1785943454600744479,9.949712527319514,0.40293620780386236,-3.103817004490324,0.0,0.0,0.0
1785943454655462527,9.950536534038642,0.4029566049984361,-3.1038561273683527,0.0,0.0,0.0
1785943454703464008,9.951220248497247,0.40297174098120675,-3.10387782014746,0.0,0.0,0.0
1785943454753631201,9.951220248497247,0.40297174098120675,-3.10387782014746,0.0,0.0,0.0
1785943454788039252,9.951220248497247,0.40297174098120675,-3.10387782014746,0.0,0.0,0.0
1785943454844905892,9.951220248497247,0.40297174098120675,-3.10387782014746,0.0,0.0,0.0
1785943454892881036,9.951220248497247,0.40297174098120675,-3.10387782014746,0.0,0.0,0.0
1785943454956185193,9.950532790183336,0.40292485898332586,-3.103862905692124,0.0,0.0,0.0
1785943455001235781,9.949959336574832,0.40288268577088504,-3.103853360648209,0.0,0.0,0.0
1785943455036707744,9.949959336574832,0.40288268577088504,-3.103853360648209,0.0,0.0,0.0
1785943455085824242,9.949959336574832,0.40288268577088504,-3.103853360648209,0.0,0.0,0.0
1785943455138525608,9.949959336574832,0.40288268577088504,-3.103853360648209,0.0,0.0,0.0
1785943455205521452,9.950187804693844,0.40287111572475,-3.1037874500577964,0.0,0.0,0.0
1785943455251147518,9.950377071587777,0.40285832465844984,-3.1037497058920467,0.0,0.0,0.0
1785943455288054574,9.950377071587777,0.40285832465844984,-3.1037497058920467,0.0,0.0,0.0
1785943455336704462,9.950377071587777,0.40285832465844984,-3.1037497058920467,0.0,0.0,0.0
1785943455387816874,9.950377071587777,0.40285832465844984,-3.1037497058920467,0.0,0.0,0.0
1785943455484373200,9.950404104122745,0.4029149305474711,-3.103512159746641,0.0,0.0,0.0
1785943455521615308,9.950426018006958,0.40297054902831647,-3.103383316158095,0.0,0.0,0.0
1785943455526308057,9.950426018006958,0.40297054902831647,-3.103383316158095,0.0,0.0,0.0
1785943455588196194,9.950426018006958,0.40297054902831647,-3.103383316158095,0.0,0.0,0.0
1785943455669090727,9.951529878798288,0.4029504310984305,-3.103574214919455,0.0,0.0,0.0
1785943455706362628,9.952435943145543,0.4029235835311966,-3.1036764155763152,0.0,0.0,0.0
1785943455739263521,9.952435943145543,0.4029235835311966,-3.1036764155763152,0.0,0.0,0.0
1785943455788185771,9.952435943145543,0.4029235835311966,-3.1036764155763152,0.0,0.0,0.0
1785943455851227134,9.951830171163932,0.402907667978661,-3.1034656296966348,0.0,0.0,0.0
1785943455901795334,9.951322679008902,0.4028954261763569,-3.1033323159113393,0.0,0.0,0.0
1785943455936985430,9.951322679008902,0.4028954261763569,-3.1033323159113393,0.0,0.0,0.0
1785943455988682119,9.951322679008902,0.4028954261763569,-3.1033323159113393,0.0,0.0,0.0
1785943456046307411,9.951322679008902,0.4028954261763569,-3.1033323159113393,0.0,0.0,0.0
1785943456103688341,9.951710202825623,0.4029350267898449,-3.1033319323084965,0.0,0.0,0.0
1785943456153407838,9.952031857912154,0.40297176609939855,-3.1033326033318973,0.0,0.0,0.0
1785943456187869363,9.952031857912154,0.40297176609939855,-3.1033326033318973,0.0,0.0,0.0
1785943456238325047,9.952031857912154,0.40297176609939855,-3.1033326033318973,0.0,0.0,0.0
1785943456287927546,9.952031857912154,0.40297176609939855,-3.1033326033318973,0.0,0.0,0.0
1785943456353539308,9.95217517463942,0.4029901247018497,-3.1033193632419334,0.0,0.0,0.0
1785943456406498572,9.952296195104923,0.4030074567774249,-3.103311200703247,0.0,0.0,0.0
1785943456436620386,9.952296195104923,0.4030074567774249,-3.103311200703247,0.0,0.0,0.0
1785943456493083682,9.952296195104923,0.4030074567774249,-3.103311200703247,0.0,0.0,0.0
1785943456552491696,9.95233791062039,0.4030312475294738,-3.103274104475545,0.0,0.0,0.0
1785943456603881557,9.952372649016468,0.4030544773476647,-3.103253344863485,0.0,0.0,0.0
1785943456637363751,9.952372649016468,0.4030544773476647,-3.103253344863485,0.0,0.0,0.0
1785943456686520890,9.952372649016468,0.4030544773476647,-3.103253344863485,0.0,0.0,0.0
1785943456737287465,9.952372649016468,0.4030544773476647,-3.103253344863485,0.0,0.0,0.0
1785943456805449113,9.952482729119586,0.4030566874979946,-3.103260712012311,0.0,0.0,0.0
1785943456854049112,9.952576162122035,0.4030582888483357,-3.103265423150262,0.0,0.0,0.0
1785943456885637316,9.952576162122035,0.4030582888483357,-3.103265423150262,0.0,0.0,0.0
1785943456936787457,9.952576162122035,0.4030582888483357,-3.103265423150262,0.0,0.0,0.0
1785943456989052167,9.952576162122035,0.4030582888483357,-3.103265423150262,0.0,0.0,0.0
1785943457051288156,9.952899997091144,0.4030424829649896,-3.1034994137944594,0.0,0.0,0.0
1785943457104465315,9.95317167077067,0.4030250563929374,-3.1036344461945355,0.0,0.0,0.0
1785943457136349306,9.95317167077067,0.4030250563929374,-3.1036344461945355,0.0,0.0,0.0
1785943457187278511,9.95317167077067,0.4030250563929374,-3.1036344461945355,0.0,0.0,0.0
1785943457253224717,9.953304868991637,0.4030203209949421,-3.1035680242787405,0.0,0.0,0.0
1785943457302553255,9.953414298605272,0.4030148079799882,-3.1035330153389595,0.0,0.0,0.0
1785943457337600498,9.953414298605272,0.4030148079799882,-3.1035330153389595,0.0,0.0,0.0
1785943457391448723,9.953414298605272,0.4030148079799882,-3.1035330153389595,0.0,0.0,0.0
1785943457438698240,9.953414298605272,0.4030148079799882,-3.1035330153389595,0.0,0.0,0.0
1785943457505956046,9.95349080971121,0.40301408082651646,-3.103630166128013,0.0,0.0,0.0
1785943457553737839,9.953554963545722,0.4030129302828647,-3.1036906112869795,0.0,0.0,0.0
1785943457587363974,9.953554963545722,0.4030129302828647,-3.1036906112869795,0.0,0.0,0.0
1785943457636695648,9.953554963545722,0.4030129302828647,-3.1036906112869795,0.0,0.0,0.0
1785943457704757068,9.953307318027685,0.403021357151037,-3.1035154032558534,0.0,0.0,0.0
1785943457756255286,9.953100194485454,0.4030311015863048,-3.103411843131895,0.0,0.0,0.0
1785943457791725713,9.953100194485454,0.4030311015863048,-3.103411843131895,0.0,0.0,0.0
1785943457836016977,9.953100194485454,0.4030311015863048,-3.103411843131895,0.0,0.0,0.0
1785943457886273645,9.953100194485454,0.4030311015863048,-3.103411843131895,0.0,0.0,0.0
1785943457955155351,9.95307756229172,0.40303880663511804,-3.1034769976720744,0.0,0.0,0.0
1785943458003153216,9.953058307368124,0.40304653468727797,-3.1035198120066716,0.0,0.0,0.0
1785943458036928700,9.953058307368124,0.40304653468727797,-3.1035198120066716,0.0,0.0,0.0
1785943458086936463,9.953058307368124,0.40304653468727797,-3.1035198120066716,0.0,0.0,0.0
1785943458151276434,9.953491200027461,0.40305067429924923,-3.103476493364423,0.0,0.0,0.0
1785943458202923777,9.953852572676523,0.4030522409136458,-3.1034514829664404,0.0,0.0,0.0
1785943458244366264,9.953852572676523,0.4030522409136458,-3.1034514829664404,0.0,0.0,0.0
1785943458287401386,9.953852572676523,0.4030522409136458,-3.1034514829664404,0.0,0.0,0.0
1785943458357684104,9.953852572676523,0.4030522409136458,-3.1034514829664404,0.0,0.0,0.0
1785943458404566983,9.953633553037916,0.40305609962163813,-3.1033967190732987,0.0,0.0,0.0
1785943458452726134,9.953455082686125,0.4030613578711767,-3.1033690155699856,0.0,0.0,0.0
1785943458492360459,9.953455082686125,0.4030613578711767,-3.1033690155699856,0.0,0.0,0.0
1785943458537583277,9.953455082686125,0.4030613578711767,-3.1033690155699856,0.0,0.0,0.0
1785943458601032879,9.953739592728631,0.4030835005127677,-3.1033254299473496,0.0,0.0,0.0
1785943458652448470,9.953976695949313,0.4031037011643601,-3.1032987255414466,0.0,0.0,0.0
1785943458696272901,9.953976695949313,0.4031037011643601,-3.1032987255414466,0.0,0.0,0.0
1785943458736856188,9.953976695949313,0.4031037011643601,-3.1032987255414466,0.0,0.0,0.0
1785943458810663708,9.954213446091464,0.4031029814527482,-3.103319370526529,0.0,0.0,0.0
1785943458850981482,9.954411750525711,0.4031009084612631,-3.1033317441577046,0.0,0.0,0.0
1785943458886150810,9.954411750525711,0.4031009084612631,-3.1033317441577046,0.0,0.0,0.0
1785943458937117744,9.954411750525711,0.4031009084612631,-3.1033317441577046,0.0,0.0,0.0
1785943458985856564,9.954411750525711,0.4031009084612631,-3.1033317441577046,0.0,0.0,0.0
1785943459053905983,9.95470788513785,0.40310356935465935,-3.103407152435647,0.0,0.0,0.0
1785943459103284219,9.954953592276583,0.4031044043703355,-3.1034495317425823,0.0,0.0,0.0
1785943459138001178,9.954953592276583,0.4031044043703355,-3.1034495317425823,0.0,0.0,0.0
1785943459188454301,9.954953592276583,0.4031044043703355,-3.1034495317425823,0.0,0.0,0.0
1785943459240560637,9.954953592276583,0.4031044043703355,-3.1034495317425823,0.0,0.0,0.0
1785943459301751692,9.955262678701795,0.4031069126442605,-3.103517100646569,0.0,0.0,0.0
1785943459354609928,9.95551755344179,0.4031074585027403,-3.10355404270532,0.0,0.0,0.0
1785943459386402172,9.95551755344179,0.4031074585027403,-3.10355404270532,0.0,0.0,0.0
1785943459436462736,9.95551755344179,0.4031074585027403,-3.10355404270532,0.0,0.0,0.0
1785943459505479680,9.955896902436852,0.40309891574035756,-3.103613868680807,0.0,0.0,0.0
1785943459554389866,9.956215901009958,0.4030883309137653,-3.103651181749087,0.0,0.0,0.0
1785943459586981691,9.956215901009958,0.4030883309137653,-3.103651181749087,0.0,0.0,0.0
1785943459637187637,9.956215901009958,0.4030883309137653,-3.103651181749087,0.0,0.0,0.0
1785943459689461787,9.956215901009958,0.4030883309137653,-3.103651181749087,0.0,0.0,0.0
1785943459753924099,9.95630218221019,0.4031035138034949,-3.103462385898365,0.0,0.0,0.0
1785943459802079793,9.95637383983238,0.4031180060759302,-3.103354964444118,0.0,0.0,0.0
1785943459837596046,9.95637383983238,0.4031180060759302,-3.103354964444118,0.0,0.0,0.0
1785943459890084764,9.95637383983238,0.4031180060759302,-3.103354964444118,0.0,0.0,0.0
1785943459952299921,9.956008031684055,0.40308469354571835,-3.1037529952299403,0.0,0.0,0.0
1785943460001292062,9.955705708271871,0.4030540158366902,-3.1039744233713873,0.0,0.0,0.0
1785943460035954171,9.955705708271871,0.4030540158366902,-3.1039744233713873,0.0,0.0,0.0
1785943460086597893,9.955705708271871,0.4030540158366902,-3.1039744233713873,0.0,0.0,0.0
1785943460150988298,9.955458432478622,0.4030184937423881,-3.103886236519372,0.0,0.0,0.0
1785943460200244577,9.955250312545862,0.4029847502314544,-3.1038291619567953,0.0,0.0,0.0
1785943460236210351,9.955250312545862,0.4029847502314544,-3.1038291619567953,0.0,0.0,0.0
1785943460288479317,9.955250312545862,0.4029847502314544,-3.1038291619567953,0.0,0.0,0.0
1785943460339785815,9.955250312545862,0.4029847502314544,-3.1038291619567953,0.0,0.0,0.0
1785943460405077629,9.95531877653547,0.40296497563412176,-3.1038068457230477,0.0,0.0,0.0
1785943460453519414,9.955375956721976,0.4029450130886004,-3.1037931972378363,0.0,0.0,0.0
1785943460492482034,9.955375956721976,0.4029450130886004,-3.1037931972378363,0.0,0.0,0.0
1785943460536128442,9.955375956721976,0.4029450130886004,-3.1037931972378363,0.0,0.0,0.0
1785943460587989937,9.955375956721976,0.4029450130886004,-3.1037931972378363,0.0,0.0,0.0
1785943460653351418,9.955060088234042,0.40291497607890125,-3.103803330641733,0.0,0.0,0.0
1785943460704417140,9.95479263793276,0.4028869788755004,-3.103809336323131,0.0,0.0,0.0
1785943460737781313,9.95479263793276,0.4028869788755004,-3.103809336323131,0.0,0.0,0.0
1785943460801919197,9.95479263793276,0.4028869788755004,-3.103809336323131,0.0,0.0,0.0
1785943460852894675,9.95332046913164,0.40282396278241595,-3.1038784907183166,0.0,0.0,0.0
1785943460903155887,9.952090695119045,0.4027702746750548,-3.103917849449004,0.0,0.0,0.0
1785943460937113266,9.952090695119045,0.4027702746750548,-3.103917849449004,0.0,0.0,0.0
1785943460987472818,9.952090695119045,0.4027702746750548,-3.103917849449004,0.0,0.0,0.0
1785943461041081002,9.952090695119045,0.4027702746750548,-3.103917849449004,0.0,0.0,0.0
1785943461102138260,9.951334713945688,0.402728749817471,-3.1038652463992915,0.0,0.0,0.0
1785943461151660788,9.950708403908445,0.40269231003073164,-3.103835587643689,0.0,0.0,0.0
1785943461188188598,9.950708403908445,0.40269231003073164,-3.103835587643689,0.0,0.0,0.0
1785943461239917993,9.950708403908445,0.40269231003073164,-3.103835587643689,0.0,0.0,0.0
1785943461290547954,9.950708403908445,0.40269231003073164,-3.103835587643689,0.0,0.0,0.0
1785943461381249377,9.949605864438984,0.40267652147909766,-3.1036286358536493,0.0,0.0,0.0
1785943461413683180,9.948675708601723,0.4026670429731549,-3.1034976861599097,0.0,0.0,0.0
1785943461438954191,9.948675708601723,0.4026670429731549,-3.1034976861599097,0.0,0.0,0.0
1785943461492005458,9.948675708601723,0.4026670429731549,-3.1034976861599097,0.0,0.0,0.0
1785943461537507519,9.948675708601723,0.4026670429731549,-3.1034976861599097,0.0,0.0,0.0
1785943461626429675,9.947459721587549,0.40262579280672234,-3.103460413731651,0.0,0.0,0.0
1785943461662664483,9.946445348219896,0.40259218184241935,-3.103439171459995,0.0,0.0,0.0
1785943461676864558,9.946445348219896,0.40259218184241935,-3.103439171459995,0.0,0.0,0.0
1785943461737257375,9.946445348219896,0.40259218184241935,-3.103439171459995,0.0,0.0,0.0
1785943461799425042,9.946445348219896,0.40259218184241935,-3.103439171459995,0.0,0.0,0.0
1785943461852971079,9.946501252694715,0.40258600709219633,-3.103515581305889,0.0,0.0,0.0
1785943461902381860,9.94654757608532,0.40257955133900136,-3.1035576818574655,0.0,0.0,0.0
1785943461936234660,9.94654757608532,0.40257955133900136,-3.1035576818574655,0.0,0.0,0.0
1785943461987650506,9.94654757608532,0.40257955133900136,-3.1035576818574655,0.0,0.0,0.0
1785943462051729123,9.947229522427172,0.4026332836679703,-3.103503029208197,0.0,0.0,0.0
1785943462102279850,9.947804106784536,0.4026826439005054,-3.1034691150515354,0.0,0.0,0.0
1785943462140126397,9.947804106784536,0.4026826439005054,-3.1034691150515354,0.0,0.0,0.0
1785943462190333175,9.947804106784536,0.4026826439005054,-3.1034691150515354,0.0,0.0,0.0
1785943462237725257,9.947804106784536,0.4026826439005054,-3.1034691150515354,0.0,0.0,0.0
1785943462302078861,9.948125218446428,0.4027202457254924,-3.1033852167953007,0.0,0.0,0.0
1785943462350587464,9.948392727824848,0.4027555559687701,-3.1033379506847383,0.0,0.0,0.0
1785943462388856938,9.948392727824848,0.4027555559687701,-3.1033379506847383,0.0,0.0,0.0
1785943462437045658,9.948392727824848,0.4027555559687701,-3.1033379506847383,0.0,0.0,0.0
1785943462495794575,9.948392727824848,0.4027555559687701,-3.1033379506847383,0.0,0.0,0.0
1785943462554442080,9.948763616901884,0.40279490339681273,-3.1032916291705663,0.0,0.0,0.0
1785943462601784817,9.949077611225709,0.40283183908668146,-3.1032625495265114,0.0,0.0,0.0
1785943462636279816,9.949077611225709,0.40283183908668146,-3.1032625495265114,0.0,0.0,0.0
1785943462686983124,9.949077611225709,0.40283183908668146,-3.1032625495265114,0.0,0.0,0.0
1785943462737584157,9.949077611225709,0.40283183908668146,-3.1032625495265114,0.0,0.0,0.0
1785943462806004150,9.949108323473446,0.4028396433101435,-3.1032714019988035,0.0,0.0,0.0
1785943462851986869,9.949133964419914,0.402847190138341,-3.1032767382402757,0.0,0.0,0.0
1785943462886503596,9.949133964419914,0.402847190138341,-3.1032767382402757,0.0,0.0,0.0
1785943462937078996,9.949133964419914,0.402847190138341,-3.1032767382402757,0.0,0.0,0.0
1785943463002663845,9.948669883964067,0.4028366360423217,-3.1033790742404954,0.0,0.0,0.0
1785943463051864154,9.948289569876858,0.4028291887657194,-3.1034324866463328,0.0,0.0,0.0
1785943463077719667,9.948289569876858,0.4028291887657194,-3.1034324866463328,0.0,0.0,0.0
1785943463136932185,9.948289569876858,0.4028291887657194,-3.1034324866463328,0.0,0.0,0.0
1785943463215552490,9.948260676627806,0.40283633426612353,-3.1034309433406,0.0,0.0,0.0
1785943463254620873,9.948236443897391,0.40284357738899856,-3.103430247940625,0.0,0.0,0.0
1785943463288982076,9.948236443897391,0.40284357738899856,-3.103430247940625,0.0,0.0,0.0
1785943463339545987,9.948236443897391,0.40284357738899856,-3.103430247940625,0.0,0.0,0.0
1785943463375029822,9.948236443897391,0.40284357738899856,-3.103430247940625,0.0,0.0,0.0
1785943463451066736,9.948777874851656,0.4029093199977948,-3.1032652592732366,0.0,0.0,0.0
1785943463515767040,9.94922311418774,0.4029709870257965,-3.103177518142646,0.0,0.0,0.0
1785943463538030677,9.94922311418774,0.4029709870257965,-3.103177518142646,0.0,0.0,0.0
1785943463586581266,9.94922311418774,0.4029709870257965,-3.103177518142646,0.0,0.0,0.0
1785943463655049901,9.94954912164668,0.4030071738079223,-3.1031392637604336,0.0,0.0,0.0
1785943463702026576,9.949822668395509,0.4030411470987881,-3.1031158441257767,0.0,0.0,0.0
1785943463737310852,9.949822668395509,0.4030411470987881,-3.1031158441257767,0.0,0.0,0.0
1785943463788546692,9.949822668395509,0.4030411470987881,-3.1031158441257767,0.0,0.0,0.0
1785943463836992957,9.949822668395509,0.4030411470987881,-3.1031158441257767,0.0,0.0,0.0
1785943463906753000,9.951090029736799,0.40310463978710626,-3.1033203781082253,0.0,0.0,0.0
1785943463954204765,9.952147278234497,0.403160011811088,-3.1034408077126843,0.0,0.0,0.0
1785943463986754540,9.952147278234497,0.403160011811088,-3.1034408077126843,0.0,0.0,0.0
1785943464036156649,9.952147278234497,0.403160011811088,-3.1034408077126843,0.0,0.0,0.0
1785943464103096203,9.952575866183896,0.40318424724591095,-3.10342902823399,0.0,0.0,0.0
1785943464152437477,9.952930628376091,0.40320560422678914,-3.1034227447862848,0.0,0.0,0.0
1785943464187651479,9.952930628376091,0.40320560422678914,-3.1034227447862848,0.0,0.0,0.0
1785943464237630761,9.952930628376091,0.40320560422678914,-3.1034227447862848,0.0,0.0,0.0
1785943464289072304,9.952930628376091,0.40320560422678914,-3.1034227447862848,0.0,0.0,0.0
1785943464354044651,9.952528922306126,0.4032153348395066,-3.1033194064023033,0.0,0.0,0.0
1785943464406692799,9.952194071345946,0.40322737904788614,-3.1032591483518,0.0,0.0,0.0
1785943464436486376,9.952194071345946,0.40322737904788614,-3.1032591483518,0.0,0.0,0.0
1785943464486446617,9.952194071345946,0.40322737904788614,-3.1032591483518,0.0,0.0,0.0
1785943464552127886,9.952411143789167,0.40325699105308693,-3.103216279114175,0.0,0.0,0.0
1785943464601763155,9.952590527416996,0.4032849741376091,-3.1031930722666554,0.0,0.0,0.0
1785943464637121450,9.952590527416996,0.4032849741376091,-3.1031930722666554,0.0,0.0,0.0
1785943464687520811,9.952590527416996,0.4032849741376091,-3.1031930722666554,0.0,0.0,0.0
1785943464739803538,9.952590527416996,0.4032849741376091,-3.1031930722666554,0.0,0.0,0.0
1785943464803078701,9.952403612316049,0.4033017263646397,-3.1032575939372378,0.0,0.0,0.0
1785943464855291729,9.952246022714645,0.4033193817083293,-3.1032995526721208,0.0,0.0,0.0
1785943464896339258,9.952246022714645,0.4033193817083293,-3.1032995526721208,0.0,0.0,0.0
1785943464954465240,9.952246022714645,0.4033193817083293,-3.1032995526721208,0.0,0.0,0.0
1785943465009212825,9.952169112587136,0.40333445889610525,-3.103303144161596,0.0,0.0,0.0
1785943465053107755,9.952104907300464,0.4033498604120461,-3.1033058671562546,0.0,0.0,0.0
1785943465086832645,9.952104907300464,0.4033498604120461,-3.1033058671562546,0.0,0.0,0.0
1785943465137961057,9.952104907300464,0.4033498604120461,-3.1033058671562546,0.0,0.0,0.0
1785943465186532031,9.952104907300464,0.4033498604120461,-3.1033058671562546,0.0,0.0,0.0
1785943465252535615,9.952054099761993,0.4033655566128136,-3.1033166009623128,0.0,0.0,0.0
1785943465307900920,9.952010970057279,0.4033813901331582,-3.1033240627600405,0.0,0.0,0.0
1785943465336816001,9.952010970057279,0.4033813901331582,-3.1033240627600405,0.0,0.0,0.0
1785943465386281312,9.952010970057279,0.4033813901331582,-3.1033240627600405,0.0,0.0,0.0
1785943465456523068,9.951989069592976,0.40339377554426825,-3.1033105307384017,0.0,0.0,0.0
1785943465502235505,9.951970460568157,0.4034061709122247,-3.103302541741684,0.0,0.0,0.0
1785943465540041922,9.951970460568157,0.4034061709122247,-3.103302541741684,0.0,0.0,0.0
1785943465587404371,9.951970460568157,0.4034061709122247,-3.103302541741684,0.0,0.0,0.0
1785943465638000092,9.951970460568157,0.4034061709122247,-3.103302541741684,0.0,0.0,0.0
1785943465703482057,9.951609032198098,0.40341134172528376,-3.1033499066977064,0.0,0.0,0.0
1785943465755151385,9.951306707259777,0.4034186065493281,-3.1033776087383,0.0,0.0,0.0
