run_id,algo,direction,obs,reward,seed,timesteps,completion,trailer_cte,max_hitch,jackknife,ep_return,n_episodes
td3__forward__state__dense__s0,td3,forward,state,dense,0,100000,0.0,1.9970061794641212,1.1757454139574262,0.00727069351230425,-812.9525297468408,1788
td3__forward__state__dense__s0,td3,forward,state,dense,0,200000,0.95703125,0.6076168273395023,0.22751465172041208,0.0,283.40576770556163,256
td3__forward__state__dense__s0,td3,forward,state,dense,0,300000,0.9922480620155039,1.7586488411333154,0.17911404605175174,0.0,-859.843358380322,258
td3__forward__state__dense__s0,td3,forward,state,dense,0,400000,1.0,0.5644151957886727,0.12939372638356872,0.0,498.93450223790455,256
td3__forward__state__dense__s0,td3,forward,state,dense,0,500000,1.0,0.34512965363896775,0.1271790915634483,0.0,607.6816693464375,256
td3__forward__state__dense__s1,td3,forward,state,dense,1,100000,0.0,0.8735472159886679,0.6378312742501989,0.0,-496.9320792458764,2062
td3__forward__state__dense__s1,td3,forward,state,dense,1,200000,0.04813664596273292,0.9228030641050975,0.5755504760544122,0.0,-464.9718133863036,644
td3__forward__state__dense__s1,td3,forward,state,dense,1,300000,1.0,0.42622110823761394,0.13094155309954658,0.0,545.509015352457,256
td3__forward__state__dense__s1,td3,forward,state,dense,1,400000,1.0,0.643592390847554,0.13824616599595174,0.0,455.14062779493884,256
td3__forward__state__dense__s1,td3,forward,state,dense,1,500000,1.0,0.27453121293002025,0.10699264550567023,0.0,606.4503989601565,256
td3__forward__state__dense__s2,td3,forward,state,dense,2,100000,0.0,1.0567055264338345,0.7780955281159649,0.0,-488.7205346980587,3650
td3__forward__state__dense__s2,td3,forward,state,dense,2,200000,0.0,0.9513589895578201,0.6992098406619496,0.0,-487.13351425858303,900
td3__forward__state__dense__s2,td3,forward,state,dense,2,300000,0.0,1.5825949546496247,0.6299917746218853,0.0,-1384.2658392262933,512
td3__forward__state__dense__s2,td3,forward,state,dense,2,400000,0.9730769230769231,0.9091184340021286,0.13606939752801106,0.0,237.96826146855435,260
td3__forward__state__dense__s2,td3,forward,state,dense,2,500000,1.0,0.8270050858863003,0.17183379124617204,0.0,373.3593230641706,256
td3__forward__state__tractor_focus__s0,td3,forward,state,tractor_focus,0,100000,0.0,1.0014822776100205,0.5746693394176204,0.0,-547.332896062643,1206
td3__forward__state__tractor_focus__s0,td3,forward,state,tractor_focus,0,200000,0.0,1.2883855912804685,0.599406509555776,0.0,-697.6285877911337,892
td3__forward__state__tractor_focus__s0,td3,forward,state,tractor_focus,0,300000,1.0,0.9596812419316743,0.4335702059324831,0.0,360.33752608362533,256
td3__forward__state__tractor_focus__s0,td3,forward,state,tractor_focus,0,400000,1.0,0.8749962916464381,0.34104025980923325,0.0,417.25485048283645,256
td3__forward__state__tractor_focus__s0,td3,forward,state,tractor_focus,0,500000,1.0,0.8153919995847497,0.34764493396505713,0.0,483.9872755032143,256
td3__forward__state__tractor_focus__s1,td3,forward,state,tractor_focus,1,100000,0.0,1.832325212395356,0.7826176869067307,0.0,-773.01212287369,1546
td3__forward__state__tractor_focus__s1,td3,forward,state,tractor_focus,1,200000,0.5555555555555556,1.0761643859483045,0.380713252723217,0.0,-192.71950981075892,360
td3__forward__state__tractor_focus__s1,td3,forward,state,tractor_focus,1,300000,1.0,0.8638668721203739,0.13929583280696534,0.0,361.7014486941439,256
td3__forward__state__tractor_focus__s1,td3,forward,state,tractor_focus,1,400000,1.0,0.45200551118393484,0.13892066132393666,0.0,572.3259222188562,256
td3__forward__state__tractor_focus__s1,td3,forward,state,tractor_focus,1,500000,1.0,0.38289269272817017,0.14132469949981896,0.0,613.5034227310534,256
td3__forward__state__tractor_focus__s2,td3,forward,state,tractor_focus,2,100000,0.0,1.1559545654850578,0.8092122999160049,0.0,-483.2979178570388,3908
td3__forward__state__tractor_focus__s2,td3,forward,state,tractor_focus,2,200000,0.0,0.9012217724565449,0.5982673981059821,0.0,-594.9501986262362,1248
td3__forward__state__tractor_focus__s2,td3,forward,state,tractor_focus,2,300000,1.0,0.9059344187428537,0.1346419842884643,0.0,267.6374433733069,256
td3__forward__state__tractor_focus__s2,td3,forward,state,tractor_focus,2,400000,1.0,0.8137815187265298,0.1276986192970071,0.0,368.42121667436277,256
td3__forward__state__tractor_focus__s2,td3,forward,state,tractor_focus,2,500000,1.0,0.6597521123511276,0.1319770155241713,0.0,527.2190474849886,256
td3__forward__state__multiplicative__s0,td3,forward,state,multiplicative,0,100000,0.0,1.1581242596730819,0.6913301840534917,0.0,-464.11551777554837,4050
td3__forward__state__multiplicative__s0,td3,forward,state,multiplicative,0,200000,0.0009124087591240876,1.3357151206486924,0.6705923901367796,0.0,-465.16418026923435,1096
td3__forward__state__multiplicative__s0,td3,forward,state,multiplicative,0,300000,1.0,1.097589350670592,0.16022366980905645,0.0,364.0722045736293,256
td3__forward__state__multiplicative__s0,td3,forward,state,multiplicative,0,400000,1.0,0.84013723581831,0.13808593661815394,0.0,416.9275471406472,256
td3__forward__state__multiplicative__s0,td3,forward,state,multiplicative,0,500000,1.0,0.6329657764297489,0.1537118258420378,0.0,491.5882553823758,256
td3__forward__state__multiplicative__s1,td3,forward,state,multiplicative,1,100000,0.0,0.9596379667840816,0.9819018390989083,0.0,-325.0548767185166,862
td3__forward__state__multiplicative__s1,td3,forward,state,multiplicative,1,200000,0.6815476190476191,0.686142964843992,0.31487547867332716,0.0,290.60139749201636,336
td3__forward__state__multiplicative__s1,td3,forward,state,multiplicative,1,300000,0.9302325581395349,1.7355151249880467,0.14746870743038581,0.0,106.91985987492498,258
td3__forward__state__multiplicative__s1,td3,forward,state,multiplicative,1,400000,1.0,0.29489617926206685,0.11949565759277903,0.0,761.8037375328131,256
td3__forward__state__multiplicative__s1,td3,forward,state,multiplicative,1,500000,1.0,0.41225141897468254,0.12291078935959376,0.0,654.7659675877076,256
td3__forward__state__multiplicative__s2,td3,forward,state,multiplicative,2,100000,0.0,1.1015378667306155,0.8179075518724672,0.005807200929152149,-402.53518971629927,861
td3__forward__state__multiplicative__s2,td3,forward,state,multiplicative,2,200000,0.7808219178082192,1.337539539744649,0.2186210531460708,0.0,119.63343921385878,292
td3__forward__state__multiplicative__s2,td3,forward,state,multiplicative,2,300000,1.0,0.6619214295169047,0.17917914726422168,0.0,499.7004142265614,256
td3__forward__state__multiplicative__s2,td3,forward,state,multiplicative,2,400000,1.0,0.535440029301056,0.14237604099616874,0.0,551.8941344765481,256
td3__forward__state__multiplicative__s2,td3,forward,state,multiplicative,2,500000,1.0,0.42698615963267555,0.1564272950636223,0.0,645.3817425064335,256
td3__forward__state__guided__s0,td3,forward,state,guided,0,100000,0.39920948616600793,0.8086980944241533,0.6976102693043208,0.0,-417.39905844892644,506
td3__forward__state__guided__s0,td3,forward,state,guided,0,200000,0.01072961373390558,1.0828777058929937,0.3566157542520838,0.0,-802.8806015596837,466
td3__forward__state__guided__s0,td3,forward,state,guided,0,300000,1.0,0.32139711789877656,0.14551288228722115,0.0,-38.30175441993747,256
td3__forward__state__guided__s0,td3,forward,state,guided,0,400000,1.0,0.3318056742047582,0.1260707012115745,0.0,-36.73741214058332,256
td3__forward__state__guided__s0,td3,forward,state,guided,0,500000,1.0,0.3560921167977437,0.15743393180309795,0.0,-101.45736040094047,256
td3__forward__state__guided__s1,td3,forward,state,guided,1,100000,0.0,1.6864519988198512,0.8616476399412127,0.0,-719.3430612892236,1022
td3__forward__state__guided__s1,td3,forward,state,guided,1,200000,0.0011737089201877935,1.5277208811690537,0.7510305745920665,0.0,-676.5808578267144,852
td3__forward__state__guided__s1,td3,forward,state,guided,1,300000,0.9382239382239382,0.9845046475748336,0.3347759238196156,0.0,-143.28043623135088,259
td3__forward__state__guided__s1,td3,forward,state,guided,1,400000,1.0,0.7582333804032464,0.19003749190596864,0.0,-110.33411227758714,256
td3__forward__state__guided__s1,td3,forward,state,guided,1,500000,1.0,0.5236059174052401,0.15733229581383057,0.0,-129.63702277495992,256
td3__forward__state__guided__s2,td3,forward,state,guided,2,100000,0.006734006734006734,0.8415457271096659,0.3516325502333416,0.0,-736.3417344718378,594
td3__forward__state__guided__s2,td3,forward,state,guided,2,200000,0.5677083333333334,0.6256820961925805,0.3150578308074425,0.0,-364.81723659469964,384
td3__forward__state__guided__s2,td3,forward,state,guided,2,300000,1.0,0.6944166498155544,0.1360751809552312,0.0,-152.9126389602124,256
td3__forward__state__guided__s2,td3,forward,state,guided,2,400000,1.0,0.2628773719380192,0.10919498684961582,0.0,2.8584000336354833,256
td3__forward__state__guided__s2,td3,forward,state,guided,2,500000,1.0,0.2541283038563082,0.09889111427764874,0.0,18.558550266718107,256
dqn__forward__state__dense__s0,dqn,forward,state,dense,0,100000,1.0,0.2237120958677793,0.10226418419915717,0.0,582.9834520561576,256
dqn__forward__state__dense__s0,dqn,forward,state,dense,0,200000,1.0,0.21147154482414515,0.09823821449026582,0.0,632.2071051101666,256
dqn__forward__state__dense__s0,dqn,forward,state,dense,0,300000,1.0,0.2370428723624993,0.07443377131858142,0.0,634.7865859228186,256
dqn__forward__state__dense__s0,dqn,forward,state,dense,0,400000,1.0,0.2545259927223035,0.11960661627381342,0.0,619.0490335523664,256
dqn__forward__state__dense__s0,dqn,forward,state,dense,0,500000,1.0,1.2366008490769698,0.19621944492973853,0.0,39.8702723941307,256
dqn__forward__state__dense__s1,dqn,forward,state,dense,1,100000,1.0,0.32289427310185626,0.09382330367952818,0.0,556.4970930071352,256
dqn__forward__state__dense__s1,dqn,forward,state,dense,1,200000,1.0,0.5866832500311375,0.11649324084282853,0.0,540.6230632541701,256
dqn__forward__state__dense__s1,dqn,forward,state,dense,1,300000,0.9961089494163424,0.44248393927557006,0.09864675651525477,0.0,487.6833825887617,257
dqn__forward__state__dense__s1,dqn,forward,state,dense,1,400000,1.0,0.7241847502176536,0.10978278680704534,0.0,452.07480387486817,256
dqn__forward__state__dense__s1,dqn,forward,state,dense,1,500000,1.0,0.5366965888756725,0.1882670801714994,0.0,549.1977875408265,256
dqn__forward__state__dense__s2,dqn,forward,state,dense,2,100000,1.0,0.33159656441486907,0.09853755900257966,0.0,622.105709142983,256
dqn__forward__state__dense__s2,dqn,forward,state,dense,2,200000,1.0,0.28051941575505573,0.09641554198242375,0.0,632.1200987510383,256
dqn__forward__state__dense__s2,dqn,forward,state,dense,2,300000,1.0,0.24643503189006466,0.11007963758311234,0.0,637.1047934410162,256
dqn__forward__state__dense__s2,dqn,forward,state,dense,2,400000,1.0,0.24089898414091865,0.09598792882025009,0.0,631.7270884062164,256
dqn__forward__state__dense__s2,dqn,forward,state,dense,2,500000,1.0,0.2130797846189343,0.08214730837062234,0.0,636.86485628644,256
dqn__forward__state__tractor_focus__s0,dqn,forward,state,tractor_focus,0,100000,0.9586466165413534,0.23936660935233214,0.1612836454147683,0.0,576.3594893102957,266
dqn__forward__state__tractor_focus__s0,dqn,forward,state,tractor_focus,0,200000,1.0,0.2932096018449565,0.09523263943265271,0.0,637.7015776368789,256
dqn__forward__state__tractor_focus__s0,dqn,forward,state,tractor_focus,0,300000,1.0,0.25558765876765793,0.09488910026993835,0.0,641.3515333393589,256
dqn__forward__state__tractor_focus__s0,dqn,forward,state,tractor_focus,0,400000,0.0,1.1715243102893607,0.7984469306247775,0.0,-482.7994212802364,4096
dqn__forward__state__tractor_focus__s0,dqn,forward,state,tractor_focus,0,500000,0.9922480620155039,0.9280540666970889,0.2435789919176767,0.0,324.4468194726242,258
dqn__forward__state__tractor_focus__s1,dqn,forward,state,tractor_focus,1,100000,0.7060702875399361,0.27178850531903853,0.12719720748726265,0.0,341.51592666749895,313
dqn__forward__state__tractor_focus__s1,dqn,forward,state,tractor_focus,1,200000,1.0,0.24460810022304322,0.09125244112874498,0.0,643.0576609876007,256
dqn__forward__state__tractor_focus__s1,dqn,forward,state,tractor_focus,1,300000,1.0,0.28939844626533695,0.10640972882902133,0.0,638.345656353451,256
dqn__forward__state__tractor_focus__s1,dqn,forward,state,tractor_focus,1,400000,1.0,0.29984859144450665,0.10015431914507644,0.0,635.179257677868,256
dqn__forward__state__tractor_focus__s1,dqn,forward,state,tractor_focus,1,500000,0.0,1.0943698887803932,0.7610709668758014,0.0,-486.99871700267215,3840
dqn__forward__state__tractor_focus__s2,dqn,forward,state,tractor_focus,2,100000,0.9296296296296296,0.219084986001582,0.13034566354558424,0.0,565.1449237486934,270
dqn__forward__state__tractor_focus__s2,dqn,forward,state,tractor_focus,2,200000,1.0,0.29358555754018856,0.1138879554819141,0.0,639.9374223724008,256
dqn__forward__state__tractor_focus__s2,dqn,forward,state,tractor_focus,2,300000,1.0,0.2447696547016686,0.10398978636658285,0.0,643.4212484657764,256
dqn__forward__state__tractor_focus__s2,dqn,forward,state,tractor_focus,2,400000,1.0,0.25136271947074956,0.0966672662034398,0.0,643.9559225533158,256
dqn__forward__state__tractor_focus__s2,dqn,forward,state,tractor_focus,2,500000,1.0,0.2615862756196238,0.10120806469058152,0.0,639.9752572821453,256
dqn__forward__state__multiplicative__s0,dqn,forward,state,multiplicative,0,100000,0.42884990253411304,0.7096276390357918,0.42947290286959144,0.0,180.0713042534759,513
dqn__forward__state__multiplicative__s0,dqn,forward,state,multiplicative,0,200000,0.6592797783933518,0.6746902090556715,0.24346690695639958,0.0,378.29903822203767,361
dqn__forward__state__multiplicative__s0,dqn,forward,state,multiplicative,0,300000,0.0,1.173955320512998,0.8031532044697087,0.0,-463.0261954513634,4096
dqn__forward__state__multiplicative__s0,dqn,forward,state,multiplicative,0,400000,0.6085790884718498,1.2242282100233477,0.33673661775467545,0.0,48.93755377854394,373
dqn__forward__state__multiplicative__s0,dqn,forward,state,multiplicative,0,500000,0.5255474452554745,1.356563600618644,0.3680940839278437,0.0,-73.58235207056504,411
dqn__forward__state__multiplicative__s1,dqn,forward,state,multiplicative,1,100000,0.416988416988417,0.2836856296602511,0.34861192533847046,0.0,226.04908666812207,518
dqn__forward__state__multiplicative__s1,dqn,forward,state,multiplicative,1,200000,0.0,1.1761036727024132,0.8018353269726504,0.0,-463.17947744469143,4096
dqn__forward__state__multiplicative__s1,dqn,forward,state,multiplicative,1,300000,0.0,0.641108281644417,0.3071741484632285,0.0,-486.9604402136655,2716
dqn__forward__state__multiplicative__s1,dqn,forward,state,multiplicative,1,400000,0.9961089494163424,0.628456219140938,0.1495258415603452,0.0,481.9198444702659,257
dqn__forward__state__multiplicative__s1,dqn,forward,state,multiplicative,1,500000,0.0009319664492078285,0.7384465129428094,0.4300876294938849,0.0,-378.8594076090971,1073
dqn__forward__state__multiplicative__s2,dqn,forward,state,multiplicative,2,100000,0.7327327327327328,0.3289395386228595,0.23227740006448627,0.0,557.5591864488923,333
dqn__forward__state__multiplicative__s2,dqn,forward,state,multiplicative,2,200000,0.7903780068728522,0.47850860177178006,0.15459790281772204,0.0,559.6410825551873,291
dqn__forward__state__multiplicative__s2,dqn,forward,state,multiplicative,2,300000,0.0032102728731942215,1.2346602808447769,0.1957399101739519,0.0,-458.6600271878698,623
dqn__forward__state__multiplicative__s2,dqn,forward,state,multiplicative,2,400000,0.0,1.6419851791810733,1.0460535869383947,0.0,-504.7380959436147,1601
dqn__forward__state__multiplicative__s2,dqn,forward,state,multiplicative,2,500000,0.0,1.169220019816744,0.7714063471212285,0.0,-463.3702514760845,4096
dqn__forward__state__guided__s0,dqn,forward,state,guided,0,100000,0.0,1.174157530069222,0.803147442638874,0.0,-616.5677368861361,4096
dqn__forward__state__guided__s0,dqn,forward,state,guided,0,200000,0.0,0.5093935350784935,0.2691801465928641,0.0,-594.5236453779103,2752
dqn__forward__state__guided__s0,dqn,forward,state,guided,0,300000,0.0,1.1801096191898839,0.8046490761771565,0.0,-617.0390699222189,4096
dqn__forward__state__guided__s0,dqn,forward,state,guided,0,400000,0.0,0.9447626259898535,0.46555262565042577,0.0,-565.9983214528943,3554
dqn__forward__state__guided__s0,dqn,forward,state,guided,0,500000,0.009727626459143969,0.6092758020281004,0.3108748671479146,0.0,-624.1096406839562,1542
dqn__forward__state__guided__s1,dqn,forward,state,guided,1,100000,0.0,1.1761579875160715,0.8039001342986012,0.0,-602.6908905073069,4096
dqn__forward__state__guided__s1,dqn,forward,state,guided,1,200000,0.451271186440678,0.4579430138871641,0.5499642856134961,0.0,-329.90037631332893,472
dqn__forward__state__guided__s1,dqn,forward,state,guided,1,300000,0.0,0.9703541257929179,0.4682408857212572,0.0,-565.3887900851417,3585
dqn__forward__state__guided__s1,dqn,forward,state,guided,1,400000,0.0,0.4821359254307712,0.2254034092122068,0.0,-595.6514444511066,2400
dqn__forward__state__guided__s1,dqn,forward,state,guided,1,500000,0.7040229885057471,2.089796492839647,0.31813632898118305,0.0,-709.527274819712,348
dqn__forward__state__guided__s2,dqn,forward,state,guided,2,100000,1.0,0.14939158590381957,0.08971150877187109,0.0,85.34955840402893,256
dqn__forward__state__guided__s2,dqn,forward,state,guided,2,200000,1.0,0.15243706288101055,0.0970779297786074,0.0,90.20153296495664,256
dqn__forward__state__guided__s2,dqn,forward,state,guided,2,300000,0.0,1.175231728898143,0.80022632497862,0.0,-603.9059650514589,4095
dqn__forward__state__guided__s2,dqn,forward,state,guided,2,400000,0.0,1.483848509490551,0.23391435679649553,0.0,-766.8224710349689,1202
dqn__forward__state__guided__s2,dqn,forward,state,guided,2,500000,0.0,0.8531837138616536,0.39695697230265603,0.0,-565.1365279586751,3324
ppo__forward__state__dense__s0,ppo,forward,state,dense,0,100096,0.0,0.4922689642517193,0.18952478053761415,0.0,-492.1237548681124,619
ppo__forward__state__dense__s0,ppo,forward,state,dense,0,200192,0.0,0.49617309197787346,0.4376719857585065,0.0,-494.18665597561926,1960
ppo__forward__state__dense__s0,ppo,forward,state,dense,0,300288,0.0,1.5886358437093655,0.9721973133938653,0.0,-892.9973903323067,1470
ppo__forward__state__dense__s0,ppo,forward,state,dense,0,400384,0.0,1.0463256705596287,0.7030450531476459,0.0,-623.0014883514672,688
ppo__forward__state__dense__s0,ppo,forward,state,dense,0,500480,0.0,0.7830952470185151,0.3219853778429366,0.0,-736.2924929535906,812
ppo__forward__state__dense__s0,ppo,forward,state,dense,0,600576,0.0,0.8099938769696503,0.1863572133642701,0.0,-824.9615821315657,538
ppo__forward__state__dense__s0,ppo,forward,state,dense,0,700672,0.0,0.8527978628815494,0.1682253103933907,0.0,-866.0692822543574,533
ppo__forward__state__dense__s0,ppo,forward,state,dense,0,800768,0.5462184873949579,0.4287661545474183,0.14491566983299428,0.0,-0.5608826591652826,357
ppo__forward__state__dense__s0,ppo,forward,state,dense,0,900864,0.0,0.7740497433705957,0.15534878404893251,0.0,-827.2614357636475,521
ppo__forward__state__dense__s0,ppo,forward,state,dense,0,1000960,1.0,0.4549314054040208,0.09646141968551092,0.0,430.34204949667793,256
ppo__forward__state__dense__s0,ppo,forward,state,dense,0,1101056,0.94921875,0.7039010141028939,0.11616396435420029,0.0,53.86751176730536,256
ppo__forward__state__dense__s0,ppo,forward,state,dense,0,1201152,1.0,0.26544027731661435,0.11552150345960399,0.0,573.0441002305093,256
ppo__forward__state__dense__s0,ppo,forward,state,dense,0,1301248,1.0,0.4049117510088278,0.09346976933738915,0.0,536.4578841036532,256
ppo__forward__state__dense__s0,ppo,forward,state,dense,0,1401344,1.0,0.579036688635486,0.11006297007043031,0.0,436.42524240243904,256
ppo__forward__state__dense__s0,ppo,forward,state,dense,0,1501440,1.0,0.23470350774054216,0.11353711556148482,0.0,603.472625435305,256
ppo__forward__state__dense__s0,ppo,forward,state,dense,0,1601536,1.0,0.23376151441943413,0.10389085268980125,0.0,620.4838654427767,256
ppo__forward__state__dense__s0,ppo,forward,state,dense,0,1701632,1.0,0.19023445354157656,0.09998601182087441,0.0,629.9533024951816,256
ppo__forward__state__dense__s0,ppo,forward,state,dense,0,1801728,1.0,0.18768331258080073,0.09638917664415203,0.0,632.3353910394944,256
ppo__forward__state__dense__s0,ppo,forward,state,dense,0,1901824,1.0,0.21543825093481384,0.09813661393127404,0.0,631.2561647742987,256
ppo__forward__state__dense__s0,ppo,forward,state,dense,0,2001920,1.0,0.22200781331113167,0.10401993071718607,0.0,630.3836047961377,256
ppo__forward__state__dense__s1,ppo,forward,state,dense,1,100096,0.0,0.38411523057255453,0.33180894367865804,0.0,-506.12613036377417,1827
ppo__forward__state__dense__s1,ppo,forward,state,dense,1,200192,0.0,0.6516067122373153,0.46739676331326885,0.0,-490.1393934837515,2557
ppo__forward__state__dense__s1,ppo,forward,state,dense,1,300288,0.0,0.8480191574564848,0.5747437331817047,0.0,-491.83722943647405,3087
ppo__forward__state__dense__s1,ppo,forward,state,dense,1,400384,0.0,0.943534179985906,0.654755324390835,0.0,-483.77050638761665,1459
ppo__forward__state__dense__s1,ppo,forward,state,dense,1,500480,0.0,0.7818244185679556,0.7563960323292375,0.0,-395.1832497010336,634
ppo__forward__state__dense__s1,ppo,forward,state,dense,1,600576,0.0,0.9911186876792581,0.42166000191282466,0.0,-861.7598810324906,721
ppo__forward__state__dense__s1,ppo,forward,state,dense,1,700672,0.0,1.4419260246469487,0.4050697831058861,0.0,-1401.466081257776,532
ppo__forward__state__dense__s1,ppo,forward,state,dense,1,800768,0.9198473282442748,0.9889114142681067,0.18004811321961062,0.0,-314.6322139460685,262
ppo__forward__state__dense__s1,ppo,forward,state,dense,1,900864,0.13231552162849872,1.1385612168038814,0.13711815843069522,0.0,-1200.4420000814125,393
ppo__forward__state__dense__s1,ppo,forward,state,dense,1,1000960,0.031746031746031744,0.8315537813092839,0.13717853189963433,0.0,-852.042904878521,504
ppo__forward__state__dense__s1,ppo,forward,state,dense,1,1101056,0.04310344827586207,0.8668341620879636,0.127641668848308,0.0,-842.610575455807,464
ppo__forward__state__dense__s1,ppo,forward,state,dense,1,1201152,1.0,0.3931932975987113,0.09399533885880373,0.0,486.76875282710097,256
ppo__forward__state__dense__s1,ppo,forward,state,dense,1,1301248,1.0,0.23286290474583002,0.10920745413386612,0.0,585.1103197616908,256
ppo__forward__state__dense__s1,ppo,forward,state,dense,1,1401344,1.0,0.24814338981822476,0.10724826683144784,0.0,593.4860497082,256
ppo__forward__state__dense__s1,ppo,forward,state,dense,1,1501440,1.0,0.21795560359839045,0.09768395587889245,0.0,623.84534749249,256
ppo__forward__state__dense__s1,ppo,forward,state,dense,1,1601536,1.0,0.2985975453477811,0.11139585907221772,0.0,611.5633568046105,256
ppo__forward__state__dense__s1,ppo,forward,state,dense,1,1701632,1.0,0.5898013271640326,0.13795520563144237,0.0,514.9167139451843,256
ppo__forward__state__dense__s1,ppo,forward,state,dense,1,1801728,1.0,0.25871864691796825,0.11067092212033458,0.0,620.5859444395464,256
ppo__forward__state__dense__s1,ppo,forward,state,dense,1,1901824,1.0,0.18610881044314953,0.09463975343169295,0.0,632.3526817127131,256
ppo__forward__state__dense__s1,ppo,forward,state,dense,1,2001920,1.0,0.1725072093305104,0.08902109272457892,0.0,630.3401639056392,256
ppo__forward__state__dense__s2,ppo,forward,state,dense,2,100096,0.0,0.2754703952468188,0.1859432691143506,0.0,-562.1656844813126,1072
ppo__forward__state__dense__s2,ppo,forward,state,dense,2,200192,0.0,0.7254994717592044,0.6101799715558318,0.0,-479.1406659446617,2689
ppo__forward__state__dense__s2,ppo,forward,state,dense,2,300288,0.0,0.7075154866087174,0.4803669666918841,0.0,-497.0131281289247,2750
ppo__forward__state__dense__s2,ppo,forward,state,dense,2,400384,0.0,1.0401556442896045,0.6866591228903848,0.0,-502.7274435031708,1502
ppo__forward__state__dense__s2,ppo,forward,state,dense,2,500480,0.0,1.0941988907030376,0.7556065560481643,0.0,-672.229681016525,708
ppo__forward__state__dense__s2,ppo,forward,state,dense,2,600576,0.0,1.13348364346284,0.8268472057564062,0.0,-619.7350246204727,706
ppo__forward__state__dense__s2,ppo,forward,state,dense,2,700672,0.0,1.1555395927304357,0.29725502171258544,0.0,-1079.2204010270243,527
ppo__forward__state__dense__s2,ppo,forward,state,dense,2,800768,0.0,0.8807016244131822,0.22128041413553218,0.0,-841.4909024920049,658
ppo__forward__state__dense__s2,ppo,forward,state,dense,2,900864,0.07415254237288135,0.8220531112979294,0.17530993901792977,0.0,-784.0291368070884,472
ppo__forward__state__dense__s2,ppo,forward,state,dense,2,1000960,0.03795066413662239,0.6732398856347426,0.16678915983613798,0.0,-700.650883284522,527
ppo__forward__state__dense__s2,ppo,forward,state,dense,2,1101056,0.9609375,0.54442748944292,0.11329159513115883,0.0,263.2464975156728,256
ppo__forward__state__dense__s2,ppo,forward,state,dense,2,1201152,1.0,0.5310394816562014,0.10573574967565946,0.0,440.31168635508175,256
ppo__forward__state__dense__s2,ppo,forward,state,dense,2,1301248,1.0,0.5914212023481857,0.11499537179770414,0.0,443.6774346682837,256
ppo__forward__state__dense__s2,ppo,forward,state,dense,2,1401344,1.0,0.26626746369918475,0.10174931903384277,0.0,581.2576275031058,256
ppo__forward__state__dense__s2,ppo,forward,state,dense,2,1501440,1.0,0.26786193005474906,0.10862275390172726,0.0,586.7493597076244,256
ppo__forward__state__dense__s2,ppo,forward,state,dense,2,1601536,1.0,0.3128269781987937,0.10652858777029905,0.0,580.9446017198136,256
ppo__forward__state__dense__s2,ppo,forward,state,dense,2,1701632,1.0,0.21865171663067365,0.1069197385577354,0.0,614.1351814751574,256
ppo__forward__state__dense__s2,ppo,forward,state,dense,2,1801728,1.0,0.1963993109616776,0.09383264984717243,0.0,631.1809632498771,256
ppo__forward__state__dense__s2,ppo,forward,state,dense,2,1901824,1.0,0.20683375012201427,0.10050191662958241,0.0,632.1811074689031,256
ppo__forward__state__dense__s2,ppo,forward,state,dense,2,2001920,1.0,0.19308583897535891,0.09278207314491738,0.0,633.9293921100907,256
ppo__forward__state__tractor_focus__s0,ppo,forward,state,tractor_focus,0,100096,0.0030181086519114686,0.30854586681817264,0.1067060450714089,0.0,-566.3002661213077,994
ppo__forward__state__tractor_focus__s0,ppo,forward,state,tractor_focus,0,200192,0.0,0.37539752497918216,0.24621881686212602,0.0,-551.2998885862352,1573
ppo__forward__state__tractor_focus__s0,ppo,forward,state,tractor_focus,0,300288,0.0,1.5821137217187298,0.9792411133436778,0.0,-772.5400823665232,1347
ppo__forward__state__tractor_focus__s0,ppo,forward,state,tractor_focus,0,400384,0.41414141414141414,0.8261337093560633,0.5887315343726766,0.0,-153.0917272494059,495
ppo__forward__state__tractor_focus__s0,ppo,forward,state,tractor_focus,0,500480,0.4106382978723404,0.7577210326809775,0.4843857582896314,0.0,-93.02289774810683,470
ppo__forward__state__tractor_focus__s0,ppo,forward,state,tractor_focus,0,600576,0.0,1.0387023530574366,0.16450221907680174,0.0,-995.7437579064853,571
ppo__forward__state__tractor_focus__s0,ppo,forward,state,tractor_focus,0,700672,0.017716535433070866,1.0704173316057712,0.17057664452604657,0.0,-1034.0819881144043,508
ppo__forward__state__tractor_focus__s0,ppo,forward,state,tractor_focus,0,800768,0.13259668508287292,0.6959815610673078,0.16144153436656156,0.0,-574.1955995734619,362
ppo__forward__state__tractor_focus__s0,ppo,forward,state,tractor_focus,0,900864,0.06047516198704104,0.6796299573002157,0.1479501016035708,0.0,-636.4959135856651,463
ppo__forward__state__tractor_focus__s0,ppo,forward,state,tractor_focus,0,1000960,0.99609375,0.32492106735938286,0.12004590608921717,0.0,475.09060029723764,256
ppo__forward__state__tractor_focus__s0,ppo,forward,state,tractor_focus,0,1101056,0.9575289575289575,0.40475366918498473,0.17454553788535038,0.0,487.2811386646792,259
ppo__forward__state__tractor_focus__s0,ppo,forward,state,tractor_focus,0,1201152,1.0,0.5313556086078335,0.12658285215729848,0.0,408.40470248355837,256
ppo__forward__state__tractor_focus__s0,ppo,forward,state,tractor_focus,0,1301248,0.7338403041825095,0.9646005643377142,0.11835322493666026,0.0,-466.2376499249664,263
ppo__forward__state__tractor_focus__s0,ppo,forward,state,tractor_focus,0,1401344,1.0,0.4265776727333972,0.10253831700174487,0.0,499.8825946977679,256
ppo__forward__state__tractor_focus__s0,ppo,forward,state,tractor_focus,0,1501440,1.0,0.9339591387709987,0.11131437231233576,0.0,134.85410312837195,256
ppo__forward__state__tractor_focus__s0,ppo,forward,state,tractor_focus,0,1601536,1.0,0.4674806116919351,0.11458192622376373,0.0,502.97901754877614,256
ppo__forward__state__tractor_focus__s0,ppo,forward,state,tractor_focus,0,1701632,1.0,0.25130454432191873,0.10138437907153275,0.0,587.5372128759699,256
ppo__forward__state__tractor_focus__s0,ppo,forward,state,tractor_focus,0,1801728,1.0,0.2184307554477824,0.10573245396153652,0.0,606.3124074792138,256
ppo__forward__state__tractor_focus__s0,ppo,forward,state,tractor_focus,0,1901824,1.0,0.20896794849958272,0.10585618585173506,0.0,627.0056939228671,256
ppo__forward__state__tractor_focus__s0,ppo,forward,state,tractor_focus,0,2001920,1.0,0.22391557812382382,0.10751321268980973,0.0,637.2826446830295,256
ppo__forward__state__tractor_focus__s1,ppo,forward,state,tractor_focus,1,100096,0.0,0.3967209370421997,0.3429064850229363,0.0,-505.60010028833557,1832
ppo__forward__state__tractor_focus__s1,ppo,forward,state,tractor_focus,1,200192,0.0,0.7096048364074736,0.5279028690812987,0.0,-484.81900365424366,2643
ppo__forward__state__tractor_focus__s1,ppo,forward,state,tractor_focus,1,300288,0.0,0.7910222277855486,0.46488114609925646,0.0,-508.862795227979,2875
ppo__forward__state__tractor_focus__s1,ppo,forward,state,tractor_focus,1,400384,0.0,1.1494922710716158,0.8824079622376789,0.0,-459.557304390885,1751
ppo__forward__state__tractor_focus__s1,ppo,forward,state,tractor_focus,1,500480,0.0,0.8119047933696589,0.8318418733493702,0.0,-397.55498793926847,925
ppo__forward__state__tractor_focus__s1,ppo,forward,state,tractor_focus,1,600576,0.0,1.2096799503219011,0.8246537711988078,0.0,-600.7360288212866,966
ppo__forward__state__tractor_focus__s1,ppo,forward,state,tractor_focus,1,700672,0.4519906323185012,0.9218263120323921,0.5557697487589347,0.0,-146.26361815144398,427
ppo__forward__state__tractor_focus__s1,ppo,forward,state,tractor_focus,1,800768,0.7718120805369127,0.7358682150515592,0.240443763666905,0.0,56.50609242327663,298
ppo__forward__state__tractor_focus__s1,ppo,forward,state,tractor_focus,1,900864,0.0,1.0214212000133194,0.17694298624117547,0.0,-974.2769667507968,511
ppo__forward__state__tractor_focus__s1,ppo,forward,state,tractor_focus,1,1000960,0.00796812749003984,1.069745121050066,0.12833391514373016,0.0,-1031.6439305094689,502
ppo__forward__state__tractor_focus__s1,ppo,forward,state,tractor_focus,1,1101056,1.0,0.9680789141116455,0.12628048998158192,0.0,85.71678944380687,256
ppo__forward__state__tractor_focus__s1,ppo,forward,state,tractor_focus,1,1201152,0.98828125,1.1647039443018214,0.12144855114456732,0.0,-267.9887144267691,256
ppo__forward__state__tractor_focus__s1,ppo,forward,state,tractor_focus,1,1301248,1.0,0.1966062949057411,0.10521702434198232,0.0,596.8188825810557,256
ppo__forward__state__tractor_focus__s1,ppo,forward,state,tractor_focus,1,1401344,1.0,0.21614395401468608,0.11413595173689828,0.0,591.1125566317842,256
ppo__forward__state__tractor_focus__s1,ppo,forward,state,tractor_focus,1,1501440,1.0,0.28742380795666067,0.10990344740275759,0.0,574.0451797234587,256
ppo__forward__state__tractor_focus__s1,ppo,forward,state,tractor_focus,1,1601536,1.0,0.6732821934475057,0.11346376340952702,0.0,440.3464752521864,256
ppo__forward__state__tractor_focus__s1,ppo,forward,state,tractor_focus,1,1701632,1.0,0.3116769351547121,0.10325264249695465,0.0,588.910982974021,256
ppo__forward__state__tractor_focus__s1,ppo,forward,state,tractor_focus,1,1801728,1.0,0.21788569235588862,0.10381727065032464,0.0,605.0316375436814,256
ppo__forward__state__tractor_focus__s1,ppo,forward,state,tractor_focus,1,1901824,1.0,0.24916365391078654,0.10666172242054017,0.0,613.3033668117896,256
ppo__forward__state__tractor_focus__s1,ppo,forward,state,tractor_focus,1,2001920,1.0,0.2157421558752138,0.10781974563724361,0.0,618.2464338081677,256
ppo__forward__state__tractor_focus__s2,ppo,forward,state,tractor_focus,2,100096,0.0,0.24918332260573822,0.18852709906506823,0.0,-531.056329605725,917
ppo__forward__state__tractor_focus__s2,ppo,forward,state,tractor_focus,2,200192,0.0,0.753582369965434,0.6444122287434113,0.0,-474.972503289703,2709
ppo__forward__state__tractor_focus__s2,ppo,forward,state,tractor_focus,2,300288,0.0,0.8598205455652339,0.657396167353118,0.0,-478.78464244909344,3097
ppo__forward__state__tractor_focus__s2,ppo,forward,state,tractor_focus,2,400384,0.0,0.90850474056651,0.6923204011494114,0.0,-445.6652096176138,992
ppo__forward__state__tractor_focus__s2,ppo,forward,state,tractor_focus,2,500480,0.005952380952380952,0.8912088939308381,0.3014138284775,0.0,-700.2091885117319,504
ppo__forward__state__tractor_focus__s2,ppo,forward,state,tractor_focus,2,600576,0.4896907216494845,0.8344450966874293,0.3439219544075199,0.0,-206.0515218585267,388
ppo__forward__state__tractor_focus__s2,ppo,forward,state,tractor_focus,2,700672,0.6289308176100629,0.7966921616964516,0.22460786095064766,0.0,-261.65150745713214,318
ppo__forward__state__tractor_focus__s2,ppo,forward,state,tractor_focus,2,800768,0.6226415094339622,0.6477954498425046,0.19618502833277174,0.0,-112.6092567221638,318
ppo__forward__state__tractor_focus__s2,ppo,forward,state,tractor_focus,2,900864,0.7818181818181819,0.5855910570371303,0.16974557921290398,0.0,121.42992569988509,275
ppo__forward__state__tractor_focus__s2,ppo,forward,state,tractor_focus,2,1000960,0.8593155893536122,0.49245305097573533,0.14890079802263373,0.0,255.64153288361388,263
ppo__forward__state__tractor_focus__s2,ppo,forward,state,tractor_focus,2,1101056,0.8333333333333334,0.40965808285275973,0.11775290899116683,0.0,267.80350909044574,270
ppo__forward__state__tractor_focus__s2,ppo,forward,state,tractor_focus,2,1201152,0.9375,0.4314358488365262,0.11550287998761632,0.0,348.7718216437831,256
ppo__forward__state__tractor_focus__s2,ppo,forward,state,tractor_focus,2,1301248,0.8142857142857143,0.6124620509256452,0.12628632728010417,0.0,31.927186171851748,280
ppo__forward__state__tractor_focus__s2,ppo,forward,state,tractor_focus,2,1401344,1.0,0.27183961975509824,0.10205089903320186,0.0,564.8025677755393,256
ppo__forward__state__tractor_focus__s2,ppo,forward,state,tractor_focus,2,1501440,1.0,0.31981035254653545,0.10083641597157111,0.0,550.8961645102268,256
ppo__forward__state__tractor_focus__s2,ppo,forward,state,tractor_focus,2,1601536,1.0,0.2347817626882675,0.1040559674584074,0.0,584.8679836606705,256
ppo__forward__state__tractor_focus__s2,ppo,forward,state,tractor_focus,2,1701632,1.0,0.2762800359638529,0.11197511327191023,0.0,573.5149895580321,256
ppo__forward__state__tractor_focus__s2,ppo,forward,state,tractor_focus,2,1801728,1.0,0.25115697912790524,0.10415052549433312,0.0,591.6505053336305,256
ppo__forward__state__tractor_focus__s2,ppo,forward,state,tractor_focus,2,1901824,1.0,0.20810930672853528,0.09563671180512756,0.0,600.6953787660186,256
ppo__forward__state__tractor_focus__s2,ppo,forward,state,tractor_focus,2,2001920,1.0,0.20660769212356864,0.09876275274837099,0.0,608.6896139293449,256
ppo__forward__state__multiplicative__s0,ppo,forward,state,multiplicative,0,100096,0.0,0.2957628698796927,0.13079114878704226,0.0,-313.3729171192793,931
ppo__forward__state__multiplicative__s0,ppo,forward,state,multiplicative,0,200192,0.0,0.36910941165709193,0.2647060729439746,0.0,-415.71337823774434,1810
ppo__forward__state__multiplicative__s0,ppo,forward,state,multiplicative,0,300288,0.0,0.6235396590072442,0.3419876256007922,0.0,-450.1884707868127,2530
ppo__forward__state__multiplicative__s0,ppo,forward,state,multiplicative,0,400384,0.42316258351893093,0.9162871981049703,0.5429138492767954,0.0,-25.1171083692939,449
ppo__forward__state__multiplicative__s0,ppo,forward,state,multiplicative,0,500480,0.0,1.0463097271142086,0.30599142886828956,0.0,-396.6782699469934,570
ppo__forward__state__multiplicative__s0,ppo,forward,state,multiplicative,0,600576,0.0,0.890466963946551,0.23055718278809756,0.0,-390.2148016065795,714
ppo__forward__state__multiplicative__s0,ppo,forward,state,multiplicative,0,700672,0.8608058608058609,0.9194412646461009,0.166249248768875,0.0,299.0020066459134,273
ppo__forward__state__multiplicative__s0,ppo,forward,state,multiplicative,0,800768,0.01768172888015717,0.8957314818137074,0.1345412929364881,0.0,-318.0097902235263,509
ppo__forward__state__multiplicative__s0,ppo,forward,state,multiplicative,0,900864,0.8384615384615385,0.8955613164999575,0.12174417059868574,0.0,266.8749388377873,260
ppo__forward__state__multiplicative__s0,ppo,forward,state,multiplicative,0,1000960,1.0,1.0635787983418128,0.11303982583922334,0.0,381.27284985572385,256
ppo__forward__state__multiplicative__s0,ppo,forward,state,multiplicative,0,1101056,1.0,0.20840786714191056,0.10882618837058544,0.0,787.5763211280573,256
ppo__forward__state__multiplicative__s0,ppo,forward,state,multiplicative,0,1201152,1.0,0.2405285506920818,0.12409732924425043,0.0,771.1836754200049,256
ppo__forward__state__multiplicative__s0,ppo,forward,state,multiplicative,0,1301248,1.0,0.2027442091879365,0.10787802123013535,0.0,824.2539103731979,256
ppo__forward__state__multiplicative__s0,ppo,forward,state,multiplicative,0,1401344,1.0,0.20145648445009645,0.09987727382394951,0.0,806.0575410439633,256
ppo__forward__state__multiplicative__s0,ppo,forward,state,multiplicative,0,1501440,1.0,0.18260494153759713,0.09158637347718468,0.0,857.369592654286,256
ppo__forward__state__multiplicative__s0,ppo,forward,state,multiplicative,0,1601536,1.0,0.19334869367541893,0.09665896398655605,0.0,843.3317110231146,256
ppo__forward__state__multiplicative__s0,ppo,forward,state,multiplicative,0,1701632,1.0,0.21729392979285972,0.10194969985604985,0.0,837.9500245866366,256
ppo__forward__state__multiplicative__s0,ppo,forward,state,multiplicative,0,1801728,1.0,0.20680149004494064,0.09120748721761629,0.0,858.4344649268314,256
ppo__forward__state__multiplicative__s0,ppo,forward,state,multiplicative,0,1901824,1.0,0.22824714277714103,0.09711264770157868,0.0,851.3677898054011,256
ppo__forward__state__multiplicative__s0,ppo,forward,state,multiplicative,0,2001920,1.0,0.20708059344613522,0.08062207724651671,0.0,875.0543334404938,256
ppo__forward__state__multiplicative__s1,ppo,forward,state,multiplicative,1,100096,0.0,0.37080570082624104,0.3190932397139479,0.0,-405.53081987182367,1818
ppo__forward__state__multiplicative__s1,ppo,forward,state,multiplicative,1,200192,0.0,0.646806164491786,0.44744477133056726,0.0,-435.28879648213643,2569
ppo__forward__state__multiplicative__s1,ppo,forward,state,multiplicative,1,300288,0.0,1.5972262927321632,0.953285662540101,0.0,-510.39848176771034,1373
ppo__forward__state__multiplicative__s1,ppo,forward,state,multiplicative,1,400384,0.0,0.9993570938015475,0.779387991511018,0.0,-382.9236256363817,1053
ppo__forward__state__multiplicative__s1,ppo,forward,state,multiplicative,1,500480,0.0,0.39938982734748124,0.16364582669895206,0.0,-419.52856059343776,1432
ppo__forward__state__multiplicative__s1,ppo,forward,state,multiplicative,1,600576,0.0,0.6657709919912513,0.13067690089854025,0.0,-405.4217498792109,966
ppo__forward__state__multiplicative__s1,ppo,forward,state,multiplicative,1,700672,0.0,1.712110906733898,0.1571391353936633,0.0,-544.2208077186013,512
ppo__forward__state__multiplicative__s1,ppo,forward,state,multiplicative,1,800768,0.036585365853658534,1.1618920183506949,0.11059133237818393,0.0,-341.2736325748202,410
ppo__forward__state__multiplicative__s1,ppo,forward,state,multiplicative,1,900864,1.0,0.2153350270714971,0.11274841775593814,0.0,763.7446710565127,256
ppo__forward__state__multiplicative__s1,ppo,forward,state,multiplicative,1,1000960,1.0,0.45230548011189475,0.10796351727913134,0.0,577.8338225503976,256
ppo__forward__state__multiplicative__s1,ppo,forward,state,multiplicative,1,1101056,1.0,0.19948949741866578,0.10031146313485806,0.0,788.5765942665748,256
ppo__forward__state__multiplicative__s1,ppo,forward,state,multiplicative,1,1201152,1.0,0.23901362990848493,0.10698342975229025,0.0,719.9970559107605,256
ppo__forward__state__multiplicative__s1,ppo,forward,state,multiplicative,1,1301248,1.0,0.24315022854964852,0.10562112114712363,0.0,739.7237894714344,256
ppo__forward__state__multiplicative__s1,ppo,forward,state,multiplicative,1,1401344,1.0,0.20172016081925143,0.1003700716264575,0.0,823.6385654776823,256
ppo__forward__state__multiplicative__s1,ppo,forward,state,multiplicative,1,1501440,1.0,0.18771235982332307,0.09316152370956843,0.0,828.2064944806043,256
ppo__forward__state__multiplicative__s1,ppo,forward,state,multiplicative,1,1601536,1.0,0.19583160318467313,0.10998990635562222,0.0,799.3019495452754,256
ppo__forward__state__multiplicative__s1,ppo,forward,state,multiplicative,1,1701632,1.0,0.16496753165693445,0.10067140587125323,0.0,831.2967391458806,256
ppo__forward__state__multiplicative__s1,ppo,forward,state,multiplicative,1,1801728,1.0,0.15294372660797384,0.08703865993811633,0.0,857.0285700783134,256
ppo__forward__state__multiplicative__s1,ppo,forward,state,multiplicative,1,1901824,1.0,0.1645033655704487,0.09735898940562038,0.0,834.2433853256516,256
ppo__forward__state__multiplicative__s1,ppo,forward,state,multiplicative,1,2001920,1.0,0.1575009687016365,0.0865811844196287,0.0,855.8590624423232,256
ppo__forward__state__multiplicative__s2,ppo,forward,state,multiplicative,2,100096,0.0,0.35598939976743743,0.17545841526862413,0.0,-315.7902236823399,874
ppo__forward__state__multiplicative__s2,ppo,forward,state,multiplicative,2,200192,0.0,0.7422788871276578,0.6132588312460509,0.0,-434.5661686507044,2768
ppo__forward__state__multiplicative__s2,ppo,forward,state,multiplicative,2,300288,0.0,1.3665667353760296,0.954057325436653,0.0,-448.88234639022176,1502
ppo__forward__state__multiplicative__s2,ppo,forward,state,multiplicative,2,400384,0.0,1.0260720991841465,0.9196825894899852,0.0,-369.63588617914263,1007
ppo__forward__state__multiplicative__s2,ppo,forward,state,multiplicative,2,500480,0.0,0.8489659117028499,0.7275154359652213,0.0,-222.3132673780686,551
ppo__forward__state__multiplicative__s2,ppo,forward,state,multiplicative,2,600576,0.6024096385542169,0.9340898234044857,0.3017802148698324,0.0,104.61891946439893,332
ppo__forward__state__multiplicative__s2,ppo,forward,state,multiplicative,2,700672,0.9341085271317829,0.4476718110280548,0.1642592745623732,0.0,583.6714631989743,258
ppo__forward__state__multiplicative__s2,ppo,forward,state,multiplicative,2,800768,0.6313993174061433,0.830571729231732,0.1852612613792509,0.0,155.22407997898787,293
ppo__forward__state__multiplicative__s2,ppo,forward,state,multiplicative,2,900864,0.7490909090909091,0.8996735638124873,0.16627113071354951,0.0,213.32570805927284,275
ppo__forward__state__multiplicative__s2,ppo,forward,state,multiplicative,2,1000960,0.7846153846153846,0.8361687816396198,0.12488378615906605,0.0,272.05327949669726,260
ppo__forward__state__multiplicative__s2,ppo,forward,state,multiplicative,2,1101056,0.99609375,0.5760824386169271,0.12573272731970064,0.0,529.3966232971702,256
ppo__forward__state__multiplicative__s2,ppo,forward,state,multiplicative,2,1201152,0.7662835249042146,1.1493158889567534,0.11193243789547248,0.0,122.61711809616551,261
ppo__forward__state__multiplicative__s2,ppo,forward,state,multiplicative,2,1301248,1.0,1.1604294897238847,0.11901112555642612,0.0,326.1668160368197,256
ppo__forward__state__multiplicative__s2,ppo,forward,state,multiplicative,2,1401344,1.0,0.43585167546468023,0.10745456846416346,0.0,584.9149715152453,256
ppo__forward__state__multiplicative__s2,ppo,forward,state,multiplicative,2,1501440,1.0,0.21330316904057478,0.1065893624763703,0.0,762.3291674349457,256
ppo__forward__state__multiplicative__s2,ppo,forward,state,multiplicative,2,1601536,1.0,0.25092641082988043,0.10666063302778639,0.0,734.8104695871007,256
ppo__forward__state__multiplicative__s2,ppo,forward,state,multiplicative,2,1701632,1.0,0.22131331285783507,0.1110805067619367,0.0,777.5071479948238,256
ppo__forward__state__multiplicative__s2,ppo,forward,state,multiplicative,2,1801728,1.0,0.19615509251769803,0.10789091105107218,0.0,819.8234987137839,256
ppo__forward__state__multiplicative__s2,ppo,forward,state,multiplicative,2,1901824,1.0,0.20728453499455174,0.11485125136823626,0.0,790.9214029980358,256
ppo__forward__state__multiplicative__s2,ppo,forward,state,multiplicative,2,2001920,1.0,0.17920965843417108,0.09677919924070011,0.0,835.8691427484155,256
ppo__forward__state__guided__s0,ppo,forward,state,guided,0,100096,0.0,0.317021686248121,0.12708497879872938,0.0,-644.0088084012575,957
ppo__forward__state__guided__s0,ppo,forward,state,guided,0,200192,0.00390625,0.8028026818976496,0.2647224380634725,0.0,-707.7206155799884,512
ppo__forward__state__guided__s0,ppo,forward,state,guided,0,300288,0.0,1.2955086229295183,0.7339152354913955,0.0,-633.1217865742572,1183
ppo__forward__state__guided__s0,ppo,forward,state,guided,0,400384,0.0,0.8022980632770741,0.7495000738315482,0.0,-609.5659150846287,945
ppo__forward__state__guided__s0,ppo,forward,state,guided,0,500480,0.0,0.9460043702501348,0.5082241817699127,0.0,-675.9479569803156,611
ppo__forward__state__guided__s0,ppo,forward,state,guided,0,600576,0.6098265895953757,0.531399859381133,0.26229269198018174,0.0,-295.16148810090334,346
ppo__forward__state__guided__s0,ppo,forward,state,guided,0,700672,0.0,0.43937273309026587,0.5340133976832607,0.0,-604.7770511306137,2126
ppo__forward__state__guided__s0,ppo,forward,state,guided,0,800768,0.0,0.15280694429110844,0.3435825210253637,0.0,-630.1163574916424,1163
ppo__forward__state__guided__s0,ppo,forward,state,guided,0,900864,0.0,0.7687730066603137,0.630405754722633,0.0,-607.9528375089902,3077
ppo__forward__state__guided__s0,ppo,forward,state,guided,0,1000960,0.0,0.7096757323196616,0.604420860779523,0.0,-604.9636777297211,2961
ppo__forward__state__guided__s0,ppo,forward,state,guided,0,1101056,0.0,0.6069124755681703,0.5675507542808672,0.0,-604.1233552499488,2664
ppo__forward__state__guided__s0,ppo,forward,state,guided,0,1201152,0.0,0.4749310472473485,0.5304950678949248,0.0,-606.8685749458352,2302
ppo__forward__state__guided__s0,ppo,forward,state,guided,0,1301248,0.0,0.22990282232251516,0.4609390829666322,0.0,-653.1753459316461,1190
ppo__forward__state__guided__s0,ppo,forward,state,guided,0,1401344,0.0,0.2381815858237861,0.3940481409714674,0.0,-611.1092341654335,1678
ppo__forward__state__guided__s0,ppo,forward,state,guided,0,1501440,0.0,0.19102126262677424,0.28077935522953695,0.0,-617.6783107691374,1556
ppo__forward__state__guided__s0,ppo,forward,state,guided,0,1601536,0.007022471910112359,0.46111479992224375,0.23233310075665123,0.0,-710.2797869891122,712
ppo__forward__state__guided__s0,ppo,forward,state,guided,0,1701632,0.1168032786885246,0.6226051186628883,0.187820890261868,0.0,-711.4789771069472,488
ppo__forward__state__guided__s0,ppo,forward,state,guided,0,1801728,1.0,0.23614761471935802,0.11324550335120875,0.0,-106.65534812090092,256
ppo__forward__state__guided__s0,ppo,forward,state,guided,0,1901824,1.0,0.18136765526694185,0.10947866400238127,0.0,-56.417498008832524,256
ppo__forward__state__guided__s0,ppo,forward,state,guided,0,2001920,1.0,0.26957500803700307,0.10459518803327228,0.0,-123.36461575452121,256
ppo__forward__state__guided__s1,ppo,forward,state,guided,1,100096,0.0,0.49152789439982036,0.1143563859572871,0.0,-649.4160655998418,1077
ppo__forward__state__guided__s1,ppo,forward,state,guided,1,200192,0.0,1.3683040080214328,0.4591141568204224,0.0,-736.2611984161668,1044
ppo__forward__state__guided__s1,ppo,forward,state,guided,1,300288,0.0,1.2651795220334767,0.9462305893788688,0.0,-618.7016616587978,1483
ppo__forward__state__guided__s1,ppo,forward,state,guided,1,400384,0.0,0.9015103310344008,0.8470616115579139,0.0,-605.3572883692661,1209
ppo__forward__state__guided__s1,ppo,forward,state,guided,1,500480,0.0,1.1297838609444513,0.8689049898264303,0.0,-645.1370984715958,862
ppo__forward__state__guided__s1,ppo,forward,state,guided,1,600576,0.6488095238095238,0.8411388238099976,0.27229422902954475,0.0,-345.54592065903853,336
ppo__forward__state__guided__s1,ppo,forward,state,guided,1,700672,0.0,0.9189644673047216,0.14308300364791648,0.0,-785.3300875681485,512
ppo__forward__state__guided__s1,ppo,forward,state,guided,1,800768,1.0,0.8393313755769551,0.10734743341163266,0.0,-179.21102271063532,256
ppo__forward__state__guided__s1,ppo,forward,state,guided,1,900864,1.0,0.8143910619342033,0.11557726198225282,0.0,-168.8826087585439,256
ppo__forward__state__guided__s1,ppo,forward,state,guided,1,1000960,1.0,0.3666991556349537,0.11549083682257333,0.0,-130.1519712760529,256
ppo__forward__state__guided__s1,ppo,forward,state,guided,1,1101056,1.0,0.218746739630593,0.09870187951310072,0.0,-89.66247567127422,256
ppo__forward__state__guided__s1,ppo,forward,state,guided,1,1201152,1.0,0.47069781207765166,0.10375994380228803,0.0,-145.7035679571611,256
ppo__forward__state__guided__s1,ppo,forward,state,guided,1,1301248,1.0,0.33549177745917014,0.10495831987645943,0.0,-133.43744191175844,256
ppo__forward__state__guided__s1,ppo,forward,state,guided,1,1401344,1.0,0.2098897462555469,0.10698832263005897,0.0,-89.61106785002872,256
ppo__forward__state__guided__s1,ppo,forward,state,guided,1,1501440,1.0,0.20427559828273956,0.10091363474202808,0.0,-79.659186482803,256
ppo__forward__state__guided__s1,ppo,forward,state,guided,1,1601536,1.0,0.43922242270670825,0.1183790407703782,0.0,-144.36243570357038,256
ppo__forward__state__guided__s1,ppo,forward,state,guided,1,1701632,1.0,0.2522371568745957,0.0931634945445694,0.0,-104.2621076331528,256
ppo__forward__state__guided__s1,ppo,forward,state,guided,1,1801728,1.0,0.3254287460119573,0.10411335340177175,0.0,-124.54773603221656,256
ppo__forward__state__guided__s1,ppo,forward,state,guided,1,1901824,1.0,0.258811486323689,0.10688474093331024,0.0,-108.24956802841456,256
ppo__forward__state__guided__s1,ppo,forward,state,guided,1,2001920,1.0,0.20252645943475475,0.10711828224884812,0.0,-76.67978197948429,256
ppo__forward__state__guided__s2,ppo,forward,state,guided,2,100096,0.0,0.2879840138391442,0.16635389478793194,0.0,-648.8558039376645,754
ppo__forward__state__guided__s2,ppo,forward,state,guided,2,200192,0.0,0.42473409480408136,0.14077574524617034,0.0,-623.1965944186576,1331
ppo__forward__state__guided__s2,ppo,forward,state,guided,2,300288,0.0,1.43469538725189,0.9500231654219661,0.00468384074941452,-656.2962385762523,1281
ppo__forward__state__guided__s2,ppo,forward,state,guided,2,400384,0.0,1.0995782538927135,1.0779643933714171,0.0,-709.915642663091,810
ppo__forward__state__guided__s2,ppo,forward,state,guided,2,500480,0.4594594594594595,0.7500268171819573,0.4502411343761393,0.0,-385.9338858132418,444
ppo__forward__state__guided__s2,ppo,forward,state,guided,2,600576,0.03361344537815126,1.2061939365850987,0.35165930677111407,0.0,-803.4895614199534,476
ppo__forward__state__guided__s2,ppo,forward,state,guided,2,700672,1.0,0.21223129907172594,0.11750634388590697,0.0,-20.387443287067512,256
ppo__forward__state__guided__s2,ppo,forward,state,guided,2,800768,1.0,0.9547921240821725,0.11744399959570728,0.0,-190.92577316934995,256
ppo__forward__state__guided__s2,ppo,forward,state,guided,2,900864,1.0,0.3598143950510525,0.1053209011151921,0.0,-133.50379718565947,256
ppo__forward__state__guided__s2,ppo,forward,state,guided,2,1000960,1.0,1.068029486176145,0.10514436227822443,0.0,-218.6683550470854,256
ppo__forward__state__guided__s2,ppo,forward,state,guided,2,1101056,1.0,0.21649838237155006,0.09540770905005047,0.0,-91.92287619920755,256
ppo__forward__state__guided__s2,ppo,forward,state,guided,2,1201152,1.0,0.31311486590805365,0.10216565517475829,0.0,-131.08434461880154,256
ppo__forward__state__guided__s2,ppo,forward,state,guided,2,1301248,1.0,0.4772301501077856,0.11148406828579027,0.0,-150.47140172571227,256
ppo__forward__state__guided__s2,ppo,forward,state,guided,2,1401344,1.0,0.5439935452097074,0.11889792184229009,0.0,-154.51990910854914,256
ppo__forward__state__guided__s2,ppo,forward,state,guided,2,1501440,1.0,0.48784454170673863,0.1082759115670342,0.0,-153.17363462809087,256
ppo__forward__state__guided__s2,ppo,forward,state,guided,2,1601536,1.0,0.28429114912731535,0.11265187430763035,0.0,-118.46409118610373,256
ppo__forward__state__guided__s2,ppo,forward,state,guided,2,1701632,1.0,0.430226168592725,0.12393539401818998,0.0,-146.96980079131293,256
ppo__forward__state__guided__s2,ppo,forward,state,guided,2,1801728,1.0,0.5643597198910167,0.12360768500366248,0.0,-159.46268267248223,256
ppo__forward__state__guided__s2,ppo,forward,state,guided,2,1901824,1.0,0.4356621549187747,0.11408849892904982,0.0,-148.6430721633461,256
ppo__forward__state__guided__s2,ppo,forward,state,guided,2,2001920,1.0,0.7551324871362204,0.12150249505066313,0.0,-173.74066378056975,256
ppo_disc__forward__state__dense__s0,ppo_disc,forward,state,dense,0,100096,0.0,0.5630792673974518,0.3572237961385883,0.0,-500.709905335852,1579
ppo_disc__forward__state__dense__s0,ppo_disc,forward,state,dense,0,200192,0.0,0.5273282082964676,0.3569644618527712,0.0,-474.83803974761724,1480
ppo_disc__forward__state__dense__s0,ppo_disc,forward,state,dense,0,300288,0.0,0.46244625516326404,0.43530601072005737,0.0,-448.2058960784895,1131
ppo_disc__forward__state__dense__s0,ppo_disc,forward,state,dense,0,400384,0.0,0.4305933224386214,0.3851896897405386,0.0,-525.630030154211,1000
ppo_disc__forward__state__dense__s0,ppo_disc,forward,state,dense,0,500480,0.0,1.1717066251112829,0.8048870890077714,0.0,-493.9665580593286,4061
ppo_disc__forward__state__dense__s0,ppo_disc,forward,state,dense,0,600576,0.0,1.1759673476028936,0.8039359535760013,0.0,-494.58782097922614,4096
ppo_disc__forward__state__dense__s0,ppo_disc,forward,state,dense,0,700672,0.0,1.0007399720809,0.6505268576386449,0.0,-494.60602448459827,3587
ppo_disc__forward__state__dense__s0,ppo_disc,forward,state,dense,0,800768,0.0,0.7955510592135752,0.6002442560898698,0.0,-491.78720890583554,2999
ppo_disc__forward__state__dense__s0,ppo_disc,forward,state,dense,0,900864,0.0,0.8730070932124293,0.5798464779396383,0.0030135610246107484,-482.8939198567679,1991
ppo_disc__forward__state__dense__s0,ppo_disc,forward,state,dense,0,1000960,0.0,0.7693727378558588,0.48036642987673406,0.0,-514.7630956057012,3181
ppo_disc__forward__state__dense__s0,ppo_disc,forward,state,dense,0,1101056,0.0,0.9333636490087737,0.5434942878622522,0.0,-493.7161100770314,1860
ppo_disc__forward__state__dense__s0,ppo_disc,forward,state,dense,0,1201152,0.0,1.2584598875187694,0.7799318481976737,0.0,-659.100817608046,891
ppo_disc__forward__state__dense__s0,ppo_disc,forward,state,dense,0,1301248,0.005979073243647235,0.812136249406377,0.2939719904008111,0.0,-771.6914226802587,669
ppo_disc__forward__state__dense__s0,ppo_disc,forward,state,dense,0,1401344,0.03241491085899514,0.7821225056340599,0.2444507850143859,0.0,-722.6012756003007,617
ppo_disc__forward__state__dense__s0,ppo_disc,forward,state,dense,0,1501440,0.6177285318559557,0.6757859405826454,0.2174079840450736,0.0,-208.97029862312922,361
ppo_disc__forward__state__dense__s0,ppo_disc,forward,state,dense,0,1601536,0.03529411764705882,0.9900459611650686,0.13995300350966408,0.0,-993.1058169946878,510
ppo_disc__forward__state__dense__s0,ppo_disc,forward,state,dense,0,1701632,0.953125,1.0357915655563532,0.11198791756760329,0.0,-406.2697442749362,256
ppo_disc__forward__state__dense__s0,ppo_disc,forward,state,dense,0,1801728,1.0,0.9735735518015586,0.11220042454078794,0.0,-22.346547864245053,256
ppo_disc__forward__state__dense__s0,ppo_disc,forward,state,dense,0,1901824,1.0,0.682832746400891,0.10502306494163349,0.0,381.5353295738846,256
ppo_disc__forward__state__dense__s0,ppo_disc,forward,state,dense,0,2001920,1.0,0.4741381071400244,0.09288202066090889,0.0,529.6402681492737,256
ppo_disc__forward__state__dense__s1,ppo_disc,forward,state,dense,1,100096,0.0,0.8806921927930806,0.5092685242745815,0.0,-504.97460398428296,3392
ppo_disc__forward__state__dense__s1,ppo_disc,forward,state,dense,1,200192,0.0,0.8689539848878444,0.6189572517338957,0.0,-491.4778542734421,3096
ppo_disc__forward__state__dense__s1,ppo_disc,forward,state,dense,1,300288,0.0,0.8873305395053513,0.6278179176786345,0.0,-492.38848077740215,3170
ppo_disc__forward__state__dense__s1,ppo_disc,forward,state,dense,1,400384,0.0,0.8609634699788303,0.6129855969989212,0.0,-492.5358261238272,3129
ppo_disc__forward__state__dense__s1,ppo_disc,forward,state,dense,1,500480,0.0,1.1771001108723649,0.8060848031767273,0.0,-493.774516960674,4048
ppo_disc__forward__state__dense__s1,ppo_disc,forward,state,dense,1,600576,0.4215500945179584,0.45653681072841507,0.28884796120203565,0.0,-71.12535404276034,529
ppo_disc__forward__state__dense__s1,ppo_disc,forward,state,dense,1,700672,0.0,0.6840997824743625,0.37153376461914633,0.0,-519.1205551601031,2787
ppo_disc__forward__state__dense__s1,ppo_disc,forward,state,dense,1,800768,0.0,1.3637346011124698,0.6014002179482425,0.0,-628.0633275222883,1333
ppo_disc__forward__state__dense__s1,ppo_disc,forward,state,dense,1,900864,0.0,1.249233442647183,0.8870836354908533,0.0,-547.9655234438425,1536
ppo_disc__forward__state__dense__s1,ppo_disc,forward,state,dense,1,1000960,0.0,1.0104862343796321,0.5505766025619675,0.0013063357282821686,-518.9820492106662,1531
ppo_disc__forward__state__dense__s1,ppo_disc,forward,state,dense,1,1101056,0.0,0.8814078741345988,0.4704552605787236,0.0,-537.1068413081152,1526
ppo_disc__forward__state__dense__s1,ppo_disc,forward,state,dense,1,1201152,0.0,0.7059666432164172,0.44195338936758716,0.0,-492.0126802643443,1065
ppo_disc__forward__state__dense__s1,ppo_disc,forward,state,dense,1,1301248,0.0,1.2601392874664783,0.46633700536830086,0.0,-653.3145177865375,1260
ppo_disc__forward__state__dense__s1,ppo_disc,forward,state,dense,1,1401344,0.0,1.0129803193277125,0.49070088487857855,0.0,-549.3675368860886,1048
ppo_disc__forward__state__dense__s1,ppo_disc,forward,state,dense,1,1501440,0.0,0.8626800722936215,0.400510068374132,0.0,-637.2218750036462,1071
ppo_disc__forward__state__dense__s1,ppo_disc,forward,state,dense,1,1601536,0.0,0.9979762846121196,0.4443430709267101,0.0,-721.4838010443457,761
ppo_disc__forward__state__dense__s1,ppo_disc,forward,state,dense,1,1701632,0.0,1.1032717605182114,0.46230695201275285,0.0,-745.6143467500067,633
ppo_disc__forward__state__dense__s1,ppo_disc,forward,state,dense,1,1801728,0.0,0.8055510525570643,0.23698792618739864,0.0,-781.0260986539315,920
ppo_disc__forward__state__dense__s1,ppo_disc,forward,state,dense,1,1901824,0.00522875816993464,0.9118438876488684,0.23120888602110296,0.0,-868.4127515976012,765
ppo_disc__forward__state__dense__s1,ppo_disc,forward,state,dense,1,2001920,0.01092896174863388,0.9390832992015107,0.19295956515528953,0.0,-916.2284560596397,732
ppo_disc__forward__state__dense__s2,ppo_disc,forward,state,dense,2,100096,0.0,0.9821858735169025,0.7638289207820058,0.0,-490.34608709825005,3030
ppo_disc__forward__state__dense__s2,ppo_disc,forward,state,dense,2,200192,0.0,0.9494802067276412,0.7279880127515688,0.0,-489.0174006854136,3003
ppo_disc__forward__state__dense__s2,ppo_disc,forward,state,dense,2,300288,0.0,0.9907004857363454,0.7518288822545738,0.0,-488.11401185057997,3278
ppo_disc__forward__state__dense__s2,ppo_disc,forward,state,dense,2,400384,0.0,1.049702423501511,0.7562198767407048,0.0,-492.91936176050655,3609
ppo_disc__forward__state__dense__s2,ppo_disc,forward,state,dense,2,500480,0.0,1.1736777396151927,0.8039724052186565,0.0,-493.9606824158385,4072
ppo_disc__forward__state__dense__s2,ppo_disc,forward,state,dense,2,600576,0.0,0.774959949545788,0.552254308637054,0.0,-491.94017706074726,2917
ppo_disc__forward__state__dense__s2,ppo_disc,forward,state,dense,2,700672,0.0,1.5168290025825408,0.8629660555587059,0.004536616979909268,-622.8006997897256,1543
ppo_disc__forward__state__dense__s2,ppo_disc,forward,state,dense,2,800768,0.0,1.7202340954712283,0.7239973955420833,0.0,-901.9873583221929,1584
ppo_disc__forward__state__dense__s2,ppo_disc,forward,state,dense,2,900864,0.0,1.5113781738646777,0.9120099537333789,0.0,-606.2715593537289,1782
ppo_disc__forward__state__dense__s2,ppo_disc,forward,state,dense,2,1000960,0.0,0.7265827986522571,0.3353260515311114,0.0,-560.5477691372313,2965
ppo_disc__forward__state__dense__s2,ppo_disc,forward,state,dense,2,1101056,0.0,0.7570437915999795,0.41520777470354797,0.0,-577.1525066126309,1684
ppo_disc__forward__state__dense__s2,ppo_disc,forward,state,dense,2,1201152,0.0,1.6925156645303912,0.7827863238053396,0.0,-795.6930950576098,1536
ppo_disc__forward__state__dense__s2,ppo_disc,forward,state,dense,2,1301248,0.0,0.9692658523534433,0.5316264526831671,0.0,-683.6737092304917,965
ppo_disc__forward__state__dense__s2,ppo_disc,forward,state,dense,2,1401344,0.0,1.095580765818881,0.49641492797373815,0.0,-663.6705576183906,788
ppo_disc__forward__state__dense__s2,ppo_disc,forward,state,dense,2,1501440,0.004166666666666667,0.7904866953472681,0.26675456702295275,0.0,-750.7207765642229,720
ppo_disc__forward__state__dense__s2,ppo_disc,forward,state,dense,2,1601536,0.003911342894393742,0.7640599130875275,0.21742483355697473,0.0,-755.6729085659779,767
ppo_disc__forward__state__dense__s2,ppo_disc,forward,state,dense,2,1701632,0.5876288659793815,0.4487077792968265,0.20587960231242722,0.0,26.596057218550488,388
ppo_disc__forward__state__dense__s2,ppo_disc,forward,state,dense,2,1801728,0.7554179566563467,0.5108720711420508,0.19196197977606727,0.0,113.43829121934783,323
ppo_disc__forward__state__dense__s2,ppo_disc,forward,state,dense,2,1901824,1.0,0.9881288769692118,0.10917003118811408,0.0,-8.499493509113233,256
ppo_disc__forward__state__dense__s2,ppo_disc,forward,state,dense,2,2001920,1.0,0.9533027741027308,0.12218075265991502,0.0,111.66661159182593,256
ppo_disc__forward__state__tractor_focus__s0,ppo_disc,forward,state,tractor_focus,0,100096,0.0,0.5414800601244179,0.34407795523834783,0.0,-539.1381161823036,1376
ppo_disc__forward__state__tractor_focus__s0,ppo_disc,forward,state,tractor_focus,0,200192,0.0,0.5099215725618271,0.4601228580140231,0.0,-425.8036191928244,1140
ppo_disc__forward__state__tractor_focus__s0,ppo_disc,forward,state,tractor_focus,0,300288,0.0,0.786375223609415,0.5466979351236908,0.0,-488.1613779317386,3048
ppo_disc__forward__state__tractor_focus__s0,ppo_disc,forward,state,tractor_focus,0,400384,0.0,0.7992131761854961,0.5742298998322428,0.0,-486.6789822798486,3009
ppo_disc__forward__state__tractor_focus__s0,ppo_disc,forward,state,tractor_focus,0,500480,0.0,1.1732222263873644,0.8051087597403863,0.0,-482.039794196375,4059
ppo_disc__forward__state__tractor_focus__s0,ppo_disc,forward,state,tractor_focus,0,600576,0.0,1.1753009263550307,0.8038667631481076,0.0,-482.7574028773028,4096
ppo_disc__forward__state__tractor_focus__s0,ppo_disc,forward,state,tractor_focus,0,700672,0.0,1.0343856442298947,0.4257755556210065,0.0,-776.0605866614653,1912
ppo_disc__forward__state__tractor_focus__s0,ppo_disc,forward,state,tractor_focus,0,800768,0.0,1.3231873418861382,0.773592741553261,0.0,-504.3529059518561,1839
ppo_disc__forward__state__tractor_focus__s0,ppo_disc,forward,state,tractor_focus,0,900864,0.0,1.5008311125896845,1.0079210166824597,0.003910614525139665,-538.0519839724949,1790
ppo_disc__forward__state__tractor_focus__s0,ppo_disc,forward,state,tractor_focus,0,1000960,0.0,0.7977440695879815,0.5362741474977414,0.0,-497.1801877590146,1445
ppo_disc__forward__state__tractor_focus__s0,ppo_disc,forward,state,tractor_focus,0,1101056,0.0,1.9166983973885516,0.9704647901414023,0.0,-768.9965018584184,1588
ppo_disc__forward__state__tractor_focus__s0,ppo_disc,forward,state,tractor_focus,0,1201152,0.3691275167785235,0.6767073710000907,0.3831306855200527,0.0,-115.54394847405057,596
ppo_disc__forward__state__tractor_focus__s0,ppo_disc,forward,state,tractor_focus,0,1301248,0.0011467889908256881,1.1873482556081758,0.755935851689599,0.0,-574.7990129156419,872
ppo_disc__forward__state__tractor_focus__s0,ppo_disc,forward,state,tractor_focus,0,1401344,0.013157894736842105,0.7813557870296353,0.32594700772805435,0.0,-614.4025187564157,456
ppo_disc__forward__state__tractor_focus__s0,ppo_disc,forward,state,tractor_focus,0,1501440,0.004451038575667656,0.8366711740817014,0.20459775875380556,0.0,-776.277630044906,674
ppo_disc__forward__state__tractor_focus__s0,ppo_disc,forward,state,tractor_focus,0,1601536,0.057539682539682536,0.8185327968310433,0.13800101094539202,0.0,-770.2989532880024,504
ppo_disc__forward__state__tractor_focus__s0,ppo_disc,forward,state,tractor_focus,0,1701632,0.05121951219512195,1.22896667363856,0.1151415018228496,0.0,-1189.3053728587643,410
ppo_disc__forward__state__tractor_focus__s0,ppo_disc,forward,state,tractor_focus,0,1801728,0.03571428571428571,1.6573597917426368,0.11791650628937142,0.0,-1697.5306501899336,420
ppo_disc__forward__state__tractor_focus__s0,ppo_disc,forward,state,tractor_focus,0,1901824,1.0,0.6338412176532304,0.13451870166318258,0.0,464.03109837023874,256
ppo_disc__forward__state__tractor_focus__s0,ppo_disc,forward,state,tractor_focus,0,2001920,1.0,0.3304199980549496,0.12181823957507731,0.0,589.3606968923918,256
ppo_disc__forward__state__tractor_focus__s1,ppo_disc,forward,state,tractor_focus,1,100096,0.0,0.8822198960797947,0.5106281922829586,0.0,-497.8063153197196,3396
ppo_disc__forward__state__tractor_focus__s1,ppo_disc,forward,state,tractor_focus,1,200192,0.0,0.8796456626472491,0.6270369856567588,0.0,-484.10755082031466,3156
ppo_disc__forward__state__tractor_focus__s1,ppo_disc,forward,state,tractor_focus,1,300288,0.0,0.8728438921931274,0.6196411277858096,0.0,-484.63141685443077,3126
ppo_disc__forward__state__tractor_focus__s1,ppo_disc,forward,state,tractor_focus,1,400384,0.0,1.018325575025673,0.733009468875678,0.0,-481.0775579351508,3538
ppo_disc__forward__state__tractor_focus__s1,ppo_disc,forward,state,tractor_focus,1,500480,0.0,1.1774634598782892,0.8053451440870982,0.0,-482.16167449048953,4065
ppo_disc__forward__state__tractor_focus__s1,ppo_disc,forward,state,tractor_focus,1,600576,0.0,1.1777478533898988,0.8033172377909068,0.0,-482.7391397622381,4096
ppo_disc__forward__state__tractor_focus__s1,ppo_disc,forward,state,tractor_focus,1,700672,0.0,0.7077851885323303,0.40736299783945934,0.0,-513.9217703120235,2810
ppo_disc__forward__state__tractor_focus__s1,ppo_disc,forward,state,tractor_focus,1,800768,0.0,0.6491256921478223,0.3600179780741339,0.0,-542.8408609074544,2666
ppo_disc__forward__state__tractor_focus__s1,ppo_disc,forward,state,tractor_focus,1,900864,0.0,0.7517493589773239,0.43983514961344555,0.0,-501.1903274254076,2855
ppo_disc__forward__state__tractor_focus__s1,ppo_disc,forward,state,tractor_focus,1,1000960,0.0,1.7083215019037867,0.5857493403069189,0.0,-754.1201567048095,1457
ppo_disc__forward__state__tractor_focus__s1,ppo_disc,forward,state,tractor_focus,1,1101056,0.0,1.6543995746445064,0.8498982275208408,0.0,-634.1380469178548,1534
ppo_disc__forward__state__tractor_focus__s1,ppo_disc,forward,state,tractor_focus,1,1201152,0.01293103448275862,1.0410061974619922,0.44619319291421394,0.0,-515.0065564657664,1392
ppo_disc__forward__state__tractor_focus__s1,ppo_disc,forward,state,tractor_focus,1,1301248,0.487964989059081,0.7901232943355754,0.37597171963891524,0.0,-127.57992202823229,457
ppo_disc__forward__state__tractor_focus__s1,ppo_disc,forward,state,tractor_focus,1,1401344,0.06809338521400778,0.8429606278462641,0.23308611523490472,0.0,-722.5625452634536,514
ppo_disc__forward__state__tractor_focus__s1,ppo_disc,forward,state,tractor_focus,1,1501440,0.5948275862068966,0.8192495520174106,0.2022542818502962,0.0,-317.06497707398233,348
ppo_disc__forward__state__tractor_focus__s1,ppo_disc,forward,state,tractor_focus,1,1601536,0.0,1.0692859647462447,0.12400349104427733,0.0,-1042.3720361055998,512
ppo_disc__forward__state__tractor_focus__s1,ppo_disc,forward,state,tractor_focus,1,1701632,0.1365079365079365,1.0780830497414782,0.11907561500630681,0.0,-1001.8725069217519,315
ppo_disc__forward__state__tractor_focus__s1,ppo_disc,forward,state,tractor_focus,1,1801728,0.22509225092250923,1.4190960631319092,0.12300827106756478,0.0,-1365.8167313816684,271
ppo_disc__forward__state__tractor_focus__s1,ppo_disc,forward,state,tractor_focus,1,1901824,1.0,0.43096149976654274,0.11549207626376301,0.0,521.4694500561618,256
ppo_disc__forward__state__tractor_focus__s1,ppo_disc,forward,state,tractor_focus,1,2001920,1.0,0.2753414448129477,0.1046878086272045,0.0,589.360042041862,256
ppo_disc__forward__state__tractor_focus__s2,ppo_disc,forward,state,tractor_focus,2,100096,0.0,0.9877992441902088,0.7657892493936881,0.0,-478.51556406241707,3048
ppo_disc__forward__state__tractor_focus__s2,ppo_disc,forward,state,tractor_focus,2,200192,0.0,0.9540229781523625,0.7332837083653958,0.0,-477.6090049200251,3009
ppo_disc__forward__state__tractor_focus__s2,ppo_disc,forward,state,tractor_focus,2,300288,0.0,0.9862571350927911,0.7663180371966514,0.0,-475.67657715879113,3089
ppo_disc__forward__state__tractor_focus__s2,ppo_disc,forward,state,tractor_focus,2,400384,0.0,1.0221294759042265,0.7384938059054776,0.0,-484.50613994745186,3441
ppo_disc__forward__state__tractor_focus__s2,ppo_disc,forward,state,tractor_focus,2,500480,0.0,0.8003098324155721,0.6010357217447986,0.0,-484.88537342524967,3037
ppo_disc__forward__state__tractor_focus__s2,ppo_disc,forward,state,tractor_focus,2,600576,0.0,0.7949577915384723,0.5995638726546287,0.0,-484.92844106249373,3026
ppo_disc__forward__state__tractor_focus__s2,ppo_disc,forward,state,tractor_focus,2,700672,0.3818493150684932,0.503379420842292,0.35774784511049373,0.0,-78.63046997253257,584
ppo_disc__forward__state__tractor_focus__s2,ppo_disc,forward,state,tractor_focus,2,800768,0.37564322469982847,0.7138206451041222,0.5466642983475032,0.0,-119.59566883060391,583
ppo_disc__forward__state__tractor_focus__s2,ppo_disc,forward,state,tractor_focus,2,900864,0.39488117001828155,0.7201810117674305,0.5585620502449266,0.0,-166.11227972799088,547
ppo_disc__forward__state__tractor_focus__s2,ppo_disc,forward,state,tractor_focus,2,1000960,0.4007285974499089,0.460585273125064,0.338175564977207,0.0,-78.96985262085292,549
ppo_disc__forward__state__tractor_focus__s2,ppo_disc,forward,state,tractor_focus,2,1101056,0.36468646864686466,0.31731885912340135,0.2562345033357842,0.0,-73.9554515900852,606
ppo_disc__forward__state__tractor_focus__s2,ppo_disc,forward,state,tractor_focus,2,1201152,0.34873323397913564,0.3044741741607657,0.20683833132824198,0.0,-123.24872326089248,671
ppo_disc__forward__state__tractor_focus__s2,ppo_disc,forward,state,tractor_focus,2,1301248,0.0,0.3745886683862828,0.2929215957805915,0.0,-544.5200072331415,1932
ppo_disc__forward__state__tractor_focus__s2,ppo_disc,forward,state,tractor_focus,2,1401344,0.0,0.848236588501243,0.3748008398247131,0.0,-699.5020967426311,587
ppo_disc__forward__state__tractor_focus__s2,ppo_disc,forward,state,tractor_focus,2,1501440,0.0589622641509434,0.6914934116230089,0.3158704673625388,0.0,-511.5818664577124,424
ppo_disc__forward__state__tractor_focus__s2,ppo_disc,forward,state,tractor_focus,2,1601536,0.0,0.7745175409308303,0.3135142564428525,0.0,-673.5566691667569,691
ppo_disc__forward__state__tractor_focus__s2,ppo_disc,forward,state,tractor_focus,2,1701632,0.6687116564417178,0.5360575585309014,0.24020413684150194,0.0,114.01797221810017,326
ppo_disc__forward__state__tractor_focus__s2,ppo_disc,forward,state,tractor_focus,2,1801728,0.1232876712328767,0.7219872665623744,0.25580340360193493,0.0,-504.7271281894963,438
ppo_disc__forward__state__tractor_focus__s2,ppo_disc,forward,state,tractor_focus,2,1901824,0.11212121212121212,1.1239553038600434,0.29097546275817987,0.0,-800.1040630649063,330
ppo_disc__forward__state__tractor_focus__s2,ppo_disc,forward,state,tractor_focus,2,2001920,0.10569105691056911,1.1608562394338036,0.2648416386064152,0.0,-805.1650509263616,369
ppo_disc__forward__state__multiplicative__s0,ppo_disc,forward,state,multiplicative,0,100096,0.0,0.6404535508172944,0.37329643208477364,0.0,-416.01255036331264,1990
ppo_disc__forward__state__multiplicative__s0,ppo_disc,forward,state,multiplicative,0,200192,0.0,0.5743398634412937,0.3712640316237143,0.0,-377.60573423527876,1612
ppo_disc__forward__state__multiplicative__s0,ppo_disc,forward,state,multiplicative,0,300288,0.0,0.8232110200257466,0.6082985940912157,0.0,-445.5038445364181,3055
ppo_disc__forward__state__multiplicative__s0,ppo_disc,forward,state,multiplicative,0,400384,0.0,1.1698584030378891,0.8076235288631687,0.0,-461.2815870833536,3956
ppo_disc__forward__state__multiplicative__s0,ppo_disc,forward,state,multiplicative,0,500480,0.0,1.1779052294388064,0.8059416521265331,0.0,-462.49590658155665,4058
ppo_disc__forward__state__multiplicative__s0,ppo_disc,forward,state,multiplicative,0,600576,0.0,1.1763720292556363,0.8038622357416898,0.0,-463.07706434751594,4096
ppo_disc__forward__state__multiplicative__s0,ppo_disc,forward,state,multiplicative,0,700672,0.0,1.2784394694944023,0.7040783790688888,0.0,-430.6139104754251,1224
ppo_disc__forward__state__multiplicative__s0,ppo_disc,forward,state,multiplicative,0,800768,0.37392795883361923,0.34445188365625545,0.18495404896067638,0.0,129.34526963921869,583
ppo_disc__forward__state__multiplicative__s0,ppo_disc,forward,state,multiplicative,0,900864,0.4230769230769231,0.6983681647584468,0.3602466865991942,0.0,187.0326203011974,468
ppo_disc__forward__state__multiplicative__s0,ppo_disc,forward,state,multiplicative,0,1000960,0.37924528301886795,0.6419954652339858,0.46553357842395954,0.0,132.85717654564561,530
ppo_disc__forward__state__multiplicative__s0,ppo_disc,forward,state,multiplicative,0,1101056,0.4634146341463415,0.5326025852535862,0.21293862053170437,0.0,206.90625952393762,410
ppo_disc__forward__state__multiplicative__s0,ppo_disc,forward,state,multiplicative,0,1201152,0.5907859078590786,1.2652805421298101,0.2526686761457584,0.0,-46.85847693077146,369
ppo_disc__forward__state__multiplicative__s0,ppo_disc,forward,state,multiplicative,0,1301248,0.9457364341085271,0.7690415710111392,0.15073298935800097,0.0,426.8534093201839,258
ppo_disc__forward__state__multiplicative__s0,ppo_disc,forward,state,multiplicative,0,1401344,0.99609375,0.7541957168991604,0.12223227722279262,0.0,456.4951354999486,256
ppo_disc__forward__state__multiplicative__s0,ppo_disc,forward,state,multiplicative,0,1501440,1.0,0.5180197749752887,0.09856826197938062,0.0,565.4229175915934,256
ppo_disc__forward__state__multiplicative__s0,ppo_disc,forward,state,multiplicative,0,1601536,1.0,0.3907460670458416,0.10388198218788602,0.0,611.1029343373299,256
ppo_disc__forward__state__multiplicative__s0,ppo_disc,forward,state,multiplicative,0,1701632,1.0,0.23246423055051557,0.11379573023077683,0.0,723.9663792860229,256
ppo_disc__forward__state__multiplicative__s0,ppo_disc,forward,state,multiplicative,0,1801728,1.0,0.823425825997011,0.11177543544908985,0.0,451.9999031416346,256
ppo_disc__forward__state__multiplicative__s0,ppo_disc,forward,state,multiplicative,0,1901824,1.0,0.56879750330187,0.09929560234013479,0.0,536.1802152064961,256
ppo_disc__forward__state__multiplicative__s0,ppo_disc,forward,state,multiplicative,0,2001920,1.0,0.3237649941158345,0.10344370894745225,0.0,657.4056522637838,256
ppo_disc__forward__state__multiplicative__s1,ppo_disc,forward,state,multiplicative,1,100096,0.0033370411568409346,0.5603962268298929,0.371633820915315,0.0,-345.61975322801413,899
ppo_disc__forward__state__multiplicative__s1,ppo_disc,forward,state,multiplicative,1,200192,0.0,0.48086617846324065,0.3128856384105259,0.0,-379.85384825736514,1240
ppo_disc__forward__state__multiplicative__s1,ppo_disc,forward,state,multiplicative,1,300288,0.0,0.7400434034964928,0.7204892022531333,0.0,-391.1585485076781,1924
ppo_disc__forward__state__multiplicative__s1,ppo_disc,forward,state,multiplicative,1,400384,0.0,0.6042131818076393,0.5236388949200858,0.0,-382.18252666567327,1720
ppo_disc__forward__state__multiplicative__s1,ppo_disc,forward,state,multiplicative,1,500480,0.0,1.1776660076552177,0.8056902170650372,0.0,-462.60302972852764,4066
ppo_disc__forward__state__multiplicative__s1,ppo_disc,forward,state,multiplicative,1,600576,0.0,1.2425366669241684,0.8116800430818095,0.0,-449.6721666342387,2274
ppo_disc__forward__state__multiplicative__s1,ppo_disc,forward,state,multiplicative,1,700672,0.0,1.4589052304054821,0.7958568061065722,0.0,-462.3271455092828,1982
ppo_disc__forward__state__multiplicative__s1,ppo_disc,forward,state,multiplicative,1,800768,0.017584097859327217,1.3869941953616138,0.7485733543628035,0.0,-434.97973902246275,1308
ppo_disc__forward__state__multiplicative__s1,ppo_disc,forward,state,multiplicative,1,900864,0.031070195627157654,1.129571017893599,0.7858607426748726,0.0,-371.24910603788163,869
ppo_disc__forward__state__multiplicative__s1,ppo_disc,forward,state,multiplicative,1,1000960,0.5264550264550265,0.9255983936958684,0.2782645534980234,0.0,36.60891632522451,378
ppo_disc__forward__state__multiplicative__s1,ppo_disc,forward,state,multiplicative,1,1101056,0.603448275862069,0.7354268827130387,0.18097554135468158,0.0,171.69698656131325,348
ppo_disc__forward__state__multiplicative__s1,ppo_disc,forward,state,multiplicative,1,1201152,0.0,0.8919015044351428,0.14478348415716055,0.0,-363.93180950989154,522
ppo_disc__forward__state__multiplicative__s1,ppo_disc,forward,state,multiplicative,1,1301248,1.0,0.2945728366588441,0.12766969286894891,0.0,710.2220675940196,256
ppo_disc__forward__state__multiplicative__s1,ppo_disc,forward,state,multiplicative,1,1401344,1.0,0.29675543914343355,0.12059896289065364,0.0,671.8168608451961,256
ppo_disc__forward__state__multiplicative__s1,ppo_disc,forward,state,multiplicative,1,1501440,1.0,0.4708362916153695,0.11165989563596668,0.0,572.8064074931735,256
ppo_disc__forward__state__multiplicative__s1,ppo_disc,forward,state,multiplicative,1,1601536,1.0,0.3733581490150317,0.10950615940964781,0.0,627.5995801155664,256
ppo_disc__forward__state__multiplicative__s1,ppo_disc,forward,state,multiplicative,1,1701632,1.0,0.3729875770663319,0.10764214080700185,0.0,612.3876802136656,256
ppo_disc__forward__state__multiplicative__s1,ppo_disc,forward,state,multiplicative,1,1801728,1.0,0.22630038774426003,0.09571231861264096,0.0,737.9782890952192,256
ppo_disc__forward__state__multiplicative__s1,ppo_disc,forward,state,multiplicative,1,1901824,1.0,0.42132643753788446,0.11902886429743376,0.0,596.4648808716083,256
ppo_disc__forward__state__multiplicative__s1,ppo_disc,forward,state,multiplicative,1,2001920,1.0,0.28431807843148155,0.10297422369694686,0.0,679.756021792884,256
ppo_disc__forward__state__multiplicative__s2,ppo_disc,forward,state,multiplicative,2,100096,0.0,0.991180484803244,0.7670569486916066,0.0,-444.7067717556955,3040
ppo_disc__forward__state__multiplicative__s2,ppo_disc,forward,state,multiplicative,2,200192,0.0,0.9498696073782691,0.7124536200506487,0.0,-444.79418375884575,3028
ppo_disc__forward__state__multiplicative__s2,ppo_disc,forward,state,multiplicative,2,300288,0.0,0.9851323748421028,0.7685689132499727,0.0,-443.0027324186002,3033
ppo_disc__forward__state__multiplicative__s2,ppo_disc,forward,state,multiplicative,2,400384,0.0,0.547196244388844,0.37919409298126927,0.0,-438.0078780503602,2493
ppo_disc__forward__state__multiplicative__s2,ppo_disc,forward,state,multiplicative,2,500480,0.0,1.1617893745707153,0.8014294830833011,0.0,-461.95360896377963,4036
ppo_disc__forward__state__multiplicative__s2,ppo_disc,forward,state,multiplicative,2,600576,0.0,0.4958320176862871,0.3461080143583695,0.0,-427.2807810681185,2059
ppo_disc__forward__state__multiplicative__s2,ppo_disc,forward,state,multiplicative,2,700672,0.42034548944337813,0.5079300251717763,0.27614589750538016,0.0,161.43514202015956,521
ppo_disc__forward__state__multiplicative__s2,ppo_disc,forward,state,multiplicative,2,800768,0.4189189189189189,0.4789728043619363,0.21154454036195147,0.0019305019305019305,163.36498195096104,518
ppo_disc__forward__state__multiplicative__s2,ppo_disc,forward,state,multiplicative,2,900864,0.39622641509433965,0.5846002125081761,0.33780790414169215,0.0,128.83721181577354,530
ppo_disc__forward__state__multiplicative__s2,ppo_disc,forward,state,multiplicative,2,1000960,0.4068441064638783,0.7092678202179417,0.46445721461519157,0.0,150.5019790128803,526
ppo_disc__forward__state__multiplicative__s2,ppo_disc,forward,state,multiplicative,2,1101056,0.42714570858283435,0.6765445929913187,0.48209071766116735,0.007984031936127744,196.33689830875778,501
ppo_disc__forward__state__multiplicative__s2,ppo_disc,forward,state,multiplicative,2,1201152,0.0,0.9735488982627276,0.5229605471465698,0.001288659793814433,-360.1949615479893,776
ppo_disc__forward__state__multiplicative__s2,ppo_disc,forward,state,multiplicative,2,1301248,0.00129366106080207,0.7800513271806283,0.2277440698034242,0.0,-388.1170127421225,773
ppo_disc__forward__state__multiplicative__s2,ppo_disc,forward,state,multiplicative,2,1401344,0.8166666666666667,0.672497197860961,0.17418575252095858,0.0,367.81330800923917,300
ppo_disc__forward__state__multiplicative__s2,ppo_disc,forward,state,multiplicative,2,1501440,0.8215613382899628,0.6641363232454132,0.12785825417221258,0.0,377.17298982783285,269
ppo_disc__forward__state__multiplicative__s2,ppo_disc,forward,state,multiplicative,2,1601536,0.0,1.1351099658154242,0.11493254703513923,0.0,-374.0912104633676,504
ppo_disc__forward__state__multiplicative__s2,ppo_disc,forward,state,multiplicative,2,1701632,1.0,0.7415617524034881,0.09856188538833521,0.0,483.9586774568577,256
ppo_disc__forward__state__multiplicative__s2,ppo_disc,forward,state,multiplicative,2,1801728,0.93359375,1.2869966999326474,0.10949396481737494,0.0,204.41349884313286,256
ppo_disc__forward__state__multiplicative__s2,ppo_disc,forward,state,multiplicative,2,1901824,1.0,0.40510548373713995,0.11722475628630491,0.0,601.6828459246899,256
ppo_disc__forward__state__multiplicative__s2,ppo_disc,forward,state,multiplicative,2,2001920,1.0,0.20232487304063007,0.10634423367446288,0.0,788.151337550953,256
ppo_disc__forward__state__guided__s0,ppo_disc,forward,state,guided,0,100096,0.3610271903323263,0.33103130842067535,0.17453800802600214,0.0,-341.96291608338964,662
ppo_disc__forward__state__guided__s0,ppo_disc,forward,state,guided,0,200192,0.0,0.2964579517987705,0.3573402094501483,0.0,-645.6875813033893,1185
ppo_disc__forward__state__guided__s0,ppo_disc,forward,state,guided,0,300288,0.3597560975609756,0.30011899940244324,0.17080386046592844,0.0,-348.63451633262673,656
ppo_disc__forward__state__guided__s0,ppo_disc,forward,state,guided,0,400384,0.3683385579937304,0.30496409433131033,0.16521915569164353,0.0,-351.58188788922996,638
ppo_disc__forward__state__guided__s0,ppo_disc,forward,state,guided,0,500480,0.41454545454545455,0.282433073604428,0.1240392462435101,0.0,-337.05065986647435,550
ppo_disc__forward__state__guided__s0,ppo_disc,forward,state,guided,0,600576,0.4396039603960396,0.5274213822586045,0.21005402823638172,0.0,-352.83855896633173,505
ppo_disc__forward__state__guided__s0,ppo_disc,forward,state,guided,0,700672,0.39332096474953615,0.49621760169525003,0.3542533987279512,0.0,-373.0368472946542,539
ppo_disc__forward__state__guided__s0,ppo_disc,forward,state,guided,0,800768,0.4,0.545499181791425,0.3183575625809948,0.0,-346.13133897042394,560
ppo_disc__forward__state__guided__s0,ppo_disc,forward,state,guided,0,900864,0.3894927536231884,0.7478525400776737,0.5220776454586056,0.0,-362.91860441251174,552
ppo_disc__forward__state__guided__s0,ppo_disc,forward,state,guided,0,1000960,0.3980952380952381,0.6640202456539556,0.46180423021316597,0.0,-344.096790852991,525
ppo_disc__forward__state__guided__s0,ppo_disc,forward,state,guided,0,1101056,0.0,1.5800587311201302,0.4819795877970371,0.0,-653.3275429163107,1261
ppo_disc__forward__state__guided__s0,ppo_disc,forward,state,guided,0,1201152,0.0,1.5637349550986992,0.46618600658413856,0.0,-680.4897099040359,1154
ppo_disc__forward__state__guided__s0,ppo_disc,forward,state,guided,0,1301248,0.0,1.1318806579247283,0.5120462755602956,0.0,-627.02716446022,949
ppo_disc__forward__state__guided__s0,ppo_disc,forward,state,guided,0,1401344,0.0,0.8952599634938807,0.4787521104532671,0.0,-604.8863376267803,907
ppo_disc__forward__state__guided__s0,ppo_disc,forward,state,guided,0,1501440,0.0015455950540958269,1.0621559292776699,0.6482097873639839,0.0,-693.7100010255912,647
ppo_disc__forward__state__guided__s0,ppo_disc,forward,state,guided,0,1601536,0.0017857142857142857,1.369843832336673,0.6946185285624649,0.0,-749.3007953540251,560
ppo_disc__forward__state__guided__s0,ppo_disc,forward,state,guided,0,1701632,0.0017152658662092624,1.136411753511344,0.5848956565479676,0.0,-658.3817712367216,583
ppo_disc__forward__state__guided__s0,ppo_disc,forward,state,guided,0,1801728,0.0065252854812398045,0.9905840401109467,0.39969926117197724,0.0,-711.8314917596664,613
ppo_disc__forward__state__guided__s0,ppo_disc,forward,state,guided,0,1901824,0.0,1.288826193446971,0.6558670478193781,0.0,-785.5697298735847,458
ppo_disc__forward__state__guided__s0,ppo_disc,forward,state,guided,0,2001920,0.0028208744710860366,1.0372196686885937,0.24398802459891492,0.0,-743.9777318302365,709
ppo_disc__forward__state__guided__s1,ppo_disc,forward,state,guided,1,100096,0.0,0.8496818218402933,0.45289624086646146,0.0,-557.8107135213362,3225
ppo_disc__forward__state__guided__s1,ppo_disc,forward,state,guided,1,200192,0.0,0.3952992966911839,0.33459578482280683,0.0,-598.9642090685564,2306
ppo_disc__forward__state__guided__s1,ppo_disc,forward,state,guided,1,300288,0.0,0.27997683932096795,0.3406486994565332,0.0,-616.543169041863,1642
ppo_disc__forward__state__guided__s1,ppo_disc,forward,state,guided,1,400384,0.0,0.31756085028859365,0.37576542788363515,0.0,-610.6919798758793,1645
ppo_disc__forward__state__guided__s1,ppo_disc,forward,state,guided,1,500480,0.0,0.38045117404762374,0.3091334203518061,0.0,-595.2283205111054,2064
ppo_disc__forward__state__guided__s1,ppo_disc,forward,state,guided,1,600576,0.0,0.7965834769375331,0.60051250569165,0.0,-572.7028663894405,3023
ppo_disc__forward__state__guided__s1,ppo_disc,forward,state,guided,1,700672,0.37037037037037035,0.562633118575981,0.44628257069217736,0.0,-355.58880337469674,567
ppo_disc__forward__state__guided__s1,ppo_disc,forward,state,guided,1,800768,0.4147727272727273,0.7246408316930543,0.5265551979431297,0.0,-382.76627431164803,528
ppo_disc__forward__state__guided__s1,ppo_disc,forward,state,guided,1,900864,0.44422700587084146,0.5201953995601973,0.32091547458372555,0.0,-344.8749027757037,511
ppo_disc__forward__state__guided__s1,ppo_disc,forward,state,guided,1,1000960,0.42610364683301344,0.5451180694105093,0.23989772383166608,0.0,-367.4419588170855,521
ppo_disc__forward__state__guided__s1,ppo_disc,forward,state,guided,1,1101056,0.38697318007662834,0.6314200159039925,0.3658276026162158,0.0,-378.9699052638218,522
ppo_disc__forward__state__guided__s1,ppo_disc,forward,state,guided,1,1201152,0.4097087378640777,0.6520138862147502,0.33176549538536043,0.0,-376.00745780444953,515
ppo_disc__forward__state__guided__s1,ppo_disc,forward,state,guided,1,1301248,0.4066797642436149,0.6957867062379232,0.37132933235238785,0.0,-366.95998661339576,509
ppo_disc__forward__state__guided__s1,ppo_disc,forward,state,guided,1,1401344,0.41422594142259417,0.7124950266818842,0.422123318467929,0.0041841004184100415,-365.6699263721101,478
ppo_disc__forward__state__guided__s1,ppo_disc,forward,state,guided,1,1501440,0.395112016293279,0.6171306154169397,0.3408295910600617,0.0,-353.5035789749119,491
ppo_disc__forward__state__guided__s1,ppo_disc,forward,state,guided,1,1601536,0.0,0.8581081667467348,0.3167992001364165,0.0,-680.3721497935595,793
ppo_disc__forward__state__guided__s1,ppo_disc,forward,state,guided,1,1701632,0.0,0.9845587519305694,0.3612050351117227,0.0,-707.3747215441354,762
ppo_disc__forward__state__guided__s1,ppo_disc,forward,state,guided,1,1801728,0.0013550135501355014,0.8912620093514866,0.2830818472758218,0.0,-696.273252402357,738
ppo_disc__forward__state__guided__s1,ppo_disc,forward,state,guided,1,1901824,0.0,1.027788604884933,0.29056815879494813,0.0,-732.6483900653201,692
ppo_disc__forward__state__guided__s1,ppo_disc,forward,state,guided,1,2001920,0.01217391304347826,1.0472697663589454,0.3888358045660931,0.0,-722.9764902493117,575
ppo_disc__forward__state__guided__s2,ppo_disc,forward,state,guided,2,100096,0.0,1.029197222807993,0.7505841249879476,0.0,-591.2631602623325,3593
ppo_disc__forward__state__guided__s2,ppo_disc,forward,state,guided,2,200192,0.0,0.2506255150166226,0.34343623458075206,0.0,-621.9646659260704,1344
ppo_disc__forward__state__guided__s2,ppo_disc,forward,state,guided,2,300288,0.0,0.2810098371527676,0.3338510820583645,0.0,-622.6634572539605,1338
ppo_disc__forward__state__guided__s2,ppo_disc,forward,state,guided,2,400384,0.0,0.35109376891015814,0.32039857922926457,0.0,-600.6107250629758,1690
ppo_disc__forward__state__guided__s2,ppo_disc,forward,state,guided,2,500480,0.3747747747747748,0.29993550192273555,0.1535014152107347,0.0,-369.6584385688153,555
ppo_disc__forward__state__guided__s2,ppo_disc,forward,state,guided,2,600576,0.38533834586466165,0.5187563448197324,0.3352087321866282,0.0,-402.0610312322392,532
ppo_disc__forward__state__guided__s2,ppo_disc,forward,state,guided,2,700672,0.3758278145695364,0.3897208632589214,0.20006571853200336,0.0,-348.8068934010516,604
ppo_disc__forward__state__guided__s2,ppo_disc,forward,state,guided,2,800768,0.0,1.7550722384614683,0.7021170023191456,0.0,-682.8662081961218,1438
ppo_disc__forward__state__guided__s2,ppo_disc,forward,state,guided,2,900864,0.0,1.162678085721428,0.4307625358347344,0.0,-634.5026271774194,1130
ppo_disc__forward__state__guided__s2,ppo_disc,forward,state,guided,2,1000960,0.0,1.3396362177069927,0.4822226505858918,0.0,-593.2956149433754,1323
ppo_disc__forward__state__guided__s2,ppo_disc,forward,state,guided,2,1101056,0.0,1.1237985388239131,0.4243300923345334,0.0,-605.5044229869442,1226
ppo_disc__forward__state__guided__s2,ppo_disc,forward,state,guided,2,1201152,0.0,1.0884605188643603,0.4254733080225479,0.0,-614.4902525862312,1152
ppo_disc__forward__state__guided__s2,ppo_disc,forward,state,guided,2,1301248,0.0,1.342323282814514,0.5478678683401534,0.0,-702.6182395140927,777
ppo_disc__forward__state__guided__s2,ppo_disc,forward,state,guided,2,1401344,0.0,1.4218132328617492,0.7682794455392203,0.0,-779.4328831437155,559
ppo_disc__forward__state__guided__s2,ppo_disc,forward,state,guided,2,1501440,0.00392156862745098,0.8445498274069279,0.2969787265740189,0.0,-694.9410152676619,765
ppo_disc__forward__state__guided__s2,ppo_disc,forward,state,guided,2,1601536,0.002635046113306983,0.8384135216859986,0.2840144341966145,0.0,-704.4301390502527,759
ppo_disc__forward__state__guided__s2,ppo_disc,forward,state,guided,2,1701632,0.0078125,0.7916190744159188,0.3000221901107579,0.0,-717.9926098243229,640
ppo_disc__forward__state__guided__s2,ppo_disc,forward,state,guided,2,1801728,0.013961605584642234,0.9826972971167797,0.2609533391060733,0.0,-766.1534823962286,573
ppo_disc__forward__state__guided__s2,ppo_disc,forward,state,guided,2,1901824,0.006872852233676976,0.993085521286897,0.24742856445078998,0.0,-769.8399967814963,582
ppo_disc__forward__state__guided__s2,ppo_disc,forward,state,guided,2,2001920,0.006700167504187605,1.0540240125480709,0.22740964950928136,0.0,-767.3973340574813,597
td3__reverse__state__dense__s0,td3,reverse,state,dense,0,100000,0.0,0.834299274100085,0.9685587603361945,0.005652378709373528,-533.765930943495,2123
td3__reverse__state__dense__s0,td3,reverse,state,dense,0,200000,0.0,1.5919375275167347,0.4044685494214971,0.0,-543.6732715149712,1854
td3__reverse__state__dense__s0,td3,reverse,state,dense,0,300000,0.0,1.9953797582793564,0.15655945277572952,0.0,-597.0827393245387,1449
td3__reverse__state__dense__s0,td3,reverse,state,dense,0,400000,0.015068493150684932,2.109514792010532,0.1459612148112222,0.0,-781.978025963149,730
td3__reverse__state__dense__s0,td3,reverse,state,dense,0,500000,0.010657193605683837,1.8843009386443557,0.5321008705833453,0.0,-621.2592209735352,1126
td3__reverse__state__dense__s0,td3,reverse,state,dense,0,600000,0.45573294629898403,1.2858719532368013,0.3684185732139818,0.0,2.1435302793618063,689
td3__reverse__state__dense__s0,td3,reverse,state,dense,0,700000,0.5285053929121726,1.462217152104229,0.18338796166912616,0.0,16.02085074861344,649
td3__reverse__state__dense__s0,td3,reverse,state,dense,0,800000,0.6391752577319587,1.1837686218579109,0.4316990234060181,0.05670103092783505,143.45221946485293,582
td3__reverse__state__dense__s0,td3,reverse,state,dense,0,900000,0.545016077170418,1.3475372000692827,0.3677661279246355,0.0,-14.139964796425787,622
td3__reverse__state__dense__s0,td3,reverse,state,dense,0,1000000,0.8336448598130841,1.3119028082114879,0.2687329540603629,0.009345794392523364,155.95209073089282,535
td3__reverse__state__dense__s0,td3,reverse,state,dense,0,1100000,0.5908319185059423,1.5841122837514383,0.5376542355922163,0.023769100169779286,-51.34359153571623,589
td3__reverse__state__dense__s0,td3,reverse,state,dense,0,1200000,0.703770197486535,1.0699014460629033,0.21511803051085618,0.0017953321364452424,125.83713927552097,557
td3__reverse__state__dense__s0,td3,reverse,state,dense,0,1300000,0.6914893617021277,0.9435946205209543,0.32033440041362393,0.0,226.15654188945368,564
td3__reverse__state__dense__s1,td3,reverse,state,dense,1,100000,0.0,1.2583491020879447,0.8243215382930844,0.009302325581395349,-512.4222452729,1075
td3__reverse__state__dense__s1,td3,reverse,state,dense,1,200000,0.0,1.4629021182226092,1.1952443234949832,0.0,-536.0023151546607,1138
td3__reverse__state__dense__s1,td3,reverse,state,dense,1,300000,0.006150061500615006,2.133774976793963,0.47965018735307313,0.024600246002460024,-708.5292171723555,813
td3__reverse__state__dense__s1,td3,reverse,state,dense,1,400000,0.006548175865294668,1.929934412744261,0.4278045697634303,0.1796071094480823,-626.4358247529033,1069
td3__reverse__state__dense__s1,td3,reverse,state,dense,1,500000,0.009722222222222222,1.8587240742075222,1.2509307816728121,0.7041666666666667,-583.6614855631285,720
td3__reverse__state__dense__s1,td3,reverse,state,dense,1,600000,0.020860495436766623,2.4103688374642847,0.9906359572143256,0.1760104302477184,-871.9843495602269,767
td3__reverse__state__dense__s1,td3,reverse,state,dense,1,700000,0.5363489499192245,1.6384442080354118,0.5694848188651975,0.1050080775444265,-101.23619187273414,619
td3__reverse__state__dense__s1,td3,reverse,state,dense,1,800000,0.49429037520391517,1.4194940644253604,0.7040043146536362,0.24143556280587275,-70.41535479891378,613
td3__reverse__state__dense__s1,td3,reverse,state,dense,1,900000,0.7124773960216998,0.8946587070256516,0.44124731318402033,0.014466546112115732,281.6282340356165,553
td3__reverse__state__dense__s1,td3,reverse,state,dense,1,1000000,0.08801213960546282,1.1313092887645348,1.1181743658728591,0.0015174506828528073,-248.27281505292717,659
td3__reverse__state__dense__s1,td3,reverse,state,dense,1,1100000,0.6428571428571429,1.433285045687634,0.5661076937802136,0.14464285714285716,12.050179875030166,560
td3__reverse__state__dense__s1,td3,reverse,state,dense,1,1200000,0.6222596964586846,0.9778353948334654,0.4541008716125613,0.0016863406408094434,150.45362848100456,593
td3__reverse__state__dense__s1,td3,reverse,state,dense,1,1300000,0.7508960573476703,1.0410696187103219,0.3736355683055296,0.007168458781362007,285.3443266269318,558
td3__reverse__state__dense__s2,td3,reverse,state,dense,2,100000,0.0,1.5243473109311723,0.9779153405376412,0.018628912071535022,-752.5939690186226,1342
td3__reverse__state__dense__s2,td3,reverse,state,dense,2,200000,0.0,1.7655226828666306,0.4811205564944031,0.0,-531.2763432613797,1361
td3__reverse__state__dense__s2,td3,reverse,state,dense,2,300000,0.006930693069306931,2.143090702707004,0.46344457836729464,0.048514851485148516,-655.2886438879507,1010
td3__reverse__state__dense__s2,td3,reverse,state,dense,2,400000,0.49691358024691357,1.414193804810007,0.14042822267848676,0.0,-5.570154613244804,648
td3__reverse__state__dense__s2,td3,reverse,state,dense,2,500000,0.0038535645472061657,1.8308696423303583,0.45978833420600507,0.0,-523.2839993341773,1038
td3__reverse__state__dense__s2,td3,reverse,state,dense,2,600000,0.0,1.6023883236873773,0.7363827385222693,0.0,-513.848470240345,1147
td3__reverse__state__dense__s2,td3,reverse,state,dense,2,700000,0.46244477172312226,1.3557954493314628,0.5282546548345655,0.005891016200294551,-19.27886346780948,679
td3__reverse__state__dense__s2,td3,reverse,state,dense,2,800000,0.6701208981001727,0.9948556162246589,0.29019403308372627,0.0069084628670120895,192.52053447022217,579
td3__reverse__state__dense__s2,td3,reverse,state,dense,2,900000,0.8450184501845018,0.9717419588308636,0.28877709449932143,0.03690036900369004,375.6222029191874,542
td3__reverse__state__dense__s2,td3,reverse,state,dense,2,1000000,0.8355387523629489,1.2814105697667681,0.31795499078042117,0.07372400756143667,168.8705713401034,529
td3__reverse__state__dense__s2,td3,reverse,state,dense,2,1100000,0.22761194029850745,2.386124924862988,1.222576526521858,0.7145522388059702,-1332.639974187333,536
td3__reverse__state__dense__s2,td3,reverse,state,dense,2,1200000,0.7247706422018348,1.3207413417730078,0.4457616409030529,0.13577981651376148,129.34641492323084,545
td3__reverse__state__dense__s2,td3,reverse,state,dense,2,1300000,0.17564102564102563,2.1122436088349876,0.37679895472068053,0.0038461538461538464,-878.3372996406923,780
td3__reverse__state__no_hitch__s0,td3,reverse,state,no_hitch,0,100000,0.0,1.4030583242148458,0.7320960097505024,0.0,-588.933506612153,1961
td3__reverse__state__no_hitch__s0,td3,reverse,state,no_hitch,0,200000,0.0,1.5917218289209105,0.43515407906474524,0.0,-525.0980523869687,1618
td3__reverse__state__no_hitch__s0,td3,reverse,state,no_hitch,0,300000,0.0,1.8876983775561873,0.21385570546570423,0.0,-551.5556882203103,1518
td3__reverse__state__no_hitch__s0,td3,reverse,state,no_hitch,0,400000,0.0007733952049497294,1.8264941535246637,0.35991381338674344,0.0,-576.9146537710429,1293
td3__reverse__state__no_hitch__s0,td3,reverse,state,no_hitch,0,500000,0.0017167381974248926,1.6510344563459949,0.2981102830350655,0.0,-488.4280380569024,1165
td3__reverse__state__no_hitch__s0,td3,reverse,state,no_hitch,0,600000,0.0058309037900874635,1.464893962132661,1.0281922363751252,0.0,-419.0480685428818,1029
td3__reverse__state__no_hitch__s0,td3,reverse,state,no_hitch,0,700000,0.02558139534883721,1.3921858139314196,0.632403594359409,0.0,-469.8274394174277,860
td3__reverse__state__no_hitch__s0,td3,reverse,state,no_hitch,0,800000,0.033012379642365884,1.544513773220592,0.6359973328682547,0.0,-533.5096136877509,727
td3__reverse__state__no_hitch__s0,td3,reverse,state,no_hitch,0,900000,0.5311526479750779,1.2475212165096639,0.32712213158015613,0.0,37.00258801105451,642
td3__reverse__state__no_hitch__s0,td3,reverse,state,no_hitch,0,1000000,0.5459098497495827,1.4750884833399682,0.21849713050363856,0.0,-20.15145971166436,599
td3__reverse__state__no_hitch__s0,td3,reverse,state,no_hitch,0,1100000,0.6929824561403509,1.195254212065118,0.3324013722504963,0.0,177.82004381951822,570
td3__reverse__state__no_hitch__s0,td3,reverse,state,no_hitch,0,1200000,0.6173469387755102,1.16771470306279,0.3993978478983805,0.0,68.4974917913284,588
td3__reverse__state__no_hitch__s0,td3,reverse,state,no_hitch,0,1300000,0.5946843853820598,1.5148114917574826,0.34464853290357067,0.0,-71.71422753749798,602
td3__reverse__state__no_hitch__s1,td3,reverse,state,no_hitch,1,100000,0.0,0.9565020683743588,0.9810815230943263,0.0,-517.1834785481032,5120
td3__reverse__state__no_hitch__s1,td3,reverse,state,no_hitch,1,200000,0.003329633740288568,1.7114539350699614,0.6283622321886704,0.0,-481.10889253653517,901
td3__reverse__state__no_hitch__s1,td3,reverse,state,no_hitch,1,300000,0.0,1.7616555856668865,0.7101544579323125,0.0,-539.1884917890458,943
td3__reverse__state__no_hitch__s1,td3,reverse,state,no_hitch,1,400000,0.018944519621109608,1.8630089260212075,0.5617969026625237,0.0,-626.9747220221199,739
td3__reverse__state__no_hitch__s1,td3,reverse,state,no_hitch,1,500000,0.008316008316008316,1.8839741156859142,0.5089436063306743,0.0,-585.7266301638743,962
td3__reverse__state__no_hitch__s1,td3,reverse,state,no_hitch,1,600000,0.4782608695652174,1.893039062449379,0.2569182860659239,0.0,-298.2270789561689,644
td3__reverse__state__no_hitch__s1,td3,reverse,state,no_hitch,1,700000,0.4401772525849335,1.6143744539813736,0.18404441807237473,0.0,-112.79413344398567,677
td3__reverse__state__no_hitch__s1,td3,reverse,state,no_hitch,1,800000,0.7078039927404719,1.3091144016503242,0.13342496077994903,0.0,122.38362724385807,551
td3__reverse__state__no_hitch__s1,td3,reverse,state,no_hitch,1,900000,0.1301482701812191,1.8703690204373078,0.33495323476573385,0.0016474464579901153,-580.0262450458549,607
td3__reverse__state__no_hitch__s1,td3,reverse,state,no_hitch,1,1000000,0.785063752276867,1.390392170712351,0.17616812597098463,0.0,73.06861132211077,549
td3__reverse__state__no_hitch__s1,td3,reverse,state,no_hitch,1,1100000,0.8352272727272727,1.452939299544844,0.29007643684180395,0.03977272727272727,17.641224235559726,528
td3__reverse__state__no_hitch__s1,td3,reverse,state,no_hitch,1,1200000,0.9457364341085271,0.8366272193404127,0.16999991086506566,0.011627906976744186,442.9972311355648,516
td3__reverse__state__no_hitch__s1,td3,reverse,state,no_hitch,1,1300000,0.7659176029962547,0.7898100966375521,0.3569942451629802,0.0,257.09652290604623,534
td3__reverse__state__no_hitch__s2,td3,reverse,state,no_hitch,2,100000,0.0,1.3605916626721961,1.0744799269926266,0.06747120131651124,-550.6541430197194,1823
td3__reverse__state__no_hitch__s2,td3,reverse,state,no_hitch,2,200000,0.0,1.8774063454402108,1.1018372127900318,0.019623233908948195,-610.1783724151776,1274
td3__reverse__state__no_hitch__s2,td3,reverse,state,no_hitch,2,300000,0.0018587360594795538,1.9187792520911184,0.4228067655864147,0.03810408921933085,-573.9089180045912,1076
td3__reverse__state__no_hitch__s2,td3,reverse,state,no_hitch,2,400000,0.48753894080996885,1.5953385519866496,0.16432551262650721,0.0,-60.92410168482683,642
td3__reverse__state__no_hitch__s2,td3,reverse,state,no_hitch,2,500000,0.043154761904761904,1.6602880100968445,0.5505320095634532,0.0,-551.1950630302051,672
td3__reverse__state__no_hitch__s2,td3,reverse,state,no_hitch,2,600000,0.0024390243902439024,1.8661426950514677,1.2460787087315466,0.0032520325203252032,-543.2428572386085,1230
td3__reverse__state__no_hitch__s2,td3,reverse,state,no_hitch,2,700000,0.0023584905660377358,2.2002147463809374,0.2803900894129051,0.0,-842.577248647283,848
td3__reverse__state__no_hitch__s2,td3,reverse,state,no_hitch,2,800000,0.6920289855072463,1.6864184234358695,0.1563273862247234,0.0,-63.88282269953242,552
td3__reverse__state__no_hitch__s2,td3,reverse,state,no_hitch,2,900000,0.6684303350970018,1.3262744166374,0.21276187290958207,0.0,136.7591966515092,567
td3__reverse__state__no_hitch__s2,td3,reverse,state,no_hitch,2,1000000,0.8230912476722533,0.7964665759651821,0.21994627530736852,0.0,399.8040568050524,537
td3__reverse__state__no_hitch__s2,td3,reverse,state,no_hitch,2,1100000,0.851024208566108,0.8755532078862425,0.24349761764680208,0.0,385.2314468474052,537
td3__reverse__state__no_hitch__s2,td3,reverse,state,no_hitch,2,1200000,0.6200657894736842,1.32882424326266,0.3904599489301051,0.0,-26.526722545709546,608
td3__reverse__state__no_hitch__s2,td3,reverse,state,no_hitch,2,1300000,0.4452449567723343,1.0283228563228772,0.2923172206888968,0.0,4.8712353198879645,694
td3__reverse__state__multiplicative__s0,td3,reverse,state,multiplicative,0,100000,0.0,1.6770867399317024,0.7034553099659087,0.06454504706409682,-490.50654669937705,2231
td3__reverse__state__multiplicative__s0,td3,reverse,state,multiplicative,0,200000,0.0015313935681470138,1.979090412607957,1.2512653123638713,0.013782542113323124,-453.44130758244717,1306
td3__reverse__state__multiplicative__s0,td3,reverse,state,multiplicative,0,300000,0.007882882882882882,2.4028822474867284,1.1895899744956075,0.6914414414414415,-486.8487589039998,888
td3__reverse__state__multiplicative__s0,td3,reverse,state,multiplicative,0,400000,0.5050335570469798,1.7770255053802901,0.16743672577876773,0.0,80.66330083885252,596
td3__reverse__state__multiplicative__s0,td3,reverse,state,multiplicative,0,500000,0.05853658536585366,2.381989909010221,0.16528658694852658,0.0,-453.12370083034585,615
td3__reverse__state__multiplicative__s0,td3,reverse,state,multiplicative,0,600000,0.015189873417721518,2.0581671912855546,0.5629387092552608,0.0,-391.55746258848103,790
td3__reverse__state__multiplicative__s0,td3,reverse,state,multiplicative,0,700000,0.8311195445920304,1.2226542982126376,0.17749271759908272,0.0,417.37056686279925,527
td3__reverse__state__multiplicative__s0,td3,reverse,state,multiplicative,0,800000,0.945631067961165,1.671769839639608,0.2066518080466002,0.0,332.30881676138284,515
td3__reverse__state__multiplicative__s0,td3,reverse,state,multiplicative,0,900000,0.9295499021526419,1.0350911090029746,0.279227933713368,0.0,456.1571438208847,511
td3__reverse__state__multiplicative__s0,td3,reverse,state,multiplicative,0,1000000,0.9453125,1.270176147544437,0.2467031740670791,0.0,441.7654911712527,512
td3__reverse__state__multiplicative__s0,td3,reverse,state,multiplicative,0,1100000,0.9581673306772909,1.1200959010303693,0.2901638482671335,0.0,456.86092175001346,502
td3__reverse__state__multiplicative__s0,td3,reverse,state,multiplicative,0,1200000,0.9396887159533074,0.7279384840706467,0.3233868728757832,0.0,643.6055936493636,514
td3__reverse__state__multiplicative__s0,td3,reverse,state,multiplicative,0,1300000,0.8673076923076923,1.0089591917836647,0.3119468308985233,0.0,545.4952196883313,520
td3__reverse__state__multiplicative__s1,td3,reverse,state,multiplicative,1,100000,0.0,1.9641442448523811,1.293189190669459,0.009478672985781991,-445.1633385391955,1266
td3__reverse__state__multiplicative__s1,td3,reverse,state,multiplicative,1,200000,0.0,1.8837643368255466,0.6263724297633324,0.05842558425584256,-471.13798760074025,1626
td3__reverse__state__multiplicative__s1,td3,reverse,state,multiplicative,1,300000,0.0,1.8443576519829787,1.140725437465467,0.0,-442.32863018171446,1425
td3__reverse__state__multiplicative__s1,td3,reverse,state,multiplicative,1,400000,0.004005340453938585,2.5925617102490914,0.22999061025350848,0.0,-534.5674829266435,749
td3__reverse__state__multiplicative__s1,td3,reverse,state,multiplicative,1,500000,0.03820598006644518,2.371716185357265,0.17075726280972808,0.0,-459.56116801086773,602
td3__reverse__state__multiplicative__s1,td3,reverse,state,multiplicative,1,600000,0.5429553264604811,1.4288330386674986,0.13236552208687635,0.0,268.17940621490743,582
td3__reverse__state__multiplicative__s1,td3,reverse,state,multiplicative,1,700000,0.6459074733096085,1.911009217840982,0.34309831766736465,0.0017793594306049821,120.71886727519802,562
td3__reverse__state__multiplicative__s1,td3,reverse,state,multiplicative,1,800000,0.9220272904483431,1.071552510214927,0.241900924600472,0.003898635477582846,451.9811698132149,513
td3__reverse__state__multiplicative__s1,td3,reverse,state,multiplicative,1,900000,0.9011627906976745,0.911442880810403,0.33099250966148785,0.01744186046511628,455.617769313086,516
td3__reverse__state__multiplicative__s1,td3,reverse,state,multiplicative,1,1000000,0.6405693950177936,1.2412468335962583,0.5482821459368242,0.2117437722419929,229.81317044872543,562
td3__reverse__state__multiplicative__s1,td3,reverse,state,multiplicative,1,1100000,0.8370786516853933,1.201361621383881,0.42459329103262683,0.033707865168539325,339.12009849261415,534
td3__reverse__state__multiplicative__s1,td3,reverse,state,multiplicative,1,1200000,0.9019230769230769,1.0673639694342227,0.36304082770187124,0.06153846153846154,436.36253451840577,520
td3__reverse__state__multiplicative__s1,td3,reverse,state,multiplicative,1,1300000,0.9727626459143969,0.6863608554454798,0.17354183869095743,0.009727626459143969,730.3841939739353,514
td3__reverse__state__multiplicative__s2,td3,reverse,state,multiplicative,2,100000,0.0,1.6441423227473826,1.0029305871623955,0.002570694087403599,-473.70212373047275,1556
td3__reverse__state__multiplicative__s2,td3,reverse,state,multiplicative,2,200000,0.0,1.972517403622577,1.2448589635583072,0.08493589743589744,-439.67418877321876,1248
td3__reverse__state__multiplicative__s2,td3,reverse,state,multiplicative,2,300000,0.0,2.378566172109844,1.239015164443795,0.7942546583850931,-505.57634529355363,1288
td3__reverse__state__multiplicative__s2,td3,reverse,state,multiplicative,2,400000,0.4889240506329114,1.81600729452339,0.14820971481407744,0.0,43.4271089025927,632
td3__reverse__state__multiplicative__s2,td3,reverse,state,multiplicative,2,500000,0.02390998593530239,2.144609637119577,0.16946118601641072,0.0,-405.91579781513127,711
td3__reverse__state__multiplicative__s2,td3,reverse,state,multiplicative,2,600000,0.6216216216216216,1.6052161053816791,0.1660435354353877,0.0,252.01716412542706,555
td3__reverse__state__multiplicative__s2,td3,reverse,state,multiplicative,2,700000,0.6841121495327103,2.745167080762397,0.20594116156903383,0.0,-177.56589087530574,535
td3__reverse__state__multiplicative__s2,td3,reverse,state,multiplicative,2,800000,0.9193857965451055,1.2152403404197794,0.19835529986933417,0.0,416.10122142082633,521
td3__reverse__state__multiplicative__s2,td3,reverse,state,multiplicative,2,900000,0.918918918918919,0.838638696842665,0.19799596715617823,0.0,657.2838066389919,518
td3__reverse__state__multiplicative__s2,td3,reverse,state,multiplicative,2,1000000,0.7823639774859287,1.140917883483646,0.39715976006653697,0.0,365.37950273632066,533
td3__reverse__state__multiplicative__s2,td3,reverse,state,multiplicative,2,1100000,0.9094488188976378,1.7500425635744508,0.2138537510818853,0.0,287.07660896103306,508
td3__reverse__state__multiplicative__s2,td3,reverse,state,multiplicative,2,1200000,0.8992248062015504,0.7483264431815231,0.20493283279803257,0.0,642.0728746869094,516
td3__reverse__state__multiplicative__s2,td3,reverse,state,multiplicative,2,1300000,0.9765625,0.897181760837436,0.16379942447565554,0.0,683.7787789373704,512
td3__reverse__state__guided__s0,td3,reverse,state,guided,0,100000,0.0,2.267441519584102,1.3038483131571148,0.5817034700315458,-716.6982259366538,1585
td3__reverse__state__guided__s0,td3,reverse,state,guided,0,200000,0.0,1.6226867101612825,0.6045183299857879,0.0,-648.2994873020962,1070
td3__reverse__state__guided__s0,td3,reverse,state,guided,0,300000,0.0,1.6573784751480922,0.3928202374803799,0.0,-652.8567746467035,1134
td3__reverse__state__guided__s0,td3,reverse,state,guided,0,400000,0.0011723329425556857,1.8377186605722584,0.5044513395774546,0.0,-690.112077119713,853
td3__reverse__state__guided__s0,td3,reverse,state,guided,0,500000,0.013869625520110958,1.8510460958177744,1.126987505978007,0.038834951456310676,-711.5700662754446,721
td3__reverse__state__guided__s0,td3,reverse,state,guided,0,600000,0.07679465776293823,2.0727876767682716,0.1582195490275281,0.0,-746.5172956771356,599
td3__reverse__state__guided__s0,td3,reverse,state,guided,0,700000,0.6524064171122995,1.9193581753011593,0.23934884038679102,0.0,-326.5191301891773,561
td3__reverse__state__guided__s0,td3,reverse,state,guided,0,800000,0.7074468085106383,1.7774793578062058,0.28676690360702944,0.0,-250.28369816832034,564
td3__reverse__state__guided__s0,td3,reverse,state,guided,0,900000,0.6958105646630237,1.5766528187264188,0.39157234471569513,0.1366120218579235,-238.69326760422823,549
td3__reverse__state__guided__s0,td3,reverse,state,guided,0,1000000,0.9001919385796545,0.848880412937084,0.23110220544111706,0.0019193857965451055,-21.918161939640147,521
td3__reverse__state__guided__s0,td3,reverse,state,guided,0,1100000,0.9205426356589147,0.9517689017986665,0.1826773604464739,0.0,-32.93664442975461,516
td3__reverse__state__guided__s0,td3,reverse,state,guided,0,1200000,0.8689788053949904,1.282524775804106,0.23878549119755482,0.0019267822736030828,-116.11306227456708,519
td3__reverse__state__guided__s0,td3,reverse,state,guided,0,1300000,0.8236397748592871,0.9102819758130035,0.21351171606421246,0.00375234521575985,-44.49173982819884,533
td3__reverse__state__guided__s1,td3,reverse,state,guided,1,100000,0.0,1.5065607762892448,0.6995149028547601,0.0025305778152678194,-606.429638739404,2371
td3__reverse__state__guided__s1,td3,reverse,state,guided,1,200000,0.0,1.9393444403197744,0.9076687836961355,0.04236111111111111,-654.1480105973277,1440
td3__reverse__state__guided__s1,td3,reverse,state,guided,1,300000,0.0,1.9794442383172108,1.0750310975439556,0.0636042402826855,-696.9974505030389,1132
td3__reverse__state__guided__s1,td3,reverse,state,guided,1,400000,0.5563258232235702,1.3063885203072145,0.30817006099032984,0.08492201039861352,-257.49402636660807,577
td3__reverse__state__guided__s1,td3,reverse,state,guided,1,500000,0.8330170777988615,1.2346657716967107,0.1576437306514388,0.0,-152.14438135404467,527
td3__reverse__state__guided__s1,td3,reverse,state,guided,1,600000,0.7862453531598513,1.1882020187466842,0.13250426586620426,0.0,-157.16381927354553,538
td3__reverse__state__guided__s1,td3,reverse,state,guided,1,700000,0.8631984585741811,1.044636222458445,0.13838490394620595,0.0,-64.4349975704911,519
td3__reverse__state__guided__s1,td3,reverse,state,guided,1,800000,0.8871595330739299,1.3961658014455411,0.13773969771043335,0.0,-148.28419689622697,514
td3__reverse__state__guided__s1,td3,reverse,state,guided,1,900000,0.6280701754385964,1.7080809910894899,0.3758519441804342,0.15087719298245614,-296.0014665928121,570
td3__reverse__state__guided__s1,td3,reverse,state,guided,1,1000000,0.6713780918727915,1.2233168185876795,0.34838156347975874,0.10600706713780919,-222.9621868378096,566
td3__reverse__state__guided__s1,td3,reverse,state,guided,1,1100000,0.7285714285714285,1.023073704498298,0.2866514638831307,0.05892857142857143,-106.23059610806158,560
td3__reverse__state__guided__s1,td3,reverse,state,guided,1,1200000,0.8538899430740038,0.8087151859309388,0.1616077711434586,0.0,-7.849391089862369,527
td3__reverse__state__guided__s1,td3,reverse,state,guided,1,1300000,0.8776290630975143,1.0397507470130294,0.1984773973113435,0.030592734225621414,-81.29545244143343,523
td3__reverse__state__guided__s2,td3,reverse,state,guided,2,100000,0.0,1.5649241484674379,1.1918412140614814,0.05009759271307743,-610.0736495501278,1537
td3__reverse__state__guided__s2,td3,reverse,state,guided,2,200000,0.0,1.906384752474848,0.7514286519088956,0.0,-640.436927811069,1442
td3__reverse__state__guided__s2,td3,reverse,state,guided,2,300000,0.0017513134851138354,1.7312600581079114,0.639478513579522,0.0035026269702276708,-649.5645527906902,1142
td3__reverse__state__guided__s2,td3,reverse,state,guided,2,400000,0.45038167938931295,1.5822600653302608,0.3857368508709296,0.03816793893129771,-350.46431509375384,655
td3__reverse__state__guided__s2,td3,reverse,state,guided,2,500000,0.5134649910233393,1.6191249483007883,0.44782844777060155,0.13464991023339318,-367.97160827262223,557
td3__reverse__state__guided__s2,td3,reverse,state,guided,2,600000,0.5415959252971138,1.368482180946031,0.27162047492653285,0.0,-274.0613398200033,589
td3__reverse__state__guided__s2,td3,reverse,state,guided,2,700000,0.5128205128205128,1.7346971917677234,0.2657835550654011,0.0,-360.53980187406705,624
td3__reverse__state__guided__s2,td3,reverse,state,guided,2,800000,0.016150740242261104,2.217425115936368,0.5137028615686084,0.0,-747.1940231229925,743
td3__reverse__state__guided__s2,td3,reverse,state,guided,2,900000,0.5979557069846678,2.046224050844696,0.1511625527853251,0.0,-357.73893063347646,587
td3__reverse__state__guided__s2,td3,reverse,state,guided,2,1000000,0.6580756013745704,1.1201918802792625,0.16293410321896018,0.0,-159.69274110803997,582
td3__reverse__state__guided__s2,td3,reverse,state,guided,2,1100000,0.8014842300556586,0.9507131457780916,0.13397355499316235,0.0,-91.78432460870998,539
td3__reverse__state__guided__s2,td3,reverse,state,guided,2,1200000,0.8162878787878788,1.212095264577056,0.2822774779968754,0.07575757575757576,-140.1364728630878,528
td3__reverse__state__guided__s2,td3,reverse,state,guided,2,1300000,0.7067395264116576,1.4121401992843594,0.32137640973447884,0.08014571948998178,-221.96650429548092,549
dqn__reverse__state__dense__s0,dqn,reverse,state,dense,0,100000,0.0,0.948588112278289,0.9520088133168491,0.0,-520.0755353602117,5217
dqn__reverse__state__dense__s0,dqn,reverse,state,dense,0,200000,0.0,1.4222700056198823,1.0774428279044754,0.0,-690.8082383706962,1994
dqn__reverse__state__dense__s0,dqn,reverse,state,dense,0,300000,0.0,1.5520778228789724,0.45129649208270406,0.0,-608.2325724098537,1520
dqn__reverse__state__dense__s0,dqn,reverse,state,dense,0,400000,0.0,0.9314467889992186,0.9524918888630063,0.0,-519.6367375368917,5206
dqn__reverse__state__dense__s0,dqn,reverse,state,dense,0,500000,0.0,0.8352431773900565,0.9878879204606011,0.0,-550.0904693976396,4535
dqn__reverse__state__dense__s0,dqn,reverse,state,dense,0,600000,0.0,0.9496628628855237,0.9519598161904541,0.0,-520.3875299526527,5216
dqn__reverse__state__dense__s0,dqn,reverse,state,dense,0,700000,0.0,1.5513915048754279,0.612953104016716,0.006662965019433648,-635.9885688904711,1801
dqn__reverse__state__dense__s0,dqn,reverse,state,dense,0,800000,0.0009082652134423251,2.372552647508505,0.24682070436692044,0.015440508628519528,-859.4392907401965,1101
dqn__reverse__state__dense__s0,dqn,reverse,state,dense,0,900000,0.0,1.7533409727514708,0.7470575815443161,0.04535446939674152,-839.0535286813796,2271
dqn__reverse__state__dense__s0,dqn,reverse,state,dense,0,1000000,0.0,0.9521262809362615,0.9521842277791074,0.0,-520.3240973409618,5212
dqn__reverse__state__dense__s0,dqn,reverse,state,dense,0,1100000,0.0,0.8920601609640101,0.9569225817120811,0.0,-516.9277919146009,5154
dqn__reverse__state__dense__s0,dqn,reverse,state,dense,0,1200000,0.0,1.3539395937976377,0.8001952236432073,0.043838285435947394,-554.3907753633865,2053
dqn__reverse__state__dense__s0,dqn,reverse,state,dense,0,1300000,0.0,0.8023536139223438,0.9606029062928536,0.0,-514.3278682081373,5128
dqn__reverse__state__dense__s1,dqn,reverse,state,dense,1,100000,0.0,0.9306273274977207,0.9759481646312093,0.0,-552.0301986253628,4551
dqn__reverse__state__dense__s1,dqn,reverse,state,dense,1,200000,0.0,0.9549530636978061,0.9529437153289477,0.0,-520.2712865198732,5207
dqn__reverse__state__dense__s1,dqn,reverse,state,dense,1,300000,0.0,0.9517044915787167,0.9520563928587856,0.0,-520.484870621904,5217
dqn__reverse__state__dense__s1,dqn,reverse,state,dense,1,400000,0.0,1.8152986726710623,0.6211973772341053,0.0,-894.98583624691,755
dqn__reverse__state__dense__s1,dqn,reverse,state,dense,1,500000,0.0,0.9557598276940483,0.9519476772544023,0.0,-520.4310268287647,5212
dqn__reverse__state__dense__s1,dqn,reverse,state,dense,1,600000,0.0,0.8462141813066021,0.9589124034043307,0.0,-515.2221989892081,5149
dqn__reverse__state__dense__s1,dqn,reverse,state,dense,1,700000,0.0,0.9147179594818713,0.9548788819105729,0.0,-517.8816921049537,5175
dqn__reverse__state__dense__s1,dqn,reverse,state,dense,1,800000,0.0,0.9676224691357919,0.9513886812564769,0.0,-520.7703562756333,5227
dqn__reverse__state__dense__s1,dqn,reverse,state,dense,1,900000,0.0,1.0102793213880232,0.9313671529421851,0.0,-627.6779246168848,2126
dqn__reverse__state__dense__s1,dqn,reverse,state,dense,1,1000000,0.0,0.9575138314524158,0.9520449454291854,0.0,-520.4640963658353,5223
dqn__reverse__state__dense__s1,dqn,reverse,state,dense,1,1100000,0.0,0.9425283916474407,0.9519681523285438,0.0,-519.9338165042507,5222
dqn__reverse__state__dense__s1,dqn,reverse,state,dense,1,1200000,0.0,0.9468405392437372,0.9527089767532994,0.0,-520.1679277251876,5206
dqn__reverse__state__dense__s1,dqn,reverse,state,dense,1,1300000,0.0,0.9631864484203433,0.9523714912767175,0.0,-520.6756754300569,5217
dqn__reverse__state__dense__s2,dqn,reverse,state,dense,2,100000,0.0,0.953119451630478,0.9523399125468884,0.0,-520.30009841117,5203
dqn__reverse__state__dense__s2,dqn,reverse,state,dense,2,200000,0.0,0.9554247041393298,0.9517714043815946,0.0,-520.5309779960938,5222
dqn__reverse__state__dense__s2,dqn,reverse,state,dense,2,300000,0.0,0.9413277433119057,0.9524779231265207,0.0,-519.8957253971317,5213
dqn__reverse__state__dense__s2,dqn,reverse,state,dense,2,400000,0.0,0.9344095478268198,0.952742309608302,0.0,-519.9196622788005,5209
dqn__reverse__state__dense__s2,dqn,reverse,state,dense,2,500000,0.0,0.738800664658258,0.9649794837870853,0.0,-512.8891892396363,5122
dqn__reverse__state__dense__s2,dqn,reverse,state,dense,2,600000,0.0,0.8304707230418181,0.958996274381463,0.0,-513.9038024238873,5123
dqn__reverse__state__dense__s2,dqn,reverse,state,dense,2,700000,0.0,0.9373817783271314,0.9522120021412134,0.0,-519.934884859013,5218
dqn__reverse__state__dense__s2,dqn,reverse,state,dense,2,800000,0.43892045454545453,1.39008421950882,0.20669479398698473,0.018465909090909092,-110.61101661648469,704
dqn__reverse__state__dense__s2,dqn,reverse,state,dense,2,900000,0.0,0.9558738805740669,0.9522827904977345,0.0,-520.3485531944373,5212
dqn__reverse__state__dense__s2,dqn,reverse,state,dense,2,1000000,0.0,0.9562215087375486,0.95204875831562,0.0,-520.4860549841468,5221
dqn__reverse__state__dense__s2,dqn,reverse,state,dense,2,1100000,0.0,0.9394165066358741,0.9525849395450388,0.0,-519.8317708617164,5199
dqn__reverse__state__dense__s2,dqn,reverse,state,dense,2,1200000,0.0,0.9545615233118367,0.95204875831562,0.0,-520.3358215419685,5221
dqn__reverse__state__dense__s2,dqn,reverse,state,dense,2,1300000,0.0,0.9402081086484928,0.9527756040908699,0.0,-520.0114566785747,5212
dqn__reverse__state__no_hitch__s0,dqn,reverse,state,no_hitch,0,100000,0.0,0.9616675399220594,0.9523577011884471,0.0,-513.0836607342949,5214
dqn__reverse__state__no_hitch__s0,dqn,reverse,state,no_hitch,0,200000,0.0,1.5606147968826,0.579848379049025,0.0,-568.638892628248,1174
dqn__reverse__state__no_hitch__s0,dqn,reverse,state,no_hitch,0,300000,0.05854126679462572,2.382493863494789,0.42247543645568636,0.07773512476007678,-930.9552176426835,1042
dqn__reverse__state__no_hitch__s0,dqn,reverse,state,no_hitch,0,400000,0.03980099502487562,2.053693013884662,0.5166849976896647,0.0009950248756218905,-741.6784958524968,1005
dqn__reverse__state__no_hitch__s0,dqn,reverse,state,no_hitch,0,500000,0.0,0.934086320806875,0.95182380007646,0.0,-512.4479427556663,5215
dqn__reverse__state__no_hitch__s0,dqn,reverse,state,no_hitch,0,600000,0.0019120458891013384,1.7517712194953299,0.26667293216000326,0.0,-805.9388427535134,1046
dqn__reverse__state__no_hitch__s0,dqn,reverse,state,no_hitch,0,700000,0.0,1.2861401141951674,0.9733009483176467,0.0,-684.4320603278924,2157
dqn__reverse__state__no_hitch__s0,dqn,reverse,state,no_hitch,0,800000,0.0,1.2731192791433779,0.8697791859206857,0.0,-540.9755583714744,4113
dqn__reverse__state__no_hitch__s0,dqn,reverse,state,no_hitch,0,900000,0.0,1.8320641699380278,0.5016115275677293,0.002777777777777778,-777.4812938381219,1440
dqn__reverse__state__no_hitch__s0,dqn,reverse,state,no_hitch,0,1000000,0.0,1.016361005321657,0.9542695014424637,0.0,-519.430963221434,5030
dqn__reverse__state__no_hitch__s0,dqn,reverse,state,no_hitch,0,1100000,0.0,0.9815107982969126,0.9176382968627715,0.0,-582.7355386552366,3813
dqn__reverse__state__no_hitch__s0,dqn,reverse,state,no_hitch,0,1200000,0.0,0.9531063023099324,0.9525527446176267,0.0,-512.8537524342788,5215
dqn__reverse__state__no_hitch__s0,dqn,reverse,state,no_hitch,0,1300000,0.0,1.019427911018356,1.0042288301742879,0.0,-712.0171596488307,2556
dqn__reverse__state__no_hitch__s1,dqn,reverse,state,no_hitch,1,100000,0.0,0.7477243262610225,0.9539429538919918,0.0,-511.3046890672513,5057
dqn__reverse__state__no_hitch__s1,dqn,reverse,state,no_hitch,1,200000,0.0,0.7527433686888437,0.9620639751755001,0.0,-504.94249865353834,5139
dqn__reverse__state__no_hitch__s1,dqn,reverse,state,no_hitch,1,300000,0.0,0.7597875244936374,0.8727934341579067,0.0,-600.8949100331948,3181
dqn__reverse__state__no_hitch__s1,dqn,reverse,state,no_hitch,1,400000,0.0,0.927903955240891,0.9519204213369661,0.0,-511.938547100781,5216
dqn__reverse__state__no_hitch__s1,dqn,reverse,state,no_hitch,1,500000,0.0,1.6834710606683172,0.917096969099589,0.0066857688634192934,-629.1269928849564,1047
dqn__reverse__state__no_hitch__s1,dqn,reverse,state,no_hitch,1,600000,0.0,0.9344521391485945,0.9517572825611449,0.0,-512.3508507111037,5219
dqn__reverse__state__no_hitch__s1,dqn,reverse,state,no_hitch,1,700000,0.0,1.1066055966277883,0.9543959223515727,0.0,-561.3315360205763,1868
dqn__reverse__state__no_hitch__s1,dqn,reverse,state,no_hitch,1,800000,0.0,0.9441331990445361,0.952677849771714,0.0,-513.0132623103943,5169
dqn__reverse__state__no_hitch__s1,dqn,reverse,state,no_hitch,1,900000,0.0,0.9464214092288005,0.9531585027908368,0.0,-513.1021490195807,5182
dqn__reverse__state__no_hitch__s1,dqn,reverse,state,no_hitch,1,1000000,0.0,0.9322060435923961,0.9528068439511351,0.0,-512.1791091324474,5197
dqn__reverse__state__no_hitch__s1,dqn,reverse,state,no_hitch,1,1100000,0.0,0.9425594165855172,0.9524681671378067,0.0,-512.6096542888541,5208
dqn__reverse__state__no_hitch__s1,dqn,reverse,state,no_hitch,1,1200000,0.0,0.9363987217996701,0.9521942484166308,0.0,-512.4355806483641,5217
dqn__reverse__state__no_hitch__s1,dqn,reverse,state,no_hitch,1,1300000,0.0,0.9298846365020893,0.9530621041646269,0.0,-512.0417225431635,5207
dqn__reverse__state__no_hitch__s2,dqn,reverse,state,no_hitch,2,100000,0.0,0.9537712127620324,0.9520837478804172,0.0,-512.8947777369427,5213
dqn__reverse__state__no_hitch__s2,dqn,reverse,state,no_hitch,2,200000,0.0,1.7940724947500313,0.8768338012201475,0.08833718244803695,-715.0302004286773,1732
dqn__reverse__state__no_hitch__s2,dqn,reverse,state,no_hitch,2,300000,0.0,0.9506006176860683,0.9525410584880943,0.0,-512.604714086247,5211
dqn__reverse__state__no_hitch__s2,dqn,reverse,state,no_hitch,2,400000,0.0,0.7008719355671208,0.9623397452563575,0.0,-503.7410045403234,5139
dqn__reverse__state__no_hitch__s2,dqn,reverse,state,no_hitch,2,500000,0.0,0.9472205876981916,0.9511424200315675,0.0,-512.6852575687528,5233
dqn__reverse__state__no_hitch__s2,dqn,reverse,state,no_hitch,2,600000,0.0,1.7623691933945134,0.5533959575384405,0.0,-593.0909849425577,1521
dqn__reverse__state__no_hitch__s2,dqn,reverse,state,no_hitch,2,700000,0.0,0.9272700466049232,1.060270723293309,0.0,-530.6559641951775,1654
dqn__reverse__state__no_hitch__s2,dqn,reverse,state,no_hitch,2,800000,0.0,0.9466400349326842,0.8755834583372746,0.0,-553.7563062831995,3877
dqn__reverse__state__no_hitch__s2,dqn,reverse,state,no_hitch,2,900000,0.0,0.9462657953209827,0.9514798781995115,0.0,-512.780790127873,5220
dqn__reverse__state__no_hitch__s2,dqn,reverse,state,no_hitch,2,1000000,0.0,0.9307212346851464,0.9523734772864828,0.0,-512.2422153717837,5206
dqn__reverse__state__no_hitch__s2,dqn,reverse,state,no_hitch,2,1100000,0.0,1.040503330241818,0.9304192102395642,0.0,-519.630599330821,5145
dqn__reverse__state__no_hitch__s2,dqn,reverse,state,no_hitch,2,1200000,0.0,1.082149637067621,0.9255854597001147,0.0,-521.9480435123905,5083
dqn__reverse__state__no_hitch__s2,dqn,reverse,state,no_hitch,2,1300000,0.0,1.127910610139721,0.9187975194345048,0.0,-524.0949797940176,5046
dqn__reverse__state__multiplicative__s0,dqn,reverse,state,multiplicative,0,100000,0.0,0.8721954244072262,0.9660189456594149,0.0,-471.32324972490227,4816
dqn__reverse__state__multiplicative__s0,dqn,reverse,state,multiplicative,0,200000,0.0,0.9367935502879651,0.9520246215935017,0.0,-470.0540260326717,5213
dqn__reverse__state__multiplicative__s0,dqn,reverse,state,multiplicative,0,300000,0.0,0.9215011390774218,0.9523872794677484,0.0,-469.98876967553974,5209
dqn__reverse__state__multiplicative__s0,dqn,reverse,state,multiplicative,0,400000,0.0,0.9512706416457107,0.9519325718569116,0.0,-470.49979758412434,5220
dqn__reverse__state__multiplicative__s0,dqn,reverse,state,multiplicative,0,500000,0.0,0.9460743274092553,0.9511771298528305,0.0,-471.7254058163853,4864
dqn__reverse__state__multiplicative__s0,dqn,reverse,state,multiplicative,0,600000,0.0,0.9247287977201575,0.9521741878970332,0.0,-469.91490679554767,5207
dqn__reverse__state__multiplicative__s0,dqn,reverse,state,multiplicative,0,700000,0.0,0.9488807410006921,0.9518815155612077,0.0,-470.26255161714073,5212
dqn__reverse__state__multiplicative__s0,dqn,reverse,state,multiplicative,0,800000,0.0,0.9423022089249412,0.9522117072467431,0.0,-470.281014754504,5208
dqn__reverse__state__multiplicative__s0,dqn,reverse,state,multiplicative,0,900000,0.0,0.9656963136863522,0.9522591762767699,0.0,-470.6374768628764,5214
dqn__reverse__state__multiplicative__s0,dqn,reverse,state,multiplicative,0,1000000,0.0,0.943608357261875,0.9522875289309375,0.0,-470.1896332141365,5203
dqn__reverse__state__multiplicative__s0,dqn,reverse,state,multiplicative,0,1100000,0.0016220600162206002,1.75041943507655,0.6849638560827631,0.0,-400.40733470035275,1233
dqn__reverse__state__multiplicative__s0,dqn,reverse,state,multiplicative,0,1200000,0.0,0.9562730554978073,0.9521135527564905,0.0,-470.4282561775246,5218
dqn__reverse__state__multiplicative__s0,dqn,reverse,state,multiplicative,0,1300000,0.0,1.0934407908693047,0.8893646040762719,0.0,-472.6771009831633,4794
dqn__reverse__state__multiplicative__s1,dqn,reverse,state,multiplicative,1,100000,0.0,0.9751420574483833,0.9193876820712505,0.0,-470.9357620413155,5147
dqn__reverse__state__multiplicative__s1,dqn,reverse,state,multiplicative,1,200000,0.0,0.9511748619157036,0.9518482351517645,0.0,-470.2803997089881,5223
dqn__reverse__state__multiplicative__s1,dqn,reverse,state,multiplicative,1,300000,0.0,0.9568930685649696,0.9522629217418739,0.0,-470.6621231889342,5217
dqn__reverse__state__multiplicative__s1,dqn,reverse,state,multiplicative,1,400000,0.0,0.9375064401915505,0.9521884421850073,0.0,-470.2305844668575,5220
dqn__reverse__state__multiplicative__s1,dqn,reverse,state,multiplicative,1,500000,0.0,0.8218709850361017,0.8698065099524279,0.0,-469.02596206303355,3783
dqn__reverse__state__multiplicative__s1,dqn,reverse,state,multiplicative,1,600000,0.0,0.9575715480808885,0.9514291152858094,0.0,-470.4446470284838,5215
dqn__reverse__state__multiplicative__s1,dqn,reverse,state,multiplicative,1,700000,0.0,0.9511349901380965,0.9521044725812986,0.0,-470.36533404014097,5214
dqn__reverse__state__multiplicative__s1,dqn,reverse,state,multiplicative,1,800000,0.0,0.8374570487727705,0.9589865678595197,0.0,-468.5368057769111,5140
dqn__reverse__state__multiplicative__s1,dqn,reverse,state,multiplicative,1,900000,0.0,0.6937187413647337,0.9513595714203866,0.0,-466.99094737743945,5131
dqn__reverse__state__multiplicative__s1,dqn,reverse,state,multiplicative,1,1000000,0.0,1.1153831221436108,0.9172867701204409,0.0,-465.21239110646627,3352
dqn__reverse__state__multiplicative__s1,dqn,reverse,state,multiplicative,1,1100000,0.0,0.9504779837654094,0.9522756826157538,0.0,-470.2763861656105,5215
dqn__reverse__state__multiplicative__s1,dqn,reverse,state,multiplicative,1,1200000,0.0,0.9486521381833483,0.9491237862397234,0.0,-470.30336496022534,5182
dqn__reverse__state__multiplicative__s1,dqn,reverse,state,multiplicative,1,1300000,0.0,0.9529097197767602,0.9527579380806612,0.0,-470.44950028627466,5211
dqn__reverse__state__multiplicative__s2,dqn,reverse,state,multiplicative,2,100000,0.0,0.9366215978495452,0.9515586075312333,0.0,-470.10276875397835,5220
dqn__reverse__state__multiplicative__s2,dqn,reverse,state,multiplicative,2,200000,0.0,0.9532357279156671,0.9525547510118013,0.0,-470.58380686229185,5214
dqn__reverse__state__multiplicative__s2,dqn,reverse,state,multiplicative,2,300000,0.0,1.1823011678055817,0.8542844635872794,0.0,-470.95758985620955,3631
dqn__reverse__state__multiplicative__s2,dqn,reverse,state,multiplicative,2,400000,0.0,0.908962906131353,0.955746320904129,0.0,-469.5298045908378,5184
dqn__reverse__state__multiplicative__s2,dqn,reverse,state,multiplicative,2,500000,0.0,0.9638974230353347,0.9038526321875143,0.0,-465.5011533918412,4238
dqn__reverse__state__multiplicative__s2,dqn,reverse,state,multiplicative,2,600000,0.0,0.9495727597534754,0.9311718253746213,0.0,-471.0817534923681,5086
dqn__reverse__state__multiplicative__s2,dqn,reverse,state,multiplicative,2,700000,0.0,0.9484805189734727,0.9521390193375051,0.0,-470.452404200386,5215
dqn__reverse__state__multiplicative__s2,dqn,reverse,state,multiplicative,2,800000,0.0,0.9344329643858036,0.951648321824372,0.0,-470.0103645826704,5214
dqn__reverse__state__multiplicative__s2,dqn,reverse,state,multiplicative,2,900000,0.0,0.9450801096871072,0.952133242633435,0.0,-470.3325315615414,5218
dqn__reverse__state__multiplicative__s2,dqn,reverse,state,multiplicative,2,1000000,0.0,0.9322225535926021,0.9519719365227725,0.0,-469.9343310251195,5220
dqn__reverse__state__multiplicative__s2,dqn,reverse,state,multiplicative,2,1100000,0.0,0.9465778417622236,0.9520780007509183,0.0,-470.361264375203,5216
dqn__reverse__state__multiplicative__s2,dqn,reverse,state,multiplicative,2,1200000,0.0,0.9632611792878669,0.9479727729286519,0.0,-470.65457120970405,5216
dqn__reverse__state__multiplicative__s2,dqn,reverse,state,multiplicative,2,1300000,0.0,0.9591224054336711,0.9518782082594527,0.0,-470.4877995000877,5228
dqn__reverse__state__guided__s0,dqn,reverse,state,guided,0,100000,0.0,0.9480763570814909,0.9505450709167295,0.0,-589.5032495266516,5201
dqn__reverse__state__guided__s0,dqn,reverse,state,guided,0,200000,0.40675675675675677,1.2680483567037613,0.5282314058191873,0.012162162162162163,-310.1651826458142,740
dqn__reverse__state__guided__s0,dqn,reverse,state,guided,0,300000,0.014893617021276596,1.9327128644917049,0.2860847962927734,0.0,-670.8734027792505,1410
dqn__reverse__state__guided__s0,dqn,reverse,state,guided,0,400000,0.9390962671905697,0.8275474569887368,0.21442875620307061,0.0,15.825999066590066,509
dqn__reverse__state__guided__s0,dqn,reverse,state,guided,0,500000,0.7946768060836502,1.6845842926770296,0.30566974569947775,0.0019011406844106464,-272.2560335545051,526
dqn__reverse__state__guided__s0,dqn,reverse,state,guided,0,600000,0.9105058365758755,1.6072582879273336,0.271489131746357,0.0,-149.73040893957392,514
dqn__reverse__state__guided__s0,dqn,reverse,state,guided,0,700000,0.9823182711198428,0.8790085280427657,0.31848442595459386,0.0,20.785902026153632,509
dqn__reverse__state__guided__s0,dqn,reverse,state,guided,0,800000,0.6998191681735986,1.9642952795466118,0.38610791850154697,0.0,-407.64612624462166,553
dqn__reverse__state__guided__s0,dqn,reverse,state,guided,0,900000,0.7574626865671642,0.9727851785322458,0.34184884324447434,0.026119402985074626,-104.77656407787939,536
dqn__reverse__state__guided__s0,dqn,reverse,state,guided,0,1000000,0.8185328185328186,1.7692181830920497,0.4126073418609424,0.0,-157.58322015420214,518
dqn__reverse__state__guided__s0,dqn,reverse,state,guided,0,1100000,0.5961199294532628,1.856360370247159,0.24666852534237782,0.0,-355.0014416551574,567
dqn__reverse__state__guided__s0,dqn,reverse,state,guided,0,1200000,0.0,0.959660700352669,0.9493597495876682,0.0,-591.3914542803768,5128
dqn__reverse__state__guided__s0,dqn,reverse,state,guided,0,1300000,0.0031525851197982345,1.4759470871962532,0.5742646498255629,0.0,-625.7877080782473,1586
dqn__reverse__state__guided__s1,dqn,reverse,state,guided,1,100000,0.0,0.9903240761381754,0.9555869407372439,0.0,-590.9523267417964,5118
dqn__reverse__state__guided__s1,dqn,reverse,state,guided,1,200000,0.0,0.9433539650823636,0.9524721536002524,0.0,-590.6030609422795,5206
dqn__reverse__state__guided__s1,dqn,reverse,state,guided,1,300000,0.0,0.9591399576365397,0.952499628478714,0.0,-590.5281929214176,5212
dqn__reverse__state__guided__s1,dqn,reverse,state,guided,1,400000,0.0,1.0550493728446333,0.9473697488015057,0.0,-592.307862959613,4941
dqn__reverse__state__guided__s1,dqn,reverse,state,guided,1,500000,0.0,0.9507106676473989,0.9523025030414599,0.0,-590.6659577830327,5212
dqn__reverse__state__guided__s1,dqn,reverse,state,guided,1,600000,0.0,0.9942378721890824,0.8985467021603618,0.0,-568.833691166805,4361
dqn__reverse__state__guided__s1,dqn,reverse,state,guided,1,700000,0.0,1.7728089427938802,0.9035723461888885,0.0,-685.2784324537357,1303
dqn__reverse__state__guided__s1,dqn,reverse,state,guided,1,800000,0.0,0.9413616687150713,0.9530199515439289,0.0,-589.060357452762,5204
dqn__reverse__state__guided__s1,dqn,reverse,state,guided,1,900000,0.003189792663476874,1.759469768189344,0.337594307956109,0.0,-660.5689035382125,1254
dqn__reverse__state__guided__s1,dqn,reverse,state,guided,1,1000000,0.0,0.9787941230267726,0.8189272796994395,0.0,-595.2245005862991,2946
dqn__reverse__state__guided__s1,dqn,reverse,state,guided,1,1100000,0.0,1.4085288952121227,1.0403276483217876,0.06253229974160207,-648.3570703724666,1935
dqn__reverse__state__guided__s1,dqn,reverse,state,guided,1,1200000,0.0,1.7616042536817784,0.5045344192876223,0.0,-661.2494290787032,1767
dqn__reverse__state__guided__s1,dqn,reverse,state,guided,1,1300000,0.0,1.6614533841478578,0.6026416697199383,0.0,-641.9606936672479,1575
dqn__reverse__state__guided__s2,dqn,reverse,state,guided,2,100000,0.0,0.8218279069327201,0.9547368940264628,0.0,-589.2276830073365,5114
dqn__reverse__state__guided__s2,dqn,reverse,state,guided,2,200000,0.0,0.924139744993668,0.9517332656645082,0.0,-590.7496196040848,5232
dqn__reverse__state__guided__s2,dqn,reverse,state,guided,2,300000,0.0,0.9627205710667135,0.9522888073749436,0.0,-590.4160724414767,5219
dqn__reverse__state__guided__s2,dqn,reverse,state,guided,2,400000,0.0,0.9832960382362371,0.925275404661731,0.0,-588.1115177853184,4575
dqn__reverse__state__guided__s2,dqn,reverse,state,guided,2,500000,0.0,1.6878482060561215,0.4698489800791473,0.00398406374501992,-634.8151255692685,2259
dqn__reverse__state__guided__s2,dqn,reverse,state,guided,2,600000,0.0,0.9457807785550205,0.9522178241527663,0.0,-590.6710445655045,5215
dqn__reverse__state__guided__s2,dqn,reverse,state,guided,2,700000,0.0,0.9423313361410041,0.9515655850255742,0.0,-590.5962829840861,5227
dqn__reverse__state__guided__s2,dqn,reverse,state,guided,2,800000,0.0,0.947957518569834,0.952108340470051,0.0,-590.1279914265764,5214
dqn__reverse__state__guided__s2,dqn,reverse,state,guided,2,900000,0.0,0.9412635195766704,0.9525647945380252,0.0,-590.8039199278476,5209
dqn__reverse__state__guided__s2,dqn,reverse,state,guided,2,1000000,0.0,1.8581153533359438,0.8263734538013743,0.0030156815440289505,-643.2876599919581,1658
dqn__reverse__state__guided__s2,dqn,reverse,state,guided,2,1100000,0.0,0.937235567575583,0.9517843976688294,0.0,-590.6363903647249,5215
dqn__reverse__state__guided__s2,dqn,reverse,state,guided,2,1200000,0.0,0.9419558546709585,0.9530289428541974,0.0,-590.6937306932055,5204
dqn__reverse__state__guided__s2,dqn,reverse,state,guided,2,1300000,0.40633608815426997,1.4071313640323344,0.22057288053147905,0.0,-301.5010386522721,726
ppo__reverse__state__dense__s0,ppo,reverse,state,dense,0,100096,0.0,1.2725084585225455,0.6910018995138151,0.0068322981366459624,-577.2721127343785,1610
ppo__reverse__state__dense__s0,ppo,reverse,state,dense,0,200192,0.0,1.1105448992325755,1.0080509601943082,0.01933534743202417,-595.7328417233107,1655
ppo__reverse__state__dense__s0,ppo,reverse,state,dense,0,300288,0.0,1.3894072254446004,1.1378611296925718,0.007446016381236039,-658.5010167500552,1343
ppo__reverse__state__dense__s0,ppo,reverse,state,dense,0,400384,0.0,1.3827563182296143,0.9779656323745705,0.006839945280437756,-669.5483116203285,1462
ppo__reverse__state__dense__s0,ppo,reverse,state,dense,0,500480,0.0,1.406491394617333,0.8295587554202809,0.037366548042704624,-548.7923546232588,1124
ppo__reverse__state__dense__s0,ppo,reverse,state,dense,0,600576,0.0,1.450344816849322,0.9934589626759353,0.030145530145530147,-571.8955228556574,962
ppo__reverse__state__dense__s0,ppo,reverse,state,dense,0,700672,0.0,1.5811030400619874,1.1674059315717153,0.009242144177449169,-679.04210153395,1082
ppo__reverse__state__dense__s0,ppo,reverse,state,dense,0,800768,0.0,1.6809003093558932,1.0902609235151375,0.001017293997965412,-668.4897188273469,983
ppo__reverse__state__dense__s0,ppo,reverse,state,dense,0,900864,0.0,1.6492556628989503,1.2079224538752855,0.003161222339304531,-735.0672155168036,949
ppo__reverse__state__dense__s0,ppo,reverse,state,dense,0,1000960,0.0,1.707619607888292,1.048695729347904,0.0,-678.6768225154804,1215
ppo__reverse__state__dense__s0,ppo,reverse,state,dense,0,1101056,0.0,1.704339985211672,0.9876505953005215,0.0,-648.2995737517485,1222
ppo__reverse__state__dense__s0,ppo,reverse,state,dense,0,1201152,0.0,1.7849706807641175,0.7544373644218201,0.0,-594.9118812562238,1483
ppo__reverse__state__dense__s0,ppo,reverse,state,dense,0,1301248,0.0,1.7837306640703894,0.6174787466884941,0.0,-556.9610335464978,1395
ppo__reverse__state__dense__s0,ppo,reverse,state,dense,0,1401344,0.0,1.7467096693091009,0.6901526424678625,0.0,-564.8360681463957,1353
ppo__reverse__state__dense__s0,ppo,reverse,state,dense,0,1501440,0.0,1.80020189250294,0.6428802026548276,0.0,-573.6118419159986,1473
ppo__reverse__state__dense__s0,ppo,reverse,state,dense,0,1601536,0.0,1.7401372964123916,0.6831240639543396,0.0,-562.7954033596835,1382
ppo__reverse__state__dense__s0,ppo,reverse,state,dense,0,1701632,0.0007042253521126761,1.8089675562027043,0.6258156494145662,0.0,-564.0804029563428,1420
ppo__reverse__state__dense__s0,ppo,reverse,state,dense,0,1801728,0.0,1.7457149370100764,0.6884610777915089,0.0,-562.6852407077045,1371
ppo__reverse__state__dense__s0,ppo,reverse,state,dense,0,1901824,0.0,1.7247239970556216,0.6342032587790227,0.0,-542.8379133330792,1274
ppo__reverse__state__dense__s0,ppo,reverse,state,dense,0,2001920,0.0,1.8029231364633358,0.6250791688095076,0.0,-564.0292659765195,1434
ppo__reverse__state__dense__s1,ppo,reverse,state,dense,1,100096,0.0,1.0025619863511461,1.0188299641992968,0.0,-570.273956027256,1901
ppo__reverse__state__dense__s1,ppo,reverse,state,dense,1,200192,0.0,1.1849840383815828,1.0936819129427688,0.0,-617.2035268746785,1722
ppo__reverse__state__dense__s1,ppo,reverse,state,dense,1,300288,0.0,1.1592435447916902,1.100254868535368,0.0017783046828689982,-574.2769072382979,1687
ppo__reverse__state__dense__s1,ppo,reverse,state,dense,1,400384,0.0,1.440686294895613,0.9726320086213887,0.02528977871443625,-609.8229642127905,949
ppo__reverse__state__dense__s1,ppo,reverse,state,dense,1,500480,0.0,1.3605924442076254,0.8692646845351621,0.01915991156963891,-618.9883681107073,1357
ppo__reverse__state__dense__s1,ppo,reverse,state,dense,1,600576,0.0,1.2054131725143868,1.0847243489671488,0.003734827264239029,-509.55512636557063,1071
ppo__reverse__state__dense__s1,ppo,reverse,state,dense,1,700672,0.0,1.4162311464001707,1.1089103490726266,0.001579778830963665,-710.0485033663422,1266
ppo__reverse__state__dense__s1,ppo,reverse,state,dense,1,800768,0.0,1.3034753705719695,0.8876111481963938,0.004965243296921549,-578.6268575362866,1007
ppo__reverse__state__dense__s1,ppo,reverse,state,dense,1,900864,0.0,1.407959253281084,0.9661445060083943,0.004887585532746823,-627.4087700735762,1023
ppo__reverse__state__dense__s1,ppo,reverse,state,dense,1,1000960,0.0,1.5464754123385156,1.1115311818745635,0.0029239766081871343,-705.2050277773718,1026
ppo__reverse__state__dense__s1,ppo,reverse,state,dense,1,1101056,0.0,1.6719790783157185,1.0887074734312463,0.0,-711.4707340492528,1245
ppo__reverse__state__dense__s1,ppo,reverse,state,dense,1,1201152,0.0,1.7581158949025246,1.0514419934117134,0.0,-716.0301991934564,1391
ppo__reverse__state__dense__s1,ppo,reverse,state,dense,1,1301248,0.0,1.6734403893155232,0.9595297610382898,0.0,-641.066805016308,1297
ppo__reverse__state__dense__s1,ppo,reverse,state,dense,1,1401344,0.001466275659824047,1.721393156922936,0.8286541640496324,0.0,-601.7545011631538,1364
ppo__reverse__state__dense__s1,ppo,reverse,state,dense,1,1501440,0.0,1.7680139435727729,0.9259350833855436,0.0,-647.3623127847555,1403
ppo__reverse__state__dense__s1,ppo,reverse,state,dense,1,1601536,0.0,1.7812005175441354,0.8480656180955186,0.0,-620.8122836529101,1422
ppo__reverse__state__dense__s1,ppo,reverse,state,dense,1,1701632,0.0,1.7706323355110116,0.8572759026066397,0.0,-625.0288211251412,1446
ppo__reverse__state__dense__s1,ppo,reverse,state,dense,1,1801728,0.0,1.7353905507974159,0.8444400092922981,0.0,-610.773420876672,1391
ppo__reverse__state__dense__s1,ppo,reverse,state,dense,1,1901824,0.0,1.7239021642242667,0.7993194118571652,0.0,-585.4026380033697,1353
ppo__reverse__state__dense__s1,ppo,reverse,state,dense,1,2001920,0.0,1.7677899394083023,0.8091528205406854,0.0,-610.8429487747886,1457
ppo__reverse__state__dense__s2,ppo,reverse,state,dense,2,100096,0.0,1.1695234918247213,1.1001274349909385,0.0,-541.1687901902473,1236
ppo__reverse__state__dense__s2,ppo,reverse,state,dense,2,200192,0.0,0.9374505495575484,1.0619140152253033,0.0,-556.2247351774262,1807
ppo__reverse__state__dense__s2,ppo,reverse,state,dense,2,300288,0.0,1.528513401660852,1.0803148747406064,0.009216589861751152,-689.9642682563564,1302
ppo__reverse__state__dense__s2,ppo,reverse,state,dense,2,400384,0.0,1.565143926240944,0.862984444787152,0.02843601895734597,-612.2687739432583,1266
ppo__reverse__state__dense__s2,ppo,reverse,state,dense,2,500480,0.0,1.5431149597786773,0.9508553029669186,0.03777949113338473,-700.378813104899,1297
ppo__reverse__state__dense__s2,ppo,reverse,state,dense,2,600576,0.0,1.4622909793554795,0.998100091582666,0.031490552834149754,-564.6685636203852,1429
ppo__reverse__state__dense__s2,ppo,reverse,state,dense,2,700672,0.0,1.628434926019417,0.9749685254240275,0.02337228714524207,-653.042656490099,1198
ppo__reverse__state__dense__s2,ppo,reverse,state,dense,2,800768,0.0,1.6508982076430228,1.0598907168914264,0.005415162454873646,-679.597015757372,1108
ppo__reverse__state__dense__s2,ppo,reverse,state,dense,2,900864,0.0,1.732984158563478,0.9825629867176348,0.005939123979213066,-670.8803785044137,1347
ppo__reverse__state__dense__s2,ppo,reverse,state,dense,2,1000960,0.0,1.5825995906821273,1.037758803885916,0.0,-641.842440221501,1035
ppo__reverse__state__dense__s2,ppo,reverse,state,dense,2,1101056,0.0,1.6036358706960374,0.9492792124545044,0.0,-609.8664964729297,1103
ppo__reverse__state__dense__s2,ppo,reverse,state,dense,2,1201152,0.0,1.5996628592904407,0.8476395297923278,0.0,-562.2902795491485,1079
ppo__reverse__state__dense__s2,ppo,reverse,state,dense,2,1301248,0.0,1.5615290568761746,0.8097913887327922,0.0,-517.9287106707993,938
ppo__reverse__state__dense__s2,ppo,reverse,state,dense,2,1401344,0.0,1.5820297566842607,0.8132372539435793,0.0,-524.8439049932091,954
ppo__reverse__state__dense__s2,ppo,reverse,state,dense,2,1501440,0.0,1.5548798581813743,0.7882240603516393,0.0,-504.6990969553181,934
ppo__reverse__state__dense__s2,ppo,reverse,state,dense,2,1601536,0.0,1.6187230361197618,0.7774330450329586,0.0,-507.28457701974,934
ppo__reverse__state__dense__s2,ppo,reverse,state,dense,2,1701632,0.0,1.5657680156643308,0.7137571927160025,0.0,-468.32190425428536,864
ppo__reverse__state__dense__s2,ppo,reverse,state,dense,2,1801728,0.0,1.5159046776678744,0.6908652083468192,0.0,-439.74881020109075,776
ppo__reverse__state__dense__s2,ppo,reverse,state,dense,2,1901824,0.0,1.6445129274323624,0.6392338928156371,0.0,-483.2977653669894,928
ppo__reverse__state__dense__s2,ppo,reverse,state,dense,2,2001920,0.4265927977839335,1.3911051673582677,0.34906384249803435,0.0,-19.187996988333655,722
ppo__reverse__state__no_hitch__s0,ppo,reverse,state,no_hitch,0,100096,0.0,1.249407323684355,0.6657619687047467,0.0,-566.5044369976695,1608
ppo__reverse__state__no_hitch__s0,ppo,reverse,state,no_hitch,0,200192,0.0,1.0221373797361915,1.0103259448242443,0.01129032258064516,-557.4313882811775,1860
ppo__reverse__state__no_hitch__s0,ppo,reverse,state,no_hitch,0,300288,0.0,1.031587546979586,1.0767159779463802,0.0,-546.1160413225602,1776
ppo__reverse__state__no_hitch__s0,ppo,reverse,state,no_hitch,0,400384,0.0,1.4157638759426185,0.8183210709448137,0.03593339176161262,-543.7574023714419,1141
ppo__reverse__state__no_hitch__s0,ppo,reverse,state,no_hitch,0,500480,0.0,1.4095047113986665,1.1008252441370237,0.027724665391969407,-497.6490423767331,1046
ppo__reverse__state__no_hitch__s0,ppo,reverse,state,no_hitch,0,600576,0.0,1.5725280604262164,1.186072039567231,0.48981399468556247,-662.8251119317381,1129
ppo__reverse__state__no_hitch__s0,ppo,reverse,state,no_hitch,0,700672,0.0,1.480627674225259,1.1565199603288494,0.005847953216374269,-661.9097004504026,1368
ppo__reverse__state__no_hitch__s0,ppo,reverse,state,no_hitch,0,800768,0.0,1.4636704088104404,1.178717747141762,0.0007457121551081282,-656.3998870466502,1341
ppo__reverse__state__no_hitch__s0,ppo,reverse,state,no_hitch,0,900864,0.0,1.3495121400186234,1.1786193916408432,0.0,-597.6578129856769,1023
ppo__reverse__state__no_hitch__s0,ppo,reverse,state,no_hitch,0,1000960,0.0,1.4491701827344445,1.1891952404470154,0.0,-652.8309463545708,1320
ppo__reverse__state__no_hitch__s0,ppo,reverse,state,no_hitch,0,1101056,0.0,1.575967035567008,1.2061102423099204,0.0,-689.1954055685336,1308
ppo__reverse__state__no_hitch__s0,ppo,reverse,state,no_hitch,0,1201152,0.0,1.860303334903594,1.1728458295063096,0.004373177842565598,-734.1215658788934,1372
ppo__reverse__state__no_hitch__s0,ppo,reverse,state,no_hitch,0,1301248,0.0,1.8016858478497233,0.9457198818346887,0.0,-622.3971121396557,1341
ppo__reverse__state__no_hitch__s0,ppo,reverse,state,no_hitch,0,1401344,0.0021141649048625794,1.8366121851512596,0.7678671147808213,0.0,-588.0523231005325,1419
ppo__reverse__state__no_hitch__s0,ppo,reverse,state,no_hitch,0,1501440,0.0,1.7119573351531416,0.7943840479969879,0.0,-553.4507720053783,1201
ppo__reverse__state__no_hitch__s0,ppo,reverse,state,no_hitch,0,1601536,0.0,1.8028771382550566,0.6868651993269843,0.0,-576.9146460601625,1476
ppo__reverse__state__no_hitch__s0,ppo,reverse,state,no_hitch,0,1701632,0.0,1.736798432774612,0.7114786086915594,0.0,-561.9629026192243,1345
ppo__reverse__state__no_hitch__s0,ppo,reverse,state,no_hitch,0,1801728,0.0,1.683661179022193,0.7500485476993379,0.0,-539.8708954805375,1155
ppo__reverse__state__no_hitch__s0,ppo,reverse,state,no_hitch,0,1901824,0.0,1.8168638847901988,0.7452263020357491,0.0,-587.7900377020648,1437
ppo__reverse__state__no_hitch__s0,ppo,reverse,state,no_hitch,0,2001920,0.0,1.8130031057594946,0.7486658594637011,0.0,-582.3523895409246,1412
ppo__reverse__state__no_hitch__s1,ppo,reverse,state,no_hitch,1,100096,0.0,0.9656538609878074,1.0158577524811212,0.0010224948875255625,-553.8615144568856,1956
ppo__reverse__state__no_hitch__s1,ppo,reverse,state,no_hitch,1,200192,0.0,1.257494277062842,1.1145523667553843,0.0006105006105006105,-597.2688409270384,1638
ppo__reverse__state__no_hitch__s1,ppo,reverse,state,no_hitch,1,300288,0.0,1.3951439364261653,1.1537972513497585,0.00818452380952381,-660.8373925180006,1344
ppo__reverse__state__no_hitch__s1,ppo,reverse,state,no_hitch,1,400384,0.0,1.2203448148063114,1.1199127506200925,0.0051813471502590676,-519.290089628582,1158
ppo__reverse__state__no_hitch__s1,ppo,reverse,state,no_hitch,1,500480,0.0,1.3456516361381154,1.1461892487444918,0.012999071494893221,-537.8218330142029,1077
ppo__reverse__state__no_hitch__s1,ppo,reverse,state,no_hitch,1,600576,0.0,1.3092189683247673,1.116585862291746,0.005509641873278237,-598.1349097941707,1089
ppo__reverse__state__no_hitch__s1,ppo,reverse,state,no_hitch,1,700672,0.0,1.4359896574585183,1.126482171103665,0.0049680624556423,-640.0880006257328,1409
ppo__reverse__state__no_hitch__s1,ppo,reverse,state,no_hitch,1,800768,0.0,1.4847822115583313,1.159036870932175,0.0022598870056497176,-653.3506067536056,885
ppo__reverse__state__no_hitch__s1,ppo,reverse,state,no_hitch,1,900864,0.0,1.6400323641579775,1.1823292925612616,0.0,-750.5265321852637,1310
ppo__reverse__state__no_hitch__s1,ppo,reverse,state,no_hitch,1,1000960,0.0,1.3411449216376943,1.162170407133191,0.0,-630.6550662955741,1183
ppo__reverse__state__no_hitch__s1,ppo,reverse,state,no_hitch,1,1101056,0.0,1.7001147546265023,1.1988954902060085,0.0,-768.8817625395897,1307
ppo__reverse__state__no_hitch__s1,ppo,reverse,state,no_hitch,1,1201152,0.0,1.703444994706378,1.2109904966663583,0.0,-756.9123724879735,1172
ppo__reverse__state__no_hitch__s1,ppo,reverse,state,no_hitch,1,1301248,0.0,1.4741122413173728,1.2044265234500144,0.0,-689.2465076959527,1201
ppo__reverse__state__no_hitch__s1,ppo,reverse,state,no_hitch,1,1401344,0.0,1.601239587339371,1.2128244892399713,0.0,-724.5654309884261,1427
ppo__reverse__state__no_hitch__s1,ppo,reverse,state,no_hitch,1,1501440,0.0,1.6586001159960755,1.2489806138110582,0.0,-736.8555926986313,1246
ppo__reverse__state__no_hitch__s1,ppo,reverse,state,no_hitch,1,1601536,0.0,1.7883783496642796,0.9905906810750467,0.0,-653.2078417067676,1426
ppo__reverse__state__no_hitch__s1,ppo,reverse,state,no_hitch,1,1701632,0.0,1.8073964240194649,1.0133197634771083,0.0,-663.9320132880665,1441
ppo__reverse__state__no_hitch__s1,ppo,reverse,state,no_hitch,1,1801728,0.0,1.750873561710889,1.0239126480877672,0.0,-651.4672952396476,1314
ppo__reverse__state__no_hitch__s1,ppo,reverse,state,no_hitch,1,1901824,0.0,1.810125818106819,1.103980288971623,0.0,-708.0799945851813,1417
ppo__reverse__state__no_hitch__s1,ppo,reverse,state,no_hitch,1,2001920,0.0,1.8825352647244267,1.1730921128954015,0.0,-750.3898554462535,1427
ppo__reverse__state__no_hitch__s2,ppo,reverse,state,no_hitch,2,100096,0.0,1.3538141234728491,1.138896620672617,0.0010460251046025104,-507.4358524833066,956
ppo__reverse__state__no_hitch__s2,ppo,reverse,state,no_hitch,2,200192,0.0,0.9594737779375235,1.0596911531796607,0.0005583472920156337,-529.1460230066027,1791
ppo__reverse__state__no_hitch__s2,ppo,reverse,state,no_hitch,2,300288,0.0,1.0454055947899932,1.0664223531238037,0.0017678255745433118,-544.996946922555,1697
ppo__reverse__state__no_hitch__s2,ppo,reverse,state,no_hitch,2,400384,0.0,1.3488569972388844,0.9495842641415503,0.006931316950220542,-689.3663120394907,1587
ppo__reverse__state__no_hitch__s2,ppo,reverse,state,no_hitch,2,500480,0.0,1.8128279200811288,1.2011089268716402,0.4939929328621908,-722.5333845429269,1415
ppo__reverse__state__no_hitch__s2,ppo,reverse,state,no_hitch,2,600576,0.0,1.3196198101456265,0.6889890903426755,0.029493087557603687,-494.5416229050775,1085
ppo__reverse__state__no_hitch__s2,ppo,reverse,state,no_hitch,2,700672,0.0,1.334713265311852,0.8752838170162807,0.026022304832713755,-478.2269094413478,1076
ppo__reverse__state__no_hitch__s2,ppo,reverse,state,no_hitch,2,800768,0.001075268817204301,1.5348658216293232,0.9130023271806779,0.005376344086021506,-545.8298123328057,930
ppo__reverse__state__no_hitch__s2,ppo,reverse,state,no_hitch,2,900864,0.0,1.622296856659303,0.9663395887033391,0.0010030090270812437,-582.7019646555408,997
ppo__reverse__state__no_hitch__s2,ppo,reverse,state,no_hitch,2,1000960,0.0,1.7589199003560958,1.1201715957471703,0.008064516129032258,-711.558779103548,1364
ppo__reverse__state__no_hitch__s2,ppo,reverse,state,no_hitch,2,1101056,0.0,1.6643967742187036,1.0884884891471243,0.0,-636.8159240024097,984
ppo__reverse__state__no_hitch__s2,ppo,reverse,state,no_hitch,2,1201152,0.0,1.606709330175857,0.9924839183000418,0.0,-584.0767031057451,975
ppo__reverse__state__no_hitch__s2,ppo,reverse,state,no_hitch,2,1301248,0.0,1.5299824387528964,0.8765918296446414,0.0,-513.3438731610149,877
ppo__reverse__state__no_hitch__s2,ppo,reverse,state,no_hitch,2,1401344,0.0,1.5402440387203211,0.8676523069771149,0.0,-499.2004818808382,862
ppo__reverse__state__no_hitch__s2,ppo,reverse,state,no_hitch,2,1501440,0.0,1.5843187952440607,0.8823101062631402,0.0,-532.711085409287,932
ppo__reverse__state__no_hitch__s2,ppo,reverse,state,no_hitch,2,1601536,0.0,1.5852882748738442,0.8190541021656572,0.0,-500.4665941189757,912
ppo__reverse__state__no_hitch__s2,ppo,reverse,state,no_hitch,2,1701632,0.0,1.5543116812448916,0.7680673117873855,0.0,-475.93339320472637,868
ppo__reverse__state__no_hitch__s2,ppo,reverse,state,no_hitch,2,1801728,0.0,1.5998906227684386,0.6991113660418082,0.0,-444.84540921243735,751
ppo__reverse__state__no_hitch__s2,ppo,reverse,state,no_hitch,2,1901824,0.0,1.593118420332497,0.6410999677397988,0.0,-460.67145801918656,880
ppo__reverse__state__no_hitch__s2,ppo,reverse,state,no_hitch,2,2001920,0.4043419267299864,1.5235607822454829,0.472131652254586,0.0,-69.53590554347159,737
ppo__reverse__state__multiplicative__s0,ppo,reverse,state,multiplicative,0,100096,0.0,1.3082300476466617,0.6491115920587888,0.0,-404.07416111046757,1562
ppo__reverse__state__multiplicative__s0,ppo,reverse,state,multiplicative,0,200192,0.0,0.8839610316389257,1.0430397999133982,0.0,-415.1250557644625,1874
ppo__reverse__state__multiplicative__s0,ppo,reverse,state,multiplicative,0,300288,0.0,1.4486720823615187,0.8171202595331578,0.015138023152270703,-334.6306981077936,1123
ppo__reverse__state__multiplicative__s0,ppo,reverse,state,multiplicative,0,400384,0.0,1.4775036893632614,1.141955450093946,0.019553072625698324,-319.969005901009,1074
ppo__reverse__state__multiplicative__s0,ppo,reverse,state,multiplicative,0,500480,0.0,1.3369208186585937,1.1834964373411039,0.003463203463203463,-336.29731507330285,1155
ppo__reverse__state__multiplicative__s0,ppo,reverse,state,multiplicative,0,600576,0.0,1.6413040775956154,1.2189067068571102,0.0,-417.7199018599897,1336
ppo__reverse__state__multiplicative__s0,ppo,reverse,state,multiplicative,0,700672,0.0,1.678133963909497,1.1318905197911793,0.0,-367.70398056045343,1080
ppo__reverse__state__multiplicative__s0,ppo,reverse,state,multiplicative,0,800768,0.0,1.7079816800875551,1.1370974823125426,0.0,-380.7608305970396,1138
ppo__reverse__state__multiplicative__s0,ppo,reverse,state,multiplicative,0,900864,0.0,1.6820577791376898,1.2704055999891806,0.0010718113612004287,-316.65215639100893,933
ppo__reverse__state__multiplicative__s0,ppo,reverse,state,multiplicative,0,1000960,0.0012515644555694619,1.6281619088501411,1.271552944548885,0.0012515644555694619,-268.90865622793757,799
ppo__reverse__state__multiplicative__s0,ppo,reverse,state,multiplicative,0,1101056,0.0,1.607285652050232,1.2362222310731275,0.0,-393.4225923997316,1249
ppo__reverse__state__multiplicative__s0,ppo,reverse,state,multiplicative,0,1201152,0.0,1.7107172690152352,1.2801145959688789,0.0,-384.7876296362575,1119
ppo__reverse__state__multiplicative__s0,ppo,reverse,state,multiplicative,0,1301248,0.0,1.673027583146592,1.2705685892177903,0.0,-262.21192087762415,786
ppo__reverse__state__multiplicative__s0,ppo,reverse,state,multiplicative,0,1401344,0.0,1.6896322640204438,1.200656663737635,0.0,-365.23572433075964,1072
ppo__reverse__state__multiplicative__s0,ppo,reverse,state,multiplicative,0,1501440,0.0,1.7044256003255214,1.1766628627768638,0.0,-385.5528079860178,1127
ppo__reverse__state__multiplicative__s0,ppo,reverse,state,multiplicative,0,1601536,0.0,1.6816097226542042,1.2402656471606381,0.001145475372279496,-304.38410915132,873
ppo__reverse__state__multiplicative__s0,ppo,reverse,state,multiplicative,0,1701632,0.0,1.7034675986909487,1.2683528846660426,0.0,-291.5363901006919,867
ppo__reverse__state__multiplicative__s0,ppo,reverse,state,multiplicative,0,1801728,0.0,1.6965118802397248,1.277952207957294,0.010025062656641603,-267.8098321198416,798
ppo__reverse__state__multiplicative__s0,ppo,reverse,state,multiplicative,0,1901824,0.44413012729844414,1.5491496134850478,0.8927099865767709,0.011315417256011316,155.03079996683093,707
ppo__reverse__state__multiplicative__s0,ppo,reverse,state,multiplicative,0,2001920,0.4195804195804196,1.6887420646615312,0.8939251863039457,0.15944055944055943,110.50689152898478,715
ppo__reverse__state__multiplicative__s1,ppo,reverse,state,multiplicative,1,100096,0.0,1.0508752020935546,0.9307512486132787,0.034823284823284825,-429.8718903942212,1924
ppo__reverse__state__multiplicative__s1,ppo,reverse,state,multiplicative,1,200192,0.0,1.2065059881370475,1.0702011938305462,0.02,-429.22768970212707,1700
ppo__reverse__state__multiplicative__s1,ppo,reverse,state,multiplicative,1,300288,0.0,1.1218143311437658,1.122519962037872,0.0008084074373484236,-333.20501226933203,1237
ppo__reverse__state__multiplicative__s1,ppo,reverse,state,multiplicative,1,400384,0.0,1.474839638688438,0.8342995712295972,0.02263374485596708,-328.5748180279349,972
ppo__reverse__state__multiplicative__s1,ppo,reverse,state,multiplicative,1,500480,0.0,1.5303052263372747,0.8147768041787087,0.020134228187919462,-395.83936370164383,1341
ppo__reverse__state__multiplicative__s1,ppo,reverse,state,multiplicative,1,600576,0.4326530612244898,1.4518423807679295,0.5541854920435925,0.0,133.6936092888147,735
ppo__reverse__state__multiplicative__s1,ppo,reverse,state,multiplicative,1,700672,0.0,1.6649336543094704,1.0879803789453713,0.0018709073900841909,-357.42684571835434,1069
ppo__reverse__state__multiplicative__s1,ppo,reverse,state,multiplicative,1,800768,0.0,1.6193569431134172,1.1440803608616323,0.0033003300330033004,-300.0885452000979,909
ppo__reverse__state__multiplicative__s1,ppo,reverse,state,multiplicative,1,900864,0.0,1.630121270235667,1.04962322138823,0.0028846153846153848,-346.30128602102934,1040
ppo__reverse__state__multiplicative__s1,ppo,reverse,state,multiplicative,1,1000960,0.0,1.7977645142668515,1.1879240882545246,0.002336448598130841,-421.8293809161041,1284
ppo__reverse__state__multiplicative__s1,ppo,reverse,state,multiplicative,1,1101056,0.0,1.7067402103293097,1.260940279456689,0.0,-417.0186334807098,1249
ppo__reverse__state__multiplicative__s1,ppo,reverse,state,multiplicative,1,1201152,0.0,1.8112409195476031,1.2579735656941722,0.006344171292624901,-423.16432341720775,1261
ppo__reverse__state__multiplicative__s1,ppo,reverse,state,multiplicative,1,1301248,0.0,1.7948005998141936,1.132591085387803,0.0,-430.56801859796263,1343
ppo__reverse__state__multiplicative__s1,ppo,reverse,state,multiplicative,1,1401344,0.0,1.8521896618704592,1.1844166483762284,0.0,-449.3134009529577,1388
ppo__reverse__state__multiplicative__s1,ppo,reverse,state,multiplicative,1,1501440,0.0,1.8112271527854167,1.2800459368853254,0.0,-430.72723796253985,1306
ppo__reverse__state__multiplicative__s1,ppo,reverse,state,multiplicative,1,1601536,0.0,1.8226305325055363,1.2708472806054192,0.003088803088803089,-429.22031392536826,1295
ppo__reverse__state__multiplicative__s1,ppo,reverse,state,multiplicative,1,1701632,0.0,1.8188040493489916,1.2703447264214958,0.0,-417.6903931216434,1258
ppo__reverse__state__multiplicative__s1,ppo,reverse,state,multiplicative,1,1801728,0.0,1.7117103871450907,1.274570949743909,0.0,-362.0108916150817,1052
ppo__reverse__state__multiplicative__s1,ppo,reverse,state,multiplicative,1,1901824,0.0,1.662381716556059,1.2596216114921186,0.0,-389.80026700217695,1194
ppo__reverse__state__multiplicative__s1,ppo,reverse,state,multiplicative,1,2001920,0.0,1.7947408517002434,1.2889507426816613,0.0,-417.0778480028971,1243
ppo__reverse__state__multiplicative__s2,ppo,reverse,state,multiplicative,2,100096,0.0,1.6969315412186767,1.2056329112211517,0.008724100327153763,-323.14688972795466,917
ppo__reverse__state__multiplicative__s2,ppo,reverse,state,multiplicative,2,200192,0.0,0.9879287689755137,1.0727411673163059,0.0,-406.99100931090294,1749
ppo__reverse__state__multiplicative__s2,ppo,reverse,state,multiplicative,2,300288,0.0,1.3915074669819076,0.8836396698001002,0.011019283746556474,-406.36658378884886,1452
ppo__reverse__state__multiplicative__s2,ppo,reverse,state,multiplicative,2,400384,0.0,1.495499863801712,0.5460787553992218,0.021494370522006142,-299.8495149056474,977
ppo__reverse__state__multiplicative__s2,ppo,reverse,state,multiplicative,2,500480,0.0,1.4636709022451801,0.8953542827419896,0.042805100182149364,-337.0376131401743,1098
ppo__reverse__state__multiplicative__s2,ppo,reverse,state,multiplicative,2,600576,0.0,1.447807614060461,0.9442336107219383,0.06821963394342762,-449.92020362372915,1803
ppo__reverse__state__multiplicative__s2,ppo,reverse,state,multiplicative,2,700672,0.0,1.3775197230813037,0.8726035437041885,0.06974190005491489,-452.90389736608273,1821
ppo__reverse__state__multiplicative__s2,ppo,reverse,state,multiplicative,2,800768,0.0,1.565491727667109,0.854144101199068,0.0,-313.3069355836602,976
ppo__reverse__state__multiplicative__s2,ppo,reverse,state,multiplicative,2,900864,0.0,1.698352351430782,0.8454823469217698,0.0,-400.44425899454416,1301
ppo__reverse__state__multiplicative__s2,ppo,reverse,state,multiplicative,2,1000960,0.0,1.659521134736314,0.8423301884092733,0.0,-393.51153189105884,1262
ppo__reverse__state__multiplicative__s2,ppo,reverse,state,multiplicative,2,1101056,0.0,1.6356093097114515,0.8460228451763291,0.0,-384.93461180418086,1245
ppo__reverse__state__multiplicative__s2,ppo,reverse,state,multiplicative,2,1201152,0.0,1.5772695594022241,0.8339489182976426,0.0,-311.6879955904178,976
ppo__reverse__state__multiplicative__s2,ppo,reverse,state,multiplicative,2,1301248,0.0,1.556858543425156,0.8139843502794633,0.0,-257.5555109801137,852
ppo__reverse__state__multiplicative__s2,ppo,reverse,state,multiplicative,2,1401344,0.0,1.558013647133018,0.8392041047865694,0.0,-241.4229075985212,792
ppo__reverse__state__multiplicative__s2,ppo,reverse,state,multiplicative,2,1501440,0.42585034013605444,1.3211967435862677,0.5996145747145828,0.0,157.47220495832102,735
ppo__reverse__state__multiplicative__s2,ppo,reverse,state,multiplicative,2,1601536,0.0,1.5274881858079905,0.8419275602070728,0.0,-259.9799017768917,869
ppo__reverse__state__multiplicative__s2,ppo,reverse,state,multiplicative,2,1701632,0.0,1.5636111636483512,0.8036529889943034,0.0,-281.27772510458647,918
ppo__reverse__state__multiplicative__s2,ppo,reverse,state,multiplicative,2,1801728,0.0,1.5678063824135096,0.8337798750085452,0.0,-278.46601394809244,908
ppo__reverse__state__multiplicative__s2,ppo,reverse,state,multiplicative,2,1901824,0.0,1.567806148490511,0.8055044148485037,0.0,-296.41908985261693,932
ppo__reverse__state__multiplicative__s2,ppo,reverse,state,multiplicative,2,2001920,0.0,1.5808340167771668,0.78119889746851,0.0,-292.31029078226953,938
ppo__reverse__state__guided__s0,ppo,reverse,state,guided,0,100096,0.0,1.3357065798865813,0.7334742597226066,0.0,-585.3515542940972,1786
ppo__reverse__state__guided__s0,ppo,reverse,state,guided,0,200192,0.0,1.5985088815275492,0.36764811662549257,0.0,-606.8357135814207,1457
ppo__reverse__state__guided__s0,ppo,reverse,state,guided,0,300288,0.0,1.5406580830630359,0.9017258998583552,0.017009847806624886,-632.7196825419429,1117
ppo__reverse__state__guided__s0,ppo,reverse,state,guided,0,400384,0.0,1.3932405220769037,0.7078937428584997,0.02318840579710145,-610.7326778013762,1035
ppo__reverse__state__guided__s0,ppo,reverse,state,guided,0,500480,0.0,1.5150102228772195,0.5279762241066653,0.018471872376154493,-638.3870242486919,1191
ppo__reverse__state__guided__s0,ppo,reverse,state,guided,0,600576,0.0,1.5687314232070328,0.7293742067151493,0.02722177742193755,-636.7222518834973,1249
ppo__reverse__state__guided__s0,ppo,reverse,state,guided,0,700672,0.0,1.651944679892727,1.0521344614836077,0.021875,-683.5826786462746,960
ppo__reverse__state__guided__s0,ppo,reverse,state,guided,0,800768,0.0,1.6283250091430064,0.9371655063987924,0.014941302027748132,-662.4815084447346,937
ppo__reverse__state__guided__s0,ppo,reverse,state,guided,0,900864,0.0,1.5209305873698586,0.7069307963770649,0.0,-653.1678649461973,831
ppo__reverse__state__guided__s0,ppo,reverse,state,guided,0,1000960,0.0,1.7911001347445286,0.7062330034937797,0.0,-647.2434514537758,1319
ppo__reverse__state__guided__s0,ppo,reverse,state,guided,0,1101056,0.0,1.8051290546019456,0.7766950076845275,0.0,-651.0734631697636,1334
ppo__reverse__state__guided__s0,ppo,reverse,state,guided,0,1201152,0.0,1.89483315885043,0.5108893744336582,0.0,-653.2262344390138,1294
ppo__reverse__state__guided__s0,ppo,reverse,state,guided,0,1301248,0.009099181073703366,2.1104363480184576,0.24228794192107186,0.0,-681.1939285329787,1099
ppo__reverse__state__guided__s0,ppo,reverse,state,guided,0,1401344,0.11608623548922056,2.346678394118992,0.15403034141407676,0.0,-748.2835997540908,603
ppo__reverse__state__guided__s0,ppo,reverse,state,guided,0,1501440,0.9108527131782945,1.7727558291583838,0.16731303754125454,0.0,-167.08591839480482,516
ppo__reverse__state__guided__s0,ppo,reverse,state,guided,0,1601536,0.8606870229007634,1.1490800582504057,0.1217429946738345,0.0,-63.853124493837576,524
ppo__reverse__state__guided__s0,ppo,reverse,state,guided,0,1701632,0.9226305609284333,1.1083316528820693,0.12809989374757852,0.0,-65.64544608717706,517
ppo__reverse__state__guided__s0,ppo,reverse,state,guided,0,1801728,0.955078125,0.8695849462886184,0.13441363345555146,0.0,40.516194081584906,512
ppo__reverse__state__guided__s0,ppo,reverse,state,guided,0,1901824,0.9476744186046512,0.918797658362357,0.14425160427570574,0.0,7.611944660050958,516
ppo__reverse__state__guided__s0,ppo,reverse,state,guided,0,2001920,0.9766081871345029,1.034506046287547,0.1411880992142371,0.0,-47.627759047770994,513
ppo__reverse__state__guided__s1,ppo,reverse,state,guided,1,100096,0.0,1.1460857552202344,0.6956200060542252,0.0,-593.8488754580761,1878
ppo__reverse__state__guided__s1,ppo,reverse,state,guided,1,200192,0.0,1.6726501773158937,0.3079221537130633,0.0028551034975017845,-620.402040943621,1401
ppo__reverse__state__guided__s1,ppo,reverse,state,guided,1,300288,0.0,1.5400929280639424,1.1953909444128907,0.00587248322147651,-636.5556056136951,1192
ppo__reverse__state__guided__s1,ppo,reverse,state,guided,1,400384,0.0,1.3908228053588945,0.8756143085182704,0.022747156605424323,-622.7908898312095,1143
ppo__reverse__state__guided__s1,ppo,reverse,state,guided,1,500480,0.0,1.3364294446160545,0.6888327595786513,0.03551401869158879,-609.9272939790955,1070
ppo__reverse__state__guided__s1,ppo,reverse,state,guided,1,600576,0.0,1.260904979949027,0.9857698889195319,0.0292772186642269,-604.0717306816911,1093
ppo__reverse__state__guided__s1,ppo,reverse,state,guided,1,700672,0.0,1.4891482317154028,1.066308042911383,0.038974358974358976,-659.1043840582125,975
ppo__reverse__state__guided__s1,ppo,reverse,state,guided,1,800768,0.0,1.5503829960451818,1.088771573272438,0.02644466209598433,-683.632118935588,1021
ppo__reverse__state__guided__s1,ppo,reverse,state,guided,1,900864,0.0,1.711041536128458,0.9906894481612112,0.0,-663.3044790818631,998
ppo__reverse__state__guided__s1,ppo,reverse,state,guided,1,1000960,0.0,1.7347539306199011,0.7956261365374258,0.0,-653.1828857043297,1210
ppo__reverse__state__guided__s1,ppo,reverse,state,guided,1,1101056,0.0,1.6541951480727917,0.9014647410959545,0.0,-695.0759860056064,827
ppo__reverse__state__guided__s1,ppo,reverse,state,guided,1,1201152,0.0,1.6714319706150131,0.7999279244257798,0.0,-659.2418504276575,979
ppo__reverse__state__guided__s1,ppo,reverse,state,guided,1,1301248,0.0,1.6847412877103694,0.6942617279407545,0.0,-655.528806761913,973
ppo__reverse__state__guided__s1,ppo,reverse,state,guided,1,1401344,0.0,1.813323906854238,0.6881702464375778,0.0,-659.8698745462777,1197
ppo__reverse__state__guided__s1,ppo,reverse,state,guided,1,1501440,0.0027223230490018148,1.8914362369446092,0.5250671845734011,0.0,-671.2415181626593,1102
ppo__reverse__state__guided__s1,ppo,reverse,state,guided,1,1601536,0.0020470829068577278,1.953233235123335,0.4711730602057222,0.0,-693.0150997267017,977
ppo__reverse__state__guided__s1,ppo,reverse,state,guided,1,1701632,0.008009153318077803,2.0512306560474003,0.46005656242847986,0.0,-704.03695135983,874
ppo__reverse__state__guided__s1,ppo,reverse,state,guided,1,1801728,0.4294205052005943,1.8615751073626399,0.34560417757545325,0.0,-399.0095762468668,673
ppo__reverse__state__guided__s1,ppo,reverse,state,guided,1,1901824,0.5127388535031847,1.7674832526180708,0.28784720266273445,0.0,-355.3706360798883,628
ppo__reverse__state__guided__s1,ppo,reverse,state,guided,1,2001920,0.5253682487725041,1.633606907230306,0.28604116402993224,0.0,-345.2679171976272,611
ppo__reverse__state__guided__s2,ppo,reverse,state,guided,2,100096,0.0,1.6760800135537817,0.583233151920851,0.0,-610.2956385924618,1519
ppo__reverse__state__guided__s2,ppo,reverse,state,guided,2,200192,0.0,1.4707832339761469,1.1743746431930107,0.006420545746388443,-626.3578072429325,1246
ppo__reverse__state__guided__s2,ppo,reverse,state,guided,2,300288,0.0,1.725790929527296,1.1628451224053855,0.4823008849557522,-734.8925768663605,904
ppo__reverse__state__guided__s2,ppo,reverse,state,guided,2,400384,0.0,1.4691080639068301,0.6206180451329423,0.02292768959435626,-604.1910143145398,1134
ppo__reverse__state__guided__s2,ppo,reverse,state,guided,2,500480,0.0,1.4376220234621917,0.6925083405115235,0.025528169014084508,-615.4070784269388,1136
ppo__reverse__state__guided__s2,ppo,reverse,state,guided,2,600576,0.0,1.4803173151455578,0.725544854729522,0.02235597592433362,-604.5028064236528,1163
ppo__reverse__state__guided__s2,ppo,reverse,state,guided,2,700672,0.0,1.586504543500224,0.4861998394596145,0.013479359730412805,-656.4384664479488,1187
ppo__reverse__state__guided__s2,ppo,reverse,state,guided,2,800768,0.0,1.489269630536423,0.5461704943557175,0.0020408163265306124,-612.092592179225,980
ppo__reverse__state__guided__s2,ppo,reverse,state,guided,2,900864,0.0,1.548901975857655,0.4722184911631091,0.0,-652.3111338954842,857
ppo__reverse__state__guided__s2,ppo,reverse,state,guided,2,1000960,0.0010416666666666667,1.7135099348225813,0.4397173897208025,0.0,-654.067634351266,960
ppo__reverse__state__guided__s2,ppo,reverse,state,guided,2,1101056,0.0,1.8417700207983445,0.34870894832612964,0.0,-654.9880775289038,1268
ppo__reverse__state__guided__s2,ppo,reverse,state,guided,2,1201152,0.001996007984031936,1.856054190843142,0.3421207903150075,0.0,-675.8318610926204,1002
ppo__reverse__state__guided__s2,ppo,reverse,state,guided,2,1301248,0.006342494714587738,2.062319578431932,0.19567508112647064,0.0,-698.4361847292508,946
ppo__reverse__state__guided__s2,ppo,reverse,state,guided,2,1401344,0.005470459518599562,2.113836905934529,0.20160117726243168,0.0,-706.3565577668744,914
ppo__reverse__state__guided__s2,ppo,reverse,state,guided,2,1501440,0.006377551020408163,1.9448838096481873,0.2320918055650379,0.0,-704.7026651385892,784
ppo__reverse__state__guided__s2,ppo,reverse,state,guided,2,1601536,0.030973451327433628,2.1533318023679,0.16668875897330696,0.0,-752.4130986836276,678
ppo__reverse__state__guided__s2,ppo,reverse,state,guided,2,1701632,0.6104129263913824,1.7972975921770895,0.1323261748283727,0.0,-329.1741594036179,557
ppo__reverse__state__guided__s2,ppo,reverse,state,guided,2,1801728,0.5719424460431655,1.5167457631917953,0.14523407830287227,0.0,-309.3626845872841,556
ppo__reverse__state__guided__s2,ppo,reverse,state,guided,2,1901824,0.9262135922330097,1.1638331092197634,0.13616343570999728,0.0,-97.2280507703795,515
ppo__reverse__state__guided__s2,ppo,reverse,state,guided,2,2001920,0.939453125,1.3645817565064653,0.1667146244290052,0.0,-113.75986205922646,512
ppo_disc__reverse__state__dense__s0,ppo_disc,reverse,state,dense,0,100096,0.0,1.1973008002278838,0.9283151061542484,0.004184934236747709,-536.4348510283427,5018
ppo_disc__reverse__state__dense__s0,ppo_disc,reverse,state,dense,0,200192,0.0,0.7298595573800033,0.9468752485392941,0.0,-491.58581184422457,2715
ppo_disc__reverse__state__dense__s0,ppo_disc,reverse,state,dense,0,300288,0.0,0.983797818653739,0.8717071390530198,0.0,-581.6746852582042,3404
ppo_disc__reverse__state__dense__s0,ppo_disc,reverse,state,dense,0,400384,0.0,0.7271485436615943,0.916022143061399,0.0,-561.4574802679252,3026
ppo_disc__reverse__state__dense__s0,ppo_disc,reverse,state,dense,0,500480,0.0,1.0112848580656235,0.9278737783301241,0.0,-522.6215616183565,4786
ppo_disc__reverse__state__dense__s0,ppo_disc,reverse,state,dense,0,600576,0.0,0.6921799614977237,0.9152576661075383,0.0,-592.7059096752408,2761
ppo_disc__reverse__state__dense__s0,ppo_disc,reverse,state,dense,0,700672,0.0,0.9062818389301016,0.9432678521856036,0.00986971969996052,-652.1445853286876,2533
ppo_disc__reverse__state__dense__s0,ppo_disc,reverse,state,dense,0,800768,0.0,1.2628886017845629,0.7743147225430117,0.006070416835289356,-743.0015216719763,2471
ppo_disc__reverse__state__dense__s0,ppo_disc,reverse,state,dense,0,900864,0.0,0.9020324191753479,0.8565881680574872,0.0,-621.9025126327767,2893
ppo_disc__reverse__state__dense__s0,ppo_disc,reverse,state,dense,0,1000960,0.0,1.3760126960509302,0.9934878248987826,0.01168770453482936,-936.066088419996,2139
ppo_disc__reverse__state__dense__s0,ppo_disc,reverse,state,dense,0,1101056,0.0,0.9555465705026949,0.9155648881299595,0.0014347202295552368,-578.9998877771026,3485
ppo_disc__reverse__state__dense__s0,ppo_disc,reverse,state,dense,0,1201152,0.42735042735042733,1.4262471277948612,0.3572945274131378,0.01566951566951567,-134.93957456875893,702
ppo_disc__reverse__state__dense__s0,ppo_disc,reverse,state,dense,0,1301248,0.0,0.9392000163190721,0.8972604993307689,0.025761772853185594,-589.1509256442267,3610
ppo_disc__reverse__state__dense__s0,ppo_disc,reverse,state,dense,0,1401344,0.0,0.9612518790255746,0.8560343752215797,0.022539857064321055,-571.9666515484956,3638
ppo_disc__reverse__state__dense__s0,ppo_disc,reverse,state,dense,0,1501440,0.0,0.9284985635314241,0.8822911526654592,0.05109751709247931,-610.2558215811202,2779
ppo_disc__reverse__state__dense__s0,ppo_disc,reverse,state,dense,0,1601536,0.0,1.5085263653623915,0.6212637583229663,0.021214642262895173,-616.3724587343828,2404
ppo_disc__reverse__state__dense__s0,ppo_disc,reverse,state,dense,0,1701632,0.0,1.5679480374220842,1.0167233444168866,0.022988505747126436,-659.6100844681819,1653
ppo_disc__reverse__state__dense__s0,ppo_disc,reverse,state,dense,0,1801728,0.0,1.0778846147859873,0.8259913721656263,0.012678288431061807,-570.9041910392816,1893
ppo_disc__reverse__state__dense__s0,ppo_disc,reverse,state,dense,0,1901824,0.0,1.2355382935633352,0.9448888463936256,0.009868421052631578,-533.9443556316007,1520
ppo_disc__reverse__state__dense__s0,ppo_disc,reverse,state,dense,0,2001920,0.0,1.2040301983800201,0.9667307747984115,0.0006377551020408163,-516.6933324278436,1568
ppo_disc__reverse__state__dense__s1,ppo_disc,reverse,state,dense,1,100096,0.0,1.128056773885079,0.9035168022454897,0.0009171507184347294,-569.3721677580678,3271
ppo_disc__reverse__state__dense__s1,ppo_disc,reverse,state,dense,1,200192,0.0,0.9076792814667857,0.9296418012345057,0.0,-529.4993424530466,4226
ppo_disc__reverse__state__dense__s1,ppo_disc,reverse,state,dense,1,300288,0.0,0.9473783559977215,0.92953263425396,0.0,-535.5908769306502,4038
ppo_disc__reverse__state__dense__s1,ppo_disc,reverse,state,dense,1,400384,0.0,0.8033418064135113,1.0197484400352443,0.004257332071901609,-515.5539153720124,2114
ppo_disc__reverse__state__dense__s1,ppo_disc,reverse,state,dense,1,500480,0.0,0.6906582250374784,0.907486154650641,0.0,-574.2611151387928,3335
ppo_disc__reverse__state__dense__s1,ppo_disc,reverse,state,dense,1,600576,0.0,0.9092991916570616,0.9641129855348283,0.0,-527.3184824502308,4641
ppo_disc__reverse__state__dense__s1,ppo_disc,reverse,state,dense,1,700672,0.0,1.0088960393195263,1.00354311574336,0.009342156481121059,-678.787417650774,2569
ppo_disc__reverse__state__dense__s1,ppo_disc,reverse,state,dense,1,800768,0.0,1.0156879285673688,0.927434282802296,0.023853211009174313,-529.473637824144,1635
ppo_disc__reverse__state__dense__s1,ppo_disc,reverse,state,dense,1,900864,0.0,1.49123950021659,0.7238696132941477,0.0,-665.2421014185493,2459
ppo_disc__reverse__state__dense__s1,ppo_disc,reverse,state,dense,1,1000960,0.0,1.0944753843637416,0.9763308871038181,0.042268041237113405,-569.3231094658987,1940
ppo_disc__reverse__state__dense__s1,ppo_disc,reverse,state,dense,1,1101056,0.0,1.0001205469544785,0.9895688890988399,0.002834868887313962,-481.2497220107546,1411
ppo_disc__reverse__state__dense__s1,ppo_disc,reverse,state,dense,1,1201152,0.0,1.2303680962899348,0.856277027059708,0.0016877637130801688,-552.6420167468425,1185
ppo_disc__reverse__state__dense__s1,ppo_disc,reverse,state,dense,1,1301248,0.0,1.0326040701110277,1.007123999020059,0.0,-540.8045833704554,1369
ppo_disc__reverse__state__dense__s1,ppo_disc,reverse,state,dense,1,1401344,0.4002607561929596,1.1497698379918548,0.5335992014781127,0.01564537157757497,-89.85541200907079,767
ppo_disc__reverse__state__dense__s1,ppo_disc,reverse,state,dense,1,1501440,0.0,1.4097122304166239,1.0565348833645742,0.002577319587628866,-631.4249089611154,1552
ppo_disc__reverse__state__dense__s1,ppo_disc,reverse,state,dense,1,1601536,0.0,1.4391167750959422,1.0764568700672013,0.0,-585.9824991266629,1168
ppo_disc__reverse__state__dense__s1,ppo_disc,reverse,state,dense,1,1701632,0.0,1.705716900109369,1.1487465675028277,0.5160965794768612,-654.6551447584019,994
ppo_disc__reverse__state__dense__s1,ppo_disc,reverse,state,dense,1,1801728,0.0,1.5729254787712603,0.9384897187951161,0.002461033634126333,-589.1564545052703,1219
ppo_disc__reverse__state__dense__s1,ppo_disc,reverse,state,dense,1,1901824,0.0,1.7660898142443509,0.942098181553203,0.038803556992724336,-603.1587722440361,1237
ppo_disc__reverse__state__dense__s1,ppo_disc,reverse,state,dense,1,2001920,0.0,1.8306751794106064,0.9433318497118683,0.028694404591104734,-620.1771560853913,1394
ppo_disc__reverse__state__dense__s2,ppo_disc,reverse,state,dense,2,100096,0.3871359223300971,0.6266374748395526,0.6088982556485435,0.0,-43.33461218311517,824
ppo_disc__reverse__state__dense__s2,ppo_disc,reverse,state,dense,2,200192,0.3615127919911012,0.5593419179923897,0.6274248845585196,0.0,-75.11266251695207,899
ppo_disc__reverse__state__dense__s2,ppo_disc,reverse,state,dense,2,300288,0.4427083333333333,0.5274694665605718,0.5542904269726326,0.0,39.06322029092371,768
ppo_disc__reverse__state__dense__s2,ppo_disc,reverse,state,dense,2,400384,0.0,0.4913093111029569,0.9446949028977224,0.0,-529.6410977904686,2834
ppo_disc__reverse__state__dense__s2,ppo_disc,reverse,state,dense,2,500480,0.36492890995260663,0.7642064446277912,0.6435401523000256,0.0,-78.94842473729545,844
ppo_disc__reverse__state__dense__s2,ppo_disc,reverse,state,dense,2,600576,0.0,0.7846694500285946,0.9471707285575706,0.0,-535.2974000720872,4026
ppo_disc__reverse__state__dense__s2,ppo_disc,reverse,state,dense,2,700672,0.0,0.938522025284809,0.9364199733909438,0.0014705882352941176,-579.2715033465184,3400
ppo_disc__reverse__state__dense__s2,ppo_disc,reverse,state,dense,2,800768,0.0,1.1823753551268796,1.0484460814341876,0.005731922398589065,-633.0686697531637,2268
ppo_disc__reverse__state__dense__s2,ppo_disc,reverse,state,dense,2,900864,0.0,1.4000299137875376,0.768804395105886,0.027391487568478718,-570.0574391912444,2373
ppo_disc__reverse__state__dense__s2,ppo_disc,reverse,state,dense,2,1000960,0.0,1.4175986687738698,0.8127623739374588,0.023604176123467997,-576.4238631865974,2203
ppo_disc__reverse__state__dense__s2,ppo_disc,reverse,state,dense,2,1101056,0.0,1.2444500286279705,0.9022496035934364,0.013990267639902677,-548.2126862288776,1644
ppo_disc__reverse__state__dense__s2,ppo_disc,reverse,state,dense,2,1201152,0.0,1.6408695912486815,0.6930377941092921,0.046787273861509666,-657.2368169431398,1603
ppo_disc__reverse__state__dense__s2,ppo_disc,reverse,state,dense,2,1301248,0.0,1.2172691953791734,0.8897113380887214,0.0290519877675841,-533.4888776586316,1962
ppo_disc__reverse__state__dense__s2,ppo_disc,reverse,state,dense,2,1401344,0.0,1.6233793173159705,1.0492250002020007,0.015384615384615385,-600.7746505435364,1820
ppo_disc__reverse__state__dense__s2,ppo_disc,reverse,state,dense,2,1501440,0.0,1.532896032424797,0.8667361792066559,0.002540220152413209,-596.0296243128028,1181
ppo_disc__reverse__state__dense__s2,ppo_disc,reverse,state,dense,2,1601536,0.0,1.6068882464089984,1.0464720846743,0.00816326530612245,-686.9393898230578,980
ppo_disc__reverse__state__dense__s2,ppo_disc,reverse,state,dense,2,1701632,0.0,1.7431813106603058,1.0271444710461037,0.012142237640936688,-680.5969419255796,1153
ppo_disc__reverse__state__dense__s2,ppo_disc,reverse,state,dense,2,1801728,0.0,1.8497784553819308,1.1224049990037765,0.013961605584642234,-738.0722433120835,1146
ppo_disc__reverse__state__dense__s2,ppo_disc,reverse,state,dense,2,1901824,0.0,1.976967979237361,0.9004379400762461,0.0,-631.6095939169534,1180
ppo_disc__reverse__state__dense__s2,ppo_disc,reverse,state,dense,2,2001920,0.0,2.0167884360667108,0.7497154280962731,0.0,-610.2967246097559,1208
ppo_disc__reverse__state__no_hitch__s0,ppo_disc,reverse,state,no_hitch,0,100096,0.0,1.2041985391969214,0.9258691262147708,0.003807615230460922,-531.8826692006253,4990
ppo_disc__reverse__state__no_hitch__s0,ppo_disc,reverse,state,no_hitch,0,200192,0.0,0.7628710497104918,0.9460378978079923,0.0,-485.3102035117739,2723
ppo_disc__reverse__state__no_hitch__s0,ppo_disc,reverse,state,no_hitch,0,300288,0.0,0.9766219765997222,0.872547085486931,0.0,-571.7487907477484,3374
ppo_disc__reverse__state__no_hitch__s0,ppo_disc,reverse,state,no_hitch,0,400384,0.0,0.7259356561052746,0.915662622153759,0.0,-552.5493695899313,3000
ppo_disc__reverse__state__no_hitch__s0,ppo_disc,reverse,state,no_hitch,0,500480,0.0,1.0203802981860066,0.9243690650586066,0.0,-515.299516671386,4828
ppo_disc__reverse__state__no_hitch__s0,ppo_disc,reverse,state,no_hitch,0,600576,0.0,1.1326509777473361,1.033570158229361,0.017939282428702852,-652.442779688363,2174
ppo_disc__reverse__state__no_hitch__s0,ppo_disc,reverse,state,no_hitch,0,700672,0.0,1.3917855939964914,0.9765350699424744,0.003278688524590164,-794.9257083111162,2440
ppo_disc__reverse__state__no_hitch__s0,ppo_disc,reverse,state,no_hitch,0,800768,0.0,1.4160571561135935,0.7078739735401397,0.01539708265802269,-715.9004012190107,2468
ppo_disc__reverse__state__no_hitch__s0,ppo_disc,reverse,state,no_hitch,0,900864,0.0,1.5889501436174285,0.6091679841530899,0.005431830526887561,-760.0274947146332,1841
ppo_disc__reverse__state__no_hitch__s0,ppo_disc,reverse,state,no_hitch,0,1000960,0.0,1.6971667201697622,0.6911204609557304,0.0008714596949891067,-645.9452088100428,2295
ppo_disc__reverse__state__no_hitch__s0,ppo_disc,reverse,state,no_hitch,0,1101056,0.0,1.6046751839832747,0.7304124396499946,0.0017660044150110375,-633.2544481418017,2265
ppo_disc__reverse__state__no_hitch__s0,ppo_disc,reverse,state,no_hitch,0,1201152,0.0,1.6053818436205363,0.7072553460717429,0.05041480536056158,-605.7410554701622,1567
ppo_disc__reverse__state__no_hitch__s0,ppo_disc,reverse,state,no_hitch,0,1301248,0.0,1.584939857568591,1.0015514054706733,0.03750884642604388,-529.6278287258584,1413
ppo_disc__reverse__state__no_hitch__s0,ppo_disc,reverse,state,no_hitch,0,1401344,0.0,1.5373885976084454,0.9180509545244299,0.03682057276446522,-587.5135043318768,1711
ppo_disc__reverse__state__no_hitch__s0,ppo_disc,reverse,state,no_hitch,0,1501440,0.0,1.2434348401233788,1.0268787782412188,0.013179571663920923,-548.0705830780489,1821
ppo_disc__reverse__state__no_hitch__s0,ppo_disc,reverse,state,no_hitch,0,1601536,0.0,1.4538249608346268,0.7709604278759981,0.019988577955454025,-617.4684465070279,1751
ppo_disc__reverse__state__no_hitch__s0,ppo_disc,reverse,state,no_hitch,0,1701632,0.0,1.6861501016334808,0.7320528408975312,0.022424242424242423,-626.228160734417,1650
ppo_disc__reverse__state__no_hitch__s0,ppo_disc,reverse,state,no_hitch,0,1801728,0.0,1.679085491078535,0.6784796988608233,0.020298507462686566,-604.5477989340101,1675
ppo_disc__reverse__state__no_hitch__s0,ppo_disc,reverse,state,no_hitch,0,1901824,0.0,1.5549778316008471,0.8047754825460813,0.0,-600.5507981887181,1468
ppo_disc__reverse__state__no_hitch__s0,ppo_disc,reverse,state,no_hitch,0,2001920,0.0,1.5811918735699886,0.7800372263112391,0.0,-554.0259567562459,1255
ppo_disc__reverse__state__no_hitch__s1,ppo_disc,reverse,state,no_hitch,1,100096,0.0,1.1063917430723205,0.9026124131430725,0.001841620626151013,-557.3420865036805,3258
ppo_disc__reverse__state__no_hitch__s1,ppo_disc,reverse,state,no_hitch,1,200192,0.0,0.9080480834408549,0.9289406296166486,0.0,-521.7750543273603,4212
ppo_disc__reverse__state__no_hitch__s1,ppo_disc,reverse,state,no_hitch,1,300288,0.0,0.9520974156038933,0.9279217759228033,0.0,-528.0024112885552,4083
ppo_disc__reverse__state__no_hitch__s1,ppo_disc,reverse,state,no_hitch,1,400384,0.0,0.801457598975307,1.0212740550576922,0.002321262766945218,-499.0739263083116,2154
ppo_disc__reverse__state__no_hitch__s1,ppo_disc,reverse,state,no_hitch,1,500480,0.0,0.6900941087371893,0.908036556248934,0.0,-562.7958882369663,3313
ppo_disc__reverse__state__no_hitch__s1,ppo_disc,reverse,state,no_hitch,1,600576,0.0,0.9066643753698442,0.9653839551426213,0.0,-518.9658984166963,4640
ppo_disc__reverse__state__no_hitch__s1,ppo_disc,reverse,state,no_hitch,1,700672,0.0,0.951512528320431,0.8624236300817993,0.0,-537.3683127153804,4205
ppo_disc__reverse__state__no_hitch__s1,ppo_disc,reverse,state,no_hitch,1,800768,0.0,1.6976331035501797,1.1064846946895994,0.5131578947368421,-679.8981709298964,1368
ppo_disc__reverse__state__no_hitch__s1,ppo_disc,reverse,state,no_hitch,1,900864,0.0,1.382260418279513,1.083182877230309,0.004688546550569324,-676.1147299253868,1493
ppo_disc__reverse__state__no_hitch__s1,ppo_disc,reverse,state,no_hitch,1,1000960,0.0,1.3024573509749124,0.8727336622336331,0.009287925696594427,-601.7323404382381,1292
ppo_disc__reverse__state__no_hitch__s1,ppo_disc,reverse,state,no_hitch,1,1101056,0.0,1.2854746279929115,1.0716408352057138,0.006666666666666667,-568.8931750112924,1350
ppo_disc__reverse__state__no_hitch__s1,ppo_disc,reverse,state,no_hitch,1,1201152,0.0,1.3622151811105954,1.0936717220045478,0.016556291390728478,-524.9255532636369,1208
ppo_disc__reverse__state__no_hitch__s1,ppo_disc,reverse,state,no_hitch,1,1301248,0.0,1.6227080540144945,0.9769368318210948,0.014545454545454545,-645.9560249894316,1375
ppo_disc__reverse__state__no_hitch__s1,ppo_disc,reverse,state,no_hitch,1,1401344,0.0,1.5235229756028126,0.9913672702256329,0.01903807615230461,-579.2126841864549,998
ppo_disc__reverse__state__no_hitch__s1,ppo_disc,reverse,state,no_hitch,1,1501440,0.0,1.6527111491649666,1.0627434616447777,0.022939068100358423,-637.9571238760759,1395
ppo_disc__reverse__state__no_hitch__s1,ppo_disc,reverse,state,no_hitch,1,1601536,0.0,1.6903907231143964,0.9127544613241406,0.016632016632016633,-623.0730641200588,1443
ppo_disc__reverse__state__no_hitch__s1,ppo_disc,reverse,state,no_hitch,1,1701632,0.0,1.3733961805041381,1.1850582849787716,0.0030627871362940277,-541.0556597623143,1306
ppo_disc__reverse__state__no_hitch__s1,ppo_disc,reverse,state,no_hitch,1,1801728,0.0,1.5569713263368006,1.2674162407354874,0.04,-522.8375506427691,825
ppo_disc__reverse__state__no_hitch__s1,ppo_disc,reverse,state,no_hitch,1,1901824,0.42677824267782427,1.6398343823483854,0.5203484142903171,0.011157601115760111,-90.96260814947635,717
ppo_disc__reverse__state__no_hitch__s1,ppo_disc,reverse,state,no_hitch,1,2001920,0.0028735632183908046,1.9652184837706586,1.1882696184276165,0.5977011494252874,-582.1989728279345,696
ppo_disc__reverse__state__no_hitch__s2,ppo_disc,reverse,state,no_hitch,2,100096,0.3883720930232558,0.6284293399879156,0.609039309412934,0.0,-35.027696023195666,860
ppo_disc__reverse__state__no_hitch__s2,ppo_disc,reverse,state,no_hitch,2,200192,0.4166666666666667,0.4729811261190615,0.5684596960033689,0.0,7.677984300801567,840
ppo_disc__reverse__state__no_hitch__s2,ppo_disc,reverse,state,no_hitch,2,300288,0.3620689655172414,0.5619622679672114,0.631788618331668,0.0,-56.2076770826482,870
ppo_disc__reverse__state__no_hitch__s2,ppo_disc,reverse,state,no_hitch,2,400384,0.0,0.49994928960258467,0.9450193543314258,0.0,-520.2168874822381,2824
ppo_disc__reverse__state__no_hitch__s2,ppo_disc,reverse,state,no_hitch,2,500480,0.37259615384615385,0.7770058570736893,0.6397382101903741,0.0,-59.92269719070408,832
ppo_disc__reverse__state__no_hitch__s2,ppo_disc,reverse,state,no_hitch,2,600576,0.0,0.7951270063682294,0.9377656866324771,0.0,-520.5420890434539,4116
ppo_disc__reverse__state__no_hitch__s2,ppo_disc,reverse,state,no_hitch,2,700672,0.42818791946308726,1.0831856337120325,0.5182277096951093,0.05503355704697987,-19.780239722528396,745
ppo_disc__reverse__state__no_hitch__s2,ppo_disc,reverse,state,no_hitch,2,800768,0.41153342070773263,1.162607344035538,0.3761403754373053,0.001310615989515072,-83.87623844173649,763
ppo_disc__reverse__state__no_hitch__s2,ppo_disc,reverse,state,no_hitch,2,900864,0.4289732770745429,1.2743226753036712,0.39380542114481815,0.005625879043600563,-70.07337669707574,711
ppo_disc__reverse__state__no_hitch__s2,ppo_disc,reverse,state,no_hitch,2,1000960,0.43916083916083914,1.2129683974240146,0.3972926757552407,0.022377622377622378,-23.793415285413676,715
ppo_disc__reverse__state__no_hitch__s2,ppo_disc,reverse,state,no_hitch,2,1101056,0.39738562091503266,1.0898766557021535,0.615593700588139,0.00784313725490196,-83.6644752714188,765
ppo_disc__reverse__state__no_hitch__s2,ppo_disc,reverse,state,no_hitch,2,1201152,0.3917525773195876,1.0672930997412005,0.6893216898837655,0.006443298969072165,-53.02647569818123,776
ppo_disc__reverse__state__no_hitch__s2,ppo_disc,reverse,state,no_hitch,2,1301248,0.0,1.6561867625822824,1.1293985465404448,0.49155313351498636,-613.0244127014689,1835
ppo_disc__reverse__state__no_hitch__s2,ppo_disc,reverse,state,no_hitch,2,1401344,0.0,1.1687669391311963,0.9185771002987151,0.02215018908698001,-524.5382442095693,1851
ppo_disc__reverse__state__no_hitch__s2,ppo_disc,reverse,state,no_hitch,2,1501440,0.0,1.2986972890842963,1.05695378004302,0.0416141235813367,-606.1672389223024,1586
ppo_disc__reverse__state__no_hitch__s2,ppo_disc,reverse,state,no_hitch,2,1601536,0.0,1.5006541496989247,1.188597379963179,0.013802622498274672,-581.5422956533782,1449
ppo_disc__reverse__state__no_hitch__s2,ppo_disc,reverse,state,no_hitch,2,1701632,0.0,1.2914515249315826,1.0451015630652511,0.052976515565264885,-531.2497155579224,1831
ppo_disc__reverse__state__no_hitch__s2,ppo_disc,reverse,state,no_hitch,2,1801728,0.0,1.5202530165121402,0.9583811232956444,0.01524390243902439,-672.3583932948501,1640
ppo_disc__reverse__state__no_hitch__s2,ppo_disc,reverse,state,no_hitch,2,1901824,0.0,1.3297717828714457,1.0254505156557017,0.011722272317403066,-576.9313075902198,1109
ppo_disc__reverse__state__no_hitch__s2,ppo_disc,reverse,state,no_hitch,2,2001920,0.0,1.6924894385685658,1.1760355477104403,0.021861777150916785,-708.4391100970486,1418
ppo_disc__reverse__state__multiplicative__s0,ppo_disc,reverse,state,multiplicative,0,100096,0.0,1.1940307878366236,0.9396935249360058,0.019198664440734557,-473.95116649677016,4792
ppo_disc__reverse__state__multiplicative__s0,ppo_disc,reverse,state,multiplicative,0,200192,0.0,1.0714412125529564,0.9830148854936195,0.03232222774738936,-469.7998937153016,4022
ppo_disc__reverse__state__multiplicative__s0,ppo_disc,reverse,state,multiplicative,0,300288,0.0,1.1191973577405558,0.8733123397259767,0.0,-462.8548348889738,4034
ppo_disc__reverse__state__multiplicative__s0,ppo_disc,reverse,state,multiplicative,0,400384,0.0,1.1284015621629453,0.8644104774063032,0.0,-463.5845952909582,3865
ppo_disc__reverse__state__multiplicative__s0,ppo_disc,reverse,state,multiplicative,0,500480,0.0,1.1627629000514998,0.902644668001903,0.0,-473.113880832238,4946
ppo_disc__reverse__state__multiplicative__s0,ppo_disc,reverse,state,multiplicative,0,600576,0.0,0.825945924753754,0.938204278125994,0.0020623872131992783,-470.95934107155466,3879
ppo_disc__reverse__state__multiplicative__s0,ppo_disc,reverse,state,multiplicative,0,700672,0.0,1.6738660894124056,0.7494191252451108,0.006202924235711121,-493.28921139836,2257
ppo_disc__reverse__state__multiplicative__s0,ppo_disc,reverse,state,multiplicative,0,800768,0.0,1.1918211287463947,0.748701664744764,0.026502602934216753,-438.9105067161191,2113
ppo_disc__reverse__state__multiplicative__s0,ppo_disc,reverse,state,multiplicative,0,900864,0.0,1.410495328187454,0.8668876151810236,0.010249839846252402,-417.9724071362537,1561
ppo_disc__reverse__state__multiplicative__s0,ppo_disc,reverse,state,multiplicative,0,1000960,0.0,1.1516471362739402,0.8315361130808518,0.019042123485285632,-408.5754855416169,1733
ppo_disc__reverse__state__multiplicative__s0,ppo_disc,reverse,state,multiplicative,0,1101056,0.0,1.1091424740900875,0.9547178549029899,0.020598006644518274,-377.013119380385,1505
ppo_disc__reverse__state__multiplicative__s0,ppo_disc,reverse,state,multiplicative,0,1201152,0.0,1.288280558850393,0.7944012071787899,0.027662517289073305,-416.9277140059616,1446
ppo_disc__reverse__state__multiplicative__s0,ppo_disc,reverse,state,multiplicative,0,1301248,0.0,1.377909232648492,0.7618654755136149,0.022010271460014674,-402.7303237202745,1363
ppo_disc__reverse__state__multiplicative__s0,ppo_disc,reverse,state,multiplicative,0,1401344,0.0,1.5559495783422785,0.7571487817740292,0.014705882352941176,-404.3718091707305,1292
ppo_disc__reverse__state__multiplicative__s0,ppo_disc,reverse,state,multiplicative,0,1501440,0.0,1.399229063089116,0.9815283851841321,0.0016025641025641025,-366.0293260811849,1248
ppo_disc__reverse__state__multiplicative__s0,ppo_disc,reverse,state,multiplicative,0,1601536,0.0,1.5942861928824767,0.8020266422727069,0.0,-375.46268566833834,1220
ppo_disc__reverse__state__multiplicative__s0,ppo_disc,reverse,state,multiplicative,0,1701632,0.0,1.5192309911054063,0.8361057569903713,0.0,-282.9686367306346,930
ppo_disc__reverse__state__multiplicative__s0,ppo_disc,reverse,state,multiplicative,0,1801728,0.0,1.6001081744738912,0.8374414227035937,0.0,-354.2634515222772,1143
ppo_disc__reverse__state__multiplicative__s0,ppo_disc,reverse,state,multiplicative,0,1901824,0.0,1.5356583699722064,0.7842032037115851,0.0,-310.57837410768417,1012
ppo_disc__reverse__state__multiplicative__s0,ppo_disc,reverse,state,multiplicative,0,2001920,0.0,1.721517162147649,0.8300241154672385,0.0,-362.7808017702963,1142
ppo_disc__reverse__state__multiplicative__s1,ppo_disc,reverse,state,multiplicative,1,100096,0.0,0.96673733832912,0.9025149907611553,0.0,-462.0867776381493,4052
ppo_disc__reverse__state__multiplicative__s1,ppo_disc,reverse,state,multiplicative,1,200192,0.0,1.1799034132690043,0.9511133387581276,0.0,-470.97996657272216,4749
ppo_disc__reverse__state__multiplicative__s1,ppo_disc,reverse,state,multiplicative,1,300288,0.0,1.1536184554763813,0.9519483605504772,0.0,-469.92427361835007,4699
ppo_disc__reverse__state__multiplicative__s1,ppo_disc,reverse,state,multiplicative,1,400384,0.0,1.2002293278750091,0.9498131708187215,0.0,-471.21724809843715,4760
ppo_disc__reverse__state__multiplicative__s1,ppo_disc,reverse,state,multiplicative,1,500480,0.0,1.190098704592054,0.9498711195166137,0.0,-470.9747474615965,4739
ppo_disc__reverse__state__multiplicative__s1,ppo_disc,reverse,state,multiplicative,1,600576,0.0,1.0758798146346154,0.9216309321374315,0.0,-469.3907761910807,4607
ppo_disc__reverse__state__multiplicative__s1,ppo_disc,reverse,state,multiplicative,1,700672,0.0,1.653065685271074,0.7981844838031765,0.000444247001332741,-476.93914395683635,2251
ppo_disc__reverse__state__multiplicative__s1,ppo_disc,reverse,state,multiplicative,1,800768,0.0,1.089567545980708,0.9207377298685164,0.007656967840735069,-380.03488682577085,1306
ppo_disc__reverse__state__multiplicative__s1,ppo_disc,reverse,state,multiplicative,1,900864,0.0,1.129306350759198,0.8804854986507719,0.021341463414634148,-396.59276813438515,1640
ppo_disc__reverse__state__multiplicative__s1,ppo_disc,reverse,state,multiplicative,1,1000960,0.0,1.4471142174237872,0.8825224399737437,0.07220630372492837,-446.1575964931017,1745
ppo_disc__reverse__state__multiplicative__s1,ppo_disc,reverse,state,multiplicative,1,1101056,0.0,1.424550923280427,0.7898728234771019,0.048177083333333336,-463.3617467853046,1536
ppo_disc__reverse__state__multiplicative__s1,ppo_disc,reverse,state,multiplicative,1,1201152,0.0,1.6769385912356576,0.7419427318032239,0.08513341804320203,-454.7552522284194,1574
ppo_disc__reverse__state__multiplicative__s1,ppo_disc,reverse,state,multiplicative,1,1301248,0.0,1.5339190408364018,0.8226752211735384,0.042868277474668745,-379.86485459342435,1283
ppo_disc__reverse__state__multiplicative__s1,ppo_disc,reverse,state,multiplicative,1,1401344,0.0,1.4783124570082276,0.9947159886790838,0.02384393063583815,-400.95834420273724,1384
ppo_disc__reverse__state__multiplicative__s1,ppo_disc,reverse,state,multiplicative,1,1501440,0.0,1.7774900638148485,0.9670837927290659,0.006743088334457181,-453.8786470825667,1483
ppo_disc__reverse__state__multiplicative__s1,ppo_disc,reverse,state,multiplicative,1,1601536,0.0,1.677711340580902,0.8937734316304787,0.016494845360824743,-433.04272375878867,1455
ppo_disc__reverse__state__multiplicative__s1,ppo_disc,reverse,state,multiplicative,1,1701632,0.0,1.6652358643950833,0.9535901954289151,0.01521164021164021,-441.31055653495184,1512
ppo_disc__reverse__state__multiplicative__s1,ppo_disc,reverse,state,multiplicative,1,1801728,0.0,1.709589245353921,0.8650663139277123,0.013930950938824955,-459.06905592598577,1651
ppo_disc__reverse__state__multiplicative__s1,ppo_disc,reverse,state,multiplicative,1,1901824,0.0,1.6620488683233763,0.9653813041621625,0.0007293946024799417,-417.6883651409979,1371
ppo_disc__reverse__state__multiplicative__s1,ppo_disc,reverse,state,multiplicative,1,2001920,0.0,1.5893418637878716,0.9686745218907372,0.0,-427.1644821964329,1475
ppo_disc__reverse__state__multiplicative__s2,ppo_disc,reverse,state,multiplicative,2,100096,0.0,0.44734958729107094,0.9566214878993583,0.0,-400.6994990263175,2206
ppo_disc__reverse__state__multiplicative__s2,ppo_disc,reverse,state,multiplicative,2,200192,0.0,0.49857583303030967,0.9344646950544667,0.0,-408.0683874233354,2192
ppo_disc__reverse__state__multiplicative__s2,ppo_disc,reverse,state,multiplicative,2,300288,0.43346007604562736,0.5214587214068911,0.5627654875488185,0.0,238.42906611787654,789
ppo_disc__reverse__state__multiplicative__s2,ppo_disc,reverse,state,multiplicative,2,400384,0.4295774647887324,0.3485596579222484,0.559323776285973,0.0,225.30726162247504,852
ppo_disc__reverse__state__multiplicative__s2,ppo_disc,reverse,state,multiplicative,2,500480,0.43523316062176165,0.8861602697224475,0.338979322443972,0.0,210.0715354984009,772
ppo_disc__reverse__state__multiplicative__s2,ppo_disc,reverse,state,multiplicative,2,600576,0.43351063829787234,0.9239957496666623,0.31946369522112483,0.0,216.4039535710224,752
ppo_disc__reverse__state__multiplicative__s2,ppo_disc,reverse,state,multiplicative,2,700672,0.0,1.3931548663488498,0.7054804372802377,0.0236,-496.75127368284865,2500
ppo_disc__reverse__state__multiplicative__s2,ppo_disc,reverse,state,multiplicative,2,800768,0.0,1.0144270289251305,0.9853334612798621,0.011235955056179775,-448.08929905889454,2047
ppo_disc__reverse__state__multiplicative__s2,ppo_disc,reverse,state,multiplicative,2,900864,0.0,1.0750323809487135,1.0302949562846195,0.016865079365079364,-439.8725668990043,2016
ppo_disc__reverse__state__multiplicative__s2,ppo_disc,reverse,state,multiplicative,2,1000960,0.0,1.371398762029326,1.1209233575623003,0.017057569296375266,-393.1527471694825,1407
ppo_disc__reverse__state__multiplicative__s2,ppo_disc,reverse,state,multiplicative,2,1101056,0.0,1.3873492330285224,0.8764007374712738,0.008422664624808576,-392.3656280599352,1306
ppo_disc__reverse__state__multiplicative__s2,ppo_disc,reverse,state,multiplicative,2,1201152,0.0,1.5936320743273844,0.8620311533685235,0.011177347242921014,-403.99498415315765,1342
ppo_disc__reverse__state__multiplicative__s2,ppo_disc,reverse,state,multiplicative,2,1301248,0.0,1.6709473951516192,1.2615906021693255,0.4760302775441548,-400.85452950489633,1189
ppo_disc__reverse__state__multiplicative__s2,ppo_disc,reverse,state,multiplicative,2,1401344,0.0,1.5090490760130288,1.0951838948660426,0.011111111111111112,-210.42074768211742,720
ppo_disc__reverse__state__multiplicative__s2,ppo_disc,reverse,state,multiplicative,2,1501440,0.0,1.6311587341471416,0.9416409086545849,0.02040816326530612,-279.9824561333495,882
ppo_disc__reverse__state__multiplicative__s2,ppo_disc,reverse,state,multiplicative,2,1601536,0.0,1.7977851325106855,1.0056338379088836,0.0189873417721519,-408.27520213919803,1264
ppo_disc__reverse__state__multiplicative__s2,ppo_disc,reverse,state,multiplicative,2,1701632,0.0,1.6385525628149067,1.0242264192634158,0.005555555555555556,-298.31527857065504,900
ppo_disc__reverse__state__multiplicative__s2,ppo_disc,reverse,state,multiplicative,2,1801728,0.0,1.7354147922550944,1.051301404162122,0.0,-391.7249682662253,1198
ppo_disc__reverse__state__multiplicative__s2,ppo_disc,reverse,state,multiplicative,2,1901824,0.0,1.836001564382632,1.279537783318777,0.0040192926045016075,-422.01602482202463,1244
ppo_disc__reverse__state__multiplicative__s2,ppo_disc,reverse,state,multiplicative,2,2001920,0.0,1.685582216700992,1.277246952363073,0.0,-383.0043805730542,1168
ppo_disc__reverse__state__guided__s0,ppo_disc,reverse,state,guided,0,100096,0.0,1.1779770372911806,0.9591113200220536,0.0,-587.8641084645773,5080
ppo_disc__reverse__state__guided__s0,ppo_disc,reverse,state,guided,0,200192,0.0,1.1532546725033017,0.9662202562564493,0.0,-586.5263017761494,4667
ppo_disc__reverse__state__guided__s0,ppo_disc,reverse,state,guided,0,300288,0.0,1.1127492789527742,0.9456124678567246,0.0,-584.33726522006,4521
ppo_disc__reverse__state__guided__s0,ppo_disc,reverse,state,guided,0,400384,0.0,1.138846455119879,0.96734042662244,0.0,-586.22354593593,4488
ppo_disc__reverse__state__guided__s0,ppo_disc,reverse,state,guided,0,500480,0.0,1.1421610517172454,0.9739242488633412,0.016455998092058194,-588.1980874887917,4193
ppo_disc__reverse__state__guided__s0,ppo_disc,reverse,state,guided,0,600576,0.0,1.1155789454277136,0.9731584295048811,0.0,-594.4795876440083,4304
ppo_disc__reverse__state__guided__s0,ppo_disc,reverse,state,guided,0,700672,0.0,1.2536913162126713,1.0442568136357713,0.003218390804597701,-619.4590814166497,2175
ppo_disc__reverse__state__guided__s0,ppo_disc,reverse,state,guided,0,800768,0.0,1.297229071392473,0.9694837088606502,0.006676204101096805,-635.2557778206607,2097
ppo_disc__reverse__state__guided__s0,ppo_disc,reverse,state,guided,0,900864,0.0,1.3310045527578827,0.7774239273976447,0.007171671896010758,-602.3267832456138,2231
ppo_disc__reverse__state__guided__s0,ppo_disc,reverse,state,guided,0,1000960,0.0,1.4611176975751807,0.9033499359672647,0.05036855036855037,-593.9315487659909,1628
ppo_disc__reverse__state__guided__s0,ppo_disc,reverse,state,guided,0,1101056,0.0,1.4828945088253829,0.6414215500680726,0.009144947416552356,-591.9640161403722,2187
ppo_disc__reverse__state__guided__s0,ppo_disc,reverse,state,guided,0,1201152,0.3894039735099338,1.4798268369808187,0.3493961737682389,0.1205298013245033,-321.1787214374538,755
ppo_disc__reverse__state__guided__s0,ppo_disc,reverse,state,guided,0,1301248,0.42479108635097496,1.370686634685883,0.25892007143384566,0.054317548746518104,-289.25655246554896,718
ppo_disc__reverse__state__guided__s0,ppo_disc,reverse,state,guided,0,1401344,0.4351464435146444,1.382690657368244,0.3793663643949991,0.1199442119944212,-284.3677406096165,717
ppo_disc__reverse__state__guided__s0,ppo_disc,reverse,state,guided,0,1501440,0.4212707182320442,1.4467517701349548,0.41810383923475253,0.1643646408839779,-303.56228889498203,724
ppo_disc__reverse__state__guided__s0,ppo_disc,reverse,state,guided,0,1601536,0.4297752808988764,1.3957045083418151,0.29610989088443723,0.06320224719101124,-289.16565164641065,712
ppo_disc__reverse__state__guided__s0,ppo_disc,reverse,state,guided,0,1701632,0.4202279202279202,1.459575767486704,0.26118388894064476,0.06552706552706553,-305.0400357888093,702
ppo_disc__reverse__state__guided__s0,ppo_disc,reverse,state,guided,0,1801728,0.44113263785394935,1.4759102785325868,0.3097761518775795,0.10134128166915052,-301.73475627671644,671
ppo_disc__reverse__state__guided__s0,ppo_disc,reverse,state,guided,0,1901824,0.44954128440366975,1.5567842169765975,0.2279263671704024,0.0,-316.50345442664127,654
ppo_disc__reverse__state__guided__s0,ppo_disc,reverse,state,guided,0,2001920,0.6159292035398231,1.81440425880782,0.13747836861396787,0.0,-335.799859882993,565
ppo_disc__reverse__state__guided__s1,ppo_disc,reverse,state,guided,1,100096,0.0,1.1430898417057902,0.9153572240618904,0.0,-572.9206107292306,4742
ppo_disc__reverse__state__guided__s1,ppo_disc,reverse,state,guided,1,200192,0.0,1.1472631882113027,0.9284329862371378,0.0,-573.7870076263499,4614
ppo_disc__reverse__state__guided__s1,ppo_disc,reverse,state,guided,1,300288,0.0,1.1241936899338987,0.9273544253221911,0.0,-573.4805142958854,4574
ppo_disc__reverse__state__guided__s1,ppo_disc,reverse,state,guided,1,400384,0.0,1.1019884049694384,0.944236534770376,0.0,-574.5316600752818,4128
ppo_disc__reverse__state__guided__s1,ppo_disc,reverse,state,guided,1,500480,0.0,1.0979142413844376,0.9170270300143187,0.0,-572.1657710834114,4322
ppo_disc__reverse__state__guided__s1,ppo_disc,reverse,state,guided,1,600576,0.0,1.0884057497631774,0.9396567526522975,0.0,-579.0123771752272,3956
ppo_disc__reverse__state__guided__s1,ppo_disc,reverse,state,guided,1,700672,0.0,1.0921157236108046,0.911342399399852,0.0,-578.0924166415,4043
ppo_disc__reverse__state__guided__s1,ppo_disc,reverse,state,guided,1,800768,0.0,1.0450732125668505,0.8135236280824737,0.0,-565.2253987348877,2982
ppo_disc__reverse__state__guided__s1,ppo_disc,reverse,state,guided,1,900864,0.42935528120713307,1.330462223783425,0.3610425307121593,0.04526748971193416,-277.4980786029654,729
ppo_disc__reverse__state__guided__s1,ppo_disc,reverse,state,guided,1,1000960,0.4556040756914119,1.3047604089256133,0.3715795101381003,0.043668122270742356,-266.1977138378826,687
ppo_disc__reverse__state__guided__s1,ppo_disc,reverse,state,guided,1,1101056,0.41350210970464135,1.4192829837539358,0.40992597890880256,0.11954992967651196,-307.78898102968714,711
ppo_disc__reverse__state__guided__s1,ppo_disc,reverse,state,guided,1,1201152,0.4221598877980365,1.396743675379847,0.4033287454325951,0.1388499298737728,-298.4798101618706,713
ppo_disc__reverse__state__guided__s1,ppo_disc,reverse,state,guided,1,1301248,0.3829787234042553,1.4624902996639688,0.4616834193151048,0.07047872340425532,-322.69333066263795,752
ppo_disc__reverse__state__guided__s1,ppo_disc,reverse,state,guided,1,1401344,0.4277699859747546,1.3749961264795014,0.3369017661892682,0.091164095371669,-289.2848362053856,713
ppo_disc__reverse__state__guided__s1,ppo_disc,reverse,state,guided,1,1501440,0.4520743919885551,1.336145956244175,0.3500728350031444,0.12446351931330472,-275.4503532283161,699
ppo_disc__reverse__state__guided__s1,ppo_disc,reverse,state,guided,1,1601536,0.42428571428571427,1.4397471803938242,0.2525836566250239,0.07714285714285714,-298.6338281912294,700
ppo_disc__reverse__state__guided__s1,ppo_disc,reverse,state,guided,1,1701632,0.40843023255813954,1.5165472793002914,0.3662389186102637,0.1119186046511628,-328.41679686333686,688
ppo_disc__reverse__state__guided__s1,ppo_disc,reverse,state,guided,1,1801728,0.45156482861400893,1.5355233435193711,0.421481703570454,0.14307004470938897,-302.23364878789255,671
ppo_disc__reverse__state__guided__s1,ppo_disc,reverse,state,guided,1,1901824,0.4490106544901065,1.6550145847777278,0.17167263303116487,0.0,-376.33165930775465,657
ppo_disc__reverse__state__guided__s1,ppo_disc,reverse,state,guided,1,2001920,0.4768,1.7753744138418144,0.153638138538599,0.0,-385.6288197157742,625
ppo_disc__reverse__state__guided__s2,ppo_disc,reverse,state,guided,2,100096,0.44528301886792454,1.1566611841535674,0.3446392945523532,0.0,-256.34805068933167,795
ppo_disc__reverse__state__guided__s2,ppo_disc,reverse,state,guided,2,200192,0.38694638694638694,0.98273891703409,0.5397948976475876,0.0,-280.80112836187806,858
ppo_disc__reverse__state__guided__s2,ppo_disc,reverse,state,guided,2,300288,0.4011494252873563,1.0092371764392147,0.5579203230896216,0.0,-272.985503101668,870
ppo_disc__reverse__state__guided__s2,ppo_disc,reverse,state,guided,2,400384,0.399098083427283,1.0537739027713875,0.5615555498215633,0.0,-273.6634630637007,887
ppo_disc__reverse__state__guided__s2,ppo_disc,reverse,state,guided,2,500480,0.394413407821229,1.0225433287132086,0.5634525319051477,0.0,-278.1092061585105,895
ppo_disc__reverse__state__guided__s2,ppo_disc,reverse,state,guided,2,600576,0.4233918128654971,1.0046836164927115,0.5222233650280022,0.0,-249.10835937469184,855
ppo_disc__reverse__state__guided__s2,ppo_disc,reverse,state,guided,2,700672,0.0,1.1208013195217665,0.8815758151869146,0.0,-561.9171563851678,3673
ppo_disc__reverse__state__guided__s2,ppo_disc,reverse,state,guided,2,800768,0.43741209563994377,1.3397875235714498,0.23837002947187752,0.004219409282700422,-278.36585798465796,711
ppo_disc__reverse__state__guided__s2,ppo_disc,reverse,state,guided,2,900864,0.4112676056338028,1.3568467341603851,0.47771532105258996,0.04225352112676056,-305.16306000887914,710
ppo_disc__reverse__state__guided__s2,ppo_disc,reverse,state,guided,2,1000960,0.4916286149162861,1.2971338804665826,0.19632681189466386,0.106544901065449,-249.5138699360939,657
ppo_disc__reverse__state__guided__s2,ppo_disc,reverse,state,guided,2,1101056,0.49107142857142855,1.3044104469936417,0.13515932285337753,0.07291666666666667,-241.6054240960361,672
ppo_disc__reverse__state__guided__s2,ppo_disc,reverse,state,guided,2,1201152,0.4384949348769899,1.443233931508784,0.1683649550095691,0.08827785817655572,-295.27301503563274,691
ppo_disc__reverse__state__guided__s2,ppo_disc,reverse,state,guided,2,1301248,0.5083969465648855,1.2381748840284397,0.056620333411638406,0.024427480916030534,-232.89839637468228,655
ppo_disc__reverse__state__guided__s2,ppo_disc,reverse,state,guided,2,1401344,0.5163297045101088,1.2820675268506336,0.05152440366181683,0.029548989113530325,-236.81152928941924,643
ppo_disc__reverse__state__guided__s2,ppo_disc,reverse,state,guided,2,1501440,0.45348837209302323,1.4451877805052675,0.05049720087777661,0.03197674418604651,-289.06616073647416,688
ppo_disc__reverse__state__guided__s2,ppo_disc,reverse,state,guided,2,1601536,0.4878419452887538,1.375076062177392,0.019862326239957546,0.010638297872340425,-263.1945912292289,658
ppo_disc__reverse__state__guided__s2,ppo_disc,reverse,state,guided,2,1701632,0.5029940119760479,1.319840476049229,0.03933281826502281,0.01347305389221557,-241.25678776804597,668
ppo_disc__reverse__state__guided__s2,ppo_disc,reverse,state,guided,2,1801728,0.49099099099099097,1.3248769739978916,0.10008456392385703,0.05855855855855856,-256.2186404979741,666
ppo_disc__reverse__state__guided__s2,ppo_disc,reverse,state,guided,2,1901824,0.4646017699115044,1.4674346304664112,0.09503727923847932,0.05457227138643068,-284.270643981051,678
ppo_disc__reverse__state__guided__s2,ppo_disc,reverse,state,guided,2,2001920,0.47717231222385864,1.3538195945583529,0.06802110669006962,0.030927835051546393,-259.4739405584817,679
